dataset,target_kind,task_type,policy,model,n_rows,n_features,labels,accuracy,balanced_accuracy,macro_f1,weighted_f1,macro_precision,weighted_precision,macro_recall,weighted_recall,ordinal_mae,quadratic_weighted_kappa,adjacent_accuracy,severe_error_rate,nll_log_loss,multiclass_brier,ece_confidence
hrdataset_v14,primary,ordinal_multiclass_performance,department_including,xgboost,311,18,2;3;4,0.8617363344051447,0.6566925348287355,0.6389426176660219,0.8169610371840651,0.6674878345498784,0.7930824160349239,0.6566925348287355,0.8617363344051447,0.1382636655948553,0.594499530003942,1.0,0.0,0.5504359698278619,0.2565929033529537,0.0920262289321284
hrdataset_v14,primary,ordinal_multiclass_performance,department_free,xgboost,311,17,2;3;4,0.8617363344051447,0.6566925348287355,0.6389426176660219,0.8169610371840651,0.6674878345498784,0.7930824160349239,0.6566925348287355,0.8617363344051447,0.1382636655948553,0.594499530003942,1.0,0.0,0.550790919971508,0.25652265127321133,0.0924541149217507
hrdataset_v14,primary,ordinal_multiclass_performance,department_job_role_free,xgboost,311,16,2;3;4,0.8553054662379421,0.6539490506037698,0.636818952352933,0.8134167781250478,0.648109243697479,0.7855082547488449,0.6539490506037698,0.8553054662379421,0.14469453376205788,0.5831968311641897,1.0,0.0,0.5534998690245261,0.2580674606649937,0.09335464045315577
