run_id,contract_sha256,scientific_input_sha256,formulation_id,repetition,system,ordered_labels_json,n_samples,true_label,predicted_label,count
phase3a_v3_20260907T141213Z_f6e6a0a,9a94052e8fc96ff0894c89cfe99eca898e1e0da5ed697c7fabac99e4fb22799b,76518cc8387a1f632b388e2e37f906879dcd73f32c6bc6a13443f15449e896bb,primary_three_class,1,majority_baseline,"[2,3,4]",311,2,2,0
phase3a_v3_20260907T141213Z_f6e6a0a,9a94052e8fc96ff0894c89cfe99eca898e1e0da5ed697c7fabac99e4fb22799b,76518cc8387a1f632b388e2e37f906879dcd73f32c6bc6a13443f15449e896bb,primary_three_class,1,majority_baseline,"[2,3,4]",311,2,3,31
phase3a_v3_20260907T141213Z_f6e6a0a,9a94052e8fc96ff0894c89cfe99eca898e1e0da5ed697c7fabac99e4fb22799b,76518cc8387a1f632b388e2e37f906879dcd73f32c6bc6a13443f15449e896bb,primary_three_class,1,majority_baseline,"[2,3,4]",311,2,4,0
phase3a_v3_20260907T141213Z_f6e6a0a,9a94052e8fc96ff0894c89cfe99eca898e1e0da5ed697c7fabac99e4fb22799b,76518cc8387a1f632b388e2e37f906879dcd73f32c6bc6a13443f15449e896bb,primary_three_class,1,majority_baseline,"[2,3,4]",311,3,2,0
phase3a_v3_20260907T141213Z_f6e6a0a,9a94052e8fc96ff0894c89cfe99eca898e1e0da5ed697c7fabac99e4fb22799b,76518cc8387a1f632b388e2e37f906879dcd73f32c6bc6a13443f15449e896bb,primary_three_class,1,majority_baseline,"[2,3,4]",311,3,3,243
phase3a_v3_20260907T141213Z_f6e6a0a,9a94052e8fc96ff0894c89cfe99eca898e1e0da5ed697c7fabac99e4fb22799b,76518cc8387a1f632b388e2e37f906879dcd73f32c6bc6a13443f15449e896bb,primary_three_class,1,majority_baseline,"[2,3,4]",311,3,4,0
phase3a_v3_20260907T141213Z_f6e6a0a,9a94052e8fc96ff0894c89cfe99eca898e1e0da5ed697c7fabac99e4fb22799b,76518cc8387a1f632b388e2e37f906879dcd73f32c6bc6a13443f15449e896bb,primary_three_class,1,majority_baseline,"[2,3,4]",311,4,2,0
phase3a_v3_20260907T141213Z_f6e6a0a,9a94052e8fc96ff0894c89cfe99eca898e1e0da5ed697c7fabac99e4fb22799b,76518cc8387a1f632b388e2e37f906879dcd73f32c6bc6a13443f15449e896bb,primary_three_class,1,majority_baseline,"[2,3,4]",311,4,3,37
phase3a_v3_20260907T141213Z_f6e6a0a,9a94052e8fc96ff0894c89cfe99eca898e1e0da5ed697c7fabac99e4fb22799b,76518cc8387a1f632b388e2e37f906879dcd73f32c6bc6a13443f15449e896bb,primary_three_class,1,majority_baseline,"[2,3,4]",311,4,4,0
phase3a_v3_20260907T141213Z_f6e6a0a,9a94052e8fc96ff0894c89cfe99eca898e1e0da5ed697c7fabac99e4fb22799b,76518cc8387a1f632b388e2e37f906879dcd73f32c6bc6a13443f15449e896bb,primary_three_class,1,ordinal_median_baseline,"[2,3,4]",311,2,2,0
phase3a_v3_20260907T141213Z_f6e6a0a,9a94052e8fc96ff0894c89cfe99eca898e1e0da5ed697c7fabac99e4fb22799b,76518cc8387a1f632b388e2e37f906879dcd73f32c6bc6a13443f15449e896bb,primary_three_class,1,ordinal_median_baseline,"[2,3,4]",311,2,3,31
phase3a_v3_20260907T141213Z_f6e6a0a,9a94052e8fc96ff0894c89cfe99eca898e1e0da5ed697c7fabac99e4fb22799b,76518cc8387a1f632b388e2e37f906879dcd73f32c6bc6a13443f15449e896bb,primary_three_class,1,ordinal_median_baseline,"[2,3,4]",311,2,4,0
phase3a_v3_20260907T141213Z_f6e6a0a,9a94052e8fc96ff0894c89cfe99eca898e1e0da5ed697c7fabac99e4fb22799b,76518cc8387a1f632b388e2e37f906879dcd73f32c6bc6a13443f15449e896bb,primary_three_class,1,ordinal_median_baseline,"[2,3,4]",311,3,2,0
phase3a_v3_20260907T141213Z_f6e6a0a,9a94052e8fc96ff0894c89cfe99eca898e1e0da5ed697c7fabac99e4fb22799b,76518cc8387a1f632b388e2e37f906879dcd73f32c6bc6a13443f15449e896bb,primary_three_class,1,ordinal_median_baseline,"[2,3,4]",311,3,3,243
phase3a_v3_20260907T141213Z_f6e6a0a,9a94052e8fc96ff0894c89cfe99eca898e1e0da5ed697c7fabac99e4fb22799b,76518cc8387a1f632b388e2e37f906879dcd73f32c6bc6a13443f15449e896bb,primary_three_class,1,ordinal_median_baseline,"[2,3,4]",311,3,4,0
phase3a_v3_20260907T141213Z_f6e6a0a,9a94052e8fc96ff0894c89cfe99eca898e1e0da5ed697c7fabac99e4fb22799b,76518cc8387a1f632b388e2e37f906879dcd73f32c6bc6a13443f15449e896bb,primary_three_class,1,ordinal_median_baseline,"[2,3,4]",311,4,2,0
phase3a_v3_20260907T141213Z_f6e6a0a,9a94052e8fc96ff0894c89cfe99eca898e1e0da5ed697c7fabac99e4fb22799b,76518cc8387a1f632b388e2e37f906879dcd73f32c6bc6a13443f15449e896bb,primary_three_class,1,ordinal_median_baseline,"[2,3,4]",311,4,3,37
phase3a_v3_20260907T141213Z_f6e6a0a,9a94052e8fc96ff0894c89cfe99eca898e1e0da5ed697c7fabac99e4fb22799b,76518cc8387a1f632b388e2e37f906879dcd73f32c6bc6a13443f15449e896bb,primary_three_class,1,ordinal_median_baseline,"[2,3,4]",311,4,4,0
phase3a_v3_20260907T141213Z_f6e6a0a,9a94052e8fc96ff0894c89cfe99eca898e1e0da5ed697c7fabac99e4fb22799b,76518cc8387a1f632b388e2e37f906879dcd73f32c6bc6a13443f15449e896bb,primary_three_class,1,stratified_baseline,"[2,3,4]",311,2,2,4
phase3a_v3_20260907T141213Z_f6e6a0a,9a94052e8fc96ff0894c89cfe99eca898e1e0da5ed697c7fabac99e4fb22799b,76518cc8387a1f632b388e2e37f906879dcd73f32c6bc6a13443f15449e896bb,primary_three_class,1,stratified_baseline,"[2,3,4]",311,2,3,23
phase3a_v3_20260907T141213Z_f6e6a0a,9a94052e8fc96ff0894c89cfe99eca898e1e0da5ed697c7fabac99e4fb22799b,76518cc8387a1f632b388e2e37f906879dcd73f32c6bc6a13443f15449e896bb,primary_three_class,1,stratified_baseline,"[2,3,4]",311,2,4,4
phase3a_v3_20260907T141213Z_f6e6a0a,9a94052e8fc96ff0894c89cfe99eca898e1e0da5ed697c7fabac99e4fb22799b,76518cc8387a1f632b388e2e37f906879dcd73f32c6bc6a13443f15449e896bb,primary_three_class,1,stratified_baseline,"[2,3,4]",311,3,2,18
phase3a_v3_20260907T141213Z_f6e6a0a,9a94052e8fc96ff0894c89cfe99eca898e1e0da5ed697c7fabac99e4fb22799b,76518cc8387a1f632b388e2e37f906879dcd73f32c6bc6a13443f15449e896bb,primary_three_class,1,stratified_baseline,"[2,3,4]",311,3,3,189
phase3a_v3_20260907T141213Z_f6e6a0a,9a94052e8fc96ff0894c89cfe99eca898e1e0da5ed697c7fabac99e4fb22799b,76518cc8387a1f632b388e2e37f906879dcd73f32c6bc6a13443f15449e896bb,primary_three_class,1,stratified_baseline,"[2,3,4]",311,3,4,36
phase3a_v3_20260907T141213Z_f6e6a0a,9a94052e8fc96ff0894c89cfe99eca898e1e0da5ed697c7fabac99e4fb22799b,76518cc8387a1f632b388e2e37f906879dcd73f32c6bc6a13443f15449e896bb,primary_three_class,1,stratified_baseline,"[2,3,4]",311,4,2,3
phase3a_v3_20260907T141213Z_f6e6a0a,9a94052e8fc96ff0894c89cfe99eca898e1e0da5ed697c7fabac99e4fb22799b,76518cc8387a1f632b388e2e37f906879dcd73f32c6bc6a13443f15449e896bb,primary_three_class,1,stratified_baseline,"[2,3,4]",311,4,3,32
phase3a_v3_20260907T141213Z_f6e6a0a,9a94052e8fc96ff0894c89cfe99eca898e1e0da5ed697c7fabac99e4fb22799b,76518cc8387a1f632b388e2e37f906879dcd73f32c6bc6a13443f15449e896bb,primary_three_class,1,stratified_baseline,"[2,3,4]",311,4,4,2
phase3a_v3_20260907T141213Z_f6e6a0a,9a94052e8fc96ff0894c89cfe99eca898e1e0da5ed697c7fabac99e4fb22799b,76518cc8387a1f632b388e2e37f906879dcd73f32c6bc6a13443f15449e896bb,primary_three_class,1,xgboost_raw,"[2,3,4]",311,2,2,30
phase3a_v3_20260907T141213Z_f6e6a0a,9a94052e8fc96ff0894c89cfe99eca898e1e0da5ed697c7fabac99e4fb22799b,76518cc8387a1f632b388e2e37f906879dcd73f32c6bc6a13443f15449e896bb,primary_three_class,1,xgboost_raw,"[2,3,4]",311,2,3,1
phase3a_v3_20260907T141213Z_f6e6a0a,9a94052e8fc96ff0894c89cfe99eca898e1e0da5ed697c7fabac99e4fb22799b,76518cc8387a1f632b388e2e37f906879dcd73f32c6bc6a13443f15449e896bb,primary_three_class,1,xgboost_raw,"[2,3,4]",311,2,4,0
phase3a_v3_20260907T141213Z_f6e6a0a,9a94052e8fc96ff0894c89cfe99eca898e1e0da5ed697c7fabac99e4fb22799b,76518cc8387a1f632b388e2e37f906879dcd73f32c6bc6a13443f15449e896bb,primary_three_class,1,xgboost_raw,"[2,3,4]",311,3,2,2
phase3a_v3_20260907T141213Z_f6e6a0a,9a94052e8fc96ff0894c89cfe99eca898e1e0da5ed697c7fabac99e4fb22799b,76518cc8387a1f632b388e2e37f906879dcd73f32c6bc6a13443f15449e896bb,primary_three_class,1,xgboost_raw,"[2,3,4]",311,3,3,221
phase3a_v3_20260907T141213Z_f6e6a0a,9a94052e8fc96ff0894c89cfe99eca898e1e0da5ed697c7fabac99e4fb22799b,76518cc8387a1f632b388e2e37f906879dcd73f32c6bc6a13443f15449e896bb,primary_three_class,1,xgboost_raw,"[2,3,4]",311,3,4,20
phase3a_v3_20260907T141213Z_f6e6a0a,9a94052e8fc96ff0894c89cfe99eca898e1e0da5ed697c7fabac99e4fb22799b,76518cc8387a1f632b388e2e37f906879dcd73f32c6bc6a13443f15449e896bb,primary_three_class,1,xgboost_raw,"[2,3,4]",311,4,2,0
phase3a_v3_20260907T141213Z_f6e6a0a,9a94052e8fc96ff0894c89cfe99eca898e1e0da5ed697c7fabac99e4fb22799b,76518cc8387a1f632b388e2e37f906879dcd73f32c6bc6a13443f15449e896bb,primary_three_class,1,xgboost_raw,"[2,3,4]",311,4,3,33
phase3a_v3_20260907T141213Z_f6e6a0a,9a94052e8fc96ff0894c89cfe99eca898e1e0da5ed697c7fabac99e4fb22799b,76518cc8387a1f632b388e2e37f906879dcd73f32c6bc6a13443f15449e896bb,primary_three_class,1,xgboost_raw,"[2,3,4]",311,4,4,4
phase3a_v3_20260907T141213Z_f6e6a0a,9a94052e8fc96ff0894c89cfe99eca898e1e0da5ed697c7fabac99e4fb22799b,76518cc8387a1f632b388e2e37f906879dcd73f32c6bc6a13443f15449e896bb,primary_three_class,1,xgboost_sigmoid,"[2,3,4]",311,2,2,30
phase3a_v3_20260907T141213Z_f6e6a0a,9a94052e8fc96ff0894c89cfe99eca898e1e0da5ed697c7fabac99e4fb22799b,76518cc8387a1f632b388e2e37f906879dcd73f32c6bc6a13443f15449e896bb,primary_three_class,1,xgboost_sigmoid,"[2,3,4]",311,2,3,1
phase3a_v3_20260907T141213Z_f6e6a0a,9a94052e8fc96ff0894c89cfe99eca898e1e0da5ed697c7fabac99e4fb22799b,76518cc8387a1f632b388e2e37f906879dcd73f32c6bc6a13443f15449e896bb,primary_three_class,1,xgboost_sigmoid,"[2,3,4]",311,2,4,0
phase3a_v3_20260907T141213Z_f6e6a0a,9a94052e8fc96ff0894c89cfe99eca898e1e0da5ed697c7fabac99e4fb22799b,76518cc8387a1f632b388e2e37f906879dcd73f32c6bc6a13443f15449e896bb,primary_three_class,1,xgboost_sigmoid,"[2,3,4]",311,3,2,2
phase3a_v3_20260907T141213Z_f6e6a0a,9a94052e8fc96ff0894c89cfe99eca898e1e0da5ed697c7fabac99e4fb22799b,76518cc8387a1f632b388e2e37f906879dcd73f32c6bc6a13443f15449e896bb,primary_three_class,1,xgboost_sigmoid,"[2,3,4]",311,3,3,240
phase3a_v3_20260907T141213Z_f6e6a0a,9a94052e8fc96ff0894c89cfe99eca898e1e0da5ed697c7fabac99e4fb22799b,76518cc8387a1f632b388e2e37f906879dcd73f32c6bc6a13443f15449e896bb,primary_three_class,1,xgboost_sigmoid,"[2,3,4]",311,3,4,1
phase3a_v3_20260907T141213Z_f6e6a0a,9a94052e8fc96ff0894c89cfe99eca898e1e0da5ed697c7fabac99e4fb22799b,76518cc8387a1f632b388e2e37f906879dcd73f32c6bc6a13443f15449e896bb,primary_three_class,1,xgboost_sigmoid,"[2,3,4]",311,4,2,0
phase3a_v3_20260907T141213Z_f6e6a0a,9a94052e8fc96ff0894c89cfe99eca898e1e0da5ed697c7fabac99e4fb22799b,76518cc8387a1f632b388e2e37f906879dcd73f32c6bc6a13443f15449e896bb,primary_three_class,1,xgboost_sigmoid,"[2,3,4]",311,4,3,37
phase3a_v3_20260907T141213Z_f6e6a0a,9a94052e8fc96ff0894c89cfe99eca898e1e0da5ed697c7fabac99e4fb22799b,76518cc8387a1f632b388e2e37f906879dcd73f32c6bc6a13443f15449e896bb,primary_three_class,1,xgboost_sigmoid,"[2,3,4]",311,4,4,0
phase3a_v3_20260907T141213Z_f6e6a0a,9a94052e8fc96ff0894c89cfe99eca898e1e0da5ed697c7fabac99e4fb22799b,76518cc8387a1f632b388e2e37f906879dcd73f32c6bc6a13443f15449e896bb,primary_three_class,2,majority_baseline,"[2,3,4]",311,2,2,0
phase3a_v3_20260907T141213Z_f6e6a0a,9a94052e8fc96ff0894c89cfe99eca898e1e0da5ed697c7fabac99e4fb22799b,76518cc8387a1f632b388e2e37f906879dcd73f32c6bc6a13443f15449e896bb,primary_three_class,2,majority_baseline,"[2,3,4]",311,2,3,31
phase3a_v3_20260907T141213Z_f6e6a0a,9a94052e8fc96ff0894c89cfe99eca898e1e0da5ed697c7fabac99e4fb22799b,76518cc8387a1f632b388e2e37f906879dcd73f32c6bc6a13443f15449e896bb,primary_three_class,2,majority_baseline,"[2,3,4]",311,2,4,0
phase3a_v3_20260907T141213Z_f6e6a0a,9a94052e8fc96ff0894c89cfe99eca898e1e0da5ed697c7fabac99e4fb22799b,76518cc8387a1f632b388e2e37f906879dcd73f32c6bc6a13443f15449e896bb,primary_three_class,2,majority_baseline,"[2,3,4]",311,3,2,0
phase3a_v3_20260907T141213Z_f6e6a0a,9a94052e8fc96ff0894c89cfe99eca898e1e0da5ed697c7fabac99e4fb22799b,76518cc8387a1f632b388e2e37f906879dcd73f32c6bc6a13443f15449e896bb,primary_three_class,2,majority_baseline,"[2,3,4]",311,3,3,243
phase3a_v3_20260907T141213Z_f6e6a0a,9a94052e8fc96ff0894c89cfe99eca898e1e0da5ed697c7fabac99e4fb22799b,76518cc8387a1f632b388e2e37f906879dcd73f32c6bc6a13443f15449e896bb,primary_three_class,2,majority_baseline,"[2,3,4]",311,3,4,0
phase3a_v3_20260907T141213Z_f6e6a0a,9a94052e8fc96ff0894c89cfe99eca898e1e0da5ed697c7fabac99e4fb22799b,76518cc8387a1f632b388e2e37f906879dcd73f32c6bc6a13443f15449e896bb,primary_three_class,2,majority_baseline,"[2,3,4]",311,4,2,0
phase3a_v3_20260907T141213Z_f6e6a0a,9a94052e8fc96ff0894c89cfe99eca898e1e0da5ed697c7fabac99e4fb22799b,76518cc8387a1f632b388e2e37f906879dcd73f32c6bc6a13443f15449e896bb,primary_three_class,2,majority_baseline,"[2,3,4]",311,4,3,37
phase3a_v3_20260907T141213Z_f6e6a0a,9a94052e8fc96ff0894c89cfe99eca898e1e0da5ed697c7fabac99e4fb22799b,76518cc8387a1f632b388e2e37f906879dcd73f32c6bc6a13443f15449e896bb,primary_three_class,2,majority_baseline,"[2,3,4]",311,4,4,0
phase3a_v3_20260907T141213Z_f6e6a0a,9a94052e8fc96ff0894c89cfe99eca898e1e0da5ed697c7fabac99e4fb22799b,76518cc8387a1f632b388e2e37f906879dcd73f32c6bc6a13443f15449e896bb,primary_three_class,2,ordinal_median_baseline,"[2,3,4]",311,2,2,0
phase3a_v3_20260907T141213Z_f6e6a0a,9a94052e8fc96ff0894c89cfe99eca898e1e0da5ed697c7fabac99e4fb22799b,76518cc8387a1f632b388e2e37f906879dcd73f32c6bc6a13443f15449e896bb,primary_three_class,2,ordinal_median_baseline,"[2,3,4]",311,2,3,31
phase3a_v3_20260907T141213Z_f6e6a0a,9a94052e8fc96ff0894c89cfe99eca898e1e0da5ed697c7fabac99e4fb22799b,76518cc8387a1f632b388e2e37f906879dcd73f32c6bc6a13443f15449e896bb,primary_three_class,2,ordinal_median_baseline,"[2,3,4]",311,2,4,0
phase3a_v3_20260907T141213Z_f6e6a0a,9a94052e8fc96ff0894c89cfe99eca898e1e0da5ed697c7fabac99e4fb22799b,76518cc8387a1f632b388e2e37f906879dcd73f32c6bc6a13443f15449e896bb,primary_three_class,2,ordinal_median_baseline,"[2,3,4]",311,3,2,0
phase3a_v3_20260907T141213Z_f6e6a0a,9a94052e8fc96ff0894c89cfe99eca898e1e0da5ed697c7fabac99e4fb22799b,76518cc8387a1f632b388e2e37f906879dcd73f32c6bc6a13443f15449e896bb,primary_three_class,2,ordinal_median_baseline,"[2,3,4]",311,3,3,243
phase3a_v3_20260907T141213Z_f6e6a0a,9a94052e8fc96ff0894c89cfe99eca898e1e0da5ed697c7fabac99e4fb22799b,76518cc8387a1f632b388e2e37f906879dcd73f32c6bc6a13443f15449e896bb,primary_three_class,2,ordinal_median_baseline,"[2,3,4]",311,3,4,0
phase3a_v3_20260907T141213Z_f6e6a0a,9a94052e8fc96ff0894c89cfe99eca898e1e0da5ed697c7fabac99e4fb22799b,76518cc8387a1f632b388e2e37f906879dcd73f32c6bc6a13443f15449e896bb,primary_three_class,2,ordinal_median_baseline,"[2,3,4]",311,4,2,0
phase3a_v3_20260907T141213Z_f6e6a0a,9a94052e8fc96ff0894c89cfe99eca898e1e0da5ed697c7fabac99e4fb22799b,76518cc8387a1f632b388e2e37f906879dcd73f32c6bc6a13443f15449e896bb,primary_three_class,2,ordinal_median_baseline,"[2,3,4]",311,4,3,37
phase3a_v3_20260907T141213Z_f6e6a0a,9a94052e8fc96ff0894c89cfe99eca898e1e0da5ed697c7fabac99e4fb22799b,76518cc8387a1f632b388e2e37f906879dcd73f32c6bc6a13443f15449e896bb,primary_three_class,2,ordinal_median_baseline,"[2,3,4]",311,4,4,0
phase3a_v3_20260907T141213Z_f6e6a0a,9a94052e8fc96ff0894c89cfe99eca898e1e0da5ed697c7fabac99e4fb22799b,76518cc8387a1f632b388e2e37f906879dcd73f32c6bc6a13443f15449e896bb,primary_three_class,2,stratified_baseline,"[2,3,4]",311,2,2,3
phase3a_v3_20260907T141213Z_f6e6a0a,9a94052e8fc96ff0894c89cfe99eca898e1e0da5ed697c7fabac99e4fb22799b,76518cc8387a1f632b388e2e37f906879dcd73f32c6bc6a13443f15449e896bb,primary_three_class,2,stratified_baseline,"[2,3,4]",311,2,3,23
phase3a_v3_20260907T141213Z_f6e6a0a,9a94052e8fc96ff0894c89cfe99eca898e1e0da5ed697c7fabac99e4fb22799b,76518cc8387a1f632b388e2e37f906879dcd73f32c6bc6a13443f15449e896bb,primary_three_class,2,stratified_baseline,"[2,3,4]",311,2,4,5
phase3a_v3_20260907T141213Z_f6e6a0a,9a94052e8fc96ff0894c89cfe99eca898e1e0da5ed697c7fabac99e4fb22799b,76518cc8387a1f632b388e2e37f906879dcd73f32c6bc6a13443f15449e896bb,primary_three_class,2,stratified_baseline,"[2,3,4]",311,3,2,19
phase3a_v3_20260907T141213Z_f6e6a0a,9a94052e8fc96ff0894c89cfe99eca898e1e0da5ed697c7fabac99e4fb22799b,76518cc8387a1f632b388e2e37f906879dcd73f32c6bc6a13443f15449e896bb,primary_three_class,2,stratified_baseline,"[2,3,4]",311,3,3,190
phase3a_v3_20260907T141213Z_f6e6a0a,9a94052e8fc96ff0894c89cfe99eca898e1e0da5ed697c7fabac99e4fb22799b,76518cc8387a1f632b388e2e37f906879dcd73f32c6bc6a13443f15449e896bb,primary_three_class,2,stratified_baseline,"[2,3,4]",311,3,4,34
phase3a_v3_20260907T141213Z_f6e6a0a,9a94052e8fc96ff0894c89cfe99eca898e1e0da5ed697c7fabac99e4fb22799b,76518cc8387a1f632b388e2e37f906879dcd73f32c6bc6a13443f15449e896bb,primary_three_class,2,stratified_baseline,"[2,3,4]",311,4,2,4
phase3a_v3_20260907T141213Z_f6e6a0a,9a94052e8fc96ff0894c89cfe99eca898e1e0da5ed697c7fabac99e4fb22799b,76518cc8387a1f632b388e2e37f906879dcd73f32c6bc6a13443f15449e896bb,primary_three_class,2,stratified_baseline,"[2,3,4]",311,4,3,30
phase3a_v3_20260907T141213Z_f6e6a0a,9a94052e8fc96ff0894c89cfe99eca898e1e0da5ed697c7fabac99e4fb22799b,76518cc8387a1f632b388e2e37f906879dcd73f32c6bc6a13443f15449e896bb,primary_three_class,2,stratified_baseline,"[2,3,4]",311,4,4,3
phase3a_v3_20260907T141213Z_f6e6a0a,9a94052e8fc96ff0894c89cfe99eca898e1e0da5ed697c7fabac99e4fb22799b,76518cc8387a1f632b388e2e37f906879dcd73f32c6bc6a13443f15449e896bb,primary_three_class,2,xgboost_raw,"[2,3,4]",311,2,2,30
phase3a_v3_20260907T141213Z_f6e6a0a,9a94052e8fc96ff0894c89cfe99eca898e1e0da5ed697c7fabac99e4fb22799b,76518cc8387a1f632b388e2e37f906879dcd73f32c6bc6a13443f15449e896bb,primary_three_class,2,xgboost_raw,"[2,3,4]",311,2,3,1
phase3a_v3_20260907T141213Z_f6e6a0a,9a94052e8fc96ff0894c89cfe99eca898e1e0da5ed697c7fabac99e4fb22799b,76518cc8387a1f632b388e2e37f906879dcd73f32c6bc6a13443f15449e896bb,primary_three_class,2,xgboost_raw,"[2,3,4]",311,2,4,0
phase3a_v3_20260907T141213Z_f6e6a0a,9a94052e8fc96ff0894c89cfe99eca898e1e0da5ed697c7fabac99e4fb22799b,76518cc8387a1f632b388e2e37f906879dcd73f32c6bc6a13443f15449e896bb,primary_three_class,2,xgboost_raw,"[2,3,4]",311,3,2,2
phase3a_v3_20260907T141213Z_f6e6a0a,9a94052e8fc96ff0894c89cfe99eca898e1e0da5ed697c7fabac99e4fb22799b,76518cc8387a1f632b388e2e37f906879dcd73f32c6bc6a13443f15449e896bb,primary_three_class,2,xgboost_raw,"[2,3,4]",311,3,3,222
phase3a_v3_20260907T141213Z_f6e6a0a,9a94052e8fc96ff0894c89cfe99eca898e1e0da5ed697c7fabac99e4fb22799b,76518cc8387a1f632b388e2e37f906879dcd73f32c6bc6a13443f15449e896bb,primary_three_class,2,xgboost_raw,"[2,3,4]",311,3,4,19
phase3a_v3_20260907T141213Z_f6e6a0a,9a94052e8fc96ff0894c89cfe99eca898e1e0da5ed697c7fabac99e4fb22799b,76518cc8387a1f632b388e2e37f906879dcd73f32c6bc6a13443f15449e896bb,primary_three_class,2,xgboost_raw,"[2,3,4]",311,4,2,0
phase3a_v3_20260907T141213Z_f6e6a0a,9a94052e8fc96ff0894c89cfe99eca898e1e0da5ed697c7fabac99e4fb22799b,76518cc8387a1f632b388e2e37f906879dcd73f32c6bc6a13443f15449e896bb,primary_three_class,2,xgboost_raw,"[2,3,4]",311,4,3,33
phase3a_v3_20260907T141213Z_f6e6a0a,9a94052e8fc96ff0894c89cfe99eca898e1e0da5ed697c7fabac99e4fb22799b,76518cc8387a1f632b388e2e37f906879dcd73f32c6bc6a13443f15449e896bb,primary_three_class,2,xgboost_raw,"[2,3,4]",311,4,4,4
phase3a_v3_20260907T141213Z_f6e6a0a,9a94052e8fc96ff0894c89cfe99eca898e1e0da5ed697c7fabac99e4fb22799b,76518cc8387a1f632b388e2e37f906879dcd73f32c6bc6a13443f15449e896bb,primary_three_class,2,xgboost_sigmoid,"[2,3,4]",311,2,2,30
phase3a_v3_20260907T141213Z_f6e6a0a,9a94052e8fc96ff0894c89cfe99eca898e1e0da5ed697c7fabac99e4fb22799b,76518cc8387a1f632b388e2e37f906879dcd73f32c6bc6a13443f15449e896bb,primary_three_class,2,xgboost_sigmoid,"[2,3,4]",311,2,3,1
phase3a_v3_20260907T141213Z_f6e6a0a,9a94052e8fc96ff0894c89cfe99eca898e1e0da5ed697c7fabac99e4fb22799b,76518cc8387a1f632b388e2e37f906879dcd73f32c6bc6a13443f15449e896bb,primary_three_class,2,xgboost_sigmoid,"[2,3,4]",311,2,4,0
phase3a_v3_20260907T141213Z_f6e6a0a,9a94052e8fc96ff0894c89cfe99eca898e1e0da5ed697c7fabac99e4fb22799b,76518cc8387a1f632b388e2e37f906879dcd73f32c6bc6a13443f15449e896bb,primary_three_class,2,xgboost_sigmoid,"[2,3,4]",311,3,2,2
phase3a_v3_20260907T141213Z_f6e6a0a,9a94052e8fc96ff0894c89cfe99eca898e1e0da5ed697c7fabac99e4fb22799b,76518cc8387a1f632b388e2e37f906879dcd73f32c6bc6a13443f15449e896bb,primary_three_class,2,xgboost_sigmoid,"[2,3,4]",311,3,3,241
phase3a_v3_20260907T141213Z_f6e6a0a,9a94052e8fc96ff0894c89cfe99eca898e1e0da5ed697c7fabac99e4fb22799b,76518cc8387a1f632b388e2e37f906879dcd73f32c6bc6a13443f15449e896bb,primary_three_class,2,xgboost_sigmoid,"[2,3,4]",311,3,4,0
phase3a_v3_20260907T141213Z_f6e6a0a,9a94052e8fc96ff0894c89cfe99eca898e1e0da5ed697c7fabac99e4fb22799b,76518cc8387a1f632b388e2e37f906879dcd73f32c6bc6a13443f15449e896bb,primary_three_class,2,xgboost_sigmoid,"[2,3,4]",311,4,2,0
phase3a_v3_20260907T141213Z_f6e6a0a,9a94052e8fc96ff0894c89cfe99eca898e1e0da5ed697c7fabac99e4fb22799b,76518cc8387a1f632b388e2e37f906879dcd73f32c6bc6a13443f15449e896bb,primary_three_class,2,xgboost_sigmoid,"[2,3,4]",311,4,3,37
phase3a_v3_20260907T141213Z_f6e6a0a,9a94052e8fc96ff0894c89cfe99eca898e1e0da5ed697c7fabac99e4fb22799b,76518cc8387a1f632b388e2e37f906879dcd73f32c6bc6a13443f15449e896bb,primary_three_class,2,xgboost_sigmoid,"[2,3,4]",311,4,4,0
phase3a_v3_20260907T141213Z_f6e6a0a,9a94052e8fc96ff0894c89cfe99eca898e1e0da5ed697c7fabac99e4fb22799b,76518cc8387a1f632b388e2e37f906879dcd73f32c6bc6a13443f15449e896bb,primary_three_class,3,majority_baseline,"[2,3,4]",311,2,2,0
phase3a_v3_20260907T141213Z_f6e6a0a,9a94052e8fc96ff0894c89cfe99eca898e1e0da5ed697c7fabac99e4fb22799b,76518cc8387a1f632b388e2e37f906879dcd73f32c6bc6a13443f15449e896bb,primary_three_class,3,majority_baseline,"[2,3,4]",311,2,3,31
phase3a_v3_20260907T141213Z_f6e6a0a,9a94052e8fc96ff0894c89cfe99eca898e1e0da5ed697c7fabac99e4fb22799b,76518cc8387a1f632b388e2e37f906879dcd73f32c6bc6a13443f15449e896bb,primary_three_class,3,majority_baseline,"[2,3,4]",311,2,4,0
phase3a_v3_20260907T141213Z_f6e6a0a,9a94052e8fc96ff0894c89cfe99eca898e1e0da5ed697c7fabac99e4fb22799b,76518cc8387a1f632b388e2e37f906879dcd73f32c6bc6a13443f15449e896bb,primary_three_class,3,majority_baseline,"[2,3,4]",311,3,2,0
phase3a_v3_20260907T141213Z_f6e6a0a,9a94052e8fc96ff0894c89cfe99eca898e1e0da5ed697c7fabac99e4fb22799b,76518cc8387a1f632b388e2e37f906879dcd73f32c6bc6a13443f15449e896bb,primary_three_class,3,majority_baseline,"[2,3,4]",311,3,3,243
phase3a_v3_20260907T141213Z_f6e6a0a,9a94052e8fc96ff0894c89cfe99eca898e1e0da5ed697c7fabac99e4fb22799b,76518cc8387a1f632b388e2e37f906879dcd73f32c6bc6a13443f15449e896bb,primary_three_class,3,majority_baseline,"[2,3,4]",311,3,4,0
phase3a_v3_20260907T141213Z_f6e6a0a,9a94052e8fc96ff0894c89cfe99eca898e1e0da5ed697c7fabac99e4fb22799b,76518cc8387a1f632b388e2e37f906879dcd73f32c6bc6a13443f15449e896bb,primary_three_class,3,majority_baseline,"[2,3,4]",311,4,2,0
phase3a_v3_20260907T141213Z_f6e6a0a,9a94052e8fc96ff0894c89cfe99eca898e1e0da5ed697c7fabac99e4fb22799b,76518cc8387a1f632b388e2e37f906879dcd73f32c6bc6a13443f15449e896bb,primary_three_class,3,majority_baseline,"[2,3,4]",311,4,3,37
phase3a_v3_20260907T141213Z_f6e6a0a,9a94052e8fc96ff0894c89cfe99eca898e1e0da5ed697c7fabac99e4fb22799b,76518cc8387a1f632b388e2e37f906879dcd73f32c6bc6a13443f15449e896bb,primary_three_class,3,majority_baseline,"[2,3,4]",311,4,4,0
phase3a_v3_20260907T141213Z_f6e6a0a,9a94052e8fc96ff0894c89cfe99eca898e1e0da5ed697c7fabac99e4fb22799b,76518cc8387a1f632b388e2e37f906879dcd73f32c6bc6a13443f15449e896bb,primary_three_class,3,ordinal_median_baseline,"[2,3,4]",311,2,2,0
phase3a_v3_20260907T141213Z_f6e6a0a,9a94052e8fc96ff0894c89cfe99eca898e1e0da5ed697c7fabac99e4fb22799b,76518cc8387a1f632b388e2e37f906879dcd73f32c6bc6a13443f15449e896bb,primary_three_class,3,ordinal_median_baseline,"[2,3,4]",311,2,3,31
phase3a_v3_20260907T141213Z_f6e6a0a,9a94052e8fc96ff0894c89cfe99eca898e1e0da5ed697c7fabac99e4fb22799b,76518cc8387a1f632b388e2e37f906879dcd73f32c6bc6a13443f15449e896bb,primary_three_class,3,ordinal_median_baseline,"[2,3,4]",311,2,4,0
phase3a_v3_20260907T141213Z_f6e6a0a,9a94052e8fc96ff0894c89cfe99eca898e1e0da5ed697c7fabac99e4fb22799b,76518cc8387a1f632b388e2e37f906879dcd73f32c6bc6a13443f15449e896bb,primary_three_class,3,ordinal_median_baseline,"[2,3,4]",311,3,2,0
phase3a_v3_20260907T141213Z_f6e6a0a,9a94052e8fc96ff0894c89cfe99eca898e1e0da5ed697c7fabac99e4fb22799b,76518cc8387a1f632b388e2e37f906879dcd73f32c6bc6a13443f15449e896bb,primary_three_class,3,ordinal_median_baseline,"[2,3,4]",311,3,3,243
phase3a_v3_20260907T141213Z_f6e6a0a,9a94052e8fc96ff0894c89cfe99eca898e1e0da5ed697c7fabac99e4fb22799b,76518cc8387a1f632b388e2e37f906879dcd73f32c6bc6a13443f15449e896bb,primary_three_class,3,ordinal_median_baseline,"[2,3,4]",311,3,4,0
phase3a_v3_20260907T141213Z_f6e6a0a,9a94052e8fc96ff0894c89cfe99eca898e1e0da5ed697c7fabac99e4fb22799b,76518cc8387a1f632b388e2e37f906879dcd73f32c6bc6a13443f15449e896bb,primary_three_class,3,ordinal_median_baseline,"[2,3,4]",311,4,2,0
phase3a_v3_20260907T141213Z_f6e6a0a,9a94052e8fc96ff0894c89cfe99eca898e1e0da5ed697c7fabac99e4fb22799b,76518cc8387a1f632b388e2e37f906879dcd73f32c6bc6a13443f15449e896bb,primary_three_class,3,ordinal_median_baseline,"[2,3,4]",311,4,3,37
phase3a_v3_20260907T141213Z_f6e6a0a,9a94052e8fc96ff0894c89cfe99eca898e1e0da5ed697c7fabac99e4fb22799b,76518cc8387a1f632b388e2e37f906879dcd73f32c6bc6a13443f15449e896bb,primary_three_class,3,ordinal_median_baseline,"[2,3,4]",311,4,4,0
phase3a_v3_20260907T141213Z_f6e6a0a,9a94052e8fc96ff0894c89cfe99eca898e1e0da5ed697c7fabac99e4fb22799b,76518cc8387a1f632b388e2e37f906879dcd73f32c6bc6a13443f15449e896bb,primary_three_class,3,stratified_baseline,"[2,3,4]",311,2,2,1
phase3a_v3_20260907T141213Z_f6e6a0a,9a94052e8fc96ff0894c89cfe99eca898e1e0da5ed697c7fabac99e4fb22799b,76518cc8387a1f632b388e2e37f906879dcd73f32c6bc6a13443f15449e896bb,primary_three_class,3,stratified_baseline,"[2,3,4]",311,2,3,24
phase3a_v3_20260907T141213Z_f6e6a0a,9a94052e8fc96ff0894c89cfe99eca898e1e0da5ed697c7fabac99e4fb22799b,76518cc8387a1f632b388e2e37f906879dcd73f32c6bc6a13443f15449e896bb,primary_three_class,3,stratified_baseline,"[2,3,4]",311,2,4,6
phase3a_v3_20260907T141213Z_f6e6a0a,9a94052e8fc96ff0894c89cfe99eca898e1e0da5ed697c7fabac99e4fb22799b,76518cc8387a1f632b388e2e37f906879dcd73f32c6bc6a13443f15449e896bb,primary_three_class,3,stratified_baseline,"[2,3,4]",311,3,2,24
phase3a_v3_20260907T141213Z_f6e6a0a,9a94052e8fc96ff0894c89cfe99eca898e1e0da5ed697c7fabac99e4fb22799b,76518cc8387a1f632b388e2e37f906879dcd73f32c6bc6a13443f15449e896bb,primary_three_class,3,stratified_baseline,"[2,3,4]",311,3,3,193
phase3a_v3_20260907T141213Z_f6e6a0a,9a94052e8fc96ff0894c89cfe99eca898e1e0da5ed697c7fabac99e4fb22799b,76518cc8387a1f632b388e2e37f906879dcd73f32c6bc6a13443f15449e896bb,primary_three_class,3,stratified_baseline,"[2,3,4]",311,3,4,26
phase3a_v3_20260907T141213Z_f6e6a0a,9a94052e8fc96ff0894c89cfe99eca898e1e0da5ed697c7fabac99e4fb22799b,76518cc8387a1f632b388e2e37f906879dcd73f32c6bc6a13443f15449e896bb,primary_three_class,3,stratified_baseline,"[2,3,4]",311,4,2,4
phase3a_v3_20260907T141213Z_f6e6a0a,9a94052e8fc96ff0894c89cfe99eca898e1e0da5ed697c7fabac99e4fb22799b,76518cc8387a1f632b388e2e37f906879dcd73f32c6bc6a13443f15449e896bb,primary_three_class,3,stratified_baseline,"[2,3,4]",311,4,3,29
phase3a_v3_20260907T141213Z_f6e6a0a,9a94052e8fc96ff0894c89cfe99eca898e1e0da5ed697c7fabac99e4fb22799b,76518cc8387a1f632b388e2e37f906879dcd73f32c6bc6a13443f15449e896bb,primary_three_class,3,stratified_baseline,"[2,3,4]",311,4,4,4
phase3a_v3_20260907T141213Z_f6e6a0a,9a94052e8fc96ff0894c89cfe99eca898e1e0da5ed697c7fabac99e4fb22799b,76518cc8387a1f632b388e2e37f906879dcd73f32c6bc6a13443f15449e896bb,primary_three_class,3,xgboost_raw,"[2,3,4]",311,2,2,30
phase3a_v3_20260907T141213Z_f6e6a0a,9a94052e8fc96ff0894c89cfe99eca898e1e0da5ed697c7fabac99e4fb22799b,76518cc8387a1f632b388e2e37f906879dcd73f32c6bc6a13443f15449e896bb,primary_three_class,3,xgboost_raw,"[2,3,4]",311,2,3,1
phase3a_v3_20260907T141213Z_f6e6a0a,9a94052e8fc96ff0894c89cfe99eca898e1e0da5ed697c7fabac99e4fb22799b,76518cc8387a1f632b388e2e37f906879dcd73f32c6bc6a13443f15449e896bb,primary_three_class,3,xgboost_raw,"[2,3,4]",311,2,4,0
phase3a_v3_20260907T141213Z_f6e6a0a,9a94052e8fc96ff0894c89cfe99eca898e1e0da5ed697c7fabac99e4fb22799b,76518cc8387a1f632b388e2e37f906879dcd73f32c6bc6a13443f15449e896bb,primary_three_class,3,xgboost_raw,"[2,3,4]",311,3,2,1
phase3a_v3_20260907T141213Z_f6e6a0a,9a94052e8fc96ff0894c89cfe99eca898e1e0da5ed697c7fabac99e4fb22799b,76518cc8387a1f632b388e2e37f906879dcd73f32c6bc6a13443f15449e896bb,primary_three_class,3,xgboost_raw,"[2,3,4]",311,3,3,220
phase3a_v3_20260907T141213Z_f6e6a0a,9a94052e8fc96ff0894c89cfe99eca898e1e0da5ed697c7fabac99e4fb22799b,76518cc8387a1f632b388e2e37f906879dcd73f32c6bc6a13443f15449e896bb,primary_three_class,3,xgboost_raw,"[2,3,4]",311,3,4,22
phase3a_v3_20260907T141213Z_f6e6a0a,9a94052e8fc96ff0894c89cfe99eca898e1e0da5ed697c7fabac99e4fb22799b,76518cc8387a1f632b388e2e37f906879dcd73f32c6bc6a13443f15449e896bb,primary_three_class,3,xgboost_raw,"[2,3,4]",311,4,2,0
phase3a_v3_20260907T141213Z_f6e6a0a,9a94052e8fc96ff0894c89cfe99eca898e1e0da5ed697c7fabac99e4fb22799b,76518cc8387a1f632b388e2e37f906879dcd73f32c6bc6a13443f15449e896bb,primary_three_class,3,xgboost_raw,"[2,3,4]",311,4,3,35
phase3a_v3_20260907T141213Z_f6e6a0a,9a94052e8fc96ff0894c89cfe99eca898e1e0da5ed697c7fabac99e4fb22799b,76518cc8387a1f632b388e2e37f906879dcd73f32c6bc6a13443f15449e896bb,primary_three_class,3,xgboost_raw,"[2,3,4]",311,4,4,2
phase3a_v3_20260907T141213Z_f6e6a0a,9a94052e8fc96ff0894c89cfe99eca898e1e0da5ed697c7fabac99e4fb22799b,76518cc8387a1f632b388e2e37f906879dcd73f32c6bc6a13443f15449e896bb,primary_three_class,3,xgboost_sigmoid,"[2,3,4]",311,2,2,30
phase3a_v3_20260907T141213Z_f6e6a0a,9a94052e8fc96ff0894c89cfe99eca898e1e0da5ed697c7fabac99e4fb22799b,76518cc8387a1f632b388e2e37f906879dcd73f32c6bc6a13443f15449e896bb,primary_three_class,3,xgboost_sigmoid,"[2,3,4]",311,2,3,1
phase3a_v3_20260907T141213Z_f6e6a0a,9a94052e8fc96ff0894c89cfe99eca898e1e0da5ed697c7fabac99e4fb22799b,76518cc8387a1f632b388e2e37f906879dcd73f32c6bc6a13443f15449e896bb,primary_three_class,3,xgboost_sigmoid,"[2,3,4]",311,2,4,0
phase3a_v3_20260907T141213Z_f6e6a0a,9a94052e8fc96ff0894c89cfe99eca898e1e0da5ed697c7fabac99e4fb22799b,76518cc8387a1f632b388e2e37f906879dcd73f32c6bc6a13443f15449e896bb,primary_three_class,3,xgboost_sigmoid,"[2,3,4]",311,3,2,1
phase3a_v3_20260907T141213Z_f6e6a0a,9a94052e8fc96ff0894c89cfe99eca898e1e0da5ed697c7fabac99e4fb22799b,76518cc8387a1f632b388e2e37f906879dcd73f32c6bc6a13443f15449e896bb,primary_three_class,3,xgboost_sigmoid,"[2,3,4]",311,3,3,242
phase3a_v3_20260907T141213Z_f6e6a0a,9a94052e8fc96ff0894c89cfe99eca898e1e0da5ed697c7fabac99e4fb22799b,76518cc8387a1f632b388e2e37f906879dcd73f32c6bc6a13443f15449e896bb,primary_three_class,3,xgboost_sigmoid,"[2,3,4]",311,3,4,0
phase3a_v3_20260907T141213Z_f6e6a0a,9a94052e8fc96ff0894c89cfe99eca898e1e0da5ed697c7fabac99e4fb22799b,76518cc8387a1f632b388e2e37f906879dcd73f32c6bc6a13443f15449e896bb,primary_three_class,3,xgboost_sigmoid,"[2,3,4]",311,4,2,0
phase3a_v3_20260907T141213Z_f6e6a0a,9a94052e8fc96ff0894c89cfe99eca898e1e0da5ed697c7fabac99e4fb22799b,76518cc8387a1f632b388e2e37f906879dcd73f32c6bc6a13443f15449e896bb,primary_three_class,3,xgboost_sigmoid,"[2,3,4]",311,4,3,37
phase3a_v3_20260907T141213Z_f6e6a0a,9a94052e8fc96ff0894c89cfe99eca898e1e0da5ed697c7fabac99e4fb22799b,76518cc8387a1f632b388e2e37f906879dcd73f32c6bc6a13443f15449e896bb,primary_three_class,3,xgboost_sigmoid,"[2,3,4]",311,4,4,0
phase3a_v3_20260907T141213Z_f6e6a0a,9a94052e8fc96ff0894c89cfe99eca898e1e0da5ed697c7fabac99e4fb22799b,76518cc8387a1f632b388e2e37f906879dcd73f32c6bc6a13443f15449e896bb,primary_three_class,4,majority_baseline,"[2,3,4]",311,2,2,0
phase3a_v3_20260907T141213Z_f6e6a0a,9a94052e8fc96ff0894c89cfe99eca898e1e0da5ed697c7fabac99e4fb22799b,76518cc8387a1f632b388e2e37f906879dcd73f32c6bc6a13443f15449e896bb,primary_three_class,4,majority_baseline,"[2,3,4]",311,2,3,31
phase3a_v3_20260907T141213Z_f6e6a0a,9a94052e8fc96ff0894c89cfe99eca898e1e0da5ed697c7fabac99e4fb22799b,76518cc8387a1f632b388e2e37f906879dcd73f32c6bc6a13443f15449e896bb,primary_three_class,4,majority_baseline,"[2,3,4]",311,2,4,0
phase3a_v3_20260907T141213Z_f6e6a0a,9a94052e8fc96ff0894c89cfe99eca898e1e0da5ed697c7fabac99e4fb22799b,76518cc8387a1f632b388e2e37f906879dcd73f32c6bc6a13443f15449e896bb,primary_three_class,4,majority_baseline,"[2,3,4]",311,3,2,0
phase3a_v3_20260907T141213Z_f6e6a0a,9a94052e8fc96ff0894c89cfe99eca898e1e0da5ed697c7fabac99e4fb22799b,76518cc8387a1f632b388e2e37f906879dcd73f32c6bc6a13443f15449e896bb,primary_three_class,4,majority_baseline,"[2,3,4]",311,3,3,243
phase3a_v3_20260907T141213Z_f6e6a0a,9a94052e8fc96ff0894c89cfe99eca898e1e0da5ed697c7fabac99e4fb22799b,76518cc8387a1f632b388e2e37f906879dcd73f32c6bc6a13443f15449e896bb,primary_three_class,4,majority_baseline,"[2,3,4]",311,3,4,0
phase3a_v3_20260907T141213Z_f6e6a0a,9a94052e8fc96ff0894c89cfe99eca898e1e0da5ed697c7fabac99e4fb22799b,76518cc8387a1f632b388e2e37f906879dcd73f32c6bc6a13443f15449e896bb,primary_three_class,4,majority_baseline,"[2,3,4]",311,4,2,0
phase3a_v3_20260907T141213Z_f6e6a0a,9a94052e8fc96ff0894c89cfe99eca898e1e0da5ed697c7fabac99e4fb22799b,76518cc8387a1f632b388e2e37f906879dcd73f32c6bc6a13443f15449e896bb,primary_three_class,4,majority_baseline,"[2,3,4]",311,4,3,37
phase3a_v3_20260907T141213Z_f6e6a0a,9a94052e8fc96ff0894c89cfe99eca898e1e0da5ed697c7fabac99e4fb22799b,76518cc8387a1f632b388e2e37f906879dcd73f32c6bc6a13443f15449e896bb,primary_three_class,4,majority_baseline,"[2,3,4]",311,4,4,0
phase3a_v3_20260907T141213Z_f6e6a0a,9a94052e8fc96ff0894c89cfe99eca898e1e0da5ed697c7fabac99e4fb22799b,76518cc8387a1f632b388e2e37f906879dcd73f32c6bc6a13443f15449e896bb,primary_three_class,4,ordinal_median_baseline,"[2,3,4]",311,2,2,0
phase3a_v3_20260907T141213Z_f6e6a0a,9a94052e8fc96ff0894c89cfe99eca898e1e0da5ed697c7fabac99e4fb22799b,76518cc8387a1f632b388e2e37f906879dcd73f32c6bc6a13443f15449e896bb,primary_three_class,4,ordinal_median_baseline,"[2,3,4]",311,2,3,31
phase3a_v3_20260907T141213Z_f6e6a0a,9a94052e8fc96ff0894c89cfe99eca898e1e0da5ed697c7fabac99e4fb22799b,76518cc8387a1f632b388e2e37f906879dcd73f32c6bc6a13443f15449e896bb,primary_three_class,4,ordinal_median_baseline,"[2,3,4]",311,2,4,0
phase3a_v3_20260907T141213Z_f6e6a0a,9a94052e8fc96ff0894c89cfe99eca898e1e0da5ed697c7fabac99e4fb22799b,76518cc8387a1f632b388e2e37f906879dcd73f32c6bc6a13443f15449e896bb,primary_three_class,4,ordinal_median_baseline,"[2,3,4]",311,3,2,0
phase3a_v3_20260907T141213Z_f6e6a0a,9a94052e8fc96ff0894c89cfe99eca898e1e0da5ed697c7fabac99e4fb22799b,76518cc8387a1f632b388e2e37f906879dcd73f32c6bc6a13443f15449e896bb,primary_three_class,4,ordinal_median_baseline,"[2,3,4]",311,3,3,243
phase3a_v3_20260907T141213Z_f6e6a0a,9a94052e8fc96ff0894c89cfe99eca898e1e0da5ed697c7fabac99e4fb22799b,76518cc8387a1f632b388e2e37f906879dcd73f32c6bc6a13443f15449e896bb,primary_three_class,4,ordinal_median_baseline,"[2,3,4]",311,3,4,0
phase3a_v3_20260907T141213Z_f6e6a0a,9a94052e8fc96ff0894c89cfe99eca898e1e0da5ed697c7fabac99e4fb22799b,76518cc8387a1f632b388e2e37f906879dcd73f32c6bc6a13443f15449e896bb,primary_three_class,4,ordinal_median_baseline,"[2,3,4]",311,4,2,0
phase3a_v3_20260907T141213Z_f6e6a0a,9a94052e8fc96ff0894c89cfe99eca898e1e0da5ed697c7fabac99e4fb22799b,76518cc8387a1f632b388e2e37f906879dcd73f32c6bc6a13443f15449e896bb,primary_three_class,4,ordinal_median_baseline,"[2,3,4]",311,4,3,37
phase3a_v3_20260907T141213Z_f6e6a0a,9a94052e8fc96ff0894c89cfe99eca898e1e0da5ed697c7fabac99e4fb22799b,76518cc8387a1f632b388e2e37f906879dcd73f32c6bc6a13443f15449e896bb,primary_three_class,4,ordinal_median_baseline,"[2,3,4]",311,4,4,0
phase3a_v3_20260907T141213Z_f6e6a0a,9a94052e8fc96ff0894c89cfe99eca898e1e0da5ed697c7fabac99e4fb22799b,76518cc8387a1f632b388e2e37f906879dcd73f32c6bc6a13443f15449e896bb,primary_three_class,4,stratified_baseline,"[2,3,4]",311,2,2,4
phase3a_v3_20260907T141213Z_f6e6a0a,9a94052e8fc96ff0894c89cfe99eca898e1e0da5ed697c7fabac99e4fb22799b,76518cc8387a1f632b388e2e37f906879dcd73f32c6bc6a13443f15449e896bb,primary_three_class,4,stratified_baseline,"[2,3,4]",311,2,3,24
phase3a_v3_20260907T141213Z_f6e6a0a,9a94052e8fc96ff0894c89cfe99eca898e1e0da5ed697c7fabac99e4fb22799b,76518cc8387a1f632b388e2e37f906879dcd73f32c6bc6a13443f15449e896bb,primary_three_class,4,stratified_baseline,"[2,3,4]",311,2,4,3
phase3a_v3_20260907T141213Z_f6e6a0a,9a94052e8fc96ff0894c89cfe99eca898e1e0da5ed697c7fabac99e4fb22799b,76518cc8387a1f632b388e2e37f906879dcd73f32c6bc6a13443f15449e896bb,primary_three_class,4,stratified_baseline,"[2,3,4]",311,3,2,23
phase3a_v3_20260907T141213Z_f6e6a0a,9a94052e8fc96ff0894c89cfe99eca898e1e0da5ed697c7fabac99e4fb22799b,76518cc8387a1f632b388e2e37f906879dcd73f32c6bc6a13443f15449e896bb,primary_three_class,4,stratified_baseline,"[2,3,4]",311,3,3,180
phase3a_v3_20260907T141213Z_f6e6a0a,9a94052e8fc96ff0894c89cfe99eca898e1e0da5ed697c7fabac99e4fb22799b,76518cc8387a1f632b388e2e37f906879dcd73f32c6bc6a13443f15449e896bb,primary_three_class,4,stratified_baseline,"[2,3,4]",311,3,4,40
phase3a_v3_20260907T141213Z_f6e6a0a,9a94052e8fc96ff0894c89cfe99eca898e1e0da5ed697c7fabac99e4fb22799b,76518cc8387a1f632b388e2e37f906879dcd73f32c6bc6a13443f15449e896bb,primary_three_class,4,stratified_baseline,"[2,3,4]",311,4,2,2
phase3a_v3_20260907T141213Z_f6e6a0a,9a94052e8fc96ff0894c89cfe99eca898e1e0da5ed697c7fabac99e4fb22799b,76518cc8387a1f632b388e2e37f906879dcd73f32c6bc6a13443f15449e896bb,primary_three_class,4,stratified_baseline,"[2,3,4]",311,4,3,32
phase3a_v3_20260907T141213Z_f6e6a0a,9a94052e8fc96ff0894c89cfe99eca898e1e0da5ed697c7fabac99e4fb22799b,76518cc8387a1f632b388e2e37f906879dcd73f32c6bc6a13443f15449e896bb,primary_three_class,4,stratified_baseline,"[2,3,4]",311,4,4,3
phase3a_v3_20260907T141213Z_f6e6a0a,9a94052e8fc96ff0894c89cfe99eca898e1e0da5ed697c7fabac99e4fb22799b,76518cc8387a1f632b388e2e37f906879dcd73f32c6bc6a13443f15449e896bb,primary_three_class,4,xgboost_raw,"[2,3,4]",311,2,2,30
phase3a_v3_20260907T141213Z_f6e6a0a,9a94052e8fc96ff0894c89cfe99eca898e1e0da5ed697c7fabac99e4fb22799b,76518cc8387a1f632b388e2e37f906879dcd73f32c6bc6a13443f15449e896bb,primary_three_class,4,xgboost_raw,"[2,3,4]",311,2,3,1
phase3a_v3_20260907T141213Z_f6e6a0a,9a94052e8fc96ff0894c89cfe99eca898e1e0da5ed697c7fabac99e4fb22799b,76518cc8387a1f632b388e2e37f906879dcd73f32c6bc6a13443f15449e896bb,primary_three_class,4,xgboost_raw,"[2,3,4]",311,2,4,0
phase3a_v3_20260907T141213Z_f6e6a0a,9a94052e8fc96ff0894c89cfe99eca898e1e0da5ed697c7fabac99e4fb22799b,76518cc8387a1f632b388e2e37f906879dcd73f32c6bc6a13443f15449e896bb,primary_three_class,4,xgboost_raw,"[2,3,4]",311,3,2,2
phase3a_v3_20260907T141213Z_f6e6a0a,9a94052e8fc96ff0894c89cfe99eca898e1e0da5ed697c7fabac99e4fb22799b,76518cc8387a1f632b388e2e37f906879dcd73f32c6bc6a13443f15449e896bb,primary_three_class,4,xgboost_raw,"[2,3,4]",311,3,3,207
phase3a_v3_20260907T141213Z_f6e6a0a,9a94052e8fc96ff0894c89cfe99eca898e1e0da5ed697c7fabac99e4fb22799b,76518cc8387a1f632b388e2e37f906879dcd73f32c6bc6a13443f15449e896bb,primary_three_class,4,xgboost_raw,"[2,3,4]",311,3,4,34
phase3a_v3_20260907T141213Z_f6e6a0a,9a94052e8fc96ff0894c89cfe99eca898e1e0da5ed697c7fabac99e4fb22799b,76518cc8387a1f632b388e2e37f906879dcd73f32c6bc6a13443f15449e896bb,primary_three_class,4,xgboost_raw,"[2,3,4]",311,4,2,0
phase3a_v3_20260907T141213Z_f6e6a0a,9a94052e8fc96ff0894c89cfe99eca898e1e0da5ed697c7fabac99e4fb22799b,76518cc8387a1f632b388e2e37f906879dcd73f32c6bc6a13443f15449e896bb,primary_three_class,4,xgboost_raw,"[2,3,4]",311,4,3,31
phase3a_v3_20260907T141213Z_f6e6a0a,9a94052e8fc96ff0894c89cfe99eca898e1e0da5ed697c7fabac99e4fb22799b,76518cc8387a1f632b388e2e37f906879dcd73f32c6bc6a13443f15449e896bb,primary_three_class,4,xgboost_raw,"[2,3,4]",311,4,4,6
phase3a_v3_20260907T141213Z_f6e6a0a,9a94052e8fc96ff0894c89cfe99eca898e1e0da5ed697c7fabac99e4fb22799b,76518cc8387a1f632b388e2e37f906879dcd73f32c6bc6a13443f15449e896bb,primary_three_class,4,xgboost_sigmoid,"[2,3,4]",311,2,2,30
phase3a_v3_20260907T141213Z_f6e6a0a,9a94052e8fc96ff0894c89cfe99eca898e1e0da5ed697c7fabac99e4fb22799b,76518cc8387a1f632b388e2e37f906879dcd73f32c6bc6a13443f15449e896bb,primary_three_class,4,xgboost_sigmoid,"[2,3,4]",311,2,3,1
phase3a_v3_20260907T141213Z_f6e6a0a,9a94052e8fc96ff0894c89cfe99eca898e1e0da5ed697c7fabac99e4fb22799b,76518cc8387a1f632b388e2e37f906879dcd73f32c6bc6a13443f15449e896bb,primary_three_class,4,xgboost_sigmoid,"[2,3,4]",311,2,4,0
phase3a_v3_20260907T141213Z_f6e6a0a,9a94052e8fc96ff0894c89cfe99eca898e1e0da5ed697c7fabac99e4fb22799b,76518cc8387a1f632b388e2e37f906879dcd73f32c6bc6a13443f15449e896bb,primary_three_class,4,xgboost_sigmoid,"[2,3,4]",311,3,2,2
phase3a_v3_20260907T141213Z_f6e6a0a,9a94052e8fc96ff0894c89cfe99eca898e1e0da5ed697c7fabac99e4fb22799b,76518cc8387a1f632b388e2e37f906879dcd73f32c6bc6a13443f15449e896bb,primary_three_class,4,xgboost_sigmoid,"[2,3,4]",311,3,3,241
phase3a_v3_20260907T141213Z_f6e6a0a,9a94052e8fc96ff0894c89cfe99eca898e1e0da5ed697c7fabac99e4fb22799b,76518cc8387a1f632b388e2e37f906879dcd73f32c6bc6a13443f15449e896bb,primary_three_class,4,xgboost_sigmoid,"[2,3,4]",311,3,4,0
phase3a_v3_20260907T141213Z_f6e6a0a,9a94052e8fc96ff0894c89cfe99eca898e1e0da5ed697c7fabac99e4fb22799b,76518cc8387a1f632b388e2e37f906879dcd73f32c6bc6a13443f15449e896bb,primary_three_class,4,xgboost_sigmoid,"[2,3,4]",311,4,2,0
phase3a_v3_20260907T141213Z_f6e6a0a,9a94052e8fc96ff0894c89cfe99eca898e1e0da5ed697c7fabac99e4fb22799b,76518cc8387a1f632b388e2e37f906879dcd73f32c6bc6a13443f15449e896bb,primary_three_class,4,xgboost_sigmoid,"[2,3,4]",311,4,3,37
phase3a_v3_20260907T141213Z_f6e6a0a,9a94052e8fc96ff0894c89cfe99eca898e1e0da5ed697c7fabac99e4fb22799b,76518cc8387a1f632b388e2e37f906879dcd73f32c6bc6a13443f15449e896bb,primary_three_class,4,xgboost_sigmoid,"[2,3,4]",311,4,4,0
phase3a_v3_20260907T141213Z_f6e6a0a,9a94052e8fc96ff0894c89cfe99eca898e1e0da5ed697c7fabac99e4fb22799b,76518cc8387a1f632b388e2e37f906879dcd73f32c6bc6a13443f15449e896bb,primary_three_class,5,majority_baseline,"[2,3,4]",311,2,2,0
phase3a_v3_20260907T141213Z_f6e6a0a,9a94052e8fc96ff0894c89cfe99eca898e1e0da5ed697c7fabac99e4fb22799b,76518cc8387a1f632b388e2e37f906879dcd73f32c6bc6a13443f15449e896bb,primary_three_class,5,majority_baseline,"[2,3,4]",311,2,3,31
phase3a_v3_20260907T141213Z_f6e6a0a,9a94052e8fc96ff0894c89cfe99eca898e1e0da5ed697c7fabac99e4fb22799b,76518cc8387a1f632b388e2e37f906879dcd73f32c6bc6a13443f15449e896bb,primary_three_class,5,majority_baseline,"[2,3,4]",311,2,4,0
phase3a_v3_20260907T141213Z_f6e6a0a,9a94052e8fc96ff0894c89cfe99eca898e1e0da5ed697c7fabac99e4fb22799b,76518cc8387a1f632b388e2e37f906879dcd73f32c6bc6a13443f15449e896bb,primary_three_class,5,majority_baseline,"[2,3,4]",311,3,2,0
phase3a_v3_20260907T141213Z_f6e6a0a,9a94052e8fc96ff0894c89cfe99eca898e1e0da5ed697c7fabac99e4fb22799b,76518cc8387a1f632b388e2e37f906879dcd73f32c6bc6a13443f15449e896bb,primary_three_class,5,majority_baseline,"[2,3,4]",311,3,3,243
phase3a_v3_20260907T141213Z_f6e6a0a,9a94052e8fc96ff0894c89cfe99eca898e1e0da5ed697c7fabac99e4fb22799b,76518cc8387a1f632b388e2e37f906879dcd73f32c6bc6a13443f15449e896bb,primary_three_class,5,majority_baseline,"[2,3,4]",311,3,4,0
phase3a_v3_20260907T141213Z_f6e6a0a,9a94052e8fc96ff0894c89cfe99eca898e1e0da5ed697c7fabac99e4fb22799b,76518cc8387a1f632b388e2e37f906879dcd73f32c6bc6a13443f15449e896bb,primary_three_class,5,majority_baseline,"[2,3,4]",311,4,2,0
phase3a_v3_20260907T141213Z_f6e6a0a,9a94052e8fc96ff0894c89cfe99eca898e1e0da5ed697c7fabac99e4fb22799b,76518cc8387a1f632b388e2e37f906879dcd73f32c6bc6a13443f15449e896bb,primary_three_class,5,majority_baseline,"[2,3,4]",311,4,3,37
phase3a_v3_20260907T141213Z_f6e6a0a,9a94052e8fc96ff0894c89cfe99eca898e1e0da5ed697c7fabac99e4fb22799b,76518cc8387a1f632b388e2e37f906879dcd73f32c6bc6a13443f15449e896bb,primary_three_class,5,majority_baseline,"[2,3,4]",311,4,4,0
phase3a_v3_20260907T141213Z_f6e6a0a,9a94052e8fc96ff0894c89cfe99eca898e1e0da5ed697c7fabac99e4fb22799b,76518cc8387a1f632b388e2e37f906879dcd73f32c6bc6a13443f15449e896bb,primary_three_class,5,ordinal_median_baseline,"[2,3,4]",311,2,2,0
phase3a_v3_20260907T141213Z_f6e6a0a,9a94052e8fc96ff0894c89cfe99eca898e1e0da5ed697c7fabac99e4fb22799b,76518cc8387a1f632b388e2e37f906879dcd73f32c6bc6a13443f15449e896bb,primary_three_class,5,ordinal_median_baseline,"[2,3,4]",311,2,3,31
phase3a_v3_20260907T141213Z_f6e6a0a,9a94052e8fc96ff0894c89cfe99eca898e1e0da5ed697c7fabac99e4fb22799b,76518cc8387a1f632b388e2e37f906879dcd73f32c6bc6a13443f15449e896bb,primary_three_class,5,ordinal_median_baseline,"[2,3,4]",311,2,4,0
phase3a_v3_20260907T141213Z_f6e6a0a,9a94052e8fc96ff0894c89cfe99eca898e1e0da5ed697c7fabac99e4fb22799b,76518cc8387a1f632b388e2e37f906879dcd73f32c6bc6a13443f15449e896bb,primary_three_class,5,ordinal_median_baseline,"[2,3,4]",311,3,2,0
phase3a_v3_20260907T141213Z_f6e6a0a,9a94052e8fc96ff0894c89cfe99eca898e1e0da5ed697c7fabac99e4fb22799b,76518cc8387a1f632b388e2e37f906879dcd73f32c6bc6a13443f15449e896bb,primary_three_class,5,ordinal_median_baseline,"[2,3,4]",311,3,3,243
phase3a_v3_20260907T141213Z_f6e6a0a,9a94052e8fc96ff0894c89cfe99eca898e1e0da5ed697c7fabac99e4fb22799b,76518cc8387a1f632b388e2e37f906879dcd73f32c6bc6a13443f15449e896bb,primary_three_class,5,ordinal_median_baseline,"[2,3,4]",311,3,4,0
phase3a_v3_20260907T141213Z_f6e6a0a,9a94052e8fc96ff0894c89cfe99eca898e1e0da5ed697c7fabac99e4fb22799b,76518cc8387a1f632b388e2e37f906879dcd73f32c6bc6a13443f15449e896bb,primary_three_class,5,ordinal_median_baseline,"[2,3,4]",311,4,2,0
phase3a_v3_20260907T141213Z_f6e6a0a,9a94052e8fc96ff0894c89cfe99eca898e1e0da5ed697c7fabac99e4fb22799b,76518cc8387a1f632b388e2e37f906879dcd73f32c6bc6a13443f15449e896bb,primary_three_class,5,ordinal_median_baseline,"[2,3,4]",311,4,3,37
phase3a_v3_20260907T141213Z_f6e6a0a,9a94052e8fc96ff0894c89cfe99eca898e1e0da5ed697c7fabac99e4fb22799b,76518cc8387a1f632b388e2e37f906879dcd73f32c6bc6a13443f15449e896bb,primary_three_class,5,ordinal_median_baseline,"[2,3,4]",311,4,4,0
phase3a_v3_20260907T141213Z_f6e6a0a,9a94052e8fc96ff0894c89cfe99eca898e1e0da5ed697c7fabac99e4fb22799b,76518cc8387a1f632b388e2e37f906879dcd73f32c6bc6a13443f15449e896bb,primary_three_class,5,stratified_baseline,"[2,3,4]",311,2,2,2
phase3a_v3_20260907T141213Z_f6e6a0a,9a94052e8fc96ff0894c89cfe99eca898e1e0da5ed697c7fabac99e4fb22799b,76518cc8387a1f632b388e2e37f906879dcd73f32c6bc6a13443f15449e896bb,primary_three_class,5,stratified_baseline,"[2,3,4]",311,2,3,25
phase3a_v3_20260907T141213Z_f6e6a0a,9a94052e8fc96ff0894c89cfe99eca898e1e0da5ed697c7fabac99e4fb22799b,76518cc8387a1f632b388e2e37f906879dcd73f32c6bc6a13443f15449e896bb,primary_three_class,5,stratified_baseline,"[2,3,4]",311,2,4,4
phase3a_v3_20260907T141213Z_f6e6a0a,9a94052e8fc96ff0894c89cfe99eca898e1e0da5ed697c7fabac99e4fb22799b,76518cc8387a1f632b388e2e37f906879dcd73f32c6bc6a13443f15449e896bb,primary_three_class,5,stratified_baseline,"[2,3,4]",311,3,2,32
phase3a_v3_20260907T141213Z_f6e6a0a,9a94052e8fc96ff0894c89cfe99eca898e1e0da5ed697c7fabac99e4fb22799b,76518cc8387a1f632b388e2e37f906879dcd73f32c6bc6a13443f15449e896bb,primary_three_class,5,stratified_baseline,"[2,3,4]",311,3,3,187
phase3a_v3_20260907T141213Z_f6e6a0a,9a94052e8fc96ff0894c89cfe99eca898e1e0da5ed697c7fabac99e4fb22799b,76518cc8387a1f632b388e2e37f906879dcd73f32c6bc6a13443f15449e896bb,primary_three_class,5,stratified_baseline,"[2,3,4]",311,3,4,24
phase3a_v3_20260907T141213Z_f6e6a0a,9a94052e8fc96ff0894c89cfe99eca898e1e0da5ed697c7fabac99e4fb22799b,76518cc8387a1f632b388e2e37f906879dcd73f32c6bc6a13443f15449e896bb,primary_three_class,5,stratified_baseline,"[2,3,4]",311,4,2,7
phase3a_v3_20260907T141213Z_f6e6a0a,9a94052e8fc96ff0894c89cfe99eca898e1e0da5ed697c7fabac99e4fb22799b,76518cc8387a1f632b388e2e37f906879dcd73f32c6bc6a13443f15449e896bb,primary_three_class,5,stratified_baseline,"[2,3,4]",311,4,3,28
phase3a_v3_20260907T141213Z_f6e6a0a,9a94052e8fc96ff0894c89cfe99eca898e1e0da5ed697c7fabac99e4fb22799b,76518cc8387a1f632b388e2e37f906879dcd73f32c6bc6a13443f15449e896bb,primary_three_class,5,stratified_baseline,"[2,3,4]",311,4,4,2
phase3a_v3_20260907T141213Z_f6e6a0a,9a94052e8fc96ff0894c89cfe99eca898e1e0da5ed697c7fabac99e4fb22799b,76518cc8387a1f632b388e2e37f906879dcd73f32c6bc6a13443f15449e896bb,primary_three_class,5,xgboost_raw,"[2,3,4]",311,2,2,30
phase3a_v3_20260907T141213Z_f6e6a0a,9a94052e8fc96ff0894c89cfe99eca898e1e0da5ed697c7fabac99e4fb22799b,76518cc8387a1f632b388e2e37f906879dcd73f32c6bc6a13443f15449e896bb,primary_three_class,5,xgboost_raw,"[2,3,4]",311,2,3,1
phase3a_v3_20260907T141213Z_f6e6a0a,9a94052e8fc96ff0894c89cfe99eca898e1e0da5ed697c7fabac99e4fb22799b,76518cc8387a1f632b388e2e37f906879dcd73f32c6bc6a13443f15449e896bb,primary_three_class,5,xgboost_raw,"[2,3,4]",311,2,4,0
phase3a_v3_20260907T141213Z_f6e6a0a,9a94052e8fc96ff0894c89cfe99eca898e1e0da5ed697c7fabac99e4fb22799b,76518cc8387a1f632b388e2e37f906879dcd73f32c6bc6a13443f15449e896bb,primary_three_class,5,xgboost_raw,"[2,3,4]",311,3,2,1
phase3a_v3_20260907T141213Z_f6e6a0a,9a94052e8fc96ff0894c89cfe99eca898e1e0da5ed697c7fabac99e4fb22799b,76518cc8387a1f632b388e2e37f906879dcd73f32c6bc6a13443f15449e896bb,primary_three_class,5,xgboost_raw,"[2,3,4]",311,3,3,217
phase3a_v3_20260907T141213Z_f6e6a0a,9a94052e8fc96ff0894c89cfe99eca898e1e0da5ed697c7fabac99e4fb22799b,76518cc8387a1f632b388e2e37f906879dcd73f32c6bc6a13443f15449e896bb,primary_three_class,5,xgboost_raw,"[2,3,4]",311,3,4,25
phase3a_v3_20260907T141213Z_f6e6a0a,9a94052e8fc96ff0894c89cfe99eca898e1e0da5ed697c7fabac99e4fb22799b,76518cc8387a1f632b388e2e37f906879dcd73f32c6bc6a13443f15449e896bb,primary_three_class,5,xgboost_raw,"[2,3,4]",311,4,2,0
phase3a_v3_20260907T141213Z_f6e6a0a,9a94052e8fc96ff0894c89cfe99eca898e1e0da5ed697c7fabac99e4fb22799b,76518cc8387a1f632b388e2e37f906879dcd73f32c6bc6a13443f15449e896bb,primary_three_class,5,xgboost_raw,"[2,3,4]",311,4,3,33
phase3a_v3_20260907T141213Z_f6e6a0a,9a94052e8fc96ff0894c89cfe99eca898e1e0da5ed697c7fabac99e4fb22799b,76518cc8387a1f632b388e2e37f906879dcd73f32c6bc6a13443f15449e896bb,primary_three_class,5,xgboost_raw,"[2,3,4]",311,4,4,4
phase3a_v3_20260907T141213Z_f6e6a0a,9a94052e8fc96ff0894c89cfe99eca898e1e0da5ed697c7fabac99e4fb22799b,76518cc8387a1f632b388e2e37f906879dcd73f32c6bc6a13443f15449e896bb,primary_three_class,5,xgboost_sigmoid,"[2,3,4]",311,2,2,29
phase3a_v3_20260907T141213Z_f6e6a0a,9a94052e8fc96ff0894c89cfe99eca898e1e0da5ed697c7fabac99e4fb22799b,76518cc8387a1f632b388e2e37f906879dcd73f32c6bc6a13443f15449e896bb,primary_three_class,5,xgboost_sigmoid,"[2,3,4]",311,2,3,2
phase3a_v3_20260907T141213Z_f6e6a0a,9a94052e8fc96ff0894c89cfe99eca898e1e0da5ed697c7fabac99e4fb22799b,76518cc8387a1f632b388e2e37f906879dcd73f32c6bc6a13443f15449e896bb,primary_three_class,5,xgboost_sigmoid,"[2,3,4]",311,2,4,0
phase3a_v3_20260907T141213Z_f6e6a0a,9a94052e8fc96ff0894c89cfe99eca898e1e0da5ed697c7fabac99e4fb22799b,76518cc8387a1f632b388e2e37f906879dcd73f32c6bc6a13443f15449e896bb,primary_three_class,5,xgboost_sigmoid,"[2,3,4]",311,3,2,0
phase3a_v3_20260907T141213Z_f6e6a0a,9a94052e8fc96ff0894c89cfe99eca898e1e0da5ed697c7fabac99e4fb22799b,76518cc8387a1f632b388e2e37f906879dcd73f32c6bc6a13443f15449e896bb,primary_three_class,5,xgboost_sigmoid,"[2,3,4]",311,3,3,243
phase3a_v3_20260907T141213Z_f6e6a0a,9a94052e8fc96ff0894c89cfe99eca898e1e0da5ed697c7fabac99e4fb22799b,76518cc8387a1f632b388e2e37f906879dcd73f32c6bc6a13443f15449e896bb,primary_three_class,5,xgboost_sigmoid,"[2,3,4]",311,3,4,0
phase3a_v3_20260907T141213Z_f6e6a0a,9a94052e8fc96ff0894c89cfe99eca898e1e0da5ed697c7fabac99e4fb22799b,76518cc8387a1f632b388e2e37f906879dcd73f32c6bc6a13443f15449e896bb,primary_three_class,5,xgboost_sigmoid,"[2,3,4]",311,4,2,0
phase3a_v3_20260907T141213Z_f6e6a0a,9a94052e8fc96ff0894c89cfe99eca898e1e0da5ed697c7fabac99e4fb22799b,76518cc8387a1f632b388e2e37f906879dcd73f32c6bc6a13443f15449e896bb,primary_three_class,5,xgboost_sigmoid,"[2,3,4]",311,4,3,37
phase3a_v3_20260907T141213Z_f6e6a0a,9a94052e8fc96ff0894c89cfe99eca898e1e0da5ed697c7fabac99e4fb22799b,76518cc8387a1f632b388e2e37f906879dcd73f32c6bc6a13443f15449e896bb,primary_three_class,5,xgboost_sigmoid,"[2,3,4]",311,4,4,0
phase3a_v3_20260907T141213Z_f6e6a0a,9a94052e8fc96ff0894c89cfe99eca898e1e0da5ed697c7fabac99e4fb22799b,76518cc8387a1f632b388e2e37f906879dcd73f32c6bc6a13443f15449e896bb,raw_order_four_class,1,majority_baseline,"[1,2,3,4]",311,1,1,0
phase3a_v3_20260907T141213Z_f6e6a0a,9a94052e8fc96ff0894c89cfe99eca898e1e0da5ed697c7fabac99e4fb22799b,76518cc8387a1f632b388e2e37f906879dcd73f32c6bc6a13443f15449e896bb,raw_order_four_class,1,majority_baseline,"[1,2,3,4]",311,1,2,0
phase3a_v3_20260907T141213Z_f6e6a0a,9a94052e8fc96ff0894c89cfe99eca898e1e0da5ed697c7fabac99e4fb22799b,76518cc8387a1f632b388e2e37f906879dcd73f32c6bc6a13443f15449e896bb,raw_order_four_class,1,majority_baseline,"[1,2,3,4]",311,1,3,13
phase3a_v3_20260907T141213Z_f6e6a0a,9a94052e8fc96ff0894c89cfe99eca898e1e0da5ed697c7fabac99e4fb22799b,76518cc8387a1f632b388e2e37f906879dcd73f32c6bc6a13443f15449e896bb,raw_order_four_class,1,majority_baseline,"[1,2,3,4]",311,1,4,0
phase3a_v3_20260907T141213Z_f6e6a0a,9a94052e8fc96ff0894c89cfe99eca898e1e0da5ed697c7fabac99e4fb22799b,76518cc8387a1f632b388e2e37f906879dcd73f32c6bc6a13443f15449e896bb,raw_order_four_class,1,majority_baseline,"[1,2,3,4]",311,2,1,0
phase3a_v3_20260907T141213Z_f6e6a0a,9a94052e8fc96ff0894c89cfe99eca898e1e0da5ed697c7fabac99e4fb22799b,76518cc8387a1f632b388e2e37f906879dcd73f32c6bc6a13443f15449e896bb,raw_order_four_class,1,majority_baseline,"[1,2,3,4]",311,2,2,0
phase3a_v3_20260907T141213Z_f6e6a0a,9a94052e8fc96ff0894c89cfe99eca898e1e0da5ed697c7fabac99e4fb22799b,76518cc8387a1f632b388e2e37f906879dcd73f32c6bc6a13443f15449e896bb,raw_order_four_class,1,majority_baseline,"[1,2,3,4]",311,2,3,18
phase3a_v3_20260907T141213Z_f6e6a0a,9a94052e8fc96ff0894c89cfe99eca898e1e0da5ed697c7fabac99e4fb22799b,76518cc8387a1f632b388e2e37f906879dcd73f32c6bc6a13443f15449e896bb,raw_order_four_class,1,majority_baseline,"[1,2,3,4]",311,2,4,0
phase3a_v3_20260907T141213Z_f6e6a0a,9a94052e8fc96ff0894c89cfe99eca898e1e0da5ed697c7fabac99e4fb22799b,76518cc8387a1f632b388e2e37f906879dcd73f32c6bc6a13443f15449e896bb,raw_order_four_class,1,majority_baseline,"[1,2,3,4]",311,3,1,0
phase3a_v3_20260907T141213Z_f6e6a0a,9a94052e8fc96ff0894c89cfe99eca898e1e0da5ed697c7fabac99e4fb22799b,76518cc8387a1f632b388e2e37f906879dcd73f32c6bc6a13443f15449e896bb,raw_order_four_class,1,majority_baseline,"[1,2,3,4]",311,3,2,0
phase3a_v3_20260907T141213Z_f6e6a0a,9a94052e8fc96ff0894c89cfe99eca898e1e0da5ed697c7fabac99e4fb22799b,76518cc8387a1f632b388e2e37f906879dcd73f32c6bc6a13443f15449e896bb,raw_order_four_class,1,majority_baseline,"[1,2,3,4]",311,3,3,243
phase3a_v3_20260907T141213Z_f6e6a0a,9a94052e8fc96ff0894c89cfe99eca898e1e0da5ed697c7fabac99e4fb22799b,76518cc8387a1f632b388e2e37f906879dcd73f32c6bc6a13443f15449e896bb,raw_order_four_class,1,majority_baseline,"[1,2,3,4]",311,3,4,0
phase3a_v3_20260907T141213Z_f6e6a0a,9a94052e8fc96ff0894c89cfe99eca898e1e0da5ed697c7fabac99e4fb22799b,76518cc8387a1f632b388e2e37f906879dcd73f32c6bc6a13443f15449e896bb,raw_order_four_class,1,majority_baseline,"[1,2,3,4]",311,4,1,0
phase3a_v3_20260907T141213Z_f6e6a0a,9a94052e8fc96ff0894c89cfe99eca898e1e0da5ed697c7fabac99e4fb22799b,76518cc8387a1f632b388e2e37f906879dcd73f32c6bc6a13443f15449e896bb,raw_order_four_class,1,majority_baseline,"[1,2,3,4]",311,4,2,0
phase3a_v3_20260907T141213Z_f6e6a0a,9a94052e8fc96ff0894c89cfe99eca898e1e0da5ed697c7fabac99e4fb22799b,76518cc8387a1f632b388e2e37f906879dcd73f32c6bc6a13443f15449e896bb,raw_order_four_class,1,majority_baseline,"[1,2,3,4]",311,4,3,37
phase3a_v3_20260907T141213Z_f6e6a0a,9a94052e8fc96ff0894c89cfe99eca898e1e0da5ed697c7fabac99e4fb22799b,76518cc8387a1f632b388e2e37f906879dcd73f32c6bc6a13443f15449e896bb,raw_order_four_class,1,majority_baseline,"[1,2,3,4]",311,4,4,0
phase3a_v3_20260907T141213Z_f6e6a0a,9a94052e8fc96ff0894c89cfe99eca898e1e0da5ed697c7fabac99e4fb22799b,76518cc8387a1f632b388e2e37f906879dcd73f32c6bc6a13443f15449e896bb,raw_order_four_class,1,ordinal_median_baseline,"[1,2,3,4]",311,1,1,0
phase3a_v3_20260907T141213Z_f6e6a0a,9a94052e8fc96ff0894c89cfe99eca898e1e0da5ed697c7fabac99e4fb22799b,76518cc8387a1f632b388e2e37f906879dcd73f32c6bc6a13443f15449e896bb,raw_order_four_class,1,ordinal_median_baseline,"[1,2,3,4]",311,1,2,0
phase3a_v3_20260907T141213Z_f6e6a0a,9a94052e8fc96ff0894c89cfe99eca898e1e0da5ed697c7fabac99e4fb22799b,76518cc8387a1f632b388e2e37f906879dcd73f32c6bc6a13443f15449e896bb,raw_order_four_class,1,ordinal_median_baseline,"[1,2,3,4]",311,1,3,13
phase3a_v3_20260907T141213Z_f6e6a0a,9a94052e8fc96ff0894c89cfe99eca898e1e0da5ed697c7fabac99e4fb22799b,76518cc8387a1f632b388e2e37f906879dcd73f32c6bc6a13443f15449e896bb,raw_order_four_class,1,ordinal_median_baseline,"[1,2,3,4]",311,1,4,0
phase3a_v3_20260907T141213Z_f6e6a0a,9a94052e8fc96ff0894c89cfe99eca898e1e0da5ed697c7fabac99e4fb22799b,76518cc8387a1f632b388e2e37f906879dcd73f32c6bc6a13443f15449e896bb,raw_order_four_class,1,ordinal_median_baseline,"[1,2,3,4]",311,2,1,0
phase3a_v3_20260907T141213Z_f6e6a0a,9a94052e8fc96ff0894c89cfe99eca898e1e0da5ed697c7fabac99e4fb22799b,76518cc8387a1f632b388e2e37f906879dcd73f32c6bc6a13443f15449e896bb,raw_order_four_class,1,ordinal_median_baseline,"[1,2,3,4]",311,2,2,0
phase3a_v3_20260907T141213Z_f6e6a0a,9a94052e8fc96ff0894c89cfe99eca898e1e0da5ed697c7fabac99e4fb22799b,76518cc8387a1f632b388e2e37f906879dcd73f32c6bc6a13443f15449e896bb,raw_order_four_class,1,ordinal_median_baseline,"[1,2,3,4]",311,2,3,18
phase3a_v3_20260907T141213Z_f6e6a0a,9a94052e8fc96ff0894c89cfe99eca898e1e0da5ed697c7fabac99e4fb22799b,76518cc8387a1f632b388e2e37f906879dcd73f32c6bc6a13443f15449e896bb,raw_order_four_class,1,ordinal_median_baseline,"[1,2,3,4]",311,2,4,0
phase3a_v3_20260907T141213Z_f6e6a0a,9a94052e8fc96ff0894c89cfe99eca898e1e0da5ed697c7fabac99e4fb22799b,76518cc8387a1f632b388e2e37f906879dcd73f32c6bc6a13443f15449e896bb,raw_order_four_class,1,ordinal_median_baseline,"[1,2,3,4]",311,3,1,0
phase3a_v3_20260907T141213Z_f6e6a0a,9a94052e8fc96ff0894c89cfe99eca898e1e0da5ed697c7fabac99e4fb22799b,76518cc8387a1f632b388e2e37f906879dcd73f32c6bc6a13443f15449e896bb,raw_order_four_class,1,ordinal_median_baseline,"[1,2,3,4]",311,3,2,0
phase3a_v3_20260907T141213Z_f6e6a0a,9a94052e8fc96ff0894c89cfe99eca898e1e0da5ed697c7fabac99e4fb22799b,76518cc8387a1f632b388e2e37f906879dcd73f32c6bc6a13443f15449e896bb,raw_order_four_class,1,ordinal_median_baseline,"[1,2,3,4]",311,3,3,243
phase3a_v3_20260907T141213Z_f6e6a0a,9a94052e8fc96ff0894c89cfe99eca898e1e0da5ed697c7fabac99e4fb22799b,76518cc8387a1f632b388e2e37f906879dcd73f32c6bc6a13443f15449e896bb,raw_order_four_class,1,ordinal_median_baseline,"[1,2,3,4]",311,3,4,0
phase3a_v3_20260907T141213Z_f6e6a0a,9a94052e8fc96ff0894c89cfe99eca898e1e0da5ed697c7fabac99e4fb22799b,76518cc8387a1f632b388e2e37f906879dcd73f32c6bc6a13443f15449e896bb,raw_order_four_class,1,ordinal_median_baseline,"[1,2,3,4]",311,4,1,0
phase3a_v3_20260907T141213Z_f6e6a0a,9a94052e8fc96ff0894c89cfe99eca898e1e0da5ed697c7fabac99e4fb22799b,76518cc8387a1f632b388e2e37f906879dcd73f32c6bc6a13443f15449e896bb,raw_order_four_class,1,ordinal_median_baseline,"[1,2,3,4]",311,4,2,0
phase3a_v3_20260907T141213Z_f6e6a0a,9a94052e8fc96ff0894c89cfe99eca898e1e0da5ed697c7fabac99e4fb22799b,76518cc8387a1f632b388e2e37f906879dcd73f32c6bc6a13443f15449e896bb,raw_order_four_class,1,ordinal_median_baseline,"[1,2,3,4]",311,4,3,37
phase3a_v3_20260907T141213Z_f6e6a0a,9a94052e8fc96ff0894c89cfe99eca898e1e0da5ed697c7fabac99e4fb22799b,76518cc8387a1f632b388e2e37f906879dcd73f32c6bc6a13443f15449e896bb,raw_order_four_class,1,ordinal_median_baseline,"[1,2,3,4]",311,4,4,0
phase3a_v3_20260907T141213Z_f6e6a0a,9a94052e8fc96ff0894c89cfe99eca898e1e0da5ed697c7fabac99e4fb22799b,76518cc8387a1f632b388e2e37f906879dcd73f32c6bc6a13443f15449e896bb,raw_order_four_class,1,stratified_baseline,"[1,2,3,4]",311,1,1,0
phase3a_v3_20260907T141213Z_f6e6a0a,9a94052e8fc96ff0894c89cfe99eca898e1e0da5ed697c7fabac99e4fb22799b,76518cc8387a1f632b388e2e37f906879dcd73f32c6bc6a13443f15449e896bb,raw_order_four_class,1,stratified_baseline,"[1,2,3,4]",311,1,2,0
phase3a_v3_20260907T141213Z_f6e6a0a,9a94052e8fc96ff0894c89cfe99eca898e1e0da5ed697c7fabac99e4fb22799b,76518cc8387a1f632b388e2e37f906879dcd73f32c6bc6a13443f15449e896bb,raw_order_four_class,1,stratified_baseline,"[1,2,3,4]",311,1,3,9
phase3a_v3_20260907T141213Z_f6e6a0a,9a94052e8fc96ff0894c89cfe99eca898e1e0da5ed697c7fabac99e4fb22799b,76518cc8387a1f632b388e2e37f906879dcd73f32c6bc6a13443f15449e896bb,raw_order_four_class,1,stratified_baseline,"[1,2,3,4]",311,1,4,4
phase3a_v3_20260907T141213Z_f6e6a0a,9a94052e8fc96ff0894c89cfe99eca898e1e0da5ed697c7fabac99e4fb22799b,76518cc8387a1f632b388e2e37f906879dcd73f32c6bc6a13443f15449e896bb,raw_order_four_class,1,stratified_baseline,"[1,2,3,4]",311,2,1,1
phase3a_v3_20260907T141213Z_f6e6a0a,9a94052e8fc96ff0894c89cfe99eca898e1e0da5ed697c7fabac99e4fb22799b,76518cc8387a1f632b388e2e37f906879dcd73f32c6bc6a13443f15449e896bb,raw_order_four_class,1,stratified_baseline,"[1,2,3,4]",311,2,2,1
phase3a_v3_20260907T141213Z_f6e6a0a,9a94052e8fc96ff0894c89cfe99eca898e1e0da5ed697c7fabac99e4fb22799b,76518cc8387a1f632b388e2e37f906879dcd73f32c6bc6a13443f15449e896bb,raw_order_four_class,1,stratified_baseline,"[1,2,3,4]",311,2,3,14
phase3a_v3_20260907T141213Z_f6e6a0a,9a94052e8fc96ff0894c89cfe99eca898e1e0da5ed697c7fabac99e4fb22799b,76518cc8387a1f632b388e2e37f906879dcd73f32c6bc6a13443f15449e896bb,raw_order_four_class,1,stratified_baseline,"[1,2,3,4]",311,2,4,2
phase3a_v3_20260907T141213Z_f6e6a0a,9a94052e8fc96ff0894c89cfe99eca898e1e0da5ed697c7fabac99e4fb22799b,76518cc8387a1f632b388e2e37f906879dcd73f32c6bc6a13443f15449e896bb,raw_order_four_class,1,stratified_baseline,"[1,2,3,4]",311,3,1,3
phase3a_v3_20260907T141213Z_f6e6a0a,9a94052e8fc96ff0894c89cfe99eca898e1e0da5ed697c7fabac99e4fb22799b,76518cc8387a1f632b388e2e37f906879dcd73f32c6bc6a13443f15449e896bb,raw_order_four_class,1,stratified_baseline,"[1,2,3,4]",311,3,2,16
phase3a_v3_20260907T141213Z_f6e6a0a,9a94052e8fc96ff0894c89cfe99eca898e1e0da5ed697c7fabac99e4fb22799b,76518cc8387a1f632b388e2e37f906879dcd73f32c6bc6a13443f15449e896bb,raw_order_four_class,1,stratified_baseline,"[1,2,3,4]",311,3,3,193
phase3a_v3_20260907T141213Z_f6e6a0a,9a94052e8fc96ff0894c89cfe99eca898e1e0da5ed697c7fabac99e4fb22799b,76518cc8387a1f632b388e2e37f906879dcd73f32c6bc6a13443f15449e896bb,raw_order_four_class,1,stratified_baseline,"[1,2,3,4]",311,3,4,31
phase3a_v3_20260907T141213Z_f6e6a0a,9a94052e8fc96ff0894c89cfe99eca898e1e0da5ed697c7fabac99e4fb22799b,76518cc8387a1f632b388e2e37f906879dcd73f32c6bc6a13443f15449e896bb,raw_order_four_class,1,stratified_baseline,"[1,2,3,4]",311,4,1,2
phase3a_v3_20260907T141213Z_f6e6a0a,9a94052e8fc96ff0894c89cfe99eca898e1e0da5ed697c7fabac99e4fb22799b,76518cc8387a1f632b388e2e37f906879dcd73f32c6bc6a13443f15449e896bb,raw_order_four_class,1,stratified_baseline,"[1,2,3,4]",311,4,2,3
phase3a_v3_20260907T141213Z_f6e6a0a,9a94052e8fc96ff0894c89cfe99eca898e1e0da5ed697c7fabac99e4fb22799b,76518cc8387a1f632b388e2e37f906879dcd73f32c6bc6a13443f15449e896bb,raw_order_four_class,1,stratified_baseline,"[1,2,3,4]",311,4,3,27
phase3a_v3_20260907T141213Z_f6e6a0a,9a94052e8fc96ff0894c89cfe99eca898e1e0da5ed697c7fabac99e4fb22799b,76518cc8387a1f632b388e2e37f906879dcd73f32c6bc6a13443f15449e896bb,raw_order_four_class,1,stratified_baseline,"[1,2,3,4]",311,4,4,5
phase3a_v3_20260907T141213Z_f6e6a0a,9a94052e8fc96ff0894c89cfe99eca898e1e0da5ed697c7fabac99e4fb22799b,76518cc8387a1f632b388e2e37f906879dcd73f32c6bc6a13443f15449e896bb,raw_order_four_class,1,xgboost_raw,"[1,2,3,4]",311,1,1,6
phase3a_v3_20260907T141213Z_f6e6a0a,9a94052e8fc96ff0894c89cfe99eca898e1e0da5ed697c7fabac99e4fb22799b,76518cc8387a1f632b388e2e37f906879dcd73f32c6bc6a13443f15449e896bb,raw_order_four_class,1,xgboost_raw,"[1,2,3,4]",311,1,2,6
phase3a_v3_20260907T141213Z_f6e6a0a,9a94052e8fc96ff0894c89cfe99eca898e1e0da5ed697c7fabac99e4fb22799b,76518cc8387a1f632b388e2e37f906879dcd73f32c6bc6a13443f15449e896bb,raw_order_four_class,1,xgboost_raw,"[1,2,3,4]",311,1,3,1
phase3a_v3_20260907T141213Z_f6e6a0a,9a94052e8fc96ff0894c89cfe99eca898e1e0da5ed697c7fabac99e4fb22799b,76518cc8387a1f632b388e2e37f906879dcd73f32c6bc6a13443f15449e896bb,raw_order_four_class,1,xgboost_raw,"[1,2,3,4]",311,1,4,0
phase3a_v3_20260907T141213Z_f6e6a0a,9a94052e8fc96ff0894c89cfe99eca898e1e0da5ed697c7fabac99e4fb22799b,76518cc8387a1f632b388e2e37f906879dcd73f32c6bc6a13443f15449e896bb,raw_order_four_class,1,xgboost_raw,"[1,2,3,4]",311,2,1,1
phase3a_v3_20260907T141213Z_f6e6a0a,9a94052e8fc96ff0894c89cfe99eca898e1e0da5ed697c7fabac99e4fb22799b,76518cc8387a1f632b388e2e37f906879dcd73f32c6bc6a13443f15449e896bb,raw_order_four_class,1,xgboost_raw,"[1,2,3,4]",311,2,2,13
phase3a_v3_20260907T141213Z_f6e6a0a,9a94052e8fc96ff0894c89cfe99eca898e1e0da5ed697c7fabac99e4fb22799b,76518cc8387a1f632b388e2e37f906879dcd73f32c6bc6a13443f15449e896bb,raw_order_four_class,1,xgboost_raw,"[1,2,3,4]",311,2,3,3
phase3a_v3_20260907T141213Z_f6e6a0a,9a94052e8fc96ff0894c89cfe99eca898e1e0da5ed697c7fabac99e4fb22799b,76518cc8387a1f632b388e2e37f906879dcd73f32c6bc6a13443f15449e896bb,raw_order_four_class,1,xgboost_raw,"[1,2,3,4]",311,2,4,1
phase3a_v3_20260907T141213Z_f6e6a0a,9a94052e8fc96ff0894c89cfe99eca898e1e0da5ed697c7fabac99e4fb22799b,76518cc8387a1f632b388e2e37f906879dcd73f32c6bc6a13443f15449e896bb,raw_order_four_class,1,xgboost_raw,"[1,2,3,4]",311,3,1,0
phase3a_v3_20260907T141213Z_f6e6a0a,9a94052e8fc96ff0894c89cfe99eca898e1e0da5ed697c7fabac99e4fb22799b,76518cc8387a1f632b388e2e37f906879dcd73f32c6bc6a13443f15449e896bb,raw_order_four_class,1,xgboost_raw,"[1,2,3,4]",311,3,2,0
phase3a_v3_20260907T141213Z_f6e6a0a,9a94052e8fc96ff0894c89cfe99eca898e1e0da5ed697c7fabac99e4fb22799b,76518cc8387a1f632b388e2e37f906879dcd73f32c6bc6a13443f15449e896bb,raw_order_four_class,1,xgboost_raw,"[1,2,3,4]",311,3,3,216
phase3a_v3_20260907T141213Z_f6e6a0a,9a94052e8fc96ff0894c89cfe99eca898e1e0da5ed697c7fabac99e4fb22799b,76518cc8387a1f632b388e2e37f906879dcd73f32c6bc6a13443f15449e896bb,raw_order_four_class,1,xgboost_raw,"[1,2,3,4]",311,3,4,27
phase3a_v3_20260907T141213Z_f6e6a0a,9a94052e8fc96ff0894c89cfe99eca898e1e0da5ed697c7fabac99e4fb22799b,76518cc8387a1f632b388e2e37f906879dcd73f32c6bc6a13443f15449e896bb,raw_order_four_class,1,xgboost_raw,"[1,2,3,4]",311,4,1,0
phase3a_v3_20260907T141213Z_f6e6a0a,9a94052e8fc96ff0894c89cfe99eca898e1e0da5ed697c7fabac99e4fb22799b,76518cc8387a1f632b388e2e37f906879dcd73f32c6bc6a13443f15449e896bb,raw_order_four_class,1,xgboost_raw,"[1,2,3,4]",311,4,2,0
phase3a_v3_20260907T141213Z_f6e6a0a,9a94052e8fc96ff0894c89cfe99eca898e1e0da5ed697c7fabac99e4fb22799b,76518cc8387a1f632b388e2e37f906879dcd73f32c6bc6a13443f15449e896bb,raw_order_four_class,1,xgboost_raw,"[1,2,3,4]",311,4,3,30
phase3a_v3_20260907T141213Z_f6e6a0a,9a94052e8fc96ff0894c89cfe99eca898e1e0da5ed697c7fabac99e4fb22799b,76518cc8387a1f632b388e2e37f906879dcd73f32c6bc6a13443f15449e896bb,raw_order_four_class,1,xgboost_raw,"[1,2,3,4]",311,4,4,7
phase3a_v3_20260907T141213Z_f6e6a0a,9a94052e8fc96ff0894c89cfe99eca898e1e0da5ed697c7fabac99e4fb22799b,76518cc8387a1f632b388e2e37f906879dcd73f32c6bc6a13443f15449e896bb,raw_order_four_class,1,xgboost_sigmoid,"[1,2,3,4]",311,1,1,5
phase3a_v3_20260907T141213Z_f6e6a0a,9a94052e8fc96ff0894c89cfe99eca898e1e0da5ed697c7fabac99e4fb22799b,76518cc8387a1f632b388e2e37f906879dcd73f32c6bc6a13443f15449e896bb,raw_order_four_class,1,xgboost_sigmoid,"[1,2,3,4]",311,1,2,5
phase3a_v3_20260907T141213Z_f6e6a0a,9a94052e8fc96ff0894c89cfe99eca898e1e0da5ed697c7fabac99e4fb22799b,76518cc8387a1f632b388e2e37f906879dcd73f32c6bc6a13443f15449e896bb,raw_order_four_class,1,xgboost_sigmoid,"[1,2,3,4]",311,1,3,3
phase3a_v3_20260907T141213Z_f6e6a0a,9a94052e8fc96ff0894c89cfe99eca898e1e0da5ed697c7fabac99e4fb22799b,76518cc8387a1f632b388e2e37f906879dcd73f32c6bc6a13443f15449e896bb,raw_order_four_class,1,xgboost_sigmoid,"[1,2,3,4]",311,1,4,0
phase3a_v3_20260907T141213Z_f6e6a0a,9a94052e8fc96ff0894c89cfe99eca898e1e0da5ed697c7fabac99e4fb22799b,76518cc8387a1f632b388e2e37f906879dcd73f32c6bc6a13443f15449e896bb,raw_order_four_class,1,xgboost_sigmoid,"[1,2,3,4]",311,2,1,1
phase3a_v3_20260907T141213Z_f6e6a0a,9a94052e8fc96ff0894c89cfe99eca898e1e0da5ed697c7fabac99e4fb22799b,76518cc8387a1f632b388e2e37f906879dcd73f32c6bc6a13443f15449e896bb,raw_order_four_class,1,xgboost_sigmoid,"[1,2,3,4]",311,2,2,12
phase3a_v3_20260907T141213Z_f6e6a0a,9a94052e8fc96ff0894c89cfe99eca898e1e0da5ed697c7fabac99e4fb22799b,76518cc8387a1f632b388e2e37f906879dcd73f32c6bc6a13443f15449e896bb,raw_order_four_class,1,xgboost_sigmoid,"[1,2,3,4]",311,2,3,5
phase3a_v3_20260907T141213Z_f6e6a0a,9a94052e8fc96ff0894c89cfe99eca898e1e0da5ed697c7fabac99e4fb22799b,76518cc8387a1f632b388e2e37f906879dcd73f32c6bc6a13443f15449e896bb,raw_order_four_class,1,xgboost_sigmoid,"[1,2,3,4]",311,2,4,0
phase3a_v3_20260907T141213Z_f6e6a0a,9a94052e8fc96ff0894c89cfe99eca898e1e0da5ed697c7fabac99e4fb22799b,76518cc8387a1f632b388e2e37f906879dcd73f32c6bc6a13443f15449e896bb,raw_order_four_class,1,xgboost_sigmoid,"[1,2,3,4]",311,3,1,0
phase3a_v3_20260907T141213Z_f6e6a0a,9a94052e8fc96ff0894c89cfe99eca898e1e0da5ed697c7fabac99e4fb22799b,76518cc8387a1f632b388e2e37f906879dcd73f32c6bc6a13443f15449e896bb,raw_order_four_class,1,xgboost_sigmoid,"[1,2,3,4]",311,3,2,0
phase3a_v3_20260907T141213Z_f6e6a0a,9a94052e8fc96ff0894c89cfe99eca898e1e0da5ed697c7fabac99e4fb22799b,76518cc8387a1f632b388e2e37f906879dcd73f32c6bc6a13443f15449e896bb,raw_order_four_class,1,xgboost_sigmoid,"[1,2,3,4]",311,3,3,243
phase3a_v3_20260907T141213Z_f6e6a0a,9a94052e8fc96ff0894c89cfe99eca898e1e0da5ed697c7fabac99e4fb22799b,76518cc8387a1f632b388e2e37f906879dcd73f32c6bc6a13443f15449e896bb,raw_order_four_class,1,xgboost_sigmoid,"[1,2,3,4]",311,3,4,0
phase3a_v3_20260907T141213Z_f6e6a0a,9a94052e8fc96ff0894c89cfe99eca898e1e0da5ed697c7fabac99e4fb22799b,76518cc8387a1f632b388e2e37f906879dcd73f32c6bc6a13443f15449e896bb,raw_order_four_class,1,xgboost_sigmoid,"[1,2,3,4]",311,4,1,0
phase3a_v3_20260907T141213Z_f6e6a0a,9a94052e8fc96ff0894c89cfe99eca898e1e0da5ed697c7fabac99e4fb22799b,76518cc8387a1f632b388e2e37f906879dcd73f32c6bc6a13443f15449e896bb,raw_order_four_class,1,xgboost_sigmoid,"[1,2,3,4]",311,4,2,0
phase3a_v3_20260907T141213Z_f6e6a0a,9a94052e8fc96ff0894c89cfe99eca898e1e0da5ed697c7fabac99e4fb22799b,76518cc8387a1f632b388e2e37f906879dcd73f32c6bc6a13443f15449e896bb,raw_order_four_class,1,xgboost_sigmoid,"[1,2,3,4]",311,4,3,37
phase3a_v3_20260907T141213Z_f6e6a0a,9a94052e8fc96ff0894c89cfe99eca898e1e0da5ed697c7fabac99e4fb22799b,76518cc8387a1f632b388e2e37f906879dcd73f32c6bc6a13443f15449e896bb,raw_order_four_class,1,xgboost_sigmoid,"[1,2,3,4]",311,4,4,0
phase3a_v3_20260907T141213Z_f6e6a0a,9a94052e8fc96ff0894c89cfe99eca898e1e0da5ed697c7fabac99e4fb22799b,76518cc8387a1f632b388e2e37f906879dcd73f32c6bc6a13443f15449e896bb,raw_order_four_class,2,majority_baseline,"[1,2,3,4]",311,1,1,0
phase3a_v3_20260907T141213Z_f6e6a0a,9a94052e8fc96ff0894c89cfe99eca898e1e0da5ed697c7fabac99e4fb22799b,76518cc8387a1f632b388e2e37f906879dcd73f32c6bc6a13443f15449e896bb,raw_order_four_class,2,majority_baseline,"[1,2,3,4]",311,1,2,0
phase3a_v3_20260907T141213Z_f6e6a0a,9a94052e8fc96ff0894c89cfe99eca898e1e0da5ed697c7fabac99e4fb22799b,76518cc8387a1f632b388e2e37f906879dcd73f32c6bc6a13443f15449e896bb,raw_order_four_class,2,majority_baseline,"[1,2,3,4]",311,1,3,13
phase3a_v3_20260907T141213Z_f6e6a0a,9a94052e8fc96ff0894c89cfe99eca898e1e0da5ed697c7fabac99e4fb22799b,76518cc8387a1f632b388e2e37f906879dcd73f32c6bc6a13443f15449e896bb,raw_order_four_class,2,majority_baseline,"[1,2,3,4]",311,1,4,0
phase3a_v3_20260907T141213Z_f6e6a0a,9a94052e8fc96ff0894c89cfe99eca898e1e0da5ed697c7fabac99e4fb22799b,76518cc8387a1f632b388e2e37f906879dcd73f32c6bc6a13443f15449e896bb,raw_order_four_class,2,majority_baseline,"[1,2,3,4]",311,2,1,0
phase3a_v3_20260907T141213Z_f6e6a0a,9a94052e8fc96ff0894c89cfe99eca898e1e0da5ed697c7fabac99e4fb22799b,76518cc8387a1f632b388e2e37f906879dcd73f32c6bc6a13443f15449e896bb,raw_order_four_class,2,majority_baseline,"[1,2,3,4]",311,2,2,0
phase3a_v3_20260907T141213Z_f6e6a0a,9a94052e8fc96ff0894c89cfe99eca898e1e0da5ed697c7fabac99e4fb22799b,76518cc8387a1f632b388e2e37f906879dcd73f32c6bc6a13443f15449e896bb,raw_order_four_class,2,majority_baseline,"[1,2,3,4]",311,2,3,18
phase3a_v3_20260907T141213Z_f6e6a0a,9a94052e8fc96ff0894c89cfe99eca898e1e0da5ed697c7fabac99e4fb22799b,76518cc8387a1f632b388e2e37f906879dcd73f32c6bc6a13443f15449e896bb,raw_order_four_class,2,majority_baseline,"[1,2,3,4]",311,2,4,0
phase3a_v3_20260907T141213Z_f6e6a0a,9a94052e8fc96ff0894c89cfe99eca898e1e0da5ed697c7fabac99e4fb22799b,76518cc8387a1f632b388e2e37f906879dcd73f32c6bc6a13443f15449e896bb,raw_order_four_class,2,majority_baseline,"[1,2,3,4]",311,3,1,0
phase3a_v3_20260907T141213Z_f6e6a0a,9a94052e8fc96ff0894c89cfe99eca898e1e0da5ed697c7fabac99e4fb22799b,76518cc8387a1f632b388e2e37f906879dcd73f32c6bc6a13443f15449e896bb,raw_order_four_class,2,majority_baseline,"[1,2,3,4]",311,3,2,0
phase3a_v3_20260907T141213Z_f6e6a0a,9a94052e8fc96ff0894c89cfe99eca898e1e0da5ed697c7fabac99e4fb22799b,76518cc8387a1f632b388e2e37f906879dcd73f32c6bc6a13443f15449e896bb,raw_order_four_class,2,majority_baseline,"[1,2,3,4]",311,3,3,243
phase3a_v3_20260907T141213Z_f6e6a0a,9a94052e8fc96ff0894c89cfe99eca898e1e0da5ed697c7fabac99e4fb22799b,76518cc8387a1f632b388e2e37f906879dcd73f32c6bc6a13443f15449e896bb,raw_order_four_class,2,majority_baseline,"[1,2,3,4]",311,3,4,0
phase3a_v3_20260907T141213Z_f6e6a0a,9a94052e8fc96ff0894c89cfe99eca898e1e0da5ed697c7fabac99e4fb22799b,76518cc8387a1f632b388e2e37f906879dcd73f32c6bc6a13443f15449e896bb,raw_order_four_class,2,majority_baseline,"[1,2,3,4]",311,4,1,0
phase3a_v3_20260907T141213Z_f6e6a0a,9a94052e8fc96ff0894c89cfe99eca898e1e0da5ed697c7fabac99e4fb22799b,76518cc8387a1f632b388e2e37f906879dcd73f32c6bc6a13443f15449e896bb,raw_order_four_class,2,majority_baseline,"[1,2,3,4]",311,4,2,0
phase3a_v3_20260907T141213Z_f6e6a0a,9a94052e8fc96ff0894c89cfe99eca898e1e0da5ed697c7fabac99e4fb22799b,76518cc8387a1f632b388e2e37f906879dcd73f32c6bc6a13443f15449e896bb,raw_order_four_class,2,majority_baseline,"[1,2,3,4]",311,4,3,37
phase3a_v3_20260907T141213Z_f6e6a0a,9a94052e8fc96ff0894c89cfe99eca898e1e0da5ed697c7fabac99e4fb22799b,76518cc8387a1f632b388e2e37f906879dcd73f32c6bc6a13443f15449e896bb,raw_order_four_class,2,majority_baseline,"[1,2,3,4]",311,4,4,0
phase3a_v3_20260907T141213Z_f6e6a0a,9a94052e8fc96ff0894c89cfe99eca898e1e0da5ed697c7fabac99e4fb22799b,76518cc8387a1f632b388e2e37f906879dcd73f32c6bc6a13443f15449e896bb,raw_order_four_class,2,ordinal_median_baseline,"[1,2,3,4]",311,1,1,0
phase3a_v3_20260907T141213Z_f6e6a0a,9a94052e8fc96ff0894c89cfe99eca898e1e0da5ed697c7fabac99e4fb22799b,76518cc8387a1f632b388e2e37f906879dcd73f32c6bc6a13443f15449e896bb,raw_order_four_class,2,ordinal_median_baseline,"[1,2,3,4]",311,1,2,0
phase3a_v3_20260907T141213Z_f6e6a0a,9a94052e8fc96ff0894c89cfe99eca898e1e0da5ed697c7fabac99e4fb22799b,76518cc8387a1f632b388e2e37f906879dcd73f32c6bc6a13443f15449e896bb,raw_order_four_class,2,ordinal_median_baseline,"[1,2,3,4]",311,1,3,13
phase3a_v3_20260907T141213Z_f6e6a0a,9a94052e8fc96ff0894c89cfe99eca898e1e0da5ed697c7fabac99e4fb22799b,76518cc8387a1f632b388e2e37f906879dcd73f32c6bc6a13443f15449e896bb,raw_order_four_class,2,ordinal_median_baseline,"[1,2,3,4]",311,1,4,0
phase3a_v3_20260907T141213Z_f6e6a0a,9a94052e8fc96ff0894c89cfe99eca898e1e0da5ed697c7fabac99e4fb22799b,76518cc8387a1f632b388e2e37f906879dcd73f32c6bc6a13443f15449e896bb,raw_order_four_class,2,ordinal_median_baseline,"[1,2,3,4]",311,2,1,0
phase3a_v3_20260907T141213Z_f6e6a0a,9a94052e8fc96ff0894c89cfe99eca898e1e0da5ed697c7fabac99e4fb22799b,76518cc8387a1f632b388e2e37f906879dcd73f32c6bc6a13443f15449e896bb,raw_order_four_class,2,ordinal_median_baseline,"[1,2,3,4]",311,2,2,0
phase3a_v3_20260907T141213Z_f6e6a0a,9a94052e8fc96ff0894c89cfe99eca898e1e0da5ed697c7fabac99e4fb22799b,76518cc8387a1f632b388e2e37f906879dcd73f32c6bc6a13443f15449e896bb,raw_order_four_class,2,ordinal_median_baseline,"[1,2,3,4]",311,2,3,18
phase3a_v3_20260907T141213Z_f6e6a0a,9a94052e8fc96ff0894c89cfe99eca898e1e0da5ed697c7fabac99e4fb22799b,76518cc8387a1f632b388e2e37f906879dcd73f32c6bc6a13443f15449e896bb,raw_order_four_class,2,ordinal_median_baseline,"[1,2,3,4]",311,2,4,0
phase3a_v3_20260907T141213Z_f6e6a0a,9a94052e8fc96ff0894c89cfe99eca898e1e0da5ed697c7fabac99e4fb22799b,76518cc8387a1f632b388e2e37f906879dcd73f32c6bc6a13443f15449e896bb,raw_order_four_class,2,ordinal_median_baseline,"[1,2,3,4]",311,3,1,0
phase3a_v3_20260907T141213Z_f6e6a0a,9a94052e8fc96ff0894c89cfe99eca898e1e0da5ed697c7fabac99e4fb22799b,76518cc8387a1f632b388e2e37f906879dcd73f32c6bc6a13443f15449e896bb,raw_order_four_class,2,ordinal_median_baseline,"[1,2,3,4]",311,3,2,0
phase3a_v3_20260907T141213Z_f6e6a0a,9a94052e8fc96ff0894c89cfe99eca898e1e0da5ed697c7fabac99e4fb22799b,76518cc8387a1f632b388e2e37f906879dcd73f32c6bc6a13443f15449e896bb,raw_order_four_class,2,ordinal_median_baseline,"[1,2,3,4]",311,3,3,243
phase3a_v3_20260907T141213Z_f6e6a0a,9a94052e8fc96ff0894c89cfe99eca898e1e0da5ed697c7fabac99e4fb22799b,76518cc8387a1f632b388e2e37f906879dcd73f32c6bc6a13443f15449e896bb,raw_order_four_class,2,ordinal_median_baseline,"[1,2,3,4]",311,3,4,0
phase3a_v3_20260907T141213Z_f6e6a0a,9a94052e8fc96ff0894c89cfe99eca898e1e0da5ed697c7fabac99e4fb22799b,76518cc8387a1f632b388e2e37f906879dcd73f32c6bc6a13443f15449e896bb,raw_order_four_class,2,ordinal_median_baseline,"[1,2,3,4]",311,4,1,0
phase3a_v3_20260907T141213Z_f6e6a0a,9a94052e8fc96ff0894c89cfe99eca898e1e0da5ed697c7fabac99e4fb22799b,76518cc8387a1f632b388e2e37f906879dcd73f32c6bc6a13443f15449e896bb,raw_order_four_class,2,ordinal_median_baseline,"[1,2,3,4]",311,4,2,0
phase3a_v3_20260907T141213Z_f6e6a0a,9a94052e8fc96ff0894c89cfe99eca898e1e0da5ed697c7fabac99e4fb22799b,76518cc8387a1f632b388e2e37f906879dcd73f32c6bc6a13443f15449e896bb,raw_order_four_class,2,ordinal_median_baseline,"[1,2,3,4]",311,4,3,37
phase3a_v3_20260907T141213Z_f6e6a0a,9a94052e8fc96ff0894c89cfe99eca898e1e0da5ed697c7fabac99e4fb22799b,76518cc8387a1f632b388e2e37f906879dcd73f32c6bc6a13443f15449e896bb,raw_order_four_class,2,ordinal_median_baseline,"[1,2,3,4]",311,4,4,0
phase3a_v3_20260907T141213Z_f6e6a0a,9a94052e8fc96ff0894c89cfe99eca898e1e0da5ed697c7fabac99e4fb22799b,76518cc8387a1f632b388e2e37f906879dcd73f32c6bc6a13443f15449e896bb,raw_order_four_class,2,stratified_baseline,"[1,2,3,4]",311,1,1,0
phase3a_v3_20260907T141213Z_f6e6a0a,9a94052e8fc96ff0894c89cfe99eca898e1e0da5ed697c7fabac99e4fb22799b,76518cc8387a1f632b388e2e37f906879dcd73f32c6bc6a13443f15449e896bb,raw_order_four_class,2,stratified_baseline,"[1,2,3,4]",311,1,2,1
phase3a_v3_20260907T141213Z_f6e6a0a,9a94052e8fc96ff0894c89cfe99eca898e1e0da5ed697c7fabac99e4fb22799b,76518cc8387a1f632b388e2e37f906879dcd73f32c6bc6a13443f15449e896bb,raw_order_four_class,2,stratified_baseline,"[1,2,3,4]",311,1,3,10
phase3a_v3_20260907T141213Z_f6e6a0a,9a94052e8fc96ff0894c89cfe99eca898e1e0da5ed697c7fabac99e4fb22799b,76518cc8387a1f632b388e2e37f906879dcd73f32c6bc6a13443f15449e896bb,raw_order_four_class,2,stratified_baseline,"[1,2,3,4]",311,1,4,2
phase3a_v3_20260907T141213Z_f6e6a0a,9a94052e8fc96ff0894c89cfe99eca898e1e0da5ed697c7fabac99e4fb22799b,76518cc8387a1f632b388e2e37f906879dcd73f32c6bc6a13443f15449e896bb,raw_order_four_class,2,stratified_baseline,"[1,2,3,4]",311,2,1,0
phase3a_v3_20260907T141213Z_f6e6a0a,9a94052e8fc96ff0894c89cfe99eca898e1e0da5ed697c7fabac99e4fb22799b,76518cc8387a1f632b388e2e37f906879dcd73f32c6bc6a13443f15449e896bb,raw_order_four_class,2,stratified_baseline,"[1,2,3,4]",311,2,2,1
phase3a_v3_20260907T141213Z_f6e6a0a,9a94052e8fc96ff0894c89cfe99eca898e1e0da5ed697c7fabac99e4fb22799b,76518cc8387a1f632b388e2e37f906879dcd73f32c6bc6a13443f15449e896bb,raw_order_four_class,2,stratified_baseline,"[1,2,3,4]",311,2,3,12
phase3a_v3_20260907T141213Z_f6e6a0a,9a94052e8fc96ff0894c89cfe99eca898e1e0da5ed697c7fabac99e4fb22799b,76518cc8387a1f632b388e2e37f906879dcd73f32c6bc6a13443f15449e896bb,raw_order_four_class,2,stratified_baseline,"[1,2,3,4]",311,2,4,5
phase3a_v3_20260907T141213Z_f6e6a0a,9a94052e8fc96ff0894c89cfe99eca898e1e0da5ed697c7fabac99e4fb22799b,76518cc8387a1f632b388e2e37f906879dcd73f32c6bc6a13443f15449e896bb,raw_order_four_class,2,stratified_baseline,"[1,2,3,4]",311,3,1,8
phase3a_v3_20260907T141213Z_f6e6a0a,9a94052e8fc96ff0894c89cfe99eca898e1e0da5ed697c7fabac99e4fb22799b,76518cc8387a1f632b388e2e37f906879dcd73f32c6bc6a13443f15449e896bb,raw_order_four_class,2,stratified_baseline,"[1,2,3,4]",311,3,2,11
phase3a_v3_20260907T141213Z_f6e6a0a,9a94052e8fc96ff0894c89cfe99eca898e1e0da5ed697c7fabac99e4fb22799b,76518cc8387a1f632b388e2e37f906879dcd73f32c6bc6a13443f15449e896bb,raw_order_four_class,2,stratified_baseline,"[1,2,3,4]",311,3,3,193
phase3a_v3_20260907T141213Z_f6e6a0a,9a94052e8fc96ff0894c89cfe99eca898e1e0da5ed697c7fabac99e4fb22799b,76518cc8387a1f632b388e2e37f906879dcd73f32c6bc6a13443f15449e896bb,raw_order_four_class,2,stratified_baseline,"[1,2,3,4]",311,3,4,31
phase3a_v3_20260907T141213Z_f6e6a0a,9a94052e8fc96ff0894c89cfe99eca898e1e0da5ed697c7fabac99e4fb22799b,76518cc8387a1f632b388e2e37f906879dcd73f32c6bc6a13443f15449e896bb,raw_order_four_class,2,stratified_baseline,"[1,2,3,4]",311,4,1,4
phase3a_v3_20260907T141213Z_f6e6a0a,9a94052e8fc96ff0894c89cfe99eca898e1e0da5ed697c7fabac99e4fb22799b,76518cc8387a1f632b388e2e37f906879dcd73f32c6bc6a13443f15449e896bb,raw_order_four_class,2,stratified_baseline,"[1,2,3,4]",311,4,2,0
phase3a_v3_20260907T141213Z_f6e6a0a,9a94052e8fc96ff0894c89cfe99eca898e1e0da5ed697c7fabac99e4fb22799b,76518cc8387a1f632b388e2e37f906879dcd73f32c6bc6a13443f15449e896bb,raw_order_four_class,2,stratified_baseline,"[1,2,3,4]",311,4,3,29
phase3a_v3_20260907T141213Z_f6e6a0a,9a94052e8fc96ff0894c89cfe99eca898e1e0da5ed697c7fabac99e4fb22799b,76518cc8387a1f632b388e2e37f906879dcd73f32c6bc6a13443f15449e896bb,raw_order_four_class,2,stratified_baseline,"[1,2,3,4]",311,4,4,4
phase3a_v3_20260907T141213Z_f6e6a0a,9a94052e8fc96ff0894c89cfe99eca898e1e0da5ed697c7fabac99e4fb22799b,76518cc8387a1f632b388e2e37f906879dcd73f32c6bc6a13443f15449e896bb,raw_order_four_class,2,xgboost_raw,"[1,2,3,4]",311,1,1,7
phase3a_v3_20260907T141213Z_f6e6a0a,9a94052e8fc96ff0894c89cfe99eca898e1e0da5ed697c7fabac99e4fb22799b,76518cc8387a1f632b388e2e37f906879dcd73f32c6bc6a13443f15449e896bb,raw_order_four_class,2,xgboost_raw,"[1,2,3,4]",311,1,2,6
phase3a_v3_20260907T141213Z_f6e6a0a,9a94052e8fc96ff0894c89cfe99eca898e1e0da5ed697c7fabac99e4fb22799b,76518cc8387a1f632b388e2e37f906879dcd73f32c6bc6a13443f15449e896bb,raw_order_four_class,2,xgboost_raw,"[1,2,3,4]",311,1,3,0
phase3a_v3_20260907T141213Z_f6e6a0a,9a94052e8fc96ff0894c89cfe99eca898e1e0da5ed697c7fabac99e4fb22799b,76518cc8387a1f632b388e2e37f906879dcd73f32c6bc6a13443f15449e896bb,raw_order_four_class,2,xgboost_raw,"[1,2,3,4]",311,1,4,0
phase3a_v3_20260907T141213Z_f6e6a0a,9a94052e8fc96ff0894c89cfe99eca898e1e0da5ed697c7fabac99e4fb22799b,76518cc8387a1f632b388e2e37f906879dcd73f32c6bc6a13443f15449e896bb,raw_order_four_class,2,xgboost_raw,"[1,2,3,4]",311,2,1,2
phase3a_v3_20260907T141213Z_f6e6a0a,9a94052e8fc96ff0894c89cfe99eca898e1e0da5ed697c7fabac99e4fb22799b,76518cc8387a1f632b388e2e37f906879dcd73f32c6bc6a13443f15449e896bb,raw_order_four_class,2,xgboost_raw,"[1,2,3,4]",311,2,2,13
phase3a_v3_20260907T141213Z_f6e6a0a,9a94052e8fc96ff0894c89cfe99eca898e1e0da5ed697c7fabac99e4fb22799b,76518cc8387a1f632b388e2e37f906879dcd73f32c6bc6a13443f15449e896bb,raw_order_four_class,2,xgboost_raw,"[1,2,3,4]",311,2,3,3
phase3a_v3_20260907T141213Z_f6e6a0a,9a94052e8fc96ff0894c89cfe99eca898e1e0da5ed697c7fabac99e4fb22799b,76518cc8387a1f632b388e2e37f906879dcd73f32c6bc6a13443f15449e896bb,raw_order_four_class,2,xgboost_raw,"[1,2,3,4]",311,2,4,0
phase3a_v3_20260907T141213Z_f6e6a0a,9a94052e8fc96ff0894c89cfe99eca898e1e0da5ed697c7fabac99e4fb22799b,76518cc8387a1f632b388e2e37f906879dcd73f32c6bc6a13443f15449e896bb,raw_order_four_class,2,xgboost_raw,"[1,2,3,4]",311,3,1,0
phase3a_v3_20260907T141213Z_f6e6a0a,9a94052e8fc96ff0894c89cfe99eca898e1e0da5ed697c7fabac99e4fb22799b,76518cc8387a1f632b388e2e37f906879dcd73f32c6bc6a13443f15449e896bb,raw_order_four_class,2,xgboost_raw,"[1,2,3,4]",311,3,2,1
phase3a_v3_20260907T141213Z_f6e6a0a,9a94052e8fc96ff0894c89cfe99eca898e1e0da5ed697c7fabac99e4fb22799b,76518cc8387a1f632b388e2e37f906879dcd73f32c6bc6a13443f15449e896bb,raw_order_four_class,2,xgboost_raw,"[1,2,3,4]",311,3,3,220
phase3a_v3_20260907T141213Z_f6e6a0a,9a94052e8fc96ff0894c89cfe99eca898e1e0da5ed697c7fabac99e4fb22799b,76518cc8387a1f632b388e2e37f906879dcd73f32c6bc6a13443f15449e896bb,raw_order_four_class,2,xgboost_raw,"[1,2,3,4]",311,3,4,22
phase3a_v3_20260907T141213Z_f6e6a0a,9a94052e8fc96ff0894c89cfe99eca898e1e0da5ed697c7fabac99e4fb22799b,76518cc8387a1f632b388e2e37f906879dcd73f32c6bc6a13443f15449e896bb,raw_order_four_class,2,xgboost_raw,"[1,2,3,4]",311,4,1,0
phase3a_v3_20260907T141213Z_f6e6a0a,9a94052e8fc96ff0894c89cfe99eca898e1e0da5ed697c7fabac99e4fb22799b,76518cc8387a1f632b388e2e37f906879dcd73f32c6bc6a13443f15449e896bb,raw_order_four_class,2,xgboost_raw,"[1,2,3,4]",311,4,2,0
phase3a_v3_20260907T141213Z_f6e6a0a,9a94052e8fc96ff0894c89cfe99eca898e1e0da5ed697c7fabac99e4fb22799b,76518cc8387a1f632b388e2e37f906879dcd73f32c6bc6a13443f15449e896bb,raw_order_four_class,2,xgboost_raw,"[1,2,3,4]",311,4,3,29
phase3a_v3_20260907T141213Z_f6e6a0a,9a94052e8fc96ff0894c89cfe99eca898e1e0da5ed697c7fabac99e4fb22799b,76518cc8387a1f632b388e2e37f906879dcd73f32c6bc6a13443f15449e896bb,raw_order_four_class,2,xgboost_raw,"[1,2,3,4]",311,4,4,8
phase3a_v3_20260907T141213Z_f6e6a0a,9a94052e8fc96ff0894c89cfe99eca898e1e0da5ed697c7fabac99e4fb22799b,76518cc8387a1f632b388e2e37f906879dcd73f32c6bc6a13443f15449e896bb,raw_order_four_class,2,xgboost_sigmoid,"[1,2,3,4]",311,1,1,8
phase3a_v3_20260907T141213Z_f6e6a0a,9a94052e8fc96ff0894c89cfe99eca898e1e0da5ed697c7fabac99e4fb22799b,76518cc8387a1f632b388e2e37f906879dcd73f32c6bc6a13443f15449e896bb,raw_order_four_class,2,xgboost_sigmoid,"[1,2,3,4]",311,1,2,5
phase3a_v3_20260907T141213Z_f6e6a0a,9a94052e8fc96ff0894c89cfe99eca898e1e0da5ed697c7fabac99e4fb22799b,76518cc8387a1f632b388e2e37f906879dcd73f32c6bc6a13443f15449e896bb,raw_order_four_class,2,xgboost_sigmoid,"[1,2,3,4]",311,1,3,0
phase3a_v3_20260907T141213Z_f6e6a0a,9a94052e8fc96ff0894c89cfe99eca898e1e0da5ed697c7fabac99e4fb22799b,76518cc8387a1f632b388e2e37f906879dcd73f32c6bc6a13443f15449e896bb,raw_order_four_class,2,xgboost_sigmoid,"[1,2,3,4]",311,1,4,0
phase3a_v3_20260907T141213Z_f6e6a0a,9a94052e8fc96ff0894c89cfe99eca898e1e0da5ed697c7fabac99e4fb22799b,76518cc8387a1f632b388e2e37f906879dcd73f32c6bc6a13443f15449e896bb,raw_order_four_class,2,xgboost_sigmoid,"[1,2,3,4]",311,2,1,2
phase3a_v3_20260907T141213Z_f6e6a0a,9a94052e8fc96ff0894c89cfe99eca898e1e0da5ed697c7fabac99e4fb22799b,76518cc8387a1f632b388e2e37f906879dcd73f32c6bc6a13443f15449e896bb,raw_order_four_class,2,xgboost_sigmoid,"[1,2,3,4]",311,2,2,10
phase3a_v3_20260907T141213Z_f6e6a0a,9a94052e8fc96ff0894c89cfe99eca898e1e0da5ed697c7fabac99e4fb22799b,76518cc8387a1f632b388e2e37f906879dcd73f32c6bc6a13443f15449e896bb,raw_order_four_class,2,xgboost_sigmoid,"[1,2,3,4]",311,2,3,6
phase3a_v3_20260907T141213Z_f6e6a0a,9a94052e8fc96ff0894c89cfe99eca898e1e0da5ed697c7fabac99e4fb22799b,76518cc8387a1f632b388e2e37f906879dcd73f32c6bc6a13443f15449e896bb,raw_order_four_class,2,xgboost_sigmoid,"[1,2,3,4]",311,2,4,0
phase3a_v3_20260907T141213Z_f6e6a0a,9a94052e8fc96ff0894c89cfe99eca898e1e0da5ed697c7fabac99e4fb22799b,76518cc8387a1f632b388e2e37f906879dcd73f32c6bc6a13443f15449e896bb,raw_order_four_class,2,xgboost_sigmoid,"[1,2,3,4]",311,3,1,0
phase3a_v3_20260907T141213Z_f6e6a0a,9a94052e8fc96ff0894c89cfe99eca898e1e0da5ed697c7fabac99e4fb22799b,76518cc8387a1f632b388e2e37f906879dcd73f32c6bc6a13443f15449e896bb,raw_order_four_class,2,xgboost_sigmoid,"[1,2,3,4]",311,3,2,0
phase3a_v3_20260907T141213Z_f6e6a0a,9a94052e8fc96ff0894c89cfe99eca898e1e0da5ed697c7fabac99e4fb22799b,76518cc8387a1f632b388e2e37f906879dcd73f32c6bc6a13443f15449e896bb,raw_order_four_class,2,xgboost_sigmoid,"[1,2,3,4]",311,3,3,243
phase3a_v3_20260907T141213Z_f6e6a0a,9a94052e8fc96ff0894c89cfe99eca898e1e0da5ed697c7fabac99e4fb22799b,76518cc8387a1f632b388e2e37f906879dcd73f32c6bc6a13443f15449e896bb,raw_order_four_class,2,xgboost_sigmoid,"[1,2,3,4]",311,3,4,0
phase3a_v3_20260907T141213Z_f6e6a0a,9a94052e8fc96ff0894c89cfe99eca898e1e0da5ed697c7fabac99e4fb22799b,76518cc8387a1f632b388e2e37f906879dcd73f32c6bc6a13443f15449e896bb,raw_order_four_class,2,xgboost_sigmoid,"[1,2,3,4]",311,4,1,0
phase3a_v3_20260907T141213Z_f6e6a0a,9a94052e8fc96ff0894c89cfe99eca898e1e0da5ed697c7fabac99e4fb22799b,76518cc8387a1f632b388e2e37f906879dcd73f32c6bc6a13443f15449e896bb,raw_order_four_class,2,xgboost_sigmoid,"[1,2,3,4]",311,4,2,0
phase3a_v3_20260907T141213Z_f6e6a0a,9a94052e8fc96ff0894c89cfe99eca898e1e0da5ed697c7fabac99e4fb22799b,76518cc8387a1f632b388e2e37f906879dcd73f32c6bc6a13443f15449e896bb,raw_order_four_class,2,xgboost_sigmoid,"[1,2,3,4]",311,4,3,37
phase3a_v3_20260907T141213Z_f6e6a0a,9a94052e8fc96ff0894c89cfe99eca898e1e0da5ed697c7fabac99e4fb22799b,76518cc8387a1f632b388e2e37f906879dcd73f32c6bc6a13443f15449e896bb,raw_order_four_class,2,xgboost_sigmoid,"[1,2,3,4]",311,4,4,0
phase3a_v3_20260907T141213Z_f6e6a0a,9a94052e8fc96ff0894c89cfe99eca898e1e0da5ed697c7fabac99e4fb22799b,76518cc8387a1f632b388e2e37f906879dcd73f32c6bc6a13443f15449e896bb,raw_order_four_class,3,majority_baseline,"[1,2,3,4]",311,1,1,0
phase3a_v3_20260907T141213Z_f6e6a0a,9a94052e8fc96ff0894c89cfe99eca898e1e0da5ed697c7fabac99e4fb22799b,76518cc8387a1f632b388e2e37f906879dcd73f32c6bc6a13443f15449e896bb,raw_order_four_class,3,majority_baseline,"[1,2,3,4]",311,1,2,0
phase3a_v3_20260907T141213Z_f6e6a0a,9a94052e8fc96ff0894c89cfe99eca898e1e0da5ed697c7fabac99e4fb22799b,76518cc8387a1f632b388e2e37f906879dcd73f32c6bc6a13443f15449e896bb,raw_order_four_class,3,majority_baseline,"[1,2,3,4]",311,1,3,13
phase3a_v3_20260907T141213Z_f6e6a0a,9a94052e8fc96ff0894c89cfe99eca898e1e0da5ed697c7fabac99e4fb22799b,76518cc8387a1f632b388e2e37f906879dcd73f32c6bc6a13443f15449e896bb,raw_order_four_class,3,majority_baseline,"[1,2,3,4]",311,1,4,0
phase3a_v3_20260907T141213Z_f6e6a0a,9a94052e8fc96ff0894c89cfe99eca898e1e0da5ed697c7fabac99e4fb22799b,76518cc8387a1f632b388e2e37f906879dcd73f32c6bc6a13443f15449e896bb,raw_order_four_class,3,majority_baseline,"[1,2,3,4]",311,2,1,0
phase3a_v3_20260907T141213Z_f6e6a0a,9a94052e8fc96ff0894c89cfe99eca898e1e0da5ed697c7fabac99e4fb22799b,76518cc8387a1f632b388e2e37f906879dcd73f32c6bc6a13443f15449e896bb,raw_order_four_class,3,majority_baseline,"[1,2,3,4]",311,2,2,0
phase3a_v3_20260907T141213Z_f6e6a0a,9a94052e8fc96ff0894c89cfe99eca898e1e0da5ed697c7fabac99e4fb22799b,76518cc8387a1f632b388e2e37f906879dcd73f32c6bc6a13443f15449e896bb,raw_order_four_class,3,majority_baseline,"[1,2,3,4]",311,2,3,18
phase3a_v3_20260907T141213Z_f6e6a0a,9a94052e8fc96ff0894c89cfe99eca898e1e0da5ed697c7fabac99e4fb22799b,76518cc8387a1f632b388e2e37f906879dcd73f32c6bc6a13443f15449e896bb,raw_order_four_class,3,majority_baseline,"[1,2,3,4]",311,2,4,0
phase3a_v3_20260907T141213Z_f6e6a0a,9a94052e8fc96ff0894c89cfe99eca898e1e0da5ed697c7fabac99e4fb22799b,76518cc8387a1f632b388e2e37f906879dcd73f32c6bc6a13443f15449e896bb,raw_order_four_class,3,majority_baseline,"[1,2,3,4]",311,3,1,0
phase3a_v3_20260907T141213Z_f6e6a0a,9a94052e8fc96ff0894c89cfe99eca898e1e0da5ed697c7fabac99e4fb22799b,76518cc8387a1f632b388e2e37f906879dcd73f32c6bc6a13443f15449e896bb,raw_order_four_class,3,majority_baseline,"[1,2,3,4]",311,3,2,0
phase3a_v3_20260907T141213Z_f6e6a0a,9a94052e8fc96ff0894c89cfe99eca898e1e0da5ed697c7fabac99e4fb22799b,76518cc8387a1f632b388e2e37f906879dcd73f32c6bc6a13443f15449e896bb,raw_order_four_class,3,majority_baseline,"[1,2,3,4]",311,3,3,243
phase3a_v3_20260907T141213Z_f6e6a0a,9a94052e8fc96ff0894c89cfe99eca898e1e0da5ed697c7fabac99e4fb22799b,76518cc8387a1f632b388e2e37f906879dcd73f32c6bc6a13443f15449e896bb,raw_order_four_class,3,majority_baseline,"[1,2,3,4]",311,3,4,0
phase3a_v3_20260907T141213Z_f6e6a0a,9a94052e8fc96ff0894c89cfe99eca898e1e0da5ed697c7fabac99e4fb22799b,76518cc8387a1f632b388e2e37f906879dcd73f32c6bc6a13443f15449e896bb,raw_order_four_class,3,majority_baseline,"[1,2,3,4]",311,4,1,0
phase3a_v3_20260907T141213Z_f6e6a0a,9a94052e8fc96ff0894c89cfe99eca898e1e0da5ed697c7fabac99e4fb22799b,76518cc8387a1f632b388e2e37f906879dcd73f32c6bc6a13443f15449e896bb,raw_order_four_class,3,majority_baseline,"[1,2,3,4]",311,4,2,0
phase3a_v3_20260907T141213Z_f6e6a0a,9a94052e8fc96ff0894c89cfe99eca898e1e0da5ed697c7fabac99e4fb22799b,76518cc8387a1f632b388e2e37f906879dcd73f32c6bc6a13443f15449e896bb,raw_order_four_class,3,majority_baseline,"[1,2,3,4]",311,4,3,37
phase3a_v3_20260907T141213Z_f6e6a0a,9a94052e8fc96ff0894c89cfe99eca898e1e0da5ed697c7fabac99e4fb22799b,76518cc8387a1f632b388e2e37f906879dcd73f32c6bc6a13443f15449e896bb,raw_order_four_class,3,majority_baseline,"[1,2,3,4]",311,4,4,0
phase3a_v3_20260907T141213Z_f6e6a0a,9a94052e8fc96ff0894c89cfe99eca898e1e0da5ed697c7fabac99e4fb22799b,76518cc8387a1f632b388e2e37f906879dcd73f32c6bc6a13443f15449e896bb,raw_order_four_class,3,ordinal_median_baseline,"[1,2,3,4]",311,1,1,0
phase3a_v3_20260907T141213Z_f6e6a0a,9a94052e8fc96ff0894c89cfe99eca898e1e0da5ed697c7fabac99e4fb22799b,76518cc8387a1f632b388e2e37f906879dcd73f32c6bc6a13443f15449e896bb,raw_order_four_class,3,ordinal_median_baseline,"[1,2,3,4]",311,1,2,0
phase3a_v3_20260907T141213Z_f6e6a0a,9a94052e8fc96ff0894c89cfe99eca898e1e0da5ed697c7fabac99e4fb22799b,76518cc8387a1f632b388e2e37f906879dcd73f32c6bc6a13443f15449e896bb,raw_order_four_class,3,ordinal_median_baseline,"[1,2,3,4]",311,1,3,13
phase3a_v3_20260907T141213Z_f6e6a0a,9a94052e8fc96ff0894c89cfe99eca898e1e0da5ed697c7fabac99e4fb22799b,76518cc8387a1f632b388e2e37f906879dcd73f32c6bc6a13443f15449e896bb,raw_order_four_class,3,ordinal_median_baseline,"[1,2,3,4]",311,1,4,0
phase3a_v3_20260907T141213Z_f6e6a0a,9a94052e8fc96ff0894c89cfe99eca898e1e0da5ed697c7fabac99e4fb22799b,76518cc8387a1f632b388e2e37f906879dcd73f32c6bc6a13443f15449e896bb,raw_order_four_class,3,ordinal_median_baseline,"[1,2,3,4]",311,2,1,0
phase3a_v3_20260907T141213Z_f6e6a0a,9a94052e8fc96ff0894c89cfe99eca898e1e0da5ed697c7fabac99e4fb22799b,76518cc8387a1f632b388e2e37f906879dcd73f32c6bc6a13443f15449e896bb,raw_order_four_class,3,ordinal_median_baseline,"[1,2,3,4]",311,2,2,0
phase3a_v3_20260907T141213Z_f6e6a0a,9a94052e8fc96ff0894c89cfe99eca898e1e0da5ed697c7fabac99e4fb22799b,76518cc8387a1f632b388e2e37f906879dcd73f32c6bc6a13443f15449e896bb,raw_order_four_class,3,ordinal_median_baseline,"[1,2,3,4]",311,2,3,18
phase3a_v3_20260907T141213Z_f6e6a0a,9a94052e8fc96ff0894c89cfe99eca898e1e0da5ed697c7fabac99e4fb22799b,76518cc8387a1f632b388e2e37f906879dcd73f32c6bc6a13443f15449e896bb,raw_order_four_class,3,ordinal_median_baseline,"[1,2,3,4]",311,2,4,0
phase3a_v3_20260907T141213Z_f6e6a0a,9a94052e8fc96ff0894c89cfe99eca898e1e0da5ed697c7fabac99e4fb22799b,76518cc8387a1f632b388e2e37f906879dcd73f32c6bc6a13443f15449e896bb,raw_order_four_class,3,ordinal_median_baseline,"[1,2,3,4]",311,3,1,0
phase3a_v3_20260907T141213Z_f6e6a0a,9a94052e8fc96ff0894c89cfe99eca898e1e0da5ed697c7fabac99e4fb22799b,76518cc8387a1f632b388e2e37f906879dcd73f32c6bc6a13443f15449e896bb,raw_order_four_class,3,ordinal_median_baseline,"[1,2,3,4]",311,3,2,0
phase3a_v3_20260907T141213Z_f6e6a0a,9a94052e8fc96ff0894c89cfe99eca898e1e0da5ed697c7fabac99e4fb22799b,76518cc8387a1f632b388e2e37f906879dcd73f32c6bc6a13443f15449e896bb,raw_order_four_class,3,ordinal_median_baseline,"[1,2,3,4]",311,3,3,243
phase3a_v3_20260907T141213Z_f6e6a0a,9a94052e8fc96ff0894c89cfe99eca898e1e0da5ed697c7fabac99e4fb22799b,76518cc8387a1f632b388e2e37f906879dcd73f32c6bc6a13443f15449e896bb,raw_order_four_class,3,ordinal_median_baseline,"[1,2,3,4]",311,3,4,0
phase3a_v3_20260907T141213Z_f6e6a0a,9a94052e8fc96ff0894c89cfe99eca898e1e0da5ed697c7fabac99e4fb22799b,76518cc8387a1f632b388e2e37f906879dcd73f32c6bc6a13443f15449e896bb,raw_order_four_class,3,ordinal_median_baseline,"[1,2,3,4]",311,4,1,0
phase3a_v3_20260907T141213Z_f6e6a0a,9a94052e8fc96ff0894c89cfe99eca898e1e0da5ed697c7fabac99e4fb22799b,76518cc8387a1f632b388e2e37f906879dcd73f32c6bc6a13443f15449e896bb,raw_order_four_class,3,ordinal_median_baseline,"[1,2,3,4]",311,4,2,0
phase3a_v3_20260907T141213Z_f6e6a0a,9a94052e8fc96ff0894c89cfe99eca898e1e0da5ed697c7fabac99e4fb22799b,76518cc8387a1f632b388e2e37f906879dcd73f32c6bc6a13443f15449e896bb,raw_order_four_class,3,ordinal_median_baseline,"[1,2,3,4]",311,4,3,37
phase3a_v3_20260907T141213Z_f6e6a0a,9a94052e8fc96ff0894c89cfe99eca898e1e0da5ed697c7fabac99e4fb22799b,76518cc8387a1f632b388e2e37f906879dcd73f32c6bc6a13443f15449e896bb,raw_order_four_class,3,ordinal_median_baseline,"[1,2,3,4]",311,4,4,0
phase3a_v3_20260907T141213Z_f6e6a0a,9a94052e8fc96ff0894c89cfe99eca898e1e0da5ed697c7fabac99e4fb22799b,76518cc8387a1f632b388e2e37f906879dcd73f32c6bc6a13443f15449e896bb,raw_order_four_class,3,stratified_baseline,"[1,2,3,4]",311,1,1,0
phase3a_v3_20260907T141213Z_f6e6a0a,9a94052e8fc96ff0894c89cfe99eca898e1e0da5ed697c7fabac99e4fb22799b,76518cc8387a1f632b388e2e37f906879dcd73f32c6bc6a13443f15449e896bb,raw_order_four_class,3,stratified_baseline,"[1,2,3,4]",311,1,2,1
phase3a_v3_20260907T141213Z_f6e6a0a,9a94052e8fc96ff0894c89cfe99eca898e1e0da5ed697c7fabac99e4fb22799b,76518cc8387a1f632b388e2e37f906879dcd73f32c6bc6a13443f15449e896bb,raw_order_four_class,3,stratified_baseline,"[1,2,3,4]",311,1,3,10
phase3a_v3_20260907T141213Z_f6e6a0a,9a94052e8fc96ff0894c89cfe99eca898e1e0da5ed697c7fabac99e4fb22799b,76518cc8387a1f632b388e2e37f906879dcd73f32c6bc6a13443f15449e896bb,raw_order_four_class,3,stratified_baseline,"[1,2,3,4]",311,1,4,2
phase3a_v3_20260907T141213Z_f6e6a0a,9a94052e8fc96ff0894c89cfe99eca898e1e0da5ed697c7fabac99e4fb22799b,76518cc8387a1f632b388e2e37f906879dcd73f32c6bc6a13443f15449e896bb,raw_order_four_class,3,stratified_baseline,"[1,2,3,4]",311,2,1,0
phase3a_v3_20260907T141213Z_f6e6a0a,9a94052e8fc96ff0894c89cfe99eca898e1e0da5ed697c7fabac99e4fb22799b,76518cc8387a1f632b388e2e37f906879dcd73f32c6bc6a13443f15449e896bb,raw_order_four_class,3,stratified_baseline,"[1,2,3,4]",311,2,2,0
phase3a_v3_20260907T141213Z_f6e6a0a,9a94052e8fc96ff0894c89cfe99eca898e1e0da5ed697c7fabac99e4fb22799b,76518cc8387a1f632b388e2e37f906879dcd73f32c6bc6a13443f15449e896bb,raw_order_four_class,3,stratified_baseline,"[1,2,3,4]",311,2,3,13
phase3a_v3_20260907T141213Z_f6e6a0a,9a94052e8fc96ff0894c89cfe99eca898e1e0da5ed697c7fabac99e4fb22799b,76518cc8387a1f632b388e2e37f906879dcd73f32c6bc6a13443f15449e896bb,raw_order_four_class,3,stratified_baseline,"[1,2,3,4]",311,2,4,5
phase3a_v3_20260907T141213Z_f6e6a0a,9a94052e8fc96ff0894c89cfe99eca898e1e0da5ed697c7fabac99e4fb22799b,76518cc8387a1f632b388e2e37f906879dcd73f32c6bc6a13443f15449e896bb,raw_order_four_class,3,stratified_baseline,"[1,2,3,4]",311,3,1,10
phase3a_v3_20260907T141213Z_f6e6a0a,9a94052e8fc96ff0894c89cfe99eca898e1e0da5ed697c7fabac99e4fb22799b,76518cc8387a1f632b388e2e37f906879dcd73f32c6bc6a13443f15449e896bb,raw_order_four_class,3,stratified_baseline,"[1,2,3,4]",311,3,2,15
phase3a_v3_20260907T141213Z_f6e6a0a,9a94052e8fc96ff0894c89cfe99eca898e1e0da5ed697c7fabac99e4fb22799b,76518cc8387a1f632b388e2e37f906879dcd73f32c6bc6a13443f15449e896bb,raw_order_four_class,3,stratified_baseline,"[1,2,3,4]",311,3,3,193
phase3a_v3_20260907T141213Z_f6e6a0a,9a94052e8fc96ff0894c89cfe99eca898e1e0da5ed697c7fabac99e4fb22799b,76518cc8387a1f632b388e2e37f906879dcd73f32c6bc6a13443f15449e896bb,raw_order_four_class,3,stratified_baseline,"[1,2,3,4]",311,3,4,25
phase3a_v3_20260907T141213Z_f6e6a0a,9a94052e8fc96ff0894c89cfe99eca898e1e0da5ed697c7fabac99e4fb22799b,76518cc8387a1f632b388e2e37f906879dcd73f32c6bc6a13443f15449e896bb,raw_order_four_class,3,stratified_baseline,"[1,2,3,4]",311,4,1,3
phase3a_v3_20260907T141213Z_f6e6a0a,9a94052e8fc96ff0894c89cfe99eca898e1e0da5ed697c7fabac99e4fb22799b,76518cc8387a1f632b388e2e37f906879dcd73f32c6bc6a13443f15449e896bb,raw_order_four_class,3,stratified_baseline,"[1,2,3,4]",311,4,2,0
phase3a_v3_20260907T141213Z_f6e6a0a,9a94052e8fc96ff0894c89cfe99eca898e1e0da5ed697c7fabac99e4fb22799b,76518cc8387a1f632b388e2e37f906879dcd73f32c6bc6a13443f15449e896bb,raw_order_four_class,3,stratified_baseline,"[1,2,3,4]",311,4,3,30
phase3a_v3_20260907T141213Z_f6e6a0a,9a94052e8fc96ff0894c89cfe99eca898e1e0da5ed697c7fabac99e4fb22799b,76518cc8387a1f632b388e2e37f906879dcd73f32c6bc6a13443f15449e896bb,raw_order_four_class,3,stratified_baseline,"[1,2,3,4]",311,4,4,4
phase3a_v3_20260907T141213Z_f6e6a0a,9a94052e8fc96ff0894c89cfe99eca898e1e0da5ed697c7fabac99e4fb22799b,76518cc8387a1f632b388e2e37f906879dcd73f32c6bc6a13443f15449e896bb,raw_order_four_class,3,xgboost_raw,"[1,2,3,4]",311,1,1,6
phase3a_v3_20260907T141213Z_f6e6a0a,9a94052e8fc96ff0894c89cfe99eca898e1e0da5ed697c7fabac99e4fb22799b,76518cc8387a1f632b388e2e37f906879dcd73f32c6bc6a13443f15449e896bb,raw_order_four_class,3,xgboost_raw,"[1,2,3,4]",311,1,2,6
phase3a_v3_20260907T141213Z_f6e6a0a,9a94052e8fc96ff0894c89cfe99eca898e1e0da5ed697c7fabac99e4fb22799b,76518cc8387a1f632b388e2e37f906879dcd73f32c6bc6a13443f15449e896bb,raw_order_four_class,3,xgboost_raw,"[1,2,3,4]",311,1,3,1
phase3a_v3_20260907T141213Z_f6e6a0a,9a94052e8fc96ff0894c89cfe99eca898e1e0da5ed697c7fabac99e4fb22799b,76518cc8387a1f632b388e2e37f906879dcd73f32c6bc6a13443f15449e896bb,raw_order_four_class,3,xgboost_raw,"[1,2,3,4]",311,1,4,0
phase3a_v3_20260907T141213Z_f6e6a0a,9a94052e8fc96ff0894c89cfe99eca898e1e0da5ed697c7fabac99e4fb22799b,76518cc8387a1f632b388e2e37f906879dcd73f32c6bc6a13443f15449e896bb,raw_order_four_class,3,xgboost_raw,"[1,2,3,4]",311,2,1,4
phase3a_v3_20260907T141213Z_f6e6a0a,9a94052e8fc96ff0894c89cfe99eca898e1e0da5ed697c7fabac99e4fb22799b,76518cc8387a1f632b388e2e37f906879dcd73f32c6bc6a13443f15449e896bb,raw_order_four_class,3,xgboost_raw,"[1,2,3,4]",311,2,2,12
phase3a_v3_20260907T141213Z_f6e6a0a,9a94052e8fc96ff0894c89cfe99eca898e1e0da5ed697c7fabac99e4fb22799b,76518cc8387a1f632b388e2e37f906879dcd73f32c6bc6a13443f15449e896bb,raw_order_four_class,3,xgboost_raw,"[1,2,3,4]",311,2,3,2
phase3a_v3_20260907T141213Z_f6e6a0a,9a94052e8fc96ff0894c89cfe99eca898e1e0da5ed697c7fabac99e4fb22799b,76518cc8387a1f632b388e2e37f906879dcd73f32c6bc6a13443f15449e896bb,raw_order_four_class,3,xgboost_raw,"[1,2,3,4]",311,2,4,0
phase3a_v3_20260907T141213Z_f6e6a0a,9a94052e8fc96ff0894c89cfe99eca898e1e0da5ed697c7fabac99e4fb22799b,76518cc8387a1f632b388e2e37f906879dcd73f32c6bc6a13443f15449e896bb,raw_order_four_class,3,xgboost_raw,"[1,2,3,4]",311,3,1,0
phase3a_v3_20260907T141213Z_f6e6a0a,9a94052e8fc96ff0894c89cfe99eca898e1e0da5ed697c7fabac99e4fb22799b,76518cc8387a1f632b388e2e37f906879dcd73f32c6bc6a13443f15449e896bb,raw_order_four_class,3,xgboost_raw,"[1,2,3,4]",311,3,2,0
phase3a_v3_20260907T141213Z_f6e6a0a,9a94052e8fc96ff0894c89cfe99eca898e1e0da5ed697c7fabac99e4fb22799b,76518cc8387a1f632b388e2e37f906879dcd73f32c6bc6a13443f15449e896bb,raw_order_four_class,3,xgboost_raw,"[1,2,3,4]",311,3,3,210
phase3a_v3_20260907T141213Z_f6e6a0a,9a94052e8fc96ff0894c89cfe99eca898e1e0da5ed697c7fabac99e4fb22799b,76518cc8387a1f632b388e2e37f906879dcd73f32c6bc6a13443f15449e896bb,raw_order_four_class,3,xgboost_raw,"[1,2,3,4]",311,3,4,33
phase3a_v3_20260907T141213Z_f6e6a0a,9a94052e8fc96ff0894c89cfe99eca898e1e0da5ed697c7fabac99e4fb22799b,76518cc8387a1f632b388e2e37f906879dcd73f32c6bc6a13443f15449e896bb,raw_order_four_class,3,xgboost_raw,"[1,2,3,4]",311,4,1,0
phase3a_v3_20260907T141213Z_f6e6a0a,9a94052e8fc96ff0894c89cfe99eca898e1e0da5ed697c7fabac99e4fb22799b,76518cc8387a1f632b388e2e37f906879dcd73f32c6bc6a13443f15449e896bb,raw_order_four_class,3,xgboost_raw,"[1,2,3,4]",311,4,2,0
phase3a_v3_20260907T141213Z_f6e6a0a,9a94052e8fc96ff0894c89cfe99eca898e1e0da5ed697c7fabac99e4fb22799b,76518cc8387a1f632b388e2e37f906879dcd73f32c6bc6a13443f15449e896bb,raw_order_four_class,3,xgboost_raw,"[1,2,3,4]",311,4,3,33
phase3a_v3_20260907T141213Z_f6e6a0a,9a94052e8fc96ff0894c89cfe99eca898e1e0da5ed697c7fabac99e4fb22799b,76518cc8387a1f632b388e2e37f906879dcd73f32c6bc6a13443f15449e896bb,raw_order_four_class,3,xgboost_raw,"[1,2,3,4]",311,4,4,4
phase3a_v3_20260907T141213Z_f6e6a0a,9a94052e8fc96ff0894c89cfe99eca898e1e0da5ed697c7fabac99e4fb22799b,76518cc8387a1f632b388e2e37f906879dcd73f32c6bc6a13443f15449e896bb,raw_order_four_class,3,xgboost_sigmoid,"[1,2,3,4]",311,1,1,6
phase3a_v3_20260907T141213Z_f6e6a0a,9a94052e8fc96ff0894c89cfe99eca898e1e0da5ed697c7fabac99e4fb22799b,76518cc8387a1f632b388e2e37f906879dcd73f32c6bc6a13443f15449e896bb,raw_order_four_class,3,xgboost_sigmoid,"[1,2,3,4]",311,1,2,6
phase3a_v3_20260907T141213Z_f6e6a0a,9a94052e8fc96ff0894c89cfe99eca898e1e0da5ed697c7fabac99e4fb22799b,76518cc8387a1f632b388e2e37f906879dcd73f32c6bc6a13443f15449e896bb,raw_order_four_class,3,xgboost_sigmoid,"[1,2,3,4]",311,1,3,1
phase3a_v3_20260907T141213Z_f6e6a0a,9a94052e8fc96ff0894c89cfe99eca898e1e0da5ed697c7fabac99e4fb22799b,76518cc8387a1f632b388e2e37f906879dcd73f32c6bc6a13443f15449e896bb,raw_order_four_class,3,xgboost_sigmoid,"[1,2,3,4]",311,1,4,0
phase3a_v3_20260907T141213Z_f6e6a0a,9a94052e8fc96ff0894c89cfe99eca898e1e0da5ed697c7fabac99e4fb22799b,76518cc8387a1f632b388e2e37f906879dcd73f32c6bc6a13443f15449e896bb,raw_order_four_class,3,xgboost_sigmoid,"[1,2,3,4]",311,2,1,4
phase3a_v3_20260907T141213Z_f6e6a0a,9a94052e8fc96ff0894c89cfe99eca898e1e0da5ed697c7fabac99e4fb22799b,76518cc8387a1f632b388e2e37f906879dcd73f32c6bc6a13443f15449e896bb,raw_order_four_class,3,xgboost_sigmoid,"[1,2,3,4]",311,2,2,10
phase3a_v3_20260907T141213Z_f6e6a0a,9a94052e8fc96ff0894c89cfe99eca898e1e0da5ed697c7fabac99e4fb22799b,76518cc8387a1f632b388e2e37f906879dcd73f32c6bc6a13443f15449e896bb,raw_order_four_class,3,xgboost_sigmoid,"[1,2,3,4]",311,2,3,4
phase3a_v3_20260907T141213Z_f6e6a0a,9a94052e8fc96ff0894c89cfe99eca898e1e0da5ed697c7fabac99e4fb22799b,76518cc8387a1f632b388e2e37f906879dcd73f32c6bc6a13443f15449e896bb,raw_order_four_class,3,xgboost_sigmoid,"[1,2,3,4]",311,2,4,0
phase3a_v3_20260907T141213Z_f6e6a0a,9a94052e8fc96ff0894c89cfe99eca898e1e0da5ed697c7fabac99e4fb22799b,76518cc8387a1f632b388e2e37f906879dcd73f32c6bc6a13443f15449e896bb,raw_order_four_class,3,xgboost_sigmoid,"[1,2,3,4]",311,3,1,0
phase3a_v3_20260907T141213Z_f6e6a0a,9a94052e8fc96ff0894c89cfe99eca898e1e0da5ed697c7fabac99e4fb22799b,76518cc8387a1f632b388e2e37f906879dcd73f32c6bc6a13443f15449e896bb,raw_order_four_class,3,xgboost_sigmoid,"[1,2,3,4]",311,3,2,0
phase3a_v3_20260907T141213Z_f6e6a0a,9a94052e8fc96ff0894c89cfe99eca898e1e0da5ed697c7fabac99e4fb22799b,76518cc8387a1f632b388e2e37f906879dcd73f32c6bc6a13443f15449e896bb,raw_order_four_class,3,xgboost_sigmoid,"[1,2,3,4]",311,3,3,242
phase3a_v3_20260907T141213Z_f6e6a0a,9a94052e8fc96ff0894c89cfe99eca898e1e0da5ed697c7fabac99e4fb22799b,76518cc8387a1f632b388e2e37f906879dcd73f32c6bc6a13443f15449e896bb,raw_order_four_class,3,xgboost_sigmoid,"[1,2,3,4]",311,3,4,1
phase3a_v3_20260907T141213Z_f6e6a0a,9a94052e8fc96ff0894c89cfe99eca898e1e0da5ed697c7fabac99e4fb22799b,76518cc8387a1f632b388e2e37f906879dcd73f32c6bc6a13443f15449e896bb,raw_order_four_class,3,xgboost_sigmoid,"[1,2,3,4]",311,4,1,0
phase3a_v3_20260907T141213Z_f6e6a0a,9a94052e8fc96ff0894c89cfe99eca898e1e0da5ed697c7fabac99e4fb22799b,76518cc8387a1f632b388e2e37f906879dcd73f32c6bc6a13443f15449e896bb,raw_order_four_class,3,xgboost_sigmoid,"[1,2,3,4]",311,4,2,0
phase3a_v3_20260907T141213Z_f6e6a0a,9a94052e8fc96ff0894c89cfe99eca898e1e0da5ed697c7fabac99e4fb22799b,76518cc8387a1f632b388e2e37f906879dcd73f32c6bc6a13443f15449e896bb,raw_order_four_class,3,xgboost_sigmoid,"[1,2,3,4]",311,4,3,36
phase3a_v3_20260907T141213Z_f6e6a0a,9a94052e8fc96ff0894c89cfe99eca898e1e0da5ed697c7fabac99e4fb22799b,76518cc8387a1f632b388e2e37f906879dcd73f32c6bc6a13443f15449e896bb,raw_order_four_class,3,xgboost_sigmoid,"[1,2,3,4]",311,4,4,1
phase3a_v3_20260907T141213Z_f6e6a0a,9a94052e8fc96ff0894c89cfe99eca898e1e0da5ed697c7fabac99e4fb22799b,76518cc8387a1f632b388e2e37f906879dcd73f32c6bc6a13443f15449e896bb,raw_order_four_class,4,majority_baseline,"[1,2,3,4]",311,1,1,0
phase3a_v3_20260907T141213Z_f6e6a0a,9a94052e8fc96ff0894c89cfe99eca898e1e0da5ed697c7fabac99e4fb22799b,76518cc8387a1f632b388e2e37f906879dcd73f32c6bc6a13443f15449e896bb,raw_order_four_class,4,majority_baseline,"[1,2,3,4]",311,1,2,0
phase3a_v3_20260907T141213Z_f6e6a0a,9a94052e8fc96ff0894c89cfe99eca898e1e0da5ed697c7fabac99e4fb22799b,76518cc8387a1f632b388e2e37f906879dcd73f32c6bc6a13443f15449e896bb,raw_order_four_class,4,majority_baseline,"[1,2,3,4]",311,1,3,13
phase3a_v3_20260907T141213Z_f6e6a0a,9a94052e8fc96ff0894c89cfe99eca898e1e0da5ed697c7fabac99e4fb22799b,76518cc8387a1f632b388e2e37f906879dcd73f32c6bc6a13443f15449e896bb,raw_order_four_class,4,majority_baseline,"[1,2,3,4]",311,1,4,0
phase3a_v3_20260907T141213Z_f6e6a0a,9a94052e8fc96ff0894c89cfe99eca898e1e0da5ed697c7fabac99e4fb22799b,76518cc8387a1f632b388e2e37f906879dcd73f32c6bc6a13443f15449e896bb,raw_order_four_class,4,majority_baseline,"[1,2,3,4]",311,2,1,0
phase3a_v3_20260907T141213Z_f6e6a0a,9a94052e8fc96ff0894c89cfe99eca898e1e0da5ed697c7fabac99e4fb22799b,76518cc8387a1f632b388e2e37f906879dcd73f32c6bc6a13443f15449e896bb,raw_order_four_class,4,majority_baseline,"[1,2,3,4]",311,2,2,0
phase3a_v3_20260907T141213Z_f6e6a0a,9a94052e8fc96ff0894c89cfe99eca898e1e0da5ed697c7fabac99e4fb22799b,76518cc8387a1f632b388e2e37f906879dcd73f32c6bc6a13443f15449e896bb,raw_order_four_class,4,majority_baseline,"[1,2,3,4]",311,2,3,18
phase3a_v3_20260907T141213Z_f6e6a0a,9a94052e8fc96ff0894c89cfe99eca898e1e0da5ed697c7fabac99e4fb22799b,76518cc8387a1f632b388e2e37f906879dcd73f32c6bc6a13443f15449e896bb,raw_order_four_class,4,majority_baseline,"[1,2,3,4]",311,2,4,0
phase3a_v3_20260907T141213Z_f6e6a0a,9a94052e8fc96ff0894c89cfe99eca898e1e0da5ed697c7fabac99e4fb22799b,76518cc8387a1f632b388e2e37f906879dcd73f32c6bc6a13443f15449e896bb,raw_order_four_class,4,majority_baseline,"[1,2,3,4]",311,3,1,0
phase3a_v3_20260907T141213Z_f6e6a0a,9a94052e8fc96ff0894c89cfe99eca898e1e0da5ed697c7fabac99e4fb22799b,76518cc8387a1f632b388e2e37f906879dcd73f32c6bc6a13443f15449e896bb,raw_order_four_class,4,majority_baseline,"[1,2,3,4]",311,3,2,0
phase3a_v3_20260907T141213Z_f6e6a0a,9a94052e8fc96ff0894c89cfe99eca898e1e0da5ed697c7fabac99e4fb22799b,76518cc8387a1f632b388e2e37f906879dcd73f32c6bc6a13443f15449e896bb,raw_order_four_class,4,majority_baseline,"[1,2,3,4]",311,3,3,243
phase3a_v3_20260907T141213Z_f6e6a0a,9a94052e8fc96ff0894c89cfe99eca898e1e0da5ed697c7fabac99e4fb22799b,76518cc8387a1f632b388e2e37f906879dcd73f32c6bc6a13443f15449e896bb,raw_order_four_class,4,majority_baseline,"[1,2,3,4]",311,3,4,0
phase3a_v3_20260907T141213Z_f6e6a0a,9a94052e8fc96ff0894c89cfe99eca898e1e0da5ed697c7fabac99e4fb22799b,76518cc8387a1f632b388e2e37f906879dcd73f32c6bc6a13443f15449e896bb,raw_order_four_class,4,majority_baseline,"[1,2,3,4]",311,4,1,0
phase3a_v3_20260907T141213Z_f6e6a0a,9a94052e8fc96ff0894c89cfe99eca898e1e0da5ed697c7fabac99e4fb22799b,76518cc8387a1f632b388e2e37f906879dcd73f32c6bc6a13443f15449e896bb,raw_order_four_class,4,majority_baseline,"[1,2,3,4]",311,4,2,0
phase3a_v3_20260907T141213Z_f6e6a0a,9a94052e8fc96ff0894c89cfe99eca898e1e0da5ed697c7fabac99e4fb22799b,76518cc8387a1f632b388e2e37f906879dcd73f32c6bc6a13443f15449e896bb,raw_order_four_class,4,majority_baseline,"[1,2,3,4]",311,4,3,37
phase3a_v3_20260907T141213Z_f6e6a0a,9a94052e8fc96ff0894c89cfe99eca898e1e0da5ed697c7fabac99e4fb22799b,76518cc8387a1f632b388e2e37f906879dcd73f32c6bc6a13443f15449e896bb,raw_order_four_class,4,majority_baseline,"[1,2,3,4]",311,4,4,0
phase3a_v3_20260907T141213Z_f6e6a0a,9a94052e8fc96ff0894c89cfe99eca898e1e0da5ed697c7fabac99e4fb22799b,76518cc8387a1f632b388e2e37f906879dcd73f32c6bc6a13443f15449e896bb,raw_order_four_class,4,ordinal_median_baseline,"[1,2,3,4]",311,1,1,0
phase3a_v3_20260907T141213Z_f6e6a0a,9a94052e8fc96ff0894c89cfe99eca898e1e0da5ed697c7fabac99e4fb22799b,76518cc8387a1f632b388e2e37f906879dcd73f32c6bc6a13443f15449e896bb,raw_order_four_class,4,ordinal_median_baseline,"[1,2,3,4]",311,1,2,0
phase3a_v3_20260907T141213Z_f6e6a0a,9a94052e8fc96ff0894c89cfe99eca898e1e0da5ed697c7fabac99e4fb22799b,76518cc8387a1f632b388e2e37f906879dcd73f32c6bc6a13443f15449e896bb,raw_order_four_class,4,ordinal_median_baseline,"[1,2,3,4]",311,1,3,13
phase3a_v3_20260907T141213Z_f6e6a0a,9a94052e8fc96ff0894c89cfe99eca898e1e0da5ed697c7fabac99e4fb22799b,76518cc8387a1f632b388e2e37f906879dcd73f32c6bc6a13443f15449e896bb,raw_order_four_class,4,ordinal_median_baseline,"[1,2,3,4]",311,1,4,0
phase3a_v3_20260907T141213Z_f6e6a0a,9a94052e8fc96ff0894c89cfe99eca898e1e0da5ed697c7fabac99e4fb22799b,76518cc8387a1f632b388e2e37f906879dcd73f32c6bc6a13443f15449e896bb,raw_order_four_class,4,ordinal_median_baseline,"[1,2,3,4]",311,2,1,0
phase3a_v3_20260907T141213Z_f6e6a0a,9a94052e8fc96ff0894c89cfe99eca898e1e0da5ed697c7fabac99e4fb22799b,76518cc8387a1f632b388e2e37f906879dcd73f32c6bc6a13443f15449e896bb,raw_order_four_class,4,ordinal_median_baseline,"[1,2,3,4]",311,2,2,0
phase3a_v3_20260907T141213Z_f6e6a0a,9a94052e8fc96ff0894c89cfe99eca898e1e0da5ed697c7fabac99e4fb22799b,76518cc8387a1f632b388e2e37f906879dcd73f32c6bc6a13443f15449e896bb,raw_order_four_class,4,ordinal_median_baseline,"[1,2,3,4]",311,2,3,18
phase3a_v3_20260907T141213Z_f6e6a0a,9a94052e8fc96ff0894c89cfe99eca898e1e0da5ed697c7fabac99e4fb22799b,76518cc8387a1f632b388e2e37f906879dcd73f32c6bc6a13443f15449e896bb,raw_order_four_class,4,ordinal_median_baseline,"[1,2,3,4]",311,2,4,0
phase3a_v3_20260907T141213Z_f6e6a0a,9a94052e8fc96ff0894c89cfe99eca898e1e0da5ed697c7fabac99e4fb22799b,76518cc8387a1f632b388e2e37f906879dcd73f32c6bc6a13443f15449e896bb,raw_order_four_class,4,ordinal_median_baseline,"[1,2,3,4]",311,3,1,0
phase3a_v3_20260907T141213Z_f6e6a0a,9a94052e8fc96ff0894c89cfe99eca898e1e0da5ed697c7fabac99e4fb22799b,76518cc8387a1f632b388e2e37f906879dcd73f32c6bc6a13443f15449e896bb,raw_order_four_class,4,ordinal_median_baseline,"[1,2,3,4]",311,3,2,0
phase3a_v3_20260907T141213Z_f6e6a0a,9a94052e8fc96ff0894c89cfe99eca898e1e0da5ed697c7fabac99e4fb22799b,76518cc8387a1f632b388e2e37f906879dcd73f32c6bc6a13443f15449e896bb,raw_order_four_class,4,ordinal_median_baseline,"[1,2,3,4]",311,3,3,243
phase3a_v3_20260907T141213Z_f6e6a0a,9a94052e8fc96ff0894c89cfe99eca898e1e0da5ed697c7fabac99e4fb22799b,76518cc8387a1f632b388e2e37f906879dcd73f32c6bc6a13443f15449e896bb,raw_order_four_class,4,ordinal_median_baseline,"[1,2,3,4]",311,3,4,0
phase3a_v3_20260907T141213Z_f6e6a0a,9a94052e8fc96ff0894c89cfe99eca898e1e0da5ed697c7fabac99e4fb22799b,76518cc8387a1f632b388e2e37f906879dcd73f32c6bc6a13443f15449e896bb,raw_order_four_class,4,ordinal_median_baseline,"[1,2,3,4]",311,4,1,0
phase3a_v3_20260907T141213Z_f6e6a0a,9a94052e8fc96ff0894c89cfe99eca898e1e0da5ed697c7fabac99e4fb22799b,76518cc8387a1f632b388e2e37f906879dcd73f32c6bc6a13443f15449e896bb,raw_order_four_class,4,ordinal_median_baseline,"[1,2,3,4]",311,4,2,0
phase3a_v3_20260907T141213Z_f6e6a0a,9a94052e8fc96ff0894c89cfe99eca898e1e0da5ed697c7fabac99e4fb22799b,76518cc8387a1f632b388e2e37f906879dcd73f32c6bc6a13443f15449e896bb,raw_order_four_class,4,ordinal_median_baseline,"[1,2,3,4]",311,4,3,37
phase3a_v3_20260907T141213Z_f6e6a0a,9a94052e8fc96ff0894c89cfe99eca898e1e0da5ed697c7fabac99e4fb22799b,76518cc8387a1f632b388e2e37f906879dcd73f32c6bc6a13443f15449e896bb,raw_order_four_class,4,ordinal_median_baseline,"[1,2,3,4]",311,4,4,0
phase3a_v3_20260907T141213Z_f6e6a0a,9a94052e8fc96ff0894c89cfe99eca898e1e0da5ed697c7fabac99e4fb22799b,76518cc8387a1f632b388e2e37f906879dcd73f32c6bc6a13443f15449e896bb,raw_order_four_class,4,stratified_baseline,"[1,2,3,4]",311,1,1,1
phase3a_v3_20260907T141213Z_f6e6a0a,9a94052e8fc96ff0894c89cfe99eca898e1e0da5ed697c7fabac99e4fb22799b,76518cc8387a1f632b388e2e37f906879dcd73f32c6bc6a13443f15449e896bb,raw_order_four_class,4,stratified_baseline,"[1,2,3,4]",311,1,2,0
phase3a_v3_20260907T141213Z_f6e6a0a,9a94052e8fc96ff0894c89cfe99eca898e1e0da5ed697c7fabac99e4fb22799b,76518cc8387a1f632b388e2e37f906879dcd73f32c6bc6a13443f15449e896bb,raw_order_four_class,4,stratified_baseline,"[1,2,3,4]",311,1,3,10
phase3a_v3_20260907T141213Z_f6e6a0a,9a94052e8fc96ff0894c89cfe99eca898e1e0da5ed697c7fabac99e4fb22799b,76518cc8387a1f632b388e2e37f906879dcd73f32c6bc6a13443f15449e896bb,raw_order_four_class,4,stratified_baseline,"[1,2,3,4]",311,1,4,2
phase3a_v3_20260907T141213Z_f6e6a0a,9a94052e8fc96ff0894c89cfe99eca898e1e0da5ed697c7fabac99e4fb22799b,76518cc8387a1f632b388e2e37f906879dcd73f32c6bc6a13443f15449e896bb,raw_order_four_class,4,stratified_baseline,"[1,2,3,4]",311,2,1,0
phase3a_v3_20260907T141213Z_f6e6a0a,9a94052e8fc96ff0894c89cfe99eca898e1e0da5ed697c7fabac99e4fb22799b,76518cc8387a1f632b388e2e37f906879dcd73f32c6bc6a13443f15449e896bb,raw_order_four_class,4,stratified_baseline,"[1,2,3,4]",311,2,2,0
phase3a_v3_20260907T141213Z_f6e6a0a,9a94052e8fc96ff0894c89cfe99eca898e1e0da5ed697c7fabac99e4fb22799b,76518cc8387a1f632b388e2e37f906879dcd73f32c6bc6a13443f15449e896bb,raw_order_four_class,4,stratified_baseline,"[1,2,3,4]",311,2,3,15
phase3a_v3_20260907T141213Z_f6e6a0a,9a94052e8fc96ff0894c89cfe99eca898e1e0da5ed697c7fabac99e4fb22799b,76518cc8387a1f632b388e2e37f906879dcd73f32c6bc6a13443f15449e896bb,raw_order_four_class,4,stratified_baseline,"[1,2,3,4]",311,2,4,3
phase3a_v3_20260907T141213Z_f6e6a0a,9a94052e8fc96ff0894c89cfe99eca898e1e0da5ed697c7fabac99e4fb22799b,76518cc8387a1f632b388e2e37f906879dcd73f32c6bc6a13443f15449e896bb,raw_order_four_class,4,stratified_baseline,"[1,2,3,4]",311,3,1,11
phase3a_v3_20260907T141213Z_f6e6a0a,9a94052e8fc96ff0894c89cfe99eca898e1e0da5ed697c7fabac99e4fb22799b,76518cc8387a1f632b388e2e37f906879dcd73f32c6bc6a13443f15449e896bb,raw_order_four_class,4,stratified_baseline,"[1,2,3,4]",311,3,2,11
phase3a_v3_20260907T141213Z_f6e6a0a,9a94052e8fc96ff0894c89cfe99eca898e1e0da5ed697c7fabac99e4fb22799b,76518cc8387a1f632b388e2e37f906879dcd73f32c6bc6a13443f15449e896bb,raw_order_four_class,4,stratified_baseline,"[1,2,3,4]",311,3,3,187
phase3a_v3_20260907T141213Z_f6e6a0a,9a94052e8fc96ff0894c89cfe99eca898e1e0da5ed697c7fabac99e4fb22799b,76518cc8387a1f632b388e2e37f906879dcd73f32c6bc6a13443f15449e896bb,raw_order_four_class,4,stratified_baseline,"[1,2,3,4]",311,3,4,34
phase3a_v3_20260907T141213Z_f6e6a0a,9a94052e8fc96ff0894c89cfe99eca898e1e0da5ed697c7fabac99e4fb22799b,76518cc8387a1f632b388e2e37f906879dcd73f32c6bc6a13443f15449e896bb,raw_order_four_class,4,stratified_baseline,"[1,2,3,4]",311,4,1,1
phase3a_v3_20260907T141213Z_f6e6a0a,9a94052e8fc96ff0894c89cfe99eca898e1e0da5ed697c7fabac99e4fb22799b,76518cc8387a1f632b388e2e37f906879dcd73f32c6bc6a13443f15449e896bb,raw_order_four_class,4,stratified_baseline,"[1,2,3,4]",311,4,2,5
phase3a_v3_20260907T141213Z_f6e6a0a,9a94052e8fc96ff0894c89cfe99eca898e1e0da5ed697c7fabac99e4fb22799b,76518cc8387a1f632b388e2e37f906879dcd73f32c6bc6a13443f15449e896bb,raw_order_four_class,4,stratified_baseline,"[1,2,3,4]",311,4,3,25
phase3a_v3_20260907T141213Z_f6e6a0a,9a94052e8fc96ff0894c89cfe99eca898e1e0da5ed697c7fabac99e4fb22799b,76518cc8387a1f632b388e2e37f906879dcd73f32c6bc6a13443f15449e896bb,raw_order_four_class,4,stratified_baseline,"[1,2,3,4]",311,4,4,6
phase3a_v3_20260907T141213Z_f6e6a0a,9a94052e8fc96ff0894c89cfe99eca898e1e0da5ed697c7fabac99e4fb22799b,76518cc8387a1f632b388e2e37f906879dcd73f32c6bc6a13443f15449e896bb,raw_order_four_class,4,xgboost_raw,"[1,2,3,4]",311,1,1,6
phase3a_v3_20260907T141213Z_f6e6a0a,9a94052e8fc96ff0894c89cfe99eca898e1e0da5ed697c7fabac99e4fb22799b,76518cc8387a1f632b388e2e37f906879dcd73f32c6bc6a13443f15449e896bb,raw_order_four_class,4,xgboost_raw,"[1,2,3,4]",311,1,2,7
phase3a_v3_20260907T141213Z_f6e6a0a,9a94052e8fc96ff0894c89cfe99eca898e1e0da5ed697c7fabac99e4fb22799b,76518cc8387a1f632b388e2e37f906879dcd73f32c6bc6a13443f15449e896bb,raw_order_four_class,4,xgboost_raw,"[1,2,3,4]",311,1,3,0
phase3a_v3_20260907T141213Z_f6e6a0a,9a94052e8fc96ff0894c89cfe99eca898e1e0da5ed697c7fabac99e4fb22799b,76518cc8387a1f632b388e2e37f906879dcd73f32c6bc6a13443f15449e896bb,raw_order_four_class,4,xgboost_raw,"[1,2,3,4]",311,1,4,0
phase3a_v3_20260907T141213Z_f6e6a0a,9a94052e8fc96ff0894c89cfe99eca898e1e0da5ed697c7fabac99e4fb22799b,76518cc8387a1f632b388e2e37f906879dcd73f32c6bc6a13443f15449e896bb,raw_order_four_class,4,xgboost_raw,"[1,2,3,4]",311,2,1,4
phase3a_v3_20260907T141213Z_f6e6a0a,9a94052e8fc96ff0894c89cfe99eca898e1e0da5ed697c7fabac99e4fb22799b,76518cc8387a1f632b388e2e37f906879dcd73f32c6bc6a13443f15449e896bb,raw_order_four_class,4,xgboost_raw,"[1,2,3,4]",311,2,2,12
phase3a_v3_20260907T141213Z_f6e6a0a,9a94052e8fc96ff0894c89cfe99eca898e1e0da5ed697c7fabac99e4fb22799b,76518cc8387a1f632b388e2e37f906879dcd73f32c6bc6a13443f15449e896bb,raw_order_four_class,4,xgboost_raw,"[1,2,3,4]",311,2,3,2
phase3a_v3_20260907T141213Z_f6e6a0a,9a94052e8fc96ff0894c89cfe99eca898e1e0da5ed697c7fabac99e4fb22799b,76518cc8387a1f632b388e2e37f906879dcd73f32c6bc6a13443f15449e896bb,raw_order_four_class,4,xgboost_raw,"[1,2,3,4]",311,2,4,0
phase3a_v3_20260907T141213Z_f6e6a0a,9a94052e8fc96ff0894c89cfe99eca898e1e0da5ed697c7fabac99e4fb22799b,76518cc8387a1f632b388e2e37f906879dcd73f32c6bc6a13443f15449e896bb,raw_order_four_class,4,xgboost_raw,"[1,2,3,4]",311,3,1,0
phase3a_v3_20260907T141213Z_f6e6a0a,9a94052e8fc96ff0894c89cfe99eca898e1e0da5ed697c7fabac99e4fb22799b,76518cc8387a1f632b388e2e37f906879dcd73f32c6bc6a13443f15449e896bb,raw_order_four_class,4,xgboost_raw,"[1,2,3,4]",311,3,2,2
phase3a_v3_20260907T141213Z_f6e6a0a,9a94052e8fc96ff0894c89cfe99eca898e1e0da5ed697c7fabac99e4fb22799b,76518cc8387a1f632b388e2e37f906879dcd73f32c6bc6a13443f15449e896bb,raw_order_four_class,4,xgboost_raw,"[1,2,3,4]",311,3,3,206
phase3a_v3_20260907T141213Z_f6e6a0a,9a94052e8fc96ff0894c89cfe99eca898e1e0da5ed697c7fabac99e4fb22799b,76518cc8387a1f632b388e2e37f906879dcd73f32c6bc6a13443f15449e896bb,raw_order_four_class,4,xgboost_raw,"[1,2,3,4]",311,3,4,35
phase3a_v3_20260907T141213Z_f6e6a0a,9a94052e8fc96ff0894c89cfe99eca898e1e0da5ed697c7fabac99e4fb22799b,76518cc8387a1f632b388e2e37f906879dcd73f32c6bc6a13443f15449e896bb,raw_order_four_class,4,xgboost_raw,"[1,2,3,4]",311,4,1,0
phase3a_v3_20260907T141213Z_f6e6a0a,9a94052e8fc96ff0894c89cfe99eca898e1e0da5ed697c7fabac99e4fb22799b,76518cc8387a1f632b388e2e37f906879dcd73f32c6bc6a13443f15449e896bb,raw_order_four_class,4,xgboost_raw,"[1,2,3,4]",311,4,2,0
phase3a_v3_20260907T141213Z_f6e6a0a,9a94052e8fc96ff0894c89cfe99eca898e1e0da5ed697c7fabac99e4fb22799b,76518cc8387a1f632b388e2e37f906879dcd73f32c6bc6a13443f15449e896bb,raw_order_four_class,4,xgboost_raw,"[1,2,3,4]",311,4,3,29
phase3a_v3_20260907T141213Z_f6e6a0a,9a94052e8fc96ff0894c89cfe99eca898e1e0da5ed697c7fabac99e4fb22799b,76518cc8387a1f632b388e2e37f906879dcd73f32c6bc6a13443f15449e896bb,raw_order_four_class,4,xgboost_raw,"[1,2,3,4]",311,4,4,8
phase3a_v3_20260907T141213Z_f6e6a0a,9a94052e8fc96ff0894c89cfe99eca898e1e0da5ed697c7fabac99e4fb22799b,76518cc8387a1f632b388e2e37f906879dcd73f32c6bc6a13443f15449e896bb,raw_order_four_class,4,xgboost_sigmoid,"[1,2,3,4]",311,1,1,6
phase3a_v3_20260907T141213Z_f6e6a0a,9a94052e8fc96ff0894c89cfe99eca898e1e0da5ed697c7fabac99e4fb22799b,76518cc8387a1f632b388e2e37f906879dcd73f32c6bc6a13443f15449e896bb,raw_order_four_class,4,xgboost_sigmoid,"[1,2,3,4]",311,1,2,6
phase3a_v3_20260907T141213Z_f6e6a0a,9a94052e8fc96ff0894c89cfe99eca898e1e0da5ed697c7fabac99e4fb22799b,76518cc8387a1f632b388e2e37f906879dcd73f32c6bc6a13443f15449e896bb,raw_order_four_class,4,xgboost_sigmoid,"[1,2,3,4]",311,1,3,1
phase3a_v3_20260907T141213Z_f6e6a0a,9a94052e8fc96ff0894c89cfe99eca898e1e0da5ed697c7fabac99e4fb22799b,76518cc8387a1f632b388e2e37f906879dcd73f32c6bc6a13443f15449e896bb,raw_order_four_class,4,xgboost_sigmoid,"[1,2,3,4]",311,1,4,0
phase3a_v3_20260907T141213Z_f6e6a0a,9a94052e8fc96ff0894c89cfe99eca898e1e0da5ed697c7fabac99e4fb22799b,76518cc8387a1f632b388e2e37f906879dcd73f32c6bc6a13443f15449e896bb,raw_order_four_class,4,xgboost_sigmoid,"[1,2,3,4]",311,2,1,3
phase3a_v3_20260907T141213Z_f6e6a0a,9a94052e8fc96ff0894c89cfe99eca898e1e0da5ed697c7fabac99e4fb22799b,76518cc8387a1f632b388e2e37f906879dcd73f32c6bc6a13443f15449e896bb,raw_order_four_class,4,xgboost_sigmoid,"[1,2,3,4]",311,2,2,13
phase3a_v3_20260907T141213Z_f6e6a0a,9a94052e8fc96ff0894c89cfe99eca898e1e0da5ed697c7fabac99e4fb22799b,76518cc8387a1f632b388e2e37f906879dcd73f32c6bc6a13443f15449e896bb,raw_order_four_class,4,xgboost_sigmoid,"[1,2,3,4]",311,2,3,2
phase3a_v3_20260907T141213Z_f6e6a0a,9a94052e8fc96ff0894c89cfe99eca898e1e0da5ed697c7fabac99e4fb22799b,76518cc8387a1f632b388e2e37f906879dcd73f32c6bc6a13443f15449e896bb,raw_order_four_class,4,xgboost_sigmoid,"[1,2,3,4]",311,2,4,0
phase3a_v3_20260907T141213Z_f6e6a0a,9a94052e8fc96ff0894c89cfe99eca898e1e0da5ed697c7fabac99e4fb22799b,76518cc8387a1f632b388e2e37f906879dcd73f32c6bc6a13443f15449e896bb,raw_order_four_class,4,xgboost_sigmoid,"[1,2,3,4]",311,3,1,0
phase3a_v3_20260907T141213Z_f6e6a0a,9a94052e8fc96ff0894c89cfe99eca898e1e0da5ed697c7fabac99e4fb22799b,76518cc8387a1f632b388e2e37f906879dcd73f32c6bc6a13443f15449e896bb,raw_order_four_class,4,xgboost_sigmoid,"[1,2,3,4]",311,3,2,0
phase3a_v3_20260907T141213Z_f6e6a0a,9a94052e8fc96ff0894c89cfe99eca898e1e0da5ed697c7fabac99e4fb22799b,76518cc8387a1f632b388e2e37f906879dcd73f32c6bc6a13443f15449e896bb,raw_order_four_class,4,xgboost_sigmoid,"[1,2,3,4]",311,3,3,243
phase3a_v3_20260907T141213Z_f6e6a0a,9a94052e8fc96ff0894c89cfe99eca898e1e0da5ed697c7fabac99e4fb22799b,76518cc8387a1f632b388e2e37f906879dcd73f32c6bc6a13443f15449e896bb,raw_order_four_class,4,xgboost_sigmoid,"[1,2,3,4]",311,3,4,0
phase3a_v3_20260907T141213Z_f6e6a0a,9a94052e8fc96ff0894c89cfe99eca898e1e0da5ed697c7fabac99e4fb22799b,76518cc8387a1f632b388e2e37f906879dcd73f32c6bc6a13443f15449e896bb,raw_order_four_class,4,xgboost_sigmoid,"[1,2,3,4]",311,4,1,0
phase3a_v3_20260907T141213Z_f6e6a0a,9a94052e8fc96ff0894c89cfe99eca898e1e0da5ed697c7fabac99e4fb22799b,76518cc8387a1f632b388e2e37f906879dcd73f32c6bc6a13443f15449e896bb,raw_order_four_class,4,xgboost_sigmoid,"[1,2,3,4]",311,4,2,0
phase3a_v3_20260907T141213Z_f6e6a0a,9a94052e8fc96ff0894c89cfe99eca898e1e0da5ed697c7fabac99e4fb22799b,76518cc8387a1f632b388e2e37f906879dcd73f32c6bc6a13443f15449e896bb,raw_order_four_class,4,xgboost_sigmoid,"[1,2,3,4]",311,4,3,37
phase3a_v3_20260907T141213Z_f6e6a0a,9a94052e8fc96ff0894c89cfe99eca898e1e0da5ed697c7fabac99e4fb22799b,76518cc8387a1f632b388e2e37f906879dcd73f32c6bc6a13443f15449e896bb,raw_order_four_class,4,xgboost_sigmoid,"[1,2,3,4]",311,4,4,0
phase3a_v3_20260907T141213Z_f6e6a0a,9a94052e8fc96ff0894c89cfe99eca898e1e0da5ed697c7fabac99e4fb22799b,76518cc8387a1f632b388e2e37f906879dcd73f32c6bc6a13443f15449e896bb,raw_order_four_class,5,majority_baseline,"[1,2,3,4]",311,1,1,0
phase3a_v3_20260907T141213Z_f6e6a0a,9a94052e8fc96ff0894c89cfe99eca898e1e0da5ed697c7fabac99e4fb22799b,76518cc8387a1f632b388e2e37f906879dcd73f32c6bc6a13443f15449e896bb,raw_order_four_class,5,majority_baseline,"[1,2,3,4]",311,1,2,0
phase3a_v3_20260907T141213Z_f6e6a0a,9a94052e8fc96ff0894c89cfe99eca898e1e0da5ed697c7fabac99e4fb22799b,76518cc8387a1f632b388e2e37f906879dcd73f32c6bc6a13443f15449e896bb,raw_order_four_class,5,majority_baseline,"[1,2,3,4]",311,1,3,13
phase3a_v3_20260907T141213Z_f6e6a0a,9a94052e8fc96ff0894c89cfe99eca898e1e0da5ed697c7fabac99e4fb22799b,76518cc8387a1f632b388e2e37f906879dcd73f32c6bc6a13443f15449e896bb,raw_order_four_class,5,majority_baseline,"[1,2,3,4]",311,1,4,0
phase3a_v3_20260907T141213Z_f6e6a0a,9a94052e8fc96ff0894c89cfe99eca898e1e0da5ed697c7fabac99e4fb22799b,76518cc8387a1f632b388e2e37f906879dcd73f32c6bc6a13443f15449e896bb,raw_order_four_class,5,majority_baseline,"[1,2,3,4]",311,2,1,0
phase3a_v3_20260907T141213Z_f6e6a0a,9a94052e8fc96ff0894c89cfe99eca898e1e0da5ed697c7fabac99e4fb22799b,76518cc8387a1f632b388e2e37f906879dcd73f32c6bc6a13443f15449e896bb,raw_order_four_class,5,majority_baseline,"[1,2,3,4]",311,2,2,0
phase3a_v3_20260907T141213Z_f6e6a0a,9a94052e8fc96ff0894c89cfe99eca898e1e0da5ed697c7fabac99e4fb22799b,76518cc8387a1f632b388e2e37f906879dcd73f32c6bc6a13443f15449e896bb,raw_order_four_class,5,majority_baseline,"[1,2,3,4]",311,2,3,18
phase3a_v3_20260907T141213Z_f6e6a0a,9a94052e8fc96ff0894c89cfe99eca898e1e0da5ed697c7fabac99e4fb22799b,76518cc8387a1f632b388e2e37f906879dcd73f32c6bc6a13443f15449e896bb,raw_order_four_class,5,majority_baseline,"[1,2,3,4]",311,2,4,0
phase3a_v3_20260907T141213Z_f6e6a0a,9a94052e8fc96ff0894c89cfe99eca898e1e0da5ed697c7fabac99e4fb22799b,76518cc8387a1f632b388e2e37f906879dcd73f32c6bc6a13443f15449e896bb,raw_order_four_class,5,majority_baseline,"[1,2,3,4]",311,3,1,0
phase3a_v3_20260907T141213Z_f6e6a0a,9a94052e8fc96ff0894c89cfe99eca898e1e0da5ed697c7fabac99e4fb22799b,76518cc8387a1f632b388e2e37f906879dcd73f32c6bc6a13443f15449e896bb,raw_order_four_class,5,majority_baseline,"[1,2,3,4]",311,3,2,0
phase3a_v3_20260907T141213Z_f6e6a0a,9a94052e8fc96ff0894c89cfe99eca898e1e0da5ed697c7fabac99e4fb22799b,76518cc8387a1f632b388e2e37f906879dcd73f32c6bc6a13443f15449e896bb,raw_order_four_class,5,majority_baseline,"[1,2,3,4]",311,3,3,243
phase3a_v3_20260907T141213Z_f6e6a0a,9a94052e8fc96ff0894c89cfe99eca898e1e0da5ed697c7fabac99e4fb22799b,76518cc8387a1f632b388e2e37f906879dcd73f32c6bc6a13443f15449e896bb,raw_order_four_class,5,majority_baseline,"[1,2,3,4]",311,3,4,0
phase3a_v3_20260907T141213Z_f6e6a0a,9a94052e8fc96ff0894c89cfe99eca898e1e0da5ed697c7fabac99e4fb22799b,76518cc8387a1f632b388e2e37f906879dcd73f32c6bc6a13443f15449e896bb,raw_order_four_class,5,majority_baseline,"[1,2,3,4]",311,4,1,0
phase3a_v3_20260907T141213Z_f6e6a0a,9a94052e8fc96ff0894c89cfe99eca898e1e0da5ed697c7fabac99e4fb22799b,76518cc8387a1f632b388e2e37f906879dcd73f32c6bc6a13443f15449e896bb,raw_order_four_class,5,majority_baseline,"[1,2,3,4]",311,4,2,0
phase3a_v3_20260907T141213Z_f6e6a0a,9a94052e8fc96ff0894c89cfe99eca898e1e0da5ed697c7fabac99e4fb22799b,76518cc8387a1f632b388e2e37f906879dcd73f32c6bc6a13443f15449e896bb,raw_order_four_class,5,majority_baseline,"[1,2,3,4]",311,4,3,37
phase3a_v3_20260907T141213Z_f6e6a0a,9a94052e8fc96ff0894c89cfe99eca898e1e0da5ed697c7fabac99e4fb22799b,76518cc8387a1f632b388e2e37f906879dcd73f32c6bc6a13443f15449e896bb,raw_order_four_class,5,majority_baseline,"[1,2,3,4]",311,4,4,0
phase3a_v3_20260907T141213Z_f6e6a0a,9a94052e8fc96ff0894c89cfe99eca898e1e0da5ed697c7fabac99e4fb22799b,76518cc8387a1f632b388e2e37f906879dcd73f32c6bc6a13443f15449e896bb,raw_order_four_class,5,ordinal_median_baseline,"[1,2,3,4]",311,1,1,0
phase3a_v3_20260907T141213Z_f6e6a0a,9a94052e8fc96ff0894c89cfe99eca898e1e0da5ed697c7fabac99e4fb22799b,76518cc8387a1f632b388e2e37f906879dcd73f32c6bc6a13443f15449e896bb,raw_order_four_class,5,ordinal_median_baseline,"[1,2,3,4]",311,1,2,0
phase3a_v3_20260907T141213Z_f6e6a0a,9a94052e8fc96ff0894c89cfe99eca898e1e0da5ed697c7fabac99e4fb22799b,76518cc8387a1f632b388e2e37f906879dcd73f32c6bc6a13443f15449e896bb,raw_order_four_class,5,ordinal_median_baseline,"[1,2,3,4]",311,1,3,13
phase3a_v3_20260907T141213Z_f6e6a0a,9a94052e8fc96ff0894c89cfe99eca898e1e0da5ed697c7fabac99e4fb22799b,76518cc8387a1f632b388e2e37f906879dcd73f32c6bc6a13443f15449e896bb,raw_order_four_class,5,ordinal_median_baseline,"[1,2,3,4]",311,1,4,0
phase3a_v3_20260907T141213Z_f6e6a0a,9a94052e8fc96ff0894c89cfe99eca898e1e0da5ed697c7fabac99e4fb22799b,76518cc8387a1f632b388e2e37f906879dcd73f32c6bc6a13443f15449e896bb,raw_order_four_class,5,ordinal_median_baseline,"[1,2,3,4]",311,2,1,0
phase3a_v3_20260907T141213Z_f6e6a0a,9a94052e8fc96ff0894c89cfe99eca898e1e0da5ed697c7fabac99e4fb22799b,76518cc8387a1f632b388e2e37f906879dcd73f32c6bc6a13443f15449e896bb,raw_order_four_class,5,ordinal_median_baseline,"[1,2,3,4]",311,2,2,0
phase3a_v3_20260907T141213Z_f6e6a0a,9a94052e8fc96ff0894c89cfe99eca898e1e0da5ed697c7fabac99e4fb22799b,76518cc8387a1f632b388e2e37f906879dcd73f32c6bc6a13443f15449e896bb,raw_order_four_class,5,ordinal_median_baseline,"[1,2,3,4]",311,2,3,18
phase3a_v3_20260907T141213Z_f6e6a0a,9a94052e8fc96ff0894c89cfe99eca898e1e0da5ed697c7fabac99e4fb22799b,76518cc8387a1f632b388e2e37f906879dcd73f32c6bc6a13443f15449e896bb,raw_order_four_class,5,ordinal_median_baseline,"[1,2,3,4]",311,2,4,0
phase3a_v3_20260907T141213Z_f6e6a0a,9a94052e8fc96ff0894c89cfe99eca898e1e0da5ed697c7fabac99e4fb22799b,76518cc8387a1f632b388e2e37f906879dcd73f32c6bc6a13443f15449e896bb,raw_order_four_class,5,ordinal_median_baseline,"[1,2,3,4]",311,3,1,0
phase3a_v3_20260907T141213Z_f6e6a0a,9a94052e8fc96ff0894c89cfe99eca898e1e0da5ed697c7fabac99e4fb22799b,76518cc8387a1f632b388e2e37f906879dcd73f32c6bc6a13443f15449e896bb,raw_order_four_class,5,ordinal_median_baseline,"[1,2,3,4]",311,3,2,0
phase3a_v3_20260907T141213Z_f6e6a0a,9a94052e8fc96ff0894c89cfe99eca898e1e0da5ed697c7fabac99e4fb22799b,76518cc8387a1f632b388e2e37f906879dcd73f32c6bc6a13443f15449e896bb,raw_order_four_class,5,ordinal_median_baseline,"[1,2,3,4]",311,3,3,243
phase3a_v3_20260907T141213Z_f6e6a0a,9a94052e8fc96ff0894c89cfe99eca898e1e0da5ed697c7fabac99e4fb22799b,76518cc8387a1f632b388e2e37f906879dcd73f32c6bc6a13443f15449e896bb,raw_order_four_class,5,ordinal_median_baseline,"[1,2,3,4]",311,3,4,0
phase3a_v3_20260907T141213Z_f6e6a0a,9a94052e8fc96ff0894c89cfe99eca898e1e0da5ed697c7fabac99e4fb22799b,76518cc8387a1f632b388e2e37f906879dcd73f32c6bc6a13443f15449e896bb,raw_order_four_class,5,ordinal_median_baseline,"[1,2,3,4]",311,4,1,0
phase3a_v3_20260907T141213Z_f6e6a0a,9a94052e8fc96ff0894c89cfe99eca898e1e0da5ed697c7fabac99e4fb22799b,76518cc8387a1f632b388e2e37f906879dcd73f32c6bc6a13443f15449e896bb,raw_order_four_class,5,ordinal_median_baseline,"[1,2,3,4]",311,4,2,0
phase3a_v3_20260907T141213Z_f6e6a0a,9a94052e8fc96ff0894c89cfe99eca898e1e0da5ed697c7fabac99e4fb22799b,76518cc8387a1f632b388e2e37f906879dcd73f32c6bc6a13443f15449e896bb,raw_order_four_class,5,ordinal_median_baseline,"[1,2,3,4]",311,4,3,37
phase3a_v3_20260907T141213Z_f6e6a0a,9a94052e8fc96ff0894c89cfe99eca898e1e0da5ed697c7fabac99e4fb22799b,76518cc8387a1f632b388e2e37f906879dcd73f32c6bc6a13443f15449e896bb,raw_order_four_class,5,ordinal_median_baseline,"[1,2,3,4]",311,4,4,0
phase3a_v3_20260907T141213Z_f6e6a0a,9a94052e8fc96ff0894c89cfe99eca898e1e0da5ed697c7fabac99e4fb22799b,76518cc8387a1f632b388e2e37f906879dcd73f32c6bc6a13443f15449e896bb,raw_order_four_class,5,stratified_baseline,"[1,2,3,4]",311,1,1,1
phase3a_v3_20260907T141213Z_f6e6a0a,9a94052e8fc96ff0894c89cfe99eca898e1e0da5ed697c7fabac99e4fb22799b,76518cc8387a1f632b388e2e37f906879dcd73f32c6bc6a13443f15449e896bb,raw_order_four_class,5,stratified_baseline,"[1,2,3,4]",311,1,2,1
phase3a_v3_20260907T141213Z_f6e6a0a,9a94052e8fc96ff0894c89cfe99eca898e1e0da5ed697c7fabac99e4fb22799b,76518cc8387a1f632b388e2e37f906879dcd73f32c6bc6a13443f15449e896bb,raw_order_four_class,5,stratified_baseline,"[1,2,3,4]",311,1,3,10
phase3a_v3_20260907T141213Z_f6e6a0a,9a94052e8fc96ff0894c89cfe99eca898e1e0da5ed697c7fabac99e4fb22799b,76518cc8387a1f632b388e2e37f906879dcd73f32c6bc6a13443f15449e896bb,raw_order_four_class,5,stratified_baseline,"[1,2,3,4]",311,1,4,1
phase3a_v3_20260907T141213Z_f6e6a0a,9a94052e8fc96ff0894c89cfe99eca898e1e0da5ed697c7fabac99e4fb22799b,76518cc8387a1f632b388e2e37f906879dcd73f32c6bc6a13443f15449e896bb,raw_order_four_class,5,stratified_baseline,"[1,2,3,4]",311,2,1,1
phase3a_v3_20260907T141213Z_f6e6a0a,9a94052e8fc96ff0894c89cfe99eca898e1e0da5ed697c7fabac99e4fb22799b,76518cc8387a1f632b388e2e37f906879dcd73f32c6bc6a13443f15449e896bb,raw_order_four_class,5,stratified_baseline,"[1,2,3,4]",311,2,2,1
phase3a_v3_20260907T141213Z_f6e6a0a,9a94052e8fc96ff0894c89cfe99eca898e1e0da5ed697c7fabac99e4fb22799b,76518cc8387a1f632b388e2e37f906879dcd73f32c6bc6a13443f15449e896bb,raw_order_four_class,5,stratified_baseline,"[1,2,3,4]",311,2,3,16
phase3a_v3_20260907T141213Z_f6e6a0a,9a94052e8fc96ff0894c89cfe99eca898e1e0da5ed697c7fabac99e4fb22799b,76518cc8387a1f632b388e2e37f906879dcd73f32c6bc6a13443f15449e896bb,raw_order_four_class,5,stratified_baseline,"[1,2,3,4]",311,2,4,0
phase3a_v3_20260907T141213Z_f6e6a0a,9a94052e8fc96ff0894c89cfe99eca898e1e0da5ed697c7fabac99e4fb22799b,76518cc8387a1f632b388e2e37f906879dcd73f32c6bc6a13443f15449e896bb,raw_order_four_class,5,stratified_baseline,"[1,2,3,4]",311,3,1,8
phase3a_v3_20260907T141213Z_f6e6a0a,9a94052e8fc96ff0894c89cfe99eca898e1e0da5ed697c7fabac99e4fb22799b,76518cc8387a1f632b388e2e37f906879dcd73f32c6bc6a13443f15449e896bb,raw_order_four_class,5,stratified_baseline,"[1,2,3,4]",311,3,2,24
phase3a_v3_20260907T141213Z_f6e6a0a,9a94052e8fc96ff0894c89cfe99eca898e1e0da5ed697c7fabac99e4fb22799b,76518cc8387a1f632b388e2e37f906879dcd73f32c6bc6a13443f15449e896bb,raw_order_four_class,5,stratified_baseline,"[1,2,3,4]",311,3,3,184
phase3a_v3_20260907T141213Z_f6e6a0a,9a94052e8fc96ff0894c89cfe99eca898e1e0da5ed697c7fabac99e4fb22799b,76518cc8387a1f632b388e2e37f906879dcd73f32c6bc6a13443f15449e896bb,raw_order_four_class,5,stratified_baseline,"[1,2,3,4]",311,3,4,27
phase3a_v3_20260907T141213Z_f6e6a0a,9a94052e8fc96ff0894c89cfe99eca898e1e0da5ed697c7fabac99e4fb22799b,76518cc8387a1f632b388e2e37f906879dcd73f32c6bc6a13443f15449e896bb,raw_order_four_class,5,stratified_baseline,"[1,2,3,4]",311,4,1,0
phase3a_v3_20260907T141213Z_f6e6a0a,9a94052e8fc96ff0894c89cfe99eca898e1e0da5ed697c7fabac99e4fb22799b,76518cc8387a1f632b388e2e37f906879dcd73f32c6bc6a13443f15449e896bb,raw_order_four_class,5,stratified_baseline,"[1,2,3,4]",311,4,2,5
phase3a_v3_20260907T141213Z_f6e6a0a,9a94052e8fc96ff0894c89cfe99eca898e1e0da5ed697c7fabac99e4fb22799b,76518cc8387a1f632b388e2e37f906879dcd73f32c6bc6a13443f15449e896bb,raw_order_four_class,5,stratified_baseline,"[1,2,3,4]",311,4,3,29
phase3a_v3_20260907T141213Z_f6e6a0a,9a94052e8fc96ff0894c89cfe99eca898e1e0da5ed697c7fabac99e4fb22799b,76518cc8387a1f632b388e2e37f906879dcd73f32c6bc6a13443f15449e896bb,raw_order_four_class,5,stratified_baseline,"[1,2,3,4]",311,4,4,3
phase3a_v3_20260907T141213Z_f6e6a0a,9a94052e8fc96ff0894c89cfe99eca898e1e0da5ed697c7fabac99e4fb22799b,76518cc8387a1f632b388e2e37f906879dcd73f32c6bc6a13443f15449e896bb,raw_order_four_class,5,xgboost_raw,"[1,2,3,4]",311,1,1,8
phase3a_v3_20260907T141213Z_f6e6a0a,9a94052e8fc96ff0894c89cfe99eca898e1e0da5ed697c7fabac99e4fb22799b,76518cc8387a1f632b388e2e37f906879dcd73f32c6bc6a13443f15449e896bb,raw_order_four_class,5,xgboost_raw,"[1,2,3,4]",311,1,2,5
phase3a_v3_20260907T141213Z_f6e6a0a,9a94052e8fc96ff0894c89cfe99eca898e1e0da5ed697c7fabac99e4fb22799b,76518cc8387a1f632b388e2e37f906879dcd73f32c6bc6a13443f15449e896bb,raw_order_four_class,5,xgboost_raw,"[1,2,3,4]",311,1,3,0
phase3a_v3_20260907T141213Z_f6e6a0a,9a94052e8fc96ff0894c89cfe99eca898e1e0da5ed697c7fabac99e4fb22799b,76518cc8387a1f632b388e2e37f906879dcd73f32c6bc6a13443f15449e896bb,raw_order_four_class,5,xgboost_raw,"[1,2,3,4]",311,1,4,0
phase3a_v3_20260907T141213Z_f6e6a0a,9a94052e8fc96ff0894c89cfe99eca898e1e0da5ed697c7fabac99e4fb22799b,76518cc8387a1f632b388e2e37f906879dcd73f32c6bc6a13443f15449e896bb,raw_order_four_class,5,xgboost_raw,"[1,2,3,4]",311,2,1,2
phase3a_v3_20260907T141213Z_f6e6a0a,9a94052e8fc96ff0894c89cfe99eca898e1e0da5ed697c7fabac99e4fb22799b,76518cc8387a1f632b388e2e37f906879dcd73f32c6bc6a13443f15449e896bb,raw_order_four_class,5,xgboost_raw,"[1,2,3,4]",311,2,2,15
phase3a_v3_20260907T141213Z_f6e6a0a,9a94052e8fc96ff0894c89cfe99eca898e1e0da5ed697c7fabac99e4fb22799b,76518cc8387a1f632b388e2e37f906879dcd73f32c6bc6a13443f15449e896bb,raw_order_four_class,5,xgboost_raw,"[1,2,3,4]",311,2,3,1
phase3a_v3_20260907T141213Z_f6e6a0a,9a94052e8fc96ff0894c89cfe99eca898e1e0da5ed697c7fabac99e4fb22799b,76518cc8387a1f632b388e2e37f906879dcd73f32c6bc6a13443f15449e896bb,raw_order_four_class,5,xgboost_raw,"[1,2,3,4]",311,2,4,0
phase3a_v3_20260907T141213Z_f6e6a0a,9a94052e8fc96ff0894c89cfe99eca898e1e0da5ed697c7fabac99e4fb22799b,76518cc8387a1f632b388e2e37f906879dcd73f32c6bc6a13443f15449e896bb,raw_order_four_class,5,xgboost_raw,"[1,2,3,4]",311,3,1,0
phase3a_v3_20260907T141213Z_f6e6a0a,9a94052e8fc96ff0894c89cfe99eca898e1e0da5ed697c7fabac99e4fb22799b,76518cc8387a1f632b388e2e37f906879dcd73f32c6bc6a13443f15449e896bb,raw_order_four_class,5,xgboost_raw,"[1,2,3,4]",311,3,2,0
phase3a_v3_20260907T141213Z_f6e6a0a,9a94052e8fc96ff0894c89cfe99eca898e1e0da5ed697c7fabac99e4fb22799b,76518cc8387a1f632b388e2e37f906879dcd73f32c6bc6a13443f15449e896bb,raw_order_four_class,5,xgboost_raw,"[1,2,3,4]",311,3,3,207
phase3a_v3_20260907T141213Z_f6e6a0a,9a94052e8fc96ff0894c89cfe99eca898e1e0da5ed697c7fabac99e4fb22799b,76518cc8387a1f632b388e2e37f906879dcd73f32c6bc6a13443f15449e896bb,raw_order_four_class,5,xgboost_raw,"[1,2,3,4]",311,3,4,36
phase3a_v3_20260907T141213Z_f6e6a0a,9a94052e8fc96ff0894c89cfe99eca898e1e0da5ed697c7fabac99e4fb22799b,76518cc8387a1f632b388e2e37f906879dcd73f32c6bc6a13443f15449e896bb,raw_order_four_class,5,xgboost_raw,"[1,2,3,4]",311,4,1,0
phase3a_v3_20260907T141213Z_f6e6a0a,9a94052e8fc96ff0894c89cfe99eca898e1e0da5ed697c7fabac99e4fb22799b,76518cc8387a1f632b388e2e37f906879dcd73f32c6bc6a13443f15449e896bb,raw_order_four_class,5,xgboost_raw,"[1,2,3,4]",311,4,2,0
phase3a_v3_20260907T141213Z_f6e6a0a,9a94052e8fc96ff0894c89cfe99eca898e1e0da5ed697c7fabac99e4fb22799b,76518cc8387a1f632b388e2e37f906879dcd73f32c6bc6a13443f15449e896bb,raw_order_four_class,5,xgboost_raw,"[1,2,3,4]",311,4,3,30
phase3a_v3_20260907T141213Z_f6e6a0a,9a94052e8fc96ff0894c89cfe99eca898e1e0da5ed697c7fabac99e4fb22799b,76518cc8387a1f632b388e2e37f906879dcd73f32c6bc6a13443f15449e896bb,raw_order_four_class,5,xgboost_raw,"[1,2,3,4]",311,4,4,7
phase3a_v3_20260907T141213Z_f6e6a0a,9a94052e8fc96ff0894c89cfe99eca898e1e0da5ed697c7fabac99e4fb22799b,76518cc8387a1f632b388e2e37f906879dcd73f32c6bc6a13443f15449e896bb,raw_order_four_class,5,xgboost_sigmoid,"[1,2,3,4]",311,1,1,8
phase3a_v3_20260907T141213Z_f6e6a0a,9a94052e8fc96ff0894c89cfe99eca898e1e0da5ed697c7fabac99e4fb22799b,76518cc8387a1f632b388e2e37f906879dcd73f32c6bc6a13443f15449e896bb,raw_order_four_class,5,xgboost_sigmoid,"[1,2,3,4]",311,1,2,4
phase3a_v3_20260907T141213Z_f6e6a0a,9a94052e8fc96ff0894c89cfe99eca898e1e0da5ed697c7fabac99e4fb22799b,76518cc8387a1f632b388e2e37f906879dcd73f32c6bc6a13443f15449e896bb,raw_order_four_class,5,xgboost_sigmoid,"[1,2,3,4]",311,1,3,1
phase3a_v3_20260907T141213Z_f6e6a0a,9a94052e8fc96ff0894c89cfe99eca898e1e0da5ed697c7fabac99e4fb22799b,76518cc8387a1f632b388e2e37f906879dcd73f32c6bc6a13443f15449e896bb,raw_order_four_class,5,xgboost_sigmoid,"[1,2,3,4]",311,1,4,0
phase3a_v3_20260907T141213Z_f6e6a0a,9a94052e8fc96ff0894c89cfe99eca898e1e0da5ed697c7fabac99e4fb22799b,76518cc8387a1f632b388e2e37f906879dcd73f32c6bc6a13443f15449e896bb,raw_order_four_class,5,xgboost_sigmoid,"[1,2,3,4]",311,2,1,2
phase3a_v3_20260907T141213Z_f6e6a0a,9a94052e8fc96ff0894c89cfe99eca898e1e0da5ed697c7fabac99e4fb22799b,76518cc8387a1f632b388e2e37f906879dcd73f32c6bc6a13443f15449e896bb,raw_order_four_class,5,xgboost_sigmoid,"[1,2,3,4]",311,2,2,13
phase3a_v3_20260907T141213Z_f6e6a0a,9a94052e8fc96ff0894c89cfe99eca898e1e0da5ed697c7fabac99e4fb22799b,76518cc8387a1f632b388e2e37f906879dcd73f32c6bc6a13443f15449e896bb,raw_order_four_class,5,xgboost_sigmoid,"[1,2,3,4]",311,2,3,3
phase3a_v3_20260907T141213Z_f6e6a0a,9a94052e8fc96ff0894c89cfe99eca898e1e0da5ed697c7fabac99e4fb22799b,76518cc8387a1f632b388e2e37f906879dcd73f32c6bc6a13443f15449e896bb,raw_order_four_class,5,xgboost_sigmoid,"[1,2,3,4]",311,2,4,0
phase3a_v3_20260907T141213Z_f6e6a0a,9a94052e8fc96ff0894c89cfe99eca898e1e0da5ed697c7fabac99e4fb22799b,76518cc8387a1f632b388e2e37f906879dcd73f32c6bc6a13443f15449e896bb,raw_order_four_class,5,xgboost_sigmoid,"[1,2,3,4]",311,3,1,0
phase3a_v3_20260907T141213Z_f6e6a0a,9a94052e8fc96ff0894c89cfe99eca898e1e0da5ed697c7fabac99e4fb22799b,76518cc8387a1f632b388e2e37f906879dcd73f32c6bc6a13443f15449e896bb,raw_order_four_class,5,xgboost_sigmoid,"[1,2,3,4]",311,3,2,0
phase3a_v3_20260907T141213Z_f6e6a0a,9a94052e8fc96ff0894c89cfe99eca898e1e0da5ed697c7fabac99e4fb22799b,76518cc8387a1f632b388e2e37f906879dcd73f32c6bc6a13443f15449e896bb,raw_order_four_class,5,xgboost_sigmoid,"[1,2,3,4]",311,3,3,243
phase3a_v3_20260907T141213Z_f6e6a0a,9a94052e8fc96ff0894c89cfe99eca898e1e0da5ed697c7fabac99e4fb22799b,76518cc8387a1f632b388e2e37f906879dcd73f32c6bc6a13443f15449e896bb,raw_order_four_class,5,xgboost_sigmoid,"[1,2,3,4]",311,3,4,0
phase3a_v3_20260907T141213Z_f6e6a0a,9a94052e8fc96ff0894c89cfe99eca898e1e0da5ed697c7fabac99e4fb22799b,76518cc8387a1f632b388e2e37f906879dcd73f32c6bc6a13443f15449e896bb,raw_order_four_class,5,xgboost_sigmoid,"[1,2,3,4]",311,4,1,0
phase3a_v3_20260907T141213Z_f6e6a0a,9a94052e8fc96ff0894c89cfe99eca898e1e0da5ed697c7fabac99e4fb22799b,76518cc8387a1f632b388e2e37f906879dcd73f32c6bc6a13443f15449e896bb,raw_order_four_class,5,xgboost_sigmoid,"[1,2,3,4]",311,4,2,0
phase3a_v3_20260907T141213Z_f6e6a0a,9a94052e8fc96ff0894c89cfe99eca898e1e0da5ed697c7fabac99e4fb22799b,76518cc8387a1f632b388e2e37f906879dcd73f32c6bc6a13443f15449e896bb,raw_order_four_class,5,xgboost_sigmoid,"[1,2,3,4]",311,4,3,37
phase3a_v3_20260907T141213Z_f6e6a0a,9a94052e8fc96ff0894c89cfe99eca898e1e0da5ed697c7fabac99e4fb22799b,76518cc8387a1f632b388e2e37f906879dcd73f32c6bc6a13443f15449e896bb,raw_order_four_class,5,xgboost_sigmoid,"[1,2,3,4]",311,4,4,0
