run_id,contract_sha256,scientific_input_sha256,formulation_id,repetition,system,ordered_labels_json,n_samples,metric,value
phase3a_v3_20260907T141213Z_f6e6a0a,9a94052e8fc96ff0894c89cfe99eca898e1e0da5ed697c7fabac99e4fb22799b,76518cc8387a1f632b388e2e37f906879dcd73f32c6bc6a13443f15449e896bb,primary_three_class,1,majority_baseline,"[2,3,4]",311,accuracy,0.7813504823151125
phase3a_v3_20260907T141213Z_f6e6a0a,9a94052e8fc96ff0894c89cfe99eca898e1e0da5ed697c7fabac99e4fb22799b,76518cc8387a1f632b388e2e37f906879dcd73f32c6bc6a13443f15449e896bb,primary_three_class,1,majority_baseline,"[2,3,4]",311,balanced_accuracy,0.3333333333333333
phase3a_v3_20260907T141213Z_f6e6a0a,9a94052e8fc96ff0894c89cfe99eca898e1e0da5ed697c7fabac99e4fb22799b,76518cc8387a1f632b388e2e37f906879dcd73f32c6bc6a13443f15449e896bb,primary_three_class,1,majority_baseline,"[2,3,4]",311,ece_confidence,0.2186495176848875
phase3a_v3_20260907T141213Z_f6e6a0a,9a94052e8fc96ff0894c89cfe99eca898e1e0da5ed697c7fabac99e4fb22799b,76518cc8387a1f632b388e2e37f906879dcd73f32c6bc6a13443f15449e896bb,primary_three_class,1,majority_baseline,"[2,3,4]",311,macro_f1,0.2924187725631769
phase3a_v3_20260907T141213Z_f6e6a0a,9a94052e8fc96ff0894c89cfe99eca898e1e0da5ed697c7fabac99e4fb22799b,76518cc8387a1f632b388e2e37f906879dcd73f32c6bc6a13443f15449e896bb,primary_three_class,1,majority_baseline,"[2,3,4]",311,multiclass_brier,0.43729903536977494
phase3a_v3_20260907T141213Z_f6e6a0a,9a94052e8fc96ff0894c89cfe99eca898e1e0da5ed697c7fabac99e4fb22799b,76518cc8387a1f632b388e2e37f906879dcd73f32c6bc6a13443f15449e896bb,primary_three_class,1,majority_baseline,"[2,3,4]",311,nll_log_loss,7.880927429131723
phase3a_v3_20260907T141213Z_f6e6a0a,9a94052e8fc96ff0894c89cfe99eca898e1e0da5ed697c7fabac99e4fb22799b,76518cc8387a1f632b388e2e37f906879dcd73f32c6bc6a13443f15449e896bb,primary_three_class,1,majority_baseline,"[2,3,4]",311,ordinal_mae,0.21864951768488747
phase3a_v3_20260907T141213Z_f6e6a0a,9a94052e8fc96ff0894c89cfe99eca898e1e0da5ed697c7fabac99e4fb22799b,76518cc8387a1f632b388e2e37f906879dcd73f32c6bc6a13443f15449e896bb,primary_three_class,1,majority_baseline,"[2,3,4]",311,quadratic_weighted_kappa,0.0
phase3a_v3_20260907T141213Z_f6e6a0a,9a94052e8fc96ff0894c89cfe99eca898e1e0da5ed697c7fabac99e4fb22799b,76518cc8387a1f632b388e2e37f906879dcd73f32c6bc6a13443f15449e896bb,primary_three_class,1,majority_baseline,"[2,3,4]",311,ranked_probability_score,0.10932475884244373
phase3a_v3_20260907T141213Z_f6e6a0a,9a94052e8fc96ff0894c89cfe99eca898e1e0da5ed697c7fabac99e4fb22799b,76518cc8387a1f632b388e2e37f906879dcd73f32c6bc6a13443f15449e896bb,primary_three_class,1,majority_baseline,"[2,3,4]",311,two_level_reversal_rate,0.0
phase3a_v3_20260907T141213Z_f6e6a0a,9a94052e8fc96ff0894c89cfe99eca898e1e0da5ed697c7fabac99e4fb22799b,76518cc8387a1f632b388e2e37f906879dcd73f32c6bc6a13443f15449e896bb,primary_three_class,1,ordinal_median_baseline,"[2,3,4]",311,accuracy,0.7813504823151125
phase3a_v3_20260907T141213Z_f6e6a0a,9a94052e8fc96ff0894c89cfe99eca898e1e0da5ed697c7fabac99e4fb22799b,76518cc8387a1f632b388e2e37f906879dcd73f32c6bc6a13443f15449e896bb,primary_three_class,1,ordinal_median_baseline,"[2,3,4]",311,balanced_accuracy,0.3333333333333333
phase3a_v3_20260907T141213Z_f6e6a0a,9a94052e8fc96ff0894c89cfe99eca898e1e0da5ed697c7fabac99e4fb22799b,76518cc8387a1f632b388e2e37f906879dcd73f32c6bc6a13443f15449e896bb,primary_three_class,1,ordinal_median_baseline,"[2,3,4]",311,ece_confidence,0.2186495176848875
phase3a_v3_20260907T141213Z_f6e6a0a,9a94052e8fc96ff0894c89cfe99eca898e1e0da5ed697c7fabac99e4fb22799b,76518cc8387a1f632b388e2e37f906879dcd73f32c6bc6a13443f15449e896bb,primary_three_class,1,ordinal_median_baseline,"[2,3,4]",311,macro_f1,0.2924187725631769
phase3a_v3_20260907T141213Z_f6e6a0a,9a94052e8fc96ff0894c89cfe99eca898e1e0da5ed697c7fabac99e4fb22799b,76518cc8387a1f632b388e2e37f906879dcd73f32c6bc6a13443f15449e896bb,primary_three_class,1,ordinal_median_baseline,"[2,3,4]",311,multiclass_brier,0.43729903536977494
phase3a_v3_20260907T141213Z_f6e6a0a,9a94052e8fc96ff0894c89cfe99eca898e1e0da5ed697c7fabac99e4fb22799b,76518cc8387a1f632b388e2e37f906879dcd73f32c6bc6a13443f15449e896bb,primary_three_class,1,ordinal_median_baseline,"[2,3,4]",311,nll_log_loss,7.880927429131723
phase3a_v3_20260907T141213Z_f6e6a0a,9a94052e8fc96ff0894c89cfe99eca898e1e0da5ed697c7fabac99e4fb22799b,76518cc8387a1f632b388e2e37f906879dcd73f32c6bc6a13443f15449e896bb,primary_three_class,1,ordinal_median_baseline,"[2,3,4]",311,ordinal_mae,0.21864951768488747
phase3a_v3_20260907T141213Z_f6e6a0a,9a94052e8fc96ff0894c89cfe99eca898e1e0da5ed697c7fabac99e4fb22799b,76518cc8387a1f632b388e2e37f906879dcd73f32c6bc6a13443f15449e896bb,primary_three_class,1,ordinal_median_baseline,"[2,3,4]",311,quadratic_weighted_kappa,0.0
phase3a_v3_20260907T141213Z_f6e6a0a,9a94052e8fc96ff0894c89cfe99eca898e1e0da5ed697c7fabac99e4fb22799b,76518cc8387a1f632b388e2e37f906879dcd73f32c6bc6a13443f15449e896bb,primary_three_class,1,ordinal_median_baseline,"[2,3,4]",311,ranked_probability_score,0.10932475884244373
phase3a_v3_20260907T141213Z_f6e6a0a,9a94052e8fc96ff0894c89cfe99eca898e1e0da5ed697c7fabac99e4fb22799b,76518cc8387a1f632b388e2e37f906879dcd73f32c6bc6a13443f15449e896bb,primary_three_class,1,ordinal_median_baseline,"[2,3,4]",311,two_level_reversal_rate,0.0
phase3a_v3_20260907T141213Z_f6e6a0a,9a94052e8fc96ff0894c89cfe99eca898e1e0da5ed697c7fabac99e4fb22799b,76518cc8387a1f632b388e2e37f906879dcd73f32c6bc6a13443f15449e896bb,primary_three_class,1,stratified_baseline,"[2,3,4]",311,accuracy,0.6270096463022508
phase3a_v3_20260907T141213Z_f6e6a0a,9a94052e8fc96ff0894c89cfe99eca898e1e0da5ed697c7fabac99e4fb22799b,76518cc8387a1f632b388e2e37f906879dcd73f32c6bc6a13443f15449e896bb,primary_three_class,1,stratified_baseline,"[2,3,4]",311,balanced_accuracy,0.3202880299654493
phase3a_v3_20260907T141213Z_f6e6a0a,9a94052e8fc96ff0894c89cfe99eca898e1e0da5ed697c7fabac99e4fb22799b,76518cc8387a1f632b388e2e37f906879dcd73f32c6bc6a13443f15449e896bb,primary_three_class,1,stratified_baseline,"[2,3,4]",311,ece_confidence,0.37299035369774924
phase3a_v3_20260907T141213Z_f6e6a0a,9a94052e8fc96ff0894c89cfe99eca898e1e0da5ed697c7fabac99e4fb22799b,76518cc8387a1f632b388e2e37f906879dcd73f32c6bc6a13443f15449e896bb,primary_three_class,1,stratified_baseline,"[2,3,4]",311,macro_f1,0.3232235841338329
phase3a_v3_20260907T141213Z_f6e6a0a,9a94052e8fc96ff0894c89cfe99eca898e1e0da5ed697c7fabac99e4fb22799b,76518cc8387a1f632b388e2e37f906879dcd73f32c6bc6a13443f15449e896bb,primary_three_class,1,stratified_baseline,"[2,3,4]",311,multiclass_brier,0.7459807073954984
phase3a_v3_20260907T141213Z_f6e6a0a,9a94052e8fc96ff0894c89cfe99eca898e1e0da5ed697c7fabac99e4fb22799b,76518cc8387a1f632b388e2e37f906879dcd73f32c6bc6a13443f15449e896bb,primary_three_class,1,stratified_baseline,"[2,3,4]",311,nll_log_loss,13.443935026165883
phase3a_v3_20260907T141213Z_f6e6a0a,9a94052e8fc96ff0894c89cfe99eca898e1e0da5ed697c7fabac99e4fb22799b,76518cc8387a1f632b388e2e37f906879dcd73f32c6bc6a13443f15449e896bb,primary_three_class,1,stratified_baseline,"[2,3,4]",311,ordinal_mae,0.3954983922829582
phase3a_v3_20260907T141213Z_f6e6a0a,9a94052e8fc96ff0894c89cfe99eca898e1e0da5ed697c7fabac99e4fb22799b,76518cc8387a1f632b388e2e37f906879dcd73f32c6bc6a13443f15449e896bb,primary_three_class,1,stratified_baseline,"[2,3,4]",311,quadratic_weighted_kappa,-0.019769751801057778
phase3a_v3_20260907T141213Z_f6e6a0a,9a94052e8fc96ff0894c89cfe99eca898e1e0da5ed697c7fabac99e4fb22799b,76518cc8387a1f632b388e2e37f906879dcd73f32c6bc6a13443f15449e896bb,primary_three_class,1,stratified_baseline,"[2,3,4]",311,ranked_probability_score,0.1977491961414791
phase3a_v3_20260907T141213Z_f6e6a0a,9a94052e8fc96ff0894c89cfe99eca898e1e0da5ed697c7fabac99e4fb22799b,76518cc8387a1f632b388e2e37f906879dcd73f32c6bc6a13443f15449e896bb,primary_three_class,1,stratified_baseline,"[2,3,4]",311,two_level_reversal_rate,0.022508038585209004
phase3a_v3_20260907T141213Z_f6e6a0a,9a94052e8fc96ff0894c89cfe99eca898e1e0da5ed697c7fabac99e4fb22799b,76518cc8387a1f632b388e2e37f906879dcd73f32c6bc6a13443f15449e896bb,primary_three_class,1,xgboost_raw,"[2,3,4]",311,accuracy,0.819935691318328
phase3a_v3_20260907T141213Z_f6e6a0a,9a94052e8fc96ff0894c89cfe99eca898e1e0da5ed697c7fabac99e4fb22799b,76518cc8387a1f632b388e2e37f906879dcd73f32c6bc6a13443f15449e896bb,primary_three_class,1,xgboost_raw,"[2,3,4]",311,balanced_accuracy,0.6617716880560369
phase3a_v3_20260907T141213Z_f6e6a0a,9a94052e8fc96ff0894c89cfe99eca898e1e0da5ed697c7fabac99e4fb22799b,76518cc8387a1f632b388e2e37f906879dcd73f32c6bc6a13443f15449e896bb,primary_three_class,1,xgboost_raw,"[2,3,4]",311,ece_confidence,0.07540591825421966
phase3a_v3_20260907T141213Z_f6e6a0a,9a94052e8fc96ff0894c89cfe99eca898e1e0da5ed697c7fabac99e4fb22799b,76518cc8387a1f632b388e2e37f906879dcd73f32c6bc6a13443f15449e896bb,primary_three_class,1,xgboost_raw,"[2,3,4]",311,macro_f1,0.6570262313892573
phase3a_v3_20260907T141213Z_f6e6a0a,9a94052e8fc96ff0894c89cfe99eca898e1e0da5ed697c7fabac99e4fb22799b,76518cc8387a1f632b388e2e37f906879dcd73f32c6bc6a13443f15449e896bb,primary_three_class,1,xgboost_raw,"[2,3,4]",311,multiclass_brier,0.29033810696153306
phase3a_v3_20260907T141213Z_f6e6a0a,9a94052e8fc96ff0894c89cfe99eca898e1e0da5ed697c7fabac99e4fb22799b,76518cc8387a1f632b388e2e37f906879dcd73f32c6bc6a13443f15449e896bb,primary_three_class,1,xgboost_raw,"[2,3,4]",311,nll_log_loss,0.5350105541722199
phase3a_v3_20260907T141213Z_f6e6a0a,9a94052e8fc96ff0894c89cfe99eca898e1e0da5ed697c7fabac99e4fb22799b,76518cc8387a1f632b388e2e37f906879dcd73f32c6bc6a13443f15449e896bb,primary_three_class,1,xgboost_raw,"[2,3,4]",311,ordinal_mae,0.18006430868167203
phase3a_v3_20260907T141213Z_f6e6a0a,9a94052e8fc96ff0894c89cfe99eca898e1e0da5ed697c7fabac99e4fb22799b,76518cc8387a1f632b388e2e37f906879dcd73f32c6bc6a13443f15449e896bb,primary_three_class,1,xgboost_raw,"[2,3,4]",311,quadratic_weighted_kappa,0.5495085359544749
phase3a_v3_20260907T141213Z_f6e6a0a,9a94052e8fc96ff0894c89cfe99eca898e1e0da5ed697c7fabac99e4fb22799b,76518cc8387a1f632b388e2e37f906879dcd73f32c6bc6a13443f15449e896bb,primary_three_class,1,xgboost_raw,"[2,3,4]",311,ranked_probability_score,0.07249886498477474
phase3a_v3_20260907T141213Z_f6e6a0a,9a94052e8fc96ff0894c89cfe99eca898e1e0da5ed697c7fabac99e4fb22799b,76518cc8387a1f632b388e2e37f906879dcd73f32c6bc6a13443f15449e896bb,primary_three_class,1,xgboost_raw,"[2,3,4]",311,two_level_reversal_rate,0.0
phase3a_v3_20260907T141213Z_f6e6a0a,9a94052e8fc96ff0894c89cfe99eca898e1e0da5ed697c7fabac99e4fb22799b,76518cc8387a1f632b388e2e37f906879dcd73f32c6bc6a13443f15449e896bb,primary_three_class,1,xgboost_sigmoid,"[2,3,4]",311,accuracy,0.8681672025723473
phase3a_v3_20260907T141213Z_f6e6a0a,9a94052e8fc96ff0894c89cfe99eca898e1e0da5ed697c7fabac99e4fb22799b,76518cc8387a1f632b388e2e37f906879dcd73f32c6bc6a13443f15449e896bb,primary_three_class,1,xgboost_sigmoid,"[2,3,4]",311,balanced_accuracy,0.6517987521571751
phase3a_v3_20260907T141213Z_f6e6a0a,9a94052e8fc96ff0894c89cfe99eca898e1e0da5ed697c7fabac99e4fb22799b,76518cc8387a1f632b388e2e37f906879dcd73f32c6bc6a13443f15449e896bb,primary_three_class,1,xgboost_sigmoid,"[2,3,4]",311,ece_confidence,0.0390769349505192
phase3a_v3_20260907T141213Z_f6e6a0a,9a94052e8fc96ff0894c89cfe99eca898e1e0da5ed697c7fabac99e4fb22799b,76518cc8387a1f632b388e2e37f906879dcd73f32c6bc6a13443f15449e896bb,primary_three_class,1,xgboost_sigmoid,"[2,3,4]",311,macro_f1,0.6245620449075343
phase3a_v3_20260907T141213Z_f6e6a0a,9a94052e8fc96ff0894c89cfe99eca898e1e0da5ed697c7fabac99e4fb22799b,76518cc8387a1f632b388e2e37f906879dcd73f32c6bc6a13443f15449e896bb,primary_three_class,1,xgboost_sigmoid,"[2,3,4]",311,multiclass_brier,0.23457232933986252
phase3a_v3_20260907T141213Z_f6e6a0a,9a94052e8fc96ff0894c89cfe99eca898e1e0da5ed697c7fabac99e4fb22799b,76518cc8387a1f632b388e2e37f906879dcd73f32c6bc6a13443f15449e896bb,primary_three_class,1,xgboost_sigmoid,"[2,3,4]",311,nll_log_loss,0.4192084031729465
phase3a_v3_20260907T141213Z_f6e6a0a,9a94052e8fc96ff0894c89cfe99eca898e1e0da5ed697c7fabac99e4fb22799b,76518cc8387a1f632b388e2e37f906879dcd73f32c6bc6a13443f15449e896bb,primary_three_class,1,xgboost_sigmoid,"[2,3,4]",311,ordinal_mae,0.13183279742765272
phase3a_v3_20260907T141213Z_f6e6a0a,9a94052e8fc96ff0894c89cfe99eca898e1e0da5ed697c7fabac99e4fb22799b,76518cc8387a1f632b388e2e37f906879dcd73f32c6bc6a13443f15449e896bb,primary_three_class,1,xgboost_sigmoid,"[2,3,4]",311,quadratic_weighted_kappa,0.5988106849573671
phase3a_v3_20260907T141213Z_f6e6a0a,9a94052e8fc96ff0894c89cfe99eca898e1e0da5ed697c7fabac99e4fb22799b,76518cc8387a1f632b388e2e37f906879dcd73f32c6bc6a13443f15449e896bb,primary_three_class,1,xgboost_sigmoid,"[2,3,4]",311,ranked_probability_score,0.05942551678354199
phase3a_v3_20260907T141213Z_f6e6a0a,9a94052e8fc96ff0894c89cfe99eca898e1e0da5ed697c7fabac99e4fb22799b,76518cc8387a1f632b388e2e37f906879dcd73f32c6bc6a13443f15449e896bb,primary_three_class,1,xgboost_sigmoid,"[2,3,4]",311,two_level_reversal_rate,0.0
phase3a_v3_20260907T141213Z_f6e6a0a,9a94052e8fc96ff0894c89cfe99eca898e1e0da5ed697c7fabac99e4fb22799b,76518cc8387a1f632b388e2e37f906879dcd73f32c6bc6a13443f15449e896bb,primary_three_class,2,majority_baseline,"[2,3,4]",311,accuracy,0.7813504823151125
phase3a_v3_20260907T141213Z_f6e6a0a,9a94052e8fc96ff0894c89cfe99eca898e1e0da5ed697c7fabac99e4fb22799b,76518cc8387a1f632b388e2e37f906879dcd73f32c6bc6a13443f15449e896bb,primary_three_class,2,majority_baseline,"[2,3,4]",311,balanced_accuracy,0.3333333333333333
phase3a_v3_20260907T141213Z_f6e6a0a,9a94052e8fc96ff0894c89cfe99eca898e1e0da5ed697c7fabac99e4fb22799b,76518cc8387a1f632b388e2e37f906879dcd73f32c6bc6a13443f15449e896bb,primary_three_class,2,majority_baseline,"[2,3,4]",311,ece_confidence,0.2186495176848875
phase3a_v3_20260907T141213Z_f6e6a0a,9a94052e8fc96ff0894c89cfe99eca898e1e0da5ed697c7fabac99e4fb22799b,76518cc8387a1f632b388e2e37f906879dcd73f32c6bc6a13443f15449e896bb,primary_three_class,2,majority_baseline,"[2,3,4]",311,macro_f1,0.2924187725631769
phase3a_v3_20260907T141213Z_f6e6a0a,9a94052e8fc96ff0894c89cfe99eca898e1e0da5ed697c7fabac99e4fb22799b,76518cc8387a1f632b388e2e37f906879dcd73f32c6bc6a13443f15449e896bb,primary_three_class,2,majority_baseline,"[2,3,4]",311,multiclass_brier,0.43729903536977494
phase3a_v3_20260907T141213Z_f6e6a0a,9a94052e8fc96ff0894c89cfe99eca898e1e0da5ed697c7fabac99e4fb22799b,76518cc8387a1f632b388e2e37f906879dcd73f32c6bc6a13443f15449e896bb,primary_three_class,2,majority_baseline,"[2,3,4]",311,nll_log_loss,7.880927429131723
phase3a_v3_20260907T141213Z_f6e6a0a,9a94052e8fc96ff0894c89cfe99eca898e1e0da5ed697c7fabac99e4fb22799b,76518cc8387a1f632b388e2e37f906879dcd73f32c6bc6a13443f15449e896bb,primary_three_class,2,majority_baseline,"[2,3,4]",311,ordinal_mae,0.21864951768488747
phase3a_v3_20260907T141213Z_f6e6a0a,9a94052e8fc96ff0894c89cfe99eca898e1e0da5ed697c7fabac99e4fb22799b,76518cc8387a1f632b388e2e37f906879dcd73f32c6bc6a13443f15449e896bb,primary_three_class,2,majority_baseline,"[2,3,4]",311,quadratic_weighted_kappa,0.0
phase3a_v3_20260907T141213Z_f6e6a0a,9a94052e8fc96ff0894c89cfe99eca898e1e0da5ed697c7fabac99e4fb22799b,76518cc8387a1f632b388e2e37f906879dcd73f32c6bc6a13443f15449e896bb,primary_three_class,2,majority_baseline,"[2,3,4]",311,ranked_probability_score,0.10932475884244373
phase3a_v3_20260907T141213Z_f6e6a0a,9a94052e8fc96ff0894c89cfe99eca898e1e0da5ed697c7fabac99e4fb22799b,76518cc8387a1f632b388e2e37f906879dcd73f32c6bc6a13443f15449e896bb,primary_three_class,2,majority_baseline,"[2,3,4]",311,two_level_reversal_rate,0.0
phase3a_v3_20260907T141213Z_f6e6a0a,9a94052e8fc96ff0894c89cfe99eca898e1e0da5ed697c7fabac99e4fb22799b,76518cc8387a1f632b388e2e37f906879dcd73f32c6bc6a13443f15449e896bb,primary_three_class,2,ordinal_median_baseline,"[2,3,4]",311,accuracy,0.7813504823151125
phase3a_v3_20260907T141213Z_f6e6a0a,9a94052e8fc96ff0894c89cfe99eca898e1e0da5ed697c7fabac99e4fb22799b,76518cc8387a1f632b388e2e37f906879dcd73f32c6bc6a13443f15449e896bb,primary_three_class,2,ordinal_median_baseline,"[2,3,4]",311,balanced_accuracy,0.3333333333333333
phase3a_v3_20260907T141213Z_f6e6a0a,9a94052e8fc96ff0894c89cfe99eca898e1e0da5ed697c7fabac99e4fb22799b,76518cc8387a1f632b388e2e37f906879dcd73f32c6bc6a13443f15449e896bb,primary_three_class,2,ordinal_median_baseline,"[2,3,4]",311,ece_confidence,0.2186495176848875
phase3a_v3_20260907T141213Z_f6e6a0a,9a94052e8fc96ff0894c89cfe99eca898e1e0da5ed697c7fabac99e4fb22799b,76518cc8387a1f632b388e2e37f906879dcd73f32c6bc6a13443f15449e896bb,primary_three_class,2,ordinal_median_baseline,"[2,3,4]",311,macro_f1,0.2924187725631769
phase3a_v3_20260907T141213Z_f6e6a0a,9a94052e8fc96ff0894c89cfe99eca898e1e0da5ed697c7fabac99e4fb22799b,76518cc8387a1f632b388e2e37f906879dcd73f32c6bc6a13443f15449e896bb,primary_three_class,2,ordinal_median_baseline,"[2,3,4]",311,multiclass_brier,0.43729903536977494
phase3a_v3_20260907T141213Z_f6e6a0a,9a94052e8fc96ff0894c89cfe99eca898e1e0da5ed697c7fabac99e4fb22799b,76518cc8387a1f632b388e2e37f906879dcd73f32c6bc6a13443f15449e896bb,primary_three_class,2,ordinal_median_baseline,"[2,3,4]",311,nll_log_loss,7.880927429131723
phase3a_v3_20260907T141213Z_f6e6a0a,9a94052e8fc96ff0894c89cfe99eca898e1e0da5ed697c7fabac99e4fb22799b,76518cc8387a1f632b388e2e37f906879dcd73f32c6bc6a13443f15449e896bb,primary_three_class,2,ordinal_median_baseline,"[2,3,4]",311,ordinal_mae,0.21864951768488747
phase3a_v3_20260907T141213Z_f6e6a0a,9a94052e8fc96ff0894c89cfe99eca898e1e0da5ed697c7fabac99e4fb22799b,76518cc8387a1f632b388e2e37f906879dcd73f32c6bc6a13443f15449e896bb,primary_three_class,2,ordinal_median_baseline,"[2,3,4]",311,quadratic_weighted_kappa,0.0
phase3a_v3_20260907T141213Z_f6e6a0a,9a94052e8fc96ff0894c89cfe99eca898e1e0da5ed697c7fabac99e4fb22799b,76518cc8387a1f632b388e2e37f906879dcd73f32c6bc6a13443f15449e896bb,primary_three_class,2,ordinal_median_baseline,"[2,3,4]",311,ranked_probability_score,0.10932475884244373
phase3a_v3_20260907T141213Z_f6e6a0a,9a94052e8fc96ff0894c89cfe99eca898e1e0da5ed697c7fabac99e4fb22799b,76518cc8387a1f632b388e2e37f906879dcd73f32c6bc6a13443f15449e896bb,primary_three_class,2,ordinal_median_baseline,"[2,3,4]",311,two_level_reversal_rate,0.0
phase3a_v3_20260907T141213Z_f6e6a0a,9a94052e8fc96ff0894c89cfe99eca898e1e0da5ed697c7fabac99e4fb22799b,76518cc8387a1f632b388e2e37f906879dcd73f32c6bc6a13443f15449e896bb,primary_three_class,2,stratified_baseline,"[2,3,4]",311,accuracy,0.6302250803858521
phase3a_v3_20260907T141213Z_f6e6a0a,9a94052e8fc96ff0894c89cfe99eca898e1e0da5ed697c7fabac99e4fb22799b,76518cc8387a1f632b388e2e37f906879dcd73f32c6bc6a13443f15449e896bb,primary_three_class,2,stratified_baseline,"[2,3,4]",311,balanced_accuracy,0.31991609291489814
phase3a_v3_20260907T141213Z_f6e6a0a,9a94052e8fc96ff0894c89cfe99eca898e1e0da5ed697c7fabac99e4fb22799b,76518cc8387a1f632b388e2e37f906879dcd73f32c6bc6a13443f15449e896bb,primary_three_class,2,stratified_baseline,"[2,3,4]",311,ece_confidence,0.3697749196141479
phase3a_v3_20260907T141213Z_f6e6a0a,9a94052e8fc96ff0894c89cfe99eca898e1e0da5ed697c7fabac99e4fb22799b,76518cc8387a1f632b388e2e37f906879dcd73f32c6bc6a13443f15449e896bb,primary_three_class,2,stratified_baseline,"[2,3,4]",311,macro_f1,0.3210351763661902
phase3a_v3_20260907T141213Z_f6e6a0a,9a94052e8fc96ff0894c89cfe99eca898e1e0da5ed697c7fabac99e4fb22799b,76518cc8387a1f632b388e2e37f906879dcd73f32c6bc6a13443f15449e896bb,primary_three_class,2,stratified_baseline,"[2,3,4]",311,multiclass_brier,0.7395498392282959
phase3a_v3_20260907T141213Z_f6e6a0a,9a94052e8fc96ff0894c89cfe99eca898e1e0da5ed697c7fabac99e4fb22799b,76518cc8387a1f632b388e2e37f906879dcd73f32c6bc6a13443f15449e896bb,primary_three_class,2,stratified_baseline,"[2,3,4]",311,nll_log_loss,13.328039034561005
phase3a_v3_20260907T141213Z_f6e6a0a,9a94052e8fc96ff0894c89cfe99eca898e1e0da5ed697c7fabac99e4fb22799b,76518cc8387a1f632b388e2e37f906879dcd73f32c6bc6a13443f15449e896bb,primary_three_class,2,stratified_baseline,"[2,3,4]",311,ordinal_mae,0.3987138263665595
phase3a_v3_20260907T141213Z_f6e6a0a,9a94052e8fc96ff0894c89cfe99eca898e1e0da5ed697c7fabac99e4fb22799b,76518cc8387a1f632b388e2e37f906879dcd73f32c6bc6a13443f15449e896bb,primary_three_class,2,stratified_baseline,"[2,3,4]",311,quadratic_weighted_kappa,-0.04887896636899103
phase3a_v3_20260907T141213Z_f6e6a0a,9a94052e8fc96ff0894c89cfe99eca898e1e0da5ed697c7fabac99e4fb22799b,76518cc8387a1f632b388e2e37f906879dcd73f32c6bc6a13443f15449e896bb,primary_three_class,2,stratified_baseline,"[2,3,4]",311,ranked_probability_score,0.19935691318327975
phase3a_v3_20260907T141213Z_f6e6a0a,9a94052e8fc96ff0894c89cfe99eca898e1e0da5ed697c7fabac99e4fb22799b,76518cc8387a1f632b388e2e37f906879dcd73f32c6bc6a13443f15449e896bb,primary_three_class,2,stratified_baseline,"[2,3,4]",311,two_level_reversal_rate,0.028938906752411574
phase3a_v3_20260907T141213Z_f6e6a0a,9a94052e8fc96ff0894c89cfe99eca898e1e0da5ed697c7fabac99e4fb22799b,76518cc8387a1f632b388e2e37f906879dcd73f32c6bc6a13443f15449e896bb,primary_three_class,2,xgboost_raw,"[2,3,4]",311,accuracy,0.8231511254019293
phase3a_v3_20260907T141213Z_f6e6a0a,9a94052e8fc96ff0894c89cfe99eca898e1e0da5ed697c7fabac99e4fb22799b,76518cc8387a1f632b388e2e37f906879dcd73f32c6bc6a13443f15449e896bb,primary_three_class,2,xgboost_raw,"[2,3,4]",311,balanced_accuracy,0.6631434301685198
phase3a_v3_20260907T141213Z_f6e6a0a,9a94052e8fc96ff0894c89cfe99eca898e1e0da5ed697c7fabac99e4fb22799b,76518cc8387a1f632b388e2e37f906879dcd73f32c6bc6a13443f15449e896bb,primary_three_class,2,xgboost_raw,"[2,3,4]",311,ece_confidence,0.05443075888911455
phase3a_v3_20260907T141213Z_f6e6a0a,9a94052e8fc96ff0894c89cfe99eca898e1e0da5ed697c7fabac99e4fb22799b,76518cc8387a1f632b388e2e37f906879dcd73f32c6bc6a13443f15449e896bb,primary_three_class,2,xgboost_raw,"[2,3,4]",311,macro_f1,0.6584979482775074
phase3a_v3_20260907T141213Z_f6e6a0a,9a94052e8fc96ff0894c89cfe99eca898e1e0da5ed697c7fabac99e4fb22799b,76518cc8387a1f632b388e2e37f906879dcd73f32c6bc6a13443f15449e896bb,primary_three_class,2,xgboost_raw,"[2,3,4]",311,multiclass_brier,0.28106268208033497
phase3a_v3_20260907T141213Z_f6e6a0a,9a94052e8fc96ff0894c89cfe99eca898e1e0da5ed697c7fabac99e4fb22799b,76518cc8387a1f632b388e2e37f906879dcd73f32c6bc6a13443f15449e896bb,primary_three_class,2,xgboost_raw,"[2,3,4]",311,nll_log_loss,0.5134985248842133
phase3a_v3_20260907T141213Z_f6e6a0a,9a94052e8fc96ff0894c89cfe99eca898e1e0da5ed697c7fabac99e4fb22799b,76518cc8387a1f632b388e2e37f906879dcd73f32c6bc6a13443f15449e896bb,primary_three_class,2,xgboost_raw,"[2,3,4]",311,ordinal_mae,0.17684887459807075
phase3a_v3_20260907T141213Z_f6e6a0a,9a94052e8fc96ff0894c89cfe99eca898e1e0da5ed697c7fabac99e4fb22799b,76518cc8387a1f632b388e2e37f906879dcd73f32c6bc6a13443f15449e896bb,primary_three_class,2,xgboost_raw,"[2,3,4]",311,quadratic_weighted_kappa,0.5541044289773468
phase3a_v3_20260907T141213Z_f6e6a0a,9a94052e8fc96ff0894c89cfe99eca898e1e0da5ed697c7fabac99e4fb22799b,76518cc8387a1f632b388e2e37f906879dcd73f32c6bc6a13443f15449e896bb,primary_three_class,2,xgboost_raw,"[2,3,4]",311,ranked_probability_score,0.0706348645795986
phase3a_v3_20260907T141213Z_f6e6a0a,9a94052e8fc96ff0894c89cfe99eca898e1e0da5ed697c7fabac99e4fb22799b,76518cc8387a1f632b388e2e37f906879dcd73f32c6bc6a13443f15449e896bb,primary_three_class,2,xgboost_raw,"[2,3,4]",311,two_level_reversal_rate,0.0
phase3a_v3_20260907T141213Z_f6e6a0a,9a94052e8fc96ff0894c89cfe99eca898e1e0da5ed697c7fabac99e4fb22799b,76518cc8387a1f632b388e2e37f906879dcd73f32c6bc6a13443f15449e896bb,primary_three_class,2,xgboost_sigmoid,"[2,3,4]",311,accuracy,0.8713826366559485
phase3a_v3_20260907T141213Z_f6e6a0a,9a94052e8fc96ff0894c89cfe99eca898e1e0da5ed697c7fabac99e4fb22799b,76518cc8387a1f632b388e2e37f906879dcd73f32c6bc6a13443f15449e896bb,primary_three_class,2,xgboost_sigmoid,"[2,3,4]",311,balanced_accuracy,0.653170494269658
phase3a_v3_20260907T141213Z_f6e6a0a,9a94052e8fc96ff0894c89cfe99eca898e1e0da5ed697c7fabac99e4fb22799b,76518cc8387a1f632b388e2e37f906879dcd73f32c6bc6a13443f15449e896bb,primary_three_class,2,xgboost_sigmoid,"[2,3,4]",311,ece_confidence,0.03648412959938689
phase3a_v3_20260907T141213Z_f6e6a0a,9a94052e8fc96ff0894c89cfe99eca898e1e0da5ed697c7fabac99e4fb22799b,76518cc8387a1f632b388e2e37f906879dcd73f32c6bc6a13443f15449e896bb,primary_three_class,2,xgboost_sigmoid,"[2,3,4]",311,macro_f1,0.6252508666301769
phase3a_v3_20260907T141213Z_f6e6a0a,9a94052e8fc96ff0894c89cfe99eca898e1e0da5ed697c7fabac99e4fb22799b,76518cc8387a1f632b388e2e37f906879dcd73f32c6bc6a13443f15449e896bb,primary_three_class,2,xgboost_sigmoid,"[2,3,4]",311,multiclass_brier,0.22949961163109697
phase3a_v3_20260907T141213Z_f6e6a0a,9a94052e8fc96ff0894c89cfe99eca898e1e0da5ed697c7fabac99e4fb22799b,76518cc8387a1f632b388e2e37f906879dcd73f32c6bc6a13443f15449e896bb,primary_three_class,2,xgboost_sigmoid,"[2,3,4]",311,nll_log_loss,0.4142980992018377
phase3a_v3_20260907T141213Z_f6e6a0a,9a94052e8fc96ff0894c89cfe99eca898e1e0da5ed697c7fabac99e4fb22799b,76518cc8387a1f632b388e2e37f906879dcd73f32c6bc6a13443f15449e896bb,primary_three_class,2,xgboost_sigmoid,"[2,3,4]",311,ordinal_mae,0.12861736334405144
phase3a_v3_20260907T141213Z_f6e6a0a,9a94052e8fc96ff0894c89cfe99eca898e1e0da5ed697c7fabac99e4fb22799b,76518cc8387a1f632b388e2e37f906879dcd73f32c6bc6a13443f15449e896bb,primary_three_class,2,xgboost_sigmoid,"[2,3,4]",311,quadratic_weighted_kappa,0.604878668530047
phase3a_v3_20260907T141213Z_f6e6a0a,9a94052e8fc96ff0894c89cfe99eca898e1e0da5ed697c7fabac99e4fb22799b,76518cc8387a1f632b388e2e37f906879dcd73f32c6bc6a13443f15449e896bb,primary_three_class,2,xgboost_sigmoid,"[2,3,4]",311,ranked_probability_score,0.0582412554774476
phase3a_v3_20260907T141213Z_f6e6a0a,9a94052e8fc96ff0894c89cfe99eca898e1e0da5ed697c7fabac99e4fb22799b,76518cc8387a1f632b388e2e37f906879dcd73f32c6bc6a13443f15449e896bb,primary_three_class,2,xgboost_sigmoid,"[2,3,4]",311,two_level_reversal_rate,0.0
phase3a_v3_20260907T141213Z_f6e6a0a,9a94052e8fc96ff0894c89cfe99eca898e1e0da5ed697c7fabac99e4fb22799b,76518cc8387a1f632b388e2e37f906879dcd73f32c6bc6a13443f15449e896bb,primary_three_class,3,majority_baseline,"[2,3,4]",311,accuracy,0.7813504823151125
phase3a_v3_20260907T141213Z_f6e6a0a,9a94052e8fc96ff0894c89cfe99eca898e1e0da5ed697c7fabac99e4fb22799b,76518cc8387a1f632b388e2e37f906879dcd73f32c6bc6a13443f15449e896bb,primary_three_class,3,majority_baseline,"[2,3,4]",311,balanced_accuracy,0.3333333333333333
phase3a_v3_20260907T141213Z_f6e6a0a,9a94052e8fc96ff0894c89cfe99eca898e1e0da5ed697c7fabac99e4fb22799b,76518cc8387a1f632b388e2e37f906879dcd73f32c6bc6a13443f15449e896bb,primary_three_class,3,majority_baseline,"[2,3,4]",311,ece_confidence,0.2186495176848875
phase3a_v3_20260907T141213Z_f6e6a0a,9a94052e8fc96ff0894c89cfe99eca898e1e0da5ed697c7fabac99e4fb22799b,76518cc8387a1f632b388e2e37f906879dcd73f32c6bc6a13443f15449e896bb,primary_three_class,3,majority_baseline,"[2,3,4]",311,macro_f1,0.2924187725631769
phase3a_v3_20260907T141213Z_f6e6a0a,9a94052e8fc96ff0894c89cfe99eca898e1e0da5ed697c7fabac99e4fb22799b,76518cc8387a1f632b388e2e37f906879dcd73f32c6bc6a13443f15449e896bb,primary_three_class,3,majority_baseline,"[2,3,4]",311,multiclass_brier,0.43729903536977494
phase3a_v3_20260907T141213Z_f6e6a0a,9a94052e8fc96ff0894c89cfe99eca898e1e0da5ed697c7fabac99e4fb22799b,76518cc8387a1f632b388e2e37f906879dcd73f32c6bc6a13443f15449e896bb,primary_three_class,3,majority_baseline,"[2,3,4]",311,nll_log_loss,7.880927429131723
phase3a_v3_20260907T141213Z_f6e6a0a,9a94052e8fc96ff0894c89cfe99eca898e1e0da5ed697c7fabac99e4fb22799b,76518cc8387a1f632b388e2e37f906879dcd73f32c6bc6a13443f15449e896bb,primary_three_class,3,majority_baseline,"[2,3,4]",311,ordinal_mae,0.21864951768488747
phase3a_v3_20260907T141213Z_f6e6a0a,9a94052e8fc96ff0894c89cfe99eca898e1e0da5ed697c7fabac99e4fb22799b,76518cc8387a1f632b388e2e37f906879dcd73f32c6bc6a13443f15449e896bb,primary_three_class,3,majority_baseline,"[2,3,4]",311,quadratic_weighted_kappa,0.0
phase3a_v3_20260907T141213Z_f6e6a0a,9a94052e8fc96ff0894c89cfe99eca898e1e0da5ed697c7fabac99e4fb22799b,76518cc8387a1f632b388e2e37f906879dcd73f32c6bc6a13443f15449e896bb,primary_three_class,3,majority_baseline,"[2,3,4]",311,ranked_probability_score,0.10932475884244373
phase3a_v3_20260907T141213Z_f6e6a0a,9a94052e8fc96ff0894c89cfe99eca898e1e0da5ed697c7fabac99e4fb22799b,76518cc8387a1f632b388e2e37f906879dcd73f32c6bc6a13443f15449e896bb,primary_three_class,3,majority_baseline,"[2,3,4]",311,two_level_reversal_rate,0.0
phase3a_v3_20260907T141213Z_f6e6a0a,9a94052e8fc96ff0894c89cfe99eca898e1e0da5ed697c7fabac99e4fb22799b,76518cc8387a1f632b388e2e37f906879dcd73f32c6bc6a13443f15449e896bb,primary_three_class,3,ordinal_median_baseline,"[2,3,4]",311,accuracy,0.7813504823151125
phase3a_v3_20260907T141213Z_f6e6a0a,9a94052e8fc96ff0894c89cfe99eca898e1e0da5ed697c7fabac99e4fb22799b,76518cc8387a1f632b388e2e37f906879dcd73f32c6bc6a13443f15449e896bb,primary_three_class,3,ordinal_median_baseline,"[2,3,4]",311,balanced_accuracy,0.3333333333333333
phase3a_v3_20260907T141213Z_f6e6a0a,9a94052e8fc96ff0894c89cfe99eca898e1e0da5ed697c7fabac99e4fb22799b,76518cc8387a1f632b388e2e37f906879dcd73f32c6bc6a13443f15449e896bb,primary_three_class,3,ordinal_median_baseline,"[2,3,4]",311,ece_confidence,0.2186495176848875
phase3a_v3_20260907T141213Z_f6e6a0a,9a94052e8fc96ff0894c89cfe99eca898e1e0da5ed697c7fabac99e4fb22799b,76518cc8387a1f632b388e2e37f906879dcd73f32c6bc6a13443f15449e896bb,primary_three_class,3,ordinal_median_baseline,"[2,3,4]",311,macro_f1,0.2924187725631769
phase3a_v3_20260907T141213Z_f6e6a0a,9a94052e8fc96ff0894c89cfe99eca898e1e0da5ed697c7fabac99e4fb22799b,76518cc8387a1f632b388e2e37f906879dcd73f32c6bc6a13443f15449e896bb,primary_three_class,3,ordinal_median_baseline,"[2,3,4]",311,multiclass_brier,0.43729903536977494
phase3a_v3_20260907T141213Z_f6e6a0a,9a94052e8fc96ff0894c89cfe99eca898e1e0da5ed697c7fabac99e4fb22799b,76518cc8387a1f632b388e2e37f906879dcd73f32c6bc6a13443f15449e896bb,primary_three_class,3,ordinal_median_baseline,"[2,3,4]",311,nll_log_loss,7.880927429131723
phase3a_v3_20260907T141213Z_f6e6a0a,9a94052e8fc96ff0894c89cfe99eca898e1e0da5ed697c7fabac99e4fb22799b,76518cc8387a1f632b388e2e37f906879dcd73f32c6bc6a13443f15449e896bb,primary_three_class,3,ordinal_median_baseline,"[2,3,4]",311,ordinal_mae,0.21864951768488747
phase3a_v3_20260907T141213Z_f6e6a0a,9a94052e8fc96ff0894c89cfe99eca898e1e0da5ed697c7fabac99e4fb22799b,76518cc8387a1f632b388e2e37f906879dcd73f32c6bc6a13443f15449e896bb,primary_three_class,3,ordinal_median_baseline,"[2,3,4]",311,quadratic_weighted_kappa,0.0
phase3a_v3_20260907T141213Z_f6e6a0a,9a94052e8fc96ff0894c89cfe99eca898e1e0da5ed697c7fabac99e4fb22799b,76518cc8387a1f632b388e2e37f906879dcd73f32c6bc6a13443f15449e896bb,primary_three_class,3,ordinal_median_baseline,"[2,3,4]",311,ranked_probability_score,0.10932475884244373
phase3a_v3_20260907T141213Z_f6e6a0a,9a94052e8fc96ff0894c89cfe99eca898e1e0da5ed697c7fabac99e4fb22799b,76518cc8387a1f632b388e2e37f906879dcd73f32c6bc6a13443f15449e896bb,primary_three_class,3,ordinal_median_baseline,"[2,3,4]",311,two_level_reversal_rate,0.0
phase3a_v3_20260907T141213Z_f6e6a0a,9a94052e8fc96ff0894c89cfe99eca898e1e0da5ed697c7fabac99e4fb22799b,76518cc8387a1f632b388e2e37f906879dcd73f32c6bc6a13443f15449e896bb,primary_three_class,3,stratified_baseline,"[2,3,4]",311,accuracy,0.6366559485530546
phase3a_v3_20260907T141213Z_f6e6a0a,9a94052e8fc96ff0894c89cfe99eca898e1e0da5ed697c7fabac99e4fb22799b,76518cc8387a1f632b388e2e37f906879dcd73f32c6bc6a13443f15449e896bb,primary_three_class,3,stratified_baseline,"[2,3,4]",311,balanced_accuracy,0.3115349519172697
phase3a_v3_20260907T141213Z_f6e6a0a,9a94052e8fc96ff0894c89cfe99eca898e1e0da5ed697c7fabac99e4fb22799b,76518cc8387a1f632b388e2e37f906879dcd73f32c6bc6a13443f15449e896bb,primary_three_class,3,stratified_baseline,"[2,3,4]",311,ece_confidence,0.36334405144694537
phase3a_v3_20260907T141213Z_f6e6a0a,9a94052e8fc96ff0894c89cfe99eca898e1e0da5ed697c7fabac99e4fb22799b,76518cc8387a1f632b388e2e37f906879dcd73f32c6bc6a13443f15449e896bb,primary_three_class,3,stratified_baseline,"[2,3,4]",311,macro_f1,0.31076280919965266
phase3a_v3_20260907T141213Z_f6e6a0a,9a94052e8fc96ff0894c89cfe99eca898e1e0da5ed697c7fabac99e4fb22799b,76518cc8387a1f632b388e2e37f906879dcd73f32c6bc6a13443f15449e896bb,primary_three_class,3,stratified_baseline,"[2,3,4]",311,multiclass_brier,0.7266881028938906
phase3a_v3_20260907T141213Z_f6e6a0a,9a94052e8fc96ff0894c89cfe99eca898e1e0da5ed697c7fabac99e4fb22799b,76518cc8387a1f632b388e2e37f906879dcd73f32c6bc6a13443f15449e896bb,primary_three_class,3,stratified_baseline,"[2,3,4]",311,nll_log_loss,13.09624705135125
phase3a_v3_20260907T141213Z_f6e6a0a,9a94052e8fc96ff0894c89cfe99eca898e1e0da5ed697c7fabac99e4fb22799b,76518cc8387a1f632b388e2e37f906879dcd73f32c6bc6a13443f15449e896bb,primary_three_class,3,stratified_baseline,"[2,3,4]",311,ordinal_mae,0.3954983922829582
phase3a_v3_20260907T141213Z_f6e6a0a,9a94052e8fc96ff0894c89cfe99eca898e1e0da5ed697c7fabac99e4fb22799b,76518cc8387a1f632b388e2e37f906879dcd73f32c6bc6a13443f15449e896bb,primary_three_class,3,stratified_baseline,"[2,3,4]",311,quadratic_weighted_kappa,-0.07737590542406547
phase3a_v3_20260907T141213Z_f6e6a0a,9a94052e8fc96ff0894c89cfe99eca898e1e0da5ed697c7fabac99e4fb22799b,76518cc8387a1f632b388e2e37f906879dcd73f32c6bc6a13443f15449e896bb,primary_three_class,3,stratified_baseline,"[2,3,4]",311,ranked_probability_score,0.1977491961414791
phase3a_v3_20260907T141213Z_f6e6a0a,9a94052e8fc96ff0894c89cfe99eca898e1e0da5ed697c7fabac99e4fb22799b,76518cc8387a1f632b388e2e37f906879dcd73f32c6bc6a13443f15449e896bb,primary_three_class,3,stratified_baseline,"[2,3,4]",311,two_level_reversal_rate,0.03215434083601286
phase3a_v3_20260907T141213Z_f6e6a0a,9a94052e8fc96ff0894c89cfe99eca898e1e0da5ed697c7fabac99e4fb22799b,76518cc8387a1f632b388e2e37f906879dcd73f32c6bc6a13443f15449e896bb,primary_three_class,3,xgboost_raw,"[2,3,4]",311,accuracy,0.8102893890675241
phase3a_v3_20260907T141213Z_f6e6a0a,9a94052e8fc96ff0894c89cfe99eca898e1e0da5ed697c7fabac99e4fb22799b,76518cc8387a1f632b388e2e37f906879dcd73f32c6bc6a13443f15449e896bb,primary_three_class,3,xgboost_raw,"[2,3,4]",311,balanced_accuracy,0.642381927925536
phase3a_v3_20260907T141213Z_f6e6a0a,9a94052e8fc96ff0894c89cfe99eca898e1e0da5ed697c7fabac99e4fb22799b,76518cc8387a1f632b388e2e37f906879dcd73f32c6bc6a13443f15449e896bb,primary_three_class,3,xgboost_raw,"[2,3,4]",311,ece_confidence,0.07270276922787855
phase3a_v3_20260907T141213Z_f6e6a0a,9a94052e8fc96ff0894c89cfe99eca898e1e0da5ed697c7fabac99e4fb22799b,76518cc8387a1f632b388e2e37f906879dcd73f32c6bc6a13443f15449e896bb,primary_three_class,3,xgboost_raw,"[2,3,4]",311,macro_f1,0.6383597443432608
phase3a_v3_20260907T141213Z_f6e6a0a,9a94052e8fc96ff0894c89cfe99eca898e1e0da5ed697c7fabac99e4fb22799b,76518cc8387a1f632b388e2e37f906879dcd73f32c6bc6a13443f15449e896bb,primary_three_class,3,xgboost_raw,"[2,3,4]",311,multiclass_brier,0.3035675671218276
phase3a_v3_20260907T141213Z_f6e6a0a,9a94052e8fc96ff0894c89cfe99eca898e1e0da5ed697c7fabac99e4fb22799b,76518cc8387a1f632b388e2e37f906879dcd73f32c6bc6a13443f15449e896bb,primary_three_class,3,xgboost_raw,"[2,3,4]",311,nll_log_loss,0.56409648527048
phase3a_v3_20260907T141213Z_f6e6a0a,9a94052e8fc96ff0894c89cfe99eca898e1e0da5ed697c7fabac99e4fb22799b,76518cc8387a1f632b388e2e37f906879dcd73f32c6bc6a13443f15449e896bb,primary_three_class,3,xgboost_raw,"[2,3,4]",311,ordinal_mae,0.18971061093247588
phase3a_v3_20260907T141213Z_f6e6a0a,9a94052e8fc96ff0894c89cfe99eca898e1e0da5ed697c7fabac99e4fb22799b,76518cc8387a1f632b388e2e37f906879dcd73f32c6bc6a13443f15449e896bb,primary_three_class,3,xgboost_raw,"[2,3,4]",311,quadratic_weighted_kappa,0.5213762161880169
phase3a_v3_20260907T141213Z_f6e6a0a,9a94052e8fc96ff0894c89cfe99eca898e1e0da5ed697c7fabac99e4fb22799b,76518cc8387a1f632b388e2e37f906879dcd73f32c6bc6a13443f15449e896bb,primary_three_class,3,xgboost_raw,"[2,3,4]",311,ranked_probability_score,0.07604598317401895
phase3a_v3_20260907T141213Z_f6e6a0a,9a94052e8fc96ff0894c89cfe99eca898e1e0da5ed697c7fabac99e4fb22799b,76518cc8387a1f632b388e2e37f906879dcd73f32c6bc6a13443f15449e896bb,primary_three_class,3,xgboost_raw,"[2,3,4]",311,two_level_reversal_rate,0.0
phase3a_v3_20260907T141213Z_f6e6a0a,9a94052e8fc96ff0894c89cfe99eca898e1e0da5ed697c7fabac99e4fb22799b,76518cc8387a1f632b388e2e37f906879dcd73f32c6bc6a13443f15449e896bb,primary_three_class,3,xgboost_sigmoid,"[2,3,4]",311,accuracy,0.8745980707395499
phase3a_v3_20260907T141213Z_f6e6a0a,9a94052e8fc96ff0894c89cfe99eca898e1e0da5ed697c7fabac99e4fb22799b,76518cc8387a1f632b388e2e37f906879dcd73f32c6bc6a13443f15449e896bb,primary_three_class,3,xgboost_sigmoid,"[2,3,4]",311,balanced_accuracy,0.6545422363821408
phase3a_v3_20260907T141213Z_f6e6a0a,9a94052e8fc96ff0894c89cfe99eca898e1e0da5ed697c7fabac99e4fb22799b,76518cc8387a1f632b388e2e37f906879dcd73f32c6bc6a13443f15449e896bb,primary_three_class,3,xgboost_sigmoid,"[2,3,4]",311,ece_confidence,0.04892512639429913
phase3a_v3_20260907T141213Z_f6e6a0a,9a94052e8fc96ff0894c89cfe99eca898e1e0da5ed697c7fabac99e4fb22799b,76518cc8387a1f632b388e2e37f906879dcd73f32c6bc6a13443f15449e896bb,primary_three_class,3,xgboost_sigmoid,"[2,3,4]",311,macro_f1,0.6310573819363062
phase3a_v3_20260907T141213Z_f6e6a0a,9a94052e8fc96ff0894c89cfe99eca898e1e0da5ed697c7fabac99e4fb22799b,76518cc8387a1f632b388e2e37f906879dcd73f32c6bc6a13443f15449e896bb,primary_three_class,3,xgboost_sigmoid,"[2,3,4]",311,multiclass_brier,0.23320158454316048
phase3a_v3_20260907T141213Z_f6e6a0a,9a94052e8fc96ff0894c89cfe99eca898e1e0da5ed697c7fabac99e4fb22799b,76518cc8387a1f632b388e2e37f906879dcd73f32c6bc6a13443f15449e896bb,primary_three_class,3,xgboost_sigmoid,"[2,3,4]",311,nll_log_loss,0.4260910940255094
phase3a_v3_20260907T141213Z_f6e6a0a,9a94052e8fc96ff0894c89cfe99eca898e1e0da5ed697c7fabac99e4fb22799b,76518cc8387a1f632b388e2e37f906879dcd73f32c6bc6a13443f15449e896bb,primary_three_class,3,xgboost_sigmoid,"[2,3,4]",311,ordinal_mae,0.12540192926045016
phase3a_v3_20260907T141213Z_f6e6a0a,9a94052e8fc96ff0894c89cfe99eca898e1e0da5ed697c7fabac99e4fb22799b,76518cc8387a1f632b388e2e37f906879dcd73f32c6bc6a13443f15449e896bb,primary_three_class,3,xgboost_sigmoid,"[2,3,4]",311,quadratic_weighted_kappa,0.6107634543178974
phase3a_v3_20260907T141213Z_f6e6a0a,9a94052e8fc96ff0894c89cfe99eca898e1e0da5ed697c7fabac99e4fb22799b,76518cc8387a1f632b388e2e37f906879dcd73f32c6bc6a13443f15449e896bb,primary_three_class,3,xgboost_sigmoid,"[2,3,4]",311,ranked_probability_score,0.05910786881271354
phase3a_v3_20260907T141213Z_f6e6a0a,9a94052e8fc96ff0894c89cfe99eca898e1e0da5ed697c7fabac99e4fb22799b,76518cc8387a1f632b388e2e37f906879dcd73f32c6bc6a13443f15449e896bb,primary_three_class,3,xgboost_sigmoid,"[2,3,4]",311,two_level_reversal_rate,0.0
phase3a_v3_20260907T141213Z_f6e6a0a,9a94052e8fc96ff0894c89cfe99eca898e1e0da5ed697c7fabac99e4fb22799b,76518cc8387a1f632b388e2e37f906879dcd73f32c6bc6a13443f15449e896bb,primary_three_class,4,majority_baseline,"[2,3,4]",311,accuracy,0.7813504823151125
phase3a_v3_20260907T141213Z_f6e6a0a,9a94052e8fc96ff0894c89cfe99eca898e1e0da5ed697c7fabac99e4fb22799b,76518cc8387a1f632b388e2e37f906879dcd73f32c6bc6a13443f15449e896bb,primary_three_class,4,majority_baseline,"[2,3,4]",311,balanced_accuracy,0.3333333333333333
phase3a_v3_20260907T141213Z_f6e6a0a,9a94052e8fc96ff0894c89cfe99eca898e1e0da5ed697c7fabac99e4fb22799b,76518cc8387a1f632b388e2e37f906879dcd73f32c6bc6a13443f15449e896bb,primary_three_class,4,majority_baseline,"[2,3,4]",311,ece_confidence,0.2186495176848875
phase3a_v3_20260907T141213Z_f6e6a0a,9a94052e8fc96ff0894c89cfe99eca898e1e0da5ed697c7fabac99e4fb22799b,76518cc8387a1f632b388e2e37f906879dcd73f32c6bc6a13443f15449e896bb,primary_three_class,4,majority_baseline,"[2,3,4]",311,macro_f1,0.2924187725631769
phase3a_v3_20260907T141213Z_f6e6a0a,9a94052e8fc96ff0894c89cfe99eca898e1e0da5ed697c7fabac99e4fb22799b,76518cc8387a1f632b388e2e37f906879dcd73f32c6bc6a13443f15449e896bb,primary_three_class,4,majority_baseline,"[2,3,4]",311,multiclass_brier,0.43729903536977494
phase3a_v3_20260907T141213Z_f6e6a0a,9a94052e8fc96ff0894c89cfe99eca898e1e0da5ed697c7fabac99e4fb22799b,76518cc8387a1f632b388e2e37f906879dcd73f32c6bc6a13443f15449e896bb,primary_three_class,4,majority_baseline,"[2,3,4]",311,nll_log_loss,7.880927429131723
phase3a_v3_20260907T141213Z_f6e6a0a,9a94052e8fc96ff0894c89cfe99eca898e1e0da5ed697c7fabac99e4fb22799b,76518cc8387a1f632b388e2e37f906879dcd73f32c6bc6a13443f15449e896bb,primary_three_class,4,majority_baseline,"[2,3,4]",311,ordinal_mae,0.21864951768488747
phase3a_v3_20260907T141213Z_f6e6a0a,9a94052e8fc96ff0894c89cfe99eca898e1e0da5ed697c7fabac99e4fb22799b,76518cc8387a1f632b388e2e37f906879dcd73f32c6bc6a13443f15449e896bb,primary_three_class,4,majority_baseline,"[2,3,4]",311,quadratic_weighted_kappa,0.0
phase3a_v3_20260907T141213Z_f6e6a0a,9a94052e8fc96ff0894c89cfe99eca898e1e0da5ed697c7fabac99e4fb22799b,76518cc8387a1f632b388e2e37f906879dcd73f32c6bc6a13443f15449e896bb,primary_three_class,4,majority_baseline,"[2,3,4]",311,ranked_probability_score,0.10932475884244373
phase3a_v3_20260907T141213Z_f6e6a0a,9a94052e8fc96ff0894c89cfe99eca898e1e0da5ed697c7fabac99e4fb22799b,76518cc8387a1f632b388e2e37f906879dcd73f32c6bc6a13443f15449e896bb,primary_three_class,4,majority_baseline,"[2,3,4]",311,two_level_reversal_rate,0.0
phase3a_v3_20260907T141213Z_f6e6a0a,9a94052e8fc96ff0894c89cfe99eca898e1e0da5ed697c7fabac99e4fb22799b,76518cc8387a1f632b388e2e37f906879dcd73f32c6bc6a13443f15449e896bb,primary_three_class,4,ordinal_median_baseline,"[2,3,4]",311,accuracy,0.7813504823151125
phase3a_v3_20260907T141213Z_f6e6a0a,9a94052e8fc96ff0894c89cfe99eca898e1e0da5ed697c7fabac99e4fb22799b,76518cc8387a1f632b388e2e37f906879dcd73f32c6bc6a13443f15449e896bb,primary_three_class,4,ordinal_median_baseline,"[2,3,4]",311,balanced_accuracy,0.3333333333333333
phase3a_v3_20260907T141213Z_f6e6a0a,9a94052e8fc96ff0894c89cfe99eca898e1e0da5ed697c7fabac99e4fb22799b,76518cc8387a1f632b388e2e37f906879dcd73f32c6bc6a13443f15449e896bb,primary_three_class,4,ordinal_median_baseline,"[2,3,4]",311,ece_confidence,0.2186495176848875
phase3a_v3_20260907T141213Z_f6e6a0a,9a94052e8fc96ff0894c89cfe99eca898e1e0da5ed697c7fabac99e4fb22799b,76518cc8387a1f632b388e2e37f906879dcd73f32c6bc6a13443f15449e896bb,primary_three_class,4,ordinal_median_baseline,"[2,3,4]",311,macro_f1,0.2924187725631769
phase3a_v3_20260907T141213Z_f6e6a0a,9a94052e8fc96ff0894c89cfe99eca898e1e0da5ed697c7fabac99e4fb22799b,76518cc8387a1f632b388e2e37f906879dcd73f32c6bc6a13443f15449e896bb,primary_three_class,4,ordinal_median_baseline,"[2,3,4]",311,multiclass_brier,0.43729903536977494
phase3a_v3_20260907T141213Z_f6e6a0a,9a94052e8fc96ff0894c89cfe99eca898e1e0da5ed697c7fabac99e4fb22799b,76518cc8387a1f632b388e2e37f906879dcd73f32c6bc6a13443f15449e896bb,primary_three_class,4,ordinal_median_baseline,"[2,3,4]",311,nll_log_loss,7.880927429131723
phase3a_v3_20260907T141213Z_f6e6a0a,9a94052e8fc96ff0894c89cfe99eca898e1e0da5ed697c7fabac99e4fb22799b,76518cc8387a1f632b388e2e37f906879dcd73f32c6bc6a13443f15449e896bb,primary_three_class,4,ordinal_median_baseline,"[2,3,4]",311,ordinal_mae,0.21864951768488747
phase3a_v3_20260907T141213Z_f6e6a0a,9a94052e8fc96ff0894c89cfe99eca898e1e0da5ed697c7fabac99e4fb22799b,76518cc8387a1f632b388e2e37f906879dcd73f32c6bc6a13443f15449e896bb,primary_three_class,4,ordinal_median_baseline,"[2,3,4]",311,quadratic_weighted_kappa,0.0
phase3a_v3_20260907T141213Z_f6e6a0a,9a94052e8fc96ff0894c89cfe99eca898e1e0da5ed697c7fabac99e4fb22799b,76518cc8387a1f632b388e2e37f906879dcd73f32c6bc6a13443f15449e896bb,primary_three_class,4,ordinal_median_baseline,"[2,3,4]",311,ranked_probability_score,0.10932475884244373
phase3a_v3_20260907T141213Z_f6e6a0a,9a94052e8fc96ff0894c89cfe99eca898e1e0da5ed697c7fabac99e4fb22799b,76518cc8387a1f632b388e2e37f906879dcd73f32c6bc6a13443f15449e896bb,primary_three_class,4,ordinal_median_baseline,"[2,3,4]",311,two_level_reversal_rate,0.0
phase3a_v3_20260907T141213Z_f6e6a0a,9a94052e8fc96ff0894c89cfe99eca898e1e0da5ed697c7fabac99e4fb22799b,76518cc8387a1f632b388e2e37f906879dcd73f32c6bc6a13443f15449e896bb,primary_three_class,4,stratified_baseline,"[2,3,4]",311,accuracy,0.6012861736334405
phase3a_v3_20260907T141213Z_f6e6a0a,9a94052e8fc96ff0894c89cfe99eca898e1e0da5ed697c7fabac99e4fb22799b,76518cc8387a1f632b388e2e37f906879dcd73f32c6bc6a13443f15449e896bb,primary_three_class,4,stratified_baseline,"[2,3,4]",311,balanced_accuracy,0.3169513599621126
phase3a_v3_20260907T141213Z_f6e6a0a,9a94052e8fc96ff0894c89cfe99eca898e1e0da5ed697c7fabac99e4fb22799b,76518cc8387a1f632b388e2e37f906879dcd73f32c6bc6a13443f15449e896bb,primary_three_class,4,stratified_baseline,"[2,3,4]",311,ece_confidence,0.3987138263665595
phase3a_v3_20260907T141213Z_f6e6a0a,9a94052e8fc96ff0894c89cfe99eca898e1e0da5ed697c7fabac99e4fb22799b,76518cc8387a1f632b388e2e37f906879dcd73f32c6bc6a13443f15449e896bb,primary_three_class,4,stratified_baseline,"[2,3,4]",311,macro_f1,0.31906275065467155
phase3a_v3_20260907T141213Z_f6e6a0a,9a94052e8fc96ff0894c89cfe99eca898e1e0da5ed697c7fabac99e4fb22799b,76518cc8387a1f632b388e2e37f906879dcd73f32c6bc6a13443f15449e896bb,primary_three_class,4,stratified_baseline,"[2,3,4]",311,multiclass_brier,0.797427652733119
phase3a_v3_20260907T141213Z_f6e6a0a,9a94052e8fc96ff0894c89cfe99eca898e1e0da5ed697c7fabac99e4fb22799b,76518cc8387a1f632b388e2e37f906879dcd73f32c6bc6a13443f15449e896bb,primary_three_class,4,stratified_baseline,"[2,3,4]",311,nll_log_loss,14.371102959004908
phase3a_v3_20260907T141213Z_f6e6a0a,9a94052e8fc96ff0894c89cfe99eca898e1e0da5ed697c7fabac99e4fb22799b,76518cc8387a1f632b388e2e37f906879dcd73f32c6bc6a13443f15449e896bb,primary_three_class,4,stratified_baseline,"[2,3,4]",311,ordinal_mae,0.41479099678456594
phase3a_v3_20260907T141213Z_f6e6a0a,9a94052e8fc96ff0894c89cfe99eca898e1e0da5ed697c7fabac99e4fb22799b,76518cc8387a1f632b388e2e37f906879dcd73f32c6bc6a13443f15449e896bb,primary_three_class,4,stratified_baseline,"[2,3,4]",311,quadratic_weighted_kappa,0.023492737581603418
phase3a_v3_20260907T141213Z_f6e6a0a,9a94052e8fc96ff0894c89cfe99eca898e1e0da5ed697c7fabac99e4fb22799b,76518cc8387a1f632b388e2e37f906879dcd73f32c6bc6a13443f15449e896bb,primary_three_class,4,stratified_baseline,"[2,3,4]",311,ranked_probability_score,0.20739549839228297
phase3a_v3_20260907T141213Z_f6e6a0a,9a94052e8fc96ff0894c89cfe99eca898e1e0da5ed697c7fabac99e4fb22799b,76518cc8387a1f632b388e2e37f906879dcd73f32c6bc6a13443f15449e896bb,primary_three_class,4,stratified_baseline,"[2,3,4]",311,two_level_reversal_rate,0.01607717041800643
phase3a_v3_20260907T141213Z_f6e6a0a,9a94052e8fc96ff0894c89cfe99eca898e1e0da5ed697c7fabac99e4fb22799b,76518cc8387a1f632b388e2e37f906879dcd73f32c6bc6a13443f15449e896bb,primary_three_class,4,xgboost_raw,"[2,3,4]",311,accuracy,0.7813504823151125
phase3a_v3_20260907T141213Z_f6e6a0a,9a94052e8fc96ff0894c89cfe99eca898e1e0da5ed697c7fabac99e4fb22799b,76518cc8387a1f632b388e2e37f906879dcd73f32c6bc6a13443f15449e896bb,primary_three_class,4,xgboost_raw,"[2,3,4]",311,balanced_accuracy,0.660585316499295
phase3a_v3_20260907T141213Z_f6e6a0a,9a94052e8fc96ff0894c89cfe99eca898e1e0da5ed697c7fabac99e4fb22799b,76518cc8387a1f632b388e2e37f906879dcd73f32c6bc6a13443f15449e896bb,primary_three_class,4,xgboost_raw,"[2,3,4]",311,ece_confidence,0.07432537939076281
phase3a_v3_20260907T141213Z_f6e6a0a,9a94052e8fc96ff0894c89cfe99eca898e1e0da5ed697c7fabac99e4fb22799b,76518cc8387a1f632b388e2e37f906879dcd73f32c6bc6a13443f15449e896bb,primary_three_class,4,xgboost_raw,"[2,3,4]",311,macro_f1,0.6557154233502781
phase3a_v3_20260907T141213Z_f6e6a0a,9a94052e8fc96ff0894c89cfe99eca898e1e0da5ed697c7fabac99e4fb22799b,76518cc8387a1f632b388e2e37f906879dcd73f32c6bc6a13443f15449e896bb,primary_three_class,4,xgboost_raw,"[2,3,4]",311,multiclass_brier,0.3353724671328022
phase3a_v3_20260907T141213Z_f6e6a0a,9a94052e8fc96ff0894c89cfe99eca898e1e0da5ed697c7fabac99e4fb22799b,76518cc8387a1f632b388e2e37f906879dcd73f32c6bc6a13443f15449e896bb,primary_three_class,4,xgboost_raw,"[2,3,4]",311,nll_log_loss,0.6047860891910946
phase3a_v3_20260907T141213Z_f6e6a0a,9a94052e8fc96ff0894c89cfe99eca898e1e0da5ed697c7fabac99e4fb22799b,76518cc8387a1f632b388e2e37f906879dcd73f32c6bc6a13443f15449e896bb,primary_three_class,4,xgboost_raw,"[2,3,4]",311,ordinal_mae,0.21864951768488747
phase3a_v3_20260907T141213Z_f6e6a0a,9a94052e8fc96ff0894c89cfe99eca898e1e0da5ed697c7fabac99e4fb22799b,76518cc8387a1f632b388e2e37f906879dcd73f32c6bc6a13443f15449e896bb,primary_three_class,4,xgboost_raw,"[2,3,4]",311,quadratic_weighted_kappa,0.5132124113801675
phase3a_v3_20260907T141213Z_f6e6a0a,9a94052e8fc96ff0894c89cfe99eca898e1e0da5ed697c7fabac99e4fb22799b,76518cc8387a1f632b388e2e37f906879dcd73f32c6bc6a13443f15449e896bb,primary_three_class,4,xgboost_raw,"[2,3,4]",311,ranked_probability_score,0.08328396353701285
phase3a_v3_20260907T141213Z_f6e6a0a,9a94052e8fc96ff0894c89cfe99eca898e1e0da5ed697c7fabac99e4fb22799b,76518cc8387a1f632b388e2e37f906879dcd73f32c6bc6a13443f15449e896bb,primary_three_class,4,xgboost_raw,"[2,3,4]",311,two_level_reversal_rate,0.0
phase3a_v3_20260907T141213Z_f6e6a0a,9a94052e8fc96ff0894c89cfe99eca898e1e0da5ed697c7fabac99e4fb22799b,76518cc8387a1f632b388e2e37f906879dcd73f32c6bc6a13443f15449e896bb,primary_three_class,4,xgboost_sigmoid,"[2,3,4]",311,accuracy,0.8713826366559485
phase3a_v3_20260907T141213Z_f6e6a0a,9a94052e8fc96ff0894c89cfe99eca898e1e0da5ed697c7fabac99e4fb22799b,76518cc8387a1f632b388e2e37f906879dcd73f32c6bc6a13443f15449e896bb,primary_three_class,4,xgboost_sigmoid,"[2,3,4]",311,balanced_accuracy,0.653170494269658
phase3a_v3_20260907T141213Z_f6e6a0a,9a94052e8fc96ff0894c89cfe99eca898e1e0da5ed697c7fabac99e4fb22799b,76518cc8387a1f632b388e2e37f906879dcd73f32c6bc6a13443f15449e896bb,primary_three_class,4,xgboost_sigmoid,"[2,3,4]",311,ece_confidence,0.07587345590024708
phase3a_v3_20260907T141213Z_f6e6a0a,9a94052e8fc96ff0894c89cfe99eca898e1e0da5ed697c7fabac99e4fb22799b,76518cc8387a1f632b388e2e37f906879dcd73f32c6bc6a13443f15449e896bb,primary_three_class,4,xgboost_sigmoid,"[2,3,4]",311,macro_f1,0.6252508666301769
phase3a_v3_20260907T141213Z_f6e6a0a,9a94052e8fc96ff0894c89cfe99eca898e1e0da5ed697c7fabac99e4fb22799b,76518cc8387a1f632b388e2e37f906879dcd73f32c6bc6a13443f15449e896bb,primary_three_class,4,xgboost_sigmoid,"[2,3,4]",311,multiclass_brier,0.2310156741639788
phase3a_v3_20260907T141213Z_f6e6a0a,9a94052e8fc96ff0894c89cfe99eca898e1e0da5ed697c7fabac99e4fb22799b,76518cc8387a1f632b388e2e37f906879dcd73f32c6bc6a13443f15449e896bb,primary_three_class,4,xgboost_sigmoid,"[2,3,4]",311,nll_log_loss,0.4194505905738312
phase3a_v3_20260907T141213Z_f6e6a0a,9a94052e8fc96ff0894c89cfe99eca898e1e0da5ed697c7fabac99e4fb22799b,76518cc8387a1f632b388e2e37f906879dcd73f32c6bc6a13443f15449e896bb,primary_three_class,4,xgboost_sigmoid,"[2,3,4]",311,ordinal_mae,0.12861736334405144
phase3a_v3_20260907T141213Z_f6e6a0a,9a94052e8fc96ff0894c89cfe99eca898e1e0da5ed697c7fabac99e4fb22799b,76518cc8387a1f632b388e2e37f906879dcd73f32c6bc6a13443f15449e896bb,primary_three_class,4,xgboost_sigmoid,"[2,3,4]",311,quadratic_weighted_kappa,0.604878668530047
phase3a_v3_20260907T141213Z_f6e6a0a,9a94052e8fc96ff0894c89cfe99eca898e1e0da5ed697c7fabac99e4fb22799b,76518cc8387a1f632b388e2e37f906879dcd73f32c6bc6a13443f15449e896bb,primary_three_class,4,xgboost_sigmoid,"[2,3,4]",311,ranked_probability_score,0.05840281409735127
phase3a_v3_20260907T141213Z_f6e6a0a,9a94052e8fc96ff0894c89cfe99eca898e1e0da5ed697c7fabac99e4fb22799b,76518cc8387a1f632b388e2e37f906879dcd73f32c6bc6a13443f15449e896bb,primary_three_class,4,xgboost_sigmoid,"[2,3,4]",311,two_level_reversal_rate,0.0
phase3a_v3_20260907T141213Z_f6e6a0a,9a94052e8fc96ff0894c89cfe99eca898e1e0da5ed697c7fabac99e4fb22799b,76518cc8387a1f632b388e2e37f906879dcd73f32c6bc6a13443f15449e896bb,primary_three_class,5,majority_baseline,"[2,3,4]",311,accuracy,0.7813504823151125
phase3a_v3_20260907T141213Z_f6e6a0a,9a94052e8fc96ff0894c89cfe99eca898e1e0da5ed697c7fabac99e4fb22799b,76518cc8387a1f632b388e2e37f906879dcd73f32c6bc6a13443f15449e896bb,primary_three_class,5,majority_baseline,"[2,3,4]",311,balanced_accuracy,0.3333333333333333
phase3a_v3_20260907T141213Z_f6e6a0a,9a94052e8fc96ff0894c89cfe99eca898e1e0da5ed697c7fabac99e4fb22799b,76518cc8387a1f632b388e2e37f906879dcd73f32c6bc6a13443f15449e896bb,primary_three_class,5,majority_baseline,"[2,3,4]",311,ece_confidence,0.2186495176848875
phase3a_v3_20260907T141213Z_f6e6a0a,9a94052e8fc96ff0894c89cfe99eca898e1e0da5ed697c7fabac99e4fb22799b,76518cc8387a1f632b388e2e37f906879dcd73f32c6bc6a13443f15449e896bb,primary_three_class,5,majority_baseline,"[2,3,4]",311,macro_f1,0.2924187725631769
phase3a_v3_20260907T141213Z_f6e6a0a,9a94052e8fc96ff0894c89cfe99eca898e1e0da5ed697c7fabac99e4fb22799b,76518cc8387a1f632b388e2e37f906879dcd73f32c6bc6a13443f15449e896bb,primary_three_class,5,majority_baseline,"[2,3,4]",311,multiclass_brier,0.43729903536977494
phase3a_v3_20260907T141213Z_f6e6a0a,9a94052e8fc96ff0894c89cfe99eca898e1e0da5ed697c7fabac99e4fb22799b,76518cc8387a1f632b388e2e37f906879dcd73f32c6bc6a13443f15449e896bb,primary_three_class,5,majority_baseline,"[2,3,4]",311,nll_log_loss,7.880927429131723
phase3a_v3_20260907T141213Z_f6e6a0a,9a94052e8fc96ff0894c89cfe99eca898e1e0da5ed697c7fabac99e4fb22799b,76518cc8387a1f632b388e2e37f906879dcd73f32c6bc6a13443f15449e896bb,primary_three_class,5,majority_baseline,"[2,3,4]",311,ordinal_mae,0.21864951768488747
phase3a_v3_20260907T141213Z_f6e6a0a,9a94052e8fc96ff0894c89cfe99eca898e1e0da5ed697c7fabac99e4fb22799b,76518cc8387a1f632b388e2e37f906879dcd73f32c6bc6a13443f15449e896bb,primary_three_class,5,majority_baseline,"[2,3,4]",311,quadratic_weighted_kappa,0.0
phase3a_v3_20260907T141213Z_f6e6a0a,9a94052e8fc96ff0894c89cfe99eca898e1e0da5ed697c7fabac99e4fb22799b,76518cc8387a1f632b388e2e37f906879dcd73f32c6bc6a13443f15449e896bb,primary_three_class,5,majority_baseline,"[2,3,4]",311,ranked_probability_score,0.10932475884244373
phase3a_v3_20260907T141213Z_f6e6a0a,9a94052e8fc96ff0894c89cfe99eca898e1e0da5ed697c7fabac99e4fb22799b,76518cc8387a1f632b388e2e37f906879dcd73f32c6bc6a13443f15449e896bb,primary_three_class,5,majority_baseline,"[2,3,4]",311,two_level_reversal_rate,0.0
phase3a_v3_20260907T141213Z_f6e6a0a,9a94052e8fc96ff0894c89cfe99eca898e1e0da5ed697c7fabac99e4fb22799b,76518cc8387a1f632b388e2e37f906879dcd73f32c6bc6a13443f15449e896bb,primary_three_class,5,ordinal_median_baseline,"[2,3,4]",311,accuracy,0.7813504823151125
phase3a_v3_20260907T141213Z_f6e6a0a,9a94052e8fc96ff0894c89cfe99eca898e1e0da5ed697c7fabac99e4fb22799b,76518cc8387a1f632b388e2e37f906879dcd73f32c6bc6a13443f15449e896bb,primary_three_class,5,ordinal_median_baseline,"[2,3,4]",311,balanced_accuracy,0.3333333333333333
phase3a_v3_20260907T141213Z_f6e6a0a,9a94052e8fc96ff0894c89cfe99eca898e1e0da5ed697c7fabac99e4fb22799b,76518cc8387a1f632b388e2e37f906879dcd73f32c6bc6a13443f15449e896bb,primary_three_class,5,ordinal_median_baseline,"[2,3,4]",311,ece_confidence,0.2186495176848875
phase3a_v3_20260907T141213Z_f6e6a0a,9a94052e8fc96ff0894c89cfe99eca898e1e0da5ed697c7fabac99e4fb22799b,76518cc8387a1f632b388e2e37f906879dcd73f32c6bc6a13443f15449e896bb,primary_three_class,5,ordinal_median_baseline,"[2,3,4]",311,macro_f1,0.2924187725631769
phase3a_v3_20260907T141213Z_f6e6a0a,9a94052e8fc96ff0894c89cfe99eca898e1e0da5ed697c7fabac99e4fb22799b,76518cc8387a1f632b388e2e37f906879dcd73f32c6bc6a13443f15449e896bb,primary_three_class,5,ordinal_median_baseline,"[2,3,4]",311,multiclass_brier,0.43729903536977494
phase3a_v3_20260907T141213Z_f6e6a0a,9a94052e8fc96ff0894c89cfe99eca898e1e0da5ed697c7fabac99e4fb22799b,76518cc8387a1f632b388e2e37f906879dcd73f32c6bc6a13443f15449e896bb,primary_three_class,5,ordinal_median_baseline,"[2,3,4]",311,nll_log_loss,7.880927429131723
phase3a_v3_20260907T141213Z_f6e6a0a,9a94052e8fc96ff0894c89cfe99eca898e1e0da5ed697c7fabac99e4fb22799b,76518cc8387a1f632b388e2e37f906879dcd73f32c6bc6a13443f15449e896bb,primary_three_class,5,ordinal_median_baseline,"[2,3,4]",311,ordinal_mae,0.21864951768488747
phase3a_v3_20260907T141213Z_f6e6a0a,9a94052e8fc96ff0894c89cfe99eca898e1e0da5ed697c7fabac99e4fb22799b,76518cc8387a1f632b388e2e37f906879dcd73f32c6bc6a13443f15449e896bb,primary_three_class,5,ordinal_median_baseline,"[2,3,4]",311,quadratic_weighted_kappa,0.0
phase3a_v3_20260907T141213Z_f6e6a0a,9a94052e8fc96ff0894c89cfe99eca898e1e0da5ed697c7fabac99e4fb22799b,76518cc8387a1f632b388e2e37f906879dcd73f32c6bc6a13443f15449e896bb,primary_three_class,5,ordinal_median_baseline,"[2,3,4]",311,ranked_probability_score,0.10932475884244373
phase3a_v3_20260907T141213Z_f6e6a0a,9a94052e8fc96ff0894c89cfe99eca898e1e0da5ed697c7fabac99e4fb22799b,76518cc8387a1f632b388e2e37f906879dcd73f32c6bc6a13443f15449e896bb,primary_three_class,5,ordinal_median_baseline,"[2,3,4]",311,two_level_reversal_rate,0.0
phase3a_v3_20260907T141213Z_f6e6a0a,9a94052e8fc96ff0894c89cfe99eca898e1e0da5ed697c7fabac99e4fb22799b,76518cc8387a1f632b388e2e37f906879dcd73f32c6bc6a13443f15449e896bb,primary_three_class,5,stratified_baseline,"[2,3,4]",311,accuracy,0.6141479099678456
phase3a_v3_20260907T141213Z_f6e6a0a,9a94052e8fc96ff0894c89cfe99eca898e1e0da5ed697c7fabac99e4fb22799b,76518cc8387a1f632b388e2e37f906879dcd73f32c6bc6a13443f15449e896bb,primary_three_class,5,stratified_baseline,"[2,3,4]",311,balanced_accuracy,0.29603916939639763
phase3a_v3_20260907T141213Z_f6e6a0a,9a94052e8fc96ff0894c89cfe99eca898e1e0da5ed697c7fabac99e4fb22799b,76518cc8387a1f632b388e2e37f906879dcd73f32c6bc6a13443f15449e896bb,primary_three_class,5,stratified_baseline,"[2,3,4]",311,ece_confidence,0.38585209003215437
phase3a_v3_20260907T141213Z_f6e6a0a,9a94052e8fc96ff0894c89cfe99eca898e1e0da5ed697c7fabac99e4fb22799b,76518cc8387a1f632b388e2e37f906879dcd73f32c6bc6a13443f15449e896bb,primary_three_class,5,stratified_baseline,"[2,3,4]",311,macro_f1,0.2965280567486927
phase3a_v3_20260907T141213Z_f6e6a0a,9a94052e8fc96ff0894c89cfe99eca898e1e0da5ed697c7fabac99e4fb22799b,76518cc8387a1f632b388e2e37f906879dcd73f32c6bc6a13443f15449e896bb,primary_three_class,5,stratified_baseline,"[2,3,4]",311,multiclass_brier,0.7717041800643086
phase3a_v3_20260907T141213Z_f6e6a0a,9a94052e8fc96ff0894c89cfe99eca898e1e0da5ed697c7fabac99e4fb22799b,76518cc8387a1f632b388e2e37f906879dcd73f32c6bc6a13443f15449e896bb,primary_three_class,5,stratified_baseline,"[2,3,4]",311,nll_log_loss,13.907518992585397
phase3a_v3_20260907T141213Z_f6e6a0a,9a94052e8fc96ff0894c89cfe99eca898e1e0da5ed697c7fabac99e4fb22799b,76518cc8387a1f632b388e2e37f906879dcd73f32c6bc6a13443f15449e896bb,primary_three_class,5,stratified_baseline,"[2,3,4]",311,ordinal_mae,0.4212218649517685
phase3a_v3_20260907T141213Z_f6e6a0a,9a94052e8fc96ff0894c89cfe99eca898e1e0da5ed697c7fabac99e4fb22799b,76518cc8387a1f632b388e2e37f906879dcd73f32c6bc6a13443f15449e896bb,primary_three_class,5,stratified_baseline,"[2,3,4]",311,quadratic_weighted_kappa,-0.09736860312262152
phase3a_v3_20260907T141213Z_f6e6a0a,9a94052e8fc96ff0894c89cfe99eca898e1e0da5ed697c7fabac99e4fb22799b,76518cc8387a1f632b388e2e37f906879dcd73f32c6bc6a13443f15449e896bb,primary_three_class,5,stratified_baseline,"[2,3,4]",311,ranked_probability_score,0.21061093247588425
phase3a_v3_20260907T141213Z_f6e6a0a,9a94052e8fc96ff0894c89cfe99eca898e1e0da5ed697c7fabac99e4fb22799b,76518cc8387a1f632b388e2e37f906879dcd73f32c6bc6a13443f15449e896bb,primary_three_class,5,stratified_baseline,"[2,3,4]",311,two_level_reversal_rate,0.03536977491961415
phase3a_v3_20260907T141213Z_f6e6a0a,9a94052e8fc96ff0894c89cfe99eca898e1e0da5ed697c7fabac99e4fb22799b,76518cc8387a1f632b388e2e37f906879dcd73f32c6bc6a13443f15449e896bb,primary_three_class,5,xgboost_raw,"[2,3,4]",311,accuracy,0.8070739549839229
phase3a_v3_20260907T141213Z_f6e6a0a,9a94052e8fc96ff0894c89cfe99eca898e1e0da5ed697c7fabac99e4fb22799b,76518cc8387a1f632b388e2e37f906879dcd73f32c6bc6a13443f15449e896bb,primary_three_class,5,xgboost_raw,"[2,3,4]",311,balanced_accuracy,0.6562847196061056
phase3a_v3_20260907T141213Z_f6e6a0a,9a94052e8fc96ff0894c89cfe99eca898e1e0da5ed697c7fabac99e4fb22799b,76518cc8387a1f632b388e2e37f906879dcd73f32c6bc6a13443f15449e896bb,primary_three_class,5,xgboost_raw,"[2,3,4]",311,ece_confidence,0.08376804740465452
phase3a_v3_20260907T141213Z_f6e6a0a,9a94052e8fc96ff0894c89cfe99eca898e1e0da5ed697c7fabac99e4fb22799b,76518cc8387a1f632b388e2e37f906879dcd73f32c6bc6a13443f15449e896bb,primary_three_class,5,xgboost_raw,"[2,3,4]",311,macro_f1,0.6558321889391499
phase3a_v3_20260907T141213Z_f6e6a0a,9a94052e8fc96ff0894c89cfe99eca898e1e0da5ed697c7fabac99e4fb22799b,76518cc8387a1f632b388e2e37f906879dcd73f32c6bc6a13443f15449e896bb,primary_three_class,5,xgboost_raw,"[2,3,4]",311,multiclass_brier,0.30637989491588363
phase3a_v3_20260907T141213Z_f6e6a0a,9a94052e8fc96ff0894c89cfe99eca898e1e0da5ed697c7fabac99e4fb22799b,76518cc8387a1f632b388e2e37f906879dcd73f32c6bc6a13443f15449e896bb,primary_three_class,5,xgboost_raw,"[2,3,4]",311,nll_log_loss,0.5789927907222171
phase3a_v3_20260907T141213Z_f6e6a0a,9a94052e8fc96ff0894c89cfe99eca898e1e0da5ed697c7fabac99e4fb22799b,76518cc8387a1f632b388e2e37f906879dcd73f32c6bc6a13443f15449e896bb,primary_three_class,5,xgboost_raw,"[2,3,4]",311,ordinal_mae,0.19292604501607716
phase3a_v3_20260907T141213Z_f6e6a0a,9a94052e8fc96ff0894c89cfe99eca898e1e0da5ed697c7fabac99e4fb22799b,76518cc8387a1f632b388e2e37f906879dcd73f32c6bc6a13443f15449e896bb,primary_three_class,5,xgboost_raw,"[2,3,4]",311,quadratic_weighted_kappa,0.5315324362321752
phase3a_v3_20260907T141213Z_f6e6a0a,9a94052e8fc96ff0894c89cfe99eca898e1e0da5ed697c7fabac99e4fb22799b,76518cc8387a1f632b388e2e37f906879dcd73f32c6bc6a13443f15449e896bb,primary_three_class,5,xgboost_raw,"[2,3,4]",311,ranked_probability_score,0.07699973771571629
phase3a_v3_20260907T141213Z_f6e6a0a,9a94052e8fc96ff0894c89cfe99eca898e1e0da5ed697c7fabac99e4fb22799b,76518cc8387a1f632b388e2e37f906879dcd73f32c6bc6a13443f15449e896bb,primary_three_class,5,xgboost_raw,"[2,3,4]",311,two_level_reversal_rate,0.0
phase3a_v3_20260907T141213Z_f6e6a0a,9a94052e8fc96ff0894c89cfe99eca898e1e0da5ed697c7fabac99e4fb22799b,76518cc8387a1f632b388e2e37f906879dcd73f32c6bc6a13443f15449e896bb,primary_three_class,5,xgboost_sigmoid,"[2,3,4]",311,accuracy,0.8745980707395499
phase3a_v3_20260907T141213Z_f6e6a0a,9a94052e8fc96ff0894c89cfe99eca898e1e0da5ed697c7fabac99e4fb22799b,76518cc8387a1f632b388e2e37f906879dcd73f32c6bc6a13443f15449e896bb,primary_three_class,5,xgboost_sigmoid,"[2,3,4]",311,balanced_accuracy,0.6451612903225806
phase3a_v3_20260907T141213Z_f6e6a0a,9a94052e8fc96ff0894c89cfe99eca898e1e0da5ed697c7fabac99e4fb22799b,76518cc8387a1f632b388e2e37f906879dcd73f32c6bc6a13443f15449e896bb,primary_three_class,5,xgboost_sigmoid,"[2,3,4]",311,ece_confidence,0.06049572073896377
phase3a_v3_20260907T141213Z_f6e6a0a,9a94052e8fc96ff0894c89cfe99eca898e1e0da5ed697c7fabac99e4fb22799b,76518cc8387a1f632b388e2e37f906879dcd73f32c6bc6a13443f15449e896bb,primary_three_class,5,xgboost_sigmoid,"[2,3,4]",311,macro_f1,0.6307936507936508
phase3a_v3_20260907T141213Z_f6e6a0a,9a94052e8fc96ff0894c89cfe99eca898e1e0da5ed697c7fabac99e4fb22799b,76518cc8387a1f632b388e2e37f906879dcd73f32c6bc6a13443f15449e896bb,primary_three_class,5,xgboost_sigmoid,"[2,3,4]",311,multiclass_brier,0.23366981607984763
phase3a_v3_20260907T141213Z_f6e6a0a,9a94052e8fc96ff0894c89cfe99eca898e1e0da5ed697c7fabac99e4fb22799b,76518cc8387a1f632b388e2e37f906879dcd73f32c6bc6a13443f15449e896bb,primary_three_class,5,xgboost_sigmoid,"[2,3,4]",311,nll_log_loss,0.42885349729787303
phase3a_v3_20260907T141213Z_f6e6a0a,9a94052e8fc96ff0894c89cfe99eca898e1e0da5ed697c7fabac99e4fb22799b,76518cc8387a1f632b388e2e37f906879dcd73f32c6bc6a13443f15449e896bb,primary_three_class,5,xgboost_sigmoid,"[2,3,4]",311,ordinal_mae,0.12540192926045016
phase3a_v3_20260907T141213Z_f6e6a0a,9a94052e8fc96ff0894c89cfe99eca898e1e0da5ed697c7fabac99e4fb22799b,76518cc8387a1f632b388e2e37f906879dcd73f32c6bc6a13443f15449e896bb,primary_three_class,5,xgboost_sigmoid,"[2,3,4]",311,quadratic_weighted_kappa,0.6025233491725381
phase3a_v3_20260907T141213Z_f6e6a0a,9a94052e8fc96ff0894c89cfe99eca898e1e0da5ed697c7fabac99e4fb22799b,76518cc8387a1f632b388e2e37f906879dcd73f32c6bc6a13443f15449e896bb,primary_three_class,5,xgboost_sigmoid,"[2,3,4]",311,ranked_probability_score,0.05924796684177683
phase3a_v3_20260907T141213Z_f6e6a0a,9a94052e8fc96ff0894c89cfe99eca898e1e0da5ed697c7fabac99e4fb22799b,76518cc8387a1f632b388e2e37f906879dcd73f32c6bc6a13443f15449e896bb,primary_three_class,5,xgboost_sigmoid,"[2,3,4]",311,two_level_reversal_rate,0.0
phase3a_v3_20260907T141213Z_f6e6a0a,9a94052e8fc96ff0894c89cfe99eca898e1e0da5ed697c7fabac99e4fb22799b,76518cc8387a1f632b388e2e37f906879dcd73f32c6bc6a13443f15449e896bb,raw_order_four_class,1,majority_baseline,"[1,2,3,4]",311,accuracy,0.7813504823151125
phase3a_v3_20260907T141213Z_f6e6a0a,9a94052e8fc96ff0894c89cfe99eca898e1e0da5ed697c7fabac99e4fb22799b,76518cc8387a1f632b388e2e37f906879dcd73f32c6bc6a13443f15449e896bb,raw_order_four_class,1,majority_baseline,"[1,2,3,4]",311,balanced_accuracy,0.25
phase3a_v3_20260907T141213Z_f6e6a0a,9a94052e8fc96ff0894c89cfe99eca898e1e0da5ed697c7fabac99e4fb22799b,76518cc8387a1f632b388e2e37f906879dcd73f32c6bc6a13443f15449e896bb,raw_order_four_class,1,majority_baseline,"[1,2,3,4]",311,ece_confidence,0.2186495176848875
phase3a_v3_20260907T141213Z_f6e6a0a,9a94052e8fc96ff0894c89cfe99eca898e1e0da5ed697c7fabac99e4fb22799b,76518cc8387a1f632b388e2e37f906879dcd73f32c6bc6a13443f15449e896bb,raw_order_four_class,1,majority_baseline,"[1,2,3,4]",311,macro_f1,0.21931407942238268
phase3a_v3_20260907T141213Z_f6e6a0a,9a94052e8fc96ff0894c89cfe99eca898e1e0da5ed697c7fabac99e4fb22799b,76518cc8387a1f632b388e2e37f906879dcd73f32c6bc6a13443f15449e896bb,raw_order_four_class,1,majority_baseline,"[1,2,3,4]",311,multiclass_brier,0.43729903536977494
phase3a_v3_20260907T141213Z_f6e6a0a,9a94052e8fc96ff0894c89cfe99eca898e1e0da5ed697c7fabac99e4fb22799b,76518cc8387a1f632b388e2e37f906879dcd73f32c6bc6a13443f15449e896bb,raw_order_four_class,1,majority_baseline,"[1,2,3,4]",311,nll_log_loss,7.880927429131723
phase3a_v3_20260907T141213Z_f6e6a0a,9a94052e8fc96ff0894c89cfe99eca898e1e0da5ed697c7fabac99e4fb22799b,76518cc8387a1f632b388e2e37f906879dcd73f32c6bc6a13443f15449e896bb,raw_order_four_class,1,majority_baseline,"[1,2,3,4]",311,ordinal_mae,0.2604501607717042
phase3a_v3_20260907T141213Z_f6e6a0a,9a94052e8fc96ff0894c89cfe99eca898e1e0da5ed697c7fabac99e4fb22799b,76518cc8387a1f632b388e2e37f906879dcd73f32c6bc6a13443f15449e896bb,raw_order_four_class,1,majority_baseline,"[1,2,3,4]",311,quadratic_weighted_kappa,0.0
phase3a_v3_20260907T141213Z_f6e6a0a,9a94052e8fc96ff0894c89cfe99eca898e1e0da5ed697c7fabac99e4fb22799b,76518cc8387a1f632b388e2e37f906879dcd73f32c6bc6a13443f15449e896bb,raw_order_four_class,1,majority_baseline,"[1,2,3,4]",311,ranked_probability_score,0.08681672025723473
phase3a_v3_20260907T141213Z_f6e6a0a,9a94052e8fc96ff0894c89cfe99eca898e1e0da5ed697c7fabac99e4fb22799b,76518cc8387a1f632b388e2e37f906879dcd73f32c6bc6a13443f15449e896bb,raw_order_four_class,1,majority_baseline,"[1,2,3,4]",311,two_level_reversal_rate,0.04180064308681672
phase3a_v3_20260907T141213Z_f6e6a0a,9a94052e8fc96ff0894c89cfe99eca898e1e0da5ed697c7fabac99e4fb22799b,76518cc8387a1f632b388e2e37f906879dcd73f32c6bc6a13443f15449e896bb,raw_order_four_class,1,ordinal_median_baseline,"[1,2,3,4]",311,accuracy,0.7813504823151125
phase3a_v3_20260907T141213Z_f6e6a0a,9a94052e8fc96ff0894c89cfe99eca898e1e0da5ed697c7fabac99e4fb22799b,76518cc8387a1f632b388e2e37f906879dcd73f32c6bc6a13443f15449e896bb,raw_order_four_class,1,ordinal_median_baseline,"[1,2,3,4]",311,balanced_accuracy,0.25
phase3a_v3_20260907T141213Z_f6e6a0a,9a94052e8fc96ff0894c89cfe99eca898e1e0da5ed697c7fabac99e4fb22799b,76518cc8387a1f632b388e2e37f906879dcd73f32c6bc6a13443f15449e896bb,raw_order_four_class,1,ordinal_median_baseline,"[1,2,3,4]",311,ece_confidence,0.2186495176848875
phase3a_v3_20260907T141213Z_f6e6a0a,9a94052e8fc96ff0894c89cfe99eca898e1e0da5ed697c7fabac99e4fb22799b,76518cc8387a1f632b388e2e37f906879dcd73f32c6bc6a13443f15449e896bb,raw_order_four_class,1,ordinal_median_baseline,"[1,2,3,4]",311,macro_f1,0.21931407942238268
phase3a_v3_20260907T141213Z_f6e6a0a,9a94052e8fc96ff0894c89cfe99eca898e1e0da5ed697c7fabac99e4fb22799b,76518cc8387a1f632b388e2e37f906879dcd73f32c6bc6a13443f15449e896bb,raw_order_four_class,1,ordinal_median_baseline,"[1,2,3,4]",311,multiclass_brier,0.43729903536977494
phase3a_v3_20260907T141213Z_f6e6a0a,9a94052e8fc96ff0894c89cfe99eca898e1e0da5ed697c7fabac99e4fb22799b,76518cc8387a1f632b388e2e37f906879dcd73f32c6bc6a13443f15449e896bb,raw_order_four_class,1,ordinal_median_baseline,"[1,2,3,4]",311,nll_log_loss,7.880927429131723
phase3a_v3_20260907T141213Z_f6e6a0a,9a94052e8fc96ff0894c89cfe99eca898e1e0da5ed697c7fabac99e4fb22799b,76518cc8387a1f632b388e2e37f906879dcd73f32c6bc6a13443f15449e896bb,raw_order_four_class,1,ordinal_median_baseline,"[1,2,3,4]",311,ordinal_mae,0.2604501607717042
phase3a_v3_20260907T141213Z_f6e6a0a,9a94052e8fc96ff0894c89cfe99eca898e1e0da5ed697c7fabac99e4fb22799b,76518cc8387a1f632b388e2e37f906879dcd73f32c6bc6a13443f15449e896bb,raw_order_four_class,1,ordinal_median_baseline,"[1,2,3,4]",311,quadratic_weighted_kappa,0.0
phase3a_v3_20260907T141213Z_f6e6a0a,9a94052e8fc96ff0894c89cfe99eca898e1e0da5ed697c7fabac99e4fb22799b,76518cc8387a1f632b388e2e37f906879dcd73f32c6bc6a13443f15449e896bb,raw_order_four_class,1,ordinal_median_baseline,"[1,2,3,4]",311,ranked_probability_score,0.08681672025723473
phase3a_v3_20260907T141213Z_f6e6a0a,9a94052e8fc96ff0894c89cfe99eca898e1e0da5ed697c7fabac99e4fb22799b,76518cc8387a1f632b388e2e37f906879dcd73f32c6bc6a13443f15449e896bb,raw_order_four_class,1,ordinal_median_baseline,"[1,2,3,4]",311,two_level_reversal_rate,0.04180064308681672
phase3a_v3_20260907T141213Z_f6e6a0a,9a94052e8fc96ff0894c89cfe99eca898e1e0da5ed697c7fabac99e4fb22799b,76518cc8387a1f632b388e2e37f906879dcd73f32c6bc6a13443f15449e896bb,raw_order_four_class,1,stratified_baseline,"[1,2,3,4]",311,accuracy,0.639871382636656
phase3a_v3_20260907T141213Z_f6e6a0a,9a94052e8fc96ff0894c89cfe99eca898e1e0da5ed697c7fabac99e4fb22799b,76518cc8387a1f632b388e2e37f906879dcd73f32c6bc6a13443f15449e896bb,raw_order_four_class,1,stratified_baseline,"[1,2,3,4]",311,balanced_accuracy,0.24623234345456568
phase3a_v3_20260907T141213Z_f6e6a0a,9a94052e8fc96ff0894c89cfe99eca898e1e0da5ed697c7fabac99e4fb22799b,76518cc8387a1f632b388e2e37f906879dcd73f32c6bc6a13443f15449e896bb,raw_order_four_class,1,stratified_baseline,"[1,2,3,4]",311,ece_confidence,0.360128617363344
phase3a_v3_20260907T141213Z_f6e6a0a,9a94052e8fc96ff0894c89cfe99eca898e1e0da5ed697c7fabac99e4fb22799b,76518cc8387a1f632b388e2e37f906879dcd73f32c6bc6a13443f15449e896bb,raw_order_four_class,1,stratified_baseline,"[1,2,3,4]",311,macro_f1,0.24336313513898827
phase3a_v3_20260907T141213Z_f6e6a0a,9a94052e8fc96ff0894c89cfe99eca898e1e0da5ed697c7fabac99e4fb22799b,76518cc8387a1f632b388e2e37f906879dcd73f32c6bc6a13443f15449e896bb,raw_order_four_class,1,stratified_baseline,"[1,2,3,4]",311,multiclass_brier,0.7202572347266881
phase3a_v3_20260907T141213Z_f6e6a0a,9a94052e8fc96ff0894c89cfe99eca898e1e0da5ed697c7fabac99e4fb22799b,76518cc8387a1f632b388e2e37f906879dcd73f32c6bc6a13443f15449e896bb,raw_order_four_class,1,stratified_baseline,"[1,2,3,4]",311,nll_log_loss,12.98035105974637
phase3a_v3_20260907T141213Z_f6e6a0a,9a94052e8fc96ff0894c89cfe99eca898e1e0da5ed697c7fabac99e4fb22799b,76518cc8387a1f632b388e2e37f906879dcd73f32c6bc6a13443f15449e896bb,raw_order_four_class,1,stratified_baseline,"[1,2,3,4]",311,ordinal_mae,0.4533762057877814
phase3a_v3_20260907T141213Z_f6e6a0a,9a94052e8fc96ff0894c89cfe99eca898e1e0da5ed697c7fabac99e4fb22799b,76518cc8387a1f632b388e2e37f906879dcd73f32c6bc6a13443f15449e896bb,raw_order_four_class,1,stratified_baseline,"[1,2,3,4]",311,quadratic_weighted_kappa,-0.09072021009590614
phase3a_v3_20260907T141213Z_f6e6a0a,9a94052e8fc96ff0894c89cfe99eca898e1e0da5ed697c7fabac99e4fb22799b,76518cc8387a1f632b388e2e37f906879dcd73f32c6bc6a13443f15449e896bb,raw_order_four_class,1,stratified_baseline,"[1,2,3,4]",311,ranked_probability_score,0.15112540192926044
phase3a_v3_20260907T141213Z_f6e6a0a,9a94052e8fc96ff0894c89cfe99eca898e1e0da5ed697c7fabac99e4fb22799b,76518cc8387a1f632b388e2e37f906879dcd73f32c6bc6a13443f15449e896bb,raw_order_four_class,1,stratified_baseline,"[1,2,3,4]",311,two_level_reversal_rate,0.07395498392282958
phase3a_v3_20260907T141213Z_f6e6a0a,9a94052e8fc96ff0894c89cfe99eca898e1e0da5ed697c7fabac99e4fb22799b,76518cc8387a1f632b388e2e37f906879dcd73f32c6bc6a13443f15449e896bb,raw_order_four_class,1,xgboost_raw,"[1,2,3,4]",311,accuracy,0.7781350482315113
phase3a_v3_20260907T141213Z_f6e6a0a,9a94052e8fc96ff0894c89cfe99eca898e1e0da5ed697c7fabac99e4fb22799b,76518cc8387a1f632b388e2e37f906879dcd73f32c6bc6a13443f15449e896bb,raw_order_four_class,1,xgboost_raw,"[1,2,3,4]",311,balanced_accuracy,0.5654596904596904
phase3a_v3_20260907T141213Z_f6e6a0a,9a94052e8fc96ff0894c89cfe99eca898e1e0da5ed697c7fabac99e4fb22799b,76518cc8387a1f632b388e2e37f906879dcd73f32c6bc6a13443f15449e896bb,raw_order_four_class,1,xgboost_raw,"[1,2,3,4]",311,ece_confidence,0.10056119059771633
phase3a_v3_20260907T141213Z_f6e6a0a,9a94052e8fc96ff0894c89cfe99eca898e1e0da5ed697c7fabac99e4fb22799b,76518cc8387a1f632b388e2e37f906879dcd73f32c6bc6a13443f15449e896bb,raw_order_four_class,1,xgboost_raw,"[1,2,3,4]",311,macro_f1,0.5933537239064623
phase3a_v3_20260907T141213Z_f6e6a0a,9a94052e8fc96ff0894c89cfe99eca898e1e0da5ed697c7fabac99e4fb22799b,76518cc8387a1f632b388e2e37f906879dcd73f32c6bc6a13443f15449e896bb,raw_order_four_class,1,xgboost_raw,"[1,2,3,4]",311,multiclass_brier,0.3558607855478189
phase3a_v3_20260907T141213Z_f6e6a0a,9a94052e8fc96ff0894c89cfe99eca898e1e0da5ed697c7fabac99e4fb22799b,76518cc8387a1f632b388e2e37f906879dcd73f32c6bc6a13443f15449e896bb,raw_order_four_class,1,xgboost_raw,"[1,2,3,4]",311,nll_log_loss,0.6612114244687726
phase3a_v3_20260907T141213Z_f6e6a0a,9a94052e8fc96ff0894c89cfe99eca898e1e0da5ed697c7fabac99e4fb22799b,76518cc8387a1f632b388e2e37f906879dcd73f32c6bc6a13443f15449e896bb,raw_order_four_class,1,xgboost_raw,"[1,2,3,4]",311,ordinal_mae,0.2282958199356913
phase3a_v3_20260907T141213Z_f6e6a0a,9a94052e8fc96ff0894c89cfe99eca898e1e0da5ed697c7fabac99e4fb22799b,76518cc8387a1f632b388e2e37f906879dcd73f32c6bc6a13443f15449e896bb,raw_order_four_class,1,xgboost_raw,"[1,2,3,4]",311,quadratic_weighted_kappa,0.603363545156189
phase3a_v3_20260907T141213Z_f6e6a0a,9a94052e8fc96ff0894c89cfe99eca898e1e0da5ed697c7fabac99e4fb22799b,76518cc8387a1f632b388e2e37f906879dcd73f32c6bc6a13443f15449e896bb,raw_order_four_class,1,xgboost_raw,"[1,2,3,4]",311,ranked_probability_score,0.06018954324292649
phase3a_v3_20260907T141213Z_f6e6a0a,9a94052e8fc96ff0894c89cfe99eca898e1e0da5ed697c7fabac99e4fb22799b,76518cc8387a1f632b388e2e37f906879dcd73f32c6bc6a13443f15449e896bb,raw_order_four_class,1,xgboost_raw,"[1,2,3,4]",311,two_level_reversal_rate,0.006430868167202572
phase3a_v3_20260907T141213Z_f6e6a0a,9a94052e8fc96ff0894c89cfe99eca898e1e0da5ed697c7fabac99e4fb22799b,76518cc8387a1f632b388e2e37f906879dcd73f32c6bc6a13443f15449e896bb,raw_order_four_class,1,xgboost_sigmoid,"[1,2,3,4]",311,accuracy,0.8360128617363344
phase3a_v3_20260907T141213Z_f6e6a0a,9a94052e8fc96ff0894c89cfe99eca898e1e0da5ed697c7fabac99e4fb22799b,76518cc8387a1f632b388e2e37f906879dcd73f32c6bc6a13443f15449e896bb,raw_order_four_class,1,xgboost_sigmoid,"[1,2,3,4]",311,balanced_accuracy,0.5128205128205128
phase3a_v3_20260907T141213Z_f6e6a0a,9a94052e8fc96ff0894c89cfe99eca898e1e0da5ed697c7fabac99e4fb22799b,76518cc8387a1f632b388e2e37f906879dcd73f32c6bc6a13443f15449e896bb,raw_order_four_class,1,xgboost_sigmoid,"[1,2,3,4]",311,ece_confidence,0.035400852554631664
phase3a_v3_20260907T141213Z_f6e6a0a,9a94052e8fc96ff0894c89cfe99eca898e1e0da5ed697c7fabac99e4fb22799b,76518cc8387a1f632b388e2e37f906879dcd73f32c6bc6a13443f15449e896bb,raw_order_four_class,1,xgboost_sigmoid,"[1,2,3,4]",311,macro_f1,0.5318210781190265
phase3a_v3_20260907T141213Z_f6e6a0a,9a94052e8fc96ff0894c89cfe99eca898e1e0da5ed697c7fabac99e4fb22799b,76518cc8387a1f632b388e2e37f906879dcd73f32c6bc6a13443f15449e896bb,raw_order_four_class,1,xgboost_sigmoid,"[1,2,3,4]",311,multiclass_brier,0.27463246567221616
phase3a_v3_20260907T141213Z_f6e6a0a,9a94052e8fc96ff0894c89cfe99eca898e1e0da5ed697c7fabac99e4fb22799b,76518cc8387a1f632b388e2e37f906879dcd73f32c6bc6a13443f15449e896bb,raw_order_four_class,1,xgboost_sigmoid,"[1,2,3,4]",311,nll_log_loss,0.5103446056114194
phase3a_v3_20260907T141213Z_f6e6a0a,9a94052e8fc96ff0894c89cfe99eca898e1e0da5ed697c7fabac99e4fb22799b,76518cc8387a1f632b388e2e37f906879dcd73f32c6bc6a13443f15449e896bb,raw_order_four_class,1,xgboost_sigmoid,"[1,2,3,4]",311,ordinal_mae,0.17363344051446947
phase3a_v3_20260907T141213Z_f6e6a0a,9a94052e8fc96ff0894c89cfe99eca898e1e0da5ed697c7fabac99e4fb22799b,76518cc8387a1f632b388e2e37f906879dcd73f32c6bc6a13443f15449e896bb,raw_order_four_class,1,xgboost_sigmoid,"[1,2,3,4]",311,quadratic_weighted_kappa,0.5909868046118101
phase3a_v3_20260907T141213Z_f6e6a0a,9a94052e8fc96ff0894c89cfe99eca898e1e0da5ed697c7fabac99e4fb22799b,76518cc8387a1f632b388e2e37f906879dcd73f32c6bc6a13443f15449e896bb,raw_order_four_class,1,xgboost_sigmoid,"[1,2,3,4]",311,ranked_probability_score,0.049356973891780904
phase3a_v3_20260907T141213Z_f6e6a0a,9a94052e8fc96ff0894c89cfe99eca898e1e0da5ed697c7fabac99e4fb22799b,76518cc8387a1f632b388e2e37f906879dcd73f32c6bc6a13443f15449e896bb,raw_order_four_class,1,xgboost_sigmoid,"[1,2,3,4]",311,two_level_reversal_rate,0.00964630225080386
phase3a_v3_20260907T141213Z_f6e6a0a,9a94052e8fc96ff0894c89cfe99eca898e1e0da5ed697c7fabac99e4fb22799b,76518cc8387a1f632b388e2e37f906879dcd73f32c6bc6a13443f15449e896bb,raw_order_four_class,2,majority_baseline,"[1,2,3,4]",311,accuracy,0.7813504823151125
phase3a_v3_20260907T141213Z_f6e6a0a,9a94052e8fc96ff0894c89cfe99eca898e1e0da5ed697c7fabac99e4fb22799b,76518cc8387a1f632b388e2e37f906879dcd73f32c6bc6a13443f15449e896bb,raw_order_four_class,2,majority_baseline,"[1,2,3,4]",311,balanced_accuracy,0.25
phase3a_v3_20260907T141213Z_f6e6a0a,9a94052e8fc96ff0894c89cfe99eca898e1e0da5ed697c7fabac99e4fb22799b,76518cc8387a1f632b388e2e37f906879dcd73f32c6bc6a13443f15449e896bb,raw_order_four_class,2,majority_baseline,"[1,2,3,4]",311,ece_confidence,0.2186495176848875
phase3a_v3_20260907T141213Z_f6e6a0a,9a94052e8fc96ff0894c89cfe99eca898e1e0da5ed697c7fabac99e4fb22799b,76518cc8387a1f632b388e2e37f906879dcd73f32c6bc6a13443f15449e896bb,raw_order_four_class,2,majority_baseline,"[1,2,3,4]",311,macro_f1,0.21931407942238268
phase3a_v3_20260907T141213Z_f6e6a0a,9a94052e8fc96ff0894c89cfe99eca898e1e0da5ed697c7fabac99e4fb22799b,76518cc8387a1f632b388e2e37f906879dcd73f32c6bc6a13443f15449e896bb,raw_order_four_class,2,majority_baseline,"[1,2,3,4]",311,multiclass_brier,0.43729903536977494
phase3a_v3_20260907T141213Z_f6e6a0a,9a94052e8fc96ff0894c89cfe99eca898e1e0da5ed697c7fabac99e4fb22799b,76518cc8387a1f632b388e2e37f906879dcd73f32c6bc6a13443f15449e896bb,raw_order_four_class,2,majority_baseline,"[1,2,3,4]",311,nll_log_loss,7.880927429131723
phase3a_v3_20260907T141213Z_f6e6a0a,9a94052e8fc96ff0894c89cfe99eca898e1e0da5ed697c7fabac99e4fb22799b,76518cc8387a1f632b388e2e37f906879dcd73f32c6bc6a13443f15449e896bb,raw_order_four_class,2,majority_baseline,"[1,2,3,4]",311,ordinal_mae,0.2604501607717042
phase3a_v3_20260907T141213Z_f6e6a0a,9a94052e8fc96ff0894c89cfe99eca898e1e0da5ed697c7fabac99e4fb22799b,76518cc8387a1f632b388e2e37f906879dcd73f32c6bc6a13443f15449e896bb,raw_order_four_class,2,majority_baseline,"[1,2,3,4]",311,quadratic_weighted_kappa,0.0
phase3a_v3_20260907T141213Z_f6e6a0a,9a94052e8fc96ff0894c89cfe99eca898e1e0da5ed697c7fabac99e4fb22799b,76518cc8387a1f632b388e2e37f906879dcd73f32c6bc6a13443f15449e896bb,raw_order_four_class,2,majority_baseline,"[1,2,3,4]",311,ranked_probability_score,0.08681672025723473
phase3a_v3_20260907T141213Z_f6e6a0a,9a94052e8fc96ff0894c89cfe99eca898e1e0da5ed697c7fabac99e4fb22799b,76518cc8387a1f632b388e2e37f906879dcd73f32c6bc6a13443f15449e896bb,raw_order_four_class,2,majority_baseline,"[1,2,3,4]",311,two_level_reversal_rate,0.04180064308681672
phase3a_v3_20260907T141213Z_f6e6a0a,9a94052e8fc96ff0894c89cfe99eca898e1e0da5ed697c7fabac99e4fb22799b,76518cc8387a1f632b388e2e37f906879dcd73f32c6bc6a13443f15449e896bb,raw_order_four_class,2,ordinal_median_baseline,"[1,2,3,4]",311,accuracy,0.7813504823151125
phase3a_v3_20260907T141213Z_f6e6a0a,9a94052e8fc96ff0894c89cfe99eca898e1e0da5ed697c7fabac99e4fb22799b,76518cc8387a1f632b388e2e37f906879dcd73f32c6bc6a13443f15449e896bb,raw_order_four_class,2,ordinal_median_baseline,"[1,2,3,4]",311,balanced_accuracy,0.25
phase3a_v3_20260907T141213Z_f6e6a0a,9a94052e8fc96ff0894c89cfe99eca898e1e0da5ed697c7fabac99e4fb22799b,76518cc8387a1f632b388e2e37f906879dcd73f32c6bc6a13443f15449e896bb,raw_order_four_class,2,ordinal_median_baseline,"[1,2,3,4]",311,ece_confidence,0.2186495176848875
phase3a_v3_20260907T141213Z_f6e6a0a,9a94052e8fc96ff0894c89cfe99eca898e1e0da5ed697c7fabac99e4fb22799b,76518cc8387a1f632b388e2e37f906879dcd73f32c6bc6a13443f15449e896bb,raw_order_four_class,2,ordinal_median_baseline,"[1,2,3,4]",311,macro_f1,0.21931407942238268
phase3a_v3_20260907T141213Z_f6e6a0a,9a94052e8fc96ff0894c89cfe99eca898e1e0da5ed697c7fabac99e4fb22799b,76518cc8387a1f632b388e2e37f906879dcd73f32c6bc6a13443f15449e896bb,raw_order_four_class,2,ordinal_median_baseline,"[1,2,3,4]",311,multiclass_brier,0.43729903536977494
phase3a_v3_20260907T141213Z_f6e6a0a,9a94052e8fc96ff0894c89cfe99eca898e1e0da5ed697c7fabac99e4fb22799b,76518cc8387a1f632b388e2e37f906879dcd73f32c6bc6a13443f15449e896bb,raw_order_four_class,2,ordinal_median_baseline,"[1,2,3,4]",311,nll_log_loss,7.880927429131723
phase3a_v3_20260907T141213Z_f6e6a0a,9a94052e8fc96ff0894c89cfe99eca898e1e0da5ed697c7fabac99e4fb22799b,76518cc8387a1f632b388e2e37f906879dcd73f32c6bc6a13443f15449e896bb,raw_order_four_class,2,ordinal_median_baseline,"[1,2,3,4]",311,ordinal_mae,0.2604501607717042
phase3a_v3_20260907T141213Z_f6e6a0a,9a94052e8fc96ff0894c89cfe99eca898e1e0da5ed697c7fabac99e4fb22799b,76518cc8387a1f632b388e2e37f906879dcd73f32c6bc6a13443f15449e896bb,raw_order_four_class,2,ordinal_median_baseline,"[1,2,3,4]",311,quadratic_weighted_kappa,0.0
phase3a_v3_20260907T141213Z_f6e6a0a,9a94052e8fc96ff0894c89cfe99eca898e1e0da5ed697c7fabac99e4fb22799b,76518cc8387a1f632b388e2e37f906879dcd73f32c6bc6a13443f15449e896bb,raw_order_four_class,2,ordinal_median_baseline,"[1,2,3,4]",311,ranked_probability_score,0.08681672025723473
phase3a_v3_20260907T141213Z_f6e6a0a,9a94052e8fc96ff0894c89cfe99eca898e1e0da5ed697c7fabac99e4fb22799b,76518cc8387a1f632b388e2e37f906879dcd73f32c6bc6a13443f15449e896bb,raw_order_four_class,2,ordinal_median_baseline,"[1,2,3,4]",311,two_level_reversal_rate,0.04180064308681672
phase3a_v3_20260907T141213Z_f6e6a0a,9a94052e8fc96ff0894c89cfe99eca898e1e0da5ed697c7fabac99e4fb22799b,76518cc8387a1f632b388e2e37f906879dcd73f32c6bc6a13443f15449e896bb,raw_order_four_class,2,stratified_baseline,"[1,2,3,4]",311,accuracy,0.6366559485530546
phase3a_v3_20260907T141213Z_f6e6a0a,9a94052e8fc96ff0894c89cfe99eca898e1e0da5ed697c7fabac99e4fb22799b,76518cc8387a1f632b388e2e37f906879dcd73f32c6bc6a13443f15449e896bb,raw_order_four_class,2,stratified_baseline,"[1,2,3,4]",311,balanced_accuracy,0.23947558669780894
phase3a_v3_20260907T141213Z_f6e6a0a,9a94052e8fc96ff0894c89cfe99eca898e1e0da5ed697c7fabac99e4fb22799b,76518cc8387a1f632b388e2e37f906879dcd73f32c6bc6a13443f15449e896bb,raw_order_four_class,2,stratified_baseline,"[1,2,3,4]",311,ece_confidence,0.36334405144694537
phase3a_v3_20260907T141213Z_f6e6a0a,9a94052e8fc96ff0894c89cfe99eca898e1e0da5ed697c7fabac99e4fb22799b,76518cc8387a1f632b388e2e37f906879dcd73f32c6bc6a13443f15449e896bb,raw_order_four_class,2,stratified_baseline,"[1,2,3,4]",311,macro_f1,0.23959743867295288
phase3a_v3_20260907T141213Z_f6e6a0a,9a94052e8fc96ff0894c89cfe99eca898e1e0da5ed697c7fabac99e4fb22799b,76518cc8387a1f632b388e2e37f906879dcd73f32c6bc6a13443f15449e896bb,raw_order_four_class,2,stratified_baseline,"[1,2,3,4]",311,multiclass_brier,0.7266881028938906
phase3a_v3_20260907T141213Z_f6e6a0a,9a94052e8fc96ff0894c89cfe99eca898e1e0da5ed697c7fabac99e4fb22799b,76518cc8387a1f632b388e2e37f906879dcd73f32c6bc6a13443f15449e896bb,raw_order_four_class,2,stratified_baseline,"[1,2,3,4]",311,nll_log_loss,13.096247051351249
phase3a_v3_20260907T141213Z_f6e6a0a,9a94052e8fc96ff0894c89cfe99eca898e1e0da5ed697c7fabac99e4fb22799b,76518cc8387a1f632b388e2e37f906879dcd73f32c6bc6a13443f15449e896bb,raw_order_four_class,2,stratified_baseline,"[1,2,3,4]",311,ordinal_mae,0.4758842443729904
phase3a_v3_20260907T141213Z_f6e6a0a,9a94052e8fc96ff0894c89cfe99eca898e1e0da5ed697c7fabac99e4fb22799b,76518cc8387a1f632b388e2e37f906879dcd73f32c6bc6a13443f15449e896bb,raw_order_four_class,2,stratified_baseline,"[1,2,3,4]",311,quadratic_weighted_kappa,-0.09406546344447864
phase3a_v3_20260907T141213Z_f6e6a0a,9a94052e8fc96ff0894c89cfe99eca898e1e0da5ed697c7fabac99e4fb22799b,76518cc8387a1f632b388e2e37f906879dcd73f32c6bc6a13443f15449e896bb,raw_order_four_class,2,stratified_baseline,"[1,2,3,4]",311,ranked_probability_score,0.15862808145766344
phase3a_v3_20260907T141213Z_f6e6a0a,9a94052e8fc96ff0894c89cfe99eca898e1e0da5ed697c7fabac99e4fb22799b,76518cc8387a1f632b388e2e37f906879dcd73f32c6bc6a13443f15449e896bb,raw_order_four_class,2,stratified_baseline,"[1,2,3,4]",311,two_level_reversal_rate,0.0932475884244373
phase3a_v3_20260907T141213Z_f6e6a0a,9a94052e8fc96ff0894c89cfe99eca898e1e0da5ed697c7fabac99e4fb22799b,76518cc8387a1f632b388e2e37f906879dcd73f32c6bc6a13443f15449e896bb,raw_order_four_class,2,xgboost_raw,"[1,2,3,4]",311,accuracy,0.797427652733119
phase3a_v3_20260907T141213Z_f6e6a0a,9a94052e8fc96ff0894c89cfe99eca898e1e0da5ed697c7fabac99e4fb22799b,76518cc8387a1f632b388e2e37f906879dcd73f32c6bc6a13443f15449e896bb,raw_order_four_class,2,xgboost_raw,"[1,2,3,4]",311,balanced_accuracy,0.595562442784665
phase3a_v3_20260907T141213Z_f6e6a0a,9a94052e8fc96ff0894c89cfe99eca898e1e0da5ed697c7fabac99e4fb22799b,76518cc8387a1f632b388e2e37f906879dcd73f32c6bc6a13443f15449e896bb,raw_order_four_class,2,xgboost_raw,"[1,2,3,4]",311,ece_confidence,0.11219421087034002
phase3a_v3_20260907T141213Z_f6e6a0a,9a94052e8fc96ff0894c89cfe99eca898e1e0da5ed697c7fabac99e4fb22799b,76518cc8387a1f632b388e2e37f906879dcd73f32c6bc6a13443f15449e896bb,raw_order_four_class,2,xgboost_raw,"[1,2,3,4]",311,macro_f1,0.612067255429392
phase3a_v3_20260907T141213Z_f6e6a0a,9a94052e8fc96ff0894c89cfe99eca898e1e0da5ed697c7fabac99e4fb22799b,76518cc8387a1f632b388e2e37f906879dcd73f32c6bc6a13443f15449e896bb,raw_order_four_class,2,xgboost_raw,"[1,2,3,4]",311,multiclass_brier,0.34422135967374284
phase3a_v3_20260907T141213Z_f6e6a0a,9a94052e8fc96ff0894c89cfe99eca898e1e0da5ed697c7fabac99e4fb22799b,76518cc8387a1f632b388e2e37f906879dcd73f32c6bc6a13443f15449e896bb,raw_order_four_class,2,xgboost_raw,"[1,2,3,4]",311,nll_log_loss,0.6492618792065311
phase3a_v3_20260907T141213Z_f6e6a0a,9a94052e8fc96ff0894c89cfe99eca898e1e0da5ed697c7fabac99e4fb22799b,76518cc8387a1f632b388e2e37f906879dcd73f32c6bc6a13443f15449e896bb,raw_order_four_class,2,xgboost_raw,"[1,2,3,4]",311,ordinal_mae,0.20257234726688103
phase3a_v3_20260907T141213Z_f6e6a0a,9a94052e8fc96ff0894c89cfe99eca898e1e0da5ed697c7fabac99e4fb22799b,76518cc8387a1f632b388e2e37f906879dcd73f32c6bc6a13443f15449e896bb,raw_order_four_class,2,xgboost_raw,"[1,2,3,4]",311,quadratic_weighted_kappa,0.6729648979319324
phase3a_v3_20260907T141213Z_f6e6a0a,9a94052e8fc96ff0894c89cfe99eca898e1e0da5ed697c7fabac99e4fb22799b,76518cc8387a1f632b388e2e37f906879dcd73f32c6bc6a13443f15449e896bb,raw_order_four_class,2,xgboost_raw,"[1,2,3,4]",311,ranked_probability_score,0.0569510922801974
phase3a_v3_20260907T141213Z_f6e6a0a,9a94052e8fc96ff0894c89cfe99eca898e1e0da5ed697c7fabac99e4fb22799b,76518cc8387a1f632b388e2e37f906879dcd73f32c6bc6a13443f15449e896bb,raw_order_four_class,2,xgboost_raw,"[1,2,3,4]",311,two_level_reversal_rate,0.0
phase3a_v3_20260907T141213Z_f6e6a0a,9a94052e8fc96ff0894c89cfe99eca898e1e0da5ed697c7fabac99e4fb22799b,76518cc8387a1f632b388e2e37f906879dcd73f32c6bc6a13443f15449e896bb,raw_order_four_class,2,xgboost_sigmoid,"[1,2,3,4]",311,accuracy,0.8392282958199357
phase3a_v3_20260907T141213Z_f6e6a0a,9a94052e8fc96ff0894c89cfe99eca898e1e0da5ed697c7fabac99e4fb22799b,76518cc8387a1f632b388e2e37f906879dcd73f32c6bc6a13443f15449e896bb,raw_order_four_class,2,xgboost_sigmoid,"[1,2,3,4]",311,balanced_accuracy,0.5427350427350428
phase3a_v3_20260907T141213Z_f6e6a0a,9a94052e8fc96ff0894c89cfe99eca898e1e0da5ed697c7fabac99e4fb22799b,76518cc8387a1f632b388e2e37f906879dcd73f32c6bc6a13443f15449e896bb,raw_order_four_class,2,xgboost_sigmoid,"[1,2,3,4]",311,ece_confidence,0.03352892906439545
phase3a_v3_20260907T141213Z_f6e6a0a,9a94052e8fc96ff0894c89cfe99eca898e1e0da5ed697c7fabac99e4fb22799b,76518cc8387a1f632b388e2e37f906879dcd73f32c6bc6a13443f15449e896bb,raw_order_four_class,2,xgboost_sigmoid,"[1,2,3,4]",311,macro_f1,0.5551068339348112
phase3a_v3_20260907T141213Z_f6e6a0a,9a94052e8fc96ff0894c89cfe99eca898e1e0da5ed697c7fabac99e4fb22799b,76518cc8387a1f632b388e2e37f906879dcd73f32c6bc6a13443f15449e896bb,raw_order_four_class,2,xgboost_sigmoid,"[1,2,3,4]",311,multiclass_brier,0.27620663011895774
phase3a_v3_20260907T141213Z_f6e6a0a,9a94052e8fc96ff0894c89cfe99eca898e1e0da5ed697c7fabac99e4fb22799b,76518cc8387a1f632b388e2e37f906879dcd73f32c6bc6a13443f15449e896bb,raw_order_four_class,2,xgboost_sigmoid,"[1,2,3,4]",311,nll_log_loss,0.517578727694121
phase3a_v3_20260907T141213Z_f6e6a0a,9a94052e8fc96ff0894c89cfe99eca898e1e0da5ed697c7fabac99e4fb22799b,76518cc8387a1f632b388e2e37f906879dcd73f32c6bc6a13443f15449e896bb,raw_order_four_class,2,xgboost_sigmoid,"[1,2,3,4]",311,ordinal_mae,0.1607717041800643
phase3a_v3_20260907T141213Z_f6e6a0a,9a94052e8fc96ff0894c89cfe99eca898e1e0da5ed697c7fabac99e4fb22799b,76518cc8387a1f632b388e2e37f906879dcd73f32c6bc6a13443f15449e896bb,raw_order_four_class,2,xgboost_sigmoid,"[1,2,3,4]",311,quadratic_weighted_kappa,0.6883267858574522
phase3a_v3_20260907T141213Z_f6e6a0a,9a94052e8fc96ff0894c89cfe99eca898e1e0da5ed697c7fabac99e4fb22799b,76518cc8387a1f632b388e2e37f906879dcd73f32c6bc6a13443f15449e896bb,raw_order_four_class,2,xgboost_sigmoid,"[1,2,3,4]",311,ranked_probability_score,0.04842339187115716
phase3a_v3_20260907T141213Z_f6e6a0a,9a94052e8fc96ff0894c89cfe99eca898e1e0da5ed697c7fabac99e4fb22799b,76518cc8387a1f632b388e2e37f906879dcd73f32c6bc6a13443f15449e896bb,raw_order_four_class,2,xgboost_sigmoid,"[1,2,3,4]",311,two_level_reversal_rate,0.0
phase3a_v3_20260907T141213Z_f6e6a0a,9a94052e8fc96ff0894c89cfe99eca898e1e0da5ed697c7fabac99e4fb22799b,76518cc8387a1f632b388e2e37f906879dcd73f32c6bc6a13443f15449e896bb,raw_order_four_class,3,majority_baseline,"[1,2,3,4]",311,accuracy,0.7813504823151125
phase3a_v3_20260907T141213Z_f6e6a0a,9a94052e8fc96ff0894c89cfe99eca898e1e0da5ed697c7fabac99e4fb22799b,76518cc8387a1f632b388e2e37f906879dcd73f32c6bc6a13443f15449e896bb,raw_order_four_class,3,majority_baseline,"[1,2,3,4]",311,balanced_accuracy,0.25
phase3a_v3_20260907T141213Z_f6e6a0a,9a94052e8fc96ff0894c89cfe99eca898e1e0da5ed697c7fabac99e4fb22799b,76518cc8387a1f632b388e2e37f906879dcd73f32c6bc6a13443f15449e896bb,raw_order_four_class,3,majority_baseline,"[1,2,3,4]",311,ece_confidence,0.2186495176848875
phase3a_v3_20260907T141213Z_f6e6a0a,9a94052e8fc96ff0894c89cfe99eca898e1e0da5ed697c7fabac99e4fb22799b,76518cc8387a1f632b388e2e37f906879dcd73f32c6bc6a13443f15449e896bb,raw_order_four_class,3,majority_baseline,"[1,2,3,4]",311,macro_f1,0.21931407942238268
phase3a_v3_20260907T141213Z_f6e6a0a,9a94052e8fc96ff0894c89cfe99eca898e1e0da5ed697c7fabac99e4fb22799b,76518cc8387a1f632b388e2e37f906879dcd73f32c6bc6a13443f15449e896bb,raw_order_four_class,3,majority_baseline,"[1,2,3,4]",311,multiclass_brier,0.43729903536977494
phase3a_v3_20260907T141213Z_f6e6a0a,9a94052e8fc96ff0894c89cfe99eca898e1e0da5ed697c7fabac99e4fb22799b,76518cc8387a1f632b388e2e37f906879dcd73f32c6bc6a13443f15449e896bb,raw_order_four_class,3,majority_baseline,"[1,2,3,4]",311,nll_log_loss,7.880927429131723
phase3a_v3_20260907T141213Z_f6e6a0a,9a94052e8fc96ff0894c89cfe99eca898e1e0da5ed697c7fabac99e4fb22799b,76518cc8387a1f632b388e2e37f906879dcd73f32c6bc6a13443f15449e896bb,raw_order_four_class,3,majority_baseline,"[1,2,3,4]",311,ordinal_mae,0.2604501607717042
phase3a_v3_20260907T141213Z_f6e6a0a,9a94052e8fc96ff0894c89cfe99eca898e1e0da5ed697c7fabac99e4fb22799b,76518cc8387a1f632b388e2e37f906879dcd73f32c6bc6a13443f15449e896bb,raw_order_four_class,3,majority_baseline,"[1,2,3,4]",311,quadratic_weighted_kappa,0.0
phase3a_v3_20260907T141213Z_f6e6a0a,9a94052e8fc96ff0894c89cfe99eca898e1e0da5ed697c7fabac99e4fb22799b,76518cc8387a1f632b388e2e37f906879dcd73f32c6bc6a13443f15449e896bb,raw_order_four_class,3,majority_baseline,"[1,2,3,4]",311,ranked_probability_score,0.08681672025723473
phase3a_v3_20260907T141213Z_f6e6a0a,9a94052e8fc96ff0894c89cfe99eca898e1e0da5ed697c7fabac99e4fb22799b,76518cc8387a1f632b388e2e37f906879dcd73f32c6bc6a13443f15449e896bb,raw_order_four_class,3,majority_baseline,"[1,2,3,4]",311,two_level_reversal_rate,0.04180064308681672
phase3a_v3_20260907T141213Z_f6e6a0a,9a94052e8fc96ff0894c89cfe99eca898e1e0da5ed697c7fabac99e4fb22799b,76518cc8387a1f632b388e2e37f906879dcd73f32c6bc6a13443f15449e896bb,raw_order_four_class,3,ordinal_median_baseline,"[1,2,3,4]",311,accuracy,0.7813504823151125
phase3a_v3_20260907T141213Z_f6e6a0a,9a94052e8fc96ff0894c89cfe99eca898e1e0da5ed697c7fabac99e4fb22799b,76518cc8387a1f632b388e2e37f906879dcd73f32c6bc6a13443f15449e896bb,raw_order_four_class,3,ordinal_median_baseline,"[1,2,3,4]",311,balanced_accuracy,0.25
phase3a_v3_20260907T141213Z_f6e6a0a,9a94052e8fc96ff0894c89cfe99eca898e1e0da5ed697c7fabac99e4fb22799b,76518cc8387a1f632b388e2e37f906879dcd73f32c6bc6a13443f15449e896bb,raw_order_four_class,3,ordinal_median_baseline,"[1,2,3,4]",311,ece_confidence,0.2186495176848875
phase3a_v3_20260907T141213Z_f6e6a0a,9a94052e8fc96ff0894c89cfe99eca898e1e0da5ed697c7fabac99e4fb22799b,76518cc8387a1f632b388e2e37f906879dcd73f32c6bc6a13443f15449e896bb,raw_order_four_class,3,ordinal_median_baseline,"[1,2,3,4]",311,macro_f1,0.21931407942238268
phase3a_v3_20260907T141213Z_f6e6a0a,9a94052e8fc96ff0894c89cfe99eca898e1e0da5ed697c7fabac99e4fb22799b,76518cc8387a1f632b388e2e37f906879dcd73f32c6bc6a13443f15449e896bb,raw_order_four_class,3,ordinal_median_baseline,"[1,2,3,4]",311,multiclass_brier,0.43729903536977494
phase3a_v3_20260907T141213Z_f6e6a0a,9a94052e8fc96ff0894c89cfe99eca898e1e0da5ed697c7fabac99e4fb22799b,76518cc8387a1f632b388e2e37f906879dcd73f32c6bc6a13443f15449e896bb,raw_order_four_class,3,ordinal_median_baseline,"[1,2,3,4]",311,nll_log_loss,7.880927429131723
phase3a_v3_20260907T141213Z_f6e6a0a,9a94052e8fc96ff0894c89cfe99eca898e1e0da5ed697c7fabac99e4fb22799b,76518cc8387a1f632b388e2e37f906879dcd73f32c6bc6a13443f15449e896bb,raw_order_four_class,3,ordinal_median_baseline,"[1,2,3,4]",311,ordinal_mae,0.2604501607717042
phase3a_v3_20260907T141213Z_f6e6a0a,9a94052e8fc96ff0894c89cfe99eca898e1e0da5ed697c7fabac99e4fb22799b,76518cc8387a1f632b388e2e37f906879dcd73f32c6bc6a13443f15449e896bb,raw_order_four_class,3,ordinal_median_baseline,"[1,2,3,4]",311,quadratic_weighted_kappa,0.0
phase3a_v3_20260907T141213Z_f6e6a0a,9a94052e8fc96ff0894c89cfe99eca898e1e0da5ed697c7fabac99e4fb22799b,76518cc8387a1f632b388e2e37f906879dcd73f32c6bc6a13443f15449e896bb,raw_order_four_class,3,ordinal_median_baseline,"[1,2,3,4]",311,ranked_probability_score,0.08681672025723473
phase3a_v3_20260907T141213Z_f6e6a0a,9a94052e8fc96ff0894c89cfe99eca898e1e0da5ed697c7fabac99e4fb22799b,76518cc8387a1f632b388e2e37f906879dcd73f32c6bc6a13443f15449e896bb,raw_order_four_class,3,ordinal_median_baseline,"[1,2,3,4]",311,two_level_reversal_rate,0.04180064308681672
phase3a_v3_20260907T141213Z_f6e6a0a,9a94052e8fc96ff0894c89cfe99eca898e1e0da5ed697c7fabac99e4fb22799b,76518cc8387a1f632b388e2e37f906879dcd73f32c6bc6a13443f15449e896bb,raw_order_four_class,3,stratified_baseline,"[1,2,3,4]",311,accuracy,0.6334405144694534
phase3a_v3_20260907T141213Z_f6e6a0a,9a94052e8fc96ff0894c89cfe99eca898e1e0da5ed697c7fabac99e4fb22799b,76518cc8387a1f632b388e2e37f906879dcd73f32c6bc6a13443f15449e896bb,raw_order_four_class,3,stratified_baseline,"[1,2,3,4]",311,balanced_accuracy,0.22558669780892004
phase3a_v3_20260907T141213Z_f6e6a0a,9a94052e8fc96ff0894c89cfe99eca898e1e0da5ed697c7fabac99e4fb22799b,76518cc8387a1f632b388e2e37f906879dcd73f32c6bc6a13443f15449e896bb,raw_order_four_class,3,stratified_baseline,"[1,2,3,4]",311,ece_confidence,0.3665594855305466
phase3a_v3_20260907T141213Z_f6e6a0a,9a94052e8fc96ff0894c89cfe99eca898e1e0da5ed697c7fabac99e4fb22799b,76518cc8387a1f632b388e2e37f906879dcd73f32c6bc6a13443f15449e896bb,raw_order_four_class,3,stratified_baseline,"[1,2,3,4]",311,macro_f1,0.22473877356640615
phase3a_v3_20260907T141213Z_f6e6a0a,9a94052e8fc96ff0894c89cfe99eca898e1e0da5ed697c7fabac99e4fb22799b,76518cc8387a1f632b388e2e37f906879dcd73f32c6bc6a13443f15449e896bb,raw_order_four_class,3,stratified_baseline,"[1,2,3,4]",311,multiclass_brier,0.7331189710610932
phase3a_v3_20260907T141213Z_f6e6a0a,9a94052e8fc96ff0894c89cfe99eca898e1e0da5ed697c7fabac99e4fb22799b,76518cc8387a1f632b388e2e37f906879dcd73f32c6bc6a13443f15449e896bb,raw_order_four_class,3,stratified_baseline,"[1,2,3,4]",311,nll_log_loss,13.212143042956127
phase3a_v3_20260907T141213Z_f6e6a0a,9a94052e8fc96ff0894c89cfe99eca898e1e0da5ed697c7fabac99e4fb22799b,76518cc8387a1f632b388e2e37f906879dcd73f32c6bc6a13443f15449e896bb,raw_order_four_class,3,stratified_baseline,"[1,2,3,4]",311,ordinal_mae,0.4790996784565916
phase3a_v3_20260907T141213Z_f6e6a0a,9a94052e8fc96ff0894c89cfe99eca898e1e0da5ed697c7fabac99e4fb22799b,76518cc8387a1f632b388e2e37f906879dcd73f32c6bc6a13443f15449e896bb,raw_order_four_class,3,stratified_baseline,"[1,2,3,4]",311,quadratic_weighted_kappa,-0.08669911652959383
phase3a_v3_20260907T141213Z_f6e6a0a,9a94052e8fc96ff0894c89cfe99eca898e1e0da5ed697c7fabac99e4fb22799b,76518cc8387a1f632b388e2e37f906879dcd73f32c6bc6a13443f15449e896bb,raw_order_four_class,3,stratified_baseline,"[1,2,3,4]",311,ranked_probability_score,0.15969989281886388
phase3a_v3_20260907T141213Z_f6e6a0a,9a94052e8fc96ff0894c89cfe99eca898e1e0da5ed697c7fabac99e4fb22799b,76518cc8387a1f632b388e2e37f906879dcd73f32c6bc6a13443f15449e896bb,raw_order_four_class,3,stratified_baseline,"[1,2,3,4]",311,two_level_reversal_rate,0.09646302250803858
phase3a_v3_20260907T141213Z_f6e6a0a,9a94052e8fc96ff0894c89cfe99eca898e1e0da5ed697c7fabac99e4fb22799b,76518cc8387a1f632b388e2e37f906879dcd73f32c6bc6a13443f15449e896bb,raw_order_four_class,3,xgboost_raw,"[1,2,3,4]",311,accuracy,0.7459807073954984
phase3a_v3_20260907T141213Z_f6e6a0a,9a94052e8fc96ff0894c89cfe99eca898e1e0da5ed697c7fabac99e4fb22799b,76518cc8387a1f632b388e2e37f906879dcd73f32c6bc6a13443f15449e896bb,raw_order_four_class,3,xgboost_raw,"[1,2,3,4]",311,balanced_accuracy,0.5251276917943584
phase3a_v3_20260907T141213Z_f6e6a0a,9a94052e8fc96ff0894c89cfe99eca898e1e0da5ed697c7fabac99e4fb22799b,76518cc8387a1f632b388e2e37f906879dcd73f32c6bc6a13443f15449e896bb,raw_order_four_class,3,xgboost_raw,"[1,2,3,4]",311,ece_confidence,0.10991677580858392
phase3a_v3_20260907T141213Z_f6e6a0a,9a94052e8fc96ff0894c89cfe99eca898e1e0da5ed697c7fabac99e4fb22799b,76518cc8387a1f632b388e2e37f906879dcd73f32c6bc6a13443f15449e896bb,raw_order_four_class,3,xgboost_raw,"[1,2,3,4]",311,macro_f1,0.5388524026827575
phase3a_v3_20260907T141213Z_f6e6a0a,9a94052e8fc96ff0894c89cfe99eca898e1e0da5ed697c7fabac99e4fb22799b,76518cc8387a1f632b388e2e37f906879dcd73f32c6bc6a13443f15449e896bb,raw_order_four_class,3,xgboost_raw,"[1,2,3,4]",311,multiclass_brier,0.3756270006594836
phase3a_v3_20260907T141213Z_f6e6a0a,9a94052e8fc96ff0894c89cfe99eca898e1e0da5ed697c7fabac99e4fb22799b,76518cc8387a1f632b388e2e37f906879dcd73f32c6bc6a13443f15449e896bb,raw_order_four_class,3,xgboost_raw,"[1,2,3,4]",311,nll_log_loss,0.723113659651115
phase3a_v3_20260907T141213Z_f6e6a0a,9a94052e8fc96ff0894c89cfe99eca898e1e0da5ed697c7fabac99e4fb22799b,76518cc8387a1f632b388e2e37f906879dcd73f32c6bc6a13443f15449e896bb,raw_order_four_class,3,xgboost_raw,"[1,2,3,4]",311,ordinal_mae,0.2572347266881029
phase3a_v3_20260907T141213Z_f6e6a0a,9a94052e8fc96ff0894c89cfe99eca898e1e0da5ed697c7fabac99e4fb22799b,76518cc8387a1f632b388e2e37f906879dcd73f32c6bc6a13443f15449e896bb,raw_order_four_class,3,xgboost_raw,"[1,2,3,4]",311,quadratic_weighted_kappa,0.5939689211565407
phase3a_v3_20260907T141213Z_f6e6a0a,9a94052e8fc96ff0894c89cfe99eca898e1e0da5ed697c7fabac99e4fb22799b,76518cc8387a1f632b388e2e37f906879dcd73f32c6bc6a13443f15449e896bb,raw_order_four_class,3,xgboost_raw,"[1,2,3,4]",311,ranked_probability_score,0.06293748753129888
phase3a_v3_20260907T141213Z_f6e6a0a,9a94052e8fc96ff0894c89cfe99eca898e1e0da5ed697c7fabac99e4fb22799b,76518cc8387a1f632b388e2e37f906879dcd73f32c6bc6a13443f15449e896bb,raw_order_four_class,3,xgboost_raw,"[1,2,3,4]",311,two_level_reversal_rate,0.003215434083601286
phase3a_v3_20260907T141213Z_f6e6a0a,9a94052e8fc96ff0894c89cfe99eca898e1e0da5ed697c7fabac99e4fb22799b,76518cc8387a1f632b388e2e37f906879dcd73f32c6bc6a13443f15449e896bb,raw_order_four_class,3,xgboost_sigmoid,"[1,2,3,4]",311,accuracy,0.8327974276527331
phase3a_v3_20260907T141213Z_f6e6a0a,9a94052e8fc96ff0894c89cfe99eca898e1e0da5ed697c7fabac99e4fb22799b,76518cc8387a1f632b388e2e37f906879dcd73f32c6bc6a13443f15449e896bb,raw_order_four_class,3,xgboost_sigmoid,"[1,2,3,4]",311,balanced_accuracy,0.510001454445899
phase3a_v3_20260907T141213Z_f6e6a0a,9a94052e8fc96ff0894c89cfe99eca898e1e0da5ed697c7fabac99e4fb22799b,76518cc8387a1f632b388e2e37f906879dcd73f32c6bc6a13443f15449e896bb,raw_order_four_class,3,xgboost_sigmoid,"[1,2,3,4]",311,ece_confidence,0.05210611351173286
phase3a_v3_20260907T141213Z_f6e6a0a,9a94052e8fc96ff0894c89cfe99eca898e1e0da5ed697c7fabac99e4fb22799b,76518cc8387a1f632b388e2e37f906879dcd73f32c6bc6a13443f15449e896bb,raw_order_four_class,3,xgboost_sigmoid,"[1,2,3,4]",311,macro_f1,0.5203521417723084
phase3a_v3_20260907T141213Z_f6e6a0a,9a94052e8fc96ff0894c89cfe99eca898e1e0da5ed697c7fabac99e4fb22799b,76518cc8387a1f632b388e2e37f906879dcd73f32c6bc6a13443f15449e896bb,raw_order_four_class,3,xgboost_sigmoid,"[1,2,3,4]",311,multiclass_brier,0.29073706036167457
phase3a_v3_20260907T141213Z_f6e6a0a,9a94052e8fc96ff0894c89cfe99eca898e1e0da5ed697c7fabac99e4fb22799b,76518cc8387a1f632b388e2e37f906879dcd73f32c6bc6a13443f15449e896bb,raw_order_four_class,3,xgboost_sigmoid,"[1,2,3,4]",311,nll_log_loss,0.5513677296396149
phase3a_v3_20260907T141213Z_f6e6a0a,9a94052e8fc96ff0894c89cfe99eca898e1e0da5ed697c7fabac99e4fb22799b,76518cc8387a1f632b388e2e37f906879dcd73f32c6bc6a13443f15449e896bb,raw_order_four_class,3,xgboost_sigmoid,"[1,2,3,4]",311,ordinal_mae,0.17041800643086816
phase3a_v3_20260907T141213Z_f6e6a0a,9a94052e8fc96ff0894c89cfe99eca898e1e0da5ed697c7fabac99e4fb22799b,76518cc8387a1f632b388e2e37f906879dcd73f32c6bc6a13443f15449e896bb,raw_order_four_class,3,xgboost_sigmoid,"[1,2,3,4]",311,quadratic_weighted_kappa,0.6635457031019492
phase3a_v3_20260907T141213Z_f6e6a0a,9a94052e8fc96ff0894c89cfe99eca898e1e0da5ed697c7fabac99e4fb22799b,76518cc8387a1f632b388e2e37f906879dcd73f32c6bc6a13443f15449e896bb,raw_order_four_class,3,xgboost_sigmoid,"[1,2,3,4]",311,ranked_probability_score,0.050654522155236054
phase3a_v3_20260907T141213Z_f6e6a0a,9a94052e8fc96ff0894c89cfe99eca898e1e0da5ed697c7fabac99e4fb22799b,76518cc8387a1f632b388e2e37f906879dcd73f32c6bc6a13443f15449e896bb,raw_order_four_class,3,xgboost_sigmoid,"[1,2,3,4]",311,two_level_reversal_rate,0.003215434083601286
phase3a_v3_20260907T141213Z_f6e6a0a,9a94052e8fc96ff0894c89cfe99eca898e1e0da5ed697c7fabac99e4fb22799b,76518cc8387a1f632b388e2e37f906879dcd73f32c6bc6a13443f15449e896bb,raw_order_four_class,4,majority_baseline,"[1,2,3,4]",311,accuracy,0.7813504823151125
phase3a_v3_20260907T141213Z_f6e6a0a,9a94052e8fc96ff0894c89cfe99eca898e1e0da5ed697c7fabac99e4fb22799b,76518cc8387a1f632b388e2e37f906879dcd73f32c6bc6a13443f15449e896bb,raw_order_four_class,4,majority_baseline,"[1,2,3,4]",311,balanced_accuracy,0.25
phase3a_v3_20260907T141213Z_f6e6a0a,9a94052e8fc96ff0894c89cfe99eca898e1e0da5ed697c7fabac99e4fb22799b,76518cc8387a1f632b388e2e37f906879dcd73f32c6bc6a13443f15449e896bb,raw_order_four_class,4,majority_baseline,"[1,2,3,4]",311,ece_confidence,0.2186495176848875
phase3a_v3_20260907T141213Z_f6e6a0a,9a94052e8fc96ff0894c89cfe99eca898e1e0da5ed697c7fabac99e4fb22799b,76518cc8387a1f632b388e2e37f906879dcd73f32c6bc6a13443f15449e896bb,raw_order_four_class,4,majority_baseline,"[1,2,3,4]",311,macro_f1,0.21931407942238268
phase3a_v3_20260907T141213Z_f6e6a0a,9a94052e8fc96ff0894c89cfe99eca898e1e0da5ed697c7fabac99e4fb22799b,76518cc8387a1f632b388e2e37f906879dcd73f32c6bc6a13443f15449e896bb,raw_order_four_class,4,majority_baseline,"[1,2,3,4]",311,multiclass_brier,0.43729903536977494
phase3a_v3_20260907T141213Z_f6e6a0a,9a94052e8fc96ff0894c89cfe99eca898e1e0da5ed697c7fabac99e4fb22799b,76518cc8387a1f632b388e2e37f906879dcd73f32c6bc6a13443f15449e896bb,raw_order_four_class,4,majority_baseline,"[1,2,3,4]",311,nll_log_loss,7.880927429131723
phase3a_v3_20260907T141213Z_f6e6a0a,9a94052e8fc96ff0894c89cfe99eca898e1e0da5ed697c7fabac99e4fb22799b,76518cc8387a1f632b388e2e37f906879dcd73f32c6bc6a13443f15449e896bb,raw_order_four_class,4,majority_baseline,"[1,2,3,4]",311,ordinal_mae,0.2604501607717042
phase3a_v3_20260907T141213Z_f6e6a0a,9a94052e8fc96ff0894c89cfe99eca898e1e0da5ed697c7fabac99e4fb22799b,76518cc8387a1f632b388e2e37f906879dcd73f32c6bc6a13443f15449e896bb,raw_order_four_class,4,majority_baseline,"[1,2,3,4]",311,quadratic_weighted_kappa,0.0
phase3a_v3_20260907T141213Z_f6e6a0a,9a94052e8fc96ff0894c89cfe99eca898e1e0da5ed697c7fabac99e4fb22799b,76518cc8387a1f632b388e2e37f906879dcd73f32c6bc6a13443f15449e896bb,raw_order_four_class,4,majority_baseline,"[1,2,3,4]",311,ranked_probability_score,0.08681672025723473
phase3a_v3_20260907T141213Z_f6e6a0a,9a94052e8fc96ff0894c89cfe99eca898e1e0da5ed697c7fabac99e4fb22799b,76518cc8387a1f632b388e2e37f906879dcd73f32c6bc6a13443f15449e896bb,raw_order_four_class,4,majority_baseline,"[1,2,3,4]",311,two_level_reversal_rate,0.04180064308681672
phase3a_v3_20260907T141213Z_f6e6a0a,9a94052e8fc96ff0894c89cfe99eca898e1e0da5ed697c7fabac99e4fb22799b,76518cc8387a1f632b388e2e37f906879dcd73f32c6bc6a13443f15449e896bb,raw_order_four_class,4,ordinal_median_baseline,"[1,2,3,4]",311,accuracy,0.7813504823151125
phase3a_v3_20260907T141213Z_f6e6a0a,9a94052e8fc96ff0894c89cfe99eca898e1e0da5ed697c7fabac99e4fb22799b,76518cc8387a1f632b388e2e37f906879dcd73f32c6bc6a13443f15449e896bb,raw_order_four_class,4,ordinal_median_baseline,"[1,2,3,4]",311,balanced_accuracy,0.25
phase3a_v3_20260907T141213Z_f6e6a0a,9a94052e8fc96ff0894c89cfe99eca898e1e0da5ed697c7fabac99e4fb22799b,76518cc8387a1f632b388e2e37f906879dcd73f32c6bc6a13443f15449e896bb,raw_order_four_class,4,ordinal_median_baseline,"[1,2,3,4]",311,ece_confidence,0.2186495176848875
phase3a_v3_20260907T141213Z_f6e6a0a,9a94052e8fc96ff0894c89cfe99eca898e1e0da5ed697c7fabac99e4fb22799b,76518cc8387a1f632b388e2e37f906879dcd73f32c6bc6a13443f15449e896bb,raw_order_four_class,4,ordinal_median_baseline,"[1,2,3,4]",311,macro_f1,0.21931407942238268
phase3a_v3_20260907T141213Z_f6e6a0a,9a94052e8fc96ff0894c89cfe99eca898e1e0da5ed697c7fabac99e4fb22799b,76518cc8387a1f632b388e2e37f906879dcd73f32c6bc6a13443f15449e896bb,raw_order_four_class,4,ordinal_median_baseline,"[1,2,3,4]",311,multiclass_brier,0.43729903536977494
phase3a_v3_20260907T141213Z_f6e6a0a,9a94052e8fc96ff0894c89cfe99eca898e1e0da5ed697c7fabac99e4fb22799b,76518cc8387a1f632b388e2e37f906879dcd73f32c6bc6a13443f15449e896bb,raw_order_four_class,4,ordinal_median_baseline,"[1,2,3,4]",311,nll_log_loss,7.880927429131723
phase3a_v3_20260907T141213Z_f6e6a0a,9a94052e8fc96ff0894c89cfe99eca898e1e0da5ed697c7fabac99e4fb22799b,76518cc8387a1f632b388e2e37f906879dcd73f32c6bc6a13443f15449e896bb,raw_order_four_class,4,ordinal_median_baseline,"[1,2,3,4]",311,ordinal_mae,0.2604501607717042
phase3a_v3_20260907T141213Z_f6e6a0a,9a94052e8fc96ff0894c89cfe99eca898e1e0da5ed697c7fabac99e4fb22799b,76518cc8387a1f632b388e2e37f906879dcd73f32c6bc6a13443f15449e896bb,raw_order_four_class,4,ordinal_median_baseline,"[1,2,3,4]",311,quadratic_weighted_kappa,0.0
phase3a_v3_20260907T141213Z_f6e6a0a,9a94052e8fc96ff0894c89cfe99eca898e1e0da5ed697c7fabac99e4fb22799b,76518cc8387a1f632b388e2e37f906879dcd73f32c6bc6a13443f15449e896bb,raw_order_four_class,4,ordinal_median_baseline,"[1,2,3,4]",311,ranked_probability_score,0.08681672025723473
phase3a_v3_20260907T141213Z_f6e6a0a,9a94052e8fc96ff0894c89cfe99eca898e1e0da5ed697c7fabac99e4fb22799b,76518cc8387a1f632b388e2e37f906879dcd73f32c6bc6a13443f15449e896bb,raw_order_four_class,4,ordinal_median_baseline,"[1,2,3,4]",311,two_level_reversal_rate,0.04180064308681672
phase3a_v3_20260907T141213Z_f6e6a0a,9a94052e8fc96ff0894c89cfe99eca898e1e0da5ed697c7fabac99e4fb22799b,76518cc8387a1f632b388e2e37f906879dcd73f32c6bc6a13443f15449e896bb,raw_order_four_class,4,stratified_baseline,"[1,2,3,4]",311,accuracy,0.6237942122186495
phase3a_v3_20260907T141213Z_f6e6a0a,9a94052e8fc96ff0894c89cfe99eca898e1e0da5ed697c7fabac99e4fb22799b,76518cc8387a1f632b388e2e37f906879dcd73f32c6bc6a13443f15449e896bb,raw_order_four_class,4,stratified_baseline,"[1,2,3,4]",311,balanced_accuracy,0.25215814104702994
phase3a_v3_20260907T141213Z_f6e6a0a,9a94052e8fc96ff0894c89cfe99eca898e1e0da5ed697c7fabac99e4fb22799b,76518cc8387a1f632b388e2e37f906879dcd73f32c6bc6a13443f15449e896bb,raw_order_four_class,4,stratified_baseline,"[1,2,3,4]",311,ece_confidence,0.3762057877813505
phase3a_v3_20260907T141213Z_f6e6a0a,9a94052e8fc96ff0894c89cfe99eca898e1e0da5ed697c7fabac99e4fb22799b,76518cc8387a1f632b388e2e37f906879dcd73f32c6bc6a13443f15449e896bb,raw_order_four_class,4,stratified_baseline,"[1,2,3,4]",311,macro_f1,0.25060780175109443
phase3a_v3_20260907T141213Z_f6e6a0a,9a94052e8fc96ff0894c89cfe99eca898e1e0da5ed697c7fabac99e4fb22799b,76518cc8387a1f632b388e2e37f906879dcd73f32c6bc6a13443f15449e896bb,raw_order_four_class,4,stratified_baseline,"[1,2,3,4]",311,multiclass_brier,0.752411575562701
phase3a_v3_20260907T141213Z_f6e6a0a,9a94052e8fc96ff0894c89cfe99eca898e1e0da5ed697c7fabac99e4fb22799b,76518cc8387a1f632b388e2e37f906879dcd73f32c6bc6a13443f15449e896bb,raw_order_four_class,4,stratified_baseline,"[1,2,3,4]",311,nll_log_loss,13.559831017770763
phase3a_v3_20260907T141213Z_f6e6a0a,9a94052e8fc96ff0894c89cfe99eca898e1e0da5ed697c7fabac99e4fb22799b,76518cc8387a1f632b388e2e37f906879dcd73f32c6bc6a13443f15449e896bb,raw_order_four_class,4,stratified_baseline,"[1,2,3,4]",311,ordinal_mae,0.4887459807073955
phase3a_v3_20260907T141213Z_f6e6a0a,9a94052e8fc96ff0894c89cfe99eca898e1e0da5ed697c7fabac99e4fb22799b,76518cc8387a1f632b388e2e37f906879dcd73f32c6bc6a13443f15449e896bb,raw_order_four_class,4,stratified_baseline,"[1,2,3,4]",311,quadratic_weighted_kappa,-0.03572784902573689
phase3a_v3_20260907T141213Z_f6e6a0a,9a94052e8fc96ff0894c89cfe99eca898e1e0da5ed697c7fabac99e4fb22799b,76518cc8387a1f632b388e2e37f906879dcd73f32c6bc6a13443f15449e896bb,raw_order_four_class,4,stratified_baseline,"[1,2,3,4]",311,ranked_probability_score,0.16291532690246513
phase3a_v3_20260907T141213Z_f6e6a0a,9a94052e8fc96ff0894c89cfe99eca898e1e0da5ed697c7fabac99e4fb22799b,76518cc8387a1f632b388e2e37f906879dcd73f32c6bc6a13443f15449e896bb,raw_order_four_class,4,stratified_baseline,"[1,2,3,4]",311,two_level_reversal_rate,0.10289389067524116
phase3a_v3_20260907T141213Z_f6e6a0a,9a94052e8fc96ff0894c89cfe99eca898e1e0da5ed697c7fabac99e4fb22799b,76518cc8387a1f632b388e2e37f906879dcd73f32c6bc6a13443f15449e896bb,raw_order_four_class,4,xgboost_raw,"[1,2,3,4]",311,accuracy,0.7459807073954984
phase3a_v3_20260907T141213Z_f6e6a0a,9a94052e8fc96ff0894c89cfe99eca898e1e0da5ed697c7fabac99e4fb22799b,76518cc8387a1f632b388e2e37f906879dcd73f32c6bc6a13443f15449e896bb,raw_order_four_class,4,xgboost_raw,"[1,2,3,4]",311,balanced_accuracy,0.5480394924839369
phase3a_v3_20260907T141213Z_f6e6a0a,9a94052e8fc96ff0894c89cfe99eca898e1e0da5ed697c7fabac99e4fb22799b,76518cc8387a1f632b388e2e37f906879dcd73f32c6bc6a13443f15449e896bb,raw_order_four_class,4,xgboost_raw,"[1,2,3,4]",311,ece_confidence,0.1011616940511672
phase3a_v3_20260907T141213Z_f6e6a0a,9a94052e8fc96ff0894c89cfe99eca898e1e0da5ed697c7fabac99e4fb22799b,76518cc8387a1f632b388e2e37f906879dcd73f32c6bc6a13443f15449e896bb,raw_order_four_class,4,xgboost_raw,"[1,2,3,4]",311,macro_f1,0.5488642697881829
phase3a_v3_20260907T141213Z_f6e6a0a,9a94052e8fc96ff0894c89cfe99eca898e1e0da5ed697c7fabac99e4fb22799b,76518cc8387a1f632b388e2e37f906879dcd73f32c6bc6a13443f15449e896bb,raw_order_four_class,4,xgboost_raw,"[1,2,3,4]",311,multiclass_brier,0.3757763651466377
phase3a_v3_20260907T141213Z_f6e6a0a,9a94052e8fc96ff0894c89cfe99eca898e1e0da5ed697c7fabac99e4fb22799b,76518cc8387a1f632b388e2e37f906879dcd73f32c6bc6a13443f15449e896bb,raw_order_four_class,4,xgboost_raw,"[1,2,3,4]",311,nll_log_loss,0.6630915376964022
phase3a_v3_20260907T141213Z_f6e6a0a,9a94052e8fc96ff0894c89cfe99eca898e1e0da5ed697c7fabac99e4fb22799b,76518cc8387a1f632b388e2e37f906879dcd73f32c6bc6a13443f15449e896bb,raw_order_four_class,4,xgboost_raw,"[1,2,3,4]",311,ordinal_mae,0.2540192926045016
phase3a_v3_20260907T141213Z_f6e6a0a,9a94052e8fc96ff0894c89cfe99eca898e1e0da5ed697c7fabac99e4fb22799b,76518cc8387a1f632b388e2e37f906879dcd73f32c6bc6a13443f15449e896bb,raw_order_four_class,4,xgboost_raw,"[1,2,3,4]",311,quadratic_weighted_kappa,0.6257521058965103
phase3a_v3_20260907T141213Z_f6e6a0a,9a94052e8fc96ff0894c89cfe99eca898e1e0da5ed697c7fabac99e4fb22799b,76518cc8387a1f632b388e2e37f906879dcd73f32c6bc6a13443f15449e896bb,raw_order_four_class,4,xgboost_raw,"[1,2,3,4]",311,ranked_probability_score,0.06270166005362392
phase3a_v3_20260907T141213Z_f6e6a0a,9a94052e8fc96ff0894c89cfe99eca898e1e0da5ed697c7fabac99e4fb22799b,76518cc8387a1f632b388e2e37f906879dcd73f32c6bc6a13443f15449e896bb,raw_order_four_class,4,xgboost_raw,"[1,2,3,4]",311,two_level_reversal_rate,0.0
phase3a_v3_20260907T141213Z_f6e6a0a,9a94052e8fc96ff0894c89cfe99eca898e1e0da5ed697c7fabac99e4fb22799b,76518cc8387a1f632b388e2e37f906879dcd73f32c6bc6a13443f15449e896bb,raw_order_four_class,4,xgboost_sigmoid,"[1,2,3,4]",311,accuracy,0.842443729903537
phase3a_v3_20260907T141213Z_f6e6a0a,9a94052e8fc96ff0894c89cfe99eca898e1e0da5ed697c7fabac99e4fb22799b,76518cc8387a1f632b388e2e37f906879dcd73f32c6bc6a13443f15449e896bb,raw_order_four_class,4,xgboost_sigmoid,"[1,2,3,4]",311,balanced_accuracy,0.545940170940171
phase3a_v3_20260907T141213Z_f6e6a0a,9a94052e8fc96ff0894c89cfe99eca898e1e0da5ed697c7fabac99e4fb22799b,76518cc8387a1f632b388e2e37f906879dcd73f32c6bc6a13443f15449e896bb,raw_order_four_class,4,xgboost_sigmoid,"[1,2,3,4]",311,ece_confidence,0.04367464253375607
phase3a_v3_20260907T141213Z_f6e6a0a,9a94052e8fc96ff0894c89cfe99eca898e1e0da5ed697c7fabac99e4fb22799b,76518cc8387a1f632b388e2e37f906879dcd73f32c6bc6a13443f15449e896bb,raw_order_four_class,4,xgboost_sigmoid,"[1,2,3,4]",311,macro_f1,0.5430279051952056
phase3a_v3_20260907T141213Z_f6e6a0a,9a94052e8fc96ff0894c89cfe99eca898e1e0da5ed697c7fabac99e4fb22799b,76518cc8387a1f632b388e2e37f906879dcd73f32c6bc6a13443f15449e896bb,raw_order_four_class,4,xgboost_sigmoid,"[1,2,3,4]",311,multiclass_brier,0.27960447943936756
phase3a_v3_20260907T141213Z_f6e6a0a,9a94052e8fc96ff0894c89cfe99eca898e1e0da5ed697c7fabac99e4fb22799b,76518cc8387a1f632b388e2e37f906879dcd73f32c6bc6a13443f15449e896bb,raw_order_four_class,4,xgboost_sigmoid,"[1,2,3,4]",311,nll_log_loss,0.5276180788316452
phase3a_v3_20260907T141213Z_f6e6a0a,9a94052e8fc96ff0894c89cfe99eca898e1e0da5ed697c7fabac99e4fb22799b,76518cc8387a1f632b388e2e37f906879dcd73f32c6bc6a13443f15449e896bb,raw_order_four_class,4,xgboost_sigmoid,"[1,2,3,4]",311,ordinal_mae,0.1607717041800643
phase3a_v3_20260907T141213Z_f6e6a0a,9a94052e8fc96ff0894c89cfe99eca898e1e0da5ed697c7fabac99e4fb22799b,76518cc8387a1f632b388e2e37f906879dcd73f32c6bc6a13443f15449e896bb,raw_order_four_class,4,xgboost_sigmoid,"[1,2,3,4]",311,quadratic_weighted_kappa,0.6756778437349591
phase3a_v3_20260907T141213Z_f6e6a0a,9a94052e8fc96ff0894c89cfe99eca898e1e0da5ed697c7fabac99e4fb22799b,76518cc8387a1f632b388e2e37f906879dcd73f32c6bc6a13443f15449e896bb,raw_order_four_class,4,xgboost_sigmoid,"[1,2,3,4]",311,ranked_probability_score,0.04959072990056121
phase3a_v3_20260907T141213Z_f6e6a0a,9a94052e8fc96ff0894c89cfe99eca898e1e0da5ed697c7fabac99e4fb22799b,76518cc8387a1f632b388e2e37f906879dcd73f32c6bc6a13443f15449e896bb,raw_order_four_class,4,xgboost_sigmoid,"[1,2,3,4]",311,two_level_reversal_rate,0.003215434083601286
phase3a_v3_20260907T141213Z_f6e6a0a,9a94052e8fc96ff0894c89cfe99eca898e1e0da5ed697c7fabac99e4fb22799b,76518cc8387a1f632b388e2e37f906879dcd73f32c6bc6a13443f15449e896bb,raw_order_four_class,5,majority_baseline,"[1,2,3,4]",311,accuracy,0.7813504823151125
phase3a_v3_20260907T141213Z_f6e6a0a,9a94052e8fc96ff0894c89cfe99eca898e1e0da5ed697c7fabac99e4fb22799b,76518cc8387a1f632b388e2e37f906879dcd73f32c6bc6a13443f15449e896bb,raw_order_four_class,5,majority_baseline,"[1,2,3,4]",311,balanced_accuracy,0.25
phase3a_v3_20260907T141213Z_f6e6a0a,9a94052e8fc96ff0894c89cfe99eca898e1e0da5ed697c7fabac99e4fb22799b,76518cc8387a1f632b388e2e37f906879dcd73f32c6bc6a13443f15449e896bb,raw_order_four_class,5,majority_baseline,"[1,2,3,4]",311,ece_confidence,0.2186495176848875
phase3a_v3_20260907T141213Z_f6e6a0a,9a94052e8fc96ff0894c89cfe99eca898e1e0da5ed697c7fabac99e4fb22799b,76518cc8387a1f632b388e2e37f906879dcd73f32c6bc6a13443f15449e896bb,raw_order_four_class,5,majority_baseline,"[1,2,3,4]",311,macro_f1,0.21931407942238268
phase3a_v3_20260907T141213Z_f6e6a0a,9a94052e8fc96ff0894c89cfe99eca898e1e0da5ed697c7fabac99e4fb22799b,76518cc8387a1f632b388e2e37f906879dcd73f32c6bc6a13443f15449e896bb,raw_order_four_class,5,majority_baseline,"[1,2,3,4]",311,multiclass_brier,0.43729903536977494
phase3a_v3_20260907T141213Z_f6e6a0a,9a94052e8fc96ff0894c89cfe99eca898e1e0da5ed697c7fabac99e4fb22799b,76518cc8387a1f632b388e2e37f906879dcd73f32c6bc6a13443f15449e896bb,raw_order_four_class,5,majority_baseline,"[1,2,3,4]",311,nll_log_loss,7.880927429131723
phase3a_v3_20260907T141213Z_f6e6a0a,9a94052e8fc96ff0894c89cfe99eca898e1e0da5ed697c7fabac99e4fb22799b,76518cc8387a1f632b388e2e37f906879dcd73f32c6bc6a13443f15449e896bb,raw_order_four_class,5,majority_baseline,"[1,2,3,4]",311,ordinal_mae,0.2604501607717042
phase3a_v3_20260907T141213Z_f6e6a0a,9a94052e8fc96ff0894c89cfe99eca898e1e0da5ed697c7fabac99e4fb22799b,76518cc8387a1f632b388e2e37f906879dcd73f32c6bc6a13443f15449e896bb,raw_order_four_class,5,majority_baseline,"[1,2,3,4]",311,quadratic_weighted_kappa,0.0
phase3a_v3_20260907T141213Z_f6e6a0a,9a94052e8fc96ff0894c89cfe99eca898e1e0da5ed697c7fabac99e4fb22799b,76518cc8387a1f632b388e2e37f906879dcd73f32c6bc6a13443f15449e896bb,raw_order_four_class,5,majority_baseline,"[1,2,3,4]",311,ranked_probability_score,0.08681672025723473
phase3a_v3_20260907T141213Z_f6e6a0a,9a94052e8fc96ff0894c89cfe99eca898e1e0da5ed697c7fabac99e4fb22799b,76518cc8387a1f632b388e2e37f906879dcd73f32c6bc6a13443f15449e896bb,raw_order_four_class,5,majority_baseline,"[1,2,3,4]",311,two_level_reversal_rate,0.04180064308681672
phase3a_v3_20260907T141213Z_f6e6a0a,9a94052e8fc96ff0894c89cfe99eca898e1e0da5ed697c7fabac99e4fb22799b,76518cc8387a1f632b388e2e37f906879dcd73f32c6bc6a13443f15449e896bb,raw_order_four_class,5,ordinal_median_baseline,"[1,2,3,4]",311,accuracy,0.7813504823151125
phase3a_v3_20260907T141213Z_f6e6a0a,9a94052e8fc96ff0894c89cfe99eca898e1e0da5ed697c7fabac99e4fb22799b,76518cc8387a1f632b388e2e37f906879dcd73f32c6bc6a13443f15449e896bb,raw_order_four_class,5,ordinal_median_baseline,"[1,2,3,4]",311,balanced_accuracy,0.25
phase3a_v3_20260907T141213Z_f6e6a0a,9a94052e8fc96ff0894c89cfe99eca898e1e0da5ed697c7fabac99e4fb22799b,76518cc8387a1f632b388e2e37f906879dcd73f32c6bc6a13443f15449e896bb,raw_order_four_class,5,ordinal_median_baseline,"[1,2,3,4]",311,ece_confidence,0.2186495176848875
phase3a_v3_20260907T141213Z_f6e6a0a,9a94052e8fc96ff0894c89cfe99eca898e1e0da5ed697c7fabac99e4fb22799b,76518cc8387a1f632b388e2e37f906879dcd73f32c6bc6a13443f15449e896bb,raw_order_four_class,5,ordinal_median_baseline,"[1,2,3,4]",311,macro_f1,0.21931407942238268
phase3a_v3_20260907T141213Z_f6e6a0a,9a94052e8fc96ff0894c89cfe99eca898e1e0da5ed697c7fabac99e4fb22799b,76518cc8387a1f632b388e2e37f906879dcd73f32c6bc6a13443f15449e896bb,raw_order_four_class,5,ordinal_median_baseline,"[1,2,3,4]",311,multiclass_brier,0.43729903536977494
phase3a_v3_20260907T141213Z_f6e6a0a,9a94052e8fc96ff0894c89cfe99eca898e1e0da5ed697c7fabac99e4fb22799b,76518cc8387a1f632b388e2e37f906879dcd73f32c6bc6a13443f15449e896bb,raw_order_four_class,5,ordinal_median_baseline,"[1,2,3,4]",311,nll_log_loss,7.880927429131723
phase3a_v3_20260907T141213Z_f6e6a0a,9a94052e8fc96ff0894c89cfe99eca898e1e0da5ed697c7fabac99e4fb22799b,76518cc8387a1f632b388e2e37f906879dcd73f32c6bc6a13443f15449e896bb,raw_order_four_class,5,ordinal_median_baseline,"[1,2,3,4]",311,ordinal_mae,0.2604501607717042
phase3a_v3_20260907T141213Z_f6e6a0a,9a94052e8fc96ff0894c89cfe99eca898e1e0da5ed697c7fabac99e4fb22799b,76518cc8387a1f632b388e2e37f906879dcd73f32c6bc6a13443f15449e896bb,raw_order_four_class,5,ordinal_median_baseline,"[1,2,3,4]",311,quadratic_weighted_kappa,0.0
phase3a_v3_20260907T141213Z_f6e6a0a,9a94052e8fc96ff0894c89cfe99eca898e1e0da5ed697c7fabac99e4fb22799b,76518cc8387a1f632b388e2e37f906879dcd73f32c6bc6a13443f15449e896bb,raw_order_four_class,5,ordinal_median_baseline,"[1,2,3,4]",311,ranked_probability_score,0.08681672025723473
phase3a_v3_20260907T141213Z_f6e6a0a,9a94052e8fc96ff0894c89cfe99eca898e1e0da5ed697c7fabac99e4fb22799b,76518cc8387a1f632b388e2e37f906879dcd73f32c6bc6a13443f15449e896bb,raw_order_four_class,5,ordinal_median_baseline,"[1,2,3,4]",311,two_level_reversal_rate,0.04180064308681672
phase3a_v3_20260907T141213Z_f6e6a0a,9a94052e8fc96ff0894c89cfe99eca898e1e0da5ed697c7fabac99e4fb22799b,76518cc8387a1f632b388e2e37f906879dcd73f32c6bc6a13443f15449e896bb,raw_order_four_class,5,stratified_baseline,"[1,2,3,4]",311,accuracy,0.6077170418006431
phase3a_v3_20260907T141213Z_f6e6a0a,9a94052e8fc96ff0894c89cfe99eca898e1e0da5ed697c7fabac99e4fb22799b,76518cc8387a1f632b388e2e37f906879dcd73f32c6bc6a13443f15449e896bb,raw_order_four_class,5,stratified_baseline,"[1,2,3,4]",311,balanced_accuracy,0.24269033991256211
phase3a_v3_20260907T141213Z_f6e6a0a,9a94052e8fc96ff0894c89cfe99eca898e1e0da5ed697c7fabac99e4fb22799b,76518cc8387a1f632b388e2e37f906879dcd73f32c6bc6a13443f15449e896bb,raw_order_four_class,5,stratified_baseline,"[1,2,3,4]",311,ece_confidence,0.3922829581993569
phase3a_v3_20260907T141213Z_f6e6a0a,9a94052e8fc96ff0894c89cfe99eca898e1e0da5ed697c7fabac99e4fb22799b,76518cc8387a1f632b388e2e37f906879dcd73f32c6bc6a13443f15449e896bb,raw_order_four_class,5,stratified_baseline,"[1,2,3,4]",311,macro_f1,0.24487340489145323
phase3a_v3_20260907T141213Z_f6e6a0a,9a94052e8fc96ff0894c89cfe99eca898e1e0da5ed697c7fabac99e4fb22799b,76518cc8387a1f632b388e2e37f906879dcd73f32c6bc6a13443f15449e896bb,raw_order_four_class,5,stratified_baseline,"[1,2,3,4]",311,multiclass_brier,0.7845659163987139
phase3a_v3_20260907T141213Z_f6e6a0a,9a94052e8fc96ff0894c89cfe99eca898e1e0da5ed697c7fabac99e4fb22799b,76518cc8387a1f632b388e2e37f906879dcd73f32c6bc6a13443f15449e896bb,raw_order_four_class,5,stratified_baseline,"[1,2,3,4]",311,nll_log_loss,14.139310975795157
phase3a_v3_20260907T141213Z_f6e6a0a,9a94052e8fc96ff0894c89cfe99eca898e1e0da5ed697c7fabac99e4fb22799b,76518cc8387a1f632b388e2e37f906879dcd73f32c6bc6a13443f15449e896bb,raw_order_four_class,5,stratified_baseline,"[1,2,3,4]",311,ordinal_mae,0.47266881028938906
phase3a_v3_20260907T141213Z_f6e6a0a,9a94052e8fc96ff0894c89cfe99eca898e1e0da5ed697c7fabac99e4fb22799b,76518cc8387a1f632b388e2e37f906879dcd73f32c6bc6a13443f15449e896bb,raw_order_four_class,5,stratified_baseline,"[1,2,3,4]",311,quadratic_weighted_kappa,0.04372749887977245
phase3a_v3_20260907T141213Z_f6e6a0a,9a94052e8fc96ff0894c89cfe99eca898e1e0da5ed697c7fabac99e4fb22799b,76518cc8387a1f632b388e2e37f906879dcd73f32c6bc6a13443f15449e896bb,raw_order_four_class,5,stratified_baseline,"[1,2,3,4]",311,ranked_probability_score,0.15755627009646303
phase3a_v3_20260907T141213Z_f6e6a0a,9a94052e8fc96ff0894c89cfe99eca898e1e0da5ed697c7fabac99e4fb22799b,76518cc8387a1f632b388e2e37f906879dcd73f32c6bc6a13443f15449e896bb,raw_order_four_class,5,stratified_baseline,"[1,2,3,4]",311,two_level_reversal_rate,0.07717041800643087
phase3a_v3_20260907T141213Z_f6e6a0a,9a94052e8fc96ff0894c89cfe99eca898e1e0da5ed697c7fabac99e4fb22799b,76518cc8387a1f632b388e2e37f906879dcd73f32c6bc6a13443f15449e896bb,raw_order_four_class,5,xgboost_raw,"[1,2,3,4]",311,accuracy,0.7620578778135049
phase3a_v3_20260907T141213Z_f6e6a0a,9a94052e8fc96ff0894c89cfe99eca898e1e0da5ed697c7fabac99e4fb22799b,76518cc8387a1f632b388e2e37f906879dcd73f32c6bc6a13443f15449e896bb,raw_order_four_class,5,xgboost_raw,"[1,2,3,4]",311,balanced_accuracy,0.6224397474397475
phase3a_v3_20260907T141213Z_f6e6a0a,9a94052e8fc96ff0894c89cfe99eca898e1e0da5ed697c7fabac99e4fb22799b,76518cc8387a1f632b388e2e37f906879dcd73f32c6bc6a13443f15449e896bb,raw_order_four_class,5,xgboost_raw,"[1,2,3,4]",311,ece_confidence,0.07376384788627109
phase3a_v3_20260907T141213Z_f6e6a0a,9a94052e8fc96ff0894c89cfe99eca898e1e0da5ed697c7fabac99e4fb22799b,76518cc8387a1f632b388e2e37f906879dcd73f32c6bc6a13443f15449e896bb,raw_order_four_class,5,xgboost_raw,"[1,2,3,4]",311,macro_f1,0.6302081797076076
phase3a_v3_20260907T141213Z_f6e6a0a,9a94052e8fc96ff0894c89cfe99eca898e1e0da5ed697c7fabac99e4fb22799b,76518cc8387a1f632b388e2e37f906879dcd73f32c6bc6a13443f15449e896bb,raw_order_four_class,5,xgboost_raw,"[1,2,3,4]",311,multiclass_brier,0.35736050286238114
phase3a_v3_20260907T141213Z_f6e6a0a,9a94052e8fc96ff0894c89cfe99eca898e1e0da5ed697c7fabac99e4fb22799b,76518cc8387a1f632b388e2e37f906879dcd73f32c6bc6a13443f15449e896bb,raw_order_four_class,5,xgboost_raw,"[1,2,3,4]",311,nll_log_loss,0.6262832366547196
phase3a_v3_20260907T141213Z_f6e6a0a,9a94052e8fc96ff0894c89cfe99eca898e1e0da5ed697c7fabac99e4fb22799b,76518cc8387a1f632b388e2e37f906879dcd73f32c6bc6a13443f15449e896bb,raw_order_four_class,5,xgboost_raw,"[1,2,3,4]",311,ordinal_mae,0.2379421221864952
phase3a_v3_20260907T141213Z_f6e6a0a,9a94052e8fc96ff0894c89cfe99eca898e1e0da5ed697c7fabac99e4fb22799b,76518cc8387a1f632b388e2e37f906879dcd73f32c6bc6a13443f15449e896bb,raw_order_four_class,5,xgboost_raw,"[1,2,3,4]",311,quadratic_weighted_kappa,0.6478455135267475
phase3a_v3_20260907T141213Z_f6e6a0a,9a94052e8fc96ff0894c89cfe99eca898e1e0da5ed697c7fabac99e4fb22799b,76518cc8387a1f632b388e2e37f906879dcd73f32c6bc6a13443f15449e896bb,raw_order_four_class,5,xgboost_raw,"[1,2,3,4]",311,ranked_probability_score,0.05918844116542348
phase3a_v3_20260907T141213Z_f6e6a0a,9a94052e8fc96ff0894c89cfe99eca898e1e0da5ed697c7fabac99e4fb22799b,76518cc8387a1f632b388e2e37f906879dcd73f32c6bc6a13443f15449e896bb,raw_order_four_class,5,xgboost_raw,"[1,2,3,4]",311,two_level_reversal_rate,0.0
phase3a_v3_20260907T141213Z_f6e6a0a,9a94052e8fc96ff0894c89cfe99eca898e1e0da5ed697c7fabac99e4fb22799b,76518cc8387a1f632b388e2e37f906879dcd73f32c6bc6a13443f15449e896bb,raw_order_four_class,5,xgboost_sigmoid,"[1,2,3,4]",311,accuracy,0.8488745980707395
phase3a_v3_20260907T141213Z_f6e6a0a,9a94052e8fc96ff0894c89cfe99eca898e1e0da5ed697c7fabac99e4fb22799b,76518cc8387a1f632b388e2e37f906879dcd73f32c6bc6a13443f15449e896bb,raw_order_four_class,5,xgboost_sigmoid,"[1,2,3,4]",311,balanced_accuracy,0.5844017094017094
phase3a_v3_20260907T141213Z_f6e6a0a,9a94052e8fc96ff0894c89cfe99eca898e1e0da5ed697c7fabac99e4fb22799b,76518cc8387a1f632b388e2e37f906879dcd73f32c6bc6a13443f15449e896bb,raw_order_four_class,5,xgboost_sigmoid,"[1,2,3,4]",311,ece_confidence,0.028229513187878832
phase3a_v3_20260907T141213Z_f6e6a0a,9a94052e8fc96ff0894c89cfe99eca898e1e0da5ed697c7fabac99e4fb22799b,76518cc8387a1f632b388e2e37f906879dcd73f32c6bc6a13443f15449e896bb,raw_order_four_class,5,xgboost_sigmoid,"[1,2,3,4]",311,macro_f1,0.5901776138225276
phase3a_v3_20260907T141213Z_f6e6a0a,9a94052e8fc96ff0894c89cfe99eca898e1e0da5ed697c7fabac99e4fb22799b,76518cc8387a1f632b388e2e37f906879dcd73f32c6bc6a13443f15449e896bb,raw_order_four_class,5,xgboost_sigmoid,"[1,2,3,4]",311,multiclass_brier,0.26442299092254495
phase3a_v3_20260907T141213Z_f6e6a0a,9a94052e8fc96ff0894c89cfe99eca898e1e0da5ed697c7fabac99e4fb22799b,76518cc8387a1f632b388e2e37f906879dcd73f32c6bc6a13443f15449e896bb,raw_order_four_class,5,xgboost_sigmoid,"[1,2,3,4]",311,nll_log_loss,0.49346871748709337
phase3a_v3_20260907T141213Z_f6e6a0a,9a94052e8fc96ff0894c89cfe99eca898e1e0da5ed697c7fabac99e4fb22799b,76518cc8387a1f632b388e2e37f906879dcd73f32c6bc6a13443f15449e896bb,raw_order_four_class,5,xgboost_sigmoid,"[1,2,3,4]",311,ordinal_mae,0.15434083601286175
phase3a_v3_20260907T141213Z_f6e6a0a,9a94052e8fc96ff0894c89cfe99eca898e1e0da5ed697c7fabac99e4fb22799b,76518cc8387a1f632b388e2e37f906879dcd73f32c6bc6a13443f15449e896bb,raw_order_four_class,5,xgboost_sigmoid,"[1,2,3,4]",311,quadratic_weighted_kappa,0.69199382006893
phase3a_v3_20260907T141213Z_f6e6a0a,9a94052e8fc96ff0894c89cfe99eca898e1e0da5ed697c7fabac99e4fb22799b,76518cc8387a1f632b388e2e37f906879dcd73f32c6bc6a13443f15449e896bb,raw_order_four_class,5,xgboost_sigmoid,"[1,2,3,4]",311,ranked_probability_score,0.04619512075020837
phase3a_v3_20260907T141213Z_f6e6a0a,9a94052e8fc96ff0894c89cfe99eca898e1e0da5ed697c7fabac99e4fb22799b,76518cc8387a1f632b388e2e37f906879dcd73f32c6bc6a13443f15449e896bb,raw_order_four_class,5,xgboost_sigmoid,"[1,2,3,4]",311,two_level_reversal_rate,0.003215434083601286
