bin,bin_low,bin_high,n_samples,mean_confidence,accuracy
1,0.0,0.1,0,,
2,0.1,0.2,0,,
3,0.2,0.30000000000000004,0,,
4,0.30000000000000004,0.4,0,,
5,0.4,0.5,3,0.4850871361438284,0.6666666666666666
6,0.5,0.6000000000000001,12,0.5462428713720134,0.5
7,0.6000000000000001,0.7000000000000001,19,0.6456762376667371,0.7894736842105263
8,0.7000000000000001,0.8,47,0.7488997631751929,0.7659574468085106
9,0.8,0.9,102,0.8581222128267489,0.8627450980392157
10,0.9,1.0,57,0.9200271539115159,0.8421052631578947
