feature_set,model,metric,mean,std,ci_low,ci_high
no_salary_hike_no_attrition,xgboost,balanced_accuracy,0.625194169109777,0.025874095066363727,0.6099250192487489,0.6403076279689257
no_salary_hike_no_attrition,lightgbm,balanced_accuracy,0.6113105507116396,0.009618150770830926,0.6056044301912044,0.6169441290082169
no_salary_hike_no_attrition,catboost,balanced_accuracy,0.6017495279473501,0.022704863514404067,0.5886259601459239,0.6154313621697922
no_salary_hike_no_attrition_no_department,xgboost,balanced_accuracy,0.6248142813024846,0.02851160286591611,0.6088511556123852,0.64262030741239
no_salary_hike_no_attrition_no_department,lightgbm,balanced_accuracy,0.6101883486547734,0.01083255764547833,0.6038862055216413,0.6165263567723868
no_salary_hike_no_attrition_no_department,catboost,balanced_accuracy,0.5956737062090964,0.029310186979950765,0.5781900137949367,0.6124898061834313
