feature_set,model_a,model_b,metric,mean_a,mean_b,mean_diff_a_minus_b,wilcoxon_stat,p_value,p_holm,significant_holm
no_salary_hike_no_attrition,catboost,lightgbm,ece_confidence,0.06326689643218424,0.13756616400866356,-0.07429926757647932,0.0,0.001953125,0.005859375,True
no_salary_hike_no_attrition,catboost,xgboost,ece_confidence,0.06326689643218424,0.0784404725333055,-0.015173576101121258,13.0,0.16015625,0.16015625,False
no_salary_hike_no_attrition,lightgbm,xgboost,ece_confidence,0.13756616400866356,0.0784404725333055,0.059125691475358066,0.0,0.001953125,0.005859375,True
no_salary_hike_no_attrition_no_department,catboost,lightgbm,ece_confidence,0.0741752818738611,0.13454543514205655,-0.06037015326819545,0.0,0.001953125,0.005859375,True
no_salary_hike_no_attrition_no_department,catboost,xgboost,ece_confidence,0.0741752818738611,0.07713917116324107,-0.0029638892893799618,18.0,0.375,0.375,False
no_salary_hike_no_attrition_no_department,lightgbm,xgboost,ece_confidence,0.13454543514205655,0.07713917116324107,0.057406263978815486,0.0,0.001953125,0.005859375,True
