feature_set,model,metric,mean,std,ci_low,ci_high
no_salary_hike_no_attrition,lightgbm,ece_confidence,0.13756616400866356,0.013514592672349623,0.12996997638876895,0.1458452831824936
no_salary_hike_no_attrition,xgboost,ece_confidence,0.0784404725333055,0.019187280152193533,0.06714404592414698,0.09000046769777933
no_salary_hike_no_attrition,catboost,ece_confidence,0.06326689643218424,0.02750919175072185,0.047061397006835586,0.07984470553840785
no_salary_hike_no_attrition_no_department,lightgbm,ece_confidence,0.13454543514205655,0.014466828997334865,0.1258033212123553,0.14271107843582892
no_salary_hike_no_attrition_no_department,xgboost,ece_confidence,0.07713917116324107,0.020082344908024404,0.06581645021339258,0.08922453228135903
no_salary_hike_no_attrition_no_department,catboost,ece_confidence,0.0741752818738611,0.02444962749223181,0.06001709377765931,0.08889927812531143
