feature_set,model,metric,mean,std,ci_low,ci_high
no_salary_hike_no_attrition,xgboost,macro_f1,0.6020049480132876,0.024694396080032988,0.5880228879228728,0.6169964596149554
no_salary_hike_no_attrition,lightgbm,macro_f1,0.5859351526301604,0.014183727511106518,0.5798360896225917,0.5951616039927213
no_salary_hike_no_attrition,catboost,macro_f1,0.5567283135865514,0.02099095594059805,0.544203598097911,0.5687873884876966
no_salary_hike_no_attrition_no_department,xgboost,macro_f1,0.5965327889347274,0.03002058309325112,0.5798939879441081,0.6157828271553105
no_salary_hike_no_attrition_no_department,lightgbm,macro_f1,0.5872435719765534,0.016890529151268836,0.57839350237035,0.5974444491483523
no_salary_hike_no_attrition_no_department,catboost,macro_f1,0.5527404834224658,0.025086799599875233,0.5375855333073598,0.5665293070609686
