feature_set,model,metric,mean,std,ci_low,ci_high
no_salary_hike_no_attrition,catboost,multiclass_brier,0.29949319053473056,0.025073839081378106,0.28504513312401314,0.31465764740640384
no_salary_hike_no_attrition,lightgbm,multiclass_brier,0.29790151744755383,0.020107230512948604,0.2858549124304787,0.30893926599901145
no_salary_hike_no_attrition,xgboost,multiclass_brier,0.25808209835025364,0.02320136359231726,0.24478808901261437,0.27184226786520993
no_salary_hike_no_attrition_no_department,catboost,multiclass_brier,0.3014050019441406,0.024239436204477143,0.28762082726214255,0.3164573129875188
no_salary_hike_no_attrition_no_department,lightgbm,multiclass_brier,0.29504694156368083,0.02252441063785515,0.28191471492369635,0.30778128741984845
no_salary_hike_no_attrition_no_department,xgboost,multiclass_brier,0.26611188588928736,0.01908714838889832,0.2545554184149561,0.27691923806313434
