feature_set,model,metric,mean,std,ci_low,ci_high
no_salary_hike_no_attrition,lightgbm,nll_log_loss,0.7617809189096049,0.10449398853489582,0.7059244630873229,0.828516386731453
no_salary_hike_no_attrition,catboost,nll_log_loss,0.5107705347223614,0.04392425878784694,0.48548444917587313,0.5373163624555403
no_salary_hike_no_attrition,xgboost,nll_log_loss,0.46785835929638725,0.042987457753398045,0.4449839861029268,0.49514100999732186
no_salary_hike_no_attrition_no_department,lightgbm,nll_log_loss,0.7599136126231795,0.104940543100197,0.7012899263242797,0.8255303918170188
no_salary_hike_no_attrition_no_department,catboost,nll_log_loss,0.514816847332441,0.041499218302589305,0.4911684689371867,0.5401381742857387
no_salary_hike_no_attrition_no_department,xgboost,nll_log_loss,0.4798115950445315,0.0381767050138088,0.4585822268305559,0.5034278362333143
