feature_set,model,metric,mean,std,ci_low,ci_high
no_salary_hike_no_attrition,catboost,ordinal_mae,0.18666666666666668,0.01932503014547344,0.17581250000000007,0.19833333333333333
no_salary_hike_no_attrition,lightgbm,ordinal_mae,0.16833333333333333,0.010971343143406385,0.16166666666666665,0.175
no_salary_hike_no_attrition,xgboost,ordinal_mae,0.14916666666666667,0.015441046788541435,0.13999999999999999,0.1583333333333333
no_salary_hike_no_attrition_no_department,catboost,ordinal_mae,0.18916666666666665,0.021889875894272832,0.1775,0.20250000000000004
no_salary_hike_no_attrition_no_department,lightgbm,ordinal_mae,0.16583333333333333,0.011419335995052479,0.15916666666666665,0.17250000000000001
no_salary_hike_no_attrition_no_department,xgboost,ordinal_mae,0.15583333333333332,0.02080553701230445,0.1433333333333333,0.1683333333333333
