feature_set,model,metric,mean,std,ci_low,ci_high
no_salary_hike_no_attrition,xgboost,quadratic_weighted_kappa,0.6403375189140723,0.04378095467899144,0.614529235295557,0.6663309044329606
no_salary_hike_no_attrition,lightgbm,quadratic_weighted_kappa,0.6035798569465015,0.028632814613028936,0.5860662519719595,0.6195385290597654
no_salary_hike_no_attrition,catboost,quadratic_weighted_kappa,0.5791303651356009,0.047593617491271,0.5514262913659823,0.606599319958191
no_salary_hike_no_attrition_no_department,xgboost,quadratic_weighted_kappa,0.6330151835096145,0.05161730736774852,0.6041008494268721,0.6654254286754608
no_salary_hike_no_attrition_no_department,lightgbm,quadratic_weighted_kappa,0.6004059074451903,0.024363928584228416,0.5853835323184203,0.6135118882326497
no_salary_hike_no_attrition_no_department,catboost,quadratic_weighted_kappa,0.5657840167730583,0.06012543233503252,0.5293933539304326,0.5990800263496916
