,precision,recall,f1-score,support
2,0.5809128630705395,0.9032258064516129,0.7070707070707071,155.0
3,0.9575645756457565,0.7424892703862661,0.8364222401289283,699.0
4,0.5310734463276836,0.8867924528301887,0.6643109540636042,106.0
accuracy,0.784375,0.784375,0.784375,0.784375
macro avg,0.68985029501466,0.8441691765560225,0.7359346337544131,960.0
weighted avg,0.8496592890240124,0.784375,0.7965334026841902,960.0
