dataset,target_kind,task_type,policy,model,n_rows,n_features,labels,accuracy,balanced_accuracy,macro_f1,weighted_f1,macro_precision,weighted_precision,macro_recall,weighted_recall,ordinal_mae,quadratic_weighted_kappa,adjacent_accuracy,severe_error_rate,nll_log_loss,multiclass_brier,ece_confidence
employee_turnover,primary,binary_turnover,with_last_evaluation,xgboost,14999,9,0;1,0.9787985865724381,0.9626945030393497,0.9702951950190054,0.9786205716464597,0.978502560541259,0.9787864463617123,0.9626945030393497,0.9787985865724381,0.02120141342756184,0.9406008308966012,1.0,0.0,0.07265093255056924,0.03527186687120445,0.0059284912783477035
employee_turnover,primary,binary_turnover,without_last_evaluation,xgboost,14999,8,0;1,0.9760650710047336,0.9603230756609239,0.9665620831528202,0.9758998739923005,0.9732109803973727,0.9759675372384342,0.9603230756609239,0.9760650710047336,0.02393492899526635,0.9331321891647477,1.0,0.0,0.08104525224774208,0.039546418436556714,0.0077239325469562106
