target_value,count,proportion
2,194,0.16166666666666665
3,874,0.7283333333333334
4,132,0.11
