,precision,recall,f1-score,support
2,0.8717948717948718,0.8717948717948718,0.8717948717948718,39.0
3,0.845,0.9657142857142857,0.9013333333333333,175.0
4,0.0,0.0,0.0,26.0
accuracy,0.8458333333333333,0.8458333333333333,0.8458333333333333,0.8458333333333333
macro avg,0.5722649572649573,0.6125030525030525,0.5910427350427351,240.0
weighted avg,0.7578125,0.8458333333333333,0.7988888888888889,240.0
