,precision,recall,f1-score,support
2,0.9166666666666666,0.8461538461538461,0.88,39.0
3,0.9347826086956522,0.9828571428571429,0.958217270194986,175.0
4,0.95,0.7307692307692307,0.8260869565217391,26.0
accuracy,0.9333333333333333,0.9333333333333333,0.9333333333333333,0.9333333333333333
macro avg,0.9338164251207729,0.8532600732600732,0.8881014089055751,240.0
weighted avg,0.9334873188405797,0.9333333333333333,0.931192846473699,240.0
