{
  "accuracy": 0.9333333333333333,
  "balanced_accuracy": 0.8532600732600732,
  "macro_f1": 0.8881014089055751,
  "weighted_f1": 0.931192846473699,
  "macro_precision": 0.9338164251207729,
  "weighted_precision": 0.9334873188405797,
  "macro_recall": 0.8532600732600732,
  "weighted_recall": 0.9333333333333333,
  "ordinal_mae": 0.07083333333333333,
  "quadratic_weighted_kappa": 0.8406931246506428,
  "severe_error_rate": 0.004166666666666667,
  "nll_log_loss": 0.208843576539507,
  "multiclass_brier": 0.11163105650227889
}