,precision,recall,f1-score,support
2,0.8857142857142857,0.7948717948717948,0.8378378378378378,39.0
3,0.9344262295081968,0.9771428571428571,0.9553072625698324,175.0
4,0.9545454545454546,0.8076923076923077,0.875,26.0
accuracy,0.9291666666666667,0.9291666666666667,0.9291666666666667,0.9291666666666667
macro avg,0.924895323255979,0.85990231990232,0.88938170013589,240.0
weighted avg,0.9286901213540557,0.9291666666666667,0.9275185276058181,240.0
