,precision,recall,f1-score,support
2,0.9142857142857143,0.8205128205128205,0.8648648648648649,39.0
3,0.9395604395604396,0.9771428571428571,0.957983193277311,175.0
4,0.9130434782608695,0.8076923076923077,0.8571428571428571,26.0
accuracy,0.9333333333333333,0.9333333333333333,0.9333333333333333,0.9333333333333333
macro avg,0.9222965440356745,0.8684493284493285,0.8933303050950111,240.0
weighted avg,0.9325806258958433,0.9333333333333333,0.9319270951623894,240.0
