run_id,config_hash,policy,method,fold,sample_index,y_true,y_pred,prob_class_2,prob_class_3,prob_class_4
manuscript_final_20260712T175019Z_c664ef152ff3,c664ef152ff3a9eef89c53a403b9c2e6f677340bea0307b02d97d07cc54bdfc3,no_salary_hike_no_attrition_no_department,raw,1,17,3,3,0.0011250481985938734,0.9597353774934073,0.03913957430799888
manuscript_final_20260712T175019Z_c664ef152ff3,c664ef152ff3a9eef89c53a403b9c2e6f677340bea0307b02d97d07cc54bdfc3,no_salary_hike_no_attrition_no_department,raw,1,24,3,3,0.0011802230917022753,0.8816344282571129,0.1171853486511848
manuscript_final_20260712T175019Z_c664ef152ff3,c664ef152ff3a9eef89c53a403b9c2e6f677340bea0307b02d97d07cc54bdfc3,no_salary_hike_no_attrition_no_department,raw,1,30,3,2,0.8844128366390054,0.09958190600773942,0.016005257353255156
manuscript_final_20260712T175019Z_c664ef152ff3,c664ef152ff3a9eef89c53a403b9c2e6f677340bea0307b02d97d07cc54bdfc3,no_salary_hike_no_attrition_no_department,raw,1,33,3,3,0.0018295513243145368,0.8187474717080141,0.17942297696767134
manuscript_final_20260712T175019Z_c664ef152ff3,c664ef152ff3a9eef89c53a403b9c2e6f677340bea0307b02d97d07cc54bdfc3,no_salary_hike_no_attrition_no_department,raw,1,34,3,3,0.09625372254753961,0.8688162532865396,0.03493002416592082
manuscript_final_20260712T175019Z_c664ef152ff3,c664ef152ff3a9eef89c53a403b9c2e6f677340bea0307b02d97d07cc54bdfc3,no_salary_hike_no_attrition_no_department,raw,1,36,3,3,0.007237328553447898,0.8022637144785242,0.19049895696802796
manuscript_final_20260712T175019Z_c664ef152ff3,c664ef152ff3a9eef89c53a403b9c2e6f677340bea0307b02d97d07cc54bdfc3,no_salary_hike_no_attrition_no_department,raw,1,45,3,3,0.0038567110034068448,0.8261424118397591,0.17000087715683407
manuscript_final_20260712T175019Z_c664ef152ff3,c664ef152ff3a9eef89c53a403b9c2e6f677340bea0307b02d97d07cc54bdfc3,no_salary_hike_no_attrition_no_department,raw,1,52,3,3,0.0026882762616336343,0.9270716605561411,0.07024006318222527
manuscript_final_20260712T175019Z_c664ef152ff3,c664ef152ff3a9eef89c53a403b9c2e6f677340bea0307b02d97d07cc54bdfc3,no_salary_hike_no_attrition_no_department,raw,1,60,4,3,0.00017818317214575511,0.9709749304804431,0.028846886347411137
manuscript_final_20260712T175019Z_c664ef152ff3,c664ef152ff3a9eef89c53a403b9c2e6f677340bea0307b02d97d07cc54bdfc3,no_salary_hike_no_attrition_no_department,raw,1,73,3,3,0.0018429816927082138,0.7841503817269443,0.21400663658034752
manuscript_final_20260712T175019Z_c664ef152ff3,c664ef152ff3a9eef89c53a403b9c2e6f677340bea0307b02d97d07cc54bdfc3,no_salary_hike_no_attrition_no_department,raw,1,75,3,4,0.012047113267202406,0.4264907065976522,0.5614621801351454
manuscript_final_20260712T175019Z_c664ef152ff3,c664ef152ff3a9eef89c53a403b9c2e6f677340bea0307b02d97d07cc54bdfc3,no_salary_hike_no_attrition_no_department,raw,1,112,3,3,0.06366912180678365,0.9128946525917254,0.02343622560149095
manuscript_final_20260712T175019Z_c664ef152ff3,c664ef152ff3a9eef89c53a403b9c2e6f677340bea0307b02d97d07cc54bdfc3,no_salary_hike_no_attrition_no_department,raw,1,116,3,3,0.001122289128688371,0.8955767348615071,0.10330097600980447
manuscript_final_20260712T175019Z_c664ef152ff3,c664ef152ff3a9eef89c53a403b9c2e6f677340bea0307b02d97d07cc54bdfc3,no_salary_hike_no_attrition_no_department,raw,1,120,3,3,0.00022657875427248593,0.9840157865836591,0.01575763466206842
manuscript_final_20260712T175019Z_c664ef152ff3,c664ef152ff3a9eef89c53a403b9c2e6f677340bea0307b02d97d07cc54bdfc3,no_salary_hike_no_attrition_no_department,raw,1,135,3,3,0.0030803798771702143,0.9549281601399656,0.04199145998286414
manuscript_final_20260712T175019Z_c664ef152ff3,c664ef152ff3a9eef89c53a403b9c2e6f677340bea0307b02d97d07cc54bdfc3,no_salary_hike_no_attrition_no_department,raw,1,148,3,3,0.0003584075953627695,0.9012705102441992,0.098371082160438
manuscript_final_20260712T175019Z_c664ef152ff3,c664ef152ff3a9eef89c53a403b9c2e6f677340bea0307b02d97d07cc54bdfc3,no_salary_hike_no_attrition_no_department,raw,1,150,3,3,0.00035653078991806675,0.9594634693571191,0.040179999852962785
manuscript_final_20260712T175019Z_c664ef152ff3,c664ef152ff3a9eef89c53a403b9c2e6f677340bea0307b02d97d07cc54bdfc3,no_salary_hike_no_attrition_no_department,raw,1,156,3,3,0.0014203342880901289,0.9042183630263189,0.09436130268559104
manuscript_final_20260712T175019Z_c664ef152ff3,c664ef152ff3a9eef89c53a403b9c2e6f677340bea0307b02d97d07cc54bdfc3,no_salary_hike_no_attrition_no_department,raw,1,158,3,3,0.001311881867802779,0.9317419890163097,0.06694612911588757
manuscript_final_20260712T175019Z_c664ef152ff3,c664ef152ff3a9eef89c53a403b9c2e6f677340bea0307b02d97d07cc54bdfc3,no_salary_hike_no_attrition_no_department,raw,1,164,2,2,0.9527823559682269,0.043611058158695246,0.0036065858730778403
manuscript_final_20260712T175019Z_c664ef152ff3,c664ef152ff3a9eef89c53a403b9c2e6f677340bea0307b02d97d07cc54bdfc3,no_salary_hike_no_attrition_no_department,raw,1,168,3,3,0.002692854077062918,0.8833117037076603,0.11399544221527685
manuscript_final_20260712T175019Z_c664ef152ff3,c664ef152ff3a9eef89c53a403b9c2e6f677340bea0307b02d97d07cc54bdfc3,no_salary_hike_no_attrition_no_department,raw,1,169,2,2,0.8890616521166876,0.1046663106326163,0.006272037250696052
manuscript_final_20260712T175019Z_c664ef152ff3,c664ef152ff3a9eef89c53a403b9c2e6f677340bea0307b02d97d07cc54bdfc3,no_salary_hike_no_attrition_no_department,raw,1,172,3,3,0.0009344286804267605,0.9291685508065076,0.06989702051306568
manuscript_final_20260712T175019Z_c664ef152ff3,c664ef152ff3a9eef89c53a403b9c2e6f677340bea0307b02d97d07cc54bdfc3,no_salary_hike_no_attrition_no_department,raw,1,182,2,2,0.9281080659066087,0.0706448130327497,0.0012471210606415906
manuscript_final_20260712T175019Z_c664ef152ff3,c664ef152ff3a9eef89c53a403b9c2e6f677340bea0307b02d97d07cc54bdfc3,no_salary_hike_no_attrition_no_department,raw,1,185,3,3,0.006284616957805495,0.9482835041167234,0.045431878925471146
manuscript_final_20260712T175019Z_c664ef152ff3,c664ef152ff3a9eef89c53a403b9c2e6f677340bea0307b02d97d07cc54bdfc3,no_salary_hike_no_attrition_no_department,raw,1,186,3,3,0.36622458423506776,0.572104449778017,0.06167096598691518
manuscript_final_20260712T175019Z_c664ef152ff3,c664ef152ff3a9eef89c53a403b9c2e6f677340bea0307b02d97d07cc54bdfc3,no_salary_hike_no_attrition_no_department,raw,1,187,3,3,0.02297248179595415,0.8998509233786914,0.0771765948253545
manuscript_final_20260712T175019Z_c664ef152ff3,c664ef152ff3a9eef89c53a403b9c2e6f677340bea0307b02d97d07cc54bdfc3,no_salary_hike_no_attrition_no_department,raw,1,195,2,2,0.7254355936418255,0.26736535850136905,0.007199047856805396
manuscript_final_20260712T175019Z_c664ef152ff3,c664ef152ff3a9eef89c53a403b9c2e6f677340bea0307b02d97d07cc54bdfc3,no_salary_hike_no_attrition_no_department,raw,1,198,3,3,0.004822826736897732,0.9551333104448071,0.04004386281829525
manuscript_final_20260712T175019Z_c664ef152ff3,c664ef152ff3a9eef89c53a403b9c2e6f677340bea0307b02d97d07cc54bdfc3,no_salary_hike_no_attrition_no_department,raw,1,210,3,3,0.002315165057863308,0.9251418307569728,0.07254300418516398
manuscript_final_20260712T175019Z_c664ef152ff3,c664ef152ff3a9eef89c53a403b9c2e6f677340bea0307b02d97d07cc54bdfc3,no_salary_hike_no_attrition_no_department,raw,1,239,3,3,0.0009753745758005631,0.9451802157266854,0.053844409697513994
manuscript_final_20260712T175019Z_c664ef152ff3,c664ef152ff3a9eef89c53a403b9c2e6f677340bea0307b02d97d07cc54bdfc3,no_salary_hike_no_attrition_no_department,raw,1,256,3,3,0.0033175260929822863,0.9855013540203287,0.011181119886689036
manuscript_final_20260712T175019Z_c664ef152ff3,c664ef152ff3a9eef89c53a403b9c2e6f677340bea0307b02d97d07cc54bdfc3,no_salary_hike_no_attrition_no_department,raw,1,280,3,3,0.2592899496494049,0.714019178014213,0.026690872336382288
manuscript_final_20260712T175019Z_c664ef152ff3,c664ef152ff3a9eef89c53a403b9c2e6f677340bea0307b02d97d07cc54bdfc3,no_salary_hike_no_attrition_no_department,raw,1,301,3,3,0.0005394071541505737,0.9609991073980595,0.038461485447789934
manuscript_final_20260712T175019Z_c664ef152ff3,c664ef152ff3a9eef89c53a403b9c2e6f677340bea0307b02d97d07cc54bdfc3,no_salary_hike_no_attrition_no_department,raw,1,312,4,3,0.0024936306441282847,0.9873790204692293,0.01012734888664239
manuscript_final_20260712T175019Z_c664ef152ff3,c664ef152ff3a9eef89c53a403b9c2e6f677340bea0307b02d97d07cc54bdfc3,no_salary_hike_no_attrition_no_department,raw,1,320,3,3,0.001991708753669128,0.9583608463482892,0.03964744489804169
manuscript_final_20260712T175019Z_c664ef152ff3,c664ef152ff3a9eef89c53a403b9c2e6f677340bea0307b02d97d07cc54bdfc3,no_salary_hike_no_attrition_no_department,raw,1,329,4,3,0.0009038218655699792,0.9839050995882895,0.015191078546140532
manuscript_final_20260712T175019Z_c664ef152ff3,c664ef152ff3a9eef89c53a403b9c2e6f677340bea0307b02d97d07cc54bdfc3,no_salary_hike_no_attrition_no_department,raw,1,338,2,2,0.9419065950269155,0.05169570248618368,0.006397702486900797
manuscript_final_20260712T175019Z_c664ef152ff3,c664ef152ff3a9eef89c53a403b9c2e6f677340bea0307b02d97d07cc54bdfc3,no_salary_hike_no_attrition_no_department,raw,1,343,3,3,0.002493554740176842,0.6208808456783044,0.37662559958151876
manuscript_final_20260712T175019Z_c664ef152ff3,c664ef152ff3a9eef89c53a403b9c2e6f677340bea0307b02d97d07cc54bdfc3,no_salary_hike_no_attrition_no_department,raw,1,350,3,3,0.00257240041395499,0.9782554197491293,0.0191721798369157
manuscript_final_20260712T175019Z_c664ef152ff3,c664ef152ff3a9eef89c53a403b9c2e6f677340bea0307b02d97d07cc54bdfc3,no_salary_hike_no_attrition_no_department,raw,1,362,3,3,0.028780113584025425,0.6854429764437343,0.2857769099722403
manuscript_final_20260712T175019Z_c664ef152ff3,c664ef152ff3a9eef89c53a403b9c2e6f677340bea0307b02d97d07cc54bdfc3,no_salary_hike_no_attrition_no_department,raw,1,363,2,2,0.9496315216725123,0.04814949679896896,0.002218981528518769
manuscript_final_20260712T175019Z_c664ef152ff3,c664ef152ff3a9eef89c53a403b9c2e6f677340bea0307b02d97d07cc54bdfc3,no_salary_hike_no_attrition_no_department,raw,1,364,2,2,0.8625913581257669,0.1324752824656691,0.004933359408564028
manuscript_final_20260712T175019Z_c664ef152ff3,c664ef152ff3a9eef89c53a403b9c2e6f677340bea0307b02d97d07cc54bdfc3,no_salary_hike_no_attrition_no_department,raw,1,367,3,3,0.012280596260048125,0.721169402733099,0.26655000100685283
manuscript_final_20260712T175019Z_c664ef152ff3,c664ef152ff3a9eef89c53a403b9c2e6f677340bea0307b02d97d07cc54bdfc3,no_salary_hike_no_attrition_no_department,raw,1,386,3,2,0.8791452261434629,0.11480318997451111,0.006051583882025962
manuscript_final_20260712T175019Z_c664ef152ff3,c664ef152ff3a9eef89c53a403b9c2e6f677340bea0307b02d97d07cc54bdfc3,no_salary_hike_no_attrition_no_department,raw,1,391,3,3,0.0015207792219733094,0.7342540647401035,0.26422515603792324
manuscript_final_20260712T175019Z_c664ef152ff3,c664ef152ff3a9eef89c53a403b9c2e6f677340bea0307b02d97d07cc54bdfc3,no_salary_hike_no_attrition_no_department,raw,1,395,3,3,0.045769133014747006,0.7767155824356943,0.1775152845495588
manuscript_final_20260712T175019Z_c664ef152ff3,c664ef152ff3a9eef89c53a403b9c2e6f677340bea0307b02d97d07cc54bdfc3,no_salary_hike_no_attrition_no_department,raw,1,403,3,3,0.005485572748740345,0.9913575462298558,0.003156881021403856
manuscript_final_20260712T175019Z_c664ef152ff3,c664ef152ff3a9eef89c53a403b9c2e6f677340bea0307b02d97d07cc54bdfc3,no_salary_hike_no_attrition_no_department,raw,1,417,3,3,0.0037418406731580516,0.6997059126093524,0.29655224671748953
manuscript_final_20260712T175019Z_c664ef152ff3,c664ef152ff3a9eef89c53a403b9c2e6f677340bea0307b02d97d07cc54bdfc3,no_salary_hike_no_attrition_no_department,raw,1,421,3,3,0.0021226504271772534,0.9844970881917451,0.01338026138107767
manuscript_final_20260712T175019Z_c664ef152ff3,c664ef152ff3a9eef89c53a403b9c2e6f677340bea0307b02d97d07cc54bdfc3,no_salary_hike_no_attrition_no_department,raw,1,422,3,3,0.0014254129100128255,0.6215838619165831,0.3769907251734041
manuscript_final_20260712T175019Z_c664ef152ff3,c664ef152ff3a9eef89c53a403b9c2e6f677340bea0307b02d97d07cc54bdfc3,no_salary_hike_no_attrition_no_department,raw,1,432,3,3,0.002687564619148264,0.9366863487709925,0.06062608660985918
manuscript_final_20260712T175019Z_c664ef152ff3,c664ef152ff3a9eef89c53a403b9c2e6f677340bea0307b02d97d07cc54bdfc3,no_salary_hike_no_attrition_no_department,raw,1,438,4,3,0.0023742703734597,0.9256663560726179,0.0719593735539224
manuscript_final_20260712T175019Z_c664ef152ff3,c664ef152ff3a9eef89c53a403b9c2e6f677340bea0307b02d97d07cc54bdfc3,no_salary_hike_no_attrition_no_department,raw,1,454,3,3,0.0025370303283495503,0.8019431446263378,0.1955198250453128
manuscript_final_20260712T175019Z_c664ef152ff3,c664ef152ff3a9eef89c53a403b9c2e6f677340bea0307b02d97d07cc54bdfc3,no_salary_hike_no_attrition_no_department,raw,1,484,3,3,0.004723625389587843,0.9307763836563486,0.06449999095406359
manuscript_final_20260712T175019Z_c664ef152ff3,c664ef152ff3a9eef89c53a403b9c2e6f677340bea0307b02d97d07cc54bdfc3,no_salary_hike_no_attrition_no_department,raw,1,487,3,3,0.0025820060204022957,0.7736852459058455,0.22373274807375215
manuscript_final_20260712T175019Z_c664ef152ff3,c664ef152ff3a9eef89c53a403b9c2e6f677340bea0307b02d97d07cc54bdfc3,no_salary_hike_no_attrition_no_department,raw,1,488,3,3,0.0010796685989063492,0.7251328734715304,0.2737874579295632
manuscript_final_20260712T175019Z_c664ef152ff3,c664ef152ff3a9eef89c53a403b9c2e6f677340bea0307b02d97d07cc54bdfc3,no_salary_hike_no_attrition_no_department,raw,1,495,2,2,0.8347279761165836,0.1472019357561452,0.018070088127271275
manuscript_final_20260712T175019Z_c664ef152ff3,c664ef152ff3a9eef89c53a403b9c2e6f677340bea0307b02d97d07cc54bdfc3,no_salary_hike_no_attrition_no_department,raw,1,516,3,3,0.034783823755849166,0.8720436648456094,0.09317251139854153
manuscript_final_20260712T175019Z_c664ef152ff3,c664ef152ff3a9eef89c53a403b9c2e6f677340bea0307b02d97d07cc54bdfc3,no_salary_hike_no_attrition_no_department,raw,1,517,3,3,0.005589578597190507,0.9495435665732567,0.044866854829552785
manuscript_final_20260712T175019Z_c664ef152ff3,c664ef152ff3a9eef89c53a403b9c2e6f677340bea0307b02d97d07cc54bdfc3,no_salary_hike_no_attrition_no_department,raw,1,527,4,3,0.0013662479571950813,0.8545681534771559,0.1440655985656491
manuscript_final_20260712T175019Z_c664ef152ff3,c664ef152ff3a9eef89c53a403b9c2e6f677340bea0307b02d97d07cc54bdfc3,no_salary_hike_no_attrition_no_department,raw,1,530,4,3,0.0061166941313453285,0.9127461054932734,0.08113720037538129
manuscript_final_20260712T175019Z_c664ef152ff3,c664ef152ff3a9eef89c53a403b9c2e6f677340bea0307b02d97d07cc54bdfc3,no_salary_hike_no_attrition_no_department,raw,1,536,3,3,0.0010792435766602392,0.9733532982189653,0.02556745820437446
manuscript_final_20260712T175019Z_c664ef152ff3,c664ef152ff3a9eef89c53a403b9c2e6f677340bea0307b02d97d07cc54bdfc3,no_salary_hike_no_attrition_no_department,raw,1,539,3,3,0.0016234742637021896,0.9701223190454981,0.028254206690799737
manuscript_final_20260712T175019Z_c664ef152ff3,c664ef152ff3a9eef89c53a403b9c2e6f677340bea0307b02d97d07cc54bdfc3,no_salary_hike_no_attrition_no_department,raw,1,561,2,2,0.7270723716906075,0.25639952585551173,0.016528102453880977
manuscript_final_20260712T175019Z_c664ef152ff3,c664ef152ff3a9eef89c53a403b9c2e6f677340bea0307b02d97d07cc54bdfc3,no_salary_hike_no_attrition_no_department,raw,1,570,3,3,0.04677319901462466,0.9478533709724094,0.005373430012965993
manuscript_final_20260712T175019Z_c664ef152ff3,c664ef152ff3a9eef89c53a403b9c2e6f677340bea0307b02d97d07cc54bdfc3,no_salary_hike_no_attrition_no_department,raw,1,579,3,3,0.000769388642917137,0.8236560373151477,0.1755745740419352
manuscript_final_20260712T175019Z_c664ef152ff3,c664ef152ff3a9eef89c53a403b9c2e6f677340bea0307b02d97d07cc54bdfc3,no_salary_hike_no_attrition_no_department,raw,1,596,3,3,0.022260708485610316,0.9482104076272576,0.029528883887132065
manuscript_final_20260712T175019Z_c664ef152ff3,c664ef152ff3a9eef89c53a403b9c2e6f677340bea0307b02d97d07cc54bdfc3,no_salary_hike_no_attrition_no_department,raw,1,599,2,2,0.880947301696397,0.10940513882121226,0.009647559482390726
manuscript_final_20260712T175019Z_c664ef152ff3,c664ef152ff3a9eef89c53a403b9c2e6f677340bea0307b02d97d07cc54bdfc3,no_salary_hike_no_attrition_no_department,raw,1,639,2,2,0.940445056739775,0.05595854245164858,0.003596400808576487
manuscript_final_20260712T175019Z_c664ef152ff3,c664ef152ff3a9eef89c53a403b9c2e6f677340bea0307b02d97d07cc54bdfc3,no_salary_hike_no_attrition_no_department,raw,1,645,3,3,0.000788530853879886,0.9646009743863774,0.03461049475974275
manuscript_final_20260712T175019Z_c664ef152ff3,c664ef152ff3a9eef89c53a403b9c2e6f677340bea0307b02d97d07cc54bdfc3,no_salary_hike_no_attrition_no_department,raw,1,660,4,3,0.0020296783063626766,0.9383624735294319,0.059607848164205425
manuscript_final_20260712T175019Z_c664ef152ff3,c664ef152ff3a9eef89c53a403b9c2e6f677340bea0307b02d97d07cc54bdfc3,no_salary_hike_no_attrition_no_department,raw,1,664,3,3,0.005201716960611648,0.7539950686450543,0.2408032143943341
manuscript_final_20260712T175019Z_c664ef152ff3,c664ef152ff3a9eef89c53a403b9c2e6f677340bea0307b02d97d07cc54bdfc3,no_salary_hike_no_attrition_no_department,raw,1,667,2,2,0.9646653179507363,0.03296512448234331,0.0023695575669203457
manuscript_final_20260712T175019Z_c664ef152ff3,c664ef152ff3a9eef89c53a403b9c2e6f677340bea0307b02d97d07cc54bdfc3,no_salary_hike_no_attrition_no_department,raw,1,679,3,3,0.0020934408706063104,0.8339706729219631,0.1639358862074306
manuscript_final_20260712T175019Z_c664ef152ff3,c664ef152ff3a9eef89c53a403b9c2e6f677340bea0307b02d97d07cc54bdfc3,no_salary_hike_no_attrition_no_department,raw,1,691,3,3,0.00117659805726486,0.9591495133639376,0.03967388857879752
manuscript_final_20260712T175019Z_c664ef152ff3,c664ef152ff3a9eef89c53a403b9c2e6f677340bea0307b02d97d07cc54bdfc3,no_salary_hike_no_attrition_no_department,raw,1,712,2,2,0.9106045432899199,0.0866408411223868,0.0027546155876933317
manuscript_final_20260712T175019Z_c664ef152ff3,c664ef152ff3a9eef89c53a403b9c2e6f677340bea0307b02d97d07cc54bdfc3,no_salary_hike_no_attrition_no_department,raw,1,717,3,3,0.004326464342375615,0.9082953967643006,0.0873781388933238
manuscript_final_20260712T175019Z_c664ef152ff3,c664ef152ff3a9eef89c53a403b9c2e6f677340bea0307b02d97d07cc54bdfc3,no_salary_hike_no_attrition_no_department,raw,1,720,4,3,0.0014130700988506735,0.64171622719425,0.3568707027068993
manuscript_final_20260712T175019Z_c664ef152ff3,c664ef152ff3a9eef89c53a403b9c2e6f677340bea0307b02d97d07cc54bdfc3,no_salary_hike_no_attrition_no_department,raw,1,727,3,3,0.0020211474179836044,0.9837580391934004,0.01422081338861594
manuscript_final_20260712T175019Z_c664ef152ff3,c664ef152ff3a9eef89c53a403b9c2e6f677340bea0307b02d97d07cc54bdfc3,no_salary_hike_no_attrition_no_department,raw,1,730,2,2,0.9793505772157282,0.015171501022520423,0.005477921761751384
manuscript_final_20260712T175019Z_c664ef152ff3,c664ef152ff3a9eef89c53a403b9c2e6f677340bea0307b02d97d07cc54bdfc3,no_salary_hike_no_attrition_no_department,raw,1,750,3,3,0.016935913554679945,0.9190065624176298,0.0640575240276903
manuscript_final_20260712T175019Z_c664ef152ff3,c664ef152ff3a9eef89c53a403b9c2e6f677340bea0307b02d97d07cc54bdfc3,no_salary_hike_no_attrition_no_department,raw,1,759,2,2,0.8716277512596091,0.10331204572063701,0.025060203019753854
manuscript_final_20260712T175019Z_c664ef152ff3,c664ef152ff3a9eef89c53a403b9c2e6f677340bea0307b02d97d07cc54bdfc3,no_salary_hike_no_attrition_no_department,raw,1,779,3,3,0.1547743417547391,0.8388631546967124,0.006362503548548643
manuscript_final_20260712T175019Z_c664ef152ff3,c664ef152ff3a9eef89c53a403b9c2e6f677340bea0307b02d97d07cc54bdfc3,no_salary_hike_no_attrition_no_department,raw,1,784,3,3,0.001083349140835057,0.9376808851449698,0.061235765714195096
manuscript_final_20260712T175019Z_c664ef152ff3,c664ef152ff3a9eef89c53a403b9c2e6f677340bea0307b02d97d07cc54bdfc3,no_salary_hike_no_attrition_no_department,raw,1,787,3,3,0.0003435935641586598,0.6652026755268733,0.33445373090896807
manuscript_final_20260712T175019Z_c664ef152ff3,c664ef152ff3a9eef89c53a403b9c2e6f677340bea0307b02d97d07cc54bdfc3,no_salary_hike_no_attrition_no_department,raw,1,796,3,3,0.0005035516709808174,0.930592221136074,0.06890422719294517
manuscript_final_20260712T175019Z_c664ef152ff3,c664ef152ff3a9eef89c53a403b9c2e6f677340bea0307b02d97d07cc54bdfc3,no_salary_hike_no_attrition_no_department,raw,1,805,3,3,0.0032784782594209535,0.9662329579424803,0.030488563798098733
manuscript_final_20260712T175019Z_c664ef152ff3,c664ef152ff3a9eef89c53a403b9c2e6f677340bea0307b02d97d07cc54bdfc3,no_salary_hike_no_attrition_no_department,raw,1,838,4,3,0.001666064766107056,0.9515906747425376,0.04674326049135544
manuscript_final_20260712T175019Z_c664ef152ff3,c664ef152ff3a9eef89c53a403b9c2e6f677340bea0307b02d97d07cc54bdfc3,no_salary_hike_no_attrition_no_department,raw,1,843,3,3,0.035385117593875484,0.9324086482153954,0.032206234190729155
manuscript_final_20260712T175019Z_c664ef152ff3,c664ef152ff3a9eef89c53a403b9c2e6f677340bea0307b02d97d07cc54bdfc3,no_salary_hike_no_attrition_no_department,raw,1,852,3,3,0.0011597932073330998,0.8801013642900803,0.11873884250258658
manuscript_final_20260712T175019Z_c664ef152ff3,c664ef152ff3a9eef89c53a403b9c2e6f677340bea0307b02d97d07cc54bdfc3,no_salary_hike_no_attrition_no_department,raw,1,854,3,3,0.0011395637016289421,0.8971509026187741,0.10170953367959695
manuscript_final_20260712T175019Z_c664ef152ff3,c664ef152ff3a9eef89c53a403b9c2e6f677340bea0307b02d97d07cc54bdfc3,no_salary_hike_no_attrition_no_department,raw,1,875,4,4,0.005230489484090226,0.42343231460952313,0.5713371959063867
manuscript_final_20260712T175019Z_c664ef152ff3,c664ef152ff3a9eef89c53a403b9c2e6f677340bea0307b02d97d07cc54bdfc3,no_salary_hike_no_attrition_no_department,raw,1,902,4,3,0.0008226806296785838,0.6056410926569413,0.3935362267133801
manuscript_final_20260712T175019Z_c664ef152ff3,c664ef152ff3a9eef89c53a403b9c2e6f677340bea0307b02d97d07cc54bdfc3,no_salary_hike_no_attrition_no_department,raw,1,960,4,3,0.002512742225871067,0.9879467793551054,0.0095404784190235
manuscript_final_20260712T175019Z_c664ef152ff3,c664ef152ff3a9eef89c53a403b9c2e6f677340bea0307b02d97d07cc54bdfc3,no_salary_hike_no_attrition_no_department,raw,1,985,3,3,0.0014772466748459608,0.6765312123373869,0.3219915409877671
manuscript_final_20260712T175019Z_c664ef152ff3,c664ef152ff3a9eef89c53a403b9c2e6f677340bea0307b02d97d07cc54bdfc3,no_salary_hike_no_attrition_no_department,raw,1,994,3,3,0.44086924051582593,0.5538064223357267,0.0053243371484473535
manuscript_final_20260712T175019Z_c664ef152ff3,c664ef152ff3a9eef89c53a403b9c2e6f677340bea0307b02d97d07cc54bdfc3,no_salary_hike_no_attrition_no_department,raw,1,1019,3,3,0.0014055247891570878,0.9912609834198939,0.007333491790949053
manuscript_final_20260712T175019Z_c664ef152ff3,c664ef152ff3a9eef89c53a403b9c2e6f677340bea0307b02d97d07cc54bdfc3,no_salary_hike_no_attrition_no_department,raw,1,1023,2,2,0.6596552121273145,0.31844383418849886,0.02190095368418665
manuscript_final_20260712T175019Z_c664ef152ff3,c664ef152ff3a9eef89c53a403b9c2e6f677340bea0307b02d97d07cc54bdfc3,no_salary_hike_no_attrition_no_department,raw,1,1032,3,3,0.0018079245991815974,0.7261083151427156,0.2720837602581029
manuscript_final_20260712T175019Z_c664ef152ff3,c664ef152ff3a9eef89c53a403b9c2e6f677340bea0307b02d97d07cc54bdfc3,no_salary_hike_no_attrition_no_department,raw,1,1033,3,3,0.0036980711571564452,0.6680370433909766,0.328264885451867
manuscript_final_20260712T175019Z_c664ef152ff3,c664ef152ff3a9eef89c53a403b9c2e6f677340bea0307b02d97d07cc54bdfc3,no_salary_hike_no_attrition_no_department,raw,1,1036,3,3,0.0011812866290946814,0.8067596458019405,0.1920590675689648
manuscript_final_20260712T175019Z_c664ef152ff3,c664ef152ff3a9eef89c53a403b9c2e6f677340bea0307b02d97d07cc54bdfc3,no_salary_hike_no_attrition_no_department,raw,1,1049,3,3,0.005681103402286765,0.8890703800749797,0.10524851652273345
manuscript_final_20260712T175019Z_c664ef152ff3,c664ef152ff3a9eef89c53a403b9c2e6f677340bea0307b02d97d07cc54bdfc3,no_salary_hike_no_attrition_no_department,raw,1,1055,3,3,0.0020733348048245833,0.9173248596040678,0.0806018055911076
manuscript_final_20260712T175019Z_c664ef152ff3,c664ef152ff3a9eef89c53a403b9c2e6f677340bea0307b02d97d07cc54bdfc3,no_salary_hike_no_attrition_no_department,raw,1,1056,3,3,0.0015567533974410262,0.9451588293229818,0.05328441727957717
manuscript_final_20260712T175019Z_c664ef152ff3,c664ef152ff3a9eef89c53a403b9c2e6f677340bea0307b02d97d07cc54bdfc3,no_salary_hike_no_attrition_no_department,raw,1,1058,3,3,0.0032613307118596357,0.8299730867361819,0.16676558255195853
manuscript_final_20260712T175019Z_c664ef152ff3,c664ef152ff3a9eef89c53a403b9c2e6f677340bea0307b02d97d07cc54bdfc3,no_salary_hike_no_attrition_no_department,raw,1,1068,3,3,0.0003558213792114194,0.9545651280328936,0.04507905058789493
manuscript_final_20260712T175019Z_c664ef152ff3,c664ef152ff3a9eef89c53a403b9c2e6f677340bea0307b02d97d07cc54bdfc3,no_salary_hike_no_attrition_no_department,raw,1,1081,2,2,0.7927948432127604,0.20242874823916873,0.0047764085480708875
manuscript_final_20260712T175019Z_c664ef152ff3,c664ef152ff3a9eef89c53a403b9c2e6f677340bea0307b02d97d07cc54bdfc3,no_salary_hike_no_attrition_no_department,raw,1,1091,2,2,0.9483467115373927,0.04366497493714928,0.007988313525458023
manuscript_final_20260712T175019Z_c664ef152ff3,c664ef152ff3a9eef89c53a403b9c2e6f677340bea0307b02d97d07cc54bdfc3,no_salary_hike_no_attrition_no_department,raw,1,1101,3,3,0.02863089122820682,0.9514995022369651,0.01986960653482811
manuscript_final_20260712T175019Z_c664ef152ff3,c664ef152ff3a9eef89c53a403b9c2e6f677340bea0307b02d97d07cc54bdfc3,no_salary_hike_no_attrition_no_department,raw,1,1105,3,3,0.0006431922519411793,0.992691077050857,0.006665730697201757
manuscript_final_20260712T175019Z_c664ef152ff3,c664ef152ff3a9eef89c53a403b9c2e6f677340bea0307b02d97d07cc54bdfc3,no_salary_hike_no_attrition_no_department,raw,1,1107,3,3,0.002587872071194544,0.9766462367945415,0.02076589113426388
manuscript_final_20260712T175019Z_c664ef152ff3,c664ef152ff3a9eef89c53a403b9c2e6f677340bea0307b02d97d07cc54bdfc3,no_salary_hike_no_attrition_no_department,raw,1,1120,3,3,0.0022126184673392285,0.8095623217077818,0.188225059824879
manuscript_final_20260712T175019Z_c664ef152ff3,c664ef152ff3a9eef89c53a403b9c2e6f677340bea0307b02d97d07cc54bdfc3,no_salary_hike_no_attrition_no_department,raw,1,1149,3,3,0.0282776834764018,0.8598116476123846,0.11191066891121364
manuscript_final_20260712T175019Z_c664ef152ff3,c664ef152ff3a9eef89c53a403b9c2e6f677340bea0307b02d97d07cc54bdfc3,no_salary_hike_no_attrition_no_department,raw,1,1151,2,2,0.8174258467680452,0.18101328605052086,0.0015608671814339931
manuscript_final_20260712T175019Z_c664ef152ff3,c664ef152ff3a9eef89c53a403b9c2e6f677340bea0307b02d97d07cc54bdfc3,no_salary_hike_no_attrition_no_department,raw,1,1157,3,3,0.1719527244567871,0.786211371421814,0.041835904121398926
manuscript_final_20260712T175019Z_c664ef152ff3,c664ef152ff3a9eef89c53a403b9c2e6f677340bea0307b02d97d07cc54bdfc3,no_salary_hike_no_attrition_no_department,raw,1,1179,3,3,0.009472716992873944,0.8970872846224118,0.09343999838471422
manuscript_final_20260712T175019Z_c664ef152ff3,c664ef152ff3a9eef89c53a403b9c2e6f677340bea0307b02d97d07cc54bdfc3,no_salary_hike_no_attrition_no_department,raw,1,1187,3,3,0.0016927123349127547,0.916113805568882,0.08219348209620529
manuscript_final_20260712T175019Z_c664ef152ff3,c664ef152ff3a9eef89c53a403b9c2e6f677340bea0307b02d97d07cc54bdfc3,no_salary_hike_no_attrition_no_department,raw,1,1189,3,3,0.3939080057712795,0.5736799411082251,0.03241205312049547
manuscript_final_20260712T175019Z_c664ef152ff3,c664ef152ff3a9eef89c53a403b9c2e6f677340bea0307b02d97d07cc54bdfc3,no_salary_hike_no_attrition_no_department,raw,1,1195,4,3,0.0020620171710445103,0.7619903357286312,0.23594764710032437
manuscript_final_20260712T175019Z_c664ef152ff3,c664ef152ff3a9eef89c53a403b9c2e6f677340bea0307b02d97d07cc54bdfc3,no_salary_hike_no_attrition_no_department,sigmoid,1,17,3,3,0.0004931211748972772,0.9043538323511705,0.09515304647393216
manuscript_final_20260712T175019Z_c664ef152ff3,c664ef152ff3a9eef89c53a403b9c2e6f677340bea0307b02d97d07cc54bdfc3,no_salary_hike_no_attrition_no_department,sigmoid,1,24,3,3,0.0005425614510524092,0.8501433227393294,0.14931411580961815
manuscript_final_20260712T175019Z_c664ef152ff3,c664ef152ff3a9eef89c53a403b9c2e6f677340bea0307b02d97d07cc54bdfc3,no_salary_hike_no_attrition_no_department,sigmoid,1,30,3,2,0.7795742425214427,0.15914946990070827,0.06127628757784908
manuscript_final_20260712T175019Z_c664ef152ff3,c664ef152ff3a9eef89c53a403b9c2e6f677340bea0307b02d97d07cc54bdfc3,no_salary_hike_no_attrition_no_department,sigmoid,1,33,3,3,0.00090566081445593,0.8169542157923152,0.18214012339322896
manuscript_final_20260712T175019Z_c664ef152ff3,c664ef152ff3a9eef89c53a403b9c2e6f677340bea0307b02d97d07cc54bdfc3,no_salary_hike_no_attrition_no_department,sigmoid,1,34,3,3,0.0684280989226036,0.8363626682217927,0.09520923285560373
manuscript_final_20260712T175019Z_c664ef152ff3,c664ef152ff3a9eef89c53a403b9c2e6f677340bea0307b02d97d07cc54bdfc3,no_salary_hike_no_attrition_no_department,sigmoid,1,36,3,3,0.00409804909605417,0.8079308148562634,0.18797113604768237
manuscript_final_20260712T175019Z_c664ef152ff3,c664ef152ff3a9eef89c53a403b9c2e6f677340bea0307b02d97d07cc54bdfc3,no_salary_hike_no_attrition_no_department,sigmoid,1,45,3,3,0.0020352908126980173,0.8204151631782818,0.17754954600902023
manuscript_final_20260712T175019Z_c664ef152ff3,c664ef152ff3a9eef89c53a403b9c2e6f677340bea0307b02d97d07cc54bdfc3,no_salary_hike_no_attrition_no_department,sigmoid,1,52,3,3,0.0012988764321657466,0.8784783819834109,0.12022274158442343
manuscript_final_20260712T175019Z_c664ef152ff3,c664ef152ff3a9eef89c53a403b9c2e6f677340bea0307b02d97d07cc54bdfc3,no_salary_hike_no_attrition_no_department,sigmoid,1,60,4,3,6.571740374960224e-05,0.9154161810587266,0.0845181015375239
manuscript_final_20260712T175019Z_c664ef152ff3,c664ef152ff3a9eef89c53a403b9c2e6f677340bea0307b02d97d07cc54bdfc3,no_salary_hike_no_attrition_no_department,sigmoid,1,73,3,3,0.0009298551680087302,0.7999707136625777,0.19909943116941364
manuscript_final_20260712T175019Z_c664ef152ff3,c664ef152ff3a9eef89c53a403b9c2e6f677340bea0307b02d97d07cc54bdfc3,no_salary_hike_no_attrition_no_department,sigmoid,1,75,3,3,0.00869244703541525,0.6109943286410072,0.38031322432357745
manuscript_final_20260712T175019Z_c664ef152ff3,c664ef152ff3a9eef89c53a403b9c2e6f677340bea0307b02d97d07cc54bdfc3,no_salary_hike_no_attrition_no_department,sigmoid,1,112,3,3,0.042697043205279055,0.8758150299422046,0.08148792685251628
manuscript_final_20260712T175019Z_c664ef152ff3,c664ef152ff3a9eef89c53a403b9c2e6f677340bea0307b02d97d07cc54bdfc3,no_salary_hike_no_attrition_no_department,sigmoid,1,116,3,3,0.0005096156348564837,0.8582183056053551,0.1412720787597885
manuscript_final_20260712T175019Z_c664ef152ff3,c664ef152ff3a9eef89c53a403b9c2e6f677340bea0307b02d97d07cc54bdfc3,no_salary_hike_no_attrition_no_department,sigmoid,1,120,3,3,8.494153572448844e-05,0.9326658452247485,0.06724921323952697
manuscript_final_20260712T175019Z_c664ef152ff3,c664ef152ff3a9eef89c53a403b9c2e6f677340bea0307b02d97d07cc54bdfc3,no_salary_hike_no_attrition_no_department,sigmoid,1,135,3,3,0.0014846940139197923,0.900552819425882,0.09796248656019814
manuscript_final_20260712T175019Z_c664ef152ff3,c664ef152ff3a9eef89c53a403b9c2e6f677340bea0307b02d97d07cc54bdfc3,no_salary_hike_no_attrition_no_department,sigmoid,1,148,3,3,0.00014631847014303056,0.8615992247393045,0.1382544567905524
manuscript_final_20260712T175019Z_c664ef152ff3,c664ef152ff3a9eef89c53a403b9c2e6f677340bea0307b02d97d07cc54bdfc3,no_salary_hike_no_attrition_no_department,sigmoid,1,150,3,3,0.00014082474383809147,0.903800704624886,0.09605847063127576
manuscript_final_20260712T175019Z_c664ef152ff3,c664ef152ff3a9eef89c53a403b9c2e6f677340bea0307b02d97d07cc54bdfc3,no_salary_hike_no_attrition_no_department,sigmoid,1,156,3,3,0.0006557220463123473,0.8634465561544936,0.135897721799194
manuscript_final_20260712T175019Z_c664ef152ff3,c664ef152ff3a9eef89c53a403b9c2e6f677340bea0307b02d97d07cc54bdfc3,no_salary_hike_no_attrition_no_department,sigmoid,1,158,3,3,0.0005921034598186782,0.8816322018642836,0.11777569467589777
manuscript_final_20260712T175019Z_c664ef152ff3,c664ef152ff3a9eef89c53a403b9c2e6f677340bea0307b02d97d07cc54bdfc3,no_salary_hike_no_attrition_no_department,sigmoid,1,164,2,2,0.869805699178391,0.09401937934464788,0.0361749214769613
manuscript_final_20260712T175019Z_c664ef152ff3,c664ef152ff3a9eef89c53a403b9c2e6f677340bea0307b02d97d07cc54bdfc3,no_salary_hike_no_attrition_no_department,sigmoid,1,168,3,3,0.001333192025251715,0.8510503305743125,0.1476164774004358
manuscript_final_20260712T175019Z_c664ef152ff3,c664ef152ff3a9eef89c53a403b9c2e6f677340bea0307b02d97d07cc54bdfc3,no_salary_hike_no_attrition_no_department,sigmoid,1,169,2,2,0.790565025780192,0.16584758840229158,0.0435873858175163
manuscript_final_20260712T175019Z_c664ef152ff3,c664ef152ff3a9eef89c53a403b9c2e6f677340bea0307b02d97d07cc54bdfc3,no_salary_hike_no_attrition_no_department,sigmoid,1,172,3,3,0.0004095339795748875,0.8797526816471626,0.11983778437326244
manuscript_final_20260712T175019Z_c664ef152ff3,c664ef152ff3a9eef89c53a403b9c2e6f677340bea0307b02d97d07cc54bdfc3,no_salary_hike_no_attrition_no_department,sigmoid,1,182,2,2,0.8455879993541606,0.1302566555697092,0.024155345076130173
manuscript_final_20260712T175019Z_c664ef152ff3,c664ef152ff3a9eef89c53a403b9c2e6f677340bea0307b02d97d07cc54bdfc3,no_salary_hike_no_attrition_no_department,sigmoid,1,185,3,3,0.0032492940772410914,0.8954742293530762,0.1012764765696827
manuscript_final_20260712T175019Z_c664ef152ff3,c664ef152ff3a9eef89c53a403b9c2e6f677340bea0307b02d97d07cc54bdfc3,no_salary_hike_no_attrition_no_department,sigmoid,1,186,3,3,0.3105764445476492,0.5752585029893369,0.11416505246301392
manuscript_final_20260712T175019Z_c664ef152ff3,c664ef152ff3a9eef89c53a403b9c2e6f677340bea0307b02d97d07cc54bdfc3,no_salary_hike_no_attrition_no_department,sigmoid,1,187,3,3,0.013792353163030338,0.8599415619406621,0.1262660848963076
manuscript_final_20260712T175019Z_c664ef152ff3,c664ef152ff3a9eef89c53a403b9c2e6f677340bea0307b02d97d07cc54bdfc3,no_salary_hike_no_attrition_no_department,sigmoid,1,195,2,2,0.6396346921539963,0.31342803331127383,0.04693727453473009
manuscript_final_20260712T175019Z_c664ef152ff3,c664ef152ff3a9eef89c53a403b9c2e6f677340bea0307b02d97d07cc54bdfc3,no_salary_hike_no_attrition_no_department,sigmoid,1,198,3,3,0.0024236970847213877,0.9012653938376741,0.09631090907760441
manuscript_final_20260712T175019Z_c664ef152ff3,c664ef152ff3a9eef89c53a403b9c2e6f677340bea0307b02d97d07cc54bdfc3,no_salary_hike_no_attrition_no_department,sigmoid,1,210,3,3,0.0011045645909035283,0.8771007501877212,0.1217946852213753
manuscript_final_20260712T175019Z_c664ef152ff3,c664ef152ff3a9eef89c53a403b9c2e6f677340bea0307b02d97d07cc54bdfc3,no_salary_hike_no_attrition_no_department,sigmoid,1,239,3,3,0.0004253304293964642,0.8917202749934405,0.10785439457716293
manuscript_final_20260712T175019Z_c664ef152ff3,c664ef152ff3a9eef89c53a403b9c2e6f677340bea0307b02d97d07cc54bdfc3,no_salary_hike_no_attrition_no_department,sigmoid,1,256,3,3,0.001592265008464574,0.9389762721607716,0.059431462830763816
manuscript_final_20260712T175019Z_c664ef152ff3,c664ef152ff3a9eef89c53a403b9c2e6f677340bea0307b02d97d07cc54bdfc3,no_salary_hike_no_attrition_no_department,sigmoid,1,280,3,3,0.2128523162088861,0.7008660174536607,0.08628166633745324
manuscript_final_20260712T175019Z_c664ef152ff3,c664ef152ff3a9eef89c53a403b9c2e6f677340bea0307b02d97d07cc54bdfc3,no_salary_hike_no_attrition_no_department,sigmoid,1,301,3,3,0.00022101098321769286,0.9053227673070897,0.0944562217096926
manuscript_final_20260712T175019Z_c664ef152ff3,c664ef152ff3a9eef89c53a403b9c2e6f677340bea0307b02d97d07cc54bdfc3,no_salary_hike_no_attrition_no_department,sigmoid,1,312,4,3,0.0011646036905126416,0.9416182822675737,0.05721711404191374
manuscript_final_20260712T175019Z_c664ef152ff3,c664ef152ff3a9eef89c53a403b9c2e6f677340bea0307b02d97d07cc54bdfc3,no_salary_hike_no_attrition_no_department,sigmoid,1,320,3,3,0.0009204775400659474,0.9033725964328251,0.09570692602710897
manuscript_final_20260712T175019Z_c664ef152ff3,c664ef152ff3a9eef89c53a403b9c2e6f677340bea0307b02d97d07cc54bdfc3,no_salary_hike_no_attrition_no_department,sigmoid,1,329,4,3,0.00038423402086026063,0.9332182759613556,0.06639749001778408
manuscript_final_20260712T175019Z_c664ef152ff3,c664ef152ff3a9eef89c53a403b9c2e6f677340bea0307b02d97d07cc54bdfc3,no_salary_hike_no_attrition_no_department,sigmoid,1,338,2,2,0.8510490834364915,0.10452403551392057,0.0444268810495878
manuscript_final_20260712T175019Z_c664ef152ff3,c664ef152ff3a9eef89c53a403b9c2e6f677340bea0307b02d97d07cc54bdfc3,no_salary_hike_no_attrition_no_department,sigmoid,1,343,3,3,0.001407443893315949,0.7212121854171576,0.2773803706895265
manuscript_final_20260712T175019Z_c664ef152ff3,c664ef152ff3a9eef89c53a403b9c2e6f677340bea0307b02d97d07cc54bdfc3,no_salary_hike_no_attrition_no_department,sigmoid,1,350,3,3,0.0012066707362901102,0.926186269263683,0.07260706000002688
manuscript_final_20260712T175019Z_c664ef152ff3,c664ef152ff3a9eef89c53a403b9c2e6f677340bea0307b02d97d07cc54bdfc3,no_salary_hike_no_attrition_no_department,sigmoid,1,362,3,3,0.019653668904086728,0.7458820380932153,0.23446429300269797
manuscript_final_20260712T175019Z_c664ef152ff3,c664ef152ff3a9eef89c53a403b9c2e6f677340bea0307b02d97d07cc54bdfc3,no_salary_hike_no_attrition_no_department,sigmoid,1,363,2,2,0.868987476280688,0.1008357458455305,0.030176777873781417
manuscript_final_20260712T175019Z_c664ef152ff3,c664ef152ff3a9eef89c53a403b9c2e6f677340bea0307b02d97d07cc54bdfc3,no_salary_hike_no_attrition_no_department,sigmoid,1,364,2,2,0.7659455846657082,0.19414067748366448,0.039913737850627275
manuscript_final_20260712T175019Z_c664ef152ff3,c664ef152ff3a9eef89c53a403b9c2e6f677340bea0307b02d97d07cc54bdfc3,no_salary_hike_no_attrition_no_department,sigmoid,1,367,3,3,0.007614713183378601,0.7676033701208785,0.22478191669574288
manuscript_final_20260712T175019Z_c664ef152ff3,c664ef152ff3a9eef89c53a403b9c2e6f677340bea0307b02d97d07cc54bdfc3,no_salary_hike_no_attrition_no_department,sigmoid,1,386,3,2,0.780714187672008,0.1762840176708815,0.04300179465711051
manuscript_final_20260712T175019Z_c664ef152ff3,c664ef152ff3a9eef89c53a403b9c2e6f677340bea0307b02d97d07cc54bdfc3,no_salary_hike_no_attrition_no_department,sigmoid,1,391,3,3,0.0007740147911828272,0.7761323597072479,0.22309362550156925
manuscript_final_20260712T175019Z_c664ef152ff3,c664ef152ff3a9eef89c53a403b9c2e6f677340bea0307b02d97d07cc54bdfc3,no_salary_hike_no_attrition_no_department,sigmoid,1,395,3,3,0.03117526467529142,0.7858209179563429,0.18300381736836568
manuscript_final_20260712T175019Z_c664ef152ff3,c664ef152ff3a9eef89c53a403b9c2e6f677340bea0307b02d97d07cc54bdfc3,no_salary_hike_no_attrition_no_department,sigmoid,1,403,3,3,0.002783172902791627,0.95988448042385,0.03733234667335835
manuscript_final_20260712T175019Z_c664ef152ff3,c664ef152ff3a9eef89c53a403b9c2e6f677340bea0307b02d97d07cc54bdfc3,no_salary_hike_no_attrition_no_department,sigmoid,1,417,3,3,0.00210407709004418,0.7592758630701841,0.23862005983977172
manuscript_final_20260712T175019Z_c664ef152ff3,c664ef152ff3a9eef89c53a403b9c2e6f677340bea0307b02d97d07cc54bdfc3,no_salary_hike_no_attrition_no_department,sigmoid,1,421,3,3,0.0009764682192434524,0.9355924491017276,0.06343108267902899
manuscript_final_20260712T175019Z_c664ef152ff3,c664ef152ff3a9eef89c53a403b9c2e6f677340bea0307b02d97d07cc54bdfc3,no_salary_hike_no_attrition_no_department,sigmoid,1,422,3,3,0.0007645115325067307,0.721753097178001,0.27748239128949237
manuscript_final_20260712T175019Z_c664ef152ff3,c664ef152ff3a9eef89c53a403b9c2e6f677340bea0307b02d97d07cc54bdfc3,no_salary_hike_no_attrition_no_department,sigmoid,1,432,3,3,0.0012916512977625457,0.8854584634039186,0.1132498852983188
manuscript_final_20260712T175019Z_c664ef152ff3,c664ef152ff3a9eef89c53a403b9c2e6f677340bea0307b02d97d07cc54bdfc3,no_salary_hike_no_attrition_no_department,sigmoid,1,438,4,3,0.0011350514084452598,0.8774691878089469,0.12139576078260784
manuscript_final_20260712T175019Z_c664ef152ff3,c664ef152ff3a9eef89c53a403b9c2e6f677340bea0307b02d97d07cc54bdfc3,no_salary_hike_no_attrition_no_department,sigmoid,1,454,3,3,0.0013053960875756612,0.8085449323792097,0.19014967153321474
manuscript_final_20260712T175019Z_c664ef152ff3,c664ef152ff3a9eef89c53a403b9c2e6f677340bea0307b02d97d07cc54bdfc3,no_salary_hike_no_attrition_no_department,sigmoid,1,484,3,3,0.002399409191507399,0.8813230085120626,0.11627758229643008
manuscript_final_20260712T175019Z_c664ef152ff3,c664ef152ff3a9eef89c53a403b9c2e6f677340bea0307b02d97d07cc54bdfc3,no_salary_hike_no_attrition_no_department,sigmoid,1,487,3,3,0.0013506671536149986,0.7948108405379146,0.20383849230847031
manuscript_final_20260712T175019Z_c664ef152ff3,c664ef152ff3a9eef89c53a403b9c2e6f677340bea0307b02d97d07cc54bdfc3,no_salary_hike_no_attrition_no_department,sigmoid,1,488,3,3,0.0005352641579646403,0.771858462792874,0.22760627304916137
manuscript_final_20260712T175019Z_c664ef152ff3,c664ef152ff3a9eef89c53a403b9c2e6f677340bea0307b02d97d07cc54bdfc3,no_salary_hike_no_attrition_no_department,sigmoid,1,495,2,2,0.7301110016430834,0.20583044601300743,0.06405855234390934
manuscript_final_20260712T175019Z_c664ef152ff3,c664ef152ff3a9eef89c53a403b9c2e6f677340bea0307b02d97d07cc54bdfc3,no_salary_hike_no_attrition_no_department,sigmoid,1,516,3,3,0.022050615221386363,0.8408931760920791,0.13705620868653448
manuscript_final_20260712T175019Z_c664ef152ff3,c664ef152ff3a9eef89c53a403b9c2e6f677340bea0307b02d97d07cc54bdfc3,no_salary_hike_no_attrition_no_department,sigmoid,1,517,3,3,0.002856264548321788,0.8964143121948472,0.10072942325683103
manuscript_final_20260712T175019Z_c664ef152ff3,c664ef152ff3a9eef89c53a403b9c2e6f677340bea0307b02d97d07cc54bdfc3,no_salary_hike_no_attrition_no_department,sigmoid,1,527,4,3,0.0006460089178557321,0.8353593652881126,0.16399462579403162
manuscript_final_20260712T175019Z_c664ef152ff3,c664ef152ff3a9eef89c53a403b9c2e6f677340bea0307b02d97d07cc54bdfc3,no_salary_hike_no_attrition_no_department,sigmoid,1,530,4,3,0.003213910969875409,0.8689278864553466,0.1278582025747781
manuscript_final_20260712T175019Z_c664ef152ff3,c664ef152ff3a9eef89c53a403b9c2e6f677340bea0307b02d97d07cc54bdfc3,no_salary_hike_no_attrition_no_department,sigmoid,1,536,3,3,0.00046812150586994543,0.9187296336574279,0.08080224483670226
manuscript_final_20260712T175019Z_c664ef152ff3,c664ef152ff3a9eef89c53a403b9c2e6f677340bea0307b02d97d07cc54bdfc3,no_salary_hike_no_attrition_no_department,sigmoid,1,539,3,3,0.0007320951784749245,0.915283874801942,0.08398403001958324
manuscript_final_20260712T175019Z_c664ef152ff3,c664ef152ff3a9eef89c53a403b9c2e6f677340bea0307b02d97d07cc54bdfc3,no_salary_hike_no_attrition_no_department,sigmoid,1,561,2,2,0.634825143108611,0.3018842544110688,0.06329060248032009
manuscript_final_20260712T175019Z_c664ef152ff3,c664ef152ff3a9eef89c53a403b9c2e6f677340bea0307b02d97d07cc54bdfc3,no_salary_hike_no_attrition_no_department,sigmoid,1,570,3,3,0.030413051318299106,0.9222869982092808,0.04729995047241999
manuscript_final_20260712T175019Z_c664ef152ff3,c664ef152ff3a9eef89c53a403b9c2e6f677340bea0307b02d97d07cc54bdfc3,no_salary_hike_no_attrition_no_department,sigmoid,1,579,3,3,0.00035119423817086897,0.8195138810847227,0.18013492467710643
manuscript_final_20260712T175019Z_c664ef152ff3,c664ef152ff3a9eef89c53a403b9c2e6f677340bea0307b02d97d07cc54bdfc3,no_salary_hike_no_attrition_no_department,sigmoid,1,596,3,3,0.01306526222179748,0.9000601361533103,0.08687460162489241
manuscript_final_20260712T175019Z_c664ef152ff3,c664ef152ff3a9eef89c53a403b9c2e6f677340bea0307b02d97d07cc54bdfc3,no_salary_hike_no_attrition_no_department,sigmoid,1,599,2,2,0.7790322492626406,0.170005885673926,0.050961865063433386
manuscript_final_20260712T175019Z_c664ef152ff3,c664ef152ff3a9eef89c53a403b9c2e6f677340bea0307b02d97d07cc54bdfc3,no_salary_hike_no_attrition_no_department,sigmoid,1,639,2,2,0.8533012271815914,0.11076830551689376,0.0359304673015147
manuscript_final_20260712T175019Z_c664ef152ff3,c664ef152ff3a9eef89c53a403b9c2e6f677340bea0307b02d97d07cc54bdfc3,no_salary_hike_no_attrition_no_department,sigmoid,1,645,3,3,0.0003337831425352429,0.9089660646027621,0.09070015225470264
manuscript_final_20260712T175019Z_c664ef152ff3,c664ef152ff3a9eef89c53a403b9c2e6f677340bea0307b02d97d07cc54bdfc3,no_salary_hike_no_attrition_no_department,sigmoid,1,660,4,3,0.000949790468813189,0.8866231346473059,0.11242707488388098
manuscript_final_20260712T175019Z_c664ef152ff3,c664ef152ff3a9eef89c53a403b9c2e6f677340bea0307b02d97d07cc54bdfc3,no_salary_hike_no_attrition_no_department,sigmoid,1,664,3,3,0.0029305843137078075,0.7848941113359579,0.21217530435033433
manuscript_final_20260712T175019Z_c664ef152ff3,c664ef152ff3a9eef89c53a403b9c2e6f677340bea0307b02d97d07cc54bdfc3,no_salary_hike_no_attrition_no_department,sigmoid,1,667,2,2,0.8903659905464253,0.07843447209865038,0.031199537354924475
manuscript_final_20260712T175019Z_c664ef152ff3,c664ef152ff3a9eef89c53a403b9c2e6f677340bea0307b02d97d07cc54bdfc3,no_salary_hike_no_attrition_no_department,sigmoid,1,679,3,3,0.0010405158676875864,0.8246076090674348,0.17435187506487762
manuscript_final_20260712T175019Z_c664ef152ff3,c664ef152ff3a9eef89c53a403b9c2e6f677340bea0307b02d97d07cc54bdfc3,no_salary_hike_no_attrition_no_department,sigmoid,1,691,3,3,0.0005179852020186485,0.9038215681096746,0.09566044668830662
manuscript_final_20260712T175019Z_c664ef152ff3,c664ef152ff3a9eef89c53a403b9c2e6f677340bea0307b02d97d07cc54bdfc3,no_salary_hike_no_attrition_no_department,sigmoid,1,712,2,2,0.8199159099792426,0.14777931255525298,0.03230477746550435
manuscript_final_20260712T175019Z_c664ef152ff3,c664ef152ff3a9eef89c53a403b9c2e6f677340bea0307b02d97d07cc54bdfc3,no_salary_hike_no_attrition_no_department,sigmoid,1,717,3,3,0.0022067220154694095,0.8660375623757696,0.13175571560876098
manuscript_final_20260712T175019Z_c664ef152ff3,c664ef152ff3a9eef89c53a403b9c2e6f677340bea0307b02d97d07cc54bdfc3,no_salary_hike_no_attrition_no_department,sigmoid,1,720,4,3,0.0007494685186296165,0.7316956652313182,0.26755486625005215
manuscript_final_20260712T175019Z_c664ef152ff3,c664ef152ff3a9eef89c53a403b9c2e6f677340bea0307b02d97d07cc54bdfc3,no_salary_hike_no_attrition_no_department,sigmoid,1,727,3,3,0.00092562349530622,0.9341942307586485,0.0648801457460453
manuscript_final_20260712T175019Z_c664ef152ff3,c664ef152ff3a9eef89c53a403b9c2e6f677340bea0307b02d97d07cc54bdfc3,no_salary_hike_no_attrition_no_department,sigmoid,1,730,2,2,0.910813191342216,0.04604223780766341,0.043144570850120634
manuscript_final_20260712T175019Z_c664ef152ff3,c664ef152ff3a9eef89c53a403b9c2e6f677340bea0307b02d97d07cc54bdfc3,no_salary_hike_no_attrition_no_department,sigmoid,1,750,3,3,0.009775976781039574,0.8734481614157793,0.11677586180318113
manuscript_final_20260712T175019Z_c664ef152ff3,c664ef152ff3a9eef89c53a403b9c2e6f677340bea0307b02d97d07cc54bdfc3,no_salary_hike_no_attrition_no_department,sigmoid,1,759,2,2,0.7651820406458454,0.16268162104443432,0.0721363383097204
manuscript_final_20260712T175019Z_c664ef152ff3,c664ef152ff3a9eef89c53a403b9c2e6f677340bea0307b02d97d07cc54bdfc3,no_salary_hike_no_attrition_no_department,sigmoid,1,779,3,3,0.12022638803537475,0.827850055669399,0.051923556295226304
manuscript_final_20260712T175019Z_c664ef152ff3,c664ef152ff3a9eef89c53a403b9c2e6f677340bea0307b02d97d07cc54bdfc3,no_salary_hike_no_attrition_no_department,sigmoid,1,784,3,3,0.0004789320176564989,0.8859472022281331,0.11357386575421045
manuscript_final_20260712T175019Z_c664ef152ff3,c664ef152ff3a9eef89c53a403b9c2e6f677340bea0307b02d97d07cc54bdfc3,no_salary_hike_no_attrition_no_department,sigmoid,1,787,3,3,0.00015845645712156517,0.7432830584614322,0.2565584850814462
manuscript_final_20260712T175019Z_c664ef152ff3,c664ef152ff3a9eef89c53a403b9c2e6f677340bea0307b02d97d07cc54bdfc3,no_salary_hike_no_attrition_no_department,sigmoid,1,796,3,3,0.00020851090534883198,0.8806913910496698,0.1191000980449814
manuscript_final_20260712T175019Z_c664ef152ff3,c664ef152ff3a9eef89c53a403b9c2e6f677340bea0307b02d97d07cc54bdfc3,no_salary_hike_no_attrition_no_department,sigmoid,1,805,3,3,0.0015806697963828703,0.9118153284773951,0.0866040017262221
manuscript_final_20260712T175019Z_c664ef152ff3,c664ef152ff3a9eef89c53a403b9c2e6f677340bea0307b02d97d07cc54bdfc3,no_salary_hike_no_attrition_no_department,sigmoid,1,838,4,3,0.0007601838314740657,0.897200225413004,0.10203959075552178
manuscript_final_20260712T175019Z_c664ef152ff3,c664ef152ff3a9eef89c53a403b9c2e6f677340bea0307b02d97d07cc54bdfc3,no_salary_hike_no_attrition_no_department,sigmoid,1,843,3,3,0.021964775491403608,0.887577865794456,0.09045735871414046
manuscript_final_20260712T175019Z_c664ef152ff3,c664ef152ff3a9eef89c53a403b9c2e6f677340bea0307b02d97d07cc54bdfc3,no_salary_hike_no_attrition_no_department,sigmoid,1,852,3,3,0.0005327779731821797,0.8492779828029723,0.1501892392238455
manuscript_final_20260712T175019Z_c664ef152ff3,c664ef152ff3a9eef89c53a403b9c2e6f677340bea0307b02d97d07cc54bdfc3,no_salary_hike_no_attrition_no_department,sigmoid,1,854,3,3,0.0005177224179958221,0.8591557493796675,0.14032652820233663
manuscript_final_20260712T175019Z_c664ef152ff3,c664ef152ff3a9eef89c53a403b9c2e6f677340bea0307b02d97d07cc54bdfc3,no_salary_hike_no_attrition_no_department,sigmoid,1,875,4,3,0.003502538663300341,0.610420212677029,0.38607724865967064
manuscript_final_20260712T175019Z_c664ef152ff3,c664ef152ff3a9eef89c53a403b9c2e6f677340bea0307b02d97d07cc54bdfc3,no_salary_hike_no_attrition_no_department,sigmoid,1,902,4,3,0.000423319320663649,0.7138658498646167,0.28571083081471965
manuscript_final_20260712T175019Z_c664ef152ff3,c664ef152ff3a9eef89c53a403b9c2e6f677340bea0307b02d97d07cc54bdfc3,no_salary_hike_no_attrition_no_department,sigmoid,1,960,4,3,0.0011744576856733977,0.9428612776095074,0.055964264704819154
manuscript_final_20260712T175019Z_c664ef152ff3,c664ef152ff3a9eef89c53a403b9c2e6f677340bea0307b02d97d07cc54bdfc3,no_salary_hike_no_attrition_no_department,sigmoid,1,985,3,3,0.0007726547822894803,0.7485834672398904,0.2506438779778201
manuscript_final_20260712T175019Z_c664ef152ff3,c664ef152ff3a9eef89c53a403b9c2e6f677340bea0307b02d97d07cc54bdfc3,no_salary_hike_no_attrition_no_department,sigmoid,1,994,3,3,0.38914970757657624,0.5645718548876887,0.04627843753573506
manuscript_final_20260712T175019Z_c664ef152ff3,c664ef152ff3a9eef89c53a403b9c2e6f677340bea0307b02d97d07cc54bdfc3,no_salary_hike_no_attrition_no_department,sigmoid,1,1019,3,3,0.0006222519658447588,0.9487147371643059,0.05066301086984927
manuscript_final_20260712T175019Z_c664ef152ff3,c664ef152ff3a9eef89c53a403b9c2e6f677340bea0307b02d97d07cc54bdfc3,no_salary_hike_no_attrition_no_department,sigmoid,1,1023,2,2,0.5749461357406209,0.3536536291854269,0.07140023507395221
manuscript_final_20260712T175019Z_c664ef152ff3,c664ef152ff3a9eef89c53a403b9c2e6f677340bea0307b02d97d07cc54bdfc3,no_salary_hike_no_attrition_no_department,sigmoid,1,1032,3,3,0.0009386664246997855,0.7722115425062466,0.2268497910690536
manuscript_final_20260712T175019Z_c664ef152ff3,c664ef152ff3a9eef89c53a403b9c2e6f677340bea0307b02d97d07cc54bdfc3,no_salary_hike_no_attrition_no_department,sigmoid,1,1033,3,3,0.0021114625935506424,0.7440748353117592,0.25381370209469023
manuscript_final_20260712T175019Z_c664ef152ff3,c664ef152ff3a9eef89c53a403b9c2e6f677340bea0307b02d97d07cc54bdfc3,no_salary_hike_no_attrition_no_department,sigmoid,1,1036,3,3,0.0005656289313809238,0.8110819844592952,0.18835238660932394
manuscript_final_20260712T175019Z_c664ef152ff3,c664ef152ff3a9eef89c53a403b9c2e6f677340bea0307b02d97d07cc54bdfc3,no_salary_hike_no_attrition_no_department,sigmoid,1,1049,3,3,0.0030029676640519784,0.8542393330987835,0.14275769923716447
manuscript_final_20260712T175019Z_c664ef152ff3,c664ef152ff3a9eef89c53a403b9c2e6f677340bea0307b02d97d07cc54bdfc3,no_salary_hike_no_attrition_no_department,sigmoid,1,1055,3,3,0.0009835260214410071,0.8718118279488116,0.12720464602974743
manuscript_final_20260712T175019Z_c664ef152ff3,c664ef152ff3a9eef89c53a403b9c2e6f677340bea0307b02d97d07cc54bdfc3,no_salary_hike_no_attrition_no_department,sigmoid,1,1056,3,3,0.0007083829081211494,0.8918351012149185,0.10745651587696049
manuscript_final_20260712T175019Z_c664ef152ff3,c664ef152ff3a9eef89c53a403b9c2e6f677340bea0307b02d97d07cc54bdfc3,no_salary_hike_no_attrition_no_department,sigmoid,1,1058,3,3,0.0016914470924139597,0.822436375320491,0.1758721775870951
manuscript_final_20260712T175019Z_c664ef152ff3,c664ef152ff3a9eef89c53a403b9c2e6f677340bea0307b02d97d07cc54bdfc3,no_salary_hike_no_attrition_no_department,sigmoid,1,1068,3,3,0.00014089119078885127,0.8993794038049908,0.10047970500422049
manuscript_final_20260712T175019Z_c664ef152ff3,c664ef152ff3a9eef89c53a403b9c2e6f677340bea0307b02d97d07cc54bdfc3,no_salary_hike_no_attrition_no_department,sigmoid,1,1081,2,2,0.7017273681827171,0.2584855415084577,0.039787090308825324
manuscript_final_20260712T175019Z_c664ef152ff3,c664ef152ff3a9eef89c53a403b9c2e6f677340bea0307b02d97d07cc54bdfc3,no_salary_hike_no_attrition_no_department,sigmoid,1,1091,2,2,0.8583499149620581,0.09330435312940094,0.04834573190854088
manuscript_final_20260712T175019Z_c664ef152ff3,c664ef152ff3a9eef89c53a403b9c2e6f677340bea0307b02d97d07cc54bdfc3,no_salary_hike_no_attrition_no_department,sigmoid,1,1101,3,3,0.01729460699500501,0.9073945521810183,0.0753108408239768
manuscript_final_20260712T175019Z_c664ef152ff3,c664ef152ff3a9eef89c53a403b9c2e6f677340bea0307b02d97d07cc54bdfc3,no_salary_hike_no_attrition_no_department,sigmoid,1,1105,3,3,0.00026497563307103063,0.9509068216059227,0.048828202761006224
manuscript_final_20260712T175019Z_c664ef152ff3,c664ef152ff3a9eef89c53a403b9c2e6f677340bea0307b02d97d07cc54bdfc3,no_salary_hike_no_attrition_no_department,sigmoid,1,1107,3,3,0.0012152539046286204,0.9239638536003146,0.07482089249505666
manuscript_final_20260712T175019Z_c664ef152ff3,c664ef152ff3a9eef89c53a403b9c2e6f677340bea0307b02d97d07cc54bdfc3,no_salary_hike_no_attrition_no_department,sigmoid,1,1120,3,3,0.0011198481079048202,0.8123432347300675,0.1865369171620277
manuscript_final_20260712T175019Z_c664ef152ff3,c664ef152ff3a9eef89c53a403b9c2e6f677340bea0307b02d97d07cc54bdfc3,no_salary_hike_no_attrition_no_department,sigmoid,1,1149,3,3,0.017667054283315217,0.8344779403904289,0.1478550053262559
manuscript_final_20260712T175019Z_c664ef152ff3,c664ef152ff3a9eef89c53a403b9c2e6f677340bea0307b02d97d07cc54bdfc3,no_salary_hike_no_attrition_no_department,sigmoid,1,1151,2,2,0.7318464774283971,0.24192125879158577,0.026232263780017237
manuscript_final_20260712T175019Z_c664ef152ff3,c664ef152ff3a9eef89c53a403b9c2e6f677340bea0307b02d97d07cc54bdfc3,no_salary_hike_no_attrition_no_department,sigmoid,1,1157,3,3,0.13304365757810033,0.7646121722507853,0.10234417017111445
manuscript_final_20260712T175019Z_c664ef152ff3,c664ef152ff3a9eef89c53a403b9c2e6f677340bea0307b02d97d07cc54bdfc3,no_salary_hike_no_attrition_no_department,sigmoid,1,1179,3,3,0.005229315959527859,0.8588712455678884,0.13589943847258365
manuscript_final_20260712T175019Z_c664ef152ff3,c664ef152ff3a9eef89c53a403b9c2e6f677340bea0307b02d97d07cc54bdfc3,no_salary_hike_no_attrition_no_department,sigmoid,1,1187,3,3,0.0007887840718985553,0.8709941144164212,0.12821710151168017
manuscript_final_20260712T175019Z_c664ef152ff3,c664ef152ff3a9eef89c53a403b9c2e6f677340bea0307b02d97d07cc54bdfc3,no_salary_hike_no_attrition_no_department,sigmoid,1,1189,3,3,0.3369284040337251,0.5734577526536364,0.08961384331263851
manuscript_final_20260712T175019Z_c664ef152ff3,c664ef152ff3a9eef89c53a403b9c2e6f677340bea0307b02d97d07cc54bdfc3,no_salary_hike_no_attrition_no_department,sigmoid,1,1195,4,3,0.001063345799276776,0.7892779765526503,0.209658677648073
manuscript_final_20260712T175019Z_c664ef152ff3,c664ef152ff3a9eef89c53a403b9c2e6f677340bea0307b02d97d07cc54bdfc3,no_salary_hike_no_attrition_no_department,isotonic,1,17,3,3,9.94599450053714e-09,0.8775877500473946,0.12241224000661095
manuscript_final_20260712T175019Z_c664ef152ff3,c664ef152ff3a9eef89c53a403b9c2e6f677340bea0307b02d97d07cc54bdfc3,no_salary_hike_no_attrition_no_department,isotonic,1,24,3,3,9.94599450053714e-09,0.8775877500473946,0.12241224000661095
manuscript_final_20260712T175019Z_c664ef152ff3,c664ef152ff3a9eef89c53a403b9c2e6f677340bea0307b02d97d07cc54bdfc3,no_salary_hike_no_attrition_no_department,isotonic,1,30,3,2,0.9130434691304349,0.08695652086956523,9.999999900000002e-09
manuscript_final_20260712T175019Z_c664ef152ff3,c664ef152ff3a9eef89c53a403b9c2e6f677340bea0307b02d97d07cc54bdfc3,no_salary_hike_no_attrition_no_department,isotonic,1,33,3,3,9.946523965237781e-09,0.8342245906328463,0.1657753994206297
manuscript_final_20260712T175019Z_c664ef152ff3,c664ef152ff3a9eef89c53a403b9c2e6f677340bea0307b02d97d07cc54bdfc3,no_salary_hike_no_attrition_no_department,isotonic,1,34,3,3,9.94599450053714e-09,0.8775877500473946,0.12241224000661095
manuscript_final_20260712T175019Z_c664ef152ff3,c664ef152ff3a9eef89c53a403b9c2e6f677340bea0307b02d97d07cc54bdfc3,no_salary_hike_no_attrition_no_department,isotonic,1,36,3,3,9.946523965237781e-09,0.8342245906328463,0.1657753994206297
manuscript_final_20260712T175019Z_c664ef152ff3,c664ef152ff3a9eef89c53a403b9c2e6f677340bea0307b02d97d07cc54bdfc3,no_salary_hike_no_attrition_no_department,isotonic,1,45,3,3,9.946523965237781e-09,0.8342245906328463,0.1657753994206297
manuscript_final_20260712T175019Z_c664ef152ff3,c664ef152ff3a9eef89c53a403b9c2e6f677340bea0307b02d97d07cc54bdfc3,no_salary_hike_no_attrition_no_department,isotonic,1,52,3,3,9.94599450053714e-09,0.8775877500473946,0.12241224000661095
manuscript_final_20260712T175019Z_c664ef152ff3,c664ef152ff3a9eef89c53a403b9c2e6f677340bea0307b02d97d07cc54bdfc3,no_salary_hike_no_attrition_no_department,isotonic,1,60,4,3,9.94599450053714e-09,0.8775877500473946,0.12241224000661095
manuscript_final_20260712T175019Z_c664ef152ff3,c664ef152ff3a9eef89c53a403b9c2e6f677340bea0307b02d97d07cc54bdfc3,no_salary_hike_no_attrition_no_department,isotonic,1,73,3,3,9.946523965237781e-09,0.8342245906328463,0.1657753994206297
manuscript_final_20260712T175019Z_c664ef152ff3,c664ef152ff3a9eef89c53a403b9c2e6f677340bea0307b02d97d07cc54bdfc3,no_salary_hike_no_attrition_no_department,isotonic,1,75,3,4,1.3043478090737243e-08,0.21739130151228736,0.7826086854442346
manuscript_final_20260712T175019Z_c664ef152ff3,c664ef152ff3a9eef89c53a403b9c2e6f677340bea0307b02d97d07cc54bdfc3,no_salary_hike_no_attrition_no_department,isotonic,1,112,3,3,9.94599450053714e-09,0.8775877500473946,0.12241224000661095
manuscript_final_20260712T175019Z_c664ef152ff3,c664ef152ff3a9eef89c53a403b9c2e6f677340bea0307b02d97d07cc54bdfc3,no_salary_hike_no_attrition_no_department,isotonic,1,116,3,3,9.94599450053714e-09,0.8775877500473946,0.12241224000661095
manuscript_final_20260712T175019Z_c664ef152ff3,c664ef152ff3a9eef89c53a403b9c2e6f677340bea0307b02d97d07cc54bdfc3,no_salary_hike_no_attrition_no_department,isotonic,1,120,3,3,9.999999800000005e-09,0.9999999800000006,9.999999800000005e-09
manuscript_final_20260712T175019Z_c664ef152ff3,c664ef152ff3a9eef89c53a403b9c2e6f677340bea0307b02d97d07cc54bdfc3,no_salary_hike_no_attrition_no_department,isotonic,1,135,3,3,9.94599450053714e-09,0.8775877500473946,0.12241224000661095
manuscript_final_20260712T175019Z_c664ef152ff3,c664ef152ff3a9eef89c53a403b9c2e6f677340bea0307b02d97d07cc54bdfc3,no_salary_hike_no_attrition_no_department,isotonic,1,148,3,3,9.94599450053714e-09,0.8775877500473946,0.12241224000661095
manuscript_final_20260712T175019Z_c664ef152ff3,c664ef152ff3a9eef89c53a403b9c2e6f677340bea0307b02d97d07cc54bdfc3,no_salary_hike_no_attrition_no_department,isotonic,1,150,3,3,9.94599450053714e-09,0.8775877500473946,0.12241224000661095
manuscript_final_20260712T175019Z_c664ef152ff3,c664ef152ff3a9eef89c53a403b9c2e6f677340bea0307b02d97d07cc54bdfc3,no_salary_hike_no_attrition_no_department,isotonic,1,156,3,3,9.94599450053714e-09,0.8775877500473946,0.12241224000661095
manuscript_final_20260712T175019Z_c664ef152ff3,c664ef152ff3a9eef89c53a403b9c2e6f677340bea0307b02d97d07cc54bdfc3,no_salary_hike_no_attrition_no_department,isotonic,1,158,3,3,9.94599450053714e-09,0.8775877500473946,0.12241224000661095
manuscript_final_20260712T175019Z_c664ef152ff3,c664ef152ff3a9eef89c53a403b9c2e6f677340bea0307b02d97d07cc54bdfc3,no_salary_hike_no_attrition_no_department,isotonic,1,164,2,2,0.9130434691304349,0.08695652086956523,9.999999900000002e-09
manuscript_final_20260712T175019Z_c664ef152ff3,c664ef152ff3a9eef89c53a403b9c2e6f677340bea0307b02d97d07cc54bdfc3,no_salary_hike_no_attrition_no_department,isotonic,1,168,3,3,9.94599450053714e-09,0.8775877500473946,0.12241224000661095
manuscript_final_20260712T175019Z_c664ef152ff3,c664ef152ff3a9eef89c53a403b9c2e6f677340bea0307b02d97d07cc54bdfc3,no_salary_hike_no_attrition_no_department,isotonic,1,169,2,2,0.9130434691304349,0.08695652086956523,9.999999900000002e-09
manuscript_final_20260712T175019Z_c664ef152ff3,c664ef152ff3a9eef89c53a403b9c2e6f677340bea0307b02d97d07cc54bdfc3,no_salary_hike_no_attrition_no_department,isotonic,1,172,3,3,9.94599450053714e-09,0.8775877500473946,0.12241224000661095
manuscript_final_20260712T175019Z_c664ef152ff3,c664ef152ff3a9eef89c53a403b9c2e6f677340bea0307b02d97d07cc54bdfc3,no_salary_hike_no_attrition_no_department,isotonic,1,182,2,2,0.9130434691304349,0.08695652086956523,9.999999900000002e-09
manuscript_final_20260712T175019Z_c664ef152ff3,c664ef152ff3a9eef89c53a403b9c2e6f677340bea0307b02d97d07cc54bdfc3,no_salary_hike_no_attrition_no_department,isotonic,1,185,3,3,9.94599450053714e-09,0.8775877500473946,0.12241224000661095
manuscript_final_20260712T175019Z_c664ef152ff3,c664ef152ff3a9eef89c53a403b9c2e6f677340bea0307b02d97d07cc54bdfc3,no_salary_hike_no_attrition_no_department,isotonic,1,186,3,3,0.2674897119341564,0.5349794238683128,0.19753086419753088
manuscript_final_20260712T175019Z_c664ef152ff3,c664ef152ff3a9eef89c53a403b9c2e6f677340bea0307b02d97d07cc54bdfc3,no_salary_hike_no_attrition_no_department,isotonic,1,187,3,3,9.94599450053714e-09,0.8775877500473946,0.12241224000661095
manuscript_final_20260712T175019Z_c664ef152ff3,c664ef152ff3a9eef89c53a403b9c2e6f677340bea0307b02d97d07cc54bdfc3,no_salary_hike_no_attrition_no_department,isotonic,1,195,2,2,0.8124014869625489,0.18759850178154097,1.125591010689246e-08
manuscript_final_20260712T175019Z_c664ef152ff3,c664ef152ff3a9eef89c53a403b9c2e6f677340bea0307b02d97d07cc54bdfc3,no_salary_hike_no_attrition_no_department,isotonic,1,198,3,3,9.94599450053714e-09,0.8775877500473946,0.12241224000661095
manuscript_final_20260712T175019Z_c664ef152ff3,c664ef152ff3a9eef89c53a403b9c2e6f677340bea0307b02d97d07cc54bdfc3,no_salary_hike_no_attrition_no_department,isotonic,1,210,3,3,9.94599450053714e-09,0.8775877500473946,0.12241224000661095
manuscript_final_20260712T175019Z_c664ef152ff3,c664ef152ff3a9eef89c53a403b9c2e6f677340bea0307b02d97d07cc54bdfc3,no_salary_hike_no_attrition_no_department,isotonic,1,239,3,3,9.94599450053714e-09,0.8775877500473946,0.12241224000661095
manuscript_final_20260712T175019Z_c664ef152ff3,c664ef152ff3a9eef89c53a403b9c2e6f677340bea0307b02d97d07cc54bdfc3,no_salary_hike_no_attrition_no_department,isotonic,1,256,3,3,9.999999800000005e-09,0.9999999800000006,9.999999800000005e-09
manuscript_final_20260712T175019Z_c664ef152ff3,c664ef152ff3a9eef89c53a403b9c2e6f677340bea0307b02d97d07cc54bdfc3,no_salary_hike_no_attrition_no_department,isotonic,1,280,3,3,0.14769478853624568,0.7432382906985268,0.1090669207652276
manuscript_final_20260712T175019Z_c664ef152ff3,c664ef152ff3a9eef89c53a403b9c2e6f677340bea0307b02d97d07cc54bdfc3,no_salary_hike_no_attrition_no_department,isotonic,1,301,3,3,9.94599450053714e-09,0.8775877500473946,0.12241224000661095
manuscript_final_20260712T175019Z_c664ef152ff3,c664ef152ff3a9eef89c53a403b9c2e6f677340bea0307b02d97d07cc54bdfc3,no_salary_hike_no_attrition_no_department,isotonic,1,312,4,3,9.999999800000005e-09,0.9999999800000006,9.999999800000005e-09
manuscript_final_20260712T175019Z_c664ef152ff3,c664ef152ff3a9eef89c53a403b9c2e6f677340bea0307b02d97d07cc54bdfc3,no_salary_hike_no_attrition_no_department,isotonic,1,320,3,3,9.94599450053714e-09,0.8775877500473946,0.12241224000661095
manuscript_final_20260712T175019Z_c664ef152ff3,c664ef152ff3a9eef89c53a403b9c2e6f677340bea0307b02d97d07cc54bdfc3,no_salary_hike_no_attrition_no_department,isotonic,1,329,4,3,9.999999800000005e-09,0.9999999800000006,9.999999800000005e-09
manuscript_final_20260712T175019Z_c664ef152ff3,c664ef152ff3a9eef89c53a403b9c2e6f677340bea0307b02d97d07cc54bdfc3,no_salary_hike_no_attrition_no_department,isotonic,1,338,2,2,0.9130434691304349,0.08695652086956523,9.999999900000002e-09
manuscript_final_20260712T175019Z_c664ef152ff3,c664ef152ff3a9eef89c53a403b9c2e6f677340bea0307b02d97d07cc54bdfc3,no_salary_hike_no_attrition_no_department,isotonic,1,343,3,3,9.946523965237781e-09,0.8342245906328463,0.1657753994206297
manuscript_final_20260712T175019Z_c664ef152ff3,c664ef152ff3a9eef89c53a403b9c2e6f677340bea0307b02d97d07cc54bdfc3,no_salary_hike_no_attrition_no_department,isotonic,1,350,3,3,9.94599450053714e-09,0.8775877500473946,0.12241224000661095
manuscript_final_20260712T175019Z_c664ef152ff3,c664ef152ff3a9eef89c53a403b9c2e6f677340bea0307b02d97d07cc54bdfc3,no_salary_hike_no_attrition_no_department,isotonic,1,362,3,3,9.946523965237781e-09,0.8342245906328463,0.1657753994206297
manuscript_final_20260712T175019Z_c664ef152ff3,c664ef152ff3a9eef89c53a403b9c2e6f677340bea0307b02d97d07cc54bdfc3,no_salary_hike_no_attrition_no_department,isotonic,1,363,2,2,0.9130434691304349,0.08695652086956523,9.999999900000002e-09
manuscript_final_20260712T175019Z_c664ef152ff3,c664ef152ff3a9eef89c53a403b9c2e6f677340bea0307b02d97d07cc54bdfc3,no_salary_hike_no_attrition_no_department,isotonic,1,364,2,2,0.9130434691304349,0.08695652086956523,9.999999900000002e-09
manuscript_final_20260712T175019Z_c664ef152ff3,c664ef152ff3a9eef89c53a403b9c2e6f677340bea0307b02d97d07cc54bdfc3,no_salary_hike_no_attrition_no_department,isotonic,1,367,3,3,9.946523965237781e-09,0.8342245906328463,0.1657753994206297
manuscript_final_20260712T175019Z_c664ef152ff3,c664ef152ff3a9eef89c53a403b9c2e6f677340bea0307b02d97d07cc54bdfc3,no_salary_hike_no_attrition_no_department,isotonic,1,386,3,2,0.9130434691304349,0.08695652086956523,9.999999900000002e-09
manuscript_final_20260712T175019Z_c664ef152ff3,c664ef152ff3a9eef89c53a403b9c2e6f677340bea0307b02d97d07cc54bdfc3,no_salary_hike_no_attrition_no_department,isotonic,1,391,3,3,9.946523965237781e-09,0.8342245906328463,0.1657753994206297
manuscript_final_20260712T175019Z_c664ef152ff3,c664ef152ff3a9eef89c53a403b9c2e6f677340bea0307b02d97d07cc54bdfc3,no_salary_hike_no_attrition_no_department,isotonic,1,395,3,3,9.946523965237781e-09,0.8342245906328463,0.1657753994206297
manuscript_final_20260712T175019Z_c664ef152ff3,c664ef152ff3a9eef89c53a403b9c2e6f677340bea0307b02d97d07cc54bdfc3,no_salary_hike_no_attrition_no_department,isotonic,1,403,3,3,9.999999800000005e-09,0.9999999800000006,9.999999800000005e-09
manuscript_final_20260712T175019Z_c664ef152ff3,c664ef152ff3a9eef89c53a403b9c2e6f677340bea0307b02d97d07cc54bdfc3,no_salary_hike_no_attrition_no_department,isotonic,1,417,3,3,9.946523965237781e-09,0.8342245906328463,0.1657753994206297
manuscript_final_20260712T175019Z_c664ef152ff3,c664ef152ff3a9eef89c53a403b9c2e6f677340bea0307b02d97d07cc54bdfc3,no_salary_hike_no_attrition_no_department,isotonic,1,421,3,3,9.999999800000005e-09,0.9999999800000006,9.999999800000005e-09
manuscript_final_20260712T175019Z_c664ef152ff3,c664ef152ff3a9eef89c53a403b9c2e6f677340bea0307b02d97d07cc54bdfc3,no_salary_hike_no_attrition_no_department,isotonic,1,422,3,3,9.946523965237781e-09,0.8342245906328463,0.1657753994206297
manuscript_final_20260712T175019Z_c664ef152ff3,c664ef152ff3a9eef89c53a403b9c2e6f677340bea0307b02d97d07cc54bdfc3,no_salary_hike_no_attrition_no_department,isotonic,1,432,3,3,9.94599450053714e-09,0.8775877500473946,0.12241224000661095
manuscript_final_20260712T175019Z_c664ef152ff3,c664ef152ff3a9eef89c53a403b9c2e6f677340bea0307b02d97d07cc54bdfc3,no_salary_hike_no_attrition_no_department,isotonic,1,438,4,3,9.94599450053714e-09,0.8775877500473946,0.12241224000661095
manuscript_final_20260712T175019Z_c664ef152ff3,c664ef152ff3a9eef89c53a403b9c2e6f677340bea0307b02d97d07cc54bdfc3,no_salary_hike_no_attrition_no_department,isotonic,1,454,3,3,9.946523965237781e-09,0.8342245906328463,0.1657753994206297
manuscript_final_20260712T175019Z_c664ef152ff3,c664ef152ff3a9eef89c53a403b9c2e6f677340bea0307b02d97d07cc54bdfc3,no_salary_hike_no_attrition_no_department,isotonic,1,484,3,3,9.94599450053714e-09,0.8775877500473946,0.12241224000661095
manuscript_final_20260712T175019Z_c664ef152ff3,c664ef152ff3a9eef89c53a403b9c2e6f677340bea0307b02d97d07cc54bdfc3,no_salary_hike_no_attrition_no_department,isotonic,1,487,3,3,9.946523965237781e-09,0.8342245906328463,0.1657753994206297
manuscript_final_20260712T175019Z_c664ef152ff3,c664ef152ff3a9eef89c53a403b9c2e6f677340bea0307b02d97d07cc54bdfc3,no_salary_hike_no_attrition_no_department,isotonic,1,488,3,3,9.946523965237781e-09,0.8342245906328463,0.1657753994206297
manuscript_final_20260712T175019Z_c664ef152ff3,c664ef152ff3a9eef89c53a403b9c2e6f677340bea0307b02d97d07cc54bdfc3,no_salary_hike_no_attrition_no_department,isotonic,1,495,2,2,0.7940680331491788,0.09088411890461479,0.11504784794620639
manuscript_final_20260712T175019Z_c664ef152ff3,c664ef152ff3a9eef89c53a403b9c2e6f677340bea0307b02d97d07cc54bdfc3,no_salary_hike_no_attrition_no_department,isotonic,1,516,3,3,9.94599450053714e-09,0.8775877500473946,0.12241224000661095
manuscript_final_20260712T175019Z_c664ef152ff3,c664ef152ff3a9eef89c53a403b9c2e6f677340bea0307b02d97d07cc54bdfc3,no_salary_hike_no_attrition_no_department,isotonic,1,517,3,3,9.94599450053714e-09,0.8775877500473946,0.12241224000661095
manuscript_final_20260712T175019Z_c664ef152ff3,c664ef152ff3a9eef89c53a403b9c2e6f677340bea0307b02d97d07cc54bdfc3,no_salary_hike_no_attrition_no_department,isotonic,1,527,4,3,9.532710189501268e-09,0.8411214873089353,0.15887850315835444
manuscript_final_20260712T175019Z_c664ef152ff3,c664ef152ff3a9eef89c53a403b9c2e6f677340bea0307b02d97d07cc54bdfc3,no_salary_hike_no_attrition_no_department,isotonic,1,530,4,3,9.94599450053714e-09,0.8775877500473946,0.12241224000661095
manuscript_final_20260712T175019Z_c664ef152ff3,c664ef152ff3a9eef89c53a403b9c2e6f677340bea0307b02d97d07cc54bdfc3,no_salary_hike_no_attrition_no_department,isotonic,1,536,3,3,9.94599450053714e-09,0.8775877500473946,0.12241224000661095
manuscript_final_20260712T175019Z_c664ef152ff3,c664ef152ff3a9eef89c53a403b9c2e6f677340bea0307b02d97d07cc54bdfc3,no_salary_hike_no_attrition_no_department,isotonic,1,539,3,3,9.94599450053714e-09,0.8775877500473946,0.12241224000661095
manuscript_final_20260712T175019Z_c664ef152ff3,c664ef152ff3a9eef89c53a403b9c2e6f677340bea0307b02d97d07cc54bdfc3,no_salary_hike_no_attrition_no_department,isotonic,1,561,2,2,0.717598287639027,0.16244346286250663,0.11995824949846645
manuscript_final_20260712T175019Z_c664ef152ff3,c664ef152ff3a9eef89c53a403b9c2e6f677340bea0307b02d97d07cc54bdfc3,no_salary_hike_no_attrition_no_department,isotonic,1,570,3,3,1.1333333076444449e-08,0.9999999773333337,1.1333333076444449e-08
manuscript_final_20260712T175019Z_c664ef152ff3,c664ef152ff3a9eef89c53a403b9c2e6f677340bea0307b02d97d07cc54bdfc3,no_salary_hike_no_attrition_no_department,isotonic,1,579,3,3,9.946523965237781e-09,0.8342245906328463,0.1657753994206297
manuscript_final_20260712T175019Z_c664ef152ff3,c664ef152ff3a9eef89c53a403b9c2e6f677340bea0307b02d97d07cc54bdfc3,no_salary_hike_no_attrition_no_department,isotonic,1,596,3,3,9.94599450053714e-09,0.8775877500473946,0.12241224000661095
manuscript_final_20260712T175019Z_c664ef152ff3,c664ef152ff3a9eef89c53a403b9c2e6f677340bea0307b02d97d07cc54bdfc3,no_salary_hike_no_attrition_no_department,isotonic,1,599,2,2,0.9130434691304349,0.08695652086956523,9.999999900000002e-09
manuscript_final_20260712T175019Z_c664ef152ff3,c664ef152ff3a9eef89c53a403b9c2e6f677340bea0307b02d97d07cc54bdfc3,no_salary_hike_no_attrition_no_department,isotonic,1,639,2,2,0.9130434691304349,0.08695652086956523,9.999999900000002e-09
manuscript_final_20260712T175019Z_c664ef152ff3,c664ef152ff3a9eef89c53a403b9c2e6f677340bea0307b02d97d07cc54bdfc3,no_salary_hike_no_attrition_no_department,isotonic,1,645,3,3,9.94599450053714e-09,0.8775877500473946,0.12241224000661095
manuscript_final_20260712T175019Z_c664ef152ff3,c664ef152ff3a9eef89c53a403b9c2e6f677340bea0307b02d97d07cc54bdfc3,no_salary_hike_no_attrition_no_department,isotonic,1,660,4,3,9.94599450053714e-09,0.8775877500473946,0.12241224000661095
manuscript_final_20260712T175019Z_c664ef152ff3,c664ef152ff3a9eef89c53a403b9c2e6f677340bea0307b02d97d07cc54bdfc3,no_salary_hike_no_attrition_no_department,isotonic,1,664,3,3,9.946523965237781e-09,0.8342245906328463,0.1657753994206297
manuscript_final_20260712T175019Z_c664ef152ff3,c664ef152ff3a9eef89c53a403b9c2e6f677340bea0307b02d97d07cc54bdfc3,no_salary_hike_no_attrition_no_department,isotonic,1,667,2,2,0.9696932091721321,0.03030678113093579,9.69693209172132e-09
manuscript_final_20260712T175019Z_c664ef152ff3,c664ef152ff3a9eef89c53a403b9c2e6f677340bea0307b02d97d07cc54bdfc3,no_salary_hike_no_attrition_no_department,isotonic,1,679,3,3,9.767441765062196e-09,0.8372092941481882,0.1627906960843699
manuscript_final_20260712T175019Z_c664ef152ff3,c664ef152ff3a9eef89c53a403b9c2e6f677340bea0307b02d97d07cc54bdfc3,no_salary_hike_no_attrition_no_department,isotonic,1,691,3,3,9.94599450053714e-09,0.8775877500473946,0.12241224000661095
manuscript_final_20260712T175019Z_c664ef152ff3,c664ef152ff3a9eef89c53a403b9c2e6f677340bea0307b02d97d07cc54bdfc3,no_salary_hike_no_attrition_no_department,isotonic,1,712,2,2,0.9130434691304349,0.08695652086956523,9.999999900000002e-09
manuscript_final_20260712T175019Z_c664ef152ff3,c664ef152ff3a9eef89c53a403b9c2e6f677340bea0307b02d97d07cc54bdfc3,no_salary_hike_no_attrition_no_department,isotonic,1,717,3,3,9.94599450053714e-09,0.8775877500473946,0.12241224000661095
manuscript_final_20260712T175019Z_c664ef152ff3,c664ef152ff3a9eef89c53a403b9c2e6f677340bea0307b02d97d07cc54bdfc3,no_salary_hike_no_attrition_no_department,isotonic,1,720,4,3,9.946523965237781e-09,0.8342245906328463,0.1657753994206297
manuscript_final_20260712T175019Z_c664ef152ff3,c664ef152ff3a9eef89c53a403b9c2e6f677340bea0307b02d97d07cc54bdfc3,no_salary_hike_no_attrition_no_department,isotonic,1,727,3,3,9.999999800000005e-09,0.9999999800000006,9.999999800000005e-09
manuscript_final_20260712T175019Z_c664ef152ff3,c664ef152ff3a9eef89c53a403b9c2e6f677340bea0307b02d97d07cc54bdfc3,no_salary_hike_no_attrition_no_department,isotonic,1,730,2,2,0.9999999800000006,9.999999800000005e-09,9.999999800000005e-09
manuscript_final_20260712T175019Z_c664ef152ff3,c664ef152ff3a9eef89c53a403b9c2e6f677340bea0307b02d97d07cc54bdfc3,no_salary_hike_no_attrition_no_department,isotonic,1,750,3,3,9.94599450053714e-09,0.8775877500473946,0.12241224000661095
manuscript_final_20260712T175019Z_c664ef152ff3,c664ef152ff3a9eef89c53a403b9c2e6f677340bea0307b02d97d07cc54bdfc3,no_salary_hike_no_attrition_no_department,isotonic,1,759,2,2,0.8129839189994044,0.07742703990470517,0.10958904109589042
manuscript_final_20260712T175019Z_c664ef152ff3,c664ef152ff3a9eef89c53a403b9c2e6f677340bea0307b02d97d07cc54bdfc3,no_salary_hike_no_attrition_no_department,isotonic,1,779,3,3,0.09788238962744543,0.9021175998478492,1.0524705331558243e-08
manuscript_final_20260712T175019Z_c664ef152ff3,c664ef152ff3a9eef89c53a403b9c2e6f677340bea0307b02d97d07cc54bdfc3,no_salary_hike_no_attrition_no_department,isotonic,1,784,3,3,9.94599450053714e-09,0.8775877500473946,0.12241224000661095
manuscript_final_20260712T175019Z_c664ef152ff3,c664ef152ff3a9eef89c53a403b9c2e6f677340bea0307b02d97d07cc54bdfc3,no_salary_hike_no_attrition_no_department,isotonic,1,787,3,3,9.946523965237781e-09,0.8342245906328463,0.1657753994206297
manuscript_final_20260712T175019Z_c664ef152ff3,c664ef152ff3a9eef89c53a403b9c2e6f677340bea0307b02d97d07cc54bdfc3,no_salary_hike_no_attrition_no_department,isotonic,1,796,3,3,9.94599450053714e-09,0.8775877500473946,0.12241224000661095
manuscript_final_20260712T175019Z_c664ef152ff3,c664ef152ff3a9eef89c53a403b9c2e6f677340bea0307b02d97d07cc54bdfc3,no_salary_hike_no_attrition_no_department,isotonic,1,805,3,3,9.94599450053714e-09,0.8775877500473946,0.12241224000661095
manuscript_final_20260712T175019Z_c664ef152ff3,c664ef152ff3a9eef89c53a403b9c2e6f677340bea0307b02d97d07cc54bdfc3,no_salary_hike_no_attrition_no_department,isotonic,1,838,4,3,9.94599450053714e-09,0.8775877500473946,0.12241224000661095
manuscript_final_20260712T175019Z_c664ef152ff3,c664ef152ff3a9eef89c53a403b9c2e6f677340bea0307b02d97d07cc54bdfc3,no_salary_hike_no_attrition_no_department,isotonic,1,843,3,3,9.94599450053714e-09,0.8775877500473946,0.12241224000661095
manuscript_final_20260712T175019Z_c664ef152ff3,c664ef152ff3a9eef89c53a403b9c2e6f677340bea0307b02d97d07cc54bdfc3,no_salary_hike_no_attrition_no_department,isotonic,1,852,3,3,9.94599450053714e-09,0.8775877500473946,0.12241224000661095
manuscript_final_20260712T175019Z_c664ef152ff3,c664ef152ff3a9eef89c53a403b9c2e6f677340bea0307b02d97d07cc54bdfc3,no_salary_hike_no_attrition_no_department,isotonic,1,854,3,3,9.94599450053714e-09,0.8775877500473946,0.12241224000661095
manuscript_final_20260712T175019Z_c664ef152ff3,c664ef152ff3a9eef89c53a403b9c2e6f677340bea0307b02d97d07cc54bdfc3,no_salary_hike_no_attrition_no_department,isotonic,1,875,4,4,1.3043478090737243e-08,0.21739130151228736,0.7826086854442346
manuscript_final_20260712T175019Z_c664ef152ff3,c664ef152ff3a9eef89c53a403b9c2e6f677340bea0307b02d97d07cc54bdfc3,no_salary_hike_no_attrition_no_department,isotonic,1,902,4,3,9.946523965237781e-09,0.8342245906328463,0.1657753994206297
manuscript_final_20260712T175019Z_c664ef152ff3,c664ef152ff3a9eef89c53a403b9c2e6f677340bea0307b02d97d07cc54bdfc3,no_salary_hike_no_attrition_no_department,isotonic,1,960,4,3,9.999999800000005e-09,0.9999999800000006,9.999999800000005e-09
manuscript_final_20260712T175019Z_c664ef152ff3,c664ef152ff3a9eef89c53a403b9c2e6f677340bea0307b02d97d07cc54bdfc3,no_salary_hike_no_attrition_no_department,isotonic,1,985,3,3,9.946523965237781e-09,0.8342245906328463,0.1657753994206297
manuscript_final_20260712T175019Z_c664ef152ff3,c664ef152ff3a9eef89c53a403b9c2e6f677340bea0307b02d97d07cc54bdfc3,no_salary_hike_no_attrition_no_department,isotonic,1,994,3,3,0.33333332666666676,0.6666666533333335,1.9999999600000007e-08
manuscript_final_20260712T175019Z_c664ef152ff3,c664ef152ff3a9eef89c53a403b9c2e6f677340bea0307b02d97d07cc54bdfc3,no_salary_hike_no_attrition_no_department,isotonic,1,1019,3,3,9.999999800000005e-09,0.9999999800000006,9.999999800000005e-09
manuscript_final_20260712T175019Z_c664ef152ff3,c664ef152ff3a9eef89c53a403b9c2e6f677340bea0307b02d97d07cc54bdfc3,no_salary_hike_no_attrition_no_department,isotonic,1,1023,2,2,0.7114191900766144,0.16599781101787667,0.12258299890550894
manuscript_final_20260712T175019Z_c664ef152ff3,c664ef152ff3a9eef89c53a403b9c2e6f677340bea0307b02d97d07cc54bdfc3,no_salary_hike_no_attrition_no_department,isotonic,1,1032,3,3,9.946523965237781e-09,0.8342245906328463,0.1657753994206297
manuscript_final_20260712T175019Z_c664ef152ff3,c664ef152ff3a9eef89c53a403b9c2e6f677340bea0307b02d97d07cc54bdfc3,no_salary_hike_no_attrition_no_department,isotonic,1,1033,3,3,9.946523965237781e-09,0.8342245906328463,0.1657753994206297
manuscript_final_20260712T175019Z_c664ef152ff3,c664ef152ff3a9eef89c53a403b9c2e6f677340bea0307b02d97d07cc54bdfc3,no_salary_hike_no_attrition_no_department,isotonic,1,1036,3,3,9.946523965237781e-09,0.8342245906328463,0.1657753994206297
manuscript_final_20260712T175019Z_c664ef152ff3,c664ef152ff3a9eef89c53a403b9c2e6f677340bea0307b02d97d07cc54bdfc3,no_salary_hike_no_attrition_no_department,isotonic,1,1049,3,3,9.94599450053714e-09,0.8775877500473946,0.12241224000661095
manuscript_final_20260712T175019Z_c664ef152ff3,c664ef152ff3a9eef89c53a403b9c2e6f677340bea0307b02d97d07cc54bdfc3,no_salary_hike_no_attrition_no_department,isotonic,1,1055,3,3,9.94599450053714e-09,0.8775877500473946,0.12241224000661095
manuscript_final_20260712T175019Z_c664ef152ff3,c664ef152ff3a9eef89c53a403b9c2e6f677340bea0307b02d97d07cc54bdfc3,no_salary_hike_no_attrition_no_department,isotonic,1,1056,3,3,9.94599450053714e-09,0.8775877500473946,0.12241224000661095
manuscript_final_20260712T175019Z_c664ef152ff3,c664ef152ff3a9eef89c53a403b9c2e6f677340bea0307b02d97d07cc54bdfc3,no_salary_hike_no_attrition_no_department,isotonic,1,1058,3,3,9.946523965237781e-09,0.8342245906328463,0.1657753994206297
manuscript_final_20260712T175019Z_c664ef152ff3,c664ef152ff3a9eef89c53a403b9c2e6f677340bea0307b02d97d07cc54bdfc3,no_salary_hike_no_attrition_no_department,isotonic,1,1068,3,3,9.94599450053714e-09,0.8775877500473946,0.12241224000661095
manuscript_final_20260712T175019Z_c664ef152ff3,c664ef152ff3a9eef89c53a403b9c2e6f677340bea0307b02d97d07cc54bdfc3,no_salary_hike_no_attrition_no_department,isotonic,1,1081,2,2,0.8333333250000001,0.16666666500000002,9.999999900000002e-09
manuscript_final_20260712T175019Z_c664ef152ff3,c664ef152ff3a9eef89c53a403b9c2e6f677340bea0307b02d97d07cc54bdfc3,no_salary_hike_no_attrition_no_department,isotonic,1,1091,2,2,0.9130434691304349,0.08695652086956523,9.999999900000002e-09
manuscript_final_20260712T175019Z_c664ef152ff3,c664ef152ff3a9eef89c53a403b9c2e6f677340bea0307b02d97d07cc54bdfc3,no_salary_hike_no_attrition_no_department,isotonic,1,1101,3,3,9.94599450053714e-09,0.8775877500473946,0.12241224000661095
manuscript_final_20260712T175019Z_c664ef152ff3,c664ef152ff3a9eef89c53a403b9c2e6f677340bea0307b02d97d07cc54bdfc3,no_salary_hike_no_attrition_no_department,isotonic,1,1105,3,3,9.999999800000005e-09,0.9999999800000006,9.999999800000005e-09
manuscript_final_20260712T175019Z_c664ef152ff3,c664ef152ff3a9eef89c53a403b9c2e6f677340bea0307b02d97d07cc54bdfc3,no_salary_hike_no_attrition_no_department,isotonic,1,1107,3,3,9.94599450053714e-09,0.8775877500473946,0.12241224000661095
manuscript_final_20260712T175019Z_c664ef152ff3,c664ef152ff3a9eef89c53a403b9c2e6f677340bea0307b02d97d07cc54bdfc3,no_salary_hike_no_attrition_no_department,isotonic,1,1120,3,3,9.946523965237781e-09,0.8342245906328463,0.1657753994206297
manuscript_final_20260712T175019Z_c664ef152ff3,c664ef152ff3a9eef89c53a403b9c2e6f677340bea0307b02d97d07cc54bdfc3,no_salary_hike_no_attrition_no_department,isotonic,1,1149,3,3,9.94599450053714e-09,0.8775877500473946,0.12241224000661095
manuscript_final_20260712T175019Z_c664ef152ff3,c664ef152ff3a9eef89c53a403b9c2e6f677340bea0307b02d97d07cc54bdfc3,no_salary_hike_no_attrition_no_department,isotonic,1,1151,2,2,0.8333333250000001,0.16666666500000002,9.999999900000002e-09
manuscript_final_20260712T175019Z_c664ef152ff3,c664ef152ff3a9eef89c53a403b9c2e6f677340bea0307b02d97d07cc54bdfc3,no_salary_hike_no_attrition_no_department,isotonic,1,1157,3,3,0.14769478853624568,0.7432382906985268,0.1090669207652276
manuscript_final_20260712T175019Z_c664ef152ff3,c664ef152ff3a9eef89c53a403b9c2e6f677340bea0307b02d97d07cc54bdfc3,no_salary_hike_no_attrition_no_department,isotonic,1,1179,3,3,9.94599450053714e-09,0.8775877500473946,0.12241224000661095
manuscript_final_20260712T175019Z_c664ef152ff3,c664ef152ff3a9eef89c53a403b9c2e6f677340bea0307b02d97d07cc54bdfc3,no_salary_hike_no_attrition_no_department,isotonic,1,1187,3,3,9.94599450053714e-09,0.8775877500473946,0.12241224000661095
manuscript_final_20260712T175019Z_c664ef152ff3,c664ef152ff3a9eef89c53a403b9c2e6f677340bea0307b02d97d07cc54bdfc3,no_salary_hike_no_attrition_no_department,isotonic,1,1189,3,3,0.2674897119341564,0.5349794238683128,0.19753086419753088
manuscript_final_20260712T175019Z_c664ef152ff3,c664ef152ff3a9eef89c53a403b9c2e6f677340bea0307b02d97d07cc54bdfc3,no_salary_hike_no_attrition_no_department,isotonic,1,1195,4,3,9.946523965237781e-09,0.8342245906328463,0.1657753994206297
manuscript_final_20260712T175019Z_c664ef152ff3,c664ef152ff3a9eef89c53a403b9c2e6f677340bea0307b02d97d07cc54bdfc3,no_salary_hike_no_attrition_no_department,raw,2,9,3,3,0.00015238992815315582,0.9084557997178994,0.09139181035394744
manuscript_final_20260712T175019Z_c664ef152ff3,c664ef152ff3a9eef89c53a403b9c2e6f677340bea0307b02d97d07cc54bdfc3,no_salary_hike_no_attrition_no_department,raw,2,23,3,3,0.10569405299793427,0.8674835948696608,0.02682235213240501
manuscript_final_20260712T175019Z_c664ef152ff3,c664ef152ff3a9eef89c53a403b9c2e6f677340bea0307b02d97d07cc54bdfc3,no_salary_hike_no_attrition_no_department,raw,2,47,4,3,0.0005172496132462683,0.9682051100257101,0.0312776403610436
manuscript_final_20260712T175019Z_c664ef152ff3,c664ef152ff3a9eef89c53a403b9c2e6f677340bea0307b02d97d07cc54bdfc3,no_salary_hike_no_attrition_no_department,raw,2,59,3,3,0.001029711670362022,0.8984509005857294,0.10051938774390859
manuscript_final_20260712T175019Z_c664ef152ff3,c664ef152ff3a9eef89c53a403b9c2e6f677340bea0307b02d97d07cc54bdfc3,no_salary_hike_no_attrition_no_department,raw,2,64,3,3,0.008070735838893256,0.804458284927961,0.18747097923314568
manuscript_final_20260712T175019Z_c664ef152ff3,c664ef152ff3a9eef89c53a403b9c2e6f677340bea0307b02d97d07cc54bdfc3,no_salary_hike_no_attrition_no_department,raw,2,71,3,3,0.00034903957334590514,0.7265977518057827,0.2730532086208714
manuscript_final_20260712T175019Z_c664ef152ff3,c664ef152ff3a9eef89c53a403b9c2e6f677340bea0307b02d97d07cc54bdfc3,no_salary_hike_no_attrition_no_department,raw,2,87,3,3,0.0013116076295463526,0.9622907423461062,0.03639765002434738
manuscript_final_20260712T175019Z_c664ef152ff3,c664ef152ff3a9eef89c53a403b9c2e6f677340bea0307b02d97d07cc54bdfc3,no_salary_hike_no_attrition_no_department,raw,2,89,3,3,0.0003606759165740216,0.9774132472787153,0.02222607680471077
manuscript_final_20260712T175019Z_c664ef152ff3,c664ef152ff3a9eef89c53a403b9c2e6f677340bea0307b02d97d07cc54bdfc3,no_salary_hike_no_attrition_no_department,raw,2,91,3,2,0.9610581922452287,0.0350515802573295,0.003890227497441862
manuscript_final_20260712T175019Z_c664ef152ff3,c664ef152ff3a9eef89c53a403b9c2e6f677340bea0307b02d97d07cc54bdfc3,no_salary_hike_no_attrition_no_department,raw,2,132,2,3,0.050775518399187765,0.9439185466576597,0.005305934943152494
manuscript_final_20260712T175019Z_c664ef152ff3,c664ef152ff3a9eef89c53a403b9c2e6f677340bea0307b02d97d07cc54bdfc3,no_salary_hike_no_attrition_no_department,raw,2,155,3,3,0.0034476688268234904,0.941810241291714,0.054742089881462584
manuscript_final_20260712T175019Z_c664ef152ff3,c664ef152ff3a9eef89c53a403b9c2e6f677340bea0307b02d97d07cc54bdfc3,no_salary_hike_no_attrition_no_department,raw,2,179,3,3,0.002956493201664205,0.9717979303473074,0.025245576451028307
manuscript_final_20260712T175019Z_c664ef152ff3,c664ef152ff3a9eef89c53a403b9c2e6f677340bea0307b02d97d07cc54bdfc3,no_salary_hike_no_attrition_no_department,raw,2,194,3,3,0.003913396758048784,0.8363809133785842,0.159705689863367
manuscript_final_20260712T175019Z_c664ef152ff3,c664ef152ff3a9eef89c53a403b9c2e6f677340bea0307b02d97d07cc54bdfc3,no_salary_hike_no_attrition_no_department,raw,2,242,3,3,0.0003512446974833839,0.980540208549342,0.01910854675317468
manuscript_final_20260712T175019Z_c664ef152ff3,c664ef152ff3a9eef89c53a403b9c2e6f677340bea0307b02d97d07cc54bdfc3,no_salary_hike_no_attrition_no_department,raw,2,244,3,3,0.0014291696193675441,0.9422639859990576,0.05630684438157488
manuscript_final_20260712T175019Z_c664ef152ff3,c664ef152ff3a9eef89c53a403b9c2e6f677340bea0307b02d97d07cc54bdfc3,no_salary_hike_no_attrition_no_department,raw,2,260,4,3,0.005544124310548749,0.9804901727225954,0.013965702966855821
manuscript_final_20260712T175019Z_c664ef152ff3,c664ef152ff3a9eef89c53a403b9c2e6f677340bea0307b02d97d07cc54bdfc3,no_salary_hike_no_attrition_no_department,raw,2,262,2,2,0.8215851489165535,0.17346412811580214,0.004950722967644376
manuscript_final_20260712T175019Z_c664ef152ff3,c664ef152ff3a9eef89c53a403b9c2e6f677340bea0307b02d97d07cc54bdfc3,no_salary_hike_no_attrition_no_department,raw,2,263,3,3,0.00039385468029617526,0.9064482892465952,0.09315785607310861
manuscript_final_20260712T175019Z_c664ef152ff3,c664ef152ff3a9eef89c53a403b9c2e6f677340bea0307b02d97d07cc54bdfc3,no_salary_hike_no_attrition_no_department,raw,2,281,3,3,0.00617821998352009,0.9459589283680852,0.0478628516483948
manuscript_final_20260712T175019Z_c664ef152ff3,c664ef152ff3a9eef89c53a403b9c2e6f677340bea0307b02d97d07cc54bdfc3,no_salary_hike_no_attrition_no_department,raw,2,297,3,3,0.001357103021876386,0.9321315238929521,0.06651137308517156
manuscript_final_20260712T175019Z_c664ef152ff3,c664ef152ff3a9eef89c53a403b9c2e6f677340bea0307b02d97d07cc54bdfc3,no_salary_hike_no_attrition_no_department,raw,2,299,3,3,0.0011186889035303775,0.9633259092546783,0.035555401841791255
manuscript_final_20260712T175019Z_c664ef152ff3,c664ef152ff3a9eef89c53a403b9c2e6f677340bea0307b02d97d07cc54bdfc3,no_salary_hike_no_attrition_no_department,raw,2,305,4,3,0.00032357317653725054,0.9451235864192454,0.05455284040421735
manuscript_final_20260712T175019Z_c664ef152ff3,c664ef152ff3a9eef89c53a403b9c2e6f677340bea0307b02d97d07cc54bdfc3,no_salary_hike_no_attrition_no_department,raw,2,331,2,2,0.9135631748271722,0.08082837242765224,0.005608452745175583
manuscript_final_20260712T175019Z_c664ef152ff3,c664ef152ff3a9eef89c53a403b9c2e6f677340bea0307b02d97d07cc54bdfc3,no_salary_hike_no_attrition_no_department,raw,2,339,3,3,0.0019379960449302403,0.9927191892641747,0.005342814690895101
manuscript_final_20260712T175019Z_c664ef152ff3,c664ef152ff3a9eef89c53a403b9c2e6f677340bea0307b02d97d07cc54bdfc3,no_salary_hike_no_attrition_no_department,raw,2,344,3,3,0.004483770516462105,0.9801865083139412,0.015329721169596707
manuscript_final_20260712T175019Z_c664ef152ff3,c664ef152ff3a9eef89c53a403b9c2e6f677340bea0307b02d97d07cc54bdfc3,no_salary_hike_no_attrition_no_department,raw,2,347,3,3,0.0005735900466523469,0.987152632718507,0.012273777234840726
manuscript_final_20260712T175019Z_c664ef152ff3,c664ef152ff3a9eef89c53a403b9c2e6f677340bea0307b02d97d07cc54bdfc3,no_salary_hike_no_attrition_no_department,raw,2,349,3,3,0.0033869740238156106,0.9833232533771075,0.013289772599076972
manuscript_final_20260712T175019Z_c664ef152ff3,c664ef152ff3a9eef89c53a403b9c2e6f677340bea0307b02d97d07cc54bdfc3,no_salary_hike_no_attrition_no_department,raw,2,353,2,2,0.873409245799471,0.11955305656532605,0.007037697635202948
manuscript_final_20260712T175019Z_c664ef152ff3,c664ef152ff3a9eef89c53a403b9c2e6f677340bea0307b02d97d07cc54bdfc3,no_salary_hike_no_attrition_no_department,raw,2,358,3,3,0.001031144457788506,0.9506789448713052,0.048289910670906294
manuscript_final_20260712T175019Z_c664ef152ff3,c664ef152ff3a9eef89c53a403b9c2e6f677340bea0307b02d97d07cc54bdfc3,no_salary_hike_no_attrition_no_department,raw,2,361,3,3,0.0075489329947515055,0.7914798936865096,0.20097117331873898
manuscript_final_20260712T175019Z_c664ef152ff3,c664ef152ff3a9eef89c53a403b9c2e6f677340bea0307b02d97d07cc54bdfc3,no_salary_hike_no_attrition_no_department,raw,2,374,4,3,0.00035055252801631314,0.9337794894600987,0.06586995801188496
manuscript_final_20260712T175019Z_c664ef152ff3,c664ef152ff3a9eef89c53a403b9c2e6f677340bea0307b02d97d07cc54bdfc3,no_salary_hike_no_attrition_no_department,raw,2,376,3,3,0.00010691782132439763,0.9975746593287544,0.0023184228499212047
manuscript_final_20260712T175019Z_c664ef152ff3,c664ef152ff3a9eef89c53a403b9c2e6f677340bea0307b02d97d07cc54bdfc3,no_salary_hike_no_attrition_no_department,raw,2,377,2,2,0.9408714024070355,0.05528219327924975,0.003846404313714733
manuscript_final_20260712T175019Z_c664ef152ff3,c664ef152ff3a9eef89c53a403b9c2e6f677340bea0307b02d97d07cc54bdfc3,no_salary_hike_no_attrition_no_department,raw,2,382,3,3,0.03501556094747455,0.7918601691116406,0.17312426994088495
manuscript_final_20260712T175019Z_c664ef152ff3,c664ef152ff3a9eef89c53a403b9c2e6f677340bea0307b02d97d07cc54bdfc3,no_salary_hike_no_attrition_no_department,raw,2,388,4,3,0.0027192408229425222,0.9480192177891246,0.04926154138793294
manuscript_final_20260712T175019Z_c664ef152ff3,c664ef152ff3a9eef89c53a403b9c2e6f677340bea0307b02d97d07cc54bdfc3,no_salary_hike_no_attrition_no_department,raw,2,389,3,3,0.009109277759872638,0.9374939336560868,0.05339678858404068
manuscript_final_20260712T175019Z_c664ef152ff3,c664ef152ff3a9eef89c53a403b9c2e6f677340bea0307b02d97d07cc54bdfc3,no_salary_hike_no_attrition_no_department,raw,2,449,3,3,0.0023937308269094374,0.9924554455110638,0.005150823662026836
manuscript_final_20260712T175019Z_c664ef152ff3,c664ef152ff3a9eef89c53a403b9c2e6f677340bea0307b02d97d07cc54bdfc3,no_salary_hike_no_attrition_no_department,raw,2,456,3,3,0.22239482817044162,0.769342496420117,0.008262675409441356
manuscript_final_20260712T175019Z_c664ef152ff3,c664ef152ff3a9eef89c53a403b9c2e6f677340bea0307b02d97d07cc54bdfc3,no_salary_hike_no_attrition_no_department,raw,2,465,3,3,0.010869427199428034,0.9410124298321746,0.04811814296839733
manuscript_final_20260712T175019Z_c664ef152ff3,c664ef152ff3a9eef89c53a403b9c2e6f677340bea0307b02d97d07cc54bdfc3,no_salary_hike_no_attrition_no_department,raw,2,467,2,2,0.8778340085556161,0.11955143327582754,0.002614558168556346
manuscript_final_20260712T175019Z_c664ef152ff3,c664ef152ff3a9eef89c53a403b9c2e6f677340bea0307b02d97d07cc54bdfc3,no_salary_hike_no_attrition_no_department,raw,2,468,3,3,0.0035481156181295134,0.8491542084280185,0.14729767595385196
manuscript_final_20260712T175019Z_c664ef152ff3,c664ef152ff3a9eef89c53a403b9c2e6f677340bea0307b02d97d07cc54bdfc3,no_salary_hike_no_attrition_no_department,raw,2,470,3,3,0.0013256036957136489,0.7953835754488701,0.2032908208554163
manuscript_final_20260712T175019Z_c664ef152ff3,c664ef152ff3a9eef89c53a403b9c2e6f677340bea0307b02d97d07cc54bdfc3,no_salary_hike_no_attrition_no_department,raw,2,472,3,3,0.0004456580850431272,0.948192430232999,0.05136191168195783
manuscript_final_20260712T175019Z_c664ef152ff3,c664ef152ff3a9eef89c53a403b9c2e6f677340bea0307b02d97d07cc54bdfc3,no_salary_hike_no_attrition_no_department,raw,2,483,3,3,0.0005100743891540311,0.9147298180266223,0.08476010758422363
manuscript_final_20260712T175019Z_c664ef152ff3,c664ef152ff3a9eef89c53a403b9c2e6f677340bea0307b02d97d07cc54bdfc3,no_salary_hike_no_attrition_no_department,raw,2,494,3,3,0.0047856586401235374,0.805938873997031,0.18927546736284542
manuscript_final_20260712T175019Z_c664ef152ff3,c664ef152ff3a9eef89c53a403b9c2e6f677340bea0307b02d97d07cc54bdfc3,no_salary_hike_no_attrition_no_department,raw,2,511,2,2,0.9369351619031656,0.059946561616704905,0.0031182764801295742
manuscript_final_20260712T175019Z_c664ef152ff3,c664ef152ff3a9eef89c53a403b9c2e6f677340bea0307b02d97d07cc54bdfc3,no_salary_hike_no_attrition_no_department,raw,2,558,3,3,0.004649026930092277,0.804691041779844,0.19065993129006373
manuscript_final_20260712T175019Z_c664ef152ff3,c664ef152ff3a9eef89c53a403b9c2e6f677340bea0307b02d97d07cc54bdfc3,no_salary_hike_no_attrition_no_department,raw,2,569,3,3,0.0015403840271814245,0.9849239617595477,0.01353565421327099
manuscript_final_20260712T175019Z_c664ef152ff3,c664ef152ff3a9eef89c53a403b9c2e6f677340bea0307b02d97d07cc54bdfc3,no_salary_hike_no_attrition_no_department,raw,2,587,3,3,0.08910789274343929,0.7849603832888575,0.12593172396770327
manuscript_final_20260712T175019Z_c664ef152ff3,c664ef152ff3a9eef89c53a403b9c2e6f677340bea0307b02d97d07cc54bdfc3,no_salary_hike_no_attrition_no_department,raw,2,589,3,3,0.0006386704774079949,0.7414542607938255,0.25790706872876656
manuscript_final_20260712T175019Z_c664ef152ff3,c664ef152ff3a9eef89c53a403b9c2e6f677340bea0307b02d97d07cc54bdfc3,no_salary_hike_no_attrition_no_department,raw,2,590,3,3,0.005131928665670332,0.9705728793600432,0.02429519197428644
manuscript_final_20260712T175019Z_c664ef152ff3,c664ef152ff3a9eef89c53a403b9c2e6f677340bea0307b02d97d07cc54bdfc3,no_salary_hike_no_attrition_no_department,raw,2,603,3,3,0.0012511216064084348,0.9864682661973149,0.01228061219627674
manuscript_final_20260712T175019Z_c664ef152ff3,c664ef152ff3a9eef89c53a403b9c2e6f677340bea0307b02d97d07cc54bdfc3,no_salary_hike_no_attrition_no_department,raw,2,609,3,3,0.0004190504613377223,0.9209199088948952,0.07866104064376712
manuscript_final_20260712T175019Z_c664ef152ff3,c664ef152ff3a9eef89c53a403b9c2e6f677340bea0307b02d97d07cc54bdfc3,no_salary_hike_no_attrition_no_department,raw,2,611,2,2,0.9442081739685628,0.045427399138026896,0.010364426893410328
manuscript_final_20260712T175019Z_c664ef152ff3,c664ef152ff3a9eef89c53a403b9c2e6f677340bea0307b02d97d07cc54bdfc3,no_salary_hike_no_attrition_no_department,raw,2,618,2,2,0.958558261171319,0.039062298825228985,0.0023794400034520217
manuscript_final_20260712T175019Z_c664ef152ff3,c664ef152ff3a9eef89c53a403b9c2e6f677340bea0307b02d97d07cc54bdfc3,no_salary_hike_no_attrition_no_department,raw,2,623,2,2,0.9051844130297566,0.0935244883959856,0.0012910985742578356
manuscript_final_20260712T175019Z_c664ef152ff3,c664ef152ff3a9eef89c53a403b9c2e6f677340bea0307b02d97d07cc54bdfc3,no_salary_hike_no_attrition_no_department,raw,2,625,3,3,0.00020543332924852684,0.9751548691171359,0.02463969755361558
manuscript_final_20260712T175019Z_c664ef152ff3,c664ef152ff3a9eef89c53a403b9c2e6f677340bea0307b02d97d07cc54bdfc3,no_salary_hike_no_attrition_no_department,raw,2,633,2,2,0.8709982406460207,0.11587499524978934,0.013126764104189914
manuscript_final_20260712T175019Z_c664ef152ff3,c664ef152ff3a9eef89c53a403b9c2e6f677340bea0307b02d97d07cc54bdfc3,no_salary_hike_no_attrition_no_department,raw,2,659,3,3,0.056801574686128564,0.926956092980904,0.016242332332967496
manuscript_final_20260712T175019Z_c664ef152ff3,c664ef152ff3a9eef89c53a403b9c2e6f677340bea0307b02d97d07cc54bdfc3,no_salary_hike_no_attrition_no_department,raw,2,668,3,3,0.002909336909330391,0.8670910610494903,0.12999960204117927
manuscript_final_20260712T175019Z_c664ef152ff3,c664ef152ff3a9eef89c53a403b9c2e6f677340bea0307b02d97d07cc54bdfc3,no_salary_hike_no_attrition_no_department,raw,2,672,2,2,0.9584808920908506,0.03580743660375098,0.0057116713053984225
manuscript_final_20260712T175019Z_c664ef152ff3,c664ef152ff3a9eef89c53a403b9c2e6f677340bea0307b02d97d07cc54bdfc3,no_salary_hike_no_attrition_no_department,raw,2,675,3,3,0.0047044010372281385,0.90732994399458,0.08796565496819184
manuscript_final_20260712T175019Z_c664ef152ff3,c664ef152ff3a9eef89c53a403b9c2e6f677340bea0307b02d97d07cc54bdfc3,no_salary_hike_no_attrition_no_department,raw,2,680,4,3,0.03457941114902496,0.8730276823043823,0.09239290654659271
manuscript_final_20260712T175019Z_c664ef152ff3,c664ef152ff3a9eef89c53a403b9c2e6f677340bea0307b02d97d07cc54bdfc3,no_salary_hike_no_attrition_no_department,raw,2,683,3,3,0.0027748978029851455,0.5803705606567379,0.416854541540277
manuscript_final_20260712T175019Z_c664ef152ff3,c664ef152ff3a9eef89c53a403b9c2e6f677340bea0307b02d97d07cc54bdfc3,no_salary_hike_no_attrition_no_department,raw,2,685,3,3,0.00361511801839315,0.8847027823417304,0.11168209963987642
manuscript_final_20260712T175019Z_c664ef152ff3,c664ef152ff3a9eef89c53a403b9c2e6f677340bea0307b02d97d07cc54bdfc3,no_salary_hike_no_attrition_no_department,raw,2,703,3,3,0.0016319420504442854,0.9644776218930784,0.03389043605647733
manuscript_final_20260712T175019Z_c664ef152ff3,c664ef152ff3a9eef89c53a403b9c2e6f677340bea0307b02d97d07cc54bdfc3,no_salary_hike_no_attrition_no_department,raw,2,709,2,2,0.8972309412087879,0.09908626514529652,0.0036827936459155903
manuscript_final_20260712T175019Z_c664ef152ff3,c664ef152ff3a9eef89c53a403b9c2e6f677340bea0307b02d97d07cc54bdfc3,no_salary_hike_no_attrition_no_department,raw,2,710,3,3,0.0021880313517668773,0.8703151436439206,0.12749682500431248
manuscript_final_20260712T175019Z_c664ef152ff3,c664ef152ff3a9eef89c53a403b9c2e6f677340bea0307b02d97d07cc54bdfc3,no_salary_hike_no_attrition_no_department,raw,2,719,3,3,0.004858479613377246,0.9246949131506954,0.07044660723592737
manuscript_final_20260712T175019Z_c664ef152ff3,c664ef152ff3a9eef89c53a403b9c2e6f677340bea0307b02d97d07cc54bdfc3,no_salary_hike_no_attrition_no_department,raw,2,732,3,3,0.0061167774947259645,0.9861506114397034,0.007732611065570625
manuscript_final_20260712T175019Z_c664ef152ff3,c664ef152ff3a9eef89c53a403b9c2e6f677340bea0307b02d97d07cc54bdfc3,no_salary_hike_no_attrition_no_department,raw,2,743,4,3,0.0016782601975532483,0.9254856868594366,0.0728360529430102
manuscript_final_20260712T175019Z_c664ef152ff3,c664ef152ff3a9eef89c53a403b9c2e6f677340bea0307b02d97d07cc54bdfc3,no_salary_hike_no_attrition_no_department,raw,2,744,4,3,0.009888418830419476,0.9479001049672241,0.04221147620235645
manuscript_final_20260712T175019Z_c664ef152ff3,c664ef152ff3a9eef89c53a403b9c2e6f677340bea0307b02d97d07cc54bdfc3,no_salary_hike_no_attrition_no_department,raw,2,745,3,3,0.0010568704082061767,0.8315990868948724,0.16734404269692155
manuscript_final_20260712T175019Z_c664ef152ff3,c664ef152ff3a9eef89c53a403b9c2e6f677340bea0307b02d97d07cc54bdfc3,no_salary_hike_no_attrition_no_department,raw,2,748,2,2,0.9845260840154292,0.01077447136745189,0.004699444617118902
manuscript_final_20260712T175019Z_c664ef152ff3,c664ef152ff3a9eef89c53a403b9c2e6f677340bea0307b02d97d07cc54bdfc3,no_salary_hike_no_attrition_no_department,raw,2,751,3,3,0.005337428122621577,0.884343534860418,0.11031903701696048
manuscript_final_20260712T175019Z_c664ef152ff3,c664ef152ff3a9eef89c53a403b9c2e6f677340bea0307b02d97d07cc54bdfc3,no_salary_hike_no_attrition_no_department,raw,2,756,2,3,0.00873310301924831,0.9685701691785076,0.022696727802244097
manuscript_final_20260712T175019Z_c664ef152ff3,c664ef152ff3a9eef89c53a403b9c2e6f677340bea0307b02d97d07cc54bdfc3,no_salary_hike_no_attrition_no_department,raw,2,760,3,3,8.12859756103867e-05,0.995482839801617,0.004435874222772621
manuscript_final_20260712T175019Z_c664ef152ff3,c664ef152ff3a9eef89c53a403b9c2e6f677340bea0307b02d97d07cc54bdfc3,no_salary_hike_no_attrition_no_department,raw,2,781,3,3,0.0829532631344254,0.904505115301116,0.01254162156445855
manuscript_final_20260712T175019Z_c664ef152ff3,c664ef152ff3a9eef89c53a403b9c2e6f677340bea0307b02d97d07cc54bdfc3,no_salary_hike_no_attrition_no_department,raw,2,783,3,2,0.5678736662694495,0.41375548341087875,0.018370850319671728
manuscript_final_20260712T175019Z_c664ef152ff3,c664ef152ff3a9eef89c53a403b9c2e6f677340bea0307b02d97d07cc54bdfc3,no_salary_hike_no_attrition_no_department,raw,2,817,2,2,0.9284810471410357,0.06657354567773129,0.004945407181232925
manuscript_final_20260712T175019Z_c664ef152ff3,c664ef152ff3a9eef89c53a403b9c2e6f677340bea0307b02d97d07cc54bdfc3,no_salary_hike_no_attrition_no_department,raw,2,823,4,3,0.0001615490821552138,0.9400869344578158,0.05975151646002906
manuscript_final_20260712T175019Z_c664ef152ff3,c664ef152ff3a9eef89c53a403b9c2e6f677340bea0307b02d97d07cc54bdfc3,no_salary_hike_no_attrition_no_department,raw,2,826,3,3,0.0009567133380347607,0.7441893670016873,0.2548539196602781
manuscript_final_20260712T175019Z_c664ef152ff3,c664ef152ff3a9eef89c53a403b9c2e6f677340bea0307b02d97d07cc54bdfc3,no_salary_hike_no_attrition_no_department,raw,2,829,3,3,0.005715616739166199,0.952140529783141,0.04214385347769278
manuscript_final_20260712T175019Z_c664ef152ff3,c664ef152ff3a9eef89c53a403b9c2e6f677340bea0307b02d97d07cc54bdfc3,no_salary_hike_no_attrition_no_department,raw,2,833,3,3,0.21121201391246947,0.6837365780115853,0.10505140807594526
manuscript_final_20260712T175019Z_c664ef152ff3,c664ef152ff3a9eef89c53a403b9c2e6f677340bea0307b02d97d07cc54bdfc3,no_salary_hike_no_attrition_no_department,raw,2,836,3,3,0.00913289736224286,0.8681412822064217,0.12272582043133538
manuscript_final_20260712T175019Z_c664ef152ff3,c664ef152ff3a9eef89c53a403b9c2e6f677340bea0307b02d97d07cc54bdfc3,no_salary_hike_no_attrition_no_department,raw,2,841,3,3,0.0007530874302667882,0.9841611628511876,0.015085749718545597
manuscript_final_20260712T175019Z_c664ef152ff3,c664ef152ff3a9eef89c53a403b9c2e6f677340bea0307b02d97d07cc54bdfc3,no_salary_hike_no_attrition_no_department,raw,2,845,3,3,0.004098293610058287,0.9792482310298181,0.01665347536012364
manuscript_final_20260712T175019Z_c664ef152ff3,c664ef152ff3a9eef89c53a403b9c2e6f677340bea0307b02d97d07cc54bdfc3,no_salary_hike_no_attrition_no_department,raw,2,869,3,3,0.004439440071603767,0.939045604108176,0.056514955820220245
manuscript_final_20260712T175019Z_c664ef152ff3,c664ef152ff3a9eef89c53a403b9c2e6f677340bea0307b02d97d07cc54bdfc3,no_salary_hike_no_attrition_no_department,raw,2,873,2,2,0.9281703708745677,0.06676427187891695,0.00506535724651534
manuscript_final_20260712T175019Z_c664ef152ff3,c664ef152ff3a9eef89c53a403b9c2e6f677340bea0307b02d97d07cc54bdfc3,no_salary_hike_no_attrition_no_department,raw,2,876,3,3,0.003943452213847885,0.966436760387458,0.029619787398694145
manuscript_final_20260712T175019Z_c664ef152ff3,c664ef152ff3a9eef89c53a403b9c2e6f677340bea0307b02d97d07cc54bdfc3,no_salary_hike_no_attrition_no_department,raw,2,879,3,3,0.3305300494175826,0.6646693389120983,0.0048006116703189685
manuscript_final_20260712T175019Z_c664ef152ff3,c664ef152ff3a9eef89c53a403b9c2e6f677340bea0307b02d97d07cc54bdfc3,no_salary_hike_no_attrition_no_department,raw,2,892,3,3,0.011229703432930145,0.6808581491735571,0.30791214739351275
manuscript_final_20260712T175019Z_c664ef152ff3,c664ef152ff3a9eef89c53a403b9c2e6f677340bea0307b02d97d07cc54bdfc3,no_salary_hike_no_attrition_no_department,raw,2,895,3,3,0.016154085946480233,0.9355431638287595,0.048302750224760264
manuscript_final_20260712T175019Z_c664ef152ff3,c664ef152ff3a9eef89c53a403b9c2e6f677340bea0307b02d97d07cc54bdfc3,no_salary_hike_no_attrition_no_department,raw,2,906,3,3,0.0019133909517399048,0.9261325667843475,0.0719540422639126
manuscript_final_20260712T175019Z_c664ef152ff3,c664ef152ff3a9eef89c53a403b9c2e6f677340bea0307b02d97d07cc54bdfc3,no_salary_hike_no_attrition_no_department,raw,2,915,3,3,0.00031616541177552544,0.9725637582598516,0.027120076328372825
manuscript_final_20260712T175019Z_c664ef152ff3,c664ef152ff3a9eef89c53a403b9c2e6f677340bea0307b02d97d07cc54bdfc3,no_salary_hike_no_attrition_no_department,raw,2,937,3,3,0.0019835080657443294,0.9689948870151524,0.029021604919103317
manuscript_final_20260712T175019Z_c664ef152ff3,c664ef152ff3a9eef89c53a403b9c2e6f677340bea0307b02d97d07cc54bdfc3,no_salary_hike_no_attrition_no_department,raw,2,973,4,3,0.0025008404231497204,0.9309275598956566,0.06657159968119376
manuscript_final_20260712T175019Z_c664ef152ff3,c664ef152ff3a9eef89c53a403b9c2e6f677340bea0307b02d97d07cc54bdfc3,no_salary_hike_no_attrition_no_department,raw,2,989,3,3,0.0014585884308127774,0.9715905954091575,0.026950816160029686
manuscript_final_20260712T175019Z_c664ef152ff3,c664ef152ff3a9eef89c53a403b9c2e6f677340bea0307b02d97d07cc54bdfc3,no_salary_hike_no_attrition_no_department,raw,2,995,4,3,0.06709365746658019,0.8700372836004878,0.06286905893293199
manuscript_final_20260712T175019Z_c664ef152ff3,c664ef152ff3a9eef89c53a403b9c2e6f677340bea0307b02d97d07cc54bdfc3,no_salary_hike_no_attrition_no_department,raw,2,998,3,3,0.0010864002626201194,0.977757057288432,0.021156542448947924
manuscript_final_20260712T175019Z_c664ef152ff3,c664ef152ff3a9eef89c53a403b9c2e6f677340bea0307b02d97d07cc54bdfc3,no_salary_hike_no_attrition_no_department,raw,2,1004,3,3,0.00513069167361764,0.9556172899514394,0.03925201837494303
manuscript_final_20260712T175019Z_c664ef152ff3,c664ef152ff3a9eef89c53a403b9c2e6f677340bea0307b02d97d07cc54bdfc3,no_salary_hike_no_attrition_no_department,raw,2,1027,3,3,0.0068295274038942064,0.969246594278742,0.023923878317363773
manuscript_final_20260712T175019Z_c664ef152ff3,c664ef152ff3a9eef89c53a403b9c2e6f677340bea0307b02d97d07cc54bdfc3,no_salary_hike_no_attrition_no_department,raw,2,1035,3,3,0.0025777595577347653,0.9085295794279012,0.08889266101436395
manuscript_final_20260712T175019Z_c664ef152ff3,c664ef152ff3a9eef89c53a403b9c2e6f677340bea0307b02d97d07cc54bdfc3,no_salary_hike_no_attrition_no_department,raw,2,1048,3,3,0.004314231947460283,0.9422340963456931,0.0534516717068466
manuscript_final_20260712T175019Z_c664ef152ff3,c664ef152ff3a9eef89c53a403b9c2e6f677340bea0307b02d97d07cc54bdfc3,no_salary_hike_no_attrition_no_department,raw,2,1052,3,3,0.0009051729651200504,0.8614212900315045,0.13767353700337548
manuscript_final_20260712T175019Z_c664ef152ff3,c664ef152ff3a9eef89c53a403b9c2e6f677340bea0307b02d97d07cc54bdfc3,no_salary_hike_no_attrition_no_department,raw,2,1057,3,3,0.0030680696638470993,0.9176784661924061,0.07925346414374677
manuscript_final_20260712T175019Z_c664ef152ff3,c664ef152ff3a9eef89c53a403b9c2e6f677340bea0307b02d97d07cc54bdfc3,no_salary_hike_no_attrition_no_department,raw,2,1064,2,2,0.9765870921613169,0.02129208801790478,0.0021208198207783185
manuscript_final_20260712T175019Z_c664ef152ff3,c664ef152ff3a9eef89c53a403b9c2e6f677340bea0307b02d97d07cc54bdfc3,no_salary_hike_no_attrition_no_department,raw,2,1085,3,3,0.0003317144497443514,0.9712940204025217,0.028374265147733998
manuscript_final_20260712T175019Z_c664ef152ff3,c664ef152ff3a9eef89c53a403b9c2e6f677340bea0307b02d97d07cc54bdfc3,no_salary_hike_no_attrition_no_department,raw,2,1098,3,3,0.0009130290356551251,0.9895466779673592,0.009540292996985689
manuscript_final_20260712T175019Z_c664ef152ff3,c664ef152ff3a9eef89c53a403b9c2e6f677340bea0307b02d97d07cc54bdfc3,no_salary_hike_no_attrition_no_department,raw,2,1114,3,4,0.0012785414103673955,0.4587605334416121,0.5399609251480205
manuscript_final_20260712T175019Z_c664ef152ff3,c664ef152ff3a9eef89c53a403b9c2e6f677340bea0307b02d97d07cc54bdfc3,no_salary_hike_no_attrition_no_department,raw,2,1126,3,3,0.4537945738486339,0.5005517061861423,0.04565371996522382
manuscript_final_20260712T175019Z_c664ef152ff3,c664ef152ff3a9eef89c53a403b9c2e6f677340bea0307b02d97d07cc54bdfc3,no_salary_hike_no_attrition_no_department,raw,2,1140,4,3,0.001113471607228387,0.9808760568566227,0.018010471536148914
manuscript_final_20260712T175019Z_c664ef152ff3,c664ef152ff3a9eef89c53a403b9c2e6f677340bea0307b02d97d07cc54bdfc3,no_salary_hike_no_attrition_no_department,raw,2,1152,2,2,0.9279303952321095,0.06547109645502674,0.006598508312863823
manuscript_final_20260712T175019Z_c664ef152ff3,c664ef152ff3a9eef89c53a403b9c2e6f677340bea0307b02d97d07cc54bdfc3,no_salary_hike_no_attrition_no_department,raw,2,1163,3,3,0.07207766410158717,0.8842093914748042,0.04371294442360869
manuscript_final_20260712T175019Z_c664ef152ff3,c664ef152ff3a9eef89c53a403b9c2e6f677340bea0307b02d97d07cc54bdfc3,no_salary_hike_no_attrition_no_department,raw,2,1175,3,3,9.686398998045174e-05,0.9936118283132688,0.006291307696750754
manuscript_final_20260712T175019Z_c664ef152ff3,c664ef152ff3a9eef89c53a403b9c2e6f677340bea0307b02d97d07cc54bdfc3,no_salary_hike_no_attrition_no_department,raw,2,1177,3,3,0.0004548958812678013,0.9402064955303551,0.05933860858837714
manuscript_final_20260712T175019Z_c664ef152ff3,c664ef152ff3a9eef89c53a403b9c2e6f677340bea0307b02d97d07cc54bdfc3,no_salary_hike_no_attrition_no_department,raw,2,1185,3,3,0.38872903712145207,0.6034718175531844,0.007799145325363622
manuscript_final_20260712T175019Z_c664ef152ff3,c664ef152ff3a9eef89c53a403b9c2e6f677340bea0307b02d97d07cc54bdfc3,no_salary_hike_no_attrition_no_department,raw,2,1190,4,3,0.0017973502363829229,0.6901894198109838,0.30801322995263325
manuscript_final_20260712T175019Z_c664ef152ff3,c664ef152ff3a9eef89c53a403b9c2e6f677340bea0307b02d97d07cc54bdfc3,no_salary_hike_no_attrition_no_department,raw,2,1193,3,3,0.17991350658205713,0.7622016696713927,0.05788482374655017
manuscript_final_20260712T175019Z_c664ef152ff3,c664ef152ff3a9eef89c53a403b9c2e6f677340bea0307b02d97d07cc54bdfc3,no_salary_hike_no_attrition_no_department,raw,2,1198,3,3,0.0015197363391941463,0.9049953049492057,0.09348495871160027
manuscript_final_20260712T175019Z_c664ef152ff3,c664ef152ff3a9eef89c53a403b9c2e6f677340bea0307b02d97d07cc54bdfc3,no_salary_hike_no_attrition_no_department,sigmoid,2,9,3,3,0.0006309082086602626,0.8589278814626121,0.14044121032872758
manuscript_final_20260712T175019Z_c664ef152ff3,c664ef152ff3a9eef89c53a403b9c2e6f677340bea0307b02d97d07cc54bdfc3,no_salary_hike_no_attrition_no_department,sigmoid,2,23,3,3,0.14635945934807884,0.7671485249079862,0.086492015743935
manuscript_final_20260712T175019Z_c664ef152ff3,c664ef152ff3a9eef89c53a403b9c2e6f677340bea0307b02d97d07cc54bdfc3,no_salary_hike_no_attrition_no_department,sigmoid,2,47,4,3,0.001718248693898722,0.9048395741152665,0.0934421771908348
manuscript_final_20260712T175019Z_c664ef152ff3,c664ef152ff3a9eef89c53a403b9c2e6f677340bea0307b02d97d07cc54bdfc3,no_salary_hike_no_attrition_no_department,sigmoid,2,59,3,3,0.0032212824463454938,0.8510936174468615,0.14568510010679292
manuscript_final_20260712T175019Z_c664ef152ff3,c664ef152ff3a9eef89c53a403b9c2e6f677340bea0307b02d97d07cc54bdfc3,no_salary_hike_no_attrition_no_department,sigmoid,2,64,3,3,0.01909241367028656,0.7926001034399855,0.18830748288972796
manuscript_final_20260712T175019Z_c664ef152ff3,c664ef152ff3a9eef89c53a403b9c2e6f677340bea0307b02d97d07cc54bdfc3,no_salary_hike_no_attrition_no_department,sigmoid,2,71,3,3,0.0013918876362875498,0.7701010236411148,0.2285070887225976
manuscript_final_20260712T175019Z_c664ef152ff3,c664ef152ff3a9eef89c53a403b9c2e6f677340bea0307b02d97d07cc54bdfc3,no_salary_hike_no_attrition_no_department,sigmoid,2,87,3,3,0.00380375274701643,0.8974952152574689,0.0987010319955147
manuscript_final_20260712T175019Z_c664ef152ff3,c664ef152ff3a9eef89c53a403b9c2e6f677340bea0307b02d97d07cc54bdfc3,no_salary_hike_no_attrition_no_department,sigmoid,2,89,3,3,0.0012556639055498113,0.9161647118658856,0.08257962422856462
manuscript_final_20260712T175019Z_c664ef152ff3,c664ef152ff3a9eef89c53a403b9c2e6f677340bea0307b02d97d07cc54bdfc3,no_salary_hike_no_attrition_no_department,sigmoid,2,91,3,2,0.8381573142549391,0.12162656154602453,0.04021612419903629
manuscript_final_20260712T175019Z_c664ef152ff3,c664ef152ff3a9eef89c53a403b9c2e6f677340bea0307b02d97d07cc54bdfc3,no_salary_hike_no_attrition_no_department,sigmoid,2,132,2,3,0.08228596509427535,0.8670939885060667,0.05062004639965799
manuscript_final_20260712T175019Z_c664ef152ff3,c664ef152ff3a9eef89c53a403b9c2e6f677340bea0307b02d97d07cc54bdfc3,no_salary_hike_no_attrition_no_department,sigmoid,2,155,3,3,0.00873215340705048,0.8766029546049122,0.1146648919880373
manuscript_final_20260712T175019Z_c664ef152ff3,c664ef152ff3a9eef89c53a403b9c2e6f677340bea0307b02d97d07cc54bdfc3,no_salary_hike_no_attrition_no_department,sigmoid,2,179,3,3,0.007522025542476735,0.9061350696940125,0.08634290476351086
manuscript_final_20260712T175019Z_c664ef152ff3,c664ef152ff3a9eef89c53a403b9c2e6f677340bea0307b02d97d07cc54bdfc3,no_salary_hike_no_attrition_no_department,sigmoid,2,194,3,3,0.01027286202174596,0.8134924432675824,0.1762346947106717
manuscript_final_20260712T175019Z_c664ef152ff3,c664ef152ff3a9eef89c53a403b9c2e6f677340bea0307b02d97d07cc54bdfc3,no_salary_hike_no_attrition_no_department,sigmoid,2,242,3,3,0.0012247058001420858,0.9205547042770073,0.07822058992285065
manuscript_final_20260712T175019Z_c664ef152ff3,c664ef152ff3a9eef89c53a403b9c2e6f677340bea0307b02d97d07cc54bdfc3,no_salary_hike_no_attrition_no_department,sigmoid,2,244,3,3,0.004145655507592757,0.879741272098066,0.11611307239434136
manuscript_final_20260712T175019Z_c664ef152ff3,c664ef152ff3a9eef89c53a403b9c2e6f677340bea0307b02d97d07cc54bdfc3,no_salary_hike_no_attrition_no_department,sigmoid,2,260,4,3,0.012729052288360083,0.9172841821167013,0.06998676559493865
manuscript_final_20260712T175019Z_c664ef152ff3,c664ef152ff3a9eef89c53a403b9c2e6f677340bea0307b02d97d07cc54bdfc3,no_salary_hike_no_attrition_no_department,sigmoid,2,262,2,2,0.6881864468806006,0.26941808204372114,0.04239547107567826
manuscript_final_20260712T175019Z_c664ef152ff3,c664ef152ff3a9eef89c53a403b9c2e6f677340bea0307b02d97d07cc54bdfc3,no_salary_hike_no_attrition_no_department,sigmoid,2,263,3,3,0.0014173016134399728,0.8571348070590586,0.1414478913275014
manuscript_final_20260712T175019Z_c664ef152ff3,c664ef152ff3a9eef89c53a403b9c2e6f677340bea0307b02d97d07cc54bdfc3,no_salary_hike_no_attrition_no_department,sigmoid,2,281,3,3,0.014225342775215257,0.8769255535536621,0.10884910367112265
manuscript_final_20260712T175019Z_c664ef152ff3,c664ef152ff3a9eef89c53a403b9c2e6f677340bea0307b02d97d07cc54bdfc3,no_salary_hike_no_attrition_no_department,sigmoid,2,297,3,3,0.0039928329841750045,0.8722611168291405,0.12374605018668443
manuscript_final_20260712T175019Z_c664ef152ff3,c664ef152ff3a9eef89c53a403b9c2e6f677340bea0307b02d97d07cc54bdfc3,no_salary_hike_no_attrition_no_department,sigmoid,2,299,3,3,0.0033209918797185694,0.8988063194557846,0.09787268866449687
manuscript_final_20260712T175019Z_c664ef152ff3,c664ef152ff3a9eef89c53a403b9c2e6f677340bea0307b02d97d07cc54bdfc3,no_salary_hike_no_attrition_no_department,sigmoid,2,305,4,3,0.0011713544212744503,0.883929644395337,0.11489900118338842
manuscript_final_20260712T175019Z_c664ef152ff3,c664ef152ff3a9eef89c53a403b9c2e6f677340bea0307b02d97d07cc54bdfc3,no_salary_hike_no_attrition_no_department,sigmoid,2,331,2,2,0.7712284185292829,0.18419898789258915,0.04457259357812788
manuscript_final_20260712T175019Z_c664ef152ff3,c664ef152ff3a9eef89c53a403b9c2e6f677340bea0307b02d97d07cc54bdfc3,no_salary_hike_no_attrition_no_department,sigmoid,2,339,3,3,0.005194265704028419,0.9448853303202828,0.04992040397568875
manuscript_final_20260712T175019Z_c664ef152ff3,c664ef152ff3a9eef89c53a403b9c2e6f677340bea0307b02d97d07cc54bdfc3,no_salary_hike_no_attrition_no_department,sigmoid,2,344,3,3,0.010640147746566611,0.9170578666078107,0.07230198564562254
manuscript_final_20260712T175019Z_c664ef152ff3,c664ef152ff3a9eef89c53a403b9c2e6f677340bea0307b02d97d07cc54bdfc3,no_salary_hike_no_attrition_no_department,sigmoid,2,347,3,3,0.0018496059679987895,0.931337381828086,0.06681301220391506
manuscript_final_20260712T175019Z_c664ef152ff3,c664ef152ff3a9eef89c53a403b9c2e6f677340bea0307b02d97d07cc54bdfc3,no_salary_hike_no_attrition_no_department,sigmoid,2,349,3,3,0.00837749208412126,0.9228793014564269,0.06874320645945169
manuscript_final_20260712T175019Z_c664ef152ff3,c664ef152ff3a9eef89c53a403b9c2e6f677340bea0307b02d97d07cc54bdfc3,no_salary_hike_no_attrition_no_department,sigmoid,2,353,2,2,0.7292466529711207,0.22294296434803024,0.04781038268084902
manuscript_final_20260712T175019Z_c664ef152ff3,c664ef152ff3a9eef89c53a403b9c2e6f677340bea0307b02d97d07cc54bdfc3,no_salary_hike_no_attrition_no_department,sigmoid,2,358,3,3,0.0031258633833611375,0.8872371604031964,0.10963697621344241
manuscript_final_20260712T175019Z_c664ef152ff3,c664ef152ff3a9eef89c53a403b9c2e6f677340bea0307b02d97d07cc54bdfc3,no_salary_hike_no_attrition_no_department,sigmoid,2,361,3,3,0.018162851674881117,0.7873087923570182,0.19452835596810075
manuscript_final_20260712T175019Z_c664ef152ff3,c664ef152ff3a9eef89c53a403b9c2e6f677340bea0307b02d97d07cc54bdfc3,no_salary_hike_no_attrition_no_department,sigmoid,2,374,4,3,0.0012630487234018917,0.8752707923060031,0.123466158970595
manuscript_final_20260712T175019Z_c664ef152ff3,c664ef152ff3a9eef89c53a403b9c2e6f677340bea0307b02d97d07cc54bdfc3,no_salary_hike_no_attrition_no_department,sigmoid,2,376,3,3,0.0004397455428020167,0.9624039467062863,0.03715630775091164
manuscript_final_20260712T175019Z_c664ef152ff3,c664ef152ff3a9eef89c53a403b9c2e6f677340bea0307b02d97d07cc54bdfc3,no_salary_hike_no_attrition_no_department,sigmoid,2,377,2,2,0.8073186982111535,0.15310765587848146,0.039573645910365225
manuscript_final_20260712T175019Z_c664ef152ff3,c664ef152ff3a9eef89c53a403b9c2e6f677340bea0307b02d97d07cc54bdfc3,no_salary_hike_no_attrition_no_department,sigmoid,2,382,3,3,0.06337910853599983,0.7592095546698597,0.1774113367941404
manuscript_final_20260712T175019Z_c664ef152ff3,c664ef152ff3a9eef89c53a403b9c2e6f677340bea0307b02d97d07cc54bdfc3,no_salary_hike_no_attrition_no_department,sigmoid,2,388,4,3,0.007119335757552293,0.8826000564275156,0.11028060781493215
manuscript_final_20260712T175019Z_c664ef152ff3,c664ef152ff3a9eef89c53a403b9c2e6f677340bea0307b02d97d07cc54bdfc3,no_salary_hike_no_attrition_no_department,sigmoid,2,389,3,3,0.019776573646929283,0.867042444228484,0.11318098212458672
manuscript_final_20260712T175019Z_c664ef152ff3,c664ef152ff3a9eef89c53a403b9c2e6f677340bea0307b02d97d07cc54bdfc3,no_salary_hike_no_attrition_no_department,sigmoid,2,449,3,3,0.00621788294688667,0.9444706791192478,0.04931143793386549
manuscript_final_20260712T175019Z_c664ef152ff3,c664ef152ff3a9eef89c53a403b9c2e6f677340bea0307b02d97d07cc54bdfc3,no_salary_hike_no_attrition_no_department,sigmoid,2,456,3,3,0.26202471660015864,0.6812085043613525,0.05676677903848902
manuscript_final_20260712T175019Z_c664ef152ff3,c664ef152ff3a9eef89c53a403b9c2e6f677340bea0307b02d97d07cc54bdfc3,no_salary_hike_no_attrition_no_department,sigmoid,2,465,3,3,0.022865406657748822,0.8683309653946731,0.10880362794757807
manuscript_final_20260712T175019Z_c664ef152ff3,c664ef152ff3a9eef89c53a403b9c2e6f677340bea0307b02d97d07cc54bdfc3,no_salary_hike_no_attrition_no_department,sigmoid,2,467,2,2,0.7405886032966149,0.22524544025363386,0.034165956449751185
manuscript_final_20260712T175019Z_c664ef152ff3,c664ef152ff3a9eef89c53a403b9c2e6f677340bea0307b02d97d07cc54bdfc3,no_salary_hike_no_attrition_no_department,sigmoid,2,468,3,3,0.00940305741223669,0.8203666701734363,0.17023027241432692
manuscript_final_20260712T175019Z_c664ef152ff3,c664ef152ff3a9eef89c53a403b9c2e6f677340bea0307b02d97d07cc54bdfc3,no_salary_hike_no_attrition_no_department,sigmoid,2,470,3,3,0.004196644054018699,0.7984517207817874,0.19735163516419393
manuscript_final_20260712T175019Z_c664ef152ff3,c664ef152ff3a9eef89c53a403b9c2e6f677340bea0307b02d97d07cc54bdfc3,no_salary_hike_no_attrition_no_department,sigmoid,2,472,3,3,0.0015349507574179259,0.8861735546500198,0.11229149459256231
manuscript_final_20260712T175019Z_c664ef152ff3,c664ef152ff3a9eef89c53a403b9c2e6f677340bea0307b02d97d07cc54bdfc3,no_salary_hike_no_attrition_no_department,sigmoid,2,483,3,3,0.0017575603652842035,0.862048101142697,0.13619433849201876
manuscript_final_20260712T175019Z_c664ef152ff3,c664ef152ff3a9eef89c53a403b9c2e6f677340bea0307b02d97d07cc54bdfc3,no_salary_hike_no_attrition_no_department,sigmoid,2,494,3,3,0.012333470418676952,0.7977485686980784,0.18991796088324464
manuscript_final_20260712T175019Z_c664ef152ff3,c664ef152ff3a9eef89c53a403b9c2e6f677340bea0307b02d97d07cc54bdfc3,no_salary_hike_no_attrition_no_department,sigmoid,2,511,2,2,0.8034726854124971,0.1597598813984654,0.03676743318903762
manuscript_final_20260712T175019Z_c664ef152ff3,c664ef152ff3a9eef89c53a403b9c2e6f677340bea0307b02d97d07cc54bdfc3,no_salary_hike_no_attrition_no_department,sigmoid,2,558,3,3,0.01204428961715101,0.7973685317103554,0.1905871786724936
manuscript_final_20260712T175019Z_c664ef152ff3,c664ef152ff3a9eef89c53a403b9c2e6f677340bea0307b02d97d07cc54bdfc3,no_salary_hike_no_attrition_no_department,sigmoid,2,569,3,3,0.004290145402316056,0.9265423582436376,0.06916749635404632
manuscript_final_20260712T175019Z_c664ef152ff3,c664ef152ff3a9eef89c53a403b9c2e6f677340bea0307b02d97d07cc54bdfc3,no_salary_hike_no_attrition_no_department,sigmoid,2,587,3,3,0.1302982785490827,0.7188826669389754,0.15081905451194194
manuscript_final_20260712T175019Z_c664ef152ff3,c664ef152ff3a9eef89c53a403b9c2e6f677340bea0307b02d97d07cc54bdfc3,no_salary_hike_no_attrition_no_department,sigmoid,2,589,3,3,0.002311888149675638,0.7758916715984773,0.22179644025184714
manuscript_final_20260712T175019Z_c664ef152ff3,c664ef152ff3a9eef89c53a403b9c2e6f677340bea0307b02d97d07cc54bdfc3,no_salary_hike_no_attrition_no_department,sigmoid,2,590,3,3,0.01199083594085548,0.902888859055725,0.08512030500341948
manuscript_final_20260712T175019Z_c664ef152ff3,c664ef152ff3a9eef89c53a403b9c2e6f677340bea0307b02d97d07cc54bdfc3,no_salary_hike_no_attrition_no_department,sigmoid,2,603,3,3,0.0035916047729746747,0.9295814406452555,0.06682695458176993
manuscript_final_20260712T175019Z_c664ef152ff3,c664ef152ff3a9eef89c53a403b9c2e6f677340bea0307b02d97d07cc54bdfc3,no_salary_hike_no_attrition_no_department,sigmoid,2,609,3,3,0.001481643451678931,0.8662523789504312,0.1322659775978899
manuscript_final_20260712T175019Z_c664ef152ff3,c664ef152ff3a9eef89c53a403b9c2e6f677340bea0307b02d97d07cc54bdfc3,no_salary_hike_no_attrition_no_department,sigmoid,2,611,2,2,0.8069810687334155,0.13739830566211908,0.05562062560446534
manuscript_final_20260712T175019Z_c664ef152ff3,c664ef152ff3a9eef89c53a403b9c2e6f677340bea0307b02d97d07cc54bdfc3,no_salary_hike_no_attrition_no_department,sigmoid,2,618,2,2,0.8369648415270516,0.12913640672671822,0.03389875174623006
manuscript_final_20260712T175019Z_c664ef152ff3,c664ef152ff3a9eef89c53a403b9c2e6f677340bea0307b02d97d07cc54bdfc3,no_salary_hike_no_attrition_no_department,sigmoid,2,623,2,2,0.7723199786983447,0.2007869334966373,0.026893087805018152
manuscript_final_20260712T175019Z_c664ef152ff3,c664ef152ff3a9eef89c53a403b9c2e6f677340bea0307b02d97d07cc54bdfc3,no_salary_hike_no_attrition_no_department,sigmoid,2,625,3,3,0.0007789807239557834,0.9134997555269441,0.08572126374910005
manuscript_final_20260712T175019Z_c664ef152ff3,c664ef152ff3a9eef89c53a403b9c2e6f677340bea0307b02d97d07cc54bdfc3,no_salary_hike_no_attrition_no_department,sigmoid,2,633,2,2,0.7228890168582313,0.21814249881901196,0.058968484322756816
manuscript_final_20260712T175019Z_c664ef152ff3,c664ef152ff3a9eef89c53a403b9c2e6f677340bea0307b02d97d07cc54bdfc3,no_salary_hike_no_attrition_no_department,sigmoid,2,659,3,3,0.08929609378371564,0.8369226110339265,0.07378129518235793
manuscript_final_20260712T175019Z_c664ef152ff3,c664ef152ff3a9eef89c53a403b9c2e6f677340bea0307b02d97d07cc54bdfc3,no_salary_hike_no_attrition_no_department,sigmoid,2,668,3,3,0.007885678772933327,0.8305656860752003,0.16154863515186632
manuscript_final_20260712T175019Z_c664ef152ff3,c664ef152ff3a9eef89c53a403b9c2e6f677340bea0307b02d97d07cc54bdfc3,no_salary_hike_no_attrition_no_department,sigmoid,2,672,2,2,0.8317220540752674,0.12248989230080773,0.04578805362392475
manuscript_final_20260712T175019Z_c664ef152ff3,c664ef152ff3a9eef89c53a403b9c2e6f677340bea0307b02d97d07cc54bdfc3,no_salary_hike_no_attrition_no_department,sigmoid,2,675,3,3,0.011570345763848074,0.8509337589052203,0.13749589533093162
manuscript_final_20260712T175019Z_c664ef152ff3,c664ef152ff3a9eef89c53a403b9c2e6f677340bea0307b02d97d07cc54bdfc3,no_salary_hike_no_attrition_no_department,sigmoid,2,680,4,3,0.060740190077598503,0.801878124605366,0.1373816853170356
manuscript_final_20260712T175019Z_c664ef152ff3,c664ef152ff3a9eef89c53a403b9c2e6f677340bea0307b02d97d07cc54bdfc3,no_salary_hike_no_attrition_no_department,sigmoid,2,683,3,3,0.00855282728670406,0.7022789619794227,0.2891682107338733
manuscript_final_20260712T175019Z_c664ef152ff3,c664ef152ff3a9eef89c53a403b9c2e6f677340bea0307b02d97d07cc54bdfc3,no_salary_hike_no_attrition_no_department,sigmoid,2,685,3,3,0.009384489537857468,0.8390784757877172,0.1515370346744254
manuscript_final_20260712T175019Z_c664ef152ff3,c664ef152ff3a9eef89c53a403b9c2e6f677340bea0307b02d97d07cc54bdfc3,no_salary_hike_no_attrition_no_department,sigmoid,2,703,3,3,0.004571168011521587,0.8992993781992823,0.09612945378919613
manuscript_final_20260712T175019Z_c664ef152ff3,c664ef152ff3a9eef89c53a403b9c2e6f677340bea0307b02d97d07cc54bdfc3,no_salary_hike_no_attrition_no_department,sigmoid,2,709,2,2,0.7569180580980696,0.20458150784235796,0.03850043405957256
manuscript_final_20260712T175019Z_c664ef152ff3,c664ef152ff3a9eef89c53a403b9c2e6f677340bea0307b02d97d07cc54bdfc3,no_salary_hike_no_attrition_no_department,sigmoid,2,710,3,3,0.006189865022995663,0.8334146125052126,0.1603955224717918
manuscript_final_20260712T175019Z_c664ef152ff3,c664ef152ff3a9eef89c53a403b9c2e6f677340bea0307b02d97d07cc54bdfc3,no_salary_hike_no_attrition_no_department,sigmoid,2,719,3,3,0.011773105097624857,0.8621573997086094,0.12606949519376578
manuscript_final_20260712T175019Z_c664ef152ff3,c664ef152ff3a9eef89c53a403b9c2e6f677340bea0307b02d97d07cc54bdfc3,no_salary_hike_no_attrition_no_department,sigmoid,2,732,3,3,0.013813357112367886,0.9292155201274535,0.05697112276017862
manuscript_final_20260712T175019Z_c664ef152ff3,c664ef152ff3a9eef89c53a403b9c2e6f677340bea0307b02d97d07cc54bdfc3,no_salary_hike_no_attrition_no_department,sigmoid,2,743,4,3,0.004799295529876438,0.8670837410482736,0.12811696342185003
manuscript_final_20260712T175019Z_c664ef152ff3,c664ef152ff3a9eef89c53a403b9c2e6f677340bea0307b02d97d07cc54bdfc3,no_salary_hike_no_attrition_no_department,sigmoid,2,744,4,3,0.021054911237912373,0.8752009165192146,0.10374417224287305
manuscript_final_20260712T175019Z_c664ef152ff3,c664ef152ff3a9eef89c53a403b9c2e6f677340bea0307b02d97d07cc54bdfc3,no_salary_hike_no_attrition_no_department,sigmoid,2,745,3,3,0.003406334158902578,0.8158855236056998,0.18070814223539766
manuscript_final_20260712T175019Z_c664ef152ff3,c664ef152ff3a9eef89c53a403b9c2e6f677340bea0307b02d97d07cc54bdfc3,no_salary_hike_no_attrition_no_department,sigmoid,2,748,2,2,0.8905199672316308,0.06526271213701848,0.04421732063135074
manuscript_final_20260712T175019Z_c664ef152ff3,c664ef152ff3a9eef89c53a403b9c2e6f677340bea0307b02d97d07cc54bdfc3,no_salary_hike_no_attrition_no_department,sigmoid,2,751,3,3,0.013019792378086556,0.8364966185335354,0.150483589088378
manuscript_final_20260712T175019Z_c664ef152ff3,c664ef152ff3a9eef89c53a403b9c2e6f677340bea0307b02d97d07cc54bdfc3,no_salary_hike_no_attrition_no_department,sigmoid,2,756,2,3,0.018769103703632304,0.8981788913040293,0.08305200499233847
manuscript_final_20260712T175019Z_c664ef152ff3,c664ef152ff3a9eef89c53a403b9c2e6f677340bea0307b02d97d07cc54bdfc3,no_salary_hike_no_attrition_no_department,sigmoid,2,760,3,3,0.00034826410532796937,0.9529760717635459,0.046675664131126234
manuscript_final_20260712T175019Z_c664ef152ff3,c664ef152ff3a9eef89c53a403b9c2e6f677340bea0307b02d97d07cc54bdfc3,no_salary_hike_no_attrition_no_department,sigmoid,2,781,3,3,0.1215698099709255,0.8110453686954444,0.06738482133362998
manuscript_final_20260712T175019Z_c664ef152ff3,c664ef152ff3a9eef89c53a403b9c2e6f677340bea0307b02d97d07cc54bdfc3,no_salary_hike_no_attrition_no_department,sigmoid,2,783,3,2,0.5063374778974251,0.4257182696153943,0.06794425248718051
manuscript_final_20260712T175019Z_c664ef152ff3,c664ef152ff3a9eef89c53a403b9c2e6f677340bea0307b02d97d07cc54bdfc3,no_salary_hike_no_attrition_no_department,sigmoid,2,817,2,2,0.7895642815177917,0.16753516362799517,0.0429005548542132
manuscript_final_20260712T175019Z_c664ef152ff3,c664ef152ff3a9eef89c53a403b9c2e6f677340bea0307b02d97d07cc54bdfc3,no_salary_hike_no_attrition_no_department,sigmoid,2,823,4,3,0.0006505658579624731,0.8803690911109406,0.11898034303109688
manuscript_final_20260712T175019Z_c664ef152ff3,c664ef152ff3a9eef89c53a403b9c2e6f677340bea0307b02d97d07cc54bdfc3,no_salary_hike_no_attrition_no_department,sigmoid,2,826,3,3,0.0032543130593051025,0.7764298952057609,0.22031579173493404
manuscript_final_20260712T175019Z_c664ef152ff3,c664ef152ff3a9eef89c53a403b9c2e6f677340bea0307b02d97d07cc54bdfc3,no_salary_hike_no_attrition_no_department,sigmoid,2,829,3,3,0.01327675042022787,0.8828440190875351,0.10387923049223703
manuscript_final_20260712T175019Z_c664ef152ff3,c664ef152ff3a9eef89c53a403b9c2e6f677340bea0307b02d97d07cc54bdfc3,no_salary_hike_no_attrition_no_department,sigmoid,2,833,3,3,0.2479742262977718,0.6177318839836937,0.1342938897185345
manuscript_final_20260712T175019Z_c664ef152ff3,c664ef152ff3a9eef89c53a403b9c2e6f677340bea0307b02d97d07cc54bdfc3,no_salary_hike_no_attrition_no_department,sigmoid,2,836,3,3,0.020546450738297747,0.8228353306840499,0.15661821857765235
manuscript_final_20260712T175019Z_c664ef152ff3,c664ef152ff3a9eef89c53a403b9c2e6f677340bea0307b02d97d07cc54bdfc3,no_salary_hike_no_attrition_no_department,sigmoid,2,841,3,3,0.0023368144259527596,0.9257811427715575,0.07188204280248962
manuscript_final_20260712T175019Z_c664ef152ff3,c664ef152ff3a9eef89c53a403b9c2e6f677340bea0307b02d97d07cc54bdfc3,no_salary_hike_no_attrition_no_department,sigmoid,2,845,3,3,0.009866682114909122,0.9156909869182418,0.07444233096684892
manuscript_final_20260712T175019Z_c664ef152ff3,c664ef152ff3a9eef89c53a403b9c2e6f677340bea0307b02d97d07cc54bdfc3,no_salary_hike_no_attrition_no_department,sigmoid,2,869,3,3,0.010822289571850408,0.8732177576925901,0.1159599527355594
manuscript_final_20260712T175019Z_c664ef152ff3,c664ef152ff3a9eef89c53a403b9c2e6f677340bea0307b02d97d07cc54bdfc3,no_salary_hike_no_attrition_no_department,sigmoid,2,873,2,2,0.7890205747749248,0.16773208817254634,0.043247337052528916
manuscript_final_20260712T175019Z_c664ef152ff3,c664ef152ff3a9eef89c53a403b9c2e6f677340bea0307b02d97d07cc54bdfc3,no_salary_hike_no_attrition_no_department,sigmoid,2,876,3,3,0.009627903270403988,0.8989433587987737,0.09142873793082235
manuscript_final_20260712T175019Z_c664ef152ff3,c664ef152ff3a9eef89c53a403b9c2e6f677340bea0307b02d97d07cc54bdfc3,no_salary_hike_no_attrition_no_department,sigmoid,2,879,3,3,0.3519607701439558,0.6020250177466546,0.0460142121093894
manuscript_final_20260712T175019Z_c664ef152ff3,c664ef152ff3a9eef89c53a403b9c2e6f677340bea0307b02d97d07cc54bdfc3,no_salary_hike_no_attrition_no_department,sigmoid,2,892,3,3,0.026405268546313365,0.7343027257724759,0.2392920056812107
manuscript_final_20260712T175019Z_c664ef152ff3,c664ef152ff3a9eef89c53a403b9c2e6f677340bea0307b02d97d07cc54bdfc3,no_salary_hike_no_attrition_no_department,sigmoid,2,895,3,3,0.0318357165663337,0.8594515424537836,0.10871274097988265
manuscript_final_20260712T175019Z_c664ef152ff3,c664ef152ff3a9eef89c53a403b9c2e6f677340bea0307b02d97d07cc54bdfc3,no_salary_hike_no_attrition_no_department,sigmoid,2,906,3,3,0.005360638040873928,0.8671625756863551,0.12747678627277093
manuscript_final_20260712T175019Z_c664ef152ff3,c664ef152ff3a9eef89c53a403b9c2e6f677340bea0307b02d97d07cc54bdfc3,no_salary_hike_no_attrition_no_department,sigmoid,2,915,3,3,0.0011266482121547797,0.910135569972049,0.08873778181579621
manuscript_final_20260712T175019Z_c664ef152ff3,c664ef152ff3a9eef89c53a403b9c2e6f677340bea0307b02d97d07cc54bdfc3,no_salary_hike_no_attrition_no_department,sigmoid,2,937,3,3,0.005375989482777569,0.9037899917165595,0.09083401880066297
manuscript_final_20260712T175019Z_c664ef152ff3,c664ef152ff3a9eef89c53a403b9c2e6f677340bea0307b02d97d07cc54bdfc3,no_salary_hike_no_attrition_no_department,sigmoid,2,973,4,3,0.006703498358050675,0.8696674809468103,0.12362902069513909
manuscript_final_20260712T175019Z_c664ef152ff3,c664ef152ff3a9eef89c53a403b9c2e6f677340bea0307b02d97d07cc54bdfc3,no_salary_hike_no_attrition_no_department,sigmoid,2,989,3,3,0.004135154690551158,0.9074069213827437,0.08845792392670515
manuscript_final_20260712T175019Z_c664ef152ff3,c664ef152ff3a9eef89c53a403b9c2e6f677340bea0307b02d97d07cc54bdfc3,no_salary_hike_no_attrition_no_department,sigmoid,2,995,4,3,0.1024596018728278,0.7801379341960243,0.117402463931148
manuscript_final_20260712T175019Z_c664ef152ff3,c664ef152ff3a9eef89c53a403b9c2e6f677340bea0307b02d97d07cc54bdfc3,no_salary_hike_no_attrition_no_department,sigmoid,2,998,3,3,0.0032058536776940587,0.9157022193016195,0.08109192702068639
manuscript_final_20260712T175019Z_c664ef152ff3,c664ef152ff3a9eef89c53a403b9c2e6f677340bea0307b02d97d07cc54bdfc3,no_salary_hike_no_attrition_no_department,sigmoid,2,1004,3,3,0.01209961020942931,0.8866661607179721,0.10123422907259852
manuscript_final_20260712T175019Z_c664ef152ff3,c664ef152ff3a9eef89c53a403b9c2e6f677340bea0307b02d97d07cc54bdfc3,no_salary_hike_no_attrition_no_department,sigmoid,2,1027,3,3,0.015262613153950855,0.9001041258750831,0.08463326097096592
manuscript_final_20260712T175019Z_c664ef152ff3,c664ef152ff3a9eef89c53a403b9c2e6f677340bea0307b02d97d07cc54bdfc3,no_salary_hike_no_attrition_no_department,sigmoid,2,1035,3,3,0.006966686675382757,0.854646410396969,0.13838690292764838
manuscript_final_20260712T175019Z_c664ef152ff3,c664ef152ff3a9eef89c53a403b9c2e6f677340bea0307b02d97d07cc54bdfc3,no_salary_hike_no_attrition_no_department,sigmoid,2,1048,3,3,0.010544610681641328,0.875890417131623,0.11356497218673571
manuscript_final_20260712T175019Z_c664ef152ff3,c664ef152ff3a9eef89c53a403b9c2e6f677340bea0307b02d97d07cc54bdfc3,no_salary_hike_no_attrition_no_department,sigmoid,2,1052,3,3,0.0029438316638891364,0.831018331969101,0.1660378363670098
manuscript_final_20260712T175019Z_c664ef152ff3,c664ef152ff3a9eef89c53a403b9c2e6f677340bea0307b02d97d07cc54bdfc3,no_salary_hike_no_attrition_no_department,sigmoid,2,1057,3,3,0.008027964878009764,0.8597786870789283,0.13219334804306185
manuscript_final_20260712T175019Z_c664ef152ff3,c664ef152ff3a9eef89c53a403b9c2e6f677340bea0307b02d97d07cc54bdfc3,no_salary_hike_no_attrition_no_department,sigmoid,2,1064,2,2,0.8723373843662395,0.09453461628338351,0.03312799935037703
manuscript_final_20260712T175019Z_c664ef152ff3,c664ef152ff3a9eef89c53a403b9c2e6f677340bea0307b02d97d07cc54bdfc3,no_salary_hike_no_attrition_no_department,sigmoid,2,1085,3,3,0.001174753874197089,0.9086208269614562,0.09020441916434671
manuscript_final_20260712T175019Z_c664ef152ff3,c664ef152ff3a9eef89c53a403b9c2e6f677340bea0307b02d97d07cc54bdfc3,no_salary_hike_no_attrition_no_department,sigmoid,2,1098,3,3,0.0027421010159097998,0.9361300006910195,0.06112789829307073
manuscript_final_20260712T175019Z_c664ef152ff3,c664ef152ff3a9eef89c53a403b9c2e6f677340bea0307b02d97d07cc54bdfc3,no_salary_hike_no_attrition_no_department,sigmoid,2,1114,3,3,0.004659498144864882,0.6472807640295825,0.34805973782555266
manuscript_final_20260712T175019Z_c664ef152ff3,c664ef152ff3a9eef89c53a403b9c2e6f677340bea0307b02d97d07cc54bdfc3,no_salary_hike_no_attrition_no_department,sigmoid,2,1126,3,3,0.427286971643249,0.4785955501257214,0.09411747823102962
manuscript_final_20260712T175019Z_c664ef152ff3,c664ef152ff3a9eef89c53a403b9c2e6f677340bea0307b02d97d07cc54bdfc3,no_salary_hike_no_attrition_no_department,sigmoid,2,1140,4,3,0.003266057402340488,0.9201790109395941,0.07655493165806546
manuscript_final_20260712T175019Z_c664ef152ff3,c664ef152ff3a9eef89c53a403b9c2e6f677340bea0307b02d97d07cc54bdfc3,no_salary_hike_no_attrition_no_department,sigmoid,2,1152,2,2,0.7870251441626923,0.16566058990776586,0.04731426592954183
manuscript_final_20260712T175019Z_c664ef152ff3,c664ef152ff3a9eef89c53a403b9c2e6f677340bea0307b02d97d07cc54bdfc3,no_salary_hike_no_attrition_no_department,sigmoid,2,1163,3,3,0.10806717834217039,0.7888406106561562,0.10309221100167351
manuscript_final_20260712T175019Z_c664ef152ff3,c664ef152ff3a9eef89c53a403b9c2e6f677340bea0307b02d97d07cc54bdfc3,no_salary_hike_no_attrition_no_department,sigmoid,2,1175,3,3,0.00040480649837326124,0.9468148158575309,0.05278037764409581
manuscript_final_20260712T175019Z_c664ef152ff3,c664ef152ff3a9eef89c53a403b9c2e6f677340bea0307b02d97d07cc54bdfc3,no_salary_hike_no_attrition_no_department,sigmoid,2,1177,3,3,0.0015700875768412332,0.8798270076558419,0.11860290476731675
manuscript_final_20260712T175019Z_c664ef152ff3,c664ef152ff3a9eef89c53a403b9c2e6f677340bea0307b02d97d07cc54bdfc3,no_salary_hike_no_attrition_no_department,sigmoid,2,1185,3,3,0.392176044278109,0.5545076959259612,0.05331625979592968
manuscript_final_20260712T175019Z_c664ef152ff3,c664ef152ff3a9eef89c53a403b9c2e6f677340bea0307b02d97d07cc54bdfc3,no_salary_hike_no_attrition_no_department,sigmoid,2,1190,4,3,0.005676754879457675,0.751584518644921,0.24273872647562125
manuscript_final_20260712T175019Z_c664ef152ff3,c664ef152ff3a9eef89c53a403b9c2e6f677340bea0307b02d97d07cc54bdfc3,no_salary_hike_no_attrition_no_department,sigmoid,2,1193,3,3,0.21933793712434718,0.6707926183132942,0.10986944456235861
manuscript_final_20260712T175019Z_c664ef152ff3,c664ef152ff3a9eef89c53a403b9c2e6f677340bea0307b02d97d07cc54bdfc3,no_salary_hike_no_attrition_no_department,sigmoid,2,1198,3,3,0.004464635417565857,0.8541474106722268,0.14138795391020734
manuscript_final_20260712T175019Z_c664ef152ff3,c664ef152ff3a9eef89c53a403b9c2e6f677340bea0307b02d97d07cc54bdfc3,no_salary_hike_no_attrition_no_department,isotonic,2,9,3,3,9.999999900000002e-09,0.8749999912500002,0.12499999875000002
manuscript_final_20260712T175019Z_c664ef152ff3,c664ef152ff3a9eef89c53a403b9c2e6f677340bea0307b02d97d07cc54bdfc3,no_salary_hike_no_attrition_no_department,isotonic,2,23,3,3,0.026081403555943936,0.8900278963465869,0.08389070009746916
manuscript_final_20260712T175019Z_c664ef152ff3,c664ef152ff3a9eef89c53a403b9c2e6f677340bea0307b02d97d07cc54bdfc3,no_salary_hike_no_attrition_no_department,isotonic,2,47,4,3,1.0324710214068642e-08,0.9148477404870947,0.08515224918819497
manuscript_final_20260712T175019Z_c664ef152ff3,c664ef152ff3a9eef89c53a403b9c2e6f677340bea0307b02d97d07cc54bdfc3,no_salary_hike_no_attrition_no_department,isotonic,2,59,3,3,9.999999900000002e-09,0.8749999912500002,0.12499999875000002
manuscript_final_20260712T175019Z_c664ef152ff3,c664ef152ff3a9eef89c53a403b9c2e6f677340bea0307b02d97d07cc54bdfc3,no_salary_hike_no_attrition_no_department,isotonic,2,64,3,3,0.023191094619666047,0.7235621521335808,0.2532467532467533
manuscript_final_20260712T175019Z_c664ef152ff3,c664ef152ff3a9eef89c53a403b9c2e6f677340bea0307b02d97d07cc54bdfc3,no_salary_hike_no_attrition_no_department,isotonic,2,71,3,3,1.0371178931739956e-08,0.7096069795401022,0.29039301008871876
manuscript_final_20260712T175019Z_c664ef152ff3,c664ef152ff3a9eef89c53a403b9c2e6f677340bea0307b02d97d07cc54bdfc3,no_salary_hike_no_attrition_no_department,isotonic,2,87,3,3,1.0324710214068642e-08,0.9148477404870947,0.08515224918819497
manuscript_final_20260712T175019Z_c664ef152ff3,c664ef152ff3a9eef89c53a403b9c2e6f677340bea0307b02d97d07cc54bdfc3,no_salary_hike_no_attrition_no_department,isotonic,2,89,3,3,1.0324710214068642e-08,0.9148477404870947,0.08515224918819497
manuscript_final_20260712T175019Z_c664ef152ff3,c664ef152ff3a9eef89c53a403b9c2e6f677340bea0307b02d97d07cc54bdfc3,no_salary_hike_no_attrition_no_department,isotonic,2,91,3,2,0.9999999800000006,9.999999800000005e-09,9.999999800000005e-09
manuscript_final_20260712T175019Z_c664ef152ff3,c664ef152ff3a9eef89c53a403b9c2e6f677340bea0307b02d97d07cc54bdfc3,no_salary_hike_no_attrition_no_department,isotonic,2,132,2,3,0.028123887195978296,0.9718761018357056,1.0968316006431535e-08
manuscript_final_20260712T175019Z_c664ef152ff3,c664ef152ff3a9eef89c53a403b9c2e6f677340bea0307b02d97d07cc54bdfc3,no_salary_hike_no_attrition_no_department,isotonic,2,155,3,3,1.0324710214068642e-08,0.9148477404870947,0.08515224918819497
manuscript_final_20260712T175019Z_c664ef152ff3,c664ef152ff3a9eef89c53a403b9c2e6f677340bea0307b02d97d07cc54bdfc3,no_salary_hike_no_attrition_no_department,isotonic,2,179,3,3,1.0324710214068642e-08,0.9148477404870947,0.08515224918819497
manuscript_final_20260712T175019Z_c664ef152ff3,c664ef152ff3a9eef89c53a403b9c2e6f677340bea0307b02d97d07cc54bdfc3,no_salary_hike_no_attrition_no_department,isotonic,2,194,3,3,9.999999900000002e-09,0.8749999912500002,0.12499999875000002
manuscript_final_20260712T175019Z_c664ef152ff3,c664ef152ff3a9eef89c53a403b9c2e6f677340bea0307b02d97d07cc54bdfc3,no_salary_hike_no_attrition_no_department,isotonic,2,242,3,3,1.0324710214068642e-08,0.9148477404870947,0.08515224918819497
manuscript_final_20260712T175019Z_c664ef152ff3,c664ef152ff3a9eef89c53a403b9c2e6f677340bea0307b02d97d07cc54bdfc3,no_salary_hike_no_attrition_no_department,isotonic,2,244,3,3,9.89045373629473e-09,0.8763693184058621,0.12363067170368412
manuscript_final_20260712T175019Z_c664ef152ff3,c664ef152ff3a9eef89c53a403b9c2e6f677340bea0307b02d97d07cc54bdfc3,no_salary_hike_no_attrition_no_department,isotonic,2,260,4,3,1.0324710214068642e-08,0.9148477404870947,0.08515224918819497
manuscript_final_20260712T175019Z_c664ef152ff3,c664ef152ff3a9eef89c53a403b9c2e6f677340bea0307b02d97d07cc54bdfc3,no_salary_hike_no_attrition_no_department,isotonic,2,262,2,2,0.8225214116537652,0.17747857840743447,9.938800390816331e-09
manuscript_final_20260712T175019Z_c664ef152ff3,c664ef152ff3a9eef89c53a403b9c2e6f677340bea0307b02d97d07cc54bdfc3,no_salary_hike_no_attrition_no_department,isotonic,2,263,3,3,9.999999900000002e-09,0.8749999912500002,0.12499999875000002
manuscript_final_20260712T175019Z_c664ef152ff3,c664ef152ff3a9eef89c53a403b9c2e6f677340bea0307b02d97d07cc54bdfc3,no_salary_hike_no_attrition_no_department,isotonic,2,281,3,3,1.0324710214068642e-08,0.9148477404870947,0.08515224918819497
manuscript_final_20260712T175019Z_c664ef152ff3,c664ef152ff3a9eef89c53a403b9c2e6f677340bea0307b02d97d07cc54bdfc3,no_salary_hike_no_attrition_no_department,isotonic,2,297,3,3,9.999999900000002e-09,0.8749999912500002,0.12499999875000002
manuscript_final_20260712T175019Z_c664ef152ff3,c664ef152ff3a9eef89c53a403b9c2e6f677340bea0307b02d97d07cc54bdfc3,no_salary_hike_no_attrition_no_department,isotonic,2,299,3,3,1.0324710214068642e-08,0.9148477404870947,0.08515224918819497
manuscript_final_20260712T175019Z_c664ef152ff3,c664ef152ff3a9eef89c53a403b9c2e6f677340bea0307b02d97d07cc54bdfc3,no_salary_hike_no_attrition_no_department,isotonic,2,305,4,3,1.0324710214068642e-08,0.9148477404870947,0.08515224918819497
manuscript_final_20260712T175019Z_c664ef152ff3,c664ef152ff3a9eef89c53a403b9c2e6f677340bea0307b02d97d07cc54bdfc3,no_salary_hike_no_attrition_no_department,isotonic,2,331,2,2,0.8225214116537652,0.17747857840743447,9.938800390816331e-09
manuscript_final_20260712T175019Z_c664ef152ff3,c664ef152ff3a9eef89c53a403b9c2e6f677340bea0307b02d97d07cc54bdfc3,no_salary_hike_no_attrition_no_department,isotonic,2,339,3,3,9.999999800000005e-09,0.9999999800000006,9.999999800000005e-09
manuscript_final_20260712T175019Z_c664ef152ff3,c664ef152ff3a9eef89c53a403b9c2e6f677340bea0307b02d97d07cc54bdfc3,no_salary_hike_no_attrition_no_department,isotonic,2,344,3,3,1.0324710214068642e-08,0.9148477404870947,0.08515224918819497
manuscript_final_20260712T175019Z_c664ef152ff3,c664ef152ff3a9eef89c53a403b9c2e6f677340bea0307b02d97d07cc54bdfc3,no_salary_hike_no_attrition_no_department,isotonic,2,347,3,3,1.0324710214068642e-08,0.9148477404870947,0.08515224918819497
manuscript_final_20260712T175019Z_c664ef152ff3,c664ef152ff3a9eef89c53a403b9c2e6f677340bea0307b02d97d07cc54bdfc3,no_salary_hike_no_attrition_no_department,isotonic,2,349,3,3,1.0324710214068642e-08,0.9148477404870947,0.08515224918819497
manuscript_final_20260712T175019Z_c664ef152ff3,c664ef152ff3a9eef89c53a403b9c2e6f677340bea0307b02d97d07cc54bdfc3,no_salary_hike_no_attrition_no_department,isotonic,2,353,2,2,0.8225214116537652,0.17747857840743447,9.938800390816331e-09
manuscript_final_20260712T175019Z_c664ef152ff3,c664ef152ff3a9eef89c53a403b9c2e6f677340bea0307b02d97d07cc54bdfc3,no_salary_hike_no_attrition_no_department,isotonic,2,358,3,3,1.0324710214068642e-08,0.9148477404870947,0.08515224918819497
manuscript_final_20260712T175019Z_c664ef152ff3,c664ef152ff3a9eef89c53a403b9c2e6f677340bea0307b02d97d07cc54bdfc3,no_salary_hike_no_attrition_no_department,isotonic,2,361,3,3,0.023191094619666047,0.7235621521335808,0.2532467532467533
manuscript_final_20260712T175019Z_c664ef152ff3,c664ef152ff3a9eef89c53a403b9c2e6f677340bea0307b02d97d07cc54bdfc3,no_salary_hike_no_attrition_no_department,isotonic,2,374,4,3,9.999999900000002e-09,0.8749999912500002,0.12499999875000002
manuscript_final_20260712T175019Z_c664ef152ff3,c664ef152ff3a9eef89c53a403b9c2e6f677340bea0307b02d97d07cc54bdfc3,no_salary_hike_no_attrition_no_department,isotonic,2,376,3,3,9.999999800000005e-09,0.9999999800000006,9.999999800000005e-09
manuscript_final_20260712T175019Z_c664ef152ff3,c664ef152ff3a9eef89c53a403b9c2e6f677340bea0307b02d97d07cc54bdfc3,no_salary_hike_no_attrition_no_department,isotonic,2,377,2,2,0.8225214116537652,0.17747857840743447,9.938800390816331e-09
manuscript_final_20260712T175019Z_c664ef152ff3,c664ef152ff3a9eef89c53a403b9c2e6f677340bea0307b02d97d07cc54bdfc3,no_salary_hike_no_attrition_no_department,isotonic,2,382,3,3,0.025141899894799608,0.7844272767177479,0.19043082338745237
manuscript_final_20260712T175019Z_c664ef152ff3,c664ef152ff3a9eef89c53a403b9c2e6f677340bea0307b02d97d07cc54bdfc3,no_salary_hike_no_attrition_no_department,isotonic,2,388,4,3,1.0324710214068642e-08,0.9148477404870947,0.08515224918819497
manuscript_final_20260712T175019Z_c664ef152ff3,c664ef152ff3a9eef89c53a403b9c2e6f677340bea0307b02d97d07cc54bdfc3,no_salary_hike_no_attrition_no_department,isotonic,2,389,3,3,0.02579083942232289,0.8912530585182468,0.08295610205943033
manuscript_final_20260712T175019Z_c664ef152ff3,c664ef152ff3a9eef89c53a403b9c2e6f677340bea0307b02d97d07cc54bdfc3,no_salary_hike_no_attrition_no_department,isotonic,2,449,3,3,9.999999800000005e-09,0.9999999800000006,9.999999800000005e-09
manuscript_final_20260712T175019Z_c664ef152ff3,c664ef152ff3a9eef89c53a403b9c2e6f677340bea0307b02d97d07cc54bdfc3,no_salary_hike_no_attrition_no_department,isotonic,2,456,3,3,0.05138476359495441,0.9486152225406692,1.386437632944055e-08
manuscript_final_20260712T175019Z_c664ef152ff3,c664ef152ff3a9eef89c53a403b9c2e6f677340bea0307b02d97d07cc54bdfc3,no_salary_hike_no_attrition_no_department,isotonic,2,465,3,3,0.02579083942232289,0.8912530585182468,0.08295610205943033
manuscript_final_20260712T175019Z_c664ef152ff3,c664ef152ff3a9eef89c53a403b9c2e6f677340bea0307b02d97d07cc54bdfc3,no_salary_hike_no_attrition_no_department,isotonic,2,467,2,2,0.8225214116537652,0.17747857840743447,9.938800390816331e-09
manuscript_final_20260712T175019Z_c664ef152ff3,c664ef152ff3a9eef89c53a403b9c2e6f677340bea0307b02d97d07cc54bdfc3,no_salary_hike_no_attrition_no_department,isotonic,2,468,3,3,9.999999900000002e-09,0.8749999912500002,0.12499999875000002
manuscript_final_20260712T175019Z_c664ef152ff3,c664ef152ff3a9eef89c53a403b9c2e6f677340bea0307b02d97d07cc54bdfc3,no_salary_hike_no_attrition_no_department,isotonic,2,470,3,3,9.259259173525378e-09,0.7407407338820303,0.2592592568587106
manuscript_final_20260712T175019Z_c664ef152ff3,c664ef152ff3a9eef89c53a403b9c2e6f677340bea0307b02d97d07cc54bdfc3,no_salary_hike_no_attrition_no_department,isotonic,2,472,3,3,1.0324710214068642e-08,0.9148477404870947,0.08515224918819497
manuscript_final_20260712T175019Z_c664ef152ff3,c664ef152ff3a9eef89c53a403b9c2e6f677340bea0307b02d97d07cc54bdfc3,no_salary_hike_no_attrition_no_department,isotonic,2,483,3,3,9.999999900000002e-09,0.8749999912500002,0.12499999875000002
manuscript_final_20260712T175019Z_c664ef152ff3,c664ef152ff3a9eef89c53a403b9c2e6f677340bea0307b02d97d07cc54bdfc3,no_salary_hike_no_attrition_no_department,isotonic,2,494,3,3,9.259259173525378e-09,0.7407407338820303,0.2592592568587106
manuscript_final_20260712T175019Z_c664ef152ff3,c664ef152ff3a9eef89c53a403b9c2e6f677340bea0307b02d97d07cc54bdfc3,no_salary_hike_no_attrition_no_department,isotonic,2,511,2,2,0.8225214116537652,0.17747857840743447,9.938800390816331e-09
manuscript_final_20260712T175019Z_c664ef152ff3,c664ef152ff3a9eef89c53a403b9c2e6f677340bea0307b02d97d07cc54bdfc3,no_salary_hike_no_attrition_no_department,isotonic,2,558,3,3,9.259259173525378e-09,0.7407407338820303,0.2592592568587106
manuscript_final_20260712T175019Z_c664ef152ff3,c664ef152ff3a9eef89c53a403b9c2e6f677340bea0307b02d97d07cc54bdfc3,no_salary_hike_no_attrition_no_department,isotonic,2,569,3,3,1.0324710214068642e-08,0.9148477404870947,0.08515224918819497
manuscript_final_20260712T175019Z_c664ef152ff3,c664ef152ff3a9eef89c53a403b9c2e6f677340bea0307b02d97d07cc54bdfc3,no_salary_hike_no_attrition_no_department,isotonic,2,587,3,3,0.026972353337828724,0.8415374241402562,0.13149022252191503
manuscript_final_20260712T175019Z_c664ef152ff3,c664ef152ff3a9eef89c53a403b9c2e6f677340bea0307b02d97d07cc54bdfc3,no_salary_hike_no_attrition_no_department,isotonic,2,589,3,3,1.0371178931739956e-08,0.7096069795401022,0.29039301008871876
manuscript_final_20260712T175019Z_c664ef152ff3,c664ef152ff3a9eef89c53a403b9c2e6f677340bea0307b02d97d07cc54bdfc3,no_salary_hike_no_attrition_no_department,isotonic,2,590,3,3,1.0324710214068642e-08,0.9148477404870947,0.08515224918819497
manuscript_final_20260712T175019Z_c664ef152ff3,c664ef152ff3a9eef89c53a403b9c2e6f677340bea0307b02d97d07cc54bdfc3,no_salary_hike_no_attrition_no_department,isotonic,2,603,3,3,1.0324710214068642e-08,0.9148477404870947,0.08515224918819497
manuscript_final_20260712T175019Z_c664ef152ff3,c664ef152ff3a9eef89c53a403b9c2e6f677340bea0307b02d97d07cc54bdfc3,no_salary_hike_no_attrition_no_department,isotonic,2,609,3,3,9.999999900000002e-09,0.8749999912500002,0.12499999875000002
manuscript_final_20260712T175019Z_c664ef152ff3,c664ef152ff3a9eef89c53a403b9c2e6f677340bea0307b02d97d07cc54bdfc3,no_salary_hike_no_attrition_no_department,isotonic,2,611,2,2,0.8004743004972171,0.11975334653226978,0.07977235297051305
manuscript_final_20260712T175019Z_c664ef152ff3,c664ef152ff3a9eef89c53a403b9c2e6f677340bea0307b02d97d07cc54bdfc3,no_salary_hike_no_attrition_no_department,isotonic,2,618,2,2,0.9999999800000006,9.999999800000005e-09,9.999999800000005e-09
manuscript_final_20260712T175019Z_c664ef152ff3,c664ef152ff3a9eef89c53a403b9c2e6f677340bea0307b02d97d07cc54bdfc3,no_salary_hike_no_attrition_no_department,isotonic,2,623,2,2,0.8225214116537652,0.17747857840743447,9.938800390816331e-09
manuscript_final_20260712T175019Z_c664ef152ff3,c664ef152ff3a9eef89c53a403b9c2e6f677340bea0307b02d97d07cc54bdfc3,no_salary_hike_no_attrition_no_department,isotonic,2,625,3,3,1.0324710214068642e-08,0.9148477404870947,0.08515224918819497
manuscript_final_20260712T175019Z_c664ef152ff3,c664ef152ff3a9eef89c53a403b9c2e6f677340bea0307b02d97d07cc54bdfc3,no_salary_hike_no_attrition_no_department,isotonic,2,633,2,2,0.7602075922794334,0.1640328882150563,0.07575951950551053
manuscript_final_20260712T175019Z_c664ef152ff3,c664ef152ff3a9eef89c53a403b9c2e6f677340bea0307b02d97d07cc54bdfc3,no_salary_hike_no_attrition_no_department,isotonic,2,659,3,3,0.026081403555943936,0.8900278963465869,0.08389070009746916
manuscript_final_20260712T175019Z_c664ef152ff3,c664ef152ff3a9eef89c53a403b9c2e6f677340bea0307b02d97d07cc54bdfc3,no_salary_hike_no_attrition_no_department,isotonic,2,668,3,3,9.999999900000002e-09,0.8749999912500002,0.12499999875000002
manuscript_final_20260712T175019Z_c664ef152ff3,c664ef152ff3a9eef89c53a403b9c2e6f677340bea0307b02d97d07cc54bdfc3,no_salary_hike_no_attrition_no_department,isotonic,2,672,2,2,0.9999999800000006,9.999999800000005e-09,9.999999800000005e-09
manuscript_final_20260712T175019Z_c664ef152ff3,c664ef152ff3a9eef89c53a403b9c2e6f677340bea0307b02d97d07cc54bdfc3,no_salary_hike_no_attrition_no_department,isotonic,2,675,3,3,9.999999900000002e-09,0.8749999912500002,0.12499999875000002
manuscript_final_20260712T175019Z_c664ef152ff3,c664ef152ff3a9eef89c53a403b9c2e6f677340bea0307b02d97d07cc54bdfc3,no_salary_hike_no_attrition_no_department,isotonic,2,680,4,3,0.025,0.853125,0.12187500000000001
manuscript_final_20260712T175019Z_c664ef152ff3,c664ef152ff3a9eef89c53a403b9c2e6f677340bea0307b02d97d07cc54bdfc3,no_salary_hike_no_attrition_no_department,isotonic,2,683,3,3,1.0371178931739956e-08,0.7096069795401022,0.29039301008871876
manuscript_final_20260712T175019Z_c664ef152ff3,c664ef152ff3a9eef89c53a403b9c2e6f677340bea0307b02d97d07cc54bdfc3,no_salary_hike_no_attrition_no_department,isotonic,2,685,3,3,9.999999900000002e-09,0.8749999912500002,0.12499999875000002
manuscript_final_20260712T175019Z_c664ef152ff3,c664ef152ff3a9eef89c53a403b9c2e6f677340bea0307b02d97d07cc54bdfc3,no_salary_hike_no_attrition_no_department,isotonic,2,703,3,3,1.0324710214068642e-08,0.9148477404870947,0.08515224918819497
manuscript_final_20260712T175019Z_c664ef152ff3,c664ef152ff3a9eef89c53a403b9c2e6f677340bea0307b02d97d07cc54bdfc3,no_salary_hike_no_attrition_no_department,isotonic,2,709,2,2,0.8225214116537652,0.17747857840743447,9.938800390816331e-09
manuscript_final_20260712T175019Z_c664ef152ff3,c664ef152ff3a9eef89c53a403b9c2e6f677340bea0307b02d97d07cc54bdfc3,no_salary_hike_no_attrition_no_department,isotonic,2,710,3,3,9.999999900000002e-09,0.8749999912500002,0.12499999875000002
manuscript_final_20260712T175019Z_c664ef152ff3,c664ef152ff3a9eef89c53a403b9c2e6f677340bea0307b02d97d07cc54bdfc3,no_salary_hike_no_attrition_no_department,isotonic,2,719,3,3,9.999999900000002e-09,0.8749999912500002,0.12499999875000002
manuscript_final_20260712T175019Z_c664ef152ff3,c664ef152ff3a9eef89c53a403b9c2e6f677340bea0307b02d97d07cc54bdfc3,no_salary_hike_no_attrition_no_department,isotonic,2,732,3,3,1.1285714030979597e-08,0.9999999774285718,1.1285714030979597e-08
manuscript_final_20260712T175019Z_c664ef152ff3,c664ef152ff3a9eef89c53a403b9c2e6f677340bea0307b02d97d07cc54bdfc3,no_salary_hike_no_attrition_no_department,isotonic,2,743,4,3,9.999999900000002e-09,0.8749999912500002,0.12499999875000002
manuscript_final_20260712T175019Z_c664ef152ff3,c664ef152ff3a9eef89c53a403b9c2e6f677340bea0307b02d97d07cc54bdfc3,no_salary_hike_no_attrition_no_department,isotonic,2,744,4,3,0.02579083942232289,0.8912530585182468,0.08295610205943033
manuscript_final_20260712T175019Z_c664ef152ff3,c664ef152ff3a9eef89c53a403b9c2e6f677340bea0307b02d97d07cc54bdfc3,no_salary_hike_no_attrition_no_department,isotonic,2,745,3,3,9.999999900000002e-09,0.8749999912500002,0.12499999875000002
manuscript_final_20260712T175019Z_c664ef152ff3,c664ef152ff3a9eef89c53a403b9c2e6f677340bea0307b02d97d07cc54bdfc3,no_salary_hike_no_attrition_no_department,isotonic,2,748,2,2,0.9999999800000006,9.999999800000005e-09,9.999999800000005e-09
manuscript_final_20260712T175019Z_c664ef152ff3,c664ef152ff3a9eef89c53a403b9c2e6f677340bea0307b02d97d07cc54bdfc3,no_salary_hike_no_attrition_no_department,isotonic,2,751,3,3,9.999999900000002e-09,0.8749999912500002,0.12499999875000002
manuscript_final_20260712T175019Z_c664ef152ff3,c664ef152ff3a9eef89c53a403b9c2e6f677340bea0307b02d97d07cc54bdfc3,no_salary_hike_no_attrition_no_department,isotonic,2,756,2,3,0.02579083942232289,0.8912530585182468,0.08295610205943033
manuscript_final_20260712T175019Z_c664ef152ff3,c664ef152ff3a9eef89c53a403b9c2e6f677340bea0307b02d97d07cc54bdfc3,no_salary_hike_no_attrition_no_department,isotonic,2,760,3,3,9.999999800000005e-09,0.9999999800000006,9.999999800000005e-09
manuscript_final_20260712T175019Z_c664ef152ff3,c664ef152ff3a9eef89c53a403b9c2e6f677340bea0307b02d97d07cc54bdfc3,no_salary_hike_no_attrition_no_department,isotonic,2,781,3,3,0.026081403555943936,0.8900278963465869,0.08389070009746916
manuscript_final_20260712T175019Z_c664ef152ff3,c664ef152ff3a9eef89c53a403b9c2e6f677340bea0307b02d97d07cc54bdfc3,no_salary_hike_no_attrition_no_department,isotonic,2,783,3,2,0.7602075922794334,0.1640328882150563,0.07575951950551053
manuscript_final_20260712T175019Z_c664ef152ff3,c664ef152ff3a9eef89c53a403b9c2e6f677340bea0307b02d97d07cc54bdfc3,no_salary_hike_no_attrition_no_department,isotonic,2,817,2,2,0.8225214116537652,0.17747857840743447,9.938800390816331e-09
manuscript_final_20260712T175019Z_c664ef152ff3,c664ef152ff3a9eef89c53a403b9c2e6f677340bea0307b02d97d07cc54bdfc3,no_salary_hike_no_attrition_no_department,isotonic,2,823,4,3,9.89045373629473e-09,0.8763693184058621,0.12363067170368412
manuscript_final_20260712T175019Z_c664ef152ff3,c664ef152ff3a9eef89c53a403b9c2e6f677340bea0307b02d97d07cc54bdfc3,no_salary_hike_no_attrition_no_department,isotonic,2,826,3,3,1.0371178931739956e-08,0.7096069795401022,0.29039301008871876
manuscript_final_20260712T175019Z_c664ef152ff3,c664ef152ff3a9eef89c53a403b9c2e6f677340bea0307b02d97d07cc54bdfc3,no_salary_hike_no_attrition_no_department,isotonic,2,829,3,3,1.0324710214068642e-08,0.9148477404870947,0.08515224918819497
manuscript_final_20260712T175019Z_c664ef152ff3,c664ef152ff3a9eef89c53a403b9c2e6f677340bea0307b02d97d07cc54bdfc3,no_salary_hike_no_attrition_no_department,isotonic,2,833,3,3,0.030713275409173568,0.8195595069711052,0.14972721761972116
manuscript_final_20260712T175019Z_c664ef152ff3,c664ef152ff3a9eef89c53a403b9c2e6f677340bea0307b02d97d07cc54bdfc3,no_salary_hike_no_attrition_no_department,isotonic,2,836,3,3,0.025,0.853125,0.12187500000000001
manuscript_final_20260712T175019Z_c664ef152ff3,c664ef152ff3a9eef89c53a403b9c2e6f677340bea0307b02d97d07cc54bdfc3,no_salary_hike_no_attrition_no_department,isotonic,2,841,3,3,1.0324710214068642e-08,0.9148477404870947,0.08515224918819497
manuscript_final_20260712T175019Z_c664ef152ff3,c664ef152ff3a9eef89c53a403b9c2e6f677340bea0307b02d97d07cc54bdfc3,no_salary_hike_no_attrition_no_department,isotonic,2,845,3,3,1.0324710214068642e-08,0.9148477404870947,0.08515224918819497
manuscript_final_20260712T175019Z_c664ef152ff3,c664ef152ff3a9eef89c53a403b9c2e6f677340bea0307b02d97d07cc54bdfc3,no_salary_hike_no_attrition_no_department,isotonic,2,869,3,3,9.89045373629473e-09,0.8763693184058621,0.12363067170368412
manuscript_final_20260712T175019Z_c664ef152ff3,c664ef152ff3a9eef89c53a403b9c2e6f677340bea0307b02d97d07cc54bdfc3,no_salary_hike_no_attrition_no_department,isotonic,2,873,2,2,0.8225214116537652,0.17747857840743447,9.938800390816331e-09
manuscript_final_20260712T175019Z_c664ef152ff3,c664ef152ff3a9eef89c53a403b9c2e6f677340bea0307b02d97d07cc54bdfc3,no_salary_hike_no_attrition_no_department,isotonic,2,876,3,3,1.0324710214068642e-08,0.9148477404870947,0.08515224918819497
manuscript_final_20260712T175019Z_c664ef152ff3,c664ef152ff3a9eef89c53a403b9c2e6f677340bea0307b02d97d07cc54bdfc3,no_salary_hike_no_attrition_no_department,isotonic,2,879,3,3,0.4222222186567902,0.5777777728987655,8.444444373135805e-09
manuscript_final_20260712T175019Z_c664ef152ff3,c664ef152ff3a9eef89c53a403b9c2e6f677340bea0307b02d97d07cc54bdfc3,no_salary_hike_no_attrition_no_department,isotonic,2,892,3,3,0.025903910127065492,0.6912253912853793,0.2828706985875552
manuscript_final_20260712T175019Z_c664ef152ff3,c664ef152ff3a9eef89c53a403b9c2e6f677340bea0307b02d97d07cc54bdfc3,no_salary_hike_no_attrition_no_department,isotonic,2,895,3,3,0.026081403555943936,0.8900278963465869,0.08389070009746916
manuscript_final_20260712T175019Z_c664ef152ff3,c664ef152ff3a9eef89c53a403b9c2e6f677340bea0307b02d97d07cc54bdfc3,no_salary_hike_no_attrition_no_department,isotonic,2,906,3,3,9.999999900000002e-09,0.8749999912500002,0.12499999875000002
manuscript_final_20260712T175019Z_c664ef152ff3,c664ef152ff3a9eef89c53a403b9c2e6f677340bea0307b02d97d07cc54bdfc3,no_salary_hike_no_attrition_no_department,isotonic,2,915,3,3,1.0324710214068642e-08,0.9148477404870947,0.08515224918819497
manuscript_final_20260712T175019Z_c664ef152ff3,c664ef152ff3a9eef89c53a403b9c2e6f677340bea0307b02d97d07cc54bdfc3,no_salary_hike_no_attrition_no_department,isotonic,2,937,3,3,1.0324710214068642e-08,0.9148477404870947,0.08515224918819497
manuscript_final_20260712T175019Z_c664ef152ff3,c664ef152ff3a9eef89c53a403b9c2e6f677340bea0307b02d97d07cc54bdfc3,no_salary_hike_no_attrition_no_department,isotonic,2,973,4,3,9.999999900000002e-09,0.8749999912500002,0.12499999875000002
manuscript_final_20260712T175019Z_c664ef152ff3,c664ef152ff3a9eef89c53a403b9c2e6f677340bea0307b02d97d07cc54bdfc3,no_salary_hike_no_attrition_no_department,isotonic,2,989,3,3,1.0324710214068642e-08,0.9148477404870947,0.08515224918819497
manuscript_final_20260712T175019Z_c664ef152ff3,c664ef152ff3a9eef89c53a403b9c2e6f677340bea0307b02d97d07cc54bdfc3,no_salary_hike_no_attrition_no_department,isotonic,2,995,4,3,0.025,0.853125,0.12187500000000001
manuscript_final_20260712T175019Z_c664ef152ff3,c664ef152ff3a9eef89c53a403b9c2e6f677340bea0307b02d97d07cc54bdfc3,no_salary_hike_no_attrition_no_department,isotonic,2,998,3,3,1.0324710214068642e-08,0.9148477404870947,0.08515224918819497
manuscript_final_20260712T175019Z_c664ef152ff3,c664ef152ff3a9eef89c53a403b9c2e6f677340bea0307b02d97d07cc54bdfc3,no_salary_hike_no_attrition_no_department,isotonic,2,1004,3,3,1.0324710214068642e-08,0.9148477404870947,0.08515224918819497
manuscript_final_20260712T175019Z_c664ef152ff3,c664ef152ff3a9eef89c53a403b9c2e6f677340bea0307b02d97d07cc54bdfc3,no_salary_hike_no_attrition_no_department,isotonic,2,1027,3,3,0.02579083942232289,0.8912530585182468,0.08295610205943033
manuscript_final_20260712T175019Z_c664ef152ff3,c664ef152ff3a9eef89c53a403b9c2e6f677340bea0307b02d97d07cc54bdfc3,no_salary_hike_no_attrition_no_department,isotonic,2,1035,3,3,9.999999900000002e-09,0.8749999912500002,0.12499999875000002
manuscript_final_20260712T175019Z_c664ef152ff3,c664ef152ff3a9eef89c53a403b9c2e6f677340bea0307b02d97d07cc54bdfc3,no_salary_hike_no_attrition_no_department,isotonic,2,1048,3,3,1.0324710214068642e-08,0.9148477404870947,0.08515224918819497
manuscript_final_20260712T175019Z_c664ef152ff3,c664ef152ff3a9eef89c53a403b9c2e6f677340bea0307b02d97d07cc54bdfc3,no_salary_hike_no_attrition_no_department,isotonic,2,1052,3,3,9.999999900000002e-09,0.8749999912500002,0.12499999875000002
manuscript_final_20260712T175019Z_c664ef152ff3,c664ef152ff3a9eef89c53a403b9c2e6f677340bea0307b02d97d07cc54bdfc3,no_salary_hike_no_attrition_no_department,isotonic,2,1057,3,3,9.999999900000002e-09,0.8749999912500002,0.12499999875000002
manuscript_final_20260712T175019Z_c664ef152ff3,c664ef152ff3a9eef89c53a403b9c2e6f677340bea0307b02d97d07cc54bdfc3,no_salary_hike_no_attrition_no_department,isotonic,2,1064,2,2,0.9999999800000006,9.999999800000005e-09,9.999999800000005e-09
manuscript_final_20260712T175019Z_c664ef152ff3,c664ef152ff3a9eef89c53a403b9c2e6f677340bea0307b02d97d07cc54bdfc3,no_salary_hike_no_attrition_no_department,isotonic,2,1085,3,3,1.0324710214068642e-08,0.9148477404870947,0.08515224918819497
manuscript_final_20260712T175019Z_c664ef152ff3,c664ef152ff3a9eef89c53a403b9c2e6f677340bea0307b02d97d07cc54bdfc3,no_salary_hike_no_attrition_no_department,isotonic,2,1098,3,3,1.0324710214068642e-08,0.9148477404870947,0.08515224918819497
manuscript_final_20260712T175019Z_c664ef152ff3,c664ef152ff3a9eef89c53a403b9c2e6f677340bea0307b02d97d07cc54bdfc3,no_salary_hike_no_attrition_no_department,isotonic,2,1114,3,4,8.484848412855832e-09,0.15151515022956843,0.8484848412855832
manuscript_final_20260712T175019Z_c664ef152ff3,c664ef152ff3a9eef89c53a403b9c2e6f677340bea0307b02d97d07cc54bdfc3,no_salary_hike_no_attrition_no_department,isotonic,2,1126,3,2,0.5038177390691415,0.4356599579139796,0.060522303016878984
manuscript_final_20260712T175019Z_c664ef152ff3,c664ef152ff3a9eef89c53a403b9c2e6f677340bea0307b02d97d07cc54bdfc3,no_salary_hike_no_attrition_no_department,isotonic,2,1140,4,3,1.0324710214068642e-08,0.9148477404870947,0.08515224918819497
manuscript_final_20260712T175019Z_c664ef152ff3,c664ef152ff3a9eef89c53a403b9c2e6f677340bea0307b02d97d07cc54bdfc3,no_salary_hike_no_attrition_no_department,isotonic,2,1152,2,2,0.8225214116537652,0.17747857840743447,9.938800390816331e-09
manuscript_final_20260712T175019Z_c664ef152ff3,c664ef152ff3a9eef89c53a403b9c2e6f677340bea0307b02d97d07cc54bdfc3,no_salary_hike_no_attrition_no_department,isotonic,2,1163,3,3,0.026081403555943936,0.8900278963465869,0.08389070009746916
manuscript_final_20260712T175019Z_c664ef152ff3,c664ef152ff3a9eef89c53a403b9c2e6f677340bea0307b02d97d07cc54bdfc3,no_salary_hike_no_attrition_no_department,isotonic,2,1175,3,3,9.999999800000005e-09,0.9999999800000006,9.999999800000005e-09
manuscript_final_20260712T175019Z_c664ef152ff3,c664ef152ff3a9eef89c53a403b9c2e6f677340bea0307b02d97d07cc54bdfc3,no_salary_hike_no_attrition_no_department,isotonic,2,1177,3,3,9.89045373629473e-09,0.8763693184058621,0.12363067170368412
manuscript_final_20260712T175019Z_c664ef152ff3,c664ef152ff3a9eef89c53a403b9c2e6f677340bea0307b02d97d07cc54bdfc3,no_salary_hike_no_attrition_no_department,isotonic,2,1185,3,3,0.45092339200318926,0.5490765999718452,8.024965691896199e-09
manuscript_final_20260712T175019Z_c664ef152ff3,c664ef152ff3a9eef89c53a403b9c2e6f677340bea0307b02d97d07cc54bdfc3,no_salary_hike_no_attrition_no_department,isotonic,2,1190,4,3,1.0371178931739956e-08,0.7096069795401022,0.29039301008871876
manuscript_final_20260712T175019Z_c664ef152ff3,c664ef152ff3a9eef89c53a403b9c2e6f677340bea0307b02d97d07cc54bdfc3,no_salary_hike_no_attrition_no_department,isotonic,2,1193,3,3,0.030713275409173568,0.8195595069711052,0.14972721761972116
manuscript_final_20260712T175019Z_c664ef152ff3,c664ef152ff3a9eef89c53a403b9c2e6f677340bea0307b02d97d07cc54bdfc3,no_salary_hike_no_attrition_no_department,isotonic,2,1198,3,3,9.999999900000002e-09,0.8749999912500002,0.12499999875000002
manuscript_final_20260712T175019Z_c664ef152ff3,c664ef152ff3a9eef89c53a403b9c2e6f677340bea0307b02d97d07cc54bdfc3,no_salary_hike_no_attrition_no_department,raw,3,12,4,3,0.0028535324821632726,0.9785898079475647,0.018556659570272107
manuscript_final_20260712T175019Z_c664ef152ff3,c664ef152ff3a9eef89c53a403b9c2e6f677340bea0307b02d97d07cc54bdfc3,no_salary_hike_no_attrition_no_department,raw,3,16,3,3,0.13727509719738556,0.8467262229560647,0.015998679846549783
manuscript_final_20260712T175019Z_c664ef152ff3,c664ef152ff3a9eef89c53a403b9c2e6f677340bea0307b02d97d07cc54bdfc3,no_salary_hike_no_attrition_no_department,raw,3,20,3,3,0.0005833246748704892,0.9910691383830758,0.008347536942053754
manuscript_final_20260712T175019Z_c664ef152ff3,c664ef152ff3a9eef89c53a403b9c2e6f677340bea0307b02d97d07cc54bdfc3,no_salary_hike_no_attrition_no_department,raw,3,25,4,4,0.007773823284482565,0.37150032941786293,0.6207258472976546
manuscript_final_20260712T175019Z_c664ef152ff3,c664ef152ff3a9eef89c53a403b9c2e6f677340bea0307b02d97d07cc54bdfc3,no_salary_hike_no_attrition_no_department,raw,3,42,3,3,0.001213416805998393,0.8723006245427647,0.12648595865123696
manuscript_final_20260712T175019Z_c664ef152ff3,c664ef152ff3a9eef89c53a403b9c2e6f677340bea0307b02d97d07cc54bdfc3,no_salary_hike_no_attrition_no_department,raw,3,46,3,3,0.0004707075527767258,0.6810837715098553,0.31844552093736794
manuscript_final_20260712T175019Z_c664ef152ff3,c664ef152ff3a9eef89c53a403b9c2e6f677340bea0307b02d97d07cc54bdfc3,no_salary_hike_no_attrition_no_department,raw,3,68,4,3,0.0003731852696475014,0.7416221052869184,0.2580047094434342
manuscript_final_20260712T175019Z_c664ef152ff3,c664ef152ff3a9eef89c53a403b9c2e6f677340bea0307b02d97d07cc54bdfc3,no_salary_hike_no_attrition_no_department,raw,3,77,3,3,0.004809308100790375,0.9455223226040605,0.04966836929514909
manuscript_final_20260712T175019Z_c664ef152ff3,c664ef152ff3a9eef89c53a403b9c2e6f677340bea0307b02d97d07cc54bdfc3,no_salary_hike_no_attrition_no_department,raw,3,80,3,3,0.00013913301817025545,0.9800301404687997,0.01983072651303013
manuscript_final_20260712T175019Z_c664ef152ff3,c664ef152ff3a9eef89c53a403b9c2e6f677340bea0307b02d97d07cc54bdfc3,no_salary_hike_no_attrition_no_department,raw,3,84,3,3,0.0278633336187899,0.9377154884763589,0.03442117790485123
manuscript_final_20260712T175019Z_c664ef152ff3,c664ef152ff3a9eef89c53a403b9c2e6f677340bea0307b02d97d07cc54bdfc3,no_salary_hike_no_attrition_no_department,raw,3,88,3,3,0.00035719129166604193,0.9001683238036647,0.09947448490466924
manuscript_final_20260712T175019Z_c664ef152ff3,c664ef152ff3a9eef89c53a403b9c2e6f677340bea0307b02d97d07cc54bdfc3,no_salary_hike_no_attrition_no_department,raw,3,104,3,3,0.027375453444218045,0.9158429316808103,0.056781614874971575
manuscript_final_20260712T175019Z_c664ef152ff3,c664ef152ff3a9eef89c53a403b9c2e6f677340bea0307b02d97d07cc54bdfc3,no_salary_hike_no_attrition_no_department,raw,3,105,3,3,0.0007581435984357857,0.979698006203624,0.019543850197940207
manuscript_final_20260712T175019Z_c664ef152ff3,c664ef152ff3a9eef89c53a403b9c2e6f677340bea0307b02d97d07cc54bdfc3,no_salary_hike_no_attrition_no_department,raw,3,117,3,3,0.00018087408148979752,0.9799512021678146,0.019867923750695633
manuscript_final_20260712T175019Z_c664ef152ff3,c664ef152ff3a9eef89c53a403b9c2e6f677340bea0307b02d97d07cc54bdfc3,no_salary_hike_no_attrition_no_department,raw,3,136,3,3,0.0008997257188165789,0.9870031018728022,0.012097172408381216
manuscript_final_20260712T175019Z_c664ef152ff3,c664ef152ff3a9eef89c53a403b9c2e6f677340bea0307b02d97d07cc54bdfc3,no_salary_hike_no_attrition_no_department,raw,3,138,3,3,0.003539556530665641,0.7651853833984034,0.23127506007093102
manuscript_final_20260712T175019Z_c664ef152ff3,c664ef152ff3a9eef89c53a403b9c2e6f677340bea0307b02d97d07cc54bdfc3,no_salary_hike_no_attrition_no_department,raw,3,151,3,3,0.002829447430811039,0.5704428638583848,0.42672768871080413
manuscript_final_20260712T175019Z_c664ef152ff3,c664ef152ff3a9eef89c53a403b9c2e6f677340bea0307b02d97d07cc54bdfc3,no_salary_hike_no_attrition_no_department,raw,3,163,3,3,0.002632056697444028,0.8634734915608244,0.13389445174173156
manuscript_final_20260712T175019Z_c664ef152ff3,c664ef152ff3a9eef89c53a403b9c2e6f677340bea0307b02d97d07cc54bdfc3,no_salary_hike_no_attrition_no_department,raw,3,177,2,2,0.5280934096670603,0.4676067637804576,0.004299826552482089
manuscript_final_20260712T175019Z_c664ef152ff3,c664ef152ff3a9eef89c53a403b9c2e6f677340bea0307b02d97d07cc54bdfc3,no_salary_hike_no_attrition_no_department,raw,3,188,3,3,0.0009763723975758933,0.9573804152024696,0.041643212399954485
manuscript_final_20260712T175019Z_c664ef152ff3,c664ef152ff3a9eef89c53a403b9c2e6f677340bea0307b02d97d07cc54bdfc3,no_salary_hike_no_attrition_no_department,raw,3,206,3,3,0.0009485614806106731,0.9904875250356872,0.00856391348370225
manuscript_final_20260712T175019Z_c664ef152ff3,c664ef152ff3a9eef89c53a403b9c2e6f677340bea0307b02d97d07cc54bdfc3,no_salary_hike_no_attrition_no_department,raw,3,215,4,3,0.007324073131028028,0.982357281405448,0.010318645463524002
manuscript_final_20260712T175019Z_c664ef152ff3,c664ef152ff3a9eef89c53a403b9c2e6f677340bea0307b02d97d07cc54bdfc3,no_salary_hike_no_attrition_no_department,raw,3,251,2,2,0.9656523090400562,0.02971802719690992,0.004629663763033936
manuscript_final_20260712T175019Z_c664ef152ff3,c664ef152ff3a9eef89c53a403b9c2e6f677340bea0307b02d97d07cc54bdfc3,no_salary_hike_no_attrition_no_department,raw,3,252,3,3,0.0027970653912985912,0.8336097265991669,0.16359320800953459
manuscript_final_20260712T175019Z_c664ef152ff3,c664ef152ff3a9eef89c53a403b9c2e6f677340bea0307b02d97d07cc54bdfc3,no_salary_hike_no_attrition_no_department,raw,3,254,4,3,0.0034329012655613124,0.97602789042271,0.020539208311728768
manuscript_final_20260712T175019Z_c664ef152ff3,c664ef152ff3a9eef89c53a403b9c2e6f677340bea0307b02d97d07cc54bdfc3,no_salary_hike_no_attrition_no_department,raw,3,257,3,3,0.002774750860357206,0.872397973857041,0.12482727528260179
manuscript_final_20260712T175019Z_c664ef152ff3,c664ef152ff3a9eef89c53a403b9c2e6f677340bea0307b02d97d07cc54bdfc3,no_salary_hike_no_attrition_no_department,raw,3,278,3,3,0.0005350376161908443,0.9710986287241654,0.028366333659643705
manuscript_final_20260712T175019Z_c664ef152ff3,c664ef152ff3a9eef89c53a403b9c2e6f677340bea0307b02d97d07cc54bdfc3,no_salary_hike_no_attrition_no_department,raw,3,292,3,3,0.11627278962121629,0.8026943623417386,0.08103284803704512
manuscript_final_20260712T175019Z_c664ef152ff3,c664ef152ff3a9eef89c53a403b9c2e6f677340bea0307b02d97d07cc54bdfc3,no_salary_hike_no_attrition_no_department,raw,3,309,2,2,0.9676514911411475,0.031244637535868855,0.0011038713229837205
manuscript_final_20260712T175019Z_c664ef152ff3,c664ef152ff3a9eef89c53a403b9c2e6f677340bea0307b02d97d07cc54bdfc3,no_salary_hike_no_attrition_no_department,raw,3,314,3,3,0.01090823038056485,0.8514610663753358,0.13763070324409934
manuscript_final_20260712T175019Z_c664ef152ff3,c664ef152ff3a9eef89c53a403b9c2e6f677340bea0307b02d97d07cc54bdfc3,no_salary_hike_no_attrition_no_department,raw,3,321,3,3,0.004500551392354053,0.9318051245479818,0.06369432405966408
manuscript_final_20260712T175019Z_c664ef152ff3,c664ef152ff3a9eef89c53a403b9c2e6f677340bea0307b02d97d07cc54bdfc3,no_salary_hike_no_attrition_no_department,raw,3,325,2,2,0.8841872034109025,0.10547546826260136,0.010337328326496089
manuscript_final_20260712T175019Z_c664ef152ff3,c664ef152ff3a9eef89c53a403b9c2e6f677340bea0307b02d97d07cc54bdfc3,no_salary_hike_no_attrition_no_department,raw,3,341,3,3,0.005199316753464873,0.9417929999807813,0.0530076832657539
manuscript_final_20260712T175019Z_c664ef152ff3,c664ef152ff3a9eef89c53a403b9c2e6f677340bea0307b02d97d07cc54bdfc3,no_salary_hike_no_attrition_no_department,raw,3,352,3,3,0.008223000959808012,0.9627191478165936,0.029057851223598333
manuscript_final_20260712T175019Z_c664ef152ff3,c664ef152ff3a9eef89c53a403b9c2e6f677340bea0307b02d97d07cc54bdfc3,no_salary_hike_no_attrition_no_department,raw,3,378,3,3,0.002026562580863538,0.9797518858497515,0.018221551569385038
manuscript_final_20260712T175019Z_c664ef152ff3,c664ef152ff3a9eef89c53a403b9c2e6f677340bea0307b02d97d07cc54bdfc3,no_salary_hike_no_attrition_no_department,raw,3,379,3,3,0.011059702019526914,0.9031410688309929,0.0857992291494802
manuscript_final_20260712T175019Z_c664ef152ff3,c664ef152ff3a9eef89c53a403b9c2e6f677340bea0307b02d97d07cc54bdfc3,no_salary_hike_no_attrition_no_department,raw,3,433,3,3,0.01463278669227281,0.9639278099123753,0.02143940339535197
manuscript_final_20260712T175019Z_c664ef152ff3,c664ef152ff3a9eef89c53a403b9c2e6f677340bea0307b02d97d07cc54bdfc3,no_salary_hike_no_attrition_no_department,raw,3,436,3,3,0.005971838157151669,0.9868299204208668,0.0071982414219815055
manuscript_final_20260712T175019Z_c664ef152ff3,c664ef152ff3a9eef89c53a403b9c2e6f677340bea0307b02d97d07cc54bdfc3,no_salary_hike_no_attrition_no_department,raw,3,445,3,3,0.0019148084496754566,0.9299338055539741,0.06815138599635047
manuscript_final_20260712T175019Z_c664ef152ff3,c664ef152ff3a9eef89c53a403b9c2e6f677340bea0307b02d97d07cc54bdfc3,no_salary_hike_no_attrition_no_department,raw,3,447,2,2,0.9034444369262135,0.09513593010204073,0.0014196329717458972
manuscript_final_20260712T175019Z_c664ef152ff3,c664ef152ff3a9eef89c53a403b9c2e6f677340bea0307b02d97d07cc54bdfc3,no_salary_hike_no_attrition_no_department,raw,3,450,3,3,0.003992782479081504,0.9427489134472455,0.05325830407367292
manuscript_final_20260712T175019Z_c664ef152ff3,c664ef152ff3a9eef89c53a403b9c2e6f677340bea0307b02d97d07cc54bdfc3,no_salary_hike_no_attrition_no_department,raw,3,462,2,2,0.9471212453404579,0.052062551027402613,0.0008162036321394025
manuscript_final_20260712T175019Z_c664ef152ff3,c664ef152ff3a9eef89c53a403b9c2e6f677340bea0307b02d97d07cc54bdfc3,no_salary_hike_no_attrition_no_department,raw,3,463,2,2,0.6974790520191241,0.2952358053775981,0.0072851426032779
manuscript_final_20260712T175019Z_c664ef152ff3,c664ef152ff3a9eef89c53a403b9c2e6f677340bea0307b02d97d07cc54bdfc3,no_salary_hike_no_attrition_no_department,raw,3,489,2,2,0.9058041211933585,0.09242935855746727,0.001766520249174218
manuscript_final_20260712T175019Z_c664ef152ff3,c664ef152ff3a9eef89c53a403b9c2e6f677340bea0307b02d97d07cc54bdfc3,no_salary_hike_no_attrition_no_department,raw,3,493,2,2,0.9276881654264894,0.06628952487150302,0.006022309702007697
manuscript_final_20260712T175019Z_c664ef152ff3,c664ef152ff3a9eef89c53a403b9c2e6f677340bea0307b02d97d07cc54bdfc3,no_salary_hike_no_attrition_no_department,raw,3,500,3,3,0.002740064842546671,0.7874922677205916,0.20976766743686182
manuscript_final_20260712T175019Z_c664ef152ff3,c664ef152ff3a9eef89c53a403b9c2e6f677340bea0307b02d97d07cc54bdfc3,no_salary_hike_no_attrition_no_department,raw,3,504,3,3,0.0010523627456967483,0.8565450455293795,0.14240259172492378
manuscript_final_20260712T175019Z_c664ef152ff3,c664ef152ff3a9eef89c53a403b9c2e6f677340bea0307b02d97d07cc54bdfc3,no_salary_hike_no_attrition_no_department,raw,3,508,3,3,0.0009364516076236033,0.9893646311644241,0.009698917227952379
manuscript_final_20260712T175019Z_c664ef152ff3,c664ef152ff3a9eef89c53a403b9c2e6f677340bea0307b02d97d07cc54bdfc3,no_salary_hike_no_attrition_no_department,raw,3,521,3,3,0.01153397376003484,0.7126286043089416,0.27583742193102356
manuscript_final_20260712T175019Z_c664ef152ff3,c664ef152ff3a9eef89c53a403b9c2e6f677340bea0307b02d97d07cc54bdfc3,no_salary_hike_no_attrition_no_department,raw,3,526,3,3,0.002232271812569976,0.9711826463109873,0.026585081876442797
manuscript_final_20260712T175019Z_c664ef152ff3,c664ef152ff3a9eef89c53a403b9c2e6f677340bea0307b02d97d07cc54bdfc3,no_salary_hike_no_attrition_no_department,raw,3,538,3,3,0.006197933431855059,0.9818360581481984,0.011966008419946576
manuscript_final_20260712T175019Z_c664ef152ff3,c664ef152ff3a9eef89c53a403b9c2e6f677340bea0307b02d97d07cc54bdfc3,no_salary_hike_no_attrition_no_department,raw,3,541,3,3,0.0004136384818139401,0.9726895699589352,0.026896791559250878
manuscript_final_20260712T175019Z_c664ef152ff3,c664ef152ff3a9eef89c53a403b9c2e6f677340bea0307b02d97d07cc54bdfc3,no_salary_hike_no_attrition_no_department,raw,3,555,4,3,0.00108483372345878,0.9596907216028344,0.039224444673706824
manuscript_final_20260712T175019Z_c664ef152ff3,c664ef152ff3a9eef89c53a403b9c2e6f677340bea0307b02d97d07cc54bdfc3,no_salary_hike_no_attrition_no_department,raw,3,556,3,3,0.0025258761750416125,0.9282379374706826,0.06923618635427578
manuscript_final_20260712T175019Z_c664ef152ff3,c664ef152ff3a9eef89c53a403b9c2e6f677340bea0307b02d97d07cc54bdfc3,no_salary_hike_no_attrition_no_department,raw,3,557,3,3,0.001924478461473574,0.9741479221908705,0.023927599347655842
manuscript_final_20260712T175019Z_c664ef152ff3,c664ef152ff3a9eef89c53a403b9c2e6f677340bea0307b02d97d07cc54bdfc3,no_salary_hike_no_attrition_no_department,raw,3,564,3,3,0.003833554752058491,0.9935589606214599,0.0026074846264816233
manuscript_final_20260712T175019Z_c664ef152ff3,c664ef152ff3a9eef89c53a403b9c2e6f677340bea0307b02d97d07cc54bdfc3,no_salary_hike_no_attrition_no_department,raw,3,566,2,2,0.7900551870305792,0.20319975183979566,0.006745061129625092
manuscript_final_20260712T175019Z_c664ef152ff3,c664ef152ff3a9eef89c53a403b9c2e6f677340bea0307b02d97d07cc54bdfc3,no_salary_hike_no_attrition_no_department,raw,3,581,3,3,0.002695587127304391,0.7788861171460105,0.21841829572668506
manuscript_final_20260712T175019Z_c664ef152ff3,c664ef152ff3a9eef89c53a403b9c2e6f677340bea0307b02d97d07cc54bdfc3,no_salary_hike_no_attrition_no_department,raw,3,586,3,3,0.01114508693824506,0.8543466909707585,0.1345082220909964
manuscript_final_20260712T175019Z_c664ef152ff3,c664ef152ff3a9eef89c53a403b9c2e6f677340bea0307b02d97d07cc54bdfc3,no_salary_hike_no_attrition_no_department,raw,3,595,3,3,0.007923277649947293,0.827186187555552,0.16489053479450078
manuscript_final_20260712T175019Z_c664ef152ff3,c664ef152ff3a9eef89c53a403b9c2e6f677340bea0307b02d97d07cc54bdfc3,no_salary_hike_no_attrition_no_department,raw,3,610,3,3,0.0008353832681234184,0.9847244711966758,0.014440145535200831
manuscript_final_20260712T175019Z_c664ef152ff3,c664ef152ff3a9eef89c53a403b9c2e6f677340bea0307b02d97d07cc54bdfc3,no_salary_hike_no_attrition_no_department,raw,3,615,2,2,0.8115116878271877,0.17772137953227965,0.01076693264053266
manuscript_final_20260712T175019Z_c664ef152ff3,c664ef152ff3a9eef89c53a403b9c2e6f677340bea0307b02d97d07cc54bdfc3,no_salary_hike_no_attrition_no_department,raw,3,640,2,2,0.966709171400057,0.0313355002539073,0.0019553283460357314
manuscript_final_20260712T175019Z_c664ef152ff3,c664ef152ff3a9eef89c53a403b9c2e6f677340bea0307b02d97d07cc54bdfc3,no_salary_hike_no_attrition_no_department,raw,3,643,4,3,0.006092244974808124,0.7961061878614455,0.1978015671637464
manuscript_final_20260712T175019Z_c664ef152ff3,c664ef152ff3a9eef89c53a403b9c2e6f677340bea0307b02d97d07cc54bdfc3,no_salary_hike_no_attrition_no_department,raw,3,651,4,3,0.0011453674572704834,0.7329701588832407,0.26588447365948886
manuscript_final_20260712T175019Z_c664ef152ff3,c664ef152ff3a9eef89c53a403b9c2e6f677340bea0307b02d97d07cc54bdfc3,no_salary_hike_no_attrition_no_department,raw,3,652,3,3,0.0004113001524531068,0.9799347262625488,0.019653973584998045
manuscript_final_20260712T175019Z_c664ef152ff3,c664ef152ff3a9eef89c53a403b9c2e6f677340bea0307b02d97d07cc54bdfc3,no_salary_hike_no_attrition_no_department,raw,3,656,3,3,0.12907653902758057,0.8365742470706897,0.03434921390172973
manuscript_final_20260712T175019Z_c664ef152ff3,c664ef152ff3a9eef89c53a403b9c2e6f677340bea0307b02d97d07cc54bdfc3,no_salary_hike_no_attrition_no_department,raw,3,676,3,3,0.0002208595205954593,0.960591892490083,0.039187247989321536
manuscript_final_20260712T175019Z_c664ef152ff3,c664ef152ff3a9eef89c53a403b9c2e6f677340bea0307b02d97d07cc54bdfc3,no_salary_hike_no_attrition_no_department,raw,3,681,2,2,0.7378475028769252,0.23116718103456954,0.030985316088505185
manuscript_final_20260712T175019Z_c664ef152ff3,c664ef152ff3a9eef89c53a403b9c2e6f677340bea0307b02d97d07cc54bdfc3,no_salary_hike_no_attrition_no_department,raw,3,684,2,3,0.0412874959361682,0.9530280059352088,0.005684498128623037
manuscript_final_20260712T175019Z_c664ef152ff3,c664ef152ff3a9eef89c53a403b9c2e6f677340bea0307b02d97d07cc54bdfc3,no_salary_hike_no_attrition_no_department,raw,3,689,3,3,0.004376483919143725,0.9470458687794555,0.04857764730140075
manuscript_final_20260712T175019Z_c664ef152ff3,c664ef152ff3a9eef89c53a403b9c2e6f677340bea0307b02d97d07cc54bdfc3,no_salary_hike_no_attrition_no_department,raw,3,705,2,2,0.868374710975795,0.12025725919921026,0.0113680298249947
manuscript_final_20260712T175019Z_c664ef152ff3,c664ef152ff3a9eef89c53a403b9c2e6f677340bea0307b02d97d07cc54bdfc3,no_salary_hike_no_attrition_no_department,raw,3,714,3,3,0.00813308081068028,0.9496427800962034,0.042224139093116314
manuscript_final_20260712T175019Z_c664ef152ff3,c664ef152ff3a9eef89c53a403b9c2e6f677340bea0307b02d97d07cc54bdfc3,no_salary_hike_no_attrition_no_department,raw,3,733,3,3,0.0022487796890503747,0.9950366843290616,0.002714535981888074
manuscript_final_20260712T175019Z_c664ef152ff3,c664ef152ff3a9eef89c53a403b9c2e6f677340bea0307b02d97d07cc54bdfc3,no_salary_hike_no_attrition_no_department,raw,3,753,3,3,0.004098623588334107,0.7502235885511052,0.2456777878605607
manuscript_final_20260712T175019Z_c664ef152ff3,c664ef152ff3a9eef89c53a403b9c2e6f677340bea0307b02d97d07cc54bdfc3,no_salary_hike_no_attrition_no_department,raw,3,757,3,3,0.002701664914275059,0.9482810049082516,0.04901733017747337
manuscript_final_20260712T175019Z_c664ef152ff3,c664ef152ff3a9eef89c53a403b9c2e6f677340bea0307b02d97d07cc54bdfc3,no_salary_hike_no_attrition_no_department,raw,3,762,3,3,0.01180546430470066,0.9634370633351578,0.0247574723601416
manuscript_final_20260712T175019Z_c664ef152ff3,c664ef152ff3a9eef89c53a403b9c2e6f677340bea0307b02d97d07cc54bdfc3,no_salary_hike_no_attrition_no_department,raw,3,768,4,3,0.00035422157800658145,0.8974542429477294,0.10219153547426403
manuscript_final_20260712T175019Z_c664ef152ff3,c664ef152ff3a9eef89c53a403b9c2e6f677340bea0307b02d97d07cc54bdfc3,no_salary_hike_no_attrition_no_department,raw,3,795,3,3,0.0003011004613821923,0.8918169802009961,0.10788191933762172
manuscript_final_20260712T175019Z_c664ef152ff3,c664ef152ff3a9eef89c53a403b9c2e6f677340bea0307b02d97d07cc54bdfc3,no_salary_hike_no_attrition_no_department,raw,3,800,2,2,0.8992460907486057,0.09632322874454541,0.004430680506848951
manuscript_final_20260712T175019Z_c664ef152ff3,c664ef152ff3a9eef89c53a403b9c2e6f677340bea0307b02d97d07cc54bdfc3,no_salary_hike_no_attrition_no_department,raw,3,804,3,3,0.0022984155207752682,0.9734643199103534,0.024237264568871306
manuscript_final_20260712T175019Z_c664ef152ff3,c664ef152ff3a9eef89c53a403b9c2e6f677340bea0307b02d97d07cc54bdfc3,no_salary_hike_no_attrition_no_department,raw,3,816,3,3,0.06701370278735681,0.9229028156183451,0.010083481594298173
manuscript_final_20260712T175019Z_c664ef152ff3,c664ef152ff3a9eef89c53a403b9c2e6f677340bea0307b02d97d07cc54bdfc3,no_salary_hike_no_attrition_no_department,raw,3,834,3,2,0.9742029811819768,0.020213997423403147,0.005583021394620066
manuscript_final_20260712T175019Z_c664ef152ff3,c664ef152ff3a9eef89c53a403b9c2e6f677340bea0307b02d97d07cc54bdfc3,no_salary_hike_no_attrition_no_department,raw,3,849,3,3,0.06575356856600195,0.9217127123779167,0.012533719056081333
manuscript_final_20260712T175019Z_c664ef152ff3,c664ef152ff3a9eef89c53a403b9c2e6f677340bea0307b02d97d07cc54bdfc3,no_salary_hike_no_attrition_no_department,raw,3,857,3,2,0.8808588455312887,0.11341742515940975,0.005723729309301543
manuscript_final_20260712T175019Z_c664ef152ff3,c664ef152ff3a9eef89c53a403b9c2e6f677340bea0307b02d97d07cc54bdfc3,no_salary_hike_no_attrition_no_department,raw,3,864,3,3,0.07449801509029282,0.9118502437274517,0.013651741182255504
manuscript_final_20260712T175019Z_c664ef152ff3,c664ef152ff3a9eef89c53a403b9c2e6f677340bea0307b02d97d07cc54bdfc3,no_salary_hike_no_attrition_no_department,raw,3,877,4,3,0.005998809659885727,0.9224401463281696,0.07156104401194464
manuscript_final_20260712T175019Z_c664ef152ff3,c664ef152ff3a9eef89c53a403b9c2e6f677340bea0307b02d97d07cc54bdfc3,no_salary_hike_no_attrition_no_department,raw,3,889,2,2,0.8933488330248482,0.08209782277266285,0.024553344202488905
manuscript_final_20260712T175019Z_c664ef152ff3,c664ef152ff3a9eef89c53a403b9c2e6f677340bea0307b02d97d07cc54bdfc3,no_salary_hike_no_attrition_no_department,raw,3,890,3,3,0.000655962070919524,0.9400665041814554,0.05927753374762509
manuscript_final_20260712T175019Z_c664ef152ff3,c664ef152ff3a9eef89c53a403b9c2e6f677340bea0307b02d97d07cc54bdfc3,no_salary_hike_no_attrition_no_department,raw,3,897,3,3,0.000350460578804834,0.9751403762629576,0.024509163158237555
manuscript_final_20260712T175019Z_c664ef152ff3,c664ef152ff3a9eef89c53a403b9c2e6f677340bea0307b02d97d07cc54bdfc3,no_salary_hike_no_attrition_no_department,raw,3,907,3,4,0.0007597493476761827,0.4845060260690643,0.5147342245832596
manuscript_final_20260712T175019Z_c664ef152ff3,c664ef152ff3a9eef89c53a403b9c2e6f677340bea0307b02d97d07cc54bdfc3,no_salary_hike_no_attrition_no_department,raw,3,908,3,3,0.0005538637371976225,0.8346942269163545,0.16475190934644787
manuscript_final_20260712T175019Z_c664ef152ff3,c664ef152ff3a9eef89c53a403b9c2e6f677340bea0307b02d97d07cc54bdfc3,no_salary_hike_no_attrition_no_department,raw,3,912,3,3,0.006136189980572066,0.734766280814288,0.25909752920514
manuscript_final_20260712T175019Z_c664ef152ff3,c664ef152ff3a9eef89c53a403b9c2e6f677340bea0307b02d97d07cc54bdfc3,no_salary_hike_no_attrition_no_department,raw,3,921,3,3,0.001862244602481054,0.9114524313862297,0.08668532401128932
manuscript_final_20260712T175019Z_c664ef152ff3,c664ef152ff3a9eef89c53a403b9c2e6f677340bea0307b02d97d07cc54bdfc3,no_salary_hike_no_attrition_no_department,raw,3,938,3,3,0.04631397621407298,0.8602515683388746,0.09343445544705238
manuscript_final_20260712T175019Z_c664ef152ff3,c664ef152ff3a9eef89c53a403b9c2e6f677340bea0307b02d97d07cc54bdfc3,no_salary_hike_no_attrition_no_department,raw,3,944,3,3,0.0011688943935715536,0.9551322231061796,0.04369888250024887
manuscript_final_20260712T175019Z_c664ef152ff3,c664ef152ff3a9eef89c53a403b9c2e6f677340bea0307b02d97d07cc54bdfc3,no_salary_hike_no_attrition_no_department,raw,3,952,2,2,0.7955104523452359,0.19289283005304564,0.011596717601718437
manuscript_final_20260712T175019Z_c664ef152ff3,c664ef152ff3a9eef89c53a403b9c2e6f677340bea0307b02d97d07cc54bdfc3,no_salary_hike_no_attrition_no_department,raw,3,955,3,3,0.003920939363818799,0.9784300523216335,0.01764900831454776
manuscript_final_20260712T175019Z_c664ef152ff3,c664ef152ff3a9eef89c53a403b9c2e6f677340bea0307b02d97d07cc54bdfc3,no_salary_hike_no_attrition_no_department,raw,3,964,3,3,0.0011595172723266713,0.9832670613409151,0.015573421386758183
manuscript_final_20260712T175019Z_c664ef152ff3,c664ef152ff3a9eef89c53a403b9c2e6f677340bea0307b02d97d07cc54bdfc3,no_salary_hike_no_attrition_no_department,raw,3,987,3,3,0.026553605872571304,0.9407353734392103,0.03271102068821842
manuscript_final_20260712T175019Z_c664ef152ff3,c664ef152ff3a9eef89c53a403b9c2e6f677340bea0307b02d97d07cc54bdfc3,no_salary_hike_no_attrition_no_department,raw,3,1007,3,3,0.0018029913378061985,0.9887377446129397,0.009459264049254115
manuscript_final_20260712T175019Z_c664ef152ff3,c664ef152ff3a9eef89c53a403b9c2e6f677340bea0307b02d97d07cc54bdfc3,no_salary_hike_no_attrition_no_department,raw,3,1014,3,3,0.0008348544823512276,0.9648782991987965,0.03428684631885227
manuscript_final_20260712T175019Z_c664ef152ff3,c664ef152ff3a9eef89c53a403b9c2e6f677340bea0307b02d97d07cc54bdfc3,no_salary_hike_no_attrition_no_department,raw,3,1018,3,3,0.0008550969966758921,0.9815060786724934,0.017638824330830773
manuscript_final_20260712T175019Z_c664ef152ff3,c664ef152ff3a9eef89c53a403b9c2e6f677340bea0307b02d97d07cc54bdfc3,no_salary_hike_no_attrition_no_department,raw,3,1034,3,3,0.03852400369639677,0.8869645762050916,0.07451142009851165
manuscript_final_20260712T175019Z_c664ef152ff3,c664ef152ff3a9eef89c53a403b9c2e6f677340bea0307b02d97d07cc54bdfc3,no_salary_hike_no_attrition_no_department,raw,3,1038,4,3,0.0060249932548261465,0.9325109480255739,0.0614640587196
manuscript_final_20260712T175019Z_c664ef152ff3,c664ef152ff3a9eef89c53a403b9c2e6f677340bea0307b02d97d07cc54bdfc3,no_salary_hike_no_attrition_no_department,raw,3,1039,3,3,0.00066097567605093,0.9566161932353969,0.04272283108855213
manuscript_final_20260712T175019Z_c664ef152ff3,c664ef152ff3a9eef89c53a403b9c2e6f677340bea0307b02d97d07cc54bdfc3,no_salary_hike_no_attrition_no_department,raw,3,1063,3,3,0.004408038590486248,0.8074399056147432,0.18815205579477054
manuscript_final_20260712T175019Z_c664ef152ff3,c664ef152ff3a9eef89c53a403b9c2e6f677340bea0307b02d97d07cc54bdfc3,no_salary_hike_no_attrition_no_department,raw,3,1067,3,3,0.00158620642675567,0.9722866740830097,0.026127119490234565
manuscript_final_20260712T175019Z_c664ef152ff3,c664ef152ff3a9eef89c53a403b9c2e6f677340bea0307b02d97d07cc54bdfc3,no_salary_hike_no_attrition_no_department,raw,3,1075,3,3,0.0014359070899394707,0.9666702733840743,0.03189381952598623
manuscript_final_20260712T175019Z_c664ef152ff3,c664ef152ff3a9eef89c53a403b9c2e6f677340bea0307b02d97d07cc54bdfc3,no_salary_hike_no_attrition_no_department,raw,3,1082,4,3,0.0008197541691702343,0.9711737305221335,0.028006515308696238
manuscript_final_20260712T175019Z_c664ef152ff3,c664ef152ff3a9eef89c53a403b9c2e6f677340bea0307b02d97d07cc54bdfc3,no_salary_hike_no_attrition_no_department,raw,3,1084,3,3,0.004804643788920779,0.7172867039666883,0.277908652244391
manuscript_final_20260712T175019Z_c664ef152ff3,c664ef152ff3a9eef89c53a403b9c2e6f677340bea0307b02d97d07cc54bdfc3,no_salary_hike_no_attrition_no_department,raw,3,1106,3,2,0.9529647882618288,0.04359275500518709,0.003442456732984031
manuscript_final_20260712T175019Z_c664ef152ff3,c664ef152ff3a9eef89c53a403b9c2e6f677340bea0307b02d97d07cc54bdfc3,no_salary_hike_no_attrition_no_department,raw,3,1119,3,3,0.026988812695813606,0.9549485765194043,0.018062610784782086
manuscript_final_20260712T175019Z_c664ef152ff3,c664ef152ff3a9eef89c53a403b9c2e6f677340bea0307b02d97d07cc54bdfc3,no_salary_hike_no_attrition_no_department,raw,3,1136,3,3,0.0027704626641545296,0.8641528747245832,0.13307666261126225
manuscript_final_20260712T175019Z_c664ef152ff3,c664ef152ff3a9eef89c53a403b9c2e6f677340bea0307b02d97d07cc54bdfc3,no_salary_hike_no_attrition_no_department,raw,3,1137,2,2,0.9690729408602241,0.029560910581697762,0.001366148558078136
manuscript_final_20260712T175019Z_c664ef152ff3,c664ef152ff3a9eef89c53a403b9c2e6f677340bea0307b02d97d07cc54bdfc3,no_salary_hike_no_attrition_no_department,raw,3,1142,3,3,0.002401142865800964,0.8887559841893854,0.10884287294481361
manuscript_final_20260712T175019Z_c664ef152ff3,c664ef152ff3a9eef89c53a403b9c2e6f677340bea0307b02d97d07cc54bdfc3,no_salary_hike_no_attrition_no_department,raw,3,1156,3,3,0.0020844405070486183,0.9193861287591225,0.0785294307338289
manuscript_final_20260712T175019Z_c664ef152ff3,c664ef152ff3a9eef89c53a403b9c2e6f677340bea0307b02d97d07cc54bdfc3,no_salary_hike_no_attrition_no_department,raw,3,1159,4,3,0.0004830728251272382,0.9554924302117962,0.044024496963076545
manuscript_final_20260712T175019Z_c664ef152ff3,c664ef152ff3a9eef89c53a403b9c2e6f677340bea0307b02d97d07cc54bdfc3,no_salary_hike_no_attrition_no_department,raw,3,1166,3,3,0.0014823392575302541,0.9906234351593995,0.007894225583070234
manuscript_final_20260712T175019Z_c664ef152ff3,c664ef152ff3a9eef89c53a403b9c2e6f677340bea0307b02d97d07cc54bdfc3,no_salary_hike_no_attrition_no_department,raw,3,1183,3,3,0.0013456716832740973,0.8427792003129602,0.15587512800376577
manuscript_final_20260712T175019Z_c664ef152ff3,c664ef152ff3a9eef89c53a403b9c2e6f677340bea0307b02d97d07cc54bdfc3,no_salary_hike_no_attrition_no_department,sigmoid,3,12,4,3,0.004383702575323511,0.9138666505010231,0.08174964692365329
manuscript_final_20260712T175019Z_c664ef152ff3,c664ef152ff3a9eef89c53a403b9c2e6f677340bea0307b02d97d07cc54bdfc3,no_salary_hike_no_attrition_no_department,sigmoid,3,16,3,3,0.18412551813937897,0.7393641585034866,0.07651032335713444
manuscript_final_20260712T175019Z_c664ef152ff3,c664ef152ff3a9eef89c53a403b9c2e6f677340bea0307b02d97d07cc54bdfc3,no_salary_hike_no_attrition_no_department,sigmoid,3,20,3,3,0.000904614432330134,0.93353475317472,0.06556063239294985
manuscript_final_20260712T175019Z_c664ef152ff3,c664ef152ff3a9eef89c53a403b9c2e6f677340bea0307b02d97d07cc54bdfc3,no_salary_hike_no_attrition_no_department,sigmoid,3,25,4,3,0.01720637943563839,0.6347615928105848,0.3480320277537769
manuscript_final_20260712T175019Z_c664ef152ff3,c664ef152ff3a9eef89c53a403b9c2e6f677340bea0307b02d97d07cc54bdfc3,no_salary_hike_no_attrition_no_department,sigmoid,3,42,3,3,0.002044966865897913,0.8497198526865076,0.14823518044759443
manuscript_final_20260712T175019Z_c664ef152ff3,c664ef152ff3a9eef89c53a403b9c2e6f677340bea0307b02d97d07cc54bdfc3,no_salary_hike_no_attrition_no_department,sigmoid,3,46,3,3,0.0009037948893584504,0.7784600701583518,0.2206361349522897
manuscript_final_20260712T175019Z_c664ef152ff3,c664ef152ff3a9eef89c53a403b9c2e6f677340bea0307b02d97d07cc54bdfc3,no_salary_hike_no_attrition_no_department,sigmoid,3,68,4,3,0.0006931115343859097,0.8005664507489694,0.1987404377166447
manuscript_final_20260712T175019Z_c664ef152ff3,c664ef152ff3a9eef89c53a403b9c2e6f677340bea0307b02d97d07cc54bdfc3,no_salary_hike_no_attrition_no_department,sigmoid,3,77,3,3,0.00752353236162917,0.883770631423297,0.1087058362150738
manuscript_final_20260712T175019Z_c664ef152ff3,c664ef152ff3a9eef89c53a403b9c2e6f677340bea0307b02d97d07cc54bdfc3,no_salary_hike_no_attrition_no_department,sigmoid,3,80,3,3,0.0002211797599427479,0.9165929435113563,0.08318587672870106
manuscript_final_20260712T175019Z_c664ef152ff3,c664ef152ff3a9eef89c53a403b9c2e6f677340bea0307b02d97d07cc54bdfc3,no_salary_hike_no_attrition_no_department,sigmoid,3,84,3,3,0.04164708895498354,0.8610972445279585,0.09725566651705783
manuscript_final_20260712T175019Z_c664ef152ff3,c664ef152ff3a9eef89c53a403b9c2e6f677340bea0307b02d97d07cc54bdfc3,no_salary_hike_no_attrition_no_department,sigmoid,3,88,3,3,0.0005991868469029226,0.8631939370765587,0.1362068760765384
manuscript_final_20260712T175019Z_c664ef152ff3,c664ef152ff3a9eef89c53a403b9c2e6f677340bea0307b02d97d07cc54bdfc3,no_salary_hike_no_attrition_no_department,sigmoid,3,104,3,3,0.0414681857916749,0.8460426611513,0.11248915305702506
manuscript_final_20260712T175019Z_c664ef152ff3,c664ef152ff3a9eef89c53a403b9c2e6f677340bea0307b02d97d07cc54bdfc3,no_salary_hike_no_attrition_no_department,sigmoid,3,105,3,3,0.00118284910314473,0.9159491795242886,0.08286797137256667
manuscript_final_20260712T175019Z_c664ef152ff3,c664ef152ff3a9eef89c53a403b9c2e6f677340bea0307b02d97d07cc54bdfc3,no_salary_hike_no_attrition_no_department,sigmoid,3,117,3,3,0.00028672577540436945,0.9164820228229849,0.08323125140161083
manuscript_final_20260712T175019Z_c664ef152ff3,c664ef152ff3a9eef89c53a403b9c2e6f677340bea0307b02d97d07cc54bdfc3,no_salary_hike_no_attrition_no_department,sigmoid,3,136,3,3,0.0013925674023474311,0.9260510015938497,0.0725564310038028
manuscript_final_20260712T175019Z_c664ef152ff3,c664ef152ff3a9eef89c53a403b9c2e6f677340bea0307b02d97d07cc54bdfc3,no_salary_hike_no_attrition_no_department,sigmoid,3,138,3,3,0.006282944946793944,0.8052536434089486,0.1884634116442576
manuscript_final_20260712T175019Z_c664ef152ff3,c664ef152ff3a9eef89c53a403b9c2e6f677340bea0307b02d97d07cc54bdfc3,no_salary_hike_no_attrition_no_department,sigmoid,3,151,3,3,0.005656524218528848,0.7335285575424422,0.2608149182390289
manuscript_final_20260712T175019Z_c664ef152ff3,c664ef152ff3a9eef89c53a403b9c2e6f677340bea0307b02d97d07cc54bdfc3,no_salary_hike_no_attrition_no_department,sigmoid,3,163,3,3,0.004413039844991388,0.8443621758442025,0.1512247843108062
manuscript_final_20260712T175019Z_c664ef152ff3,c664ef152ff3a9eef89c53a403b9c2e6f677340bea0307b02d97d07cc54bdfc3,no_salary_hike_no_attrition_no_department,sigmoid,3,177,2,2,0.5243171925683487,0.4280393419954003,0.04764346543625091
manuscript_final_20260712T175019Z_c664ef152ff3,c664ef152ff3a9eef89c53a403b9c2e6f677340bea0307b02d97d07cc54bdfc3,no_salary_hike_no_attrition_no_department,sigmoid,3,188,3,3,0.001548148147882192,0.8953214826329138,0.103130369219204
manuscript_final_20260712T175019Z_c664ef152ff3,c664ef152ff3a9eef89c53a403b9c2e6f677340bea0307b02d97d07cc54bdfc3,no_salary_hike_no_attrition_no_department,sigmoid,3,206,3,3,0.0014637747268923843,0.9324918259065932,0.06604439936651435
manuscript_final_20260712T175019Z_c664ef152ff3,c664ef152ff3a9eef89c53a403b9c2e6f677340bea0307b02d97d07cc54bdfc3,no_salary_hike_no_attrition_no_department,sigmoid,3,215,4,3,0.01108129962702293,0.9191063469088417,0.06981235346413538
manuscript_final_20260712T175019Z_c664ef152ff3,c664ef152ff3a9eef89c53a403b9c2e6f677340bea0307b02d97d07cc54bdfc3,no_salary_hike_no_attrition_no_department,sigmoid,3,251,2,2,0.8587140735103294,0.0905341173277385,0.05075180916193236
manuscript_final_20260712T175019Z_c664ef152ff3,c664ef152ff3a9eef89c53a403b9c2e6f677340bea0307b02d97d07cc54bdfc3,no_salary_hike_no_attrition_no_department,sigmoid,3,252,3,3,0.004777670443536464,0.8320299233314643,0.16319240622499928
manuscript_final_20260712T175019Z_c664ef152ff3,c664ef152ff3a9eef89c53a403b9c2e6f677340bea0307b02d97d07cc54bdfc3,no_salary_hike_no_attrition_no_department,sigmoid,3,254,4,3,0.005270749809032117,0.9106112976149879,0.08411795257598004
manuscript_final_20260712T175019Z_c664ef152ff3,c664ef152ff3a9eef89c53a403b9c2e6f677340bea0307b02d97d07cc54bdfc3,no_salary_hike_no_attrition_no_department,sigmoid,3,257,3,3,0.004620518206294805,0.8480034827285645,0.14737599906514065
manuscript_final_20260712T175019Z_c664ef152ff3,c664ef152ff3a9eef89c53a403b9c2e6f677340bea0307b02d97d07cc54bdfc3,no_salary_hike_no_attrition_no_department,sigmoid,3,278,3,3,0.000844453079505236,0.9070268174558571,0.09212872946463779
manuscript_final_20260712T175019Z_c664ef152ff3,c664ef152ff3a9eef89c53a403b9c2e6f677340bea0307b02d97d07cc54bdfc3,no_salary_hike_no_attrition_no_department,sigmoid,3,292,3,3,0.16106812401447337,0.7188577137378701,0.12007416224765662
manuscript_final_20260712T175019Z_c664ef152ff3,c664ef152ff3a9eef89c53a403b9c2e6f677340bea0307b02d97d07cc54bdfc3,no_salary_hike_no_attrition_no_department,sigmoid,3,309,2,2,0.8706283537356614,0.0944761703431469,0.0348954759211917
manuscript_final_20260712T175019Z_c664ef152ff3,c664ef152ff3a9eef89c53a403b9c2e6f677340bea0307b02d97d07cc54bdfc3,no_salary_hike_no_attrition_no_department,sigmoid,3,314,3,3,0.01787349267137652,0.8301923325305448,0.15193417479807877
manuscript_final_20260712T175019Z_c664ef152ff3,c664ef152ff3a9eef89c53a403b9c2e6f677340bea0307b02d97d07cc54bdfc3,no_salary_hike_no_attrition_no_department,sigmoid,3,321,3,3,0.007123528713516515,0.8754664474344772,0.11741002385200633
manuscript_final_20260712T175019Z_c664ef152ff3,c664ef152ff3a9eef89c53a403b9c2e6f677340bea0307b02d97d07cc54bdfc3,no_salary_hike_no_attrition_no_department,sigmoid,3,325,2,2,0.7606710585244323,0.18006313821886236,0.05926580325670541
manuscript_final_20260712T175019Z_c664ef152ff3,c664ef152ff3a9eef89c53a403b9c2e6f677340bea0307b02d97d07cc54bdfc3,no_salary_hike_no_attrition_no_department,sigmoid,3,341,3,3,0.008145340987418901,0.880977804995915,0.1108768540166662
manuscript_final_20260712T175019Z_c664ef152ff3,c664ef152ff3a9eef89c53a403b9c2e6f677340bea0307b02d97d07cc54bdfc3,no_salary_hike_no_attrition_no_department,sigmoid,3,352,3,3,0.01256399516249475,0.8945839106088074,0.09285209422869792
manuscript_final_20260712T175019Z_c664ef152ff3,c664ef152ff3a9eef89c53a403b9c2e6f677340bea0307b02d97d07cc54bdfc3,no_salary_hike_no_attrition_no_department,sigmoid,3,378,3,3,0.0031243498246951965,0.9155696598967614,0.08130599027854347
manuscript_final_20260712T175019Z_c664ef152ff3,c664ef152ff3a9eef89c53a403b9c2e6f677340bea0307b02d97d07cc54bdfc3,no_salary_hike_no_attrition_no_department,sigmoid,3,379,3,3,0.01750507200269639,0.8535977292332058,0.12889719876409775
manuscript_final_20260712T175019Z_c664ef152ff3,c664ef152ff3a9eef89c53a403b9c2e6f677340bea0307b02d97d07cc54bdfc3,no_salary_hike_no_attrition_no_department,sigmoid,3,433,3,3,0.02204668022100819,0.8926281968647934,0.08532512291419833
manuscript_final_20260712T175019Z_c664ef152ff3,c664ef152ff3a9eef89c53a403b9c2e6f677340bea0307b02d97d07cc54bdfc3,no_salary_hike_no_attrition_no_department,sigmoid,3,436,3,3,0.009048640780446666,0.9276056084625833,0.06334575075696992
manuscript_final_20260712T175019Z_c664ef152ff3,c664ef152ff3a9eef89c53a403b9c2e6f677340bea0307b02d97d07cc54bdfc3,no_salary_hike_no_attrition_no_department,sigmoid,3,445,3,3,0.003076485355738609,0.8768615804424382,0.12006193420182326
manuscript_final_20260712T175019Z_c664ef152ff3,c664ef152ff3a9eef89c53a403b9c2e6f677340bea0307b02d97d07cc54bdfc3,no_salary_hike_no_attrition_no_department,sigmoid,3,447,2,2,0.7906679769934387,0.1737162371100201,0.03561578589654113
manuscript_final_20260712T175019Z_c664ef152ff3,c664ef152ff3a9eef89c53a403b9c2e6f677340bea0307b02d97d07cc54bdfc3,no_salary_hike_no_attrition_no_department,sigmoid,3,450,3,3,0.0062801796974620685,0.8826528374653263,0.11106698283721157
manuscript_final_20260712T175019Z_c664ef152ff3,c664ef152ff3a9eef89c53a403b9c2e6f677340bea0307b02d97d07cc54bdfc3,no_salary_hike_no_attrition_no_department,sigmoid,3,462,2,2,0.8424803954818652,0.12594512654899556,0.03157447796913917
manuscript_final_20260712T175019Z_c664ef152ff3,c664ef152ff3a9eef89c53a403b9c2e6f677340bea0307b02d97d07cc54bdfc3,no_salary_hike_no_attrition_no_department,sigmoid,3,463,2,2,0.6295345633678341,0.3173227491798972,0.05314268745226865
manuscript_final_20260712T175019Z_c664ef152ff3,c664ef152ff3a9eef89c53a403b9c2e6f677340bea0307b02d97d07cc54bdfc3,no_salary_hike_no_attrition_no_department,sigmoid,3,489,2,2,0.7915195081102304,0.17072043864210454,0.03776005324766511
manuscript_final_20260712T175019Z_c664ef152ff3,c664ef152ff3a9eef89c53a403b9c2e6f677340bea0307b02d97d07cc54bdfc3,no_salary_hike_no_attrition_no_department,sigmoid,3,493,2,2,0.8064018999996786,0.14100261040788076,0.05259548959244073
manuscript_final_20260712T175019Z_c664ef152ff3,c664ef152ff3a9eef89c53a403b9c2e6f677340bea0307b02d97d07cc54bdfc3,no_salary_hike_no_attrition_no_department,sigmoid,3,500,3,3,0.004819368359759489,0.8144711626873643,0.1807094689528762
manuscript_final_20260712T175019Z_c664ef152ff3,c664ef152ff3a9eef89c53a403b9c2e6f677340bea0307b02d97d07cc54bdfc3,no_salary_hike_no_attrition_no_department,sigmoid,3,504,3,3,0.0017957950770440235,0.8432913519276976,0.15491285299525834
manuscript_final_20260712T175019Z_c664ef152ff3,c664ef152ff3a9eef89c53a403b9c2e6f677340bea0307b02d97d07cc54bdfc3,no_salary_hike_no_attrition_no_department,sigmoid,3,508,3,3,0.001446313654192635,0.9302414336524693,0.06831225269333817
manuscript_final_20260712T175019Z_c664ef152ff3,c664ef152ff3a9eef89c53a403b9c2e6f677340bea0307b02d97d07cc54bdfc3,no_salary_hike_no_attrition_no_department,sigmoid,3,521,3,3,0.020512059540067087,0.7764730502883094,0.20301489017162352
manuscript_final_20260712T175019Z_c664ef152ff3,c664ef152ff3a9eef89c53a403b9c2e6f677340bea0307b02d97d07cc54bdfc3,no_salary_hike_no_attrition_no_department,sigmoid,3,526,3,3,0.003461495024080219,0.9060816768442693,0.09045682813165042
manuscript_final_20260712T175019Z_c664ef152ff3,c664ef152ff3a9eef89c53a403b9c2e6f677340bea0307b02d97d07cc54bdfc3,no_salary_hike_no_attrition_no_department,sigmoid,3,538,3,3,0.009399932816163588,0.9179941890614198,0.07260587812241656
manuscript_final_20260712T175019Z_c664ef152ff3,c664ef152ff3a9eef89c53a403b9c2e6f677340bea0307b02d97d07cc54bdfc3,no_salary_hike_no_attrition_no_department,sigmoid,3,541,3,3,0.0006538611545700629,0.9086205877073653,0.09072555113806446
manuscript_final_20260712T175019Z_c664ef152ff3,c664ef152ff3a9eef89c53a403b9c2e6f677340bea0307b02d97d07cc54bdfc3,no_salary_hike_no_attrition_no_department,sigmoid,3,555,4,3,0.0017145542027352525,0.8969811500371108,0.10130429576015408
manuscript_final_20260712T175019Z_c664ef152ff3,c664ef152ff3a9eef89c53a403b9c2e6f677340bea0307b02d97d07cc54bdfc3,no_salary_hike_no_attrition_no_department,sigmoid,3,556,3,3,0.004047193428382704,0.875307827036957,0.12064497953466036
manuscript_final_20260712T175019Z_c664ef152ff3,c664ef152ff3a9eef89c53a403b9c2e6f677340bea0307b02d97d07cc54bdfc3,no_salary_hike_no_attrition_no_department,sigmoid,3,557,3,3,0.0029826882749545004,0.9092409943081321,0.08777631741691339
manuscript_final_20260712T175019Z_c664ef152ff3,c664ef152ff3a9eef89c53a403b9c2e6f677340bea0307b02d97d07cc54bdfc3,no_salary_hike_no_attrition_no_department,sigmoid,3,564,3,3,0.005846212694207437,0.9458730566000756,0.04828073070571706
manuscript_final_20260712T175019Z_c664ef152ff3,c664ef152ff3a9eef89c53a403b9c2e6f677340bea0307b02d97d07cc54bdfc3,no_salary_hike_no_attrition_no_department,sigmoid,3,566,2,2,0.6907381580083545,0.25716318770856356,0.05209865428308191
manuscript_final_20260712T175019Z_c664ef152ff3,c664ef152ff3a9eef89c53a403b9c2e6f677340bea0307b02d97d07cc54bdfc3,no_salary_hike_no_attrition_no_department,sigmoid,3,581,3,3,0.0047674905631366485,0.8113286420124725,0.18390386742439097
manuscript_final_20260712T175019Z_c664ef152ff3,c664ef152ff3a9eef89c53a403b9c2e6f677340bea0307b02d97d07cc54bdfc3,no_salary_hike_no_attrition_no_department,sigmoid,3,586,3,3,0.018215711379490573,0.8311509163968342,0.15063337222367526
manuscript_final_20260712T175019Z_c664ef152ff3,c664ef152ff3a9eef89c53a403b9c2e6f677340bea0307b02d97d07cc54bdfc3,no_salary_hike_no_attrition_no_department,sigmoid,3,595,3,3,0.013303939877279326,0.823623743563897,0.16307231655882362
manuscript_final_20260712T175019Z_c664ef152ff3,c664ef152ff3a9eef89c53a403b9c2e6f677340bea0307b02d97d07cc54bdfc3,no_salary_hike_no_attrition_no_department,sigmoid,3,610,3,3,0.0012963996281559872,0.9225292632843867,0.0761743370874573
manuscript_final_20260712T175019Z_c664ef152ff3,c664ef152ff3a9eef89c53a403b9c2e6f677340bea0307b02d97d07cc54bdfc3,no_salary_hike_no_attrition_no_department,sigmoid,3,615,2,2,0.7030681946379602,0.23804142974446763,0.05889037561757225
manuscript_final_20260712T175019Z_c664ef152ff3,c664ef152ff3a9eef89c53a403b9c2e6f677340bea0307b02d97d07cc54bdfc3,no_salary_hike_no_attrition_no_department,sigmoid,3,640,2,2,0.8653404986328287,0.09413174998591105,0.04052775138126026
manuscript_final_20260712T175019Z_c664ef152ff3,c664ef152ff3a9eef89c53a403b9c2e6f677340bea0307b02d97d07cc54bdfc3,no_salary_hike_no_attrition_no_department,sigmoid,3,643,4,3,0.01049587272091232,0.8137311502685739,0.17577297701051367
manuscript_final_20260712T175019Z_c664ef152ff3,c664ef152ff3a9eef89c53a403b9c2e6f677340bea0307b02d97d07cc54bdfc3,no_salary_hike_no_attrition_no_department,sigmoid,3,651,4,3,0.002108948519170158,0.7964497123186101,0.20144133916221976
manuscript_final_20260712T175019Z_c664ef152ff3,c664ef152ff3a9eef89c53a403b9c2e6f677340bea0307b02d97d07cc54bdfc3,no_salary_hike_no_attrition_no_department,sigmoid,3,652,3,3,0.0006460725755977836,0.9163676193105097,0.08298630811389263
manuscript_final_20260712T175019Z_c664ef152ff3,c664ef152ff3a9eef89c53a403b9c2e6f677340bea0307b02d97d07cc54bdfc3,no_salary_hike_no_attrition_no_department,sigmoid,3,656,3,3,0.17417662423376873,0.7320711001441255,0.09375227562210578
manuscript_final_20260712T175019Z_c664ef152ff3,c664ef152ff3a9eef89c53a403b9c2e6f677340bea0307b02d97d07cc54bdfc3,no_salary_hike_no_attrition_no_department,sigmoid,3,676,3,3,0.0003553227094675774,0.8983654234166192,0.10127925387391325
manuscript_final_20260712T175019Z_c664ef152ff3,c664ef152ff3a9eef89c53a403b9c2e6f677340bea0307b02d97d07cc54bdfc3,no_salary_hike_no_attrition_no_department,sigmoid,3,681,2,2,0.649474847784504,0.27340312496831676,0.07712202724717913
manuscript_final_20260712T175019Z_c664ef152ff3,c664ef152ff3a9eef89c53a403b9c2e6f677340bea0307b02d97d07cc54bdfc3,no_salary_hike_no_attrition_no_department,sigmoid,3,684,2,3,0.06084702245930138,0.8789735062492755,0.06017947129142316
manuscript_final_20260712T175019Z_c664ef152ff3,c664ef152ff3a9eef89c53a403b9c2e6f677340bea0307b02d97d07cc54bdfc3,no_salary_hike_no_attrition_no_department,sigmoid,3,689,3,3,0.006849792043931155,0.8851662572995753,0.10798395065649351
manuscript_final_20260712T175019Z_c664ef152ff3,c664ef152ff3a9eef89c53a403b9c2e6f677340bea0307b02d97d07cc54bdfc3,no_salary_hike_no_attrition_no_department,sigmoid,3,705,2,2,0.7466110758158925,0.19296132777820887,0.060427596405898606
manuscript_final_20260712T175019Z_c664ef152ff3,c664ef152ff3a9eef89c53a403b9c2e6f677340bea0307b02d97d07cc54bdfc3,no_salary_hike_no_attrition_no_department,sigmoid,3,714,3,3,0.012549927446517698,0.8839644868434382,0.10348558571004421
manuscript_final_20260712T175019Z_c664ef152ff3,c664ef152ff3a9eef89c53a403b9c2e6f677340bea0307b02d97d07cc54bdfc3,no_salary_hike_no_attrition_no_department,sigmoid,3,733,3,3,0.003442387584302618,0.9478919212806647,0.04866569113503252
manuscript_final_20260712T175019Z_c664ef152ff3,c664ef152ff3a9eef89c53a403b9c2e6f677340bea0307b02d97d07cc54bdfc3,no_salary_hike_no_attrition_no_department,sigmoid,3,753,3,3,0.007320947215355141,0.7990915251538996,0.19358752763074535
manuscript_final_20260712T175019Z_c664ef152ff3,c664ef152ff3a9eef89c53a403b9c2e6f677340bea0307b02d97d07cc54bdfc3,no_salary_hike_no_attrition_no_department,sigmoid,3,757,3,3,0.004257327269838071,0.8874316711141343,0.10831100161602764
manuscript_final_20260712T175019Z_c664ef152ff3,c664ef152ff3a9eef89c53a403b9c2e6f677340bea0307b02d97d07cc54bdfc3,no_salary_hike_no_attrition_no_department,sigmoid,3,762,3,3,0.01788495163082056,0.8933404116892755,0.08877463667990398
manuscript_final_20260712T175019Z_c664ef152ff3,c664ef152ff3a9eef89c53a403b9c2e6f677340bea0307b02d97d07cc54bdfc3,no_salary_hike_no_attrition_no_department,sigmoid,3,768,4,3,0.0005954238566065303,0.8619220574577457,0.13748251868564762
manuscript_final_20260712T175019Z_c664ef152ff3,c664ef152ff3a9eef89c53a403b9c2e6f677340bea0307b02d97d07cc54bdfc3,no_salary_hike_no_attrition_no_department,sigmoid,3,795,3,3,0.0005091175942647792,0.8593788722213167,0.14011201018441857
manuscript_final_20260712T175019Z_c664ef152ff3,c664ef152ff3a9eef89c53a403b9c2e6f677340bea0307b02d97d07cc54bdfc3,no_salary_hike_no_attrition_no_department,sigmoid,3,800,2,2,0.7791576455027939,0.17298399562242253,0.0478583588747835
manuscript_final_20260712T175019Z_c664ef152ff3,c664ef152ff3a9eef89c53a403b9c2e6f677340bea0307b02d97d07cc54bdfc3,no_salary_hike_no_attrition_no_department,sigmoid,3,804,3,3,0.003555905505078225,0.9083379753852272,0.08810611910969463
manuscript_final_20260712T175019Z_c664ef152ff3,c664ef152ff3a9eef89c53a403b9c2e6f677340bea0307b02d97d07cc54bdfc3,no_salary_hike_no_attrition_no_department,sigmoid,3,816,3,3,0.09623966376028441,0.8342036691617807,0.06955666707793495
manuscript_final_20260712T175019Z_c664ef152ff3,c664ef152ff3a9eef89c53a403b9c2e6f677340bea0307b02d97d07cc54bdfc3,no_salary_hike_no_attrition_no_department,sigmoid,3,834,3,2,0.873676642871203,0.07237187680857901,0.053951480320218105
manuscript_final_20260712T175019Z_c664ef152ff3,c664ef152ff3a9eef89c53a403b9c2e6f677340bea0307b02d97d07cc54bdfc3,no_salary_hike_no_attrition_no_department,sigmoid,3,849,3,3,0.09440998803007146,0.8319812863539464,0.07360872561598217
manuscript_final_20260712T175019Z_c664ef152ff3,c664ef152ff3a9eef89c53a403b9c2e6f677340bea0307b02d97d07cc54bdfc3,no_salary_hike_no_attrition_no_department,sigmoid,3,857,3,2,0.7609358907121262,0.18827181312894517,0.050792296158928475
manuscript_final_20260712T175019Z_c664ef152ff3,c664ef152ff3a9eef89c53a403b9c2e6f677340bea0307b02d97d07cc54bdfc3,no_salary_hike_no_attrition_no_department,sigmoid,3,864,3,3,0.10607496044369857,0.8188361014692203,0.07508893808708103
manuscript_final_20260712T175019Z_c664ef152ff3,c664ef152ff3a9eef89c53a403b9c2e6f677340bea0307b02d97d07cc54bdfc3,no_salary_hike_no_attrition_no_department,sigmoid,3,877,4,3,0.009508281902955348,0.8687159541927019,0.12177576390434286
manuscript_final_20260712T175019Z_c664ef152ff3,c664ef152ff3a9eef89c53a403b9c2e6f677340bea0307b02d97d07cc54bdfc3,no_salary_hike_no_attrition_no_department,sigmoid,3,889,2,2,0.7688654849619552,0.15638516781703907,0.0747493472210058
manuscript_final_20260712T175019Z_c664ef152ff3,c664ef152ff3a9eef89c53a403b9c2e6f677340bea0307b02d97d07cc54bdfc3,no_salary_hike_no_attrition_no_department,sigmoid,3,890,3,3,0.001060044675913752,0.8840241614360242,0.11491579388806196
manuscript_final_20260712T175019Z_c664ef152ff3,c664ef152ff3a9eef89c53a403b9c2e6f677340bea0307b02d97d07cc54bdfc3,no_salary_hike_no_attrition_no_department,sigmoid,3,897,3,3,0.0005538343273837331,0.9111061981758742,0.088339967496742
manuscript_final_20260712T175019Z_c664ef152ff3,c664ef152ff3a9eef89c53a403b9c2e6f677340bea0307b02d97d07cc54bdfc3,no_salary_hike_no_attrition_no_department,sigmoid,3,907,3,3,0.0016308700077982427,0.6999924354419043,0.2983766945502975
manuscript_final_20260712T175019Z_c664ef152ff3,c664ef152ff3a9eef89c53a403b9c2e6f677340bea0307b02d97d07cc54bdfc3,no_salary_hike_no_attrition_no_department,sigmoid,3,908,3,3,0.0009664446561358385,0.8351041804308885,0.16392937491297566
manuscript_final_20260712T175019Z_c664ef152ff3,c664ef152ff3a9eef89c53a403b9c2e6f677340bea0307b02d97d07cc54bdfc3,no_salary_hike_no_attrition_no_department,sigmoid,3,912,3,3,0.010967043923609225,0.7909834184534005,0.19804953762299035
manuscript_final_20260712T175019Z_c664ef152ff3,c664ef152ff3a9eef89c53a403b9c2e6f677340bea0307b02d97d07cc54bdfc3,no_salary_hike_no_attrition_no_department,sigmoid,3,921,3,3,0.003035030809101123,0.8670757885766317,0.1298891806142672
manuscript_final_20260712T175019Z_c664ef152ff3,c664ef152ff3a9eef89c53a403b9c2e6f677340bea0307b02d97d07cc54bdfc3,no_salary_hike_no_attrition_no_department,sigmoid,3,938,3,3,0.06995478426160207,0.7998356487147099,0.130209567023688
manuscript_final_20260712T175019Z_c664ef152ff3,c664ef152ff3a9eef89c53a403b9c2e6f677340bea0307b02d97d07cc54bdfc3,no_salary_hike_no_attrition_no_department,sigmoid,3,944,3,3,0.001852737932936693,0.8935157063483432,0.10463155571872007
manuscript_final_20260712T175019Z_c664ef152ff3,c664ef152ff3a9eef89c53a403b9c2e6f677340bea0307b02d97d07cc54bdfc3,no_salary_hike_no_attrition_no_department,sigmoid,3,952,2,2,0.691367220748918,0.24871103788303867,0.059921741368043284
manuscript_final_20260712T175019Z_c664ef152ff3,c664ef152ff3a9eef89c53a403b9c2e6f677340bea0307b02d97d07cc54bdfc3,no_salary_hike_no_attrition_no_department,sigmoid,3,955,3,3,0.005997806524558268,0.9133467299935253,0.08065546348191656
manuscript_final_20260712T175019Z_c664ef152ff3,c664ef152ff3a9eef89c53a403b9c2e6f677340bea0307b02d97d07cc54bdfc3,no_salary_hike_no_attrition_no_department,sigmoid,3,964,3,3,0.0017947089400193023,0.9204061807271577,0.07779911033282295
manuscript_final_20260712T175019Z_c664ef152ff3,c664ef152ff3a9eef89c53a403b9c2e6f677340bea0307b02d97d07cc54bdfc3,no_salary_hike_no_attrition_no_department,sigmoid,3,987,3,3,0.03971132571967366,0.8643951420329986,0.09589353224732786
manuscript_final_20260712T175019Z_c664ef152ff3,c664ef152ff3a9eef89c53a403b9c2e6f677340bea0307b02d97d07cc54bdfc3,no_salary_hike_no_attrition_no_department,sigmoid,3,1007,3,3,0.002765511030558869,0.9293266049155743,0.06790788405386688
manuscript_final_20260712T175019Z_c664ef152ff3,c664ef152ff3a9eef89c53a403b9c2e6f677340bea0307b02d97d07cc54bdfc3,no_salary_hike_no_attrition_no_department,sigmoid,3,1014,3,3,0.0013178683281046572,0.9013253434382896,0.0973567882336057
manuscript_final_20260712T175019Z_c664ef152ff3,c664ef152ff3a9eef89c53a403b9c2e6f677340bea0307b02d97d07cc54bdfc3,no_salary_hike_no_attrition_no_department,sigmoid,3,1018,3,3,0.00133019268830482,0.9181435250664142,0.08052628224528088
manuscript_final_20260712T175019Z_c664ef152ff3,c664ef152ff3a9eef89c53a403b9c2e6f677340bea0307b02d97d07cc54bdfc3,no_salary_hike_no_attrition_no_department,sigmoid,3,1034,3,3,0.05814508108065583,0.8201856611110627,0.12166925780828146
manuscript_final_20260712T175019Z_c664ef152ff3,c664ef152ff3a9eef89c53a403b9c2e6f677340bea0307b02d97d07cc54bdfc3,no_salary_hike_no_attrition_no_department,sigmoid,3,1038,4,3,0.009477984587740908,0.8744728285539651,0.11604918685829387
manuscript_final_20260712T175019Z_c664ef152ff3,c664ef152ff3a9eef89c53a403b9c2e6f677340bea0307b02d97d07cc54bdfc3,no_salary_hike_no_attrition_no_department,sigmoid,3,1039,3,3,0.0010536703570957178,0.8950182356743185,0.10392809396858574
manuscript_final_20260712T175019Z_c664ef152ff3,c664ef152ff3a9eef89c53a403b9c2e6f677340bea0307b02d97d07cc54bdfc3,no_salary_hike_no_attrition_no_department,sigmoid,3,1063,3,3,0.00759310497254598,0.8200044079877732,0.1724024870396808
manuscript_final_20260712T175019Z_c664ef152ff3,c664ef152ff3a9eef89c53a403b9c2e6f677340bea0307b02d97d07cc54bdfc3,no_salary_hike_no_attrition_no_department,sigmoid,3,1067,3,3,0.0024684186145445776,0.9075354405201239,0.08999614086533148
manuscript_final_20260712T175019Z_c664ef152ff3,c664ef152ff3a9eef89c53a403b9c2e6f677340bea0307b02d97d07cc54bdfc3,no_salary_hike_no_attrition_no_department,sigmoid,3,1075,3,3,0.002248086077760077,0.9024281988727186,0.0953237150495214
manuscript_final_20260712T175019Z_c664ef152ff3,c664ef152ff3a9eef89c53a403b9c2e6f677340bea0307b02d97d07cc54bdfc3,no_salary_hike_no_attrition_no_department,sigmoid,3,1082,4,3,0.0012872957587930405,0.9069179621693954,0.09179474207181154
manuscript_final_20260712T175019Z_c664ef152ff3,c664ef152ff3a9eef89c53a403b9c2e6f677340bea0307b02d97d07cc54bdfc3,no_salary_hike_no_attrition_no_department,sigmoid,3,1084,3,3,0.008723569532513742,0.7862239372107921,0.20505249325669406
manuscript_final_20260712T175019Z_c664ef152ff3,c664ef152ff3a9eef89c53a403b9c2e6f677340bea0307b02d97d07cc54bdfc3,no_salary_hike_no_attrition_no_department,sigmoid,3,1106,3,2,0.8410039395620637,0.11265807341445404,0.0463379870234823
manuscript_final_20260712T175019Z_c664ef152ff3,c664ef152ff3a9eef89c53a403b9c2e6f677340bea0307b02d97d07cc54bdfc3,no_salary_hike_no_attrition_no_department,sigmoid,3,1119,3,3,0.0401010906711955,0.878413592707026,0.08148531662177849
manuscript_final_20260712T175019Z_c664ef152ff3,c664ef152ff3a9eef89c53a403b9c2e6f677340bea0307b02d97d07cc54bdfc3,no_salary_hike_no_attrition_no_department,sigmoid,3,1136,3,3,0.004639186685722525,0.8444919336800951,0.1508688796341824
manuscript_final_20260712T175019Z_c664ef152ff3,c664ef152ff3a9eef89c53a403b9c2e6f677340bea0307b02d97d07cc54bdfc3,no_salary_hike_no_attrition_no_department,sigmoid,3,1137,2,2,0.8716437803441001,0.09137522585617237,0.03698099379972746
manuscript_final_20260712T175019Z_c664ef152ff3,c664ef152ff3a9eef89c53a403b9c2e6f677340bea0307b02d97d07cc54bdfc3,no_salary_hike_no_attrition_no_department,sigmoid,3,1142,3,3,0.0039625925423843345,0.8556611850309624,0.14037622242665326
manuscript_final_20260712T175019Z_c664ef152ff3,c664ef152ff3a9eef89c53a403b9c2e6f677340bea0307b02d97d07cc54bdfc3,no_salary_hike_no_attrition_no_department,sigmoid,3,1156,3,3,0.00337181252597992,0.8709327944545115,0.12569539301950855
manuscript_final_20260712T175019Z_c664ef152ff3,c664ef152ff3a9eef89c53a403b9c2e6f677340bea0307b02d97d07cc54bdfc3,no_salary_hike_no_attrition_no_department,sigmoid,3,1159,4,3,0.000773636391027745,0.894352760699732,0.10487360290924022
manuscript_final_20260712T175019Z_c664ef152ff3,c664ef152ff3a9eef89c53a403b9c2e6f677340bea0307b02d97d07cc54bdfc3,no_salary_hike_no_attrition_no_department,sigmoid,3,1166,3,3,0.0022762786280473525,0.9330783395640664,0.06464538180788634
manuscript_final_20260712T175019Z_c664ef152ff3,c664ef152ff3a9eef89c53a403b9c2e6f677340bea0307b02d97d07cc54bdfc3,no_salary_hike_no_attrition_no_department,sigmoid,3,1183,3,3,0.00230973100925531,0.8373684972377314,0.16032177175301326
manuscript_final_20260712T175019Z_c664ef152ff3,c664ef152ff3a9eef89c53a403b9c2e6f677340bea0307b02d97d07cc54bdfc3,no_salary_hike_no_attrition_no_department,isotonic,3,12,4,3,9.792960566623803e-09,0.9109730759650049,0.08902691424203457
manuscript_final_20260712T175019Z_c664ef152ff3,c664ef152ff3a9eef89c53a403b9c2e6f677340bea0307b02d97d07cc54bdfc3,no_salary_hike_no_attrition_no_department,isotonic,3,16,3,3,0.13492793621588473,0.7792088316467343,0.08586323213738119
manuscript_final_20260712T175019Z_c664ef152ff3,c664ef152ff3a9eef89c53a403b9c2e6f677340bea0307b02d97d07cc54bdfc3,no_salary_hike_no_attrition_no_department,isotonic,3,20,3,3,1.0461634325987767e-08,0.973175286138397,0.026824703399968633
manuscript_final_20260712T175019Z_c664ef152ff3,c664ef152ff3a9eef89c53a403b9c2e6f677340bea0307b02d97d07cc54bdfc3,no_salary_hike_no_attrition_no_department,isotonic,3,25,4,4,1.0909090790082647e-08,0.2727272697520661,0.727272719338843
manuscript_final_20260712T175019Z_c664ef152ff3,c664ef152ff3a9eef89c53a403b9c2e6f677340bea0307b02d97d07cc54bdfc3,no_salary_hike_no_attrition_no_department,isotonic,3,42,3,3,1.0107303463089906e-08,0.8338525357049172,0.16614745418777926
manuscript_final_20260712T175019Z_c664ef152ff3,c664ef152ff3a9eef89c53a403b9c2e6f677340bea0307b02d97d07cc54bdfc3,no_salary_hike_no_attrition_no_department,isotonic,3,46,3,3,1.0107303463089906e-08,0.8338525357049172,0.16614745418777926
manuscript_final_20260712T175019Z_c664ef152ff3,c664ef152ff3a9eef89c53a403b9c2e6f677340bea0307b02d97d07cc54bdfc3,no_salary_hike_no_attrition_no_department,isotonic,3,68,4,3,1.0107303463089906e-08,0.8338525357049172,0.16614745418777926
manuscript_final_20260712T175019Z_c664ef152ff3,c664ef152ff3a9eef89c53a403b9c2e6f677340bea0307b02d97d07cc54bdfc3,no_salary_hike_no_attrition_no_department,isotonic,3,77,3,3,1.0503978669507278e-08,0.9045092743186823,0.0954907151773389
manuscript_final_20260712T175019Z_c664ef152ff3,c664ef152ff3a9eef89c53a403b9c2e6f677340bea0307b02d97d07cc54bdfc3,no_salary_hike_no_attrition_no_department,isotonic,3,80,3,3,9.792960566623803e-09,0.9109730759650049,0.08902691424203457
manuscript_final_20260712T175019Z_c664ef152ff3,c664ef152ff3a9eef89c53a403b9c2e6f677340bea0307b02d97d07cc54bdfc3,no_salary_hike_no_attrition_no_department,isotonic,3,84,3,3,1.0503978669507278e-08,0.9045092743186823,0.0954907151773389
manuscript_final_20260712T175019Z_c664ef152ff3,c664ef152ff3a9eef89c53a403b9c2e6f677340bea0307b02d97d07cc54bdfc3,no_salary_hike_no_attrition_no_department,isotonic,3,88,3,3,1.0107303463089906e-08,0.8338525357049172,0.16614745418777926
manuscript_final_20260712T175019Z_c664ef152ff3,c664ef152ff3a9eef89c53a403b9c2e6f677340bea0307b02d97d07cc54bdfc3,no_salary_hike_no_attrition_no_department,isotonic,3,104,3,3,1.091811402471538e-08,0.9007444070390188,0.0992555820428671
manuscript_final_20260712T175019Z_c664ef152ff3,c664ef152ff3a9eef89c53a403b9c2e6f677340bea0307b02d97d07cc54bdfc3,no_salary_hike_no_attrition_no_department,isotonic,3,105,3,3,9.792960566623803e-09,0.9109730759650049,0.08902691424203457
manuscript_final_20260712T175019Z_c664ef152ff3,c664ef152ff3a9eef89c53a403b9c2e6f677340bea0307b02d97d07cc54bdfc3,no_salary_hike_no_attrition_no_department,isotonic,3,117,3,3,9.792960566623803e-09,0.9109730759650049,0.08902691424203457
manuscript_final_20260712T175019Z_c664ef152ff3,c664ef152ff3a9eef89c53a403b9c2e6f677340bea0307b02d97d07cc54bdfc3,no_salary_hike_no_attrition_no_department,isotonic,3,136,3,3,9.792960566623803e-09,0.9109730759650049,0.08902691424203457
manuscript_final_20260712T175019Z_c664ef152ff3,c664ef152ff3a9eef89c53a403b9c2e6f677340bea0307b02d97d07cc54bdfc3,no_salary_hike_no_attrition_no_department,isotonic,3,138,3,3,1.0107303463089906e-08,0.8338525357049172,0.16614745418777926
manuscript_final_20260712T175019Z_c664ef152ff3,c664ef152ff3a9eef89c53a403b9c2e6f677340bea0307b02d97d07cc54bdfc3,no_salary_hike_no_attrition_no_department,isotonic,3,151,3,3,1.0376011670854323e-08,0.8294354142126843,0.17056457541130393
manuscript_final_20260712T175019Z_c664ef152ff3,c664ef152ff3a9eef89c53a403b9c2e6f677340bea0307b02d97d07cc54bdfc3,no_salary_hike_no_attrition_no_department,isotonic,3,163,3,3,1.0107303463089906e-08,0.8338525357049172,0.16614745418777926
manuscript_final_20260712T175019Z_c664ef152ff3,c664ef152ff3a9eef89c53a403b9c2e6f677340bea0307b02d97d07cc54bdfc3,no_salary_hike_no_attrition_no_department,isotonic,3,177,2,2,0.7090909090909092,0.27012987012987016,0.020779220779220783
manuscript_final_20260712T175019Z_c664ef152ff3,c664ef152ff3a9eef89c53a403b9c2e6f677340bea0307b02d97d07cc54bdfc3,no_salary_hike_no_attrition_no_department,isotonic,3,188,3,3,1.0352941069287197e-08,0.9058823435626298,0.09411764608442907
manuscript_final_20260712T175019Z_c664ef152ff3,c664ef152ff3a9eef89c53a403b9c2e6f677340bea0307b02d97d07cc54bdfc3,no_salary_hike_no_attrition_no_department,isotonic,3,206,3,3,1.0461634325987767e-08,0.973175286138397,0.026824703399968633
manuscript_final_20260712T175019Z_c664ef152ff3,c664ef152ff3a9eef89c53a403b9c2e6f677340bea0307b02d97d07cc54bdfc3,no_salary_hike_no_attrition_no_department,isotonic,3,215,4,3,9.792960566623803e-09,0.9109730759650049,0.08902691424203457
manuscript_final_20260712T175019Z_c664ef152ff3,c664ef152ff3a9eef89c53a403b9c2e6f677340bea0307b02d97d07cc54bdfc3,no_salary_hike_no_attrition_no_department,isotonic,3,251,2,2,0.9749999904937502,9.749999904937502e-09,0.024999999756250006
manuscript_final_20260712T175019Z_c664ef152ff3,c664ef152ff3a9eef89c53a403b9c2e6f677340bea0307b02d97d07cc54bdfc3,no_salary_hike_no_attrition_no_department,isotonic,3,252,3,3,1.0107303463089906e-08,0.8338525357049172,0.16614745418777926
manuscript_final_20260712T175019Z_c664ef152ff3,c664ef152ff3a9eef89c53a403b9c2e6f677340bea0307b02d97d07cc54bdfc3,no_salary_hike_no_attrition_no_department,isotonic,3,254,4,3,9.792960566623803e-09,0.9109730759650049,0.08902691424203457
manuscript_final_20260712T175019Z_c664ef152ff3,c664ef152ff3a9eef89c53a403b9c2e6f677340bea0307b02d97d07cc54bdfc3,no_salary_hike_no_attrition_no_department,isotonic,3,257,3,3,1.0107303463089906e-08,0.8338525357049172,0.16614745418777926
manuscript_final_20260712T175019Z_c664ef152ff3,c664ef152ff3a9eef89c53a403b9c2e6f677340bea0307b02d97d07cc54bdfc3,no_salary_hike_no_attrition_no_department,isotonic,3,278,3,3,9.792960566623803e-09,0.9109730759650049,0.08902691424203457
manuscript_final_20260712T175019Z_c664ef152ff3,c664ef152ff3a9eef89c53a403b9c2e6f677340bea0307b02d97d07cc54bdfc3,no_salary_hike_no_attrition_no_department,isotonic,3,292,3,3,0.1261720606662922,0.7286436503478374,0.14518428898587046
manuscript_final_20260712T175019Z_c664ef152ff3,c664ef152ff3a9eef89c53a403b9c2e6f677340bea0307b02d97d07cc54bdfc3,no_salary_hike_no_attrition_no_department,isotonic,3,309,2,2,0.9999999800000006,9.999999800000005e-09,9.999999800000005e-09
manuscript_final_20260712T175019Z_c664ef152ff3,c664ef152ff3a9eef89c53a403b9c2e6f677340bea0307b02d97d07cc54bdfc3,no_salary_hike_no_attrition_no_department,isotonic,3,314,3,3,1.0107303463089906e-08,0.8338525357049172,0.16614745418777926
manuscript_final_20260712T175019Z_c664ef152ff3,c664ef152ff3a9eef89c53a403b9c2e6f677340bea0307b02d97d07cc54bdfc3,no_salary_hike_no_attrition_no_department,isotonic,3,321,3,3,1.0503978669507278e-08,0.9045092743186823,0.0954907151773389
manuscript_final_20260712T175019Z_c664ef152ff3,c664ef152ff3a9eef89c53a403b9c2e6f677340bea0307b02d97d07cc54bdfc3,no_salary_hike_no_attrition_no_department,isotonic,3,325,2,2,0.7725752508361204,0.1471571906354515,0.0802675585284281
manuscript_final_20260712T175019Z_c664ef152ff3,c664ef152ff3a9eef89c53a403b9c2e6f677340bea0307b02d97d07cc54bdfc3,no_salary_hike_no_attrition_no_department,isotonic,3,341,3,3,1.0503978669507278e-08,0.9045092743186823,0.0954907151773389
manuscript_final_20260712T175019Z_c664ef152ff3,c664ef152ff3a9eef89c53a403b9c2e6f677340bea0307b02d97d07cc54bdfc3,no_salary_hike_no_attrition_no_department,isotonic,3,352,3,3,1.0352941069287197e-08,0.9058823435626298,0.09411764608442907
manuscript_final_20260712T175019Z_c664ef152ff3,c664ef152ff3a9eef89c53a403b9c2e6f677340bea0307b02d97d07cc54bdfc3,no_salary_hike_no_attrition_no_department,isotonic,3,378,3,3,9.792960566623803e-09,0.9109730759650049,0.08902691424203457
manuscript_final_20260712T175019Z_c664ef152ff3,c664ef152ff3a9eef89c53a403b9c2e6f677340bea0307b02d97d07cc54bdfc3,no_salary_hike_no_attrition_no_department,isotonic,3,379,3,3,1.0107303463089906e-08,0.8338525357049172,0.16614745418777926
manuscript_final_20260712T175019Z_c664ef152ff3,c664ef152ff3a9eef89c53a403b9c2e6f677340bea0307b02d97d07cc54bdfc3,no_salary_hike_no_attrition_no_department,isotonic,3,433,3,3,1.0352941069287197e-08,0.9058823435626298,0.09411764608442907
manuscript_final_20260712T175019Z_c664ef152ff3,c664ef152ff3a9eef89c53a403b9c2e6f677340bea0307b02d97d07cc54bdfc3,no_salary_hike_no_attrition_no_department,isotonic,3,436,3,3,1.0461634325987767e-08,0.973175286138397,0.026824703399968633
manuscript_final_20260712T175019Z_c664ef152ff3,c664ef152ff3a9eef89c53a403b9c2e6f677340bea0307b02d97d07cc54bdfc3,no_salary_hike_no_attrition_no_department,isotonic,3,445,3,3,1.0503978669507278e-08,0.9045092743186823,0.0954907151773389
manuscript_final_20260712T175019Z_c664ef152ff3,c664ef152ff3a9eef89c53a403b9c2e6f677340bea0307b02d97d07cc54bdfc3,no_salary_hike_no_attrition_no_department,isotonic,3,447,2,2,0.8399999919360001,0.159999998464,9.599999907840001e-09
manuscript_final_20260712T175019Z_c664ef152ff3,c664ef152ff3a9eef89c53a403b9c2e6f677340bea0307b02d97d07cc54bdfc3,no_salary_hike_no_attrition_no_department,isotonic,3,450,3,3,1.0503978669507278e-08,0.9045092743186823,0.0954907151773389
manuscript_final_20260712T175019Z_c664ef152ff3,c664ef152ff3a9eef89c53a403b9c2e6f677340bea0307b02d97d07cc54bdfc3,no_salary_hike_no_attrition_no_department,isotonic,3,462,2,2,0.9234972585750547,0.07650273147959033,9.945355092346743e-09
manuscript_final_20260712T175019Z_c664ef152ff3,c664ef152ff3a9eef89c53a403b9c2e6f677340bea0307b02d97d07cc54bdfc3,no_salary_hike_no_attrition_no_department,isotonic,3,463,2,2,0.7604456824512535,0.21727019498607245,0.022284122562674095
manuscript_final_20260712T175019Z_c664ef152ff3,c664ef152ff3a9eef89c53a403b9c2e6f677340bea0307b02d97d07cc54bdfc3,no_salary_hike_no_attrition_no_department,isotonic,3,489,2,2,0.8236904685186731,0.15256790773083195,0.023741623750494954
manuscript_final_20260712T175019Z_c664ef152ff3,c664ef152ff3a9eef89c53a403b9c2e6f677340bea0307b02d97d07cc54bdfc3,no_salary_hike_no_attrition_no_department,isotonic,3,493,2,2,0.9005328596802843,0.07460035523978686,0.024866785079928955
manuscript_final_20260712T175019Z_c664ef152ff3,c664ef152ff3a9eef89c53a403b9c2e6f677340bea0307b02d97d07cc54bdfc3,no_salary_hike_no_attrition_no_department,isotonic,3,500,3,3,1.0107303463089906e-08,0.8338525357049172,0.16614745418777926
manuscript_final_20260712T175019Z_c664ef152ff3,c664ef152ff3a9eef89c53a403b9c2e6f677340bea0307b02d97d07cc54bdfc3,no_salary_hike_no_attrition_no_department,isotonic,3,504,3,3,1.0107303463089906e-08,0.8338525357049172,0.16614745418777926
manuscript_final_20260712T175019Z_c664ef152ff3,c664ef152ff3a9eef89c53a403b9c2e6f677340bea0307b02d97d07cc54bdfc3,no_salary_hike_no_attrition_no_department,isotonic,3,508,3,3,1.0461634325987767e-08,0.973175286138397,0.026824703399968633
manuscript_final_20260712T175019Z_c664ef152ff3,c664ef152ff3a9eef89c53a403b9c2e6f677340bea0307b02d97d07cc54bdfc3,no_salary_hike_no_attrition_no_department,isotonic,3,521,3,3,1.0107303463089906e-08,0.8338525357049172,0.16614745418777926
manuscript_final_20260712T175019Z_c664ef152ff3,c664ef152ff3a9eef89c53a403b9c2e6f677340bea0307b02d97d07cc54bdfc3,no_salary_hike_no_attrition_no_department,isotonic,3,526,3,3,9.792960566623803e-09,0.9109730759650049,0.08902691424203457
manuscript_final_20260712T175019Z_c664ef152ff3,c664ef152ff3a9eef89c53a403b9c2e6f677340bea0307b02d97d07cc54bdfc3,no_salary_hike_no_attrition_no_department,isotonic,3,538,3,3,9.792960566623803e-09,0.9109730759650049,0.08902691424203457
manuscript_final_20260712T175019Z_c664ef152ff3,c664ef152ff3a9eef89c53a403b9c2e6f677340bea0307b02d97d07cc54bdfc3,no_salary_hike_no_attrition_no_department,isotonic,3,541,3,3,9.792960566623803e-09,0.9109730759650049,0.08902691424203457
manuscript_final_20260712T175019Z_c664ef152ff3,c664ef152ff3a9eef89c53a403b9c2e6f677340bea0307b02d97d07cc54bdfc3,no_salary_hike_no_attrition_no_department,isotonic,3,555,4,3,1.0352941069287197e-08,0.9058823435626298,0.09411764608442907
manuscript_final_20260712T175019Z_c664ef152ff3,c664ef152ff3a9eef89c53a403b9c2e6f677340bea0307b02d97d07cc54bdfc3,no_salary_hike_no_attrition_no_department,isotonic,3,556,3,3,1.0503978669507278e-08,0.9045092743186823,0.0954907151773389
manuscript_final_20260712T175019Z_c664ef152ff3,c664ef152ff3a9eef89c53a403b9c2e6f677340bea0307b02d97d07cc54bdfc3,no_salary_hike_no_attrition_no_department,isotonic,3,557,3,3,9.792960566623803e-09,0.9109730759650049,0.08902691424203457
manuscript_final_20260712T175019Z_c664ef152ff3,c664ef152ff3a9eef89c53a403b9c2e6f677340bea0307b02d97d07cc54bdfc3,no_salary_hike_no_attrition_no_department,isotonic,3,564,3,3,1.0461634325987767e-08,0.973175286138397,0.026824703399968633
manuscript_final_20260712T175019Z_c664ef152ff3,c664ef152ff3a9eef89c53a403b9c2e6f677340bea0307b02d97d07cc54bdfc3,no_salary_hike_no_attrition_no_department,isotonic,3,566,2,2,0.801394834579047,0.17512106770435093,0.02348409771660211
manuscript_final_20260712T175019Z_c664ef152ff3,c664ef152ff3a9eef89c53a403b9c2e6f677340bea0307b02d97d07cc54bdfc3,no_salary_hike_no_attrition_no_department,isotonic,3,581,3,3,1.0107303463089906e-08,0.8338525357049172,0.16614745418777926
manuscript_final_20260712T175019Z_c664ef152ff3,c664ef152ff3a9eef89c53a403b9c2e6f677340bea0307b02d97d07cc54bdfc3,no_salary_hike_no_attrition_no_department,isotonic,3,586,3,3,1.0107303463089906e-08,0.8338525357049172,0.16614745418777926
manuscript_final_20260712T175019Z_c664ef152ff3,c664ef152ff3a9eef89c53a403b9c2e6f677340bea0307b02d97d07cc54bdfc3,no_salary_hike_no_attrition_no_department,isotonic,3,595,3,3,1.0107303463089906e-08,0.8338525357049172,0.16614745418777926
manuscript_final_20260712T175019Z_c664ef152ff3,c664ef152ff3a9eef89c53a403b9c2e6f677340bea0307b02d97d07cc54bdfc3,no_salary_hike_no_attrition_no_department,isotonic,3,610,3,3,9.792960566623803e-09,0.9109730759650049,0.08902691424203457
manuscript_final_20260712T175019Z_c664ef152ff3,c664ef152ff3a9eef89c53a403b9c2e6f677340bea0307b02d97d07cc54bdfc3,no_salary_hike_no_attrition_no_department,isotonic,3,615,2,2,0.7725752508361204,0.1471571906354515,0.0802675585284281
manuscript_final_20260712T175019Z_c664ef152ff3,c664ef152ff3a9eef89c53a403b9c2e6f677340bea0307b02d97d07cc54bdfc3,no_salary_hike_no_attrition_no_department,isotonic,3,640,2,2,0.9749999904937502,9.749999904937502e-09,0.024999999756250006
manuscript_final_20260712T175019Z_c664ef152ff3,c664ef152ff3a9eef89c53a403b9c2e6f677340bea0307b02d97d07cc54bdfc3,no_salary_hike_no_attrition_no_department,isotonic,3,643,4,3,1.0107303463089906e-08,0.8338525357049172,0.16614745418777926
manuscript_final_20260712T175019Z_c664ef152ff3,c664ef152ff3a9eef89c53a403b9c2e6f677340bea0307b02d97d07cc54bdfc3,no_salary_hike_no_attrition_no_department,isotonic,3,651,4,3,1.0107303463089906e-08,0.8338525357049172,0.16614745418777926
manuscript_final_20260712T175019Z_c664ef152ff3,c664ef152ff3a9eef89c53a403b9c2e6f677340bea0307b02d97d07cc54bdfc3,no_salary_hike_no_attrition_no_department,isotonic,3,652,3,3,9.792960566623803e-09,0.9109730759650049,0.08902691424203457
manuscript_final_20260712T175019Z_c664ef152ff3,c664ef152ff3a9eef89c53a403b9c2e6f677340bea0307b02d97d07cc54bdfc3,no_salary_hike_no_attrition_no_department,isotonic,3,656,3,3,0.13492793621588473,0.7792088316467343,0.08586323213738119
manuscript_final_20260712T175019Z_c664ef152ff3,c664ef152ff3a9eef89c53a403b9c2e6f677340bea0307b02d97d07cc54bdfc3,no_salary_hike_no_attrition_no_department,isotonic,3,676,3,3,1.0352941069287197e-08,0.9058823435626298,0.09411764608442907
manuscript_final_20260712T175019Z_c664ef152ff3,c664ef152ff3a9eef89c53a403b9c2e6f677340bea0307b02d97d07cc54bdfc3,no_salary_hike_no_attrition_no_department,isotonic,3,681,2,2,0.7305956747723441,0.19349828109546433,0.0759060441321916
manuscript_final_20260712T175019Z_c664ef152ff3,c664ef152ff3a9eef89c53a403b9c2e6f677340bea0307b02d97d07cc54bdfc3,no_salary_hike_no_attrition_no_department,isotonic,3,684,2,3,1.1103202723693977e-08,0.9715302383232229,0.028469750573574298
manuscript_final_20260712T175019Z_c664ef152ff3,c664ef152ff3a9eef89c53a403b9c2e6f677340bea0307b02d97d07cc54bdfc3,no_salary_hike_no_attrition_no_department,isotonic,3,689,3,3,1.0503978669507278e-08,0.9045092743186823,0.0954907151773389
manuscript_final_20260712T175019Z_c664ef152ff3,c664ef152ff3a9eef89c53a403b9c2e6f677340bea0307b02d97d07cc54bdfc3,no_salary_hike_no_attrition_no_department,isotonic,3,705,2,2,0.7725752508361204,0.1471571906354515,0.0802675585284281
manuscript_final_20260712T175019Z_c664ef152ff3,c664ef152ff3a9eef89c53a403b9c2e6f677340bea0307b02d97d07cc54bdfc3,no_salary_hike_no_attrition_no_department,isotonic,3,714,3,3,1.0503978669507278e-08,0.9045092743186823,0.0954907151773389
manuscript_final_20260712T175019Z_c664ef152ff3,c664ef152ff3a9eef89c53a403b9c2e6f677340bea0307b02d97d07cc54bdfc3,no_salary_hike_no_attrition_no_department,isotonic,3,733,3,3,1.0461634325987767e-08,0.973175286138397,0.026824703399968633
manuscript_final_20260712T175019Z_c664ef152ff3,c664ef152ff3a9eef89c53a403b9c2e6f677340bea0307b02d97d07cc54bdfc3,no_salary_hike_no_attrition_no_department,isotonic,3,753,3,3,1.0107303463089906e-08,0.8338525357049172,0.16614745418777926
manuscript_final_20260712T175019Z_c664ef152ff3,c664ef152ff3a9eef89c53a403b9c2e6f677340bea0307b02d97d07cc54bdfc3,no_salary_hike_no_attrition_no_department,isotonic,3,757,3,3,1.0503978669507278e-08,0.9045092743186823,0.0954907151773389
manuscript_final_20260712T175019Z_c664ef152ff3,c664ef152ff3a9eef89c53a403b9c2e6f677340bea0307b02d97d07cc54bdfc3,no_salary_hike_no_attrition_no_department,isotonic,3,762,3,3,1.0352941069287197e-08,0.9058823435626298,0.09411764608442907
manuscript_final_20260712T175019Z_c664ef152ff3,c664ef152ff3a9eef89c53a403b9c2e6f677340bea0307b02d97d07cc54bdfc3,no_salary_hike_no_attrition_no_department,isotonic,3,768,4,3,1.0107303463089906e-08,0.8338525357049172,0.16614745418777926
manuscript_final_20260712T175019Z_c664ef152ff3,c664ef152ff3a9eef89c53a403b9c2e6f677340bea0307b02d97d07cc54bdfc3,no_salary_hike_no_attrition_no_department,isotonic,3,795,3,3,1.0107303463089906e-08,0.8338525357049172,0.16614745418777926
manuscript_final_20260712T175019Z_c664ef152ff3,c664ef152ff3a9eef89c53a403b9c2e6f677340bea0307b02d97d07cc54bdfc3,no_salary_hike_no_attrition_no_department,isotonic,3,800,2,2,0.8198198198198199,0.15615615615615616,0.024024024024024024
manuscript_final_20260712T175019Z_c664ef152ff3,c664ef152ff3a9eef89c53a403b9c2e6f677340bea0307b02d97d07cc54bdfc3,no_salary_hike_no_attrition_no_department,isotonic,3,804,3,3,9.792960566623803e-09,0.9109730759650049,0.08902691424203457
manuscript_final_20260712T175019Z_c664ef152ff3,c664ef152ff3a9eef89c53a403b9c2e6f677340bea0307b02d97d07cc54bdfc3,no_salary_hike_no_attrition_no_department,isotonic,3,816,3,3,0.13047775947281715,0.7864909390444812,0.08303130148270182
manuscript_final_20260712T175019Z_c664ef152ff3,c664ef152ff3a9eef89c53a403b9c2e6f677340bea0307b02d97d07cc54bdfc3,no_salary_hike_no_attrition_no_department,isotonic,3,834,3,2,0.9749999904937502,9.749999904937502e-09,0.024999999756250006
manuscript_final_20260712T175019Z_c664ef152ff3,c664ef152ff3a9eef89c53a403b9c2e6f677340bea0307b02d97d07cc54bdfc3,no_salary_hike_no_attrition_no_department,isotonic,3,849,3,3,0.13492793621588473,0.7792088316467343,0.08586323213738119
manuscript_final_20260712T175019Z_c664ef152ff3,c664ef152ff3a9eef89c53a403b9c2e6f677340bea0307b02d97d07cc54bdfc3,no_salary_hike_no_attrition_no_department,isotonic,3,857,3,2,0.8198198198198199,0.15615615615615616,0.024024024024024024
manuscript_final_20260712T175019Z_c664ef152ff3,c664ef152ff3a9eef89c53a403b9c2e6f677340bea0307b02d97d07cc54bdfc3,no_salary_hike_no_attrition_no_department,isotonic,3,864,3,3,0.13492793621588473,0.7792088316467343,0.08586323213738119
manuscript_final_20260712T175019Z_c664ef152ff3,c664ef152ff3a9eef89c53a403b9c2e6f677340bea0307b02d97d07cc54bdfc3,no_salary_hike_no_attrition_no_department,isotonic,3,877,4,3,1.0528590125190933e-08,0.9042855337878558,0.09571445568355393
manuscript_final_20260712T175019Z_c664ef152ff3,c664ef152ff3a9eef89c53a403b9c2e6f677340bea0307b02d97d07cc54bdfc3,no_salary_hike_no_attrition_no_department,isotonic,3,889,2,2,0.8390611902766136,0.07376362112321878,0.08717518860016765
manuscript_final_20260712T175019Z_c664ef152ff3,c664ef152ff3a9eef89c53a403b9c2e6f677340bea0307b02d97d07cc54bdfc3,no_salary_hike_no_attrition_no_department,isotonic,3,890,3,3,1.0503978669507278e-08,0.9045092743186823,0.0954907151773389
manuscript_final_20260712T175019Z_c664ef152ff3,c664ef152ff3a9eef89c53a403b9c2e6f677340bea0307b02d97d07cc54bdfc3,no_salary_hike_no_attrition_no_department,isotonic,3,897,3,3,9.792960566623803e-09,0.9109730759650049,0.08902691424203457
manuscript_final_20260712T175019Z_c664ef152ff3,c664ef152ff3a9eef89c53a403b9c2e6f677340bea0307b02d97d07cc54bdfc3,no_salary_hike_no_attrition_no_department,isotonic,3,907,3,3,2.0091742715587922e-08,0.669724757186264,0.3302752227219932
manuscript_final_20260712T175019Z_c664ef152ff3,c664ef152ff3a9eef89c53a403b9c2e6f677340bea0307b02d97d07cc54bdfc3,no_salary_hike_no_attrition_no_department,isotonic,3,908,3,3,1.0107303463089906e-08,0.8338525357049172,0.16614745418777926
manuscript_final_20260712T175019Z_c664ef152ff3,c664ef152ff3a9eef89c53a403b9c2e6f677340bea0307b02d97d07cc54bdfc3,no_salary_hike_no_attrition_no_department,isotonic,3,912,3,3,1.0107303463089906e-08,0.8338525357049172,0.16614745418777926
manuscript_final_20260712T175019Z_c664ef152ff3,c664ef152ff3a9eef89c53a403b9c2e6f677340bea0307b02d97d07cc54bdfc3,no_salary_hike_no_attrition_no_department,isotonic,3,921,3,3,1.0107303463089906e-08,0.8338525357049172,0.16614745418777926
manuscript_final_20260712T175019Z_c664ef152ff3,c664ef152ff3a9eef89c53a403b9c2e6f677340bea0307b02d97d07cc54bdfc3,no_salary_hike_no_attrition_no_department,isotonic,3,938,3,3,1.0107303463089906e-08,0.8338525357049172,0.16614745418777926
manuscript_final_20260712T175019Z_c664ef152ff3,c664ef152ff3a9eef89c53a403b9c2e6f677340bea0307b02d97d07cc54bdfc3,no_salary_hike_no_attrition_no_department,isotonic,3,944,3,3,1.0352941069287197e-08,0.9058823435626298,0.09411764608442907
manuscript_final_20260712T175019Z_c664ef152ff3,c664ef152ff3a9eef89c53a403b9c2e6f677340bea0307b02d97d07cc54bdfc3,no_salary_hike_no_attrition_no_department,isotonic,3,952,2,2,0.766082513038542,0.15432449859381736,0.07959298836764073
manuscript_final_20260712T175019Z_c664ef152ff3,c664ef152ff3a9eef89c53a403b9c2e6f677340bea0307b02d97d07cc54bdfc3,no_salary_hike_no_attrition_no_department,isotonic,3,955,3,3,9.792960566623803e-09,0.9109730759650049,0.08902691424203457
manuscript_final_20260712T175019Z_c664ef152ff3,c664ef152ff3a9eef89c53a403b9c2e6f677340bea0307b02d97d07cc54bdfc3,no_salary_hike_no_attrition_no_department,isotonic,3,964,3,3,9.792960566623803e-09,0.9109730759650049,0.08902691424203457
manuscript_final_20260712T175019Z_c664ef152ff3,c664ef152ff3a9eef89c53a403b9c2e6f677340bea0307b02d97d07cc54bdfc3,no_salary_hike_no_attrition_no_department,isotonic,3,987,3,3,1.0503978669507278e-08,0.9045092743186823,0.0954907151773389
manuscript_final_20260712T175019Z_c664ef152ff3,c664ef152ff3a9eef89c53a403b9c2e6f677340bea0307b02d97d07cc54bdfc3,no_salary_hike_no_attrition_no_department,isotonic,3,1007,3,3,1.0461634325987767e-08,0.973175286138397,0.026824703399968633
manuscript_final_20260712T175019Z_c664ef152ff3,c664ef152ff3a9eef89c53a403b9c2e6f677340bea0307b02d97d07cc54bdfc3,no_salary_hike_no_attrition_no_department,isotonic,3,1014,3,3,9.854368907627108e-09,0.9104148182581119,0.08958517188751916
manuscript_final_20260712T175019Z_c664ef152ff3,c664ef152ff3a9eef89c53a403b9c2e6f677340bea0307b02d97d07cc54bdfc3,no_salary_hike_no_attrition_no_department,isotonic,3,1018,3,3,9.792960566623803e-09,0.9109730759650049,0.08902691424203457
manuscript_final_20260712T175019Z_c664ef152ff3,c664ef152ff3a9eef89c53a403b9c2e6f677340bea0307b02d97d07cc54bdfc3,no_salary_hike_no_attrition_no_department,isotonic,3,1034,3,3,1.091811402471538e-08,0.9007444070390188,0.0992555820428671
manuscript_final_20260712T175019Z_c664ef152ff3,c664ef152ff3a9eef89c53a403b9c2e6f677340bea0307b02d97d07cc54bdfc3,no_salary_hike_no_attrition_no_department,isotonic,3,1038,4,3,1.0503978669507278e-08,0.9045092743186823,0.0954907151773389
manuscript_final_20260712T175019Z_c664ef152ff3,c664ef152ff3a9eef89c53a403b9c2e6f677340bea0307b02d97d07cc54bdfc3,no_salary_hike_no_attrition_no_department,isotonic,3,1039,3,3,1.0352941069287197e-08,0.9058823435626298,0.09411764608442907
manuscript_final_20260712T175019Z_c664ef152ff3,c664ef152ff3a9eef89c53a403b9c2e6f677340bea0307b02d97d07cc54bdfc3,no_salary_hike_no_attrition_no_department,isotonic,3,1063,3,3,1.0107303463089906e-08,0.8338525357049172,0.16614745418777926
manuscript_final_20260712T175019Z_c664ef152ff3,c664ef152ff3a9eef89c53a403b9c2e6f677340bea0307b02d97d07cc54bdfc3,no_salary_hike_no_attrition_no_department,isotonic,3,1067,3,3,9.792960566623803e-09,0.9109730759650049,0.08902691424203457
manuscript_final_20260712T175019Z_c664ef152ff3,c664ef152ff3a9eef89c53a403b9c2e6f677340bea0307b02d97d07cc54bdfc3,no_salary_hike_no_attrition_no_department,isotonic,3,1075,3,3,9.792960566623803e-09,0.9109730759650049,0.08902691424203457
manuscript_final_20260712T175019Z_c664ef152ff3,c664ef152ff3a9eef89c53a403b9c2e6f677340bea0307b02d97d07cc54bdfc3,no_salary_hike_no_attrition_no_department,isotonic,3,1082,4,3,9.792960566623803e-09,0.9109730759650049,0.08902691424203457
manuscript_final_20260712T175019Z_c664ef152ff3,c664ef152ff3a9eef89c53a403b9c2e6f677340bea0307b02d97d07cc54bdfc3,no_salary_hike_no_attrition_no_department,isotonic,3,1084,3,3,1.0107303463089906e-08,0.8338525357049172,0.16614745418777926
manuscript_final_20260712T175019Z_c664ef152ff3,c664ef152ff3a9eef89c53a403b9c2e6f677340bea0307b02d97d07cc54bdfc3,no_salary_hike_no_attrition_no_department,isotonic,3,1106,3,2,0.9005328596802843,0.07460035523978686,0.024866785079928955
manuscript_final_20260712T175019Z_c664ef152ff3,c664ef152ff3a9eef89c53a403b9c2e6f677340bea0307b02d97d07cc54bdfc3,no_salary_hike_no_attrition_no_department,isotonic,3,1119,3,3,1.0352941069287197e-08,0.9058823435626298,0.09411764608442907
manuscript_final_20260712T175019Z_c664ef152ff3,c664ef152ff3a9eef89c53a403b9c2e6f677340bea0307b02d97d07cc54bdfc3,no_salary_hike_no_attrition_no_department,isotonic,3,1136,3,3,1.0107303463089906e-08,0.8338525357049172,0.16614745418777926
manuscript_final_20260712T175019Z_c664ef152ff3,c664ef152ff3a9eef89c53a403b9c2e6f677340bea0307b02d97d07cc54bdfc3,no_salary_hike_no_attrition_no_department,isotonic,3,1137,2,2,0.9999999800000006,9.999999800000005e-09,9.999999800000005e-09
manuscript_final_20260712T175019Z_c664ef152ff3,c664ef152ff3a9eef89c53a403b9c2e6f677340bea0307b02d97d07cc54bdfc3,no_salary_hike_no_attrition_no_department,isotonic,3,1142,3,3,1.0107303463089906e-08,0.8338525357049172,0.16614745418777926
manuscript_final_20260712T175019Z_c664ef152ff3,c664ef152ff3a9eef89c53a403b9c2e6f677340bea0307b02d97d07cc54bdfc3,no_salary_hike_no_attrition_no_department,isotonic,3,1156,3,3,1.0107303463089906e-08,0.8338525357049172,0.16614745418777926
manuscript_final_20260712T175019Z_c664ef152ff3,c664ef152ff3a9eef89c53a403b9c2e6f677340bea0307b02d97d07cc54bdfc3,no_salary_hike_no_attrition_no_department,isotonic,3,1159,4,3,1.0352941069287197e-08,0.9058823435626298,0.09411764608442907
manuscript_final_20260712T175019Z_c664ef152ff3,c664ef152ff3a9eef89c53a403b9c2e6f677340bea0307b02d97d07cc54bdfc3,no_salary_hike_no_attrition_no_department,isotonic,3,1166,3,3,1.0461634325987767e-08,0.973175286138397,0.026824703399968633
manuscript_final_20260712T175019Z_c664ef152ff3,c664ef152ff3a9eef89c53a403b9c2e6f677340bea0307b02d97d07cc54bdfc3,no_salary_hike_no_attrition_no_department,isotonic,3,1183,3,3,1.0107303463089906e-08,0.8338525357049172,0.16614745418777926
manuscript_final_20260712T175019Z_c664ef152ff3,c664ef152ff3a9eef89c53a403b9c2e6f677340bea0307b02d97d07cc54bdfc3,no_salary_hike_no_attrition_no_department,raw,4,1,3,3,0.003232192003987059,0.946308013472096,0.050459794523916926
manuscript_final_20260712T175019Z_c664ef152ff3,c664ef152ff3a9eef89c53a403b9c2e6f677340bea0307b02d97d07cc54bdfc3,no_salary_hike_no_attrition_no_department,raw,4,7,3,3,0.033311486430344095,0.9488847308729853,0.01780378269667057
manuscript_final_20260712T175019Z_c664ef152ff3,c664ef152ff3a9eef89c53a403b9c2e6f677340bea0307b02d97d07cc54bdfc3,no_salary_hike_no_attrition_no_department,raw,4,13,3,3,0.00019078832392496127,0.9780545672175825,0.02175464445849249
manuscript_final_20260712T175019Z_c664ef152ff3,c664ef152ff3a9eef89c53a403b9c2e6f677340bea0307b02d97d07cc54bdfc3,no_salary_hike_no_attrition_no_department,raw,4,14,3,3,0.001969238035065588,0.8814272241410865,0.11660353782384789
manuscript_final_20260712T175019Z_c664ef152ff3,c664ef152ff3a9eef89c53a403b9c2e6f677340bea0307b02d97d07cc54bdfc3,no_salary_hike_no_attrition_no_department,raw,4,27,4,3,0.015087585502814135,0.8229353213289855,0.16197709316820036
manuscript_final_20260712T175019Z_c664ef152ff3,c664ef152ff3a9eef89c53a403b9c2e6f677340bea0307b02d97d07cc54bdfc3,no_salary_hike_no_attrition_no_department,raw,4,29,3,3,0.0023710041542345495,0.9812976412067191,0.01633135463904637
manuscript_final_20260712T175019Z_c664ef152ff3,c664ef152ff3a9eef89c53a403b9c2e6f677340bea0307b02d97d07cc54bdfc3,no_salary_hike_no_attrition_no_department,raw,4,38,3,3,0.0016514325121624593,0.851647988824643,0.14670057866319455
manuscript_final_20260712T175019Z_c664ef152ff3,c664ef152ff3a9eef89c53a403b9c2e6f677340bea0307b02d97d07cc54bdfc3,no_salary_hike_no_attrition_no_department,raw,4,39,3,3,0.0008405233816476448,0.9687425321646026,0.030416944453749747
manuscript_final_20260712T175019Z_c664ef152ff3,c664ef152ff3a9eef89c53a403b9c2e6f677340bea0307b02d97d07cc54bdfc3,no_salary_hike_no_attrition_no_department,raw,4,43,3,3,0.038213059021435236,0.8701327378292922,0.09165420314927247
manuscript_final_20260712T175019Z_c664ef152ff3,c664ef152ff3a9eef89c53a403b9c2e6f677340bea0307b02d97d07cc54bdfc3,no_salary_hike_no_attrition_no_department,raw,4,56,3,3,0.0004181484402829235,0.9193789963502624,0.08020285520945468
manuscript_final_20260712T175019Z_c664ef152ff3,c664ef152ff3a9eef89c53a403b9c2e6f677340bea0307b02d97d07cc54bdfc3,no_salary_hike_no_attrition_no_department,raw,4,66,3,3,0.007137096938977569,0.9812170888509247,0.011645814210097647
manuscript_final_20260712T175019Z_c664ef152ff3,c664ef152ff3a9eef89c53a403b9c2e6f677340bea0307b02d97d07cc54bdfc3,no_salary_hike_no_attrition_no_department,raw,4,69,3,2,0.8752003805242694,0.11914893911081444,0.0056506803649162525
manuscript_final_20260712T175019Z_c664ef152ff3,c664ef152ff3a9eef89c53a403b9c2e6f677340bea0307b02d97d07cc54bdfc3,no_salary_hike_no_attrition_no_department,raw,4,70,3,3,0.0013543959540941082,0.8044725419567487,0.19417306208915722
manuscript_final_20260712T175019Z_c664ef152ff3,c664ef152ff3a9eef89c53a403b9c2e6f677340bea0307b02d97d07cc54bdfc3,no_salary_hike_no_attrition_no_department,raw,4,72,3,2,0.9940408675468374,0.0045106092566199706,0.0014485231965426595
manuscript_final_20260712T175019Z_c664ef152ff3,c664ef152ff3a9eef89c53a403b9c2e6f677340bea0307b02d97d07cc54bdfc3,no_salary_hike_no_attrition_no_department,raw,4,83,3,3,0.0026377388804325703,0.9103880110879822,0.08697425003158522
manuscript_final_20260712T175019Z_c664ef152ff3,c664ef152ff3a9eef89c53a403b9c2e6f677340bea0307b02d97d07cc54bdfc3,no_salary_hike_no_attrition_no_department,raw,4,90,3,2,0.7517568476048828,0.23847259603298512,0.00977055636213213
manuscript_final_20260712T175019Z_c664ef152ff3,c664ef152ff3a9eef89c53a403b9c2e6f677340bea0307b02d97d07cc54bdfc3,no_salary_hike_no_attrition_no_department,raw,4,102,3,3,0.000743940904660957,0.8789653977101466,0.12029066138519247
manuscript_final_20260712T175019Z_c664ef152ff3,c664ef152ff3a9eef89c53a403b9c2e6f677340bea0307b02d97d07cc54bdfc3,no_salary_hike_no_attrition_no_department,raw,4,115,3,3,0.0009319564528958755,0.9413782318296671,0.05768981171743705
manuscript_final_20260712T175019Z_c664ef152ff3,c664ef152ff3a9eef89c53a403b9c2e6f677340bea0307b02d97d07cc54bdfc3,no_salary_hike_no_attrition_no_department,raw,4,125,3,3,0.0004267652829923177,0.9707128715489531,0.028860363168054563
manuscript_final_20260712T175019Z_c664ef152ff3,c664ef152ff3a9eef89c53a403b9c2e6f677340bea0307b02d97d07cc54bdfc3,no_salary_hike_no_attrition_no_department,raw,4,166,3,3,0.0016395611005364744,0.9543013392142836,0.04405909968517992
manuscript_final_20260712T175019Z_c664ef152ff3,c664ef152ff3a9eef89c53a403b9c2e6f677340bea0307b02d97d07cc54bdfc3,no_salary_hike_no_attrition_no_department,raw,4,197,3,3,0.00814627563721809,0.9367315024841246,0.055122221878657326
manuscript_final_20260712T175019Z_c664ef152ff3,c664ef152ff3a9eef89c53a403b9c2e6f677340bea0307b02d97d07cc54bdfc3,no_salary_hike_no_attrition_no_department,raw,4,202,3,3,0.0008565985602619435,0.9675449208582573,0.03159848058148077
manuscript_final_20260712T175019Z_c664ef152ff3,c664ef152ff3a9eef89c53a403b9c2e6f677340bea0307b02d97d07cc54bdfc3,no_salary_hike_no_attrition_no_department,raw,4,204,2,2,0.966180371111617,0.027166612079445387,0.006653016808937542
manuscript_final_20260712T175019Z_c664ef152ff3,c664ef152ff3a9eef89c53a403b9c2e6f677340bea0307b02d97d07cc54bdfc3,no_salary_hike_no_attrition_no_department,raw,4,219,3,3,0.0006229518229489006,0.9533613765386502,0.04601567163840097
manuscript_final_20260712T175019Z_c664ef152ff3,c664ef152ff3a9eef89c53a403b9c2e6f677340bea0307b02d97d07cc54bdfc3,no_salary_hike_no_attrition_no_department,raw,4,220,3,3,0.0003948206547725546,0.9027900296688879,0.09681514967633957
manuscript_final_20260712T175019Z_c664ef152ff3,c664ef152ff3a9eef89c53a403b9c2e6f677340bea0307b02d97d07cc54bdfc3,no_salary_hike_no_attrition_no_department,raw,4,222,2,2,0.9767804937250009,0.01914721323718089,0.004072293037818274
manuscript_final_20260712T175019Z_c664ef152ff3,c664ef152ff3a9eef89c53a403b9c2e6f677340bea0307b02d97d07cc54bdfc3,no_salary_hike_no_attrition_no_department,raw,4,223,2,2,0.61327104618268,0.3814018297679381,0.005327124049381836
manuscript_final_20260712T175019Z_c664ef152ff3,c664ef152ff3a9eef89c53a403b9c2e6f677340bea0307b02d97d07cc54bdfc3,no_salary_hike_no_attrition_no_department,raw,4,236,3,3,0.0017593752785392928,0.9810771063987579,0.017163518322702843
manuscript_final_20260712T175019Z_c664ef152ff3,c664ef152ff3a9eef89c53a403b9c2e6f677340bea0307b02d97d07cc54bdfc3,no_salary_hike_no_attrition_no_department,raw,4,243,3,3,0.018874705751208486,0.9298464188243201,0.05127887542447143
manuscript_final_20260712T175019Z_c664ef152ff3,c664ef152ff3a9eef89c53a403b9c2e6f677340bea0307b02d97d07cc54bdfc3,no_salary_hike_no_attrition_no_department,raw,4,246,3,3,0.0037178063910340993,0.823735655270724,0.17254653833824193
manuscript_final_20260712T175019Z_c664ef152ff3,c664ef152ff3a9eef89c53a403b9c2e6f677340bea0307b02d97d07cc54bdfc3,no_salary_hike_no_attrition_no_department,raw,4,249,2,3,0.2349111472802035,0.741757105913119,0.02333174680667738
manuscript_final_20260712T175019Z_c664ef152ff3,c664ef152ff3a9eef89c53a403b9c2e6f677340bea0307b02d97d07cc54bdfc3,no_salary_hike_no_attrition_no_department,raw,4,255,3,3,0.0003314282640774748,0.9775060794210905,0.022162492314832045
manuscript_final_20260712T175019Z_c664ef152ff3,c664ef152ff3a9eef89c53a403b9c2e6f677340bea0307b02d97d07cc54bdfc3,no_salary_hike_no_attrition_no_department,raw,4,261,3,3,0.006212126579361531,0.6141996498070592,0.37958822361357925
manuscript_final_20260712T175019Z_c664ef152ff3,c664ef152ff3a9eef89c53a403b9c2e6f677340bea0307b02d97d07cc54bdfc3,no_salary_hike_no_attrition_no_department,raw,4,266,4,3,0.0007361661434812492,0.8913003832390196,0.1079634506174992
manuscript_final_20260712T175019Z_c664ef152ff3,c664ef152ff3a9eef89c53a403b9c2e6f677340bea0307b02d97d07cc54bdfc3,no_salary_hike_no_attrition_no_department,raw,4,268,3,3,0.003313780235818818,0.9277530198192512,0.06893319994493005
manuscript_final_20260712T175019Z_c664ef152ff3,c664ef152ff3a9eef89c53a403b9c2e6f677340bea0307b02d97d07cc54bdfc3,no_salary_hike_no_attrition_no_department,raw,4,274,2,2,0.8380711172305545,0.14157600859078776,0.020352874178657766
manuscript_final_20260712T175019Z_c664ef152ff3,c664ef152ff3a9eef89c53a403b9c2e6f677340bea0307b02d97d07cc54bdfc3,no_salary_hike_no_attrition_no_department,raw,4,275,3,3,0.0013544245534741959,0.9314707572567384,0.06717481818978742
manuscript_final_20260712T175019Z_c664ef152ff3,c664ef152ff3a9eef89c53a403b9c2e6f677340bea0307b02d97d07cc54bdfc3,no_salary_hike_no_attrition_no_department,raw,4,284,4,3,0.0003833605973172481,0.8669992569750856,0.13261738242759716
manuscript_final_20260712T175019Z_c664ef152ff3,c664ef152ff3a9eef89c53a403b9c2e6f677340bea0307b02d97d07cc54bdfc3,no_salary_hike_no_attrition_no_department,raw,4,304,2,2,0.9650605797888221,0.03234435950539749,0.002595060705780467
manuscript_final_20260712T175019Z_c664ef152ff3,c664ef152ff3a9eef89c53a403b9c2e6f677340bea0307b02d97d07cc54bdfc3,no_salary_hike_no_attrition_no_department,raw,4,306,4,3,0.00373456835895518,0.9043782930496604,0.09188713859138448
manuscript_final_20260712T175019Z_c664ef152ff3,c664ef152ff3a9eef89c53a403b9c2e6f677340bea0307b02d97d07cc54bdfc3,no_salary_hike_no_attrition_no_department,raw,4,318,3,3,0.002512853768713117,0.9422102357739599,0.05527691045732696
manuscript_final_20260712T175019Z_c664ef152ff3,c664ef152ff3a9eef89c53a403b9c2e6f677340bea0307b02d97d07cc54bdfc3,no_salary_hike_no_attrition_no_department,raw,4,322,3,3,0.006423091751254133,0.701545809386751,0.29203109886199485
manuscript_final_20260712T175019Z_c664ef152ff3,c664ef152ff3a9eef89c53a403b9c2e6f677340bea0307b02d97d07cc54bdfc3,no_salary_hike_no_attrition_no_department,raw,4,354,3,3,0.0004004332541672774,0.9825072775327781,0.017092289213054626
manuscript_final_20260712T175019Z_c664ef152ff3,c664ef152ff3a9eef89c53a403b9c2e6f677340bea0307b02d97d07cc54bdfc3,no_salary_hike_no_attrition_no_department,raw,4,357,4,3,0.0005096522495177542,0.8309822655832299,0.16850808216725244
manuscript_final_20260712T175019Z_c664ef152ff3,c664ef152ff3a9eef89c53a403b9c2e6f677340bea0307b02d97d07cc54bdfc3,no_salary_hike_no_attrition_no_department,raw,4,371,3,3,0.0011375749084258854,0.9464412982717698,0.05242112681980435
manuscript_final_20260712T175019Z_c664ef152ff3,c664ef152ff3a9eef89c53a403b9c2e6f677340bea0307b02d97d07cc54bdfc3,no_salary_hike_no_attrition_no_department,raw,4,392,3,2,0.8732521761684314,0.05403429783225091,0.07271352599931763
manuscript_final_20260712T175019Z_c664ef152ff3,c664ef152ff3a9eef89c53a403b9c2e6f677340bea0307b02d97d07cc54bdfc3,no_salary_hike_no_attrition_no_department,raw,4,397,2,2,0.9450032975059924,0.037515078788113186,0.017481623705894418
manuscript_final_20260712T175019Z_c664ef152ff3,c664ef152ff3a9eef89c53a403b9c2e6f677340bea0307b02d97d07cc54bdfc3,no_salary_hike_no_attrition_no_department,raw,4,399,3,3,0.10486577766566146,0.8900305860104545,0.005103636323884132
manuscript_final_20260712T175019Z_c664ef152ff3,c664ef152ff3a9eef89c53a403b9c2e6f677340bea0307b02d97d07cc54bdfc3,no_salary_hike_no_attrition_no_department,raw,4,409,3,3,0.0006603344186060257,0.9721374451171894,0.027202220464204577
manuscript_final_20260712T175019Z_c664ef152ff3,c664ef152ff3a9eef89c53a403b9c2e6f677340bea0307b02d97d07cc54bdfc3,no_salary_hike_no_attrition_no_department,raw,4,424,3,3,0.00032465228510128284,0.9820321425629689,0.017643205151929887
manuscript_final_20260712T175019Z_c664ef152ff3,c664ef152ff3a9eef89c53a403b9c2e6f677340bea0307b02d97d07cc54bdfc3,no_salary_hike_no_attrition_no_department,raw,4,426,2,2,0.8736273819314094,0.07686651870882236,0.049506099359768296
manuscript_final_20260712T175019Z_c664ef152ff3,c664ef152ff3a9eef89c53a403b9c2e6f677340bea0307b02d97d07cc54bdfc3,no_salary_hike_no_attrition_no_department,raw,4,428,3,3,0.0002910956150164568,0.9519291683853993,0.0477797359995842
manuscript_final_20260712T175019Z_c664ef152ff3,c664ef152ff3a9eef89c53a403b9c2e6f677340bea0307b02d97d07cc54bdfc3,no_salary_hike_no_attrition_no_department,raw,4,459,4,3,0.003187952242007871,0.9654308886066368,0.03138115915135528
manuscript_final_20260712T175019Z_c664ef152ff3,c664ef152ff3a9eef89c53a403b9c2e6f677340bea0307b02d97d07cc54bdfc3,no_salary_hike_no_attrition_no_department,raw,4,469,3,3,0.004567715067259069,0.9514086649651585,0.04402361996758236
manuscript_final_20260712T175019Z_c664ef152ff3,c664ef152ff3a9eef89c53a403b9c2e6f677340bea0307b02d97d07cc54bdfc3,no_salary_hike_no_attrition_no_department,raw,4,473,3,3,0.004398804572424798,0.9155765069232263,0.08002468850434888
manuscript_final_20260712T175019Z_c664ef152ff3,c664ef152ff3a9eef89c53a403b9c2e6f677340bea0307b02d97d07cc54bdfc3,no_salary_hike_no_attrition_no_department,raw,4,491,3,3,0.004343735428774686,0.9645844495825935,0.03107181498863191
manuscript_final_20260712T175019Z_c664ef152ff3,c664ef152ff3a9eef89c53a403b9c2e6f677340bea0307b02d97d07cc54bdfc3,no_salary_hike_no_attrition_no_department,raw,4,512,3,3,0.0011229005006634322,0.98490624129332,0.013970858206016528
manuscript_final_20260712T175019Z_c664ef152ff3,c664ef152ff3a9eef89c53a403b9c2e6f677340bea0307b02d97d07cc54bdfc3,no_salary_hike_no_attrition_no_department,raw,4,534,3,3,0.002412527718720028,0.9650884543143359,0.03249901796694412
manuscript_final_20260712T175019Z_c664ef152ff3,c664ef152ff3a9eef89c53a403b9c2e6f677340bea0307b02d97d07cc54bdfc3,no_salary_hike_no_attrition_no_department,raw,4,537,4,3,0.0017103279200479289,0.9333400107454346,0.06494966133451756
manuscript_final_20260712T175019Z_c664ef152ff3,c664ef152ff3a9eef89c53a403b9c2e6f677340bea0307b02d97d07cc54bdfc3,no_salary_hike_no_attrition_no_department,raw,4,552,3,3,0.003587184061472171,0.9616401906235513,0.03477262531497645
manuscript_final_20260712T175019Z_c664ef152ff3,c664ef152ff3a9eef89c53a403b9c2e6f677340bea0307b02d97d07cc54bdfc3,no_salary_hike_no_attrition_no_department,raw,4,563,3,3,0.001581094161565265,0.9834943726302549,0.014924533208179935
manuscript_final_20260712T175019Z_c664ef152ff3,c664ef152ff3a9eef89c53a403b9c2e6f677340bea0307b02d97d07cc54bdfc3,no_salary_hike_no_attrition_no_department,raw,4,568,4,3,0.009138230986983655,0.8239340024975929,0.16692776651542346
manuscript_final_20260712T175019Z_c664ef152ff3,c664ef152ff3a9eef89c53a403b9c2e6f677340bea0307b02d97d07cc54bdfc3,no_salary_hike_no_attrition_no_department,raw,4,577,3,3,0.004730377399143324,0.8073431939707308,0.18792642863012585
manuscript_final_20260712T175019Z_c664ef152ff3,c664ef152ff3a9eef89c53a403b9c2e6f677340bea0307b02d97d07cc54bdfc3,no_salary_hike_no_attrition_no_department,raw,4,582,3,3,0.004823532756527467,0.825930811509496,0.16924565573397649
manuscript_final_20260712T175019Z_c664ef152ff3,c664ef152ff3a9eef89c53a403b9c2e6f677340bea0307b02d97d07cc54bdfc3,no_salary_hike_no_attrition_no_department,raw,4,593,3,3,0.009437925507503789,0.9484484522534466,0.04211362223904955
manuscript_final_20260712T175019Z_c664ef152ff3,c664ef152ff3a9eef89c53a403b9c2e6f677340bea0307b02d97d07cc54bdfc3,no_salary_hike_no_attrition_no_department,raw,4,604,3,3,0.0022940492869296006,0.9696873094551185,0.028018641257951907
manuscript_final_20260712T175019Z_c664ef152ff3,c664ef152ff3a9eef89c53a403b9c2e6f677340bea0307b02d97d07cc54bdfc3,no_salary_hike_no_attrition_no_department,raw,4,612,2,2,0.787010057170199,0.20718200070634948,0.005807942123451552
manuscript_final_20260712T175019Z_c664ef152ff3,c664ef152ff3a9eef89c53a403b9c2e6f677340bea0307b02d97d07cc54bdfc3,no_salary_hike_no_attrition_no_department,raw,4,621,3,3,0.006492516975363298,0.9766953614820597,0.01681212154257704
manuscript_final_20260712T175019Z_c664ef152ff3,c664ef152ff3a9eef89c53a403b9c2e6f677340bea0307b02d97d07cc54bdfc3,no_salary_hike_no_attrition_no_department,raw,4,622,3,3,0.0029469277796188354,0.867861053496259,0.12919201872412217
manuscript_final_20260712T175019Z_c664ef152ff3,c664ef152ff3a9eef89c53a403b9c2e6f677340bea0307b02d97d07cc54bdfc3,no_salary_hike_no_attrition_no_department,raw,4,636,3,3,0.002530606979884254,0.8905664860710311,0.10690290694908472
manuscript_final_20260712T175019Z_c664ef152ff3,c664ef152ff3a9eef89c53a403b9c2e6f677340bea0307b02d97d07cc54bdfc3,no_salary_hike_no_attrition_no_department,raw,4,638,3,3,0.002243286509281639,0.9540776205367119,0.04367909295400651
manuscript_final_20260712T175019Z_c664ef152ff3,c664ef152ff3a9eef89c53a403b9c2e6f677340bea0307b02d97d07cc54bdfc3,no_salary_hike_no_attrition_no_department,raw,4,642,3,3,0.001590013727603866,0.9769580307360853,0.02145195553631082
manuscript_final_20260712T175019Z_c664ef152ff3,c664ef152ff3a9eef89c53a403b9c2e6f677340bea0307b02d97d07cc54bdfc3,no_salary_hike_no_attrition_no_department,raw,4,646,3,3,0.001411676481040095,0.9795408551881556,0.019047468330804333
manuscript_final_20260712T175019Z_c664ef152ff3,c664ef152ff3a9eef89c53a403b9c2e6f677340bea0307b02d97d07cc54bdfc3,no_salary_hike_no_attrition_no_department,raw,4,653,2,2,0.8863948484540561,0.10548083366288803,0.00812431788305583
manuscript_final_20260712T175019Z_c664ef152ff3,c664ef152ff3a9eef89c53a403b9c2e6f677340bea0307b02d97d07cc54bdfc3,no_salary_hike_no_attrition_no_department,raw,4,677,3,3,0.000518720794749761,0.9470801775178602,0.05240110168739005
manuscript_final_20260712T175019Z_c664ef152ff3,c664ef152ff3a9eef89c53a403b9c2e6f677340bea0307b02d97d07cc54bdfc3,no_salary_hike_no_attrition_no_department,raw,4,692,3,3,0.0008607975786153789,0.9615097562476006,0.03762944617378402
manuscript_final_20260712T175019Z_c664ef152ff3,c664ef152ff3a9eef89c53a403b9c2e6f677340bea0307b02d97d07cc54bdfc3,no_salary_hike_no_attrition_no_department,raw,4,697,3,3,0.029621955228015445,0.9141467281739915,0.05623131659799305
manuscript_final_20260712T175019Z_c664ef152ff3,c664ef152ff3a9eef89c53a403b9c2e6f677340bea0307b02d97d07cc54bdfc3,no_salary_hike_no_attrition_no_department,raw,4,715,3,3,0.0010153555609075714,0.9627520282856669,0.036232616153425594
manuscript_final_20260712T175019Z_c664ef152ff3,c664ef152ff3a9eef89c53a403b9c2e6f677340bea0307b02d97d07cc54bdfc3,no_salary_hike_no_attrition_no_department,raw,4,725,2,2,0.7115425754098375,0.285151850742118,0.003305573848044564
manuscript_final_20260712T175019Z_c664ef152ff3,c664ef152ff3a9eef89c53a403b9c2e6f677340bea0307b02d97d07cc54bdfc3,no_salary_hike_no_attrition_no_department,raw,4,734,2,2,0.7456543030096329,0.2368659285442104,0.017479768446156736
manuscript_final_20260712T175019Z_c664ef152ff3,c664ef152ff3a9eef89c53a403b9c2e6f677340bea0307b02d97d07cc54bdfc3,no_salary_hike_no_attrition_no_department,raw,4,746,3,3,0.002063155452720767,0.8837207751240287,0.11421606942325052
manuscript_final_20260712T175019Z_c664ef152ff3,c664ef152ff3a9eef89c53a403b9c2e6f677340bea0307b02d97d07cc54bdfc3,no_salary_hike_no_attrition_no_department,raw,4,752,3,3,0.00024126503724364423,0.9908422894314152,0.008916445531341188
manuscript_final_20260712T175019Z_c664ef152ff3,c664ef152ff3a9eef89c53a403b9c2e6f677340bea0307b02d97d07cc54bdfc3,no_salary_hike_no_attrition_no_department,raw,4,763,3,3,0.0008107355364409924,0.94535526767554,0.05383399678801898
manuscript_final_20260712T175019Z_c664ef152ff3,c664ef152ff3a9eef89c53a403b9c2e6f677340bea0307b02d97d07cc54bdfc3,no_salary_hike_no_attrition_no_department,raw,4,772,2,3,0.3813120978178967,0.6033877066889289,0.015300195493174394
manuscript_final_20260712T175019Z_c664ef152ff3,c664ef152ff3a9eef89c53a403b9c2e6f677340bea0307b02d97d07cc54bdfc3,no_salary_hike_no_attrition_no_department,raw,4,793,3,3,0.0011207580468679975,0.8010010386214467,0.19787820333168532
manuscript_final_20260712T175019Z_c664ef152ff3,c664ef152ff3a9eef89c53a403b9c2e6f677340bea0307b02d97d07cc54bdfc3,no_salary_hike_no_attrition_no_department,raw,4,810,2,2,0.9635500024691224,0.0301778996682793,0.006272097862598363
manuscript_final_20260712T175019Z_c664ef152ff3,c664ef152ff3a9eef89c53a403b9c2e6f677340bea0307b02d97d07cc54bdfc3,no_salary_hike_no_attrition_no_department,raw,4,827,4,3,0.0013064912221992895,0.6196932872019547,0.379000221575846
manuscript_final_20260712T175019Z_c664ef152ff3,c664ef152ff3a9eef89c53a403b9c2e6f677340bea0307b02d97d07cc54bdfc3,no_salary_hike_no_attrition_no_department,raw,4,844,4,3,0.02356016383803923,0.5215732309527724,0.45486660520918837
manuscript_final_20260712T175019Z_c664ef152ff3,c664ef152ff3a9eef89c53a403b9c2e6f677340bea0307b02d97d07cc54bdfc3,no_salary_hike_no_attrition_no_department,raw,4,847,4,3,0.00072076795620685,0.931520894288044,0.06775833775574922
manuscript_final_20260712T175019Z_c664ef152ff3,c664ef152ff3a9eef89c53a403b9c2e6f677340bea0307b02d97d07cc54bdfc3,no_salary_hike_no_attrition_no_department,raw,4,858,3,3,0.0003879649686002587,0.7306399197180194,0.26897211531338033
manuscript_final_20260712T175019Z_c664ef152ff3,c664ef152ff3a9eef89c53a403b9c2e6f677340bea0307b02d97d07cc54bdfc3,no_salary_hike_no_attrition_no_department,raw,4,861,4,3,0.0007697623991088124,0.9629507893477903,0.036279448253100914
manuscript_final_20260712T175019Z_c664ef152ff3,c664ef152ff3a9eef89c53a403b9c2e6f677340bea0307b02d97d07cc54bdfc3,no_salary_hike_no_attrition_no_department,raw,4,867,3,3,0.003976811113278728,0.8739932012587222,0.12202998762799916
manuscript_final_20260712T175019Z_c664ef152ff3,c664ef152ff3a9eef89c53a403b9c2e6f677340bea0307b02d97d07cc54bdfc3,no_salary_hike_no_attrition_no_department,raw,4,885,3,3,0.0006467938513676592,0.982726433112368,0.016626773036264336
manuscript_final_20260712T175019Z_c664ef152ff3,c664ef152ff3a9eef89c53a403b9c2e6f677340bea0307b02d97d07cc54bdfc3,no_salary_hike_no_attrition_no_department,raw,4,888,3,3,0.026411011415367076,0.9700884076171213,0.0035005809675115714
manuscript_final_20260712T175019Z_c664ef152ff3,c664ef152ff3a9eef89c53a403b9c2e6f677340bea0307b02d97d07cc54bdfc3,no_salary_hike_no_attrition_no_department,raw,4,899,3,3,0.10581155472205749,0.8427705450814015,0.05141790019654109
manuscript_final_20260712T175019Z_c664ef152ff3,c664ef152ff3a9eef89c53a403b9c2e6f677340bea0307b02d97d07cc54bdfc3,no_salary_hike_no_attrition_no_department,raw,4,903,3,3,0.000724665708317028,0.9818964060527418,0.0173789282389413
manuscript_final_20260712T175019Z_c664ef152ff3,c664ef152ff3a9eef89c53a403b9c2e6f677340bea0307b02d97d07cc54bdfc3,no_salary_hike_no_attrition_no_department,raw,4,932,3,3,0.0007688573770498642,0.9831403463871953,0.016090796235754906
manuscript_final_20260712T175019Z_c664ef152ff3,c664ef152ff3a9eef89c53a403b9c2e6f677340bea0307b02d97d07cc54bdfc3,no_salary_hike_no_attrition_no_department,raw,4,947,3,3,0.0005645799200904856,0.9575089981153856,0.04192642196452396
manuscript_final_20260712T175019Z_c664ef152ff3,c664ef152ff3a9eef89c53a403b9c2e6f677340bea0307b02d97d07cc54bdfc3,no_salary_hike_no_attrition_no_department,raw,4,959,3,3,0.013901894226796916,0.9512006808750452,0.0348974248981579
manuscript_final_20260712T175019Z_c664ef152ff3,c664ef152ff3a9eef89c53a403b9c2e6f677340bea0307b02d97d07cc54bdfc3,no_salary_hike_no_attrition_no_department,raw,4,967,2,2,0.559299179305124,0.3982856631023536,0.042415157592522464
manuscript_final_20260712T175019Z_c664ef152ff3,c664ef152ff3a9eef89c53a403b9c2e6f677340bea0307b02d97d07cc54bdfc3,no_salary_hike_no_attrition_no_department,raw,4,969,3,3,0.000734570232267689,0.9379348380907111,0.06133059167702128
manuscript_final_20260712T175019Z_c664ef152ff3,c664ef152ff3a9eef89c53a403b9c2e6f677340bea0307b02d97d07cc54bdfc3,no_salary_hike_no_attrition_no_department,raw,4,986,4,3,0.04784345876354137,0.94256388096472,0.009592660271738633
manuscript_final_20260712T175019Z_c664ef152ff3,c664ef152ff3a9eef89c53a403b9c2e6f677340bea0307b02d97d07cc54bdfc3,no_salary_hike_no_attrition_no_department,raw,4,1042,3,3,0.0011181298857163406,0.9337502093307685,0.06513166078351519
manuscript_final_20260712T175019Z_c664ef152ff3,c664ef152ff3a9eef89c53a403b9c2e6f677340bea0307b02d97d07cc54bdfc3,no_salary_hike_no_attrition_no_department,raw,4,1069,3,3,0.0028616798227280114,0.9249631794308422,0.07217514074642982
manuscript_final_20260712T175019Z_c664ef152ff3,c664ef152ff3a9eef89c53a403b9c2e6f677340bea0307b02d97d07cc54bdfc3,no_salary_hike_no_attrition_no_department,raw,4,1073,3,3,0.0022886504762249624,0.9881640619766495,0.00954728754712557
manuscript_final_20260712T175019Z_c664ef152ff3,c664ef152ff3a9eef89c53a403b9c2e6f677340bea0307b02d97d07cc54bdfc3,no_salary_hike_no_attrition_no_department,raw,4,1083,3,3,0.0021844933593849203,0.9835448375643451,0.014270669076269995
manuscript_final_20260712T175019Z_c664ef152ff3,c664ef152ff3a9eef89c53a403b9c2e6f677340bea0307b02d97d07cc54bdfc3,no_salary_hike_no_attrition_no_department,raw,4,1094,2,2,0.8465211971727736,0.13003779923536293,0.02344100359186343
manuscript_final_20260712T175019Z_c664ef152ff3,c664ef152ff3a9eef89c53a403b9c2e6f677340bea0307b02d97d07cc54bdfc3,no_salary_hike_no_attrition_no_department,raw,4,1115,3,3,0.0065970749767315,0.9488235469044675,0.04457937811880103
manuscript_final_20260712T175019Z_c664ef152ff3,c664ef152ff3a9eef89c53a403b9c2e6f677340bea0307b02d97d07cc54bdfc3,no_salary_hike_no_attrition_no_department,raw,4,1117,3,2,0.7456303946022748,0.24428278571788647,0.010086819679838712
manuscript_final_20260712T175019Z_c664ef152ff3,c664ef152ff3a9eef89c53a403b9c2e6f677340bea0307b02d97d07cc54bdfc3,no_salary_hike_no_attrition_no_department,raw,4,1121,3,3,0.00015243083757337603,0.9396081326401436,0.06023943652228299
manuscript_final_20260712T175019Z_c664ef152ff3,c664ef152ff3a9eef89c53a403b9c2e6f677340bea0307b02d97d07cc54bdfc3,no_salary_hike_no_attrition_no_department,raw,4,1124,3,3,0.00042723817268840945,0.9920605984951355,0.007512163332176133
manuscript_final_20260712T175019Z_c664ef152ff3,c664ef152ff3a9eef89c53a403b9c2e6f677340bea0307b02d97d07cc54bdfc3,no_salary_hike_no_attrition_no_department,raw,4,1132,2,2,0.9632384678389662,0.034545506928115546,0.002216025232918302
manuscript_final_20260712T175019Z_c664ef152ff3,c664ef152ff3a9eef89c53a403b9c2e6f677340bea0307b02d97d07cc54bdfc3,no_salary_hike_no_attrition_no_department,raw,4,1135,2,2,0.9161178023860276,0.08188799370206178,0.001994203911910621
manuscript_final_20260712T175019Z_c664ef152ff3,c664ef152ff3a9eef89c53a403b9c2e6f677340bea0307b02d97d07cc54bdfc3,no_salary_hike_no_attrition_no_department,raw,4,1158,3,2,0.9372618864272675,0.05738760201176704,0.005350511560965415
manuscript_final_20260712T175019Z_c664ef152ff3,c664ef152ff3a9eef89c53a403b9c2e6f677340bea0307b02d97d07cc54bdfc3,no_salary_hike_no_attrition_no_department,raw,4,1160,2,2,0.9769540558770256,0.02018458050454992,0.002861363618424564
manuscript_final_20260712T175019Z_c664ef152ff3,c664ef152ff3a9eef89c53a403b9c2e6f677340bea0307b02d97d07cc54bdfc3,no_salary_hike_no_attrition_no_department,raw,4,1164,3,3,0.4479329773755595,0.5383452402665614,0.013721782357879174
manuscript_final_20260712T175019Z_c664ef152ff3,c664ef152ff3a9eef89c53a403b9c2e6f677340bea0307b02d97d07cc54bdfc3,no_salary_hike_no_attrition_no_department,raw,4,1171,3,3,0.0012320763490742048,0.8830326170562963,0.1157353065946295
manuscript_final_20260712T175019Z_c664ef152ff3,c664ef152ff3a9eef89c53a403b9c2e6f677340bea0307b02d97d07cc54bdfc3,no_salary_hike_no_attrition_no_department,raw,4,1173,3,3,0.00780881583334535,0.6632036094219165,0.32898757474473816
manuscript_final_20260712T175019Z_c664ef152ff3,c664ef152ff3a9eef89c53a403b9c2e6f677340bea0307b02d97d07cc54bdfc3,no_salary_hike_no_attrition_no_department,raw,4,1182,3,3,0.0008299030120086175,0.7190951292270447,0.2800749677609467
manuscript_final_20260712T175019Z_c664ef152ff3,c664ef152ff3a9eef89c53a403b9c2e6f677340bea0307b02d97d07cc54bdfc3,no_salary_hike_no_attrition_no_department,raw,4,1194,3,2,0.9231432911269197,0.06850006163399426,0.008356647239086046
manuscript_final_20260712T175019Z_c664ef152ff3,c664ef152ff3a9eef89c53a403b9c2e6f677340bea0307b02d97d07cc54bdfc3,no_salary_hike_no_attrition_no_department,sigmoid,4,1,3,3,0.0051817691467191404,0.8850941365879421,0.1097240942653388
manuscript_final_20260712T175019Z_c664ef152ff3,c664ef152ff3a9eef89c53a403b9c2e6f677340bea0307b02d97d07cc54bdfc3,no_salary_hike_no_attrition_no_department,sigmoid,4,7,3,3,0.034599018376134855,0.8838894078426108,0.08151157378125432
manuscript_final_20260712T175019Z_c664ef152ff3,c664ef152ff3a9eef89c53a403b9c2e6f677340bea0307b02d97d07cc54bdfc3,no_salary_hike_no_attrition_no_department,sigmoid,4,13,3,3,0.0005045286725722603,0.9142602019651886,0.08523526936223896
manuscript_final_20260712T175019Z_c664ef152ff3,c664ef152ff3a9eef89c53a403b9c2e6f677340bea0307b02d97d07cc54bdfc3,no_salary_hike_no_attrition_no_department,sigmoid,4,14,3,3,0.003573962227523869,0.8522948465459658,0.14413119122651047
manuscript_final_20260712T175019Z_c664ef152ff3,c664ef152ff3a9eef89c53a403b9c2e6f677340bea0307b02d97d07cc54bdfc3,no_salary_hike_no_attrition_no_department,sigmoid,4,27,4,3,0.01909173379858533,0.8197614643039193,0.16114680189749542
manuscript_final_20260712T175019Z_c664ef152ff3,c664ef152ff3a9eef89c53a403b9c2e6f677340bea0307b02d97d07cc54bdfc3,no_salary_hike_no_attrition_no_department,sigmoid,4,29,3,3,0.00394734436331114,0.9176256315972156,0.0784270240394733
manuscript_final_20260712T175019Z_c664ef152ff3,c664ef152ff3a9eef89c53a403b9c2e6f677340bea0307b02d97d07cc54bdfc3,no_salary_hike_no_attrition_no_department,sigmoid,4,38,3,3,0.003137739081593658,0.8404780714774702,0.15638418944093618
manuscript_final_20260712T175019Z_c664ef152ff3,c664ef152ff3a9eef89c53a403b9c2e6f677340bea0307b02d97d07cc54bdfc3,no_salary_hike_no_attrition_no_department,sigmoid,4,39,3,3,0.0017051195100831471,0.9041635501422034,0.09413133034771341
manuscript_final_20260712T175019Z_c664ef152ff3,c664ef152ff3a9eef89c53a403b9c2e6f677340bea0307b02d97d07cc54bdfc3,no_salary_hike_no_attrition_no_department,sigmoid,4,43,3,3,0.03950024375112763,0.8284499304741262,0.1320498257747462
manuscript_final_20260712T175019Z_c664ef152ff3,c664ef152ff3a9eef89c53a403b9c2e6f677340bea0307b02d97d07cc54bdfc3,no_salary_hike_no_attrition_no_department,sigmoid,4,56,3,3,0.000990840465138722,0.8717475948264448,0.1272615647084164
manuscript_final_20260712T175019Z_c664ef152ff3,c664ef152ff3a9eef89c53a403b9c2e6f677340bea0307b02d97d07cc54bdfc3,no_salary_hike_no_attrition_no_department,sigmoid,4,66,3,3,0.009719697102162429,0.9188664181234474,0.07141388477439033
manuscript_final_20260712T175019Z_c664ef152ff3,c664ef152ff3a9eef89c53a403b9c2e6f677340bea0307b02d97d07cc54bdfc3,no_salary_hike_no_attrition_no_department,sigmoid,4,69,3,2,0.6580073194474342,0.28909698995484373,0.05289569059772205
manuscript_final_20260712T175019Z_c664ef152ff3,c664ef152ff3a9eef89c53a403b9c2e6f677340bea0307b02d97d07cc54bdfc3,no_salary_hike_no_attrition_no_department,sigmoid,4,70,3,3,0.0027228090252048756,0.8234329839828136,0.17384420699198144
manuscript_final_20260712T175019Z_c664ef152ff3,c664ef152ff3a9eef89c53a403b9c2e6f677340bea0307b02d97d07cc54bdfc3,no_salary_hike_no_attrition_no_department,sigmoid,4,72,3,2,0.9028349651864627,0.06004965988034085,0.0371153749331966
manuscript_final_20260712T175019Z_c664ef152ff3,c664ef152ff3a9eef89c53a403b9c2e6f677340bea0307b02d97d07cc54bdfc3,no_salary_hike_no_attrition_no_department,sigmoid,4,83,3,3,0.004472982515661615,0.8650177728523794,0.13050924463195904
manuscript_final_20260712T175019Z_c664ef152ff3,c664ef152ff3a9eef89c53a403b9c2e6f677340bea0307b02d97d07cc54bdfc3,no_salary_hike_no_attrition_no_department,sigmoid,4,90,3,2,0.536498577276183,0.3999837549538233,0.06351766776999357
manuscript_final_20260712T175019Z_c664ef152ff3,c664ef152ff3a9eef89c53a403b9c2e6f677340bea0307b02d97d07cc54bdfc3,no_salary_hike_no_attrition_no_department,sigmoid,4,102,3,3,0.001617390568780548,0.8525438436844178,0.1458387657468016
manuscript_final_20260712T175019Z_c664ef152ff3,c664ef152ff3a9eef89c53a403b9c2e6f677340bea0307b02d97d07cc54bdfc3,no_salary_hike_no_attrition_no_department,sigmoid,4,115,3,3,0.0018846772435112348,0.8836360095640567,0.11447931319243206
manuscript_final_20260712T175019Z_c664ef152ff3,c664ef152ff3a9eef89c53a403b9c2e6f677340bea0307b02d97d07cc54bdfc3,no_salary_hike_no_attrition_no_department,sigmoid,4,125,3,3,0.0009788779109281185,0.9063455771791427,0.09267554490992912
manuscript_final_20260712T175019Z_c664ef152ff3,c664ef152ff3a9eef89c53a403b9c2e6f677340bea0307b02d97d07cc54bdfc3,no_salary_hike_no_attrition_no_department,sigmoid,4,166,3,3,0.0029669329920446142,0.8917597236615971,0.10527334334635846
manuscript_final_20260712T175019Z_c664ef152ff3,c664ef152ff3a9eef89c53a403b9c2e6f677340bea0307b02d97d07cc54bdfc3,no_salary_hike_no_attrition_no_department,sigmoid,4,197,3,3,0.01104051061215439,0.8762439167701227,0.11271557261772304
manuscript_final_20260712T175019Z_c664ef152ff3,c664ef152ff3a9eef89c53a403b9c2e6f677340bea0307b02d97d07cc54bdfc3,no_salary_hike_no_attrition_no_department,sigmoid,4,202,3,3,0.0017329683861508868,0.9030560953967476,0.09521093621710143
manuscript_final_20260712T175019Z_c664ef152ff3,c664ef152ff3a9eef89c53a403b9c2e6f677340bea0307b02d97d07cc54bdfc3,no_salary_hike_no_attrition_no_department,sigmoid,4,204,2,2,0.7996313667686028,0.1451922159797251,0.05517641725167188
manuscript_final_20260712T175019Z_c664ef152ff3,c664ef152ff3a9eef89c53a403b9c2e6f677340bea0307b02d97d07cc54bdfc3,no_salary_hike_no_attrition_no_department,sigmoid,4,219,3,3,0.0013472827080076356,0.891926281269726,0.10672643602226635
manuscript_final_20260712T175019Z_c664ef152ff3,c664ef152ff3a9eef89c53a403b9c2e6f677340bea0307b02d97d07cc54bdfc3,no_salary_hike_no_attrition_no_department,sigmoid,4,220,3,3,0.0009532680799831378,0.8635965659926933,0.13545016592732353
manuscript_final_20260712T175019Z_c664ef152ff3,c664ef152ff3a9eef89c53a403b9c2e6f677340bea0307b02d97d07cc54bdfc3,no_salary_hike_no_attrition_no_department,sigmoid,4,222,2,2,0.8286231589981408,0.12303429456199991,0.048342546439859274
manuscript_final_20260712T175019Z_c664ef152ff3,c664ef152ff3a9eef89c53a403b9c2e6f677340bea0307b02d97d07cc54bdfc3,no_salary_hike_no_attrition_no_department,sigmoid,4,223,2,3,0.43420992135244807,0.5099231476110957,0.05586693103645616
manuscript_final_20260712T175019Z_c664ef152ff3,c664ef152ff3a9eef89c53a403b9c2e6f677340bea0307b02d97d07cc54bdfc3,no_salary_hike_no_attrition_no_department,sigmoid,4,236,3,3,0.0030940544359114946,0.9173627982105742,0.07954314735351424
manuscript_final_20260712T175019Z_c664ef152ff3,c664ef152ff3a9eef89c53a403b9c2e6f677340bea0307b02d97d07cc54bdfc3,no_salary_hike_no_attrition_no_department,sigmoid,4,243,3,3,0.021877544019122966,0.8678408075907862,0.11028164839009086
manuscript_final_20260712T175019Z_c664ef152ff3,c664ef152ff3a9eef89c53a403b9c2e6f677340bea0307b02d97d07cc54bdfc3,no_salary_hike_no_attrition_no_department,sigmoid,4,246,3,3,0.006145753132776307,0.8280283030588143,0.1658259438084094
manuscript_final_20260712T175019Z_c664ef152ff3,c664ef152ff3a9eef89c53a403b9c2e6f677340bea0307b02d97d07cc54bdfc3,no_salary_hike_no_attrition_no_department,sigmoid,4,249,2,3,0.1778377033311114,0.7335809135259226,0.08858138314296594
manuscript_final_20260712T175019Z_c664ef152ff3,c664ef152ff3a9eef89c53a403b9c2e6f677340bea0307b02d97d07cc54bdfc3,no_salary_hike_no_attrition_no_department,sigmoid,4,255,3,3,0.0007927250733312951,0.9135080664030795,0.0856992085235893
manuscript_final_20260712T175019Z_c664ef152ff3,c664ef152ff3a9eef89c53a403b9c2e6f677340bea0307b02d97d07cc54bdfc3,no_salary_hike_no_attrition_no_department,sigmoid,4,261,3,3,0.010105804201093787,0.7560473525747872,0.23384684322411906
manuscript_final_20260712T175019Z_c664ef152ff3,c664ef152ff3a9eef89c53a403b9c2e6f677340bea0307b02d97d07cc54bdfc3,no_salary_hike_no_attrition_no_department,sigmoid,4,266,4,3,0.0015944223248158384,0.8579082687581396,0.1404973089170445
manuscript_final_20260712T175019Z_c664ef152ff3,c664ef152ff3a9eef89c53a403b9c2e6f677340bea0307b02d97d07cc54bdfc3,no_salary_hike_no_attrition_no_department,sigmoid,4,268,3,3,0.00533952535185427,0.8736550415585118,0.12100543308963395
manuscript_final_20260712T175019Z_c664ef152ff3,c664ef152ff3a9eef89c53a403b9c2e6f677340bea0307b02d97d07cc54bdfc3,no_salary_hike_no_attrition_no_department,sigmoid,4,274,2,2,0.6124233602875039,0.31161549293586543,0.07596114677663045
manuscript_final_20260712T175019Z_c664ef152ff3,c664ef152ff3a9eef89c53a403b9c2e6f677340bea0307b02d97d07cc54bdfc3,no_salary_hike_no_attrition_no_department,sigmoid,4,275,3,3,0.002570613790790287,0.8773252335896874,0.12010415261952237
manuscript_final_20260712T175019Z_c664ef152ff3,c664ef152ff3a9eef89c53a403b9c2e6f677340bea0307b02d97d07cc54bdfc3,no_salary_hike_no_attrition_no_department,sigmoid,4,284,4,3,0.0009462314742773557,0.8480587870912926,0.15099498143443016
manuscript_final_20260712T175019Z_c664ef152ff3,c664ef152ff3a9eef89c53a403b9c2e6f677340bea0307b02d97d07cc54bdfc3,no_salary_hike_no_attrition_no_department,sigmoid,4,304,2,2,0.7992912302021301,0.1584304361356847,0.04227833366218528
manuscript_final_20260712T175019Z_c664ef152ff3,c664ef152ff3a9eef89c53a403b9c2e6f677340bea0307b02d97d07cc54bdfc3,no_salary_hike_no_attrition_no_department,sigmoid,4,306,4,3,0.005952867058123237,0.8612092098846154,0.13283792305726141
manuscript_final_20260712T175019Z_c664ef152ff3,c664ef152ff3a9eef89c53a403b9c2e6f677340bea0307b02d97d07cc54bdfc3,no_salary_hike_no_attrition_no_department,sigmoid,4,318,3,3,0.004230418744736991,0.8828785991185949,0.11289098213666816
manuscript_final_20260712T175019Z_c664ef152ff3,c664ef152ff3a9eef89c53a403b9c2e6f677340bea0307b02d97d07cc54bdfc3,no_salary_hike_no_attrition_no_department,sigmoid,4,322,3,3,0.010045411139190817,0.784336724192745,0.20561786466806414
manuscript_final_20260712T175019Z_c664ef152ff3,c664ef152ff3a9eef89c53a403b9c2e6f677340bea0307b02d97d07cc54bdfc3,no_salary_hike_no_attrition_no_department,sigmoid,4,354,3,3,0.0009223343836422253,0.9196634741006425,0.07941419151571517
manuscript_final_20260712T175019Z_c664ef152ff3,c664ef152ff3a9eef89c53a403b9c2e6f677340bea0307b02d97d07cc54bdfc3,no_salary_hike_no_attrition_no_department,sigmoid,4,357,4,3,0.0012128766799817882,0.8340001217877745,0.1647870015322437
manuscript_final_20260712T175019Z_c664ef152ff3,c664ef152ff3a9eef89c53a403b9c2e6f677340bea0307b02d97d07cc54bdfc3,no_salary_hike_no_attrition_no_department,sigmoid,4,371,3,3,0.002211560145459363,0.8866969260014957,0.11109151385304494
manuscript_final_20260712T175019Z_c664ef152ff3,c664ef152ff3a9eef89c53a403b9c2e6f677340bea0307b02d97d07cc54bdfc3,no_salary_hike_no_attrition_no_department,sigmoid,4,392,3,2,0.6781302425615898,0.20943355357059532,0.11243620386781492
manuscript_final_20260712T175019Z_c664ef152ff3,c664ef152ff3a9eef89c53a403b9c2e6f677340bea0307b02d97d07cc54bdfc3,no_salary_hike_no_attrition_no_department,sigmoid,4,397,2,2,0.7582333365340784,0.16942268784643957,0.07234397561948193
manuscript_final_20260712T175019Z_c664ef152ff3,c664ef152ff3a9eef89c53a403b9c2e6f677340bea0307b02d97d07cc54bdfc3,no_salary_hike_no_attrition_no_department,sigmoid,4,399,3,3,0.09126206528833569,0.8499229445546966,0.058814990156967686
manuscript_final_20260712T175019Z_c664ef152ff3,c664ef152ff3a9eef89c53a403b9c2e6f677340bea0307b02d97d07cc54bdfc3,no_salary_hike_no_attrition_no_department,sigmoid,4,409,3,3,0.0013971779028437933,0.9075517298983921,0.09105109219876424
manuscript_final_20260712T175019Z_c664ef152ff3,c664ef152ff3a9eef89c53a403b9c2e6f677340bea0307b02d97d07cc54bdfc3,no_salary_hike_no_attrition_no_department,sigmoid,4,424,3,3,0.0007772047853751434,0.9190696653545738,0.08015312986005102
manuscript_final_20260712T175019Z_c664ef152ff3,c664ef152ff3a9eef89c53a403b9c2e6f677340bea0307b02d97d07cc54bdfc3,no_salary_hike_no_attrition_no_department,sigmoid,4,426,2,2,0.6616641049325602,0.24001148397756478,0.09832441108987502
manuscript_final_20260712T175019Z_c664ef152ff3,c664ef152ff3a9eef89c53a403b9c2e6f677340bea0307b02d97d07cc54bdfc3,no_salary_hike_no_attrition_no_department,sigmoid,4,428,3,3,0.0007241382657690036,0.8912800617180409,0.10799580001619002
manuscript_final_20260712T175019Z_c664ef152ff3,c664ef152ff3a9eef89c53a403b9c2e6f677340bea0307b02d97d07cc54bdfc3,no_salary_hike_no_attrition_no_department,sigmoid,4,459,4,3,0.005070299911537498,0.8999154310225891,0.09501426906587339
manuscript_final_20260712T175019Z_c664ef152ff3,c664ef152ff3a9eef89c53a403b9c2e6f677340bea0307b02d97d07cc54bdfc3,no_salary_hike_no_attrition_no_department,sigmoid,4,469,3,3,0.0068479042092701664,0.8879371564764386,0.10521493931429117
manuscript_final_20260712T175019Z_c664ef152ff3,c664ef152ff3a9eef89c53a403b9c2e6f677340bea0307b02d97d07cc54bdfc3,no_salary_hike_no_attrition_no_department,sigmoid,4,473,3,3,0.006763604062819095,0.8663201757104299,0.12691622022675103
manuscript_final_20260712T175019Z_c664ef152ff3,c664ef152ff3a9eef89c53a403b9c2e6f677340bea0307b02d97d07cc54bdfc3,no_salary_hike_no_attrition_no_department,sigmoid,4,491,3,3,0.006527061185783354,0.898723120172471,0.09474981864174556
manuscript_final_20260712T175019Z_c664ef152ff3,c664ef152ff3a9eef89c53a403b9c2e6f677340bea0307b02d97d07cc54bdfc3,no_salary_hike_no_attrition_no_department,sigmoid,4,512,3,3,0.0021392379391158775,0.9229485028424699,0.07491225921841428
manuscript_final_20260712T175019Z_c664ef152ff3,c664ef152ff3a9eef89c53a403b9c2e6f677340bea0307b02d97d07cc54bdfc3,no_salary_hike_no_attrition_no_department,sigmoid,4,534,3,3,0.004040500369127203,0.8999525104419204,0.09600698918895248
manuscript_final_20260712T175019Z_c664ef152ff3,c664ef152ff3a9eef89c53a403b9c2e6f677340bea0307b02d97d07cc54bdfc3,no_salary_hike_no_attrition_no_department,sigmoid,4,537,4,3,0.0031063209822310596,0.8780911459553847,0.11880253306238427
manuscript_final_20260712T175019Z_c664ef152ff3,c664ef152ff3a9eef89c53a403b9c2e6f677340bea0307b02d97d07cc54bdfc3,no_salary_hike_no_attrition_no_department,sigmoid,4,552,3,3,0.005593774782091088,0.896429230204577,0.09797699501333197
manuscript_final_20260712T175019Z_c664ef152ff3,c664ef152ff3a9eef89c53a403b9c2e6f677340bea0307b02d97d07cc54bdfc3,no_salary_hike_no_attrition_no_department,sigmoid,4,563,3,3,0.00283164388405046,0.9207923203520613,0.07637603576388828
manuscript_final_20260712T175019Z_c664ef152ff3,c664ef152ff3a9eef89c53a403b9c2e6f677340bea0307b02d97d07cc54bdfc3,no_salary_hike_no_attrition_no_department,sigmoid,4,568,4,3,0.012737430477656337,0.8239432088978266,0.1633193606245171
manuscript_final_20260712T175019Z_c664ef152ff3,c664ef152ff3a9eef89c53a403b9c2e6f677340bea0307b02d97d07cc54bdfc3,no_salary_hike_no_attrition_no_department,sigmoid,4,577,3,3,0.007523643790169393,0.8212594460452664,0.1712169101645643
manuscript_final_20260712T175019Z_c664ef152ff3,c664ef152ff3a9eef89c53a403b9c2e6f677340bea0307b02d97d07cc54bdfc3,no_salary_hike_no_attrition_no_department,sigmoid,4,582,3,3,0.007585756654713064,0.8279002267927075,0.1645140165525795
manuscript_final_20260712T175019Z_c664ef152ff3,c664ef152ff3a9eef89c53a403b9c2e6f677340bea0307b02d97d07cc54bdfc3,no_salary_hike_no_attrition_no_department,sigmoid,4,593,3,3,0.012371272014570053,0.8837923030292582,0.10383642495617183
manuscript_final_20260712T175019Z_c664ef152ff3,c664ef152ff3a9eef89c53a403b9c2e6f677340bea0307b02d97d07cc54bdfc3,no_salary_hike_no_attrition_no_department,sigmoid,4,604,3,3,0.003867658848257406,0.9042758087907815,0.09185653236096106
manuscript_final_20260712T175019Z_c664ef152ff3,c664ef152ff3a9eef89c53a403b9c2e6f677340bea0307b02d97d07cc54bdfc3,no_salary_hike_no_attrition_no_department,sigmoid,4,612,2,2,0.5700155591458611,0.3753919796370187,0.05459246121712012
manuscript_final_20260712T175019Z_c664ef152ff3,c664ef152ff3a9eef89c53a403b9c2e6f677340bea0307b02d97d07cc54bdfc3,no_salary_hike_no_attrition_no_department,sigmoid,4,621,3,3,0.009006173749102052,0.9117265049328098,0.0792673213180882
manuscript_final_20260712T175019Z_c664ef152ff3,c664ef152ff3a9eef89c53a403b9c2e6f677340bea0307b02d97d07cc54bdfc3,no_salary_hike_no_attrition_no_department,sigmoid,4,622,3,3,0.004992717602980446,0.8457112357882384,0.14929604660878112
manuscript_final_20260712T175019Z_c664ef152ff3,c664ef152ff3a9eef89c53a403b9c2e6f677340bea0307b02d97d07cc54bdfc3,no_salary_hike_no_attrition_no_department,sigmoid,4,636,3,3,0.004365486652973638,0.8557853023355184,0.13984921101150788
manuscript_final_20260712T175019Z_c664ef152ff3,c664ef152ff3a9eef89c53a403b9c2e6f677340bea0307b02d97d07cc54bdfc3,no_salary_hike_no_attrition_no_department,sigmoid,4,638,3,3,0.0038317298686008443,0.8911859957442845,0.10498227438711479
manuscript_final_20260712T175019Z_c664ef152ff3,c664ef152ff3a9eef89c53a403b9c2e6f677340bea0307b02d97d07cc54bdfc3,no_salary_hike_no_attrition_no_department,sigmoid,4,642,3,3,0.0028554104142027516,0.9122547151538135,0.08488987443198386
manuscript_final_20260712T175019Z_c664ef152ff3,c664ef152ff3a9eef89c53a403b9c2e6f677340bea0307b02d97d07cc54bdfc3,no_salary_hike_no_attrition_no_department,sigmoid,4,646,3,3,0.002587108159198543,0.9154296144692601,0.08198327737154132
manuscript_final_20260712T175019Z_c664ef152ff3,c664ef152ff3a9eef89c53a403b9c2e6f677340bea0307b02d97d07cc54bdfc3,no_salary_hike_no_attrition_no_department,sigmoid,4,653,2,2,0.6691563914299427,0.2725323084081252,0.05831130016193211
manuscript_final_20260712T175019Z_c664ef152ff3,c664ef152ff3a9eef89c53a403b9c2e6f677340bea0307b02d97d07cc54bdfc3,no_salary_hike_no_attrition_no_department,sigmoid,4,677,3,3,0.0011642608462459742,0.8877205554568492,0.11111518369690475
manuscript_final_20260712T175019Z_c664ef152ff3,c664ef152ff3a9eef89c53a403b9c2e6f677340bea0307b02d97d07cc54bdfc3,no_salary_hike_no_attrition_no_department,sigmoid,4,692,3,3,0.0017462118899821946,0.897897675803661,0.10035611230635672
manuscript_final_20260712T175019Z_c664ef152ff3,c664ef152ff3a9eef89c53a403b9c2e6f677340bea0307b02d97d07cc54bdfc3,no_salary_hike_no_attrition_no_department,sigmoid,4,697,3,3,0.0316812963021388,0.8548475383749481,0.11347116532291321
manuscript_final_20260712T175019Z_c664ef152ff3,c664ef152ff3a9eef89c53a403b9c2e6f677340bea0307b02d97d07cc54bdfc3,no_salary_hike_no_attrition_no_department,sigmoid,4,715,3,3,0.0019968122511127362,0.8987935699518271,0.09920961779706017
manuscript_final_20260712T175019Z_c664ef152ff3,c664ef152ff3a9eef89c53a403b9c2e6f677340bea0307b02d97d07cc54bdfc3,no_salary_hike_no_attrition_no_department,sigmoid,4,725,2,2,0.5105275496711085,0.44167748754361,0.04779496278528158
manuscript_final_20260712T175019Z_c664ef152ff3,c664ef152ff3a9eef89c53a403b9c2e6f677340bea0307b02d97d07cc54bdfc3,no_salary_hike_no_attrition_no_department,sigmoid,4,734,2,2,0.5283224469675609,0.39716668738480027,0.0745108656476388
manuscript_final_20260712T175019Z_c664ef152ff3,c664ef152ff3a9eef89c53a403b9c2e6f677340bea0307b02d97d07cc54bdfc3,no_salary_hike_no_attrition_no_department,sigmoid,4,746,3,3,0.003708319748110338,0.8531955839740031,0.14309609627788644
manuscript_final_20260712T175019Z_c664ef152ff3,c664ef152ff3a9eef89c53a403b9c2e6f677340bea0307b02d97d07cc54bdfc3,no_salary_hike_no_attrition_no_department,sigmoid,4,752,3,3,0.0006064604230844018,0.9336126223675278,0.06578091720938775
manuscript_final_20260712T175019Z_c664ef152ff3,c664ef152ff3a9eef89c53a403b9c2e6f677340bea0307b02d97d07cc54bdfc3,no_salary_hike_no_attrition_no_department,sigmoid,4,763,3,3,0.0016783271302170206,0.8862877898017307,0.11203388306805216
manuscript_final_20260712T175019Z_c664ef152ff3,c664ef152ff3a9eef89c53a403b9c2e6f677340bea0307b02d97d07cc54bdfc3,no_salary_hike_no_attrition_no_department,sigmoid,4,772,2,3,0.27349480123872594,0.6487648118560719,0.0777403869052023
manuscript_final_20260712T175019Z_c664ef152ff3,c664ef152ff3a9eef89c53a403b9c2e6f677340bea0307b02d97d07cc54bdfc3,no_salary_hike_no_attrition_no_department,sigmoid,4,793,3,3,0.002336521858477949,0.8224835676195877,0.1751799105219344
manuscript_final_20260712T175019Z_c664ef152ff3,c664ef152ff3a9eef89c53a403b9c2e6f677340bea0307b02d97d07cc54bdfc3,no_salary_hike_no_attrition_no_department,sigmoid,4,810,2,2,0.7932022648799866,0.15261265105096672,0.05418508406904679
manuscript_final_20260712T175019Z_c664ef152ff3,c664ef152ff3a9eef89c53a403b9c2e6f677340bea0307b02d97d07cc54bdfc3,no_salary_hike_no_attrition_no_department,sigmoid,4,827,4,3,0.002840271601348083,0.7625079948643593,0.23465173353429275
manuscript_final_20260712T175019Z_c664ef152ff3,c664ef152ff3a9eef89c53a403b9c2e6f677340bea0307b02d97d07cc54bdfc3,no_salary_hike_no_attrition_no_department,sigmoid,4,844,4,3,0.030571575668316593,0.7127711468604522,0.2566572774712311
manuscript_final_20260712T175019Z_c664ef152ff3,c664ef152ff3a9eef89c53a403b9c2e6f677340bea0307b02d97d07cc54bdfc3,no_salary_hike_no_attrition_no_department,sigmoid,4,847,4,3,0.0015361035758010612,0.8779815091937703,0.12048238723042866
manuscript_final_20260712T175019Z_c664ef152ff3,c664ef152ff3a9eef89c53a403b9c2e6f677340bea0307b02d97d07cc54bdfc3,no_salary_hike_no_attrition_no_department,sigmoid,4,858,3,3,0.0010104970247734818,0.79978345632623,0.19920604664899652
manuscript_final_20260712T175019Z_c664ef152ff3,c664ef152ff3a9eef89c53a403b9c2e6f677340bea0307b02d97d07cc54bdfc3,no_salary_hike_no_attrition_no_department,sigmoid,4,861,4,3,0.0015924989008122843,0.8991522346415234,0.09925526645766432
manuscript_final_20260712T175019Z_c664ef152ff3,c664ef152ff3a9eef89c53a403b9c2e6f677340bea0307b02d97d07cc54bdfc3,no_salary_hike_no_attrition_no_department,sigmoid,4,867,3,3,0.006353122918190172,0.847389241993575,0.14625763508823486
manuscript_final_20260712T175019Z_c664ef152ff3,c664ef152ff3a9eef89c53a403b9c2e6f677340bea0307b02d97d07cc54bdfc3,no_salary_hike_no_attrition_no_department,sigmoid,4,885,3,3,0.0013646917744559231,0.9198550456086512,0.07878026261689303
manuscript_final_20260712T175019Z_c664ef152ff3,c664ef152ff3a9eef89c53a403b9c2e6f677340bea0307b02d97d07cc54bdfc3,no_salary_hike_no_attrition_no_department,sigmoid,4,888,3,3,0.02885689872105653,0.9193083775580307,0.05183472372091279
manuscript_final_20260712T175019Z_c664ef152ff3,c664ef152ff3a9eef89c53a403b9c2e6f677340bea0307b02d97d07cc54bdfc3,no_salary_hike_no_attrition_no_department,sigmoid,4,899,3,3,0.09030496087948552,0.7989398115600034,0.1107552275605111
manuscript_final_20260712T175019Z_c664ef152ff3,c664ef152ff3a9eef89c53a403b9c2e6f677340bea0307b02d97d07cc54bdfc3,no_salary_hike_no_attrition_no_department,sigmoid,4,903,3,3,0.0014983201150607474,0.9186975212260909,0.07980415865884838
manuscript_final_20260712T175019Z_c664ef152ff3,c664ef152ff3a9eef89c53a403b9c2e6f677340bea0307b02d97d07cc54bdfc3,no_salary_hike_no_attrition_no_department,sigmoid,4,932,3,3,0.001571387910423563,0.9203936999564322,0.07803491213314427
manuscript_final_20260712T175019Z_c664ef152ff3,c664ef152ff3a9eef89c53a403b9c2e6f677340bea0307b02d97d07cc54bdfc3,no_salary_hike_no_attrition_no_department,sigmoid,4,947,3,3,0.001240239973547839,0.8950337661479856,0.10372599387846668
manuscript_final_20260712T175019Z_c664ef152ff3,c664ef152ff3a9eef89c53a403b9c2e6f677340bea0307b02d97d07cc54bdfc3,no_salary_hike_no_attrition_no_department,sigmoid,4,959,3,3,0.016924105688948844,0.8848246153776007,0.09825127893345044
manuscript_final_20260712T175019Z_c664ef152ff3,c664ef152ff3a9eef89c53a403b9c2e6f677340bea0307b02d97d07cc54bdfc3,no_salary_hike_no_attrition_no_department,sigmoid,4,967,2,3,0.3870261714911006,0.5138404229374115,0.09913340557148782
manuscript_final_20260712T175019Z_c664ef152ff3,c664ef152ff3a9eef89c53a403b9c2e6f677340bea0307b02d97d07cc54bdfc3,no_salary_hike_no_attrition_no_department,sigmoid,4,969,3,3,0.0015547393855861115,0.8817225910275479,0.11672266958686602
manuscript_final_20260712T175019Z_c664ef152ff3,c664ef152ff3a9eef89c53a403b9c2e6f677340bea0307b02d97d07cc54bdfc3,no_salary_hike_no_attrition_no_department,sigmoid,4,986,4,3,0.046912257568541116,0.8840334843121891,0.06905425811926977
manuscript_final_20260712T175019Z_c664ef152ff3,c664ef152ff3a9eef89c53a403b9c2e6f677340bea0307b02d97d07cc54bdfc3,no_salary_hike_no_attrition_no_department,sigmoid,4,1042,3,3,0.002195735022635912,0.8788612940076201,0.11894297096974388
manuscript_final_20260712T175019Z_c664ef152ff3,c664ef152ff3a9eef89c53a403b9c2e6f677340bea0307b02d97d07cc54bdfc3,no_salary_hike_no_attrition_no_department,sigmoid,4,1069,3,3,0.004745311413512248,0.872437027870289,0.12281766071619879
manuscript_final_20260712T175019Z_c664ef152ff3,c664ef152ff3a9eef89c53a403b9c2e6f677340bea0307b02d97d07cc54bdfc3,no_salary_hike_no_attrition_no_department,sigmoid,4,1073,3,3,0.0038229569366226256,0.9289719899119511,0.0672050531514263
manuscript_final_20260712T175019Z_c664ef152ff3,c664ef152ff3a9eef89c53a403b9c2e6f677340bea0307b02d97d07cc54bdfc3,no_salary_hike_no_attrition_no_department,sigmoid,4,1083,3,3,0.0036875170955300907,0.9208931041531753,0.07541937875129459
manuscript_final_20260712T175019Z_c664ef152ff3,c664ef152ff3a9eef89c53a403b9c2e6f677340bea0307b02d97d07cc54bdfc3,no_salary_hike_no_attrition_no_department,sigmoid,4,1094,2,2,0.6212796002274047,0.29982733640939496,0.07889306336320023
manuscript_final_20260712T175019Z_c664ef152ff3,c664ef152ff3a9eef89c53a403b9c2e6f677340bea0307b02d97d07cc54bdfc3,no_salary_hike_no_attrition_no_department,sigmoid,4,1115,3,3,0.009246553760962593,0.8851347935425112,0.1056186526965261
manuscript_final_20260712T175019Z_c664ef152ff3,c664ef152ff3a9eef89c53a403b9c2e6f677340bea0307b02d97d07cc54bdfc3,no_salary_hike_no_attrition_no_department,sigmoid,4,1117,3,2,0.5312278073749191,0.4045962853247803,0.06417590730030064
manuscript_final_20260712T175019Z_c664ef152ff3,c664ef152ff3a9eef89c53a403b9c2e6f677340bea0307b02d97d07cc54bdfc3,no_salary_hike_no_attrition_no_department,sigmoid,4,1121,3,3,0.00042967216868826716,0.8834509946441319,0.11611933318717986
manuscript_final_20260712T175019Z_c664ef152ff3,c664ef152ff3a9eef89c53a403b9c2e6f677340bea0307b02d97d07cc54bdfc3,no_salary_hike_no_attrition_no_department,sigmoid,4,1124,3,3,0.0009671967896118383,0.9364006648438338,0.06263213836655428
manuscript_final_20260712T175019Z_c664ef152ff3,c664ef152ff3a9eef89c53a403b9c2e6f677340bea0307b02d97d07cc54bdfc3,no_salary_hike_no_attrition_no_department,sigmoid,4,1132,2,2,0.795966435686746,0.16361234724994012,0.04042121706331405
manuscript_final_20260712T175019Z_c664ef152ff3,c664ef152ff3a9eef89c53a403b9c2e6f677340bea0307b02d97d07cc54bdfc3,no_salary_hike_no_attrition_no_department,sigmoid,4,1135,2,2,0.7157890522047913,0.24493083114691952,0.039280116648289155
manuscript_final_20260712T175019Z_c664ef152ff3,c664ef152ff3a9eef89c53a403b9c2e6f677340bea0307b02d97d07cc54bdfc3,no_salary_hike_no_attrition_no_department,sigmoid,4,1158,3,2,0.7422317793973399,0.20618448963189487,0.051583730970765115
manuscript_final_20260712T175019Z_c664ef152ff3,c664ef152ff3a9eef89c53a403b9c2e6f677340bea0307b02d97d07cc54bdfc3,no_salary_hike_no_attrition_no_department,sigmoid,4,1160,2,2,0.8298173738517555,0.12644048506244046,0.04374214108580397
manuscript_final_20260712T175019Z_c664ef152ff3,c664ef152ff3a9eef89c53a403b9c2e6f677340bea0307b02d97d07cc54bdfc3,no_salary_hike_no_attrition_no_department,sigmoid,4,1164,3,3,0.3171371700213116,0.6081925170005432,0.07467031297814529
manuscript_final_20260712T175019Z_c664ef152ff3,c664ef152ff3a9eef89c53a403b9c2e6f677340bea0307b02d97d07cc54bdfc3,no_salary_hike_no_attrition_no_department,sigmoid,4,1171,3,3,0.0024367009850601706,0.8537278866018869,0.14383541241305292
manuscript_final_20260712T175019Z_c664ef152ff3,c664ef152ff3a9eef89c53a403b9c2e6f677340bea0307b02d97d07cc54bdfc3,no_salary_hike_no_attrition_no_department,sigmoid,4,1173,3,3,0.011936067096653097,0.7707894149103849,0.2172745179929621
manuscript_final_20260712T175019Z_c664ef152ff3,c664ef152ff3a9eef89c53a403b9c2e6f677340bea0307b02d97d07cc54bdfc3,no_salary_hike_no_attrition_no_department,sigmoid,4,1182,3,3,0.0018885640818588419,0.795407206028583,0.20270422988955805
manuscript_final_20260712T175019Z_c664ef152ff3,c664ef152ff3a9eef89c53a403b9c2e6f677340bea0307b02d97d07cc54bdfc3,no_salary_hike_no_attrition_no_department,sigmoid,4,1194,3,2,0.718264451126645,0.22329046421122933,0.058445084662125786
manuscript_final_20260712T175019Z_c664ef152ff3,c664ef152ff3a9eef89c53a403b9c2e6f677340bea0307b02d97d07cc54bdfc3,no_salary_hike_no_attrition_no_department,isotonic,4,1,3,3,9.878934527103987e-09,0.8644067711215989,0.1355932189994665
manuscript_final_20260712T175019Z_c664ef152ff3,c664ef152ff3a9eef89c53a403b9c2e6f677340bea0307b02d97d07cc54bdfc3,no_salary_hike_no_attrition_no_department,isotonic,4,7,3,3,1.0229508092078475e-08,0.8950819580568665,0.10491803171362538
manuscript_final_20260712T175019Z_c664ef152ff3,c664ef152ff3a9eef89c53a403b9c2e6f677340bea0307b02d97d07cc54bdfc3,no_salary_hike_no_attrition_no_department,isotonic,4,13,3,3,1.0177452923559326e-08,0.8956158572732207,0.10438413254932641
manuscript_final_20260712T175019Z_c664ef152ff3,c664ef152ff3a9eef89c53a403b9c2e6f677340bea0307b02d97d07cc54bdfc3,no_salary_hike_no_attrition_no_department,isotonic,4,14,3,3,9.878934527103987e-09,0.8644067711215989,0.1355932189994665
manuscript_final_20260712T175019Z_c664ef152ff3,c664ef152ff3a9eef89c53a403b9c2e6f677340bea0307b02d97d07cc54bdfc3,no_salary_hike_no_attrition_no_department,isotonic,4,27,4,3,1.0485829849561541e-08,0.8502024202347196,0.14979756927945057
manuscript_final_20260712T175019Z_c664ef152ff3,c664ef152ff3a9eef89c53a403b9c2e6f677340bea0307b02d97d07cc54bdfc3,no_salary_hike_no_attrition_no_department,isotonic,4,29,3,3,1.0177452923559326e-08,0.8956158572732207,0.10438413254932641
manuscript_final_20260712T175019Z_c664ef152ff3,c664ef152ff3a9eef89c53a403b9c2e6f677340bea0307b02d97d07cc54bdfc3,no_salary_hike_no_attrition_no_department,isotonic,4,38,3,3,9.999999900000002e-09,0.8571428485714286,0.14285714142857145
manuscript_final_20260712T175019Z_c664ef152ff3,c664ef152ff3a9eef89c53a403b9c2e6f677340bea0307b02d97d07cc54bdfc3,no_salary_hike_no_attrition_no_department,isotonic,4,39,3,3,1.0120350006987704e-08,0.890590800614918,0.10940918926473195
manuscript_final_20260712T175019Z_c664ef152ff3,c664ef152ff3a9eef89c53a403b9c2e6f677340bea0307b02d97d07cc54bdfc3,no_salary_hike_no_attrition_no_department,isotonic,4,43,3,3,1.0056337927039081e-08,0.8619718223176355,0.13802816762602663
manuscript_final_20260712T175019Z_c664ef152ff3,c664ef152ff3a9eef89c53a403b9c2e6f677340bea0307b02d97d07cc54bdfc3,no_salary_hike_no_attrition_no_department,isotonic,4,56,3,3,9.878934527103987e-09,0.8644067711215989,0.1355932189994665
manuscript_final_20260712T175019Z_c664ef152ff3,c664ef152ff3a9eef89c53a403b9c2e6f677340bea0307b02d97d07cc54bdfc3,no_salary_hike_no_attrition_no_department,isotonic,4,66,3,3,1.0177452923559326e-08,0.8956158572732207,0.10438413254932641
manuscript_final_20260712T175019Z_c664ef152ff3,c664ef152ff3a9eef89c53a403b9c2e6f677340bea0307b02d97d07cc54bdfc3,no_salary_hike_no_attrition_no_department,isotonic,4,69,3,2,0.8285714203330613,0.17142856972408166,9.942857043996737e-09
manuscript_final_20260712T175019Z_c664ef152ff3,c664ef152ff3a9eef89c53a403b9c2e6f677340bea0307b02d97d07cc54bdfc3,no_salary_hike_no_attrition_no_department,isotonic,4,70,3,3,1.0485829849561541e-08,0.8502024202347196,0.14979756927945057
manuscript_final_20260712T175019Z_c664ef152ff3,c664ef152ff3a9eef89c53a403b9c2e6f677340bea0307b02d97d07cc54bdfc3,no_salary_hike_no_attrition_no_department,isotonic,4,72,3,2,0.9999999800000006,9.999999800000005e-09,9.999999800000005e-09
manuscript_final_20260712T175019Z_c664ef152ff3,c664ef152ff3a9eef89c53a403b9c2e6f677340bea0307b02d97d07cc54bdfc3,no_salary_hike_no_attrition_no_department,isotonic,4,83,3,3,9.878934527103987e-09,0.8644067711215989,0.1355932189994665
manuscript_final_20260712T175019Z_c664ef152ff3,c664ef152ff3a9eef89c53a403b9c2e6f677340bea0307b02d97d07cc54bdfc3,no_salary_hike_no_attrition_no_department,isotonic,4,90,3,2,0.5342465753424658,0.35616438356164387,0.10958904109589042
manuscript_final_20260712T175019Z_c664ef152ff3,c664ef152ff3a9eef89c53a403b9c2e6f677340bea0307b02d97d07cc54bdfc3,no_salary_hike_no_attrition_no_department,isotonic,4,102,3,3,9.878934527103987e-09,0.8644067711215989,0.1355932189994665
manuscript_final_20260712T175019Z_c664ef152ff3,c664ef152ff3a9eef89c53a403b9c2e6f677340bea0307b02d97d07cc54bdfc3,no_salary_hike_no_attrition_no_department,isotonic,4,115,3,3,9.878934527103987e-09,0.8644067711215989,0.1355932189994665
manuscript_final_20260712T175019Z_c664ef152ff3,c664ef152ff3a9eef89c53a403b9c2e6f677340bea0307b02d97d07cc54bdfc3,no_salary_hike_no_attrition_no_department,isotonic,4,125,3,3,1.0120350006987704e-08,0.890590800614918,0.10940918926473195
manuscript_final_20260712T175019Z_c664ef152ff3,c664ef152ff3a9eef89c53a403b9c2e6f677340bea0307b02d97d07cc54bdfc3,no_salary_hike_no_attrition_no_department,isotonic,4,166,3,3,1.0120350006987704e-08,0.890590800614918,0.10940918926473195
manuscript_final_20260712T175019Z_c664ef152ff3,c664ef152ff3a9eef89c53a403b9c2e6f677340bea0307b02d97d07cc54bdfc3,no_salary_hike_no_attrition_no_department,isotonic,4,197,3,3,9.878934527103987e-09,0.8644067711215989,0.1355932189994665
manuscript_final_20260712T175019Z_c664ef152ff3,c664ef152ff3a9eef89c53a403b9c2e6f677340bea0307b02d97d07cc54bdfc3,no_salary_hike_no_attrition_no_department,isotonic,4,202,3,3,1.0120350006987704e-08,0.890590800614918,0.10940918926473195
manuscript_final_20260712T175019Z_c664ef152ff3,c664ef152ff3a9eef89c53a403b9c2e6f677340bea0307b02d97d07cc54bdfc3,no_salary_hike_no_attrition_no_department,isotonic,4,204,2,2,0.8285714203330613,0.17142856972408166,9.942857043996737e-09
manuscript_final_20260712T175019Z_c664ef152ff3,c664ef152ff3a9eef89c53a403b9c2e6f677340bea0307b02d97d07cc54bdfc3,no_salary_hike_no_attrition_no_department,isotonic,4,219,3,3,1.0120350006987704e-08,0.890590800614918,0.10940918926473195
manuscript_final_20260712T175019Z_c664ef152ff3,c664ef152ff3a9eef89c53a403b9c2e6f677340bea0307b02d97d07cc54bdfc3,no_salary_hike_no_attrition_no_department,isotonic,4,220,3,3,9.878934527103987e-09,0.8644067711215989,0.1355932189994665
manuscript_final_20260712T175019Z_c664ef152ff3,c664ef152ff3a9eef89c53a403b9c2e6f677340bea0307b02d97d07cc54bdfc3,no_salary_hike_no_attrition_no_department,isotonic,4,222,2,2,0.9483662745029402,0.05163371411666441,1.1380395294035282e-08
manuscript_final_20260712T175019Z_c664ef152ff3,c664ef152ff3a9eef89c53a403b9c2e6f677340bea0307b02d97d07cc54bdfc3,no_salary_hike_no_attrition_no_department,isotonic,4,223,2,2,0.5999999928,0.39999999520000007,1.1999999856000002e-08
manuscript_final_20260712T175019Z_c664ef152ff3,c664ef152ff3a9eef89c53a403b9c2e6f677340bea0307b02d97d07cc54bdfc3,no_salary_hike_no_attrition_no_department,isotonic,4,236,3,3,1.0177452923559326e-08,0.8956158572732207,0.10438413254932641
manuscript_final_20260712T175019Z_c664ef152ff3,c664ef152ff3a9eef89c53a403b9c2e6f677340bea0307b02d97d07cc54bdfc3,no_salary_hike_no_attrition_no_department,isotonic,4,243,3,3,9.878934527103987e-09,0.8644067711215989,0.1355932189994665
manuscript_final_20260712T175019Z_c664ef152ff3,c664ef152ff3a9eef89c53a403b9c2e6f677340bea0307b02d97d07cc54bdfc3,no_salary_hike_no_attrition_no_department,isotonic,4,246,3,3,1.0485829849561541e-08,0.8502024202347196,0.14979756927945057
manuscript_final_20260712T175019Z_c664ef152ff3,c664ef152ff3a9eef89c53a403b9c2e6f677340bea0307b02d97d07cc54bdfc3,no_salary_hike_no_attrition_no_department,isotonic,4,249,2,3,0.12038041211312255,0.7808459164094436,0.09877367147743388
manuscript_final_20260712T175019Z_c664ef152ff3,c664ef152ff3a9eef89c53a403b9c2e6f677340bea0307b02d97d07cc54bdfc3,no_salary_hike_no_attrition_no_department,isotonic,4,255,3,3,1.0177452923559326e-08,0.8956158572732207,0.10438413254932641
manuscript_final_20260712T175019Z_c664ef152ff3,c664ef152ff3a9eef89c53a403b9c2e6f677340bea0307b02d97d07cc54bdfc3,no_salary_hike_no_attrition_no_department,isotonic,4,261,3,3,1.0485829849561541e-08,0.8502024202347196,0.14979756927945057
manuscript_final_20260712T175019Z_c664ef152ff3,c664ef152ff3a9eef89c53a403b9c2e6f677340bea0307b02d97d07cc54bdfc3,no_salary_hike_no_attrition_no_department,isotonic,4,266,4,3,9.878934527103987e-09,0.8644067711215989,0.1355932189994665
manuscript_final_20260712T175019Z_c664ef152ff3,c664ef152ff3a9eef89c53a403b9c2e6f677340bea0307b02d97d07cc54bdfc3,no_salary_hike_no_attrition_no_department,isotonic,4,268,3,3,9.878934527103987e-09,0.8644067711215989,0.1355932189994665
manuscript_final_20260712T175019Z_c664ef152ff3,c664ef152ff3a9eef89c53a403b9c2e6f677340bea0307b02d97d07cc54bdfc3,no_salary_hike_no_attrition_no_department,isotonic,4,274,2,2,0.7439265845658537,0.16056050163877342,0.0955129137953729
manuscript_final_20260712T175019Z_c664ef152ff3,c664ef152ff3a9eef89c53a403b9c2e6f677340bea0307b02d97d07cc54bdfc3,no_salary_hike_no_attrition_no_department,isotonic,4,275,3,3,9.878934527103987e-09,0.8644067711215989,0.1355932189994665
manuscript_final_20260712T175019Z_c664ef152ff3,c664ef152ff3a9eef89c53a403b9c2e6f677340bea0307b02d97d07cc54bdfc3,no_salary_hike_no_attrition_no_department,isotonic,4,284,4,3,9.999999900000002e-09,0.8571428485714286,0.14285714142857145
manuscript_final_20260712T175019Z_c664ef152ff3,c664ef152ff3a9eef89c53a403b9c2e6f677340bea0307b02d97d07cc54bdfc3,no_salary_hike_no_attrition_no_department,isotonic,4,304,2,2,0.8285714203330613,0.17142856972408166,9.942857043996737e-09
manuscript_final_20260712T175019Z_c664ef152ff3,c664ef152ff3a9eef89c53a403b9c2e6f677340bea0307b02d97d07cc54bdfc3,no_salary_hike_no_attrition_no_department,isotonic,4,306,4,3,9.878934527103987e-09,0.8644067711215989,0.1355932189994665
manuscript_final_20260712T175019Z_c664ef152ff3,c664ef152ff3a9eef89c53a403b9c2e6f677340bea0307b02d97d07cc54bdfc3,no_salary_hike_no_attrition_no_department,isotonic,4,318,3,3,9.878934527103987e-09,0.8644067711215989,0.1355932189994665
manuscript_final_20260712T175019Z_c664ef152ff3,c664ef152ff3a9eef89c53a403b9c2e6f677340bea0307b02d97d07cc54bdfc3,no_salary_hike_no_attrition_no_department,isotonic,4,322,3,3,1.0485829849561541e-08,0.8502024202347196,0.14979756927945057
manuscript_final_20260712T175019Z_c664ef152ff3,c664ef152ff3a9eef89c53a403b9c2e6f677340bea0307b02d97d07cc54bdfc3,no_salary_hike_no_attrition_no_department,isotonic,4,354,3,3,1.0177452923559326e-08,0.8956158572732207,0.10438413254932641
manuscript_final_20260712T175019Z_c664ef152ff3,c664ef152ff3a9eef89c53a403b9c2e6f677340bea0307b02d97d07cc54bdfc3,no_salary_hike_no_attrition_no_department,isotonic,4,357,4,3,1.0251923195946645e-08,0.8535439440916961,0.14645604565638062
manuscript_final_20260712T175019Z_c664ef152ff3,c664ef152ff3a9eef89c53a403b9c2e6f677340bea0307b02d97d07cc54bdfc3,no_salary_hike_no_attrition_no_department,isotonic,4,371,3,3,9.878934527103987e-09,0.8644067711215989,0.1355932189994665
manuscript_final_20260712T175019Z_c664ef152ff3,c664ef152ff3a9eef89c53a403b9c2e6f677340bea0307b02d97d07cc54bdfc3,no_salary_hike_no_attrition_no_department,isotonic,4,392,3,2,0.7290742383910086,0.1508429458740018,0.12008281573498966
manuscript_final_20260712T175019Z_c664ef152ff3,c664ef152ff3a9eef89c53a403b9c2e6f677340bea0307b02d97d07cc54bdfc3,no_salary_hike_no_attrition_no_department,isotonic,4,397,2,2,0.7518946948544076,0.15556441962504985,0.09254088552054247
manuscript_final_20260712T175019Z_c664ef152ff3,c664ef152ff3a9eef89c53a403b9c2e6f677340bea0307b02d97d07cc54bdfc3,no_salary_hike_no_attrition_no_department,isotonic,4,399,3,3,0.12499999875000002,0.8749999912500002,9.999999900000002e-09
manuscript_final_20260712T175019Z_c664ef152ff3,c664ef152ff3a9eef89c53a403b9c2e6f677340bea0307b02d97d07cc54bdfc3,no_salary_hike_no_attrition_no_department,isotonic,4,409,3,3,1.0120350006987704e-08,0.890590800614918,0.10940918926473195
manuscript_final_20260712T175019Z_c664ef152ff3,c664ef152ff3a9eef89c53a403b9c2e6f677340bea0307b02d97d07cc54bdfc3,no_salary_hike_no_attrition_no_department,isotonic,4,424,3,3,1.0177452923559326e-08,0.8956158572732207,0.10438413254932641
manuscript_final_20260712T175019Z_c664ef152ff3,c664ef152ff3a9eef89c53a403b9c2e6f677340bea0307b02d97d07cc54bdfc3,no_salary_hike_no_attrition_no_department,isotonic,4,426,2,2,0.7388978927449477,0.15287542608516158,0.10822668116989077
manuscript_final_20260712T175019Z_c664ef152ff3,c664ef152ff3a9eef89c53a403b9c2e6f677340bea0307b02d97d07cc54bdfc3,no_salary_hike_no_attrition_no_department,isotonic,4,428,3,3,1.0120350006987704e-08,0.890590800614918,0.10940918926473195
manuscript_final_20260712T175019Z_c664ef152ff3,c664ef152ff3a9eef89c53a403b9c2e6f677340bea0307b02d97d07cc54bdfc3,no_salary_hike_no_attrition_no_department,isotonic,4,459,4,3,1.0120350006987704e-08,0.890590800614918,0.10940918926473195
manuscript_final_20260712T175019Z_c664ef152ff3,c664ef152ff3a9eef89c53a403b9c2e6f677340bea0307b02d97d07cc54bdfc3,no_salary_hike_no_attrition_no_department,isotonic,4,469,3,3,1.0120350006987704e-08,0.890590800614918,0.10940918926473195
manuscript_final_20260712T175019Z_c664ef152ff3,c664ef152ff3a9eef89c53a403b9c2e6f677340bea0307b02d97d07cc54bdfc3,no_salary_hike_no_attrition_no_department,isotonic,4,473,3,3,9.878934527103987e-09,0.8644067711215989,0.1355932189994665
manuscript_final_20260712T175019Z_c664ef152ff3,c664ef152ff3a9eef89c53a403b9c2e6f677340bea0307b02d97d07cc54bdfc3,no_salary_hike_no_attrition_no_department,isotonic,4,491,3,3,1.0120350006987704e-08,0.890590800614918,0.10940918926473195
manuscript_final_20260712T175019Z_c664ef152ff3,c664ef152ff3a9eef89c53a403b9c2e6f677340bea0307b02d97d07cc54bdfc3,no_salary_hike_no_attrition_no_department,isotonic,4,512,3,3,1.0177452923559326e-08,0.8956158572732207,0.10438413254932641
manuscript_final_20260712T175019Z_c664ef152ff3,c664ef152ff3a9eef89c53a403b9c2e6f677340bea0307b02d97d07cc54bdfc3,no_salary_hike_no_attrition_no_department,isotonic,4,534,3,3,1.0120350006987704e-08,0.890590800614918,0.10940918926473195
manuscript_final_20260712T175019Z_c664ef152ff3,c664ef152ff3a9eef89c53a403b9c2e6f677340bea0307b02d97d07cc54bdfc3,no_salary_hike_no_attrition_no_department,isotonic,4,537,4,3,9.878934527103987e-09,0.8644067711215989,0.1355932189994665
manuscript_final_20260712T175019Z_c664ef152ff3,c664ef152ff3a9eef89c53a403b9c2e6f677340bea0307b02d97d07cc54bdfc3,no_salary_hike_no_attrition_no_department,isotonic,4,552,3,3,1.0120350006987704e-08,0.890590800614918,0.10940918926473195
manuscript_final_20260712T175019Z_c664ef152ff3,c664ef152ff3a9eef89c53a403b9c2e6f677340bea0307b02d97d07cc54bdfc3,no_salary_hike_no_attrition_no_department,isotonic,4,563,3,3,1.0177452923559326e-08,0.8956158572732207,0.10438413254932641
manuscript_final_20260712T175019Z_c664ef152ff3,c664ef152ff3a9eef89c53a403b9c2e6f677340bea0307b02d97d07cc54bdfc3,no_salary_hike_no_attrition_no_department,isotonic,4,568,4,3,1.0485829849561541e-08,0.8502024202347196,0.14979756927945057
manuscript_final_20260712T175019Z_c664ef152ff3,c664ef152ff3a9eef89c53a403b9c2e6f677340bea0307b02d97d07cc54bdfc3,no_salary_hike_no_attrition_no_department,isotonic,4,577,3,3,1.0485829849561541e-08,0.8502024202347196,0.14979756927945057
manuscript_final_20260712T175019Z_c664ef152ff3,c664ef152ff3a9eef89c53a403b9c2e6f677340bea0307b02d97d07cc54bdfc3,no_salary_hike_no_attrition_no_department,isotonic,4,582,3,3,1.0485829849561541e-08,0.8502024202347196,0.14979756927945057
manuscript_final_20260712T175019Z_c664ef152ff3,c664ef152ff3a9eef89c53a403b9c2e6f677340bea0307b02d97d07cc54bdfc3,no_salary_hike_no_attrition_no_department,isotonic,4,593,3,3,1.0171821202375976e-08,0.8900343552078979,0.10996563462028083
manuscript_final_20260712T175019Z_c664ef152ff3,c664ef152ff3a9eef89c53a403b9c2e6f677340bea0307b02d97d07cc54bdfc3,no_salary_hike_no_attrition_no_department,isotonic,4,604,3,3,1.0120350006987704e-08,0.890590800614918,0.10940918926473195
manuscript_final_20260712T175019Z_c664ef152ff3,c664ef152ff3a9eef89c53a403b9c2e6f677340bea0307b02d97d07cc54bdfc3,no_salary_hike_no_attrition_no_department,isotonic,4,612,2,2,0.5999999928,0.39999999520000007,1.1999999856000002e-08
manuscript_final_20260712T175019Z_c664ef152ff3,c664ef152ff3a9eef89c53a403b9c2e6f677340bea0307b02d97d07cc54bdfc3,no_salary_hike_no_attrition_no_department,isotonic,4,621,3,3,1.0177452923559326e-08,0.8956158572732207,0.10438413254932641
manuscript_final_20260712T175019Z_c664ef152ff3,c664ef152ff3a9eef89c53a403b9c2e6f677340bea0307b02d97d07cc54bdfc3,no_salary_hike_no_attrition_no_department,isotonic,4,622,3,3,9.999999900000002e-09,0.8571428485714286,0.14285714142857145
manuscript_final_20260712T175019Z_c664ef152ff3,c664ef152ff3a9eef89c53a403b9c2e6f677340bea0307b02d97d07cc54bdfc3,no_salary_hike_no_attrition_no_department,isotonic,4,636,3,3,9.878934527103987e-09,0.8644067711215989,0.1355932189994665
manuscript_final_20260712T175019Z_c664ef152ff3,c664ef152ff3a9eef89c53a403b9c2e6f677340bea0307b02d97d07cc54bdfc3,no_salary_hike_no_attrition_no_department,isotonic,4,638,3,3,1.0120350006987704e-08,0.890590800614918,0.10940918926473195
manuscript_final_20260712T175019Z_c664ef152ff3,c664ef152ff3a9eef89c53a403b9c2e6f677340bea0307b02d97d07cc54bdfc3,no_salary_hike_no_attrition_no_department,isotonic,4,642,3,3,1.0177452923559326e-08,0.8956158572732207,0.10438413254932641
manuscript_final_20260712T175019Z_c664ef152ff3,c664ef152ff3a9eef89c53a403b9c2e6f677340bea0307b02d97d07cc54bdfc3,no_salary_hike_no_attrition_no_department,isotonic,4,646,3,3,1.0177452923559326e-08,0.8956158572732207,0.10438413254932641
manuscript_final_20260712T175019Z_c664ef152ff3,c664ef152ff3a9eef89c53a403b9c2e6f677340bea0307b02d97d07cc54bdfc3,no_salary_hike_no_attrition_no_department,isotonic,4,653,2,2,0.7518946948544076,0.15556441962504985,0.09254088552054247
manuscript_final_20260712T175019Z_c664ef152ff3,c664ef152ff3a9eef89c53a403b9c2e6f677340bea0307b02d97d07cc54bdfc3,no_salary_hike_no_attrition_no_department,isotonic,4,677,3,3,9.878934527103987e-09,0.8644067711215989,0.1355932189994665
manuscript_final_20260712T175019Z_c664ef152ff3,c664ef152ff3a9eef89c53a403b9c2e6f677340bea0307b02d97d07cc54bdfc3,no_salary_hike_no_attrition_no_department,isotonic,4,692,3,3,1.0120350006987704e-08,0.890590800614918,0.10940918926473195
manuscript_final_20260712T175019Z_c664ef152ff3,c664ef152ff3a9eef89c53a403b9c2e6f677340bea0307b02d97d07cc54bdfc3,no_salary_hike_no_attrition_no_department,isotonic,4,697,3,3,9.878934527103987e-09,0.8644067711215989,0.1355932189994665
manuscript_final_20260712T175019Z_c664ef152ff3,c664ef152ff3a9eef89c53a403b9c2e6f677340bea0307b02d97d07cc54bdfc3,no_salary_hike_no_attrition_no_department,isotonic,4,715,3,3,1.0120350006987704e-08,0.890590800614918,0.10940918926473195
manuscript_final_20260712T175019Z_c664ef152ff3,c664ef152ff3a9eef89c53a403b9c2e6f677340bea0307b02d97d07cc54bdfc3,no_salary_hike_no_attrition_no_department,isotonic,4,725,2,2,0.5999999928,0.39999999520000007,1.1999999856000002e-08
manuscript_final_20260712T175019Z_c664ef152ff3,c664ef152ff3a9eef89c53a403b9c2e6f677340bea0307b02d97d07cc54bdfc3,no_salary_hike_no_attrition_no_department,isotonic,4,734,2,2,0.5342465753424658,0.35616438356164387,0.10958904109589042
manuscript_final_20260712T175019Z_c664ef152ff3,c664ef152ff3a9eef89c53a403b9c2e6f677340bea0307b02d97d07cc54bdfc3,no_salary_hike_no_attrition_no_department,isotonic,4,746,3,3,9.878934527103987e-09,0.8644067711215989,0.1355932189994665
manuscript_final_20260712T175019Z_c664ef152ff3,c664ef152ff3a9eef89c53a403b9c2e6f677340bea0307b02d97d07cc54bdfc3,no_salary_hike_no_attrition_no_department,isotonic,4,752,3,3,1.0177452923559326e-08,0.8956158572732207,0.10438413254932641
manuscript_final_20260712T175019Z_c664ef152ff3,c664ef152ff3a9eef89c53a403b9c2e6f677340bea0307b02d97d07cc54bdfc3,no_salary_hike_no_attrition_no_department,isotonic,4,763,3,3,9.878934527103987e-09,0.8644067711215989,0.1355932189994665
manuscript_final_20260712T175019Z_c664ef152ff3,c664ef152ff3a9eef89c53a403b9c2e6f677340bea0307b02d97d07cc54bdfc3,no_salary_hike_no_attrition_no_department,isotonic,4,772,2,3,0.3594787039553617,0.5667820747204615,0.07373922132417676
manuscript_final_20260712T175019Z_c664ef152ff3,c664ef152ff3a9eef89c53a403b9c2e6f677340bea0307b02d97d07cc54bdfc3,no_salary_hike_no_attrition_no_department,isotonic,4,793,3,3,1.0485829849561541e-08,0.8502024202347196,0.14979756927945057
manuscript_final_20260712T175019Z_c664ef152ff3,c664ef152ff3a9eef89c53a403b9c2e6f677340bea0307b02d97d07cc54bdfc3,no_salary_hike_no_attrition_no_department,isotonic,4,810,2,2,0.8285714203330613,0.17142856972408166,9.942857043996737e-09
manuscript_final_20260712T175019Z_c664ef152ff3,c664ef152ff3a9eef89c53a403b9c2e6f677340bea0307b02d97d07cc54bdfc3,no_salary_hike_no_attrition_no_department,isotonic,4,827,4,3,1.0485829849561541e-08,0.8502024202347196,0.14979756927945057
manuscript_final_20260712T175019Z_c664ef152ff3,c664ef152ff3a9eef89c53a403b9c2e6f677340bea0307b02d97d07cc54bdfc3,no_salary_hike_no_attrition_no_department,isotonic,4,844,4,3,9.545454454338844e-09,0.6818181753099174,0.3181818151446281
manuscript_final_20260712T175019Z_c664ef152ff3,c664ef152ff3a9eef89c53a403b9c2e6f677340bea0307b02d97d07cc54bdfc3,no_salary_hike_no_attrition_no_department,isotonic,4,847,4,3,9.878934527103987e-09,0.8644067711215989,0.1355932189994665
manuscript_final_20260712T175019Z_c664ef152ff3,c664ef152ff3a9eef89c53a403b9c2e6f677340bea0307b02d97d07cc54bdfc3,no_salary_hike_no_attrition_no_department,isotonic,4,858,3,3,1.0485829849561541e-08,0.8502024202347196,0.14979756927945057
manuscript_final_20260712T175019Z_c664ef152ff3,c664ef152ff3a9eef89c53a403b9c2e6f677340bea0307b02d97d07cc54bdfc3,no_salary_hike_no_attrition_no_department,isotonic,4,861,4,3,1.0120350006987704e-08,0.890590800614918,0.10940918926473195
manuscript_final_20260712T175019Z_c664ef152ff3,c664ef152ff3a9eef89c53a403b9c2e6f677340bea0307b02d97d07cc54bdfc3,no_salary_hike_no_attrition_no_department,isotonic,4,867,3,3,9.878934527103987e-09,0.8644067711215989,0.1355932189994665
manuscript_final_20260712T175019Z_c664ef152ff3,c664ef152ff3a9eef89c53a403b9c2e6f677340bea0307b02d97d07cc54bdfc3,no_salary_hike_no_attrition_no_department,isotonic,4,885,3,3,1.0177452923559326e-08,0.8956158572732207,0.10438413254932641
manuscript_final_20260712T175019Z_c664ef152ff3,c664ef152ff3a9eef89c53a403b9c2e6f677340bea0307b02d97d07cc54bdfc3,no_salary_hike_no_attrition_no_department,isotonic,4,888,3,3,1.1363636105371906e-08,0.9999999772727277,1.1363636105371906e-08
manuscript_final_20260712T175019Z_c664ef152ff3,c664ef152ff3a9eef89c53a403b9c2e6f677340bea0307b02d97d07cc54bdfc3,no_salary_hike_no_attrition_no_department,isotonic,4,899,3,3,0.11166718798873944,0.7657178604942133,0.12261495151704724
manuscript_final_20260712T175019Z_c664ef152ff3,c664ef152ff3a9eef89c53a403b9c2e6f677340bea0307b02d97d07cc54bdfc3,no_salary_hike_no_attrition_no_department,isotonic,4,903,3,3,1.0177452923559326e-08,0.8956158572732207,0.10438413254932641
manuscript_final_20260712T175019Z_c664ef152ff3,c664ef152ff3a9eef89c53a403b9c2e6f677340bea0307b02d97d07cc54bdfc3,no_salary_hike_no_attrition_no_department,isotonic,4,932,3,3,1.0177452923559326e-08,0.8956158572732207,0.10438413254932641
manuscript_final_20260712T175019Z_c664ef152ff3,c664ef152ff3a9eef89c53a403b9c2e6f677340bea0307b02d97d07cc54bdfc3,no_salary_hike_no_attrition_no_department,isotonic,4,947,3,3,1.0120350006987704e-08,0.890590800614918,0.10940918926473195
manuscript_final_20260712T175019Z_c664ef152ff3,c664ef152ff3a9eef89c53a403b9c2e6f677340bea0307b02d97d07cc54bdfc3,no_salary_hike_no_attrition_no_department,isotonic,4,959,3,3,1.0120350006987704e-08,0.890590800614918,0.10940918926473195
manuscript_final_20260712T175019Z_c664ef152ff3,c664ef152ff3a9eef89c53a403b9c2e6f677340bea0307b02d97d07cc54bdfc3,no_salary_hike_no_attrition_no_department,isotonic,4,967,2,2,0.5311004784688995,0.35406698564593303,0.11483253588516748
manuscript_final_20260712T175019Z_c664ef152ff3,c664ef152ff3a9eef89c53a403b9c2e6f677340bea0307b02d97d07cc54bdfc3,no_salary_hike_no_attrition_no_department,isotonic,4,969,3,3,9.878934527103987e-09,0.8644067711215989,0.1355932189994665
manuscript_final_20260712T175019Z_c664ef152ff3,c664ef152ff3a9eef89c53a403b9c2e6f677340bea0307b02d97d07cc54bdfc3,no_salary_hike_no_attrition_no_department,isotonic,4,986,4,3,1.0229508092078475e-08,0.8950819580568665,0.10491803171362538
manuscript_final_20260712T175019Z_c664ef152ff3,c664ef152ff3a9eef89c53a403b9c2e6f677340bea0307b02d97d07cc54bdfc3,no_salary_hike_no_attrition_no_department,isotonic,4,1042,3,3,9.878934527103987e-09,0.8644067711215989,0.1355932189994665
manuscript_final_20260712T175019Z_c664ef152ff3,c664ef152ff3a9eef89c53a403b9c2e6f677340bea0307b02d97d07cc54bdfc3,no_salary_hike_no_attrition_no_department,isotonic,4,1069,3,3,9.878934527103987e-09,0.8644067711215989,0.1355932189994665
manuscript_final_20260712T175019Z_c664ef152ff3,c664ef152ff3a9eef89c53a403b9c2e6f677340bea0307b02d97d07cc54bdfc3,no_salary_hike_no_attrition_no_department,isotonic,4,1073,3,3,1.0177452923559326e-08,0.8956158572732207,0.10438413254932641
manuscript_final_20260712T175019Z_c664ef152ff3,c664ef152ff3a9eef89c53a403b9c2e6f677340bea0307b02d97d07cc54bdfc3,no_salary_hike_no_attrition_no_department,isotonic,4,1083,3,3,1.0177452923559326e-08,0.8956158572732207,0.10438413254932641
manuscript_final_20260712T175019Z_c664ef152ff3,c664ef152ff3a9eef89c53a403b9c2e6f677340bea0307b02d97d07cc54bdfc3,no_salary_hike_no_attrition_no_department,isotonic,4,1094,2,2,0.7442013489060701,0.16038822174699788,0.09541042934693206
manuscript_final_20260712T175019Z_c664ef152ff3,c664ef152ff3a9eef89c53a403b9c2e6f677340bea0307b02d97d07cc54bdfc3,no_salary_hike_no_attrition_no_department,isotonic,4,1115,3,3,1.0171821202375976e-08,0.8900343552078979,0.10996563462028083
manuscript_final_20260712T175019Z_c664ef152ff3,c664ef152ff3a9eef89c53a403b9c2e6f677340bea0307b02d97d07cc54bdfc3,no_salary_hike_no_attrition_no_department,isotonic,4,1117,3,2,0.5342465753424658,0.35616438356164387,0.10958904109589042
manuscript_final_20260712T175019Z_c664ef152ff3,c664ef152ff3a9eef89c53a403b9c2e6f677340bea0307b02d97d07cc54bdfc3,no_salary_hike_no_attrition_no_department,isotonic,4,1121,3,3,9.878934527103987e-09,0.8644067711215989,0.1355932189994665
manuscript_final_20260712T175019Z_c664ef152ff3,c664ef152ff3a9eef89c53a403b9c2e6f677340bea0307b02d97d07cc54bdfc3,no_salary_hike_no_attrition_no_department,isotonic,4,1124,3,3,9.999999800000005e-09,0.9999999800000006,9.999999800000005e-09
manuscript_final_20260712T175019Z_c664ef152ff3,c664ef152ff3a9eef89c53a403b9c2e6f677340bea0307b02d97d07cc54bdfc3,no_salary_hike_no_attrition_no_department,isotonic,4,1132,2,2,0.8285714203330613,0.17142856972408166,9.942857043996737e-09
manuscript_final_20260712T175019Z_c664ef152ff3,c664ef152ff3a9eef89c53a403b9c2e6f677340bea0307b02d97d07cc54bdfc3,no_salary_hike_no_attrition_no_department,isotonic,4,1135,2,2,0.8285714203330613,0.17142856972408166,9.942857043996737e-09
manuscript_final_20260712T175019Z_c664ef152ff3,c664ef152ff3a9eef89c53a403b9c2e6f677340bea0307b02d97d07cc54bdfc3,no_salary_hike_no_attrition_no_department,isotonic,4,1158,3,2,0.8285714203330613,0.17142856972408166,9.942857043996737e-09
manuscript_final_20260712T175019Z_c664ef152ff3,c664ef152ff3a9eef89c53a403b9c2e6f677340bea0307b02d97d07cc54bdfc3,no_salary_hike_no_attrition_no_department,isotonic,4,1160,2,2,0.8366563573901209,0.16334363257000278,1.003987628868145e-08
manuscript_final_20260712T175019Z_c664ef152ff3,c664ef152ff3a9eef89c53a403b9c2e6f677340bea0307b02d97d07cc54bdfc3,no_salary_hike_no_attrition_no_department,isotonic,4,1164,3,3,0.3796940194714881,0.5424200278164116,0.07788595271210012
manuscript_final_20260712T175019Z_c664ef152ff3,c664ef152ff3a9eef89c53a403b9c2e6f677340bea0307b02d97d07cc54bdfc3,no_salary_hike_no_attrition_no_department,isotonic,4,1171,3,3,9.878934527103987e-09,0.8644067711215989,0.1355932189994665
manuscript_final_20260712T175019Z_c664ef152ff3,c664ef152ff3a9eef89c53a403b9c2e6f677340bea0307b02d97d07cc54bdfc3,no_salary_hike_no_attrition_no_department,isotonic,4,1173,3,3,1.0485829849561541e-08,0.8502024202347196,0.14979756927945057
manuscript_final_20260712T175019Z_c664ef152ff3,c664ef152ff3a9eef89c53a403b9c2e6f677340bea0307b02d97d07cc54bdfc3,no_salary_hike_no_attrition_no_department,isotonic,4,1182,3,3,1.0485829849561541e-08,0.8502024202347196,0.14979756927945057
manuscript_final_20260712T175019Z_c664ef152ff3,c664ef152ff3a9eef89c53a403b9c2e6f677340bea0307b02d97d07cc54bdfc3,no_salary_hike_no_attrition_no_department,isotonic,4,1194,3,2,0.7518946948544076,0.15556441962504985,0.09254088552054247
manuscript_final_20260712T175019Z_c664ef152ff3,c664ef152ff3a9eef89c53a403b9c2e6f677340bea0307b02d97d07cc54bdfc3,no_salary_hike_no_attrition_no_department,raw,5,2,4,3,0.005282267268142144,0.9484851607445964,0.046232571987261446
manuscript_final_20260712T175019Z_c664ef152ff3,c664ef152ff3a9eef89c53a403b9c2e6f677340bea0307b02d97d07cc54bdfc3,no_salary_hike_no_attrition_no_department,raw,5,3,3,2,0.8885294733214256,0.10400228177366648,0.007468244904907914
manuscript_final_20260712T175019Z_c664ef152ff3,c664ef152ff3a9eef89c53a403b9c2e6f677340bea0307b02d97d07cc54bdfc3,no_salary_hike_no_attrition_no_department,raw,5,6,3,3,0.0008177840937507359,0.9830274407961207,0.01615477511012859
manuscript_final_20260712T175019Z_c664ef152ff3,c664ef152ff3a9eef89c53a403b9c2e6f677340bea0307b02d97d07cc54bdfc3,no_salary_hike_no_attrition_no_department,raw,5,19,3,3,0.014793071226280511,0.9563502838561827,0.028856644917536763
manuscript_final_20260712T175019Z_c664ef152ff3,c664ef152ff3a9eef89c53a403b9c2e6f677340bea0307b02d97d07cc54bdfc3,no_salary_hike_no_attrition_no_department,raw,5,21,3,3,0.0006788445678364006,0.9547027244442833,0.04461843098788036
manuscript_final_20260712T175019Z_c664ef152ff3,c664ef152ff3a9eef89c53a403b9c2e6f677340bea0307b02d97d07cc54bdfc3,no_salary_hike_no_attrition_no_department,raw,5,81,3,3,0.0011480735156738657,0.9720738541146062,0.026778072369719925
manuscript_final_20260712T175019Z_c664ef152ff3,c664ef152ff3a9eef89c53a403b9c2e6f677340bea0307b02d97d07cc54bdfc3,no_salary_hike_no_attrition_no_department,raw,5,99,3,3,0.004932307243766973,0.940727724303752,0.0543399684524811
manuscript_final_20260712T175019Z_c664ef152ff3,c664ef152ff3a9eef89c53a403b9c2e6f677340bea0307b02d97d07cc54bdfc3,no_salary_hike_no_attrition_no_department,raw,5,134,3,3,0.0005006094293728326,0.9622564958423829,0.037242894728244304
manuscript_final_20260712T175019Z_c664ef152ff3,c664ef152ff3a9eef89c53a403b9c2e6f677340bea0307b02d97d07cc54bdfc3,no_salary_hike_no_attrition_no_department,raw,5,144,4,3,0.0010822559113453523,0.9318252101210901,0.06709253396756457
manuscript_final_20260712T175019Z_c664ef152ff3,c664ef152ff3a9eef89c53a403b9c2e6f677340bea0307b02d97d07cc54bdfc3,no_salary_hike_no_attrition_no_department,raw,5,147,3,3,0.003235093556112085,0.9453766277284031,0.051388278715484736
manuscript_final_20260712T175019Z_c664ef152ff3,c664ef152ff3a9eef89c53a403b9c2e6f677340bea0307b02d97d07cc54bdfc3,no_salary_hike_no_attrition_no_department,raw,5,152,3,3,0.0006960056681364476,0.642821568104987,0.35648242622687654
manuscript_final_20260712T175019Z_c664ef152ff3,c664ef152ff3a9eef89c53a403b9c2e6f677340bea0307b02d97d07cc54bdfc3,no_salary_hike_no_attrition_no_department,raw,5,159,3,3,0.0013411507586197347,0.8994144842619985,0.09924436497938167
manuscript_final_20260712T175019Z_c664ef152ff3,c664ef152ff3a9eef89c53a403b9c2e6f677340bea0307b02d97d07cc54bdfc3,no_salary_hike_no_attrition_no_department,raw,5,165,2,2,0.9403650624390373,0.05494803831425683,0.004686899246705892
manuscript_final_20260712T175019Z_c664ef152ff3,c664ef152ff3a9eef89c53a403b9c2e6f677340bea0307b02d97d07cc54bdfc3,no_salary_hike_no_attrition_no_department,raw,5,178,2,2,0.966593858879263,0.030896847981316464,0.002509293139420562
manuscript_final_20260712T175019Z_c664ef152ff3,c664ef152ff3a9eef89c53a403b9c2e6f677340bea0307b02d97d07cc54bdfc3,no_salary_hike_no_attrition_no_department,raw,5,191,3,3,0.0023648651651849476,0.8376542778360853,0.15998085699872977
manuscript_final_20260712T175019Z_c664ef152ff3,c664ef152ff3a9eef89c53a403b9c2e6f677340bea0307b02d97d07cc54bdfc3,no_salary_hike_no_attrition_no_department,raw,5,192,3,2,0.5806332550828383,0.40912870609614627,0.010238038821015526
manuscript_final_20260712T175019Z_c664ef152ff3,c664ef152ff3a9eef89c53a403b9c2e6f677340bea0307b02d97d07cc54bdfc3,no_salary_hike_no_attrition_no_department,raw,5,199,4,3,0.0019141697647713793,0.9092896070473838,0.08879622318784479
manuscript_final_20260712T175019Z_c664ef152ff3,c664ef152ff3a9eef89c53a403b9c2e6f677340bea0307b02d97d07cc54bdfc3,no_salary_hike_no_attrition_no_department,raw,5,201,3,3,0.00025221611717212675,0.9709713232943015,0.028776460588526433
manuscript_final_20260712T175019Z_c664ef152ff3,c664ef152ff3a9eef89c53a403b9c2e6f677340bea0307b02d97d07cc54bdfc3,no_salary_hike_no_attrition_no_department,raw,5,208,2,2,0.8666938288303225,0.13058749355126323,0.0027186776184142843
manuscript_final_20260712T175019Z_c664ef152ff3,c664ef152ff3a9eef89c53a403b9c2e6f677340bea0307b02d97d07cc54bdfc3,no_salary_hike_no_attrition_no_department,raw,5,212,2,2,0.8591716869563392,0.12603431916603014,0.014793993877630692
manuscript_final_20260712T175019Z_c664ef152ff3,c664ef152ff3a9eef89c53a403b9c2e6f677340bea0307b02d97d07cc54bdfc3,no_salary_hike_no_attrition_no_department,raw,5,217,3,3,0.0018387775971423932,0.8855296535217385,0.11263156888111919
manuscript_final_20260712T175019Z_c664ef152ff3,c664ef152ff3a9eef89c53a403b9c2e6f677340bea0307b02d97d07cc54bdfc3,no_salary_hike_no_attrition_no_department,raw,5,228,3,3,0.0006070314139164155,0.9247231137165524,0.07466985486953127
manuscript_final_20260712T175019Z_c664ef152ff3,c664ef152ff3a9eef89c53a403b9c2e6f677340bea0307b02d97d07cc54bdfc3,no_salary_hike_no_attrition_no_department,raw,5,231,3,3,0.000813654863386862,0.5667586968831146,0.43242764825349855
manuscript_final_20260712T175019Z_c664ef152ff3,c664ef152ff3a9eef89c53a403b9c2e6f677340bea0307b02d97d07cc54bdfc3,no_salary_hike_no_attrition_no_department,raw,5,237,3,3,0.0005894655084136814,0.9439736309750908,0.05543690351649555
manuscript_final_20260712T175019Z_c664ef152ff3,c664ef152ff3a9eef89c53a403b9c2e6f677340bea0307b02d97d07cc54bdfc3,no_salary_hike_no_attrition_no_department,raw,5,245,3,3,0.003845668083532761,0.8567455825480055,0.13940874936846173
manuscript_final_20260712T175019Z_c664ef152ff3,c664ef152ff3a9eef89c53a403b9c2e6f677340bea0307b02d97d07cc54bdfc3,no_salary_hike_no_attrition_no_department,raw,5,247,3,3,0.004935428742907667,0.8660956826008478,0.1289688886562445
manuscript_final_20260712T175019Z_c664ef152ff3,c664ef152ff3a9eef89c53a403b9c2e6f677340bea0307b02d97d07cc54bdfc3,no_salary_hike_no_attrition_no_department,raw,5,270,3,3,0.0015372533037454658,0.9827454932139117,0.01571725348234287
manuscript_final_20260712T175019Z_c664ef152ff3,c664ef152ff3a9eef89c53a403b9c2e6f677340bea0307b02d97d07cc54bdfc3,no_salary_hike_no_attrition_no_department,raw,5,279,3,3,0.003855201323811572,0.9655663127996752,0.030578485876513246
manuscript_final_20260712T175019Z_c664ef152ff3,c664ef152ff3a9eef89c53a403b9c2e6f677340bea0307b02d97d07cc54bdfc3,no_salary_hike_no_attrition_no_department,raw,5,282,3,3,0.0022169366012151108,0.9105107975066574,0.08727226589212751
manuscript_final_20260712T175019Z_c664ef152ff3,c664ef152ff3a9eef89c53a403b9c2e6f677340bea0307b02d97d07cc54bdfc3,no_salary_hike_no_attrition_no_department,raw,5,288,2,2,0.9381647775930523,0.05599885103105643,0.0058363713758913536
manuscript_final_20260712T175019Z_c664ef152ff3,c664ef152ff3a9eef89c53a403b9c2e6f677340bea0307b02d97d07cc54bdfc3,no_salary_hike_no_attrition_no_department,raw,5,289,3,3,0.002263793434675149,0.9080586811690489,0.089677525396276
manuscript_final_20260712T175019Z_c664ef152ff3,c664ef152ff3a9eef89c53a403b9c2e6f677340bea0307b02d97d07cc54bdfc3,no_salary_hike_no_attrition_no_department,raw,5,290,3,3,0.0006374026191033198,0.9826873790293146,0.016675218351582165
manuscript_final_20260712T175019Z_c664ef152ff3,c664ef152ff3a9eef89c53a403b9c2e6f677340bea0307b02d97d07cc54bdfc3,no_salary_hike_no_attrition_no_department,raw,5,295,3,3,0.001351031081956391,0.9097310011280366,0.088917967790007
manuscript_final_20260712T175019Z_c664ef152ff3,c664ef152ff3a9eef89c53a403b9c2e6f677340bea0307b02d97d07cc54bdfc3,no_salary_hike_no_attrition_no_department,raw,5,311,3,3,0.0003471035718484816,0.97765113465913,0.022001761769021563
manuscript_final_20260712T175019Z_c664ef152ff3,c664ef152ff3a9eef89c53a403b9c2e6f677340bea0307b02d97d07cc54bdfc3,no_salary_hike_no_attrition_no_department,raw,5,316,3,3,0.0038517286835539934,0.961816713819393,0.034331557497052946
manuscript_final_20260712T175019Z_c664ef152ff3,c664ef152ff3a9eef89c53a403b9c2e6f677340bea0307b02d97d07cc54bdfc3,no_salary_hike_no_attrition_no_department,raw,5,324,3,3,0.0030319424890410587,0.8893520209406982,0.10761603657026078
manuscript_final_20260712T175019Z_c664ef152ff3,c664ef152ff3a9eef89c53a403b9c2e6f677340bea0307b02d97d07cc54bdfc3,no_salary_hike_no_attrition_no_department,raw,5,326,3,3,0.00242996637518016,0.8929553127558773,0.10461472086894259
manuscript_final_20260712T175019Z_c664ef152ff3,c664ef152ff3a9eef89c53a403b9c2e6f677340bea0307b02d97d07cc54bdfc3,no_salary_hike_no_attrition_no_department,raw,5,328,3,3,0.0007599833288553772,0.9168412806004128,0.0823987360707318
manuscript_final_20260712T175019Z_c664ef152ff3,c664ef152ff3a9eef89c53a403b9c2e6f677340bea0307b02d97d07cc54bdfc3,no_salary_hike_no_attrition_no_department,raw,5,334,3,3,0.0013638053452487092,0.914010401479135,0.0846257931756163
manuscript_final_20260712T175019Z_c664ef152ff3,c664ef152ff3a9eef89c53a403b9c2e6f677340bea0307b02d97d07cc54bdfc3,no_salary_hike_no_attrition_no_department,raw,5,366,3,3,0.0003187426074681729,0.8838275347670072,0.1158537226255247
manuscript_final_20260712T175019Z_c664ef152ff3,c664ef152ff3a9eef89c53a403b9c2e6f677340bea0307b02d97d07cc54bdfc3,no_salary_hike_no_attrition_no_department,raw,5,373,3,3,0.00545997114078205,0.9213126696172658,0.07322735924195226
manuscript_final_20260712T175019Z_c664ef152ff3,c664ef152ff3a9eef89c53a403b9c2e6f677340bea0307b02d97d07cc54bdfc3,no_salary_hike_no_attrition_no_department,raw,5,400,4,2,0.537392485051025,0.4291948878200005,0.033412627128974484
manuscript_final_20260712T175019Z_c664ef152ff3,c664ef152ff3a9eef89c53a403b9c2e6f677340bea0307b02d97d07cc54bdfc3,no_salary_hike_no_attrition_no_department,raw,5,401,3,3,0.000835828186082254,0.8520656167061492,0.14709855510776848
manuscript_final_20260712T175019Z_c664ef152ff3,c664ef152ff3a9eef89c53a403b9c2e6f677340bea0307b02d97d07cc54bdfc3,no_salary_hike_no_attrition_no_department,raw,5,410,3,3,0.13257606525087454,0.8277768020000578,0.03964713274906773
manuscript_final_20260712T175019Z_c664ef152ff3,c664ef152ff3a9eef89c53a403b9c2e6f677340bea0307b02d97d07cc54bdfc3,no_salary_hike_no_attrition_no_department,raw,5,413,3,3,0.00041233028400512907,0.9363309529281352,0.06325671678785966
manuscript_final_20260712T175019Z_c664ef152ff3,c664ef152ff3a9eef89c53a403b9c2e6f677340bea0307b02d97d07cc54bdfc3,no_salary_hike_no_attrition_no_department,raw,5,415,4,4,0.0011919828720662455,0.4822573617451904,0.5165506553827434
manuscript_final_20260712T175019Z_c664ef152ff3,c664ef152ff3a9eef89c53a403b9c2e6f677340bea0307b02d97d07cc54bdfc3,no_salary_hike_no_attrition_no_department,raw,5,423,2,2,0.9689498864093059,0.027291580074328085,0.0037585335163659787
manuscript_final_20260712T175019Z_c664ef152ff3,c664ef152ff3a9eef89c53a403b9c2e6f677340bea0307b02d97d07cc54bdfc3,no_salary_hike_no_attrition_no_department,raw,5,430,2,2,0.96337718281414,0.03412461832811072,0.0024981988577492714
manuscript_final_20260712T175019Z_c664ef152ff3,c664ef152ff3a9eef89c53a403b9c2e6f677340bea0307b02d97d07cc54bdfc3,no_salary_hike_no_attrition_no_department,raw,5,434,3,3,0.004740037200601295,0.9131683451372513,0.08209161766214734
manuscript_final_20260712T175019Z_c664ef152ff3,c664ef152ff3a9eef89c53a403b9c2e6f677340bea0307b02d97d07cc54bdfc3,no_salary_hike_no_attrition_no_department,raw,5,441,3,3,0.00027969208449964736,0.9463726131459169,0.0533476947695835
manuscript_final_20260712T175019Z_c664ef152ff3,c664ef152ff3a9eef89c53a403b9c2e6f677340bea0307b02d97d07cc54bdfc3,no_salary_hike_no_attrition_no_department,raw,5,452,2,2,0.9612003627497726,0.03089313229196884,0.007906504958258509
manuscript_final_20260712T175019Z_c664ef152ff3,c664ef152ff3a9eef89c53a403b9c2e6f677340bea0307b02d97d07cc54bdfc3,no_salary_hike_no_attrition_no_department,raw,5,458,2,2,0.7422377529369106,0.24669021574800085,0.011072031315088535
manuscript_final_20260712T175019Z_c664ef152ff3,c664ef152ff3a9eef89c53a403b9c2e6f677340bea0307b02d97d07cc54bdfc3,no_salary_hike_no_attrition_no_department,raw,5,486,3,3,0.004060383497958874,0.827434376778458,0.16850523972358314
manuscript_final_20260712T175019Z_c664ef152ff3,c664ef152ff3a9eef89c53a403b9c2e6f677340bea0307b02d97d07cc54bdfc3,no_salary_hike_no_attrition_no_department,raw,5,510,3,3,0.000591430963358045,0.9322399709435611,0.06716859809308089
manuscript_final_20260712T175019Z_c664ef152ff3,c664ef152ff3a9eef89c53a403b9c2e6f677340bea0307b02d97d07cc54bdfc3,no_salary_hike_no_attrition_no_department,raw,5,522,3,3,0.003489006141733081,0.8975716394616987,0.09893935439656822
manuscript_final_20260712T175019Z_c664ef152ff3,c664ef152ff3a9eef89c53a403b9c2e6f677340bea0307b02d97d07cc54bdfc3,no_salary_hike_no_attrition_no_department,raw,5,525,3,3,0.005058979227648263,0.9756001383973307,0.019340882375021056
manuscript_final_20260712T175019Z_c664ef152ff3,c664ef152ff3a9eef89c53a403b9c2e6f677340bea0307b02d97d07cc54bdfc3,no_salary_hike_no_attrition_no_department,raw,5,532,3,3,0.001025493377818987,0.7874696886529352,0.21150481796924583
manuscript_final_20260712T175019Z_c664ef152ff3,c664ef152ff3a9eef89c53a403b9c2e6f677340bea0307b02d97d07cc54bdfc3,no_salary_hike_no_attrition_no_department,raw,5,540,3,3,0.0045459202871495335,0.7027396186663226,0.2927144610465278
manuscript_final_20260712T175019Z_c664ef152ff3,c664ef152ff3a9eef89c53a403b9c2e6f677340bea0307b02d97d07cc54bdfc3,no_salary_hike_no_attrition_no_department,raw,5,542,2,2,0.8156216106581426,0.1692967257960852,0.015081663545772138
manuscript_final_20260712T175019Z_c664ef152ff3,c664ef152ff3a9eef89c53a403b9c2e6f677340bea0307b02d97d07cc54bdfc3,no_salary_hike_no_attrition_no_department,raw,5,550,2,2,0.7724613291934345,0.22242557267089577,0.005113098135669731
manuscript_final_20260712T175019Z_c664ef152ff3,c664ef152ff3a9eef89c53a403b9c2e6f677340bea0307b02d97d07cc54bdfc3,no_salary_hike_no_attrition_no_department,raw,5,560,3,3,0.0009375933059001778,0.9599216188846221,0.039140787809477676
manuscript_final_20260712T175019Z_c664ef152ff3,c664ef152ff3a9eef89c53a403b9c2e6f677340bea0307b02d97d07cc54bdfc3,no_salary_hike_no_attrition_no_department,raw,5,571,2,2,0.9079141151836783,0.08805432297740319,0.00403156183891856
manuscript_final_20260712T175019Z_c664ef152ff3,c664ef152ff3a9eef89c53a403b9c2e6f677340bea0307b02d97d07cc54bdfc3,no_salary_hike_no_attrition_no_department,raw,5,572,4,3,0.0002911550192486678,0.9080668947345604,0.09164195024619097
manuscript_final_20260712T175019Z_c664ef152ff3,c664ef152ff3a9eef89c53a403b9c2e6f677340bea0307b02d97d07cc54bdfc3,no_salary_hike_no_attrition_no_department,raw,5,601,3,3,0.004696675353371987,0.9310283546075911,0.0642749700390369
manuscript_final_20260712T175019Z_c664ef152ff3,c664ef152ff3a9eef89c53a403b9c2e6f677340bea0307b02d97d07cc54bdfc3,no_salary_hike_no_attrition_no_department,raw,5,626,4,3,0.0025567241892137087,0.9295264294210823,0.06791684638970401
manuscript_final_20260712T175019Z_c664ef152ff3,c664ef152ff3a9eef89c53a403b9c2e6f677340bea0307b02d97d07cc54bdfc3,no_salary_hike_no_attrition_no_department,raw,5,628,2,2,0.9805246834703439,0.01791821837152593,0.0015570981581301787
manuscript_final_20260712T175019Z_c664ef152ff3,c664ef152ff3a9eef89c53a403b9c2e6f677340bea0307b02d97d07cc54bdfc3,no_salary_hike_no_attrition_no_department,raw,5,635,3,3,0.003443553477086188,0.8542024242622999,0.14235402226061405
manuscript_final_20260712T175019Z_c664ef152ff3,c664ef152ff3a9eef89c53a403b9c2e6f677340bea0307b02d97d07cc54bdfc3,no_salary_hike_no_attrition_no_department,raw,5,641,3,3,0.000362969519521604,0.8357523496333372,0.16388468084714114
manuscript_final_20260712T175019Z_c664ef152ff3,c664ef152ff3a9eef89c53a403b9c2e6f677340bea0307b02d97d07cc54bdfc3,no_salary_hike_no_attrition_no_department,raw,5,644,3,3,0.011416039525293145,0.8644845558147515,0.12409940465995543
manuscript_final_20260712T175019Z_c664ef152ff3,c664ef152ff3a9eef89c53a403b9c2e6f677340bea0307b02d97d07cc54bdfc3,no_salary_hike_no_attrition_no_department,raw,5,649,3,3,0.002827431278481519,0.8216462049227955,0.175526363798723
manuscript_final_20260712T175019Z_c664ef152ff3,c664ef152ff3a9eef89c53a403b9c2e6f677340bea0307b02d97d07cc54bdfc3,no_salary_hike_no_attrition_no_department,raw,5,663,4,3,0.0044355589810097925,0.738230615615767,0.25733382540322325
manuscript_final_20260712T175019Z_c664ef152ff3,c664ef152ff3a9eef89c53a403b9c2e6f677340bea0307b02d97d07cc54bdfc3,no_salary_hike_no_attrition_no_department,raw,5,688,2,2,0.9870324642709863,0.0108291773109809,0.002138358418032809
manuscript_final_20260712T175019Z_c664ef152ff3,c664ef152ff3a9eef89c53a403b9c2e6f677340bea0307b02d97d07cc54bdfc3,no_salary_hike_no_attrition_no_department,raw,5,700,4,3,0.0034074761426333196,0.7126465838391,0.28394594001826673
manuscript_final_20260712T175019Z_c664ef152ff3,c664ef152ff3a9eef89c53a403b9c2e6f677340bea0307b02d97d07cc54bdfc3,no_salary_hike_no_attrition_no_department,raw,5,701,3,3,0.012471978318243006,0.9232966819757604,0.06423133970599657
manuscript_final_20260712T175019Z_c664ef152ff3,c664ef152ff3a9eef89c53a403b9c2e6f677340bea0307b02d97d07cc54bdfc3,no_salary_hike_no_attrition_no_department,raw,5,706,3,3,0.007458367544731548,0.5956724413674941,0.39686919108777435
manuscript_final_20260712T175019Z_c664ef152ff3,c664ef152ff3a9eef89c53a403b9c2e6f677340bea0307b02d97d07cc54bdfc3,no_salary_hike_no_attrition_no_department,raw,5,711,3,3,0.0007836223405394329,0.9164685811269718,0.08274779653248879
manuscript_final_20260712T175019Z_c664ef152ff3,c664ef152ff3a9eef89c53a403b9c2e6f677340bea0307b02d97d07cc54bdfc3,no_salary_hike_no_attrition_no_department,raw,5,724,3,3,0.007864370707739272,0.9684667298654697,0.02366889942679109
manuscript_final_20260712T175019Z_c664ef152ff3,c664ef152ff3a9eef89c53a403b9c2e6f677340bea0307b02d97d07cc54bdfc3,no_salary_hike_no_attrition_no_department,raw,5,737,2,2,0.986839661711656,0.011114452142921975,0.0020458861454220535
manuscript_final_20260712T175019Z_c664ef152ff3,c664ef152ff3a9eef89c53a403b9c2e6f677340bea0307b02d97d07cc54bdfc3,no_salary_hike_no_attrition_no_department,raw,5,749,4,3,0.0157281353820166,0.916641347577772,0.0676305170402114
manuscript_final_20260712T175019Z_c664ef152ff3,c664ef152ff3a9eef89c53a403b9c2e6f677340bea0307b02d97d07cc54bdfc3,no_salary_hike_no_attrition_no_department,raw,5,798,3,3,0.00814969122967464,0.831122250524247,0.16072805824607828
manuscript_final_20260712T175019Z_c664ef152ff3,c664ef152ff3a9eef89c53a403b9c2e6f677340bea0307b02d97d07cc54bdfc3,no_salary_hike_no_attrition_no_department,raw,5,801,4,3,0.000853051297520812,0.9008853268940632,0.098261621808416
manuscript_final_20260712T175019Z_c664ef152ff3,c664ef152ff3a9eef89c53a403b9c2e6f677340bea0307b02d97d07cc54bdfc3,no_salary_hike_no_attrition_no_department,raw,5,803,3,3,0.0001540074670556153,0.9707832840468438,0.029062708486100656
manuscript_final_20260712T175019Z_c664ef152ff3,c664ef152ff3a9eef89c53a403b9c2e6f677340bea0307b02d97d07cc54bdfc3,no_salary_hike_no_attrition_no_department,raw,5,808,3,3,0.0013218282425544582,0.9587061527950779,0.039972018962367684
manuscript_final_20260712T175019Z_c664ef152ff3,c664ef152ff3a9eef89c53a403b9c2e6f677340bea0307b02d97d07cc54bdfc3,no_salary_hike_no_attrition_no_department,raw,5,812,4,3,0.0007863969864313069,0.8589375800193119,0.14027602299425687
manuscript_final_20260712T175019Z_c664ef152ff3,c664ef152ff3a9eef89c53a403b9c2e6f677340bea0307b02d97d07cc54bdfc3,no_salary_hike_no_attrition_no_department,raw,5,837,3,3,0.008089808079547511,0.8755398082024355,0.11637038371801696
manuscript_final_20260712T175019Z_c664ef152ff3,c664ef152ff3a9eef89c53a403b9c2e6f677340bea0307b02d97d07cc54bdfc3,no_salary_hike_no_attrition_no_department,raw,5,839,3,3,0.031229202024192756,0.9556955197012524,0.013075278274554816
manuscript_final_20260712T175019Z_c664ef152ff3,c664ef152ff3a9eef89c53a403b9c2e6f677340bea0307b02d97d07cc54bdfc3,no_salary_hike_no_attrition_no_department,raw,5,846,3,3,0.01883734312947551,0.9149084312320026,0.0662542256385219
manuscript_final_20260712T175019Z_c664ef152ff3,c664ef152ff3a9eef89c53a403b9c2e6f677340bea0307b02d97d07cc54bdfc3,no_salary_hike_no_attrition_no_department,raw,5,868,3,3,0.00024985280669962296,0.9754675108780376,0.024282636315262788
manuscript_final_20260712T175019Z_c664ef152ff3,c664ef152ff3a9eef89c53a403b9c2e6f677340bea0307b02d97d07cc54bdfc3,no_salary_hike_no_attrition_no_department,raw,5,905,3,3,0.0009839627690173863,0.9736978808219048,0.025318156409077867
manuscript_final_20260712T175019Z_c664ef152ff3,c664ef152ff3a9eef89c53a403b9c2e6f677340bea0307b02d97d07cc54bdfc3,no_salary_hike_no_attrition_no_department,raw,5,909,3,3,0.0004169684786236789,0.8911618486610026,0.10842118286037372
manuscript_final_20260712T175019Z_c664ef152ff3,c664ef152ff3a9eef89c53a403b9c2e6f677340bea0307b02d97d07cc54bdfc3,no_salary_hike_no_attrition_no_department,raw,5,913,3,3,0.0008415285781022186,0.9351317809054867,0.06402669051641113
manuscript_final_20260712T175019Z_c664ef152ff3,c664ef152ff3a9eef89c53a403b9c2e6f677340bea0307b02d97d07cc54bdfc3,no_salary_hike_no_attrition_no_department,raw,5,917,3,3,0.000909248470834074,0.6841726646782487,0.31491808685091727
manuscript_final_20260712T175019Z_c664ef152ff3,c664ef152ff3a9eef89c53a403b9c2e6f677340bea0307b02d97d07cc54bdfc3,no_salary_hike_no_attrition_no_department,raw,5,929,3,3,0.00026647772749425206,0.9329668281018763,0.06676669417062948
manuscript_final_20260712T175019Z_c664ef152ff3,c664ef152ff3a9eef89c53a403b9c2e6f677340bea0307b02d97d07cc54bdfc3,no_salary_hike_no_attrition_no_department,raw,5,942,3,2,0.9158273882009823,0.08309210043463332,0.0010805113643843718
manuscript_final_20260712T175019Z_c664ef152ff3,c664ef152ff3a9eef89c53a403b9c2e6f677340bea0307b02d97d07cc54bdfc3,no_salary_hike_no_attrition_no_department,raw,5,949,3,3,0.0020473764862828916,0.8990536980508693,0.09889892546284784
manuscript_final_20260712T175019Z_c664ef152ff3,c664ef152ff3a9eef89c53a403b9c2e6f677340bea0307b02d97d07cc54bdfc3,no_salary_hike_no_attrition_no_department,raw,5,954,3,3,0.00076669206472846,0.9546438728418516,0.044589435093419894
manuscript_final_20260712T175019Z_c664ef152ff3,c664ef152ff3a9eef89c53a403b9c2e6f677340bea0307b02d97d07cc54bdfc3,no_salary_hike_no_attrition_no_department,raw,5,957,2,2,0.9562865100022838,0.040029392485191426,0.0036840975125247556
manuscript_final_20260712T175019Z_c664ef152ff3,c664ef152ff3a9eef89c53a403b9c2e6f677340bea0307b02d97d07cc54bdfc3,no_salary_hike_no_attrition_no_department,raw,5,961,3,3,0.04046023189164266,0.8222026075757555,0.13733716053260192
manuscript_final_20260712T175019Z_c664ef152ff3,c664ef152ff3a9eef89c53a403b9c2e6f677340bea0307b02d97d07cc54bdfc3,no_salary_hike_no_attrition_no_department,raw,5,963,3,3,0.0026186690165822257,0.9861744453976153,0.011206885585802464
manuscript_final_20260712T175019Z_c664ef152ff3,c664ef152ff3a9eef89c53a403b9c2e6f677340bea0307b02d97d07cc54bdfc3,no_salary_hike_no_attrition_no_department,raw,5,997,2,3,0.24792014894473902,0.746444324707926,0.005635526347334961
manuscript_final_20260712T175019Z_c664ef152ff3,c664ef152ff3a9eef89c53a403b9c2e6f677340bea0307b02d97d07cc54bdfc3,no_salary_hike_no_attrition_no_department,raw,5,1005,4,3,0.00016224589758782643,0.9602856795211175,0.03955207458129462
manuscript_final_20260712T175019Z_c664ef152ff3,c664ef152ff3a9eef89c53a403b9c2e6f677340bea0307b02d97d07cc54bdfc3,no_salary_hike_no_attrition_no_department,raw,5,1009,2,3,0.04344692769622711,0.9323959825061785,0.024157089797594344
manuscript_final_20260712T175019Z_c664ef152ff3,c664ef152ff3a9eef89c53a403b9c2e6f677340bea0307b02d97d07cc54bdfc3,no_salary_hike_no_attrition_no_department,raw,5,1015,3,3,0.0007432350189612986,0.9323119082115396,0.06694485676949907
manuscript_final_20260712T175019Z_c664ef152ff3,c664ef152ff3a9eef89c53a403b9c2e6f677340bea0307b02d97d07cc54bdfc3,no_salary_hike_no_attrition_no_department,raw,5,1016,3,3,0.00037373930026830685,0.8589780642459501,0.14064819645378157
manuscript_final_20260712T175019Z_c664ef152ff3,c664ef152ff3a9eef89c53a403b9c2e6f677340bea0307b02d97d07cc54bdfc3,no_salary_hike_no_attrition_no_department,raw,5,1030,3,3,0.0007521190251127642,0.9890704935425076,0.010177387432379649
manuscript_final_20260712T175019Z_c664ef152ff3,c664ef152ff3a9eef89c53a403b9c2e6f677340bea0307b02d97d07cc54bdfc3,no_salary_hike_no_attrition_no_department,raw,5,1041,3,3,0.0006068123175904142,0.7432056237223897,0.2561875639600199
manuscript_final_20260712T175019Z_c664ef152ff3,c664ef152ff3a9eef89c53a403b9c2e6f677340bea0307b02d97d07cc54bdfc3,no_salary_hike_no_attrition_no_department,raw,5,1043,3,3,0.04635305747126008,0.9034310535893216,0.05021588893941831
manuscript_final_20260712T175019Z_c664ef152ff3,c664ef152ff3a9eef89c53a403b9c2e6f677340bea0307b02d97d07cc54bdfc3,no_salary_hike_no_attrition_no_department,raw,5,1045,3,3,0.004682594124068815,0.9271091184182836,0.06820828745764762
manuscript_final_20260712T175019Z_c664ef152ff3,c664ef152ff3a9eef89c53a403b9c2e6f677340bea0307b02d97d07cc54bdfc3,no_salary_hike_no_attrition_no_department,raw,5,1062,3,3,0.0007065209969764126,0.9008340464997245,0.09845943250329908
manuscript_final_20260712T175019Z_c664ef152ff3,c664ef152ff3a9eef89c53a403b9c2e6f677340bea0307b02d97d07cc54bdfc3,no_salary_hike_no_attrition_no_department,raw,5,1092,3,3,0.38873079129509036,0.5658289747995959,0.045440233905313654
manuscript_final_20260712T175019Z_c664ef152ff3,c664ef152ff3a9eef89c53a403b9c2e6f677340bea0307b02d97d07cc54bdfc3,no_salary_hike_no_attrition_no_department,raw,5,1095,2,2,0.9716135145807866,0.02583143828827078,0.002555047130942706
manuscript_final_20260712T175019Z_c664ef152ff3,c664ef152ff3a9eef89c53a403b9c2e6f677340bea0307b02d97d07cc54bdfc3,no_salary_hike_no_attrition_no_department,raw,5,1100,3,3,0.0031367054318987525,0.8918900587471169,0.10497323582098433
manuscript_final_20260712T175019Z_c664ef152ff3,c664ef152ff3a9eef89c53a403b9c2e6f677340bea0307b02d97d07cc54bdfc3,no_salary_hike_no_attrition_no_department,raw,5,1108,4,3,0.00024088986225211857,0.882269993711458,0.11748911642628991
manuscript_final_20260712T175019Z_c664ef152ff3,c664ef152ff3a9eef89c53a403b9c2e6f677340bea0307b02d97d07cc54bdfc3,no_salary_hike_no_attrition_no_department,raw,5,1111,3,3,0.009164673472556742,0.929204722281274,0.061630604246169236
manuscript_final_20260712T175019Z_c664ef152ff3,c664ef152ff3a9eef89c53a403b9c2e6f677340bea0307b02d97d07cc54bdfc3,no_salary_hike_no_attrition_no_department,raw,5,1113,3,3,0.0009063216516625249,0.8708831899562861,0.12821048839205137
manuscript_final_20260712T175019Z_c664ef152ff3,c664ef152ff3a9eef89c53a403b9c2e6f677340bea0307b02d97d07cc54bdfc3,no_salary_hike_no_attrition_no_department,raw,5,1123,3,3,0.004309355285306792,0.8979880222100654,0.09770262250462791
manuscript_final_20260712T175019Z_c664ef152ff3,c664ef152ff3a9eef89c53a403b9c2e6f677340bea0307b02d97d07cc54bdfc3,no_salary_hike_no_attrition_no_department,raw,5,1167,3,3,0.00293168493832364,0.8906747762194319,0.1063935388422444
manuscript_final_20260712T175019Z_c664ef152ff3,c664ef152ff3a9eef89c53a403b9c2e6f677340bea0307b02d97d07cc54bdfc3,no_salary_hike_no_attrition_no_department,raw,5,1169,3,3,0.0009855721776500504,0.9148315888134892,0.08418283900886074
manuscript_final_20260712T175019Z_c664ef152ff3,c664ef152ff3a9eef89c53a403b9c2e6f677340bea0307b02d97d07cc54bdfc3,no_salary_hike_no_attrition_no_department,raw,5,1178,3,3,0.317826328293783,0.6619771073611296,0.020196564345087376
manuscript_final_20260712T175019Z_c664ef152ff3,c664ef152ff3a9eef89c53a403b9c2e6f677340bea0307b02d97d07cc54bdfc3,no_salary_hike_no_attrition_no_department,raw,5,1197,3,3,0.0021380970954174554,0.7335575303242551,0.26430437258032746
manuscript_final_20260712T175019Z_c664ef152ff3,c664ef152ff3a9eef89c53a403b9c2e6f677340bea0307b02d97d07cc54bdfc3,no_salary_hike_no_attrition_no_department,sigmoid,5,2,4,3,0.02105121539939818,0.8841303384282428,0.09481844617235893
manuscript_final_20260712T175019Z_c664ef152ff3,c664ef152ff3a9eef89c53a403b9c2e6f677340bea0307b02d97d07cc54bdfc3,no_salary_hike_no_attrition_no_department,sigmoid,5,3,3,2,0.6955837891601109,0.27130835948260973,0.0331078513572794
manuscript_final_20260712T175019Z_c664ef152ff3,c664ef152ff3a9eef89c53a403b9c2e6f677340bea0307b02d97d07cc54bdfc3,no_salary_hike_no_attrition_no_department,sigmoid,5,6,3,3,0.005929031755957738,0.9391318836734726,0.0549390845705698
manuscript_final_20260712T175019Z_c664ef152ff3,c664ef152ff3a9eef89c53a403b9c2e6f677340bea0307b02d97d07cc54bdfc3,no_salary_hike_no_attrition_no_department,sigmoid,5,19,3,3,0.04156764152321699,0.8849082948079642,0.0735240636688189
manuscript_final_20260712T175019Z_c664ef152ff3,c664ef152ff3a9eef89c53a403b9c2e6f677340bea0307b02d97d07cc54bdfc3,no_salary_hike_no_attrition_no_department,sigmoid,5,21,3,3,0.00527408216321364,0.9007398133027897,0.09398610453399657
manuscript_final_20260712T175019Z_c664ef152ff3,c664ef152ff3a9eef89c53a403b9c2e6f677340bea0307b02d97d07cc54bdfc3,no_salary_hike_no_attrition_no_department,sigmoid,5,81,3,3,0.0074946271139236026,0.9208245267797289,0.07168084610634741
manuscript_final_20260712T175019Z_c664ef152ff3,c664ef152ff3a9eef89c53a403b9c2e6f677340bea0307b02d97d07cc54bdfc3,no_salary_hike_no_attrition_no_department,sigmoid,5,99,3,3,0.02014203994543827,0.8765796077132336,0.1032783523413281
manuscript_final_20260712T175019Z_c664ef152ff3,c664ef152ff3a9eef89c53a403b9c2e6f677340bea0307b02d97d07cc54bdfc3,no_salary_hike_no_attrition_no_department,sigmoid,5,134,3,3,0.004278227733559609,0.9102239242396722,0.08549784802676817
manuscript_final_20260712T175019Z_c664ef152ff3,c664ef152ff3a9eef89c53a403b9c2e6f677340bea0307b02d97d07cc54bdfc3,no_salary_hike_no_attrition_no_department,sigmoid,5,144,4,3,0.007276554273955325,0.8762827775670257,0.11644066815901909
manuscript_final_20260712T175019Z_c664ef152ff3,c664ef152ff3a9eef89c53a403b9c2e6f677340bea0307b02d97d07cc54bdfc3,no_salary_hike_no_attrition_no_department,sigmoid,5,147,3,3,0.015179350855207819,0.8842370068109894,0.10058364233380279
manuscript_final_20260712T175019Z_c664ef152ff3,c664ef152ff3a9eef89c53a403b9c2e6f677340bea0307b02d97d07cc54bdfc3,no_salary_hike_no_attrition_no_department,sigmoid,5,152,3,3,0.0055726008888600945,0.6977379991495678,0.2966893999615722
manuscript_final_20260712T175019Z_c664ef152ff3,c664ef152ff3a9eef89c53a403b9c2e6f677340bea0307b02d97d07cc54bdfc3,no_salary_hike_no_attrition_no_department,sigmoid,5,159,3,3,0.008463821533851654,0.8482387599569681,0.14329741850918024
manuscript_final_20260712T175019Z_c664ef152ff3,c664ef152ff3a9eef89c53a403b9c2e6f677340bea0307b02d97d07cc54bdfc3,no_salary_hike_no_attrition_no_department,sigmoid,5,165,2,2,0.7682572534521861,0.20570328288613954,0.026039463661674412
manuscript_final_20260712T175019Z_c664ef152ff3,c664ef152ff3a9eef89c53a403b9c2e6f677340bea0307b02d97d07cc54bdfc3,no_salary_hike_no_attrition_no_department,sigmoid,5,178,2,2,0.8219739031991371,0.1591562159947079,0.01886988080615496
manuscript_final_20260712T175019Z_c664ef152ff3,c664ef152ff3a9eef89c53a403b9c2e6f677340bea0307b02d97d07cc54bdfc3,no_salary_hike_no_attrition_no_department,sigmoid,5,191,3,3,0.012512452337577654,0.8024726516233311,0.1850148960390911
manuscript_final_20260712T175019Z_c664ef152ff3,c664ef152ff3a9eef89c53a403b9c2e6f677340bea0307b02d97d07cc54bdfc3,no_salary_hike_no_attrition_no_department,sigmoid,5,192,3,3,0.4607247707257808,0.4990798231966741,0.040195406077545244
manuscript_final_20260712T175019Z_c664ef152ff3,c664ef152ff3a9eef89c53a403b9c2e6f677340bea0307b02d97d07cc54bdfc3,no_salary_hike_no_attrition_no_department,sigmoid,5,199,4,3,0.01074278282698194,0.8544671450682756,0.1347900721047425
manuscript_final_20260712T175019Z_c664ef152ff3,c664ef152ff3a9eef89c53a403b9c2e6f677340bea0307b02d97d07cc54bdfc3,no_salary_hike_no_attrition_no_department,sigmoid,5,201,3,3,0.0026738148430326494,0.9226229029095132,0.07470328224745422
manuscript_final_20260712T175019Z_c664ef152ff3,c664ef152ff3a9eef89c53a403b9c2e6f677340bea0307b02d97d07cc54bdfc3,no_salary_hike_no_attrition_no_department,sigmoid,5,208,2,2,0.6782403215415318,0.30219460942663545,0.019565069031832687
manuscript_final_20260712T175019Z_c664ef152ff3,c664ef152ff3a9eef89c53a403b9c2e6f677340bea0307b02d97d07cc54bdfc3,no_salary_hike_no_attrition_no_department,sigmoid,5,212,2,2,0.6598808385354332,0.29299721359281117,0.0471219478717556
manuscript_final_20260712T175019Z_c664ef152ff3,c664ef152ff3a9eef89c53a403b9c2e6f677340bea0307b02d97d07cc54bdfc3,no_salary_hike_no_attrition_no_department,sigmoid,5,217,3,3,0.010496031317720159,0.8363801608107405,0.15312380787153917
manuscript_final_20260712T175019Z_c664ef152ff3,c664ef152ff3a9eef89c53a403b9c2e6f677340bea0307b02d97d07cc54bdfc3,no_salary_hike_no_attrition_no_department,sigmoid,5,228,3,3,0.004922072022174891,0.8716038723362428,0.12347405564158237
manuscript_final_20260712T175019Z_c664ef152ff3,c664ef152ff3a9eef89c53a403b9c2e6f677340bea0307b02d97d07cc54bdfc3,no_salary_hike_no_attrition_no_department,sigmoid,5,231,3,3,0.006225211551524414,0.6573236519049483,0.3364511365435272
manuscript_final_20260712T175019Z_c664ef152ff3,c664ef152ff3a9eef89c53a403b9c2e6f677340bea0307b02d97d07cc54bdfc3,no_salary_hike_no_attrition_no_department,sigmoid,5,237,3,3,0.004804519858585239,0.889744629263366,0.10545085087804897
manuscript_final_20260712T175019Z_c664ef152ff3,c664ef152ff3a9eef89c53a403b9c2e6f677340bea0307b02d97d07cc54bdfc3,no_salary_hike_no_attrition_no_department,sigmoid,5,245,3,3,0.01728696651049068,0.8117575116401599,0.17095552184934945
manuscript_final_20260712T175019Z_c664ef152ff3,c664ef152ff3a9eef89c53a403b9c2e6f677340bea0307b02d97d07cc54bdfc3,no_salary_hike_no_attrition_no_department,sigmoid,5,247,3,3,0.020387529547586828,0.8161017199675612,0.16351075048485206
manuscript_final_20260712T175019Z_c664ef152ff3,c664ef152ff3a9eef89c53a403b9c2e6f677340bea0307b02d97d07cc54bdfc3,no_salary_hike_no_attrition_no_department,sigmoid,5,270,3,3,0.009097757275424402,0.9368414648919531,0.054060777832622545
manuscript_final_20260712T175019Z_c664ef152ff3,c664ef152ff3a9eef89c53a403b9c2e6f677340bea0307b02d97d07cc54bdfc3,no_salary_hike_no_attrition_no_department,sigmoid,5,279,3,3,0.016992399321160683,0.9065346724699165,0.07647292820892279
manuscript_final_20260712T175019Z_c664ef152ff3,c664ef152ff3a9eef89c53a403b9c2e6f677340bea0307b02d97d07cc54bdfc3,no_salary_hike_no_attrition_no_department,sigmoid,5,282,3,3,0.011856629335086062,0.8547024692372924,0.13344090142762138
manuscript_final_20260712T175019Z_c664ef152ff3,c664ef152ff3a9eef89c53a403b9c2e6f677340bea0307b02d97d07cc54bdfc3,no_salary_hike_no_attrition_no_department,sigmoid,5,288,2,2,0.763659183811042,0.20714195513762157,0.029198861051336292
manuscript_final_20260712T175019Z_c664ef152ff3,c664ef152ff3a9eef89c53a403b9c2e6f677340bea0307b02d97d07cc54bdfc3,no_salary_hike_no_attrition_no_department,sigmoid,5,289,3,3,0.012029684851458595,0.8525990211901184,0.13537129395842307
manuscript_final_20260712T175019Z_c664ef152ff3,c664ef152ff3a9eef89c53a403b9c2e6f677340bea0307b02d97d07cc54bdfc3,no_salary_hike_no_attrition_no_department,sigmoid,5,290,3,3,0.005005825462536076,0.9390961528473055,0.055898021690158485
manuscript_final_20260712T175019Z_c664ef152ff3,c664ef152ff3a9eef89c53a403b9c2e6f677340bea0307b02d97d07cc54bdfc3,no_salary_hike_no_attrition_no_department,sigmoid,5,295,3,3,0.008490949483589158,0.8563872594276767,0.1351217910887342
manuscript_final_20260712T175019Z_c664ef152ff3,c664ef152ff3a9eef89c53a403b9c2e6f677340bea0307b02d97d07cc54bdfc3,no_salary_hike_no_attrition_no_department,sigmoid,5,311,3,3,0.0033161836529463974,0.931889650932625,0.06479416541442856
manuscript_final_20260712T175019Z_c664ef152ff3,c664ef152ff3a9eef89c53a403b9c2e6f677340bea0307b02d97d07cc54bdfc3,no_salary_hike_no_attrition_no_department,sigmoid,5,316,3,3,0.01699764993074766,0.9017338352390827,0.0812685148301697
manuscript_final_20260712T175019Z_c664ef152ff3,c664ef152ff3a9eef89c53a403b9c2e6f677340bea0307b02d97d07cc54bdfc3,no_salary_hike_no_attrition_no_department,sigmoid,5,324,3,3,0.01468008000700472,0.8363755450517778,0.14894437494121734
manuscript_final_20260712T175019Z_c664ef152ff3,c664ef152ff3a9eef89c53a403b9c2e6f677340bea0307b02d97d07cc54bdfc3,no_salary_hike_no_attrition_no_department,sigmoid,5,326,3,3,0.012647362148258338,0.8404272449035792,0.14692539294816243
manuscript_final_20260712T175019Z_c664ef152ff3,c664ef152ff3a9eef89c53a403b9c2e6f677340bea0307b02d97d07cc54bdfc3,no_salary_hike_no_attrition_no_department,sigmoid,5,328,3,3,0.005742619695410081,0.864227032783192,0.130030347521398
manuscript_final_20260712T175019Z_c664ef152ff3,c664ef152ff3a9eef89c53a403b9c2e6f677340bea0307b02d97d07cc54bdfc3,no_salary_hike_no_attrition_no_department,sigmoid,5,334,3,3,0.008538594598233638,0.8598618430433416,0.13159956235842477
manuscript_final_20260712T175019Z_c664ef152ff3,c664ef152ff3a9eef89c53a403b9c2e6f677340bea0307b02d97d07cc54bdfc3,no_salary_hike_no_attrition_no_department,sigmoid,5,366,3,3,0.003197556432266625,0.8403923603085944,0.15641008325913894
manuscript_final_20260712T175019Z_c664ef152ff3,c664ef152ff3a9eef89c53a403b9c2e6f677340bea0307b02d97d07cc54bdfc3,no_salary_hike_no_attrition_no_department,sigmoid,5,373,3,3,0.02162690518998468,0.8576066033435016,0.12076649146651368
manuscript_final_20260712T175019Z_c664ef152ff3,c664ef152ff3a9eef89c53a403b9c2e6f677340bea0307b02d97d07cc54bdfc3,no_salary_hike_no_attrition_no_department,sigmoid,5,400,4,3,0.425442642314542,0.5013340873734695,0.07322327031198854
manuscript_final_20260712T175019Z_c664ef152ff3,c664ef152ff3a9eef89c53a403b9c2e6f677340bea0307b02d97d07cc54bdfc3,no_salary_hike_no_attrition_no_department,sigmoid,5,401,3,3,0.006187570138204257,0.816202558786324,0.17760987107547174
manuscript_final_20260712T175019Z_c664ef152ff3,c664ef152ff3a9eef89c53a403b9c2e6f677340bea0307b02d97d07cc54bdfc3,no_salary_hike_no_attrition_no_department,sigmoid,5,410,3,3,0.17026908670953236,0.745640344704797,0.08409056858567068
manuscript_final_20260712T175019Z_c664ef152ff3,c664ef152ff3a9eef89c53a403b9c2e6f677340bea0307b02d97d07cc54bdfc3,no_salary_hike_no_attrition_no_department,sigmoid,5,413,3,3,0.0037739345320137135,0.8830505333682884,0.11317553209969786
manuscript_final_20260712T175019Z_c664ef152ff3,c664ef152ff3a9eef89c53a403b9c2e6f677340bea0307b02d97d07cc54bdfc3,no_salary_hike_no_attrition_no_department,sigmoid,5,415,4,3,0.008097351299628726,0.6108094479666795,0.3810932007336918
manuscript_final_20260712T175019Z_c664ef152ff3,c664ef152ff3a9eef89c53a403b9c2e6f677340bea0307b02d97d07cc54bdfc3,no_salary_hike_no_attrition_no_department,sigmoid,5,423,2,2,0.8265803854859067,0.15002617439168875,0.023393440122404657
manuscript_final_20260712T175019Z_c664ef152ff3,c664ef152ff3a9eef89c53a403b9c2e6f677340bea0307b02d97d07cc54bdfc3,no_salary_hike_no_attrition_no_department,sigmoid,5,430,2,2,0.8146303955487376,0.16656837123638793,0.018801233214874463
manuscript_final_20260712T175019Z_c664ef152ff3,c664ef152ff3a9eef89c53a403b9c2e6f677340bea0307b02d97d07cc54bdfc3,no_salary_hike_no_attrition_no_department,sigmoid,5,434,3,3,0.01971189566565898,0.8518280753386892,0.12846002899565187
manuscript_final_20260712T175019Z_c664ef152ff3,c664ef152ff3a9eef89c53a403b9c2e6f677340bea0307b02d97d07cc54bdfc3,no_salary_hike_no_attrition_no_department,sigmoid,5,441,3,3,0.002889905629511836,0.8936215773341091,0.10348851703637905
manuscript_final_20260712T175019Z_c664ef152ff3,c664ef152ff3a9eef89c53a403b9c2e6f677340bea0307b02d97d07cc54bdfc3,no_salary_hike_no_attrition_no_department,sigmoid,5,452,2,2,0.8072068253714577,0.15829661693874467,0.034496557689797556
manuscript_final_20260712T175019Z_c664ef152ff3,c664ef152ff3a9eef89c53a403b9c2e6f677340bea0307b02d97d07cc54bdfc3,no_salary_hike_no_attrition_no_department,sigmoid,5,458,2,2,0.5648081389392029,0.39416877410843526,0.041023086952361815
manuscript_final_20260712T175019Z_c664ef152ff3,c664ef152ff3a9eef89c53a403b9c2e6f677340bea0307b02d97d07cc54bdfc3,no_salary_hike_no_attrition_no_department,sigmoid,5,486,3,3,0.017987658219767166,0.7924444055738382,0.18956793620639462
manuscript_final_20260712T175019Z_c664ef152ff3,c664ef152ff3a9eef89c53a403b9c2e6f677340bea0307b02d97d07cc54bdfc3,no_salary_hike_no_attrition_no_department,sigmoid,5,510,3,3,0.004828190635794999,0.8784376919556673,0.11673411740853767
manuscript_final_20260712T175019Z_c664ef152ff3,c664ef152ff3a9eef89c53a403b9c2e6f677340bea0307b02d97d07cc54bdfc3,no_salary_hike_no_attrition_no_department,sigmoid,5,522,3,3,0.016106471573090007,0.8416540367340107,0.14223949169289918
manuscript_final_20260712T175019Z_c664ef152ff3,c664ef152ff3a9eef89c53a403b9c2e6f677340bea0307b02d97d07cc54bdfc3,no_salary_hike_no_attrition_no_department,sigmoid,5,525,3,3,0.020335221282064136,0.9196216949596818,0.060043083758254116
manuscript_final_20260712T175019Z_c664ef152ff3,c664ef152ff3a9eef89c53a403b9c2e6f677340bea0307b02d97d07cc54bdfc3,no_salary_hike_no_attrition_no_department,sigmoid,5,532,3,3,0.007160496836559367,0.7756488445986954,0.21719065856474512
manuscript_final_20260712T175019Z_c664ef152ff3,c664ef152ff3a9eef89c53a403b9c2e6f677340bea0307b02d97d07cc54bdfc3,no_salary_hike_no_attrition_no_department,sigmoid,5,540,3,3,0.019618057512931997,0.7206908683086095,0.25969107417845844
manuscript_final_20260712T175019Z_c664ef152ff3,c664ef152ff3a9eef89c53a403b9c2e6f677340bea0307b02d97d07cc54bdfc3,no_salary_hike_no_attrition_no_department,sigmoid,5,542,2,2,0.6195025793941117,0.3328034768215719,0.04769394378431647
manuscript_final_20260712T175019Z_c664ef152ff3,c664ef152ff3a9eef89c53a403b9c2e6f677340bea0307b02d97d07cc54bdfc3,no_salary_hike_no_attrition_no_department,sigmoid,5,550,2,2,0.5927463461367065,0.3797854126736783,0.027468241189615144
manuscript_final_20260712T175019Z_c664ef152ff3,c664ef152ff3a9eef89c53a403b9c2e6f677340bea0307b02d97d07cc54bdfc3,no_salary_hike_no_attrition_no_department,sigmoid,5,560,3,3,0.006557489620727698,0.9058166560955834,0.08762585428368888
manuscript_final_20260712T175019Z_c664ef152ff3,c664ef152ff3a9eef89c53a403b9c2e6f677340bea0307b02d97d07cc54bdfc3,no_salary_hike_no_attrition_no_department,sigmoid,5,571,2,2,0.7224116202444556,0.25357713622123973,0.024011243534304793
manuscript_final_20260712T175019Z_c664ef152ff3,c664ef152ff3a9eef89c53a403b9c2e6f677340bea0307b02d97d07cc54bdfc3,no_salary_hike_no_attrition_no_department,sigmoid,5,572,4,3,0.002994080066767424,0.859069207027349,0.13793671290588355
manuscript_final_20260712T175019Z_c664ef152ff3,c664ef152ff3a9eef89c53a403b9c2e6f677340bea0307b02d97d07cc54bdfc3,no_salary_hike_no_attrition_no_department,sigmoid,5,601,3,3,0.019531110255892593,0.8675934254692436,0.11287546427486397
manuscript_final_20260712T175019Z_c664ef152ff3,c664ef152ff3a9eef89c53a403b9c2e6f677340bea0307b02d97d07cc54bdfc3,no_salary_hike_no_attrition_no_department,sigmoid,5,626,4,3,0.01300403998055816,0.8702856940957122,0.11671026592372957
manuscript_final_20260712T175019Z_c664ef152ff3,c664ef152ff3a9eef89c53a403b9c2e6f677340bea0307b02d97d07cc54bdfc3,no_salary_hike_no_attrition_no_department,sigmoid,5,628,2,2,0.8614973807479502,0.123730846510353,0.014771772741696804
manuscript_final_20260712T175019Z_c664ef152ff3,c664ef152ff3a9eef89c53a403b9c2e6f677340bea0307b02d97d07cc54bdfc3,no_salary_hike_no_attrition_no_department,sigmoid,5,635,3,3,0.01606287713071657,0.81086296803215,0.17307415483713348
manuscript_final_20260712T175019Z_c664ef152ff3,c664ef152ff3a9eef89c53a403b9c2e6f677340bea0307b02d97d07cc54bdfc3,no_salary_hike_no_attrition_no_department,sigmoid,5,641,3,3,0.003516755005565896,0.8075653602914707,0.18891788470296345
manuscript_final_20260712T175019Z_c664ef152ff3,c664ef152ff3a9eef89c53a403b9c2e6f677340bea0307b02d97d07cc54bdfc3,no_salary_hike_no_attrition_no_department,sigmoid,5,644,3,3,0.035441563482660095,0.8060379804918903,0.15852045602544962
manuscript_final_20260712T175019Z_c664ef152ff3,c664ef152ff3a9eef89c53a403b9c2e6f677340bea0307b02d97d07cc54bdfc3,no_salary_hike_no_attrition_no_department,sigmoid,5,649,3,3,0.014132044231812416,0.7913776573018803,0.19449029846630733
manuscript_final_20260712T175019Z_c664ef152ff3,c664ef152ff3a9eef89c53a403b9c2e6f677340bea0307b02d97d07cc54bdfc3,no_salary_hike_no_attrition_no_department,sigmoid,5,663,4,3,0.019244490420791446,0.7400504025893234,0.24070510698988512
manuscript_final_20260712T175019Z_c664ef152ff3,c664ef152ff3a9eef89c53a403b9c2e6f677340bea0307b02d97d07cc54bdfc3,no_salary_hike_no_attrition_no_department,sigmoid,5,688,2,2,0.8852725219852503,0.09710255026166995,0.017624927753079618
manuscript_final_20260712T175019Z_c664ef152ff3,c664ef152ff3a9eef89c53a403b9c2e6f677340bea0307b02d97d07cc54bdfc3,no_salary_hike_no_attrition_no_department,sigmoid,5,700,4,3,0.016176836534070236,0.728092169451552,0.2557309940143777
manuscript_final_20260712T175019Z_c664ef152ff3,c664ef152ff3a9eef89c53a403b9c2e6f677340bea0307b02d97d07cc54bdfc3,no_salary_hike_no_attrition_no_department,sigmoid,5,701,3,3,0.037286077004932125,0.8509830865885811,0.11173083640648673
manuscript_final_20260712T175019Z_c664ef152ff3,c664ef152ff3a9eef89c53a403b9c2e6f677340bea0307b02d97d07cc54bdfc3,no_salary_hike_no_attrition_no_department,sigmoid,5,706,3,3,0.027418238350230714,0.6604476680910573,0.31213409355871197
manuscript_final_20260712T175019Z_c664ef152ff3,c664ef152ff3a9eef89c53a403b9c2e6f677340bea0307b02d97d07cc54bdfc3,no_salary_hike_no_attrition_no_department,sigmoid,5,711,3,3,0.005863680286744442,0.8638255991511861,0.13031072056206947
manuscript_final_20260712T175019Z_c664ef152ff3,c664ef152ff3a9eef89c53a403b9c2e6f677340bea0307b02d97d07cc54bdfc3,no_salary_hike_no_attrition_no_department,sigmoid,5,724,3,3,0.027331709206408716,0.9060760158654856,0.06659227492810577
manuscript_final_20260712T175019Z_c664ef152ff3,c664ef152ff3a9eef89c53a403b9c2e6f677340bea0307b02d97d07cc54bdfc3,no_salary_hike_no_attrition_no_department,sigmoid,5,737,2,2,0.8844443919566741,0.098347026093119,0.017208581950206865
manuscript_final_20260712T175019Z_c664ef152ff3,c664ef152ff3a9eef89c53a403b9c2e6f677340bea0307b02d97d07cc54bdfc3,no_salary_hike_no_attrition_no_department,sigmoid,5,749,4,3,0.04341603513182292,0.8421376605231657,0.11444630434501134
manuscript_final_20260712T175019Z_c664ef152ff3,c664ef152ff3a9eef89c53a403b9c2e6f677340bea0307b02d97d07cc54bdfc3,no_salary_hike_no_attrition_no_department,sigmoid,5,798,3,3,0.028522652065581182,0.7882139809873716,0.1832633669470472
manuscript_final_20260712T175019Z_c664ef152ff3,c664ef152ff3a9eef89c53a403b9c2e6f677340bea0307b02d97d07cc54bdfc3,no_salary_hike_no_attrition_no_department,sigmoid,5,801,4,3,0.006228596286841805,0.8509788993356787,0.14279250437747942
manuscript_final_20260712T175019Z_c664ef152ff3,c664ef152ff3a9eef89c53a403b9c2e6f677340bea0307b02d97d07cc54bdfc3,no_salary_hike_no_attrition_no_department,sigmoid,5,803,3,3,0.0019093571198502788,0.9229507036552624,0.07513993922488724
manuscript_final_20260712T175019Z_c664ef152ff3,c664ef152ff3a9eef89c53a403b9c2e6f677340bea0307b02d97d07cc54bdfc3,no_salary_hike_no_attrition_no_department,sigmoid,5,808,3,3,0.008278295378902907,0.9032235641189297,0.08849814050216737
manuscript_final_20260712T175019Z_c664ef152ff3,c664ef152ff3a9eef89c53a403b9c2e6f677340bea0307b02d97d07cc54bdfc3,no_salary_hike_no_attrition_no_department,sigmoid,5,812,4,3,0.0059314704168594995,0.8209698026248712,0.17309872695826922
manuscript_final_20260712T175019Z_c664ef152ff3,c664ef152ff3a9eef89c53a403b9c2e6f677340bea0307b02d97d07cc54bdfc3,no_salary_hike_no_attrition_no_department,sigmoid,5,837,3,3,0.028238576306991666,0.8179016631603798,0.15385976053262848
manuscript_final_20260712T175019Z_c664ef152ff3,c664ef152ff3a9eef89c53a403b9c2e6f677340bea0307b02d97d07cc54bdfc3,no_salary_hike_no_attrition_no_department,sigmoid,5,839,3,3,0.06816231206499722,0.8831962071131422,0.04864148082186071
manuscript_final_20260712T175019Z_c664ef152ff3,c664ef152ff3a9eef89c53a403b9c2e6f677340bea0307b02d97d07cc54bdfc3,no_salary_hike_no_attrition_no_department,sigmoid,5,846,3,3,0.04882395846949678,0.8382359622082668,0.11294007932223636
manuscript_final_20260712T175019Z_c664ef152ff3,c664ef152ff3a9eef89c53a403b9c2e6f677340bea0307b02d97d07cc54bdfc3,no_salary_hike_no_attrition_no_department,sigmoid,5,868,3,3,0.0026523271262150357,0.9290529581889162,0.0682947146848687
manuscript_final_20260712T175019Z_c664ef152ff3,c664ef152ff3a9eef89c53a403b9c2e6f677340bea0307b02d97d07cc54bdfc3,no_salary_hike_no_attrition_no_department,sigmoid,5,905,3,3,0.006746650494809725,0.9236295184439716,0.06962383106121861
manuscript_final_20260712T175019Z_c664ef152ff3,c664ef152ff3a9eef89c53a403b9c2e6f677340bea0307b02d97d07cc54bdfc3,no_salary_hike_no_attrition_no_department,sigmoid,5,909,3,3,0.0038352410350993545,0.8453265708794157,0.15083818808548508
manuscript_final_20260712T175019Z_c664ef152ff3,c664ef152ff3a9eef89c53a403b9c2e6f677340bea0307b02d97d07cc54bdfc3,no_salary_hike_no_attrition_no_department,sigmoid,5,913,3,3,0.006131205727346469,0.8801789309634503,0.11368986330920319
manuscript_final_20260712T175019Z_c664ef152ff3,c664ef152ff3a9eef89c53a403b9c2e6f677340bea0307b02d97d07cc54bdfc3,no_salary_hike_no_attrition_no_department,sigmoid,5,917,3,3,0.006660228835347795,0.71890722705521,0.27443254410944223
manuscript_final_20260712T175019Z_c664ef152ff3,c664ef152ff3a9eef89c53a403b9c2e6f677340bea0307b02d97d07cc54bdfc3,no_salary_hike_no_attrition_no_department,sigmoid,5,929,3,3,0.002804785474307402,0.8806379409452514,0.11655727358044128
manuscript_final_20260712T175019Z_c664ef152ff3,c664ef152ff3a9eef89c53a403b9c2e6f677340bea0307b02d97d07cc54bdfc3,no_salary_hike_no_attrition_no_department,sigmoid,5,942,3,2,0.7387445058215804,0.2492697943282987,0.011985699850121009
manuscript_final_20260712T175019Z_c664ef152ff3,c664ef152ff3a9eef89c53a403b9c2e6f677340bea0307b02d97d07cc54bdfc3,no_salary_hike_no_attrition_no_department,sigmoid,5,949,3,3,0.011260041595515117,0.8460202418421062,0.14271971656237864
manuscript_final_20260712T175019Z_c664ef152ff3,c664ef152ff3a9eef89c53a403b9c2e6f677340bea0307b02d97d07cc54bdfc3,no_salary_hike_no_attrition_no_department,sigmoid,5,954,3,3,0.005728682332339961,0.9003491719282078,0.0939221457394522
manuscript_final_20260712T175019Z_c664ef152ff3,c664ef152ff3a9eef89c53a403b9c2e6f677340bea0307b02d97d07cc54bdfc3,no_salary_hike_no_attrition_no_department,sigmoid,5,957,2,2,0.7982551289655072,0.1787184303715883,0.023026440662904497
manuscript_final_20260712T175019Z_c664ef152ff3,c664ef152ff3a9eef89c53a403b9c2e6f677340bea0307b02d97d07cc54bdfc3,no_salary_hike_no_attrition_no_department,sigmoid,5,961,3,3,0.08007121952010417,0.7567149446584013,0.1632138358214945
manuscript_final_20260712T175019Z_c664ef152ff3,c664ef152ff3a9eef89c53a403b9c2e6f677340bea0307b02d97d07cc54bdfc3,no_salary_hike_no_attrition_no_department,sigmoid,5,963,3,3,0.01302438542499571,0.9418252215348489,0.04515039304015534
manuscript_final_20260712T175019Z_c664ef152ff3,c664ef152ff3a9eef89c53a403b9c2e6f677340bea0307b02d97d07cc54bdfc3,no_salary_hike_no_attrition_no_department,sigmoid,5,997,2,3,0.26157935411506766,0.7075537865169962,0.03086685936793613
manuscript_final_20260712T175019Z_c664ef152ff3,c664ef152ff3a9eef89c53a403b9c2e6f677340bea0307b02d97d07cc54bdfc3,no_salary_hike_no_attrition_no_department,sigmoid,5,1005,4,3,0.001985249397178367,0.9095979914312036,0.08841675917161806
manuscript_final_20260712T175019Z_c664ef152ff3,c664ef152ff3a9eef89c53a403b9c2e6f677340bea0307b02d97d07cc54bdfc3,no_salary_hike_no_attrition_no_department,sigmoid,5,1009,2,3,0.08410672911923832,0.8493699265184202,0.06652334436234134
manuscript_final_20260712T175019Z_c664ef152ff3,c664ef152ff3a9eef89c53a403b9c2e6f677340bea0307b02d97d07cc54bdfc3,no_salary_hike_no_attrition_no_department,sigmoid,5,1015,3,3,0.0056389045287748235,0.8779085600594242,0.11645253541180092
manuscript_final_20260712T175019Z_c664ef152ff3,c664ef152ff3a9eef89c53a403b9c2e6f677340bea0307b02d97d07cc54bdfc3,no_salary_hike_no_attrition_no_department,sigmoid,5,1016,3,3,0.003576735144403786,0.8227200933285662,0.1737031715270299
manuscript_final_20260712T175019Z_c664ef152ff3,c664ef152ff3a9eef89c53a403b9c2e6f677340bea0307b02d97d07cc54bdfc3,no_salary_hike_no_attrition_no_department,sigmoid,5,1030,3,3,0.0055852020039275216,0.9513954366457977,0.04301936135027477
manuscript_final_20260712T175019Z_c664ef152ff3,c664ef152ff3a9eef89c53a403b9c2e6f677340bea0307b02d97d07cc54bdfc3,no_salary_hike_no_attrition_no_department,sigmoid,5,1041,3,3,0.005037228630975613,0.7519883254057022,0.24297444596332216
manuscript_final_20260712T175019Z_c664ef152ff3,c664ef152ff3a9eef89c53a403b9c2e6f677340bea0307b02d97d07cc54bdfc3,no_salary_hike_no_attrition_no_department,sigmoid,5,1043,3,3,0.08723933433723362,0.8162022808594753,0.09655838480329108
manuscript_final_20260712T175019Z_c664ef152ff3,c664ef152ff3a9eef89c53a403b9c2e6f677340bea0307b02d97d07cc54bdfc3,no_salary_hike_no_attrition_no_department,sigmoid,5,1045,3,3,0.019505879309206726,0.8640205219570486,0.11647359873374456
manuscript_final_20260712T175019Z_c664ef152ff3,c664ef152ff3a9eef89c53a403b9c2e6f677340bea0307b02d97d07cc54bdfc3,no_salary_hike_no_attrition_no_department,sigmoid,5,1062,3,3,0.0054807755829456095,0.8514847172363345,0.14303450718072006
manuscript_final_20260712T175019Z_c664ef152ff3,c664ef152ff3a9eef89c53a403b9c2e6f677340bea0307b02d97d07cc54bdfc3,no_salary_hike_no_attrition_no_department,sigmoid,5,1092,3,3,0.33721793618903284,0.5759905835717796,0.08679148023918766
manuscript_final_20260712T175019Z_c664ef152ff3,c664ef152ff3a9eef89c53a403b9c2e6f677340bea0307b02d97d07cc54bdfc3,no_salary_hike_no_attrition_no_department,sigmoid,5,1095,2,2,0.8343723114864517,0.1465284646096199,0.019099223903928448
manuscript_final_20260712T175019Z_c664ef152ff3,c664ef152ff3a9eef89c53a403b9c2e6f677340bea0307b02d97d07cc54bdfc3,no_salary_hike_no_attrition_no_department,sigmoid,5,1100,3,3,0.015012168709489774,0.8380523690882689,0.1469354622022413
manuscript_final_20260712T175019Z_c664ef152ff3,c664ef152ff3a9eef89c53a403b9c2e6f677340bea0307b02d97d07cc54bdfc3,no_salary_hike_no_attrition_no_department,sigmoid,5,1108,4,3,0.0026423181514606464,0.8396824164992075,0.15767526534933177
manuscript_final_20260712T175019Z_c664ef152ff3,c664ef152ff3a9eef89c53a403b9c2e6f677340bea0307b02d97d07cc54bdfc3,no_salary_hike_no_attrition_no_department,sigmoid,5,1111,3,3,0.030429905763334583,0.8598506365571693,0.10971945767949615
manuscript_final_20260712T175019Z_c664ef152ff3,c664ef152ff3a9eef89c53a403b9c2e6f677340bea0307b02d97d07cc54bdfc3,no_salary_hike_no_attrition_no_department,sigmoid,5,1113,3,3,0.006520018927782892,0.8287258356972037,0.16475414537501343
manuscript_final_20260712T175019Z_c664ef152ff3,c664ef152ff3a9eef89c53a403b9c2e6f677340bea0307b02d97d07cc54bdfc3,no_salary_hike_no_attrition_no_department,sigmoid,5,1123,3,3,0.018544182544188447,0.8404130077859175,0.14104280966989396
manuscript_final_20260712T175019Z_c664ef152ff3,c664ef152ff3a9eef89c53a403b9c2e6f677340bea0307b02d97d07cc54bdfc3,no_salary_hike_no_attrition_no_department,sigmoid,5,1167,3,3,0.014350128913570726,0.837579267571003,0.14807060351542628
manuscript_final_20260712T175019Z_c664ef152ff3,c664ef152ff3a9eef89c53a403b9c2e6f677340bea0307b02d97d07cc54bdfc3,no_salary_hike_no_attrition_no_department,sigmoid,5,1169,3,3,0.006852370206802517,0.8617418794611721,0.13140575033202545
manuscript_final_20260712T175019Z_c664ef152ff3,c664ef152ff3a9eef89c53a403b9c2e6f677340bea0307b02d97d07cc54bdfc3,no_salary_hike_no_attrition_no_department,sigmoid,5,1178,3,3,0.300570023196082,0.6408808418385185,0.05854913496539949
manuscript_final_20260712T175019Z_c664ef152ff3,c664ef152ff3a9eef89c53a403b9c2e6f677340bea0307b02d97d07cc54bdfc3,no_salary_hike_no_attrition_no_department,sigmoid,5,1197,3,3,0.011816424969608755,0.7421780652037235,0.24600550982666772
manuscript_final_20260712T175019Z_c664ef152ff3,c664ef152ff3a9eef89c53a403b9c2e6f677340bea0307b02d97d07cc54bdfc3,no_salary_hike_no_attrition_no_department,isotonic,5,2,4,3,1.0222551824282816e-08,0.8649851543623921,0.13501483541505604
manuscript_final_20260712T175019Z_c664ef152ff3,c664ef152ff3a9eef89c53a403b9c2e6f677340bea0307b02d97d07cc54bdfc3,no_salary_hike_no_attrition_no_department,isotonic,5,3,3,2,0.7499999925000002,0.24999999750000004,9.999999900000002e-09
manuscript_final_20260712T175019Z_c664ef152ff3,c664ef152ff3a9eef89c53a403b9c2e6f677340bea0307b02d97d07cc54bdfc3,no_salary_hike_no_attrition_no_department,isotonic,5,6,3,3,9.999999800000005e-09,0.9999999800000006,9.999999800000005e-09
manuscript_final_20260712T175019Z_c664ef152ff3,c664ef152ff3a9eef89c53a403b9c2e6f677340bea0307b02d97d07cc54bdfc3,no_salary_hike_no_attrition_no_department,isotonic,5,19,3,3,1.0297029596941477e-08,0.8712871197412019,0.12871286996176845
manuscript_final_20260712T175019Z_c664ef152ff3,c664ef152ff3a9eef89c53a403b9c2e6f677340bea0307b02d97d07cc54bdfc3,no_salary_hike_no_attrition_no_department,isotonic,5,21,3,3,1.0222551824282816e-08,0.8649851543623921,0.13501483541505604
manuscript_final_20260712T175019Z_c664ef152ff3,c664ef152ff3a9eef89c53a403b9c2e6f677340bea0307b02d97d07cc54bdfc3,no_salary_hike_no_attrition_no_department,isotonic,5,81,3,3,1.0297029596941477e-08,0.8712871197412019,0.12871286996176845
manuscript_final_20260712T175019Z_c664ef152ff3,c664ef152ff3a9eef89c53a403b9c2e6f677340bea0307b02d97d07cc54bdfc3,no_salary_hike_no_attrition_no_department,isotonic,5,99,3,3,1.0222551824282816e-08,0.8649851543623921,0.13501483541505604
manuscript_final_20260712T175019Z_c664ef152ff3,c664ef152ff3a9eef89c53a403b9c2e6f677340bea0307b02d97d07cc54bdfc3,no_salary_hike_no_attrition_no_department,isotonic,5,134,3,3,1.0222551824282816e-08,0.8649851543623921,0.13501483541505604
manuscript_final_20260712T175019Z_c664ef152ff3,c664ef152ff3a9eef89c53a403b9c2e6f677340bea0307b02d97d07cc54bdfc3,no_salary_hike_no_attrition_no_department,isotonic,5,144,4,3,1.0222551824282816e-08,0.8649851543623921,0.13501483541505604
manuscript_final_20260712T175019Z_c664ef152ff3,c664ef152ff3a9eef89c53a403b9c2e6f677340bea0307b02d97d07cc54bdfc3,no_salary_hike_no_attrition_no_department,isotonic,5,147,3,3,1.0222551824282816e-08,0.8649851543623921,0.13501483541505604
manuscript_final_20260712T175019Z_c664ef152ff3,c664ef152ff3a9eef89c53a403b9c2e6f677340bea0307b02d97d07cc54bdfc3,no_salary_hike_no_attrition_no_department,isotonic,5,152,3,3,1.1428571297959185e-08,0.714285706122449,0.2857142824489796
manuscript_final_20260712T175019Z_c664ef152ff3,c664ef152ff3a9eef89c53a403b9c2e6f677340bea0307b02d97d07cc54bdfc3,no_salary_hike_no_attrition_no_department,isotonic,5,159,3,3,1.0111111008876544e-08,0.8555555469049384,0.14444444298395062
manuscript_final_20260712T175019Z_c664ef152ff3,c664ef152ff3a9eef89c53a403b9c2e6f677340bea0307b02d97d07cc54bdfc3,no_salary_hike_no_attrition_no_department,isotonic,5,165,2,2,0.8273381212825425,0.17266186878940015,9.92805745539051e-09
manuscript_final_20260712T175019Z_c664ef152ff3,c664ef152ff3a9eef89c53a403b9c2e6f677340bea0307b02d97d07cc54bdfc3,no_salary_hike_no_attrition_no_department,isotonic,5,178,2,2,0.8273381212825425,0.17266186878940015,9.92805745539051e-09
manuscript_final_20260712T175019Z_c664ef152ff3,c664ef152ff3a9eef89c53a403b9c2e6f677340bea0307b02d97d07cc54bdfc3,no_salary_hike_no_attrition_no_department,isotonic,5,191,3,3,1.004219779405027e-08,0.8126127796614323,0.18738721029636984
manuscript_final_20260712T175019Z_c664ef152ff3,c664ef152ff3a9eef89c53a403b9c2e6f677340bea0307b02d97d07cc54bdfc3,no_salary_hike_no_attrition_no_department,isotonic,5,192,3,2,0.5095733814616484,0.4904266096208174,8.917534175578849e-09
manuscript_final_20260712T175019Z_c664ef152ff3,c664ef152ff3a9eef89c53a403b9c2e6f677340bea0307b02d97d07cc54bdfc3,no_salary_hike_no_attrition_no_department,isotonic,5,199,4,3,1.0111111008876544e-08,0.8555555469049384,0.14444444298395062
manuscript_final_20260712T175019Z_c664ef152ff3,c664ef152ff3a9eef89c53a403b9c2e6f677340bea0307b02d97d07cc54bdfc3,no_salary_hike_no_attrition_no_department,isotonic,5,201,3,3,1.0297029596941477e-08,0.8712871197412019,0.12871286996176845
manuscript_final_20260712T175019Z_c664ef152ff3,c664ef152ff3a9eef89c53a403b9c2e6f677340bea0307b02d97d07cc54bdfc3,no_salary_hike_no_attrition_no_department,isotonic,5,208,2,2,0.7499999925000002,0.24999999750000004,9.999999900000002e-09
manuscript_final_20260712T175019Z_c664ef152ff3,c664ef152ff3a9eef89c53a403b9c2e6f677340bea0307b02d97d07cc54bdfc3,no_salary_hike_no_attrition_no_department,isotonic,5,212,2,2,0.7499999925000002,0.24999999750000004,9.999999900000002e-09
manuscript_final_20260712T175019Z_c664ef152ff3,c664ef152ff3a9eef89c53a403b9c2e6f677340bea0307b02d97d07cc54bdfc3,no_salary_hike_no_attrition_no_department,isotonic,5,217,3,3,1.0111111008876544e-08,0.8555555469049384,0.14444444298395062
manuscript_final_20260712T175019Z_c664ef152ff3,c664ef152ff3a9eef89c53a403b9c2e6f677340bea0307b02d97d07cc54bdfc3,no_salary_hike_no_attrition_no_department,isotonic,5,228,3,3,1.0222551824282816e-08,0.8649851543623921,0.13501483541505604
manuscript_final_20260712T175019Z_c664ef152ff3,c664ef152ff3a9eef89c53a403b9c2e6f677340bea0307b02d97d07cc54bdfc3,no_salary_hike_no_attrition_no_department,isotonic,5,231,3,3,1.1764705743944639e-08,0.7058823446366782,0.294117643598616
manuscript_final_20260712T175019Z_c664ef152ff3,c664ef152ff3a9eef89c53a403b9c2e6f677340bea0307b02d97d07cc54bdfc3,no_salary_hike_no_attrition_no_department,isotonic,5,237,3,3,1.0222551824282816e-08,0.8649851543623921,0.13501483541505604
manuscript_final_20260712T175019Z_c664ef152ff3,c664ef152ff3a9eef89c53a403b9c2e6f677340bea0307b02d97d07cc54bdfc3,no_salary_hike_no_attrition_no_department,isotonic,5,245,3,3,1.0111111008876544e-08,0.8555555469049384,0.14444444298395062
manuscript_final_20260712T175019Z_c664ef152ff3,c664ef152ff3a9eef89c53a403b9c2e6f677340bea0307b02d97d07cc54bdfc3,no_salary_hike_no_attrition_no_department,isotonic,5,247,3,3,1.0111111008876544e-08,0.8555555469049384,0.14444444298395062
manuscript_final_20260712T175019Z_c664ef152ff3,c664ef152ff3a9eef89c53a403b9c2e6f677340bea0307b02d97d07cc54bdfc3,no_salary_hike_no_attrition_no_department,isotonic,5,270,3,3,9.999999800000005e-09,0.9999999800000006,9.999999800000005e-09
manuscript_final_20260712T175019Z_c664ef152ff3,c664ef152ff3a9eef89c53a403b9c2e6f677340bea0307b02d97d07cc54bdfc3,no_salary_hike_no_attrition_no_department,isotonic,5,279,3,3,1.0297029596941477e-08,0.8712871197412019,0.12871286996176845
manuscript_final_20260712T175019Z_c664ef152ff3,c664ef152ff3a9eef89c53a403b9c2e6f677340bea0307b02d97d07cc54bdfc3,no_salary_hike_no_attrition_no_department,isotonic,5,282,3,3,1.0111111008876544e-08,0.8555555469049384,0.14444444298395062
manuscript_final_20260712T175019Z_c664ef152ff3,c664ef152ff3a9eef89c53a403b9c2e6f677340bea0307b02d97d07cc54bdfc3,no_salary_hike_no_attrition_no_department,isotonic,5,288,2,2,0.8273381212825425,0.17266186878940015,9.92805745539051e-09
manuscript_final_20260712T175019Z_c664ef152ff3,c664ef152ff3a9eef89c53a403b9c2e6f677340bea0307b02d97d07cc54bdfc3,no_salary_hike_no_attrition_no_department,isotonic,5,289,3,3,1.0111111008876544e-08,0.8555555469049384,0.14444444298395062
manuscript_final_20260712T175019Z_c664ef152ff3,c664ef152ff3a9eef89c53a403b9c2e6f677340bea0307b02d97d07cc54bdfc3,no_salary_hike_no_attrition_no_department,isotonic,5,290,3,3,9.999999800000005e-09,0.9999999800000006,9.999999800000005e-09
manuscript_final_20260712T175019Z_c664ef152ff3,c664ef152ff3a9eef89c53a403b9c2e6f677340bea0307b02d97d07cc54bdfc3,no_salary_hike_no_attrition_no_department,isotonic,5,295,3,3,1.0111111008876544e-08,0.8555555469049384,0.14444444298395062
manuscript_final_20260712T175019Z_c664ef152ff3,c664ef152ff3a9eef89c53a403b9c2e6f677340bea0307b02d97d07cc54bdfc3,no_salary_hike_no_attrition_no_department,isotonic,5,311,3,3,9.444444355246914e-09,0.9444444355246915,0.05555555503086421
manuscript_final_20260712T175019Z_c664ef152ff3,c664ef152ff3a9eef89c53a403b9c2e6f677340bea0307b02d97d07cc54bdfc3,no_salary_hike_no_attrition_no_department,isotonic,5,316,3,3,1.023250506108063e-08,0.8658273513222072,0.13417263844528773
manuscript_final_20260712T175019Z_c664ef152ff3,c664ef152ff3a9eef89c53a403b9c2e6f677340bea0307b02d97d07cc54bdfc3,no_salary_hike_no_attrition_no_department,isotonic,5,324,3,3,1.0111111008876544e-08,0.8555555469049384,0.14444444298395062
manuscript_final_20260712T175019Z_c664ef152ff3,c664ef152ff3a9eef89c53a403b9c2e6f677340bea0307b02d97d07cc54bdfc3,no_salary_hike_no_attrition_no_department,isotonic,5,326,3,3,1.0111111008876544e-08,0.8555555469049384,0.14444444298395062
manuscript_final_20260712T175019Z_c664ef152ff3,c664ef152ff3a9eef89c53a403b9c2e6f677340bea0307b02d97d07cc54bdfc3,no_salary_hike_no_attrition_no_department,isotonic,5,328,3,3,1.0111111008876544e-08,0.8555555469049384,0.14444444298395062
manuscript_final_20260712T175019Z_c664ef152ff3,c664ef152ff3a9eef89c53a403b9c2e6f677340bea0307b02d97d07cc54bdfc3,no_salary_hike_no_attrition_no_department,isotonic,5,334,3,3,1.0111111008876544e-08,0.8555555469049384,0.14444444298395062
manuscript_final_20260712T175019Z_c664ef152ff3,c664ef152ff3a9eef89c53a403b9c2e6f677340bea0307b02d97d07cc54bdfc3,no_salary_hike_no_attrition_no_department,isotonic,5,366,3,3,1.0111111008876544e-08,0.8555555469049384,0.14444444298395062
manuscript_final_20260712T175019Z_c664ef152ff3,c664ef152ff3a9eef89c53a403b9c2e6f677340bea0307b02d97d07cc54bdfc3,no_salary_hike_no_attrition_no_department,isotonic,5,373,3,3,1.0222551824282816e-08,0.8649851543623921,0.13501483541505604
manuscript_final_20260712T175019Z_c664ef152ff3,c664ef152ff3a9eef89c53a403b9c2e6f677340bea0307b02d97d07cc54bdfc3,no_salary_hike_no_attrition_no_department,isotonic,5,400,4,2,0.4530337644811962,0.44786509953854203,0.09910113598026167
manuscript_final_20260712T175019Z_c664ef152ff3,c664ef152ff3a9eef89c53a403b9c2e6f677340bea0307b02d97d07cc54bdfc3,no_salary_hike_no_attrition_no_department,isotonic,5,401,3,3,1.0111111008876544e-08,0.8555555469049384,0.14444444298395062
manuscript_final_20260712T175019Z_c664ef152ff3,c664ef152ff3a9eef89c53a403b9c2e6f677340bea0307b02d97d07cc54bdfc3,no_salary_hike_no_attrition_no_department,isotonic,5,410,3,3,0.2709774436090226,0.6216541353383459,0.10736842105263159
manuscript_final_20260712T175019Z_c664ef152ff3,c664ef152ff3a9eef89c53a403b9c2e6f677340bea0307b02d97d07cc54bdfc3,no_salary_hike_no_attrition_no_department,isotonic,5,413,3,3,1.0222551824282816e-08,0.8649851543623921,0.13501483541505604
manuscript_final_20260712T175019Z_c664ef152ff3,c664ef152ff3a9eef89c53a403b9c2e6f677340bea0307b02d97d07cc54bdfc3,no_salary_hike_no_attrition_no_department,isotonic,5,415,4,3,9.090909008264463e-09,0.5454545404958678,0.45454545041322314
manuscript_final_20260712T175019Z_c664ef152ff3,c664ef152ff3a9eef89c53a403b9c2e6f677340bea0307b02d97d07cc54bdfc3,no_salary_hike_no_attrition_no_department,isotonic,5,423,2,2,0.8273381212825425,0.17266186878940015,9.92805745539051e-09
manuscript_final_20260712T175019Z_c664ef152ff3,c664ef152ff3a9eef89c53a403b9c2e6f677340bea0307b02d97d07cc54bdfc3,no_salary_hike_no_attrition_no_department,isotonic,5,430,2,2,0.8273381212825425,0.17266186878940015,9.92805745539051e-09
manuscript_final_20260712T175019Z_c664ef152ff3,c664ef152ff3a9eef89c53a403b9c2e6f677340bea0307b02d97d07cc54bdfc3,no_salary_hike_no_attrition_no_department,isotonic,5,434,3,3,1.0111111008876544e-08,0.8555555469049384,0.14444444298395062
manuscript_final_20260712T175019Z_c664ef152ff3,c664ef152ff3a9eef89c53a403b9c2e6f677340bea0307b02d97d07cc54bdfc3,no_salary_hike_no_attrition_no_department,isotonic,5,441,3,3,1.0222551824282816e-08,0.8649851543623921,0.13501483541505604
manuscript_final_20260712T175019Z_c664ef152ff3,c664ef152ff3a9eef89c53a403b9c2e6f677340bea0307b02d97d07cc54bdfc3,no_salary_hike_no_attrition_no_department,isotonic,5,452,2,2,0.8273381212825425,0.17266186878940015,9.92805745539051e-09
manuscript_final_20260712T175019Z_c664ef152ff3,c664ef152ff3a9eef89c53a403b9c2e6f677340bea0307b02d97d07cc54bdfc3,no_salary_hike_no_attrition_no_department,isotonic,5,458,2,2,0.5333333283555556,0.4666666623111112,9.333333246222224e-09
manuscript_final_20260712T175019Z_c664ef152ff3,c664ef152ff3a9eef89c53a403b9c2e6f677340bea0307b02d97d07cc54bdfc3,no_salary_hike_no_attrition_no_department,isotonic,5,486,3,3,1.004545444454339e-08,0.7681818104650827,0.23181817948946284
manuscript_final_20260712T175019Z_c664ef152ff3,c664ef152ff3a9eef89c53a403b9c2e6f677340bea0307b02d97d07cc54bdfc3,no_salary_hike_no_attrition_no_department,isotonic,5,510,3,3,1.0222551824282816e-08,0.8649851543623921,0.13501483541505604
manuscript_final_20260712T175019Z_c664ef152ff3,c664ef152ff3a9eef89c53a403b9c2e6f677340bea0307b02d97d07cc54bdfc3,no_salary_hike_no_attrition_no_department,isotonic,5,522,3,3,1.0111111008876544e-08,0.8555555469049384,0.14444444298395062
manuscript_final_20260712T175019Z_c664ef152ff3,c664ef152ff3a9eef89c53a403b9c2e6f677340bea0307b02d97d07cc54bdfc3,no_salary_hike_no_attrition_no_department,isotonic,5,525,3,3,9.999999800000005e-09,0.9999999800000006,9.999999800000005e-09
manuscript_final_20260712T175019Z_c664ef152ff3,c664ef152ff3a9eef89c53a403b9c2e6f677340bea0307b02d97d07cc54bdfc3,no_salary_hike_no_attrition_no_department,isotonic,5,532,3,3,1.004545444454339e-08,0.7681818104650827,0.23181817948946284
manuscript_final_20260712T175019Z_c664ef152ff3,c664ef152ff3a9eef89c53a403b9c2e6f677340bea0307b02d97d07cc54bdfc3,no_salary_hike_no_attrition_no_department,isotonic,5,540,3,3,1.1428571297959185e-08,0.714285706122449,0.2857142824489796
manuscript_final_20260712T175019Z_c664ef152ff3,c664ef152ff3a9eef89c53a403b9c2e6f677340bea0307b02d97d07cc54bdfc3,no_salary_hike_no_attrition_no_department,isotonic,5,542,2,2,0.7499999925000002,0.24999999750000004,9.999999900000002e-09
manuscript_final_20260712T175019Z_c664ef152ff3,c664ef152ff3a9eef89c53a403b9c2e6f677340bea0307b02d97d07cc54bdfc3,no_salary_hike_no_attrition_no_department,isotonic,5,550,2,2,0.5333333283555556,0.4666666623111112,9.333333246222224e-09
manuscript_final_20260712T175019Z_c664ef152ff3,c664ef152ff3a9eef89c53a403b9c2e6f677340bea0307b02d97d07cc54bdfc3,no_salary_hike_no_attrition_no_department,isotonic,5,560,3,3,1.0222551824282816e-08,0.8649851543623921,0.13501483541505604
manuscript_final_20260712T175019Z_c664ef152ff3,c664ef152ff3a9eef89c53a403b9c2e6f677340bea0307b02d97d07cc54bdfc3,no_salary_hike_no_attrition_no_department,isotonic,5,571,2,2,0.8273381212825425,0.17266186878940015,9.92805745539051e-09
manuscript_final_20260712T175019Z_c664ef152ff3,c664ef152ff3a9eef89c53a403b9c2e6f677340bea0307b02d97d07cc54bdfc3,no_salary_hike_no_attrition_no_department,isotonic,5,572,4,3,1.0111111008876544e-08,0.8555555469049384,0.14444444298395062
manuscript_final_20260712T175019Z_c664ef152ff3,c664ef152ff3a9eef89c53a403b9c2e6f677340bea0307b02d97d07cc54bdfc3,no_salary_hike_no_attrition_no_department,isotonic,5,601,3,3,1.0222551824282816e-08,0.8649851543623921,0.13501483541505604
manuscript_final_20260712T175019Z_c664ef152ff3,c664ef152ff3a9eef89c53a403b9c2e6f677340bea0307b02d97d07cc54bdfc3,no_salary_hike_no_attrition_no_department,isotonic,5,626,4,3,1.0222551824282816e-08,0.8649851543623921,0.13501483541505604
manuscript_final_20260712T175019Z_c664ef152ff3,c664ef152ff3a9eef89c53a403b9c2e6f677340bea0307b02d97d07cc54bdfc3,no_salary_hike_no_attrition_no_department,isotonic,5,628,2,2,0.9999999800000006,9.999999800000005e-09,9.999999800000005e-09
manuscript_final_20260712T175019Z_c664ef152ff3,c664ef152ff3a9eef89c53a403b9c2e6f677340bea0307b02d97d07cc54bdfc3,no_salary_hike_no_attrition_no_department,isotonic,5,635,3,3,1.0111111008876544e-08,0.8555555469049384,0.14444444298395062
manuscript_final_20260712T175019Z_c664ef152ff3,c664ef152ff3a9eef89c53a403b9c2e6f677340bea0307b02d97d07cc54bdfc3,no_salary_hike_no_attrition_no_department,isotonic,5,641,3,3,9.990627898044957e-09,0.7694470385160269,0.23055295149334518
manuscript_final_20260712T175019Z_c664ef152ff3,c664ef152ff3a9eef89c53a403b9c2e6f677340bea0307b02d97d07cc54bdfc3,no_salary_hike_no_attrition_no_department,isotonic,5,644,3,3,1.0111111008876544e-08,0.8555555469049384,0.14444444298395062
manuscript_final_20260712T175019Z_c664ef152ff3,c664ef152ff3a9eef89c53a403b9c2e6f677340bea0307b02d97d07cc54bdfc3,no_salary_hike_no_attrition_no_department,isotonic,5,649,3,3,1.004545444454339e-08,0.7681818104650827,0.23181817948946284
manuscript_final_20260712T175019Z_c664ef152ff3,c664ef152ff3a9eef89c53a403b9c2e6f677340bea0307b02d97d07cc54bdfc3,no_salary_hike_no_attrition_no_department,isotonic,5,663,4,3,1.0196078327412535e-08,0.7647058745559401,0.23529411524798158
manuscript_final_20260712T175019Z_c664ef152ff3,c664ef152ff3a9eef89c53a403b9c2e6f677340bea0307b02d97d07cc54bdfc3,no_salary_hike_no_attrition_no_department,isotonic,5,688,2,2,0.9999999800000006,9.999999800000005e-09,9.999999800000005e-09
manuscript_final_20260712T175019Z_c664ef152ff3,c664ef152ff3a9eef89c53a403b9c2e6f677340bea0307b02d97d07cc54bdfc3,no_salary_hike_no_attrition_no_department,isotonic,5,700,4,3,1.1520980832888524e-08,0.7200613020555328,0.2799386864234863
manuscript_final_20260712T175019Z_c664ef152ff3,c664ef152ff3a9eef89c53a403b9c2e6f677340bea0307b02d97d07cc54bdfc3,no_salary_hike_no_attrition_no_department,isotonic,5,701,3,3,1.0222551824282816e-08,0.8649851543623921,0.13501483541505604
manuscript_final_20260712T175019Z_c664ef152ff3,c664ef152ff3a9eef89c53a403b9c2e6f677340bea0307b02d97d07cc54bdfc3,no_salary_hike_no_attrition_no_department,isotonic,5,706,3,3,1.1428571297959185e-08,0.714285706122449,0.2857142824489796
manuscript_final_20260712T175019Z_c664ef152ff3,c664ef152ff3a9eef89c53a403b9c2e6f677340bea0307b02d97d07cc54bdfc3,no_salary_hike_no_attrition_no_department,isotonic,5,711,3,3,1.0111111008876544e-08,0.8555555469049384,0.14444444298395062
manuscript_final_20260712T175019Z_c664ef152ff3,c664ef152ff3a9eef89c53a403b9c2e6f677340bea0307b02d97d07cc54bdfc3,no_salary_hike_no_attrition_no_department,isotonic,5,724,3,3,1.10499998778975e-08,0.93499998966825,0.06499999928175
manuscript_final_20260712T175019Z_c664ef152ff3,c664ef152ff3a9eef89c53a403b9c2e6f677340bea0307b02d97d07cc54bdfc3,no_salary_hike_no_attrition_no_department,isotonic,5,737,2,2,0.9999999800000006,9.999999800000005e-09,9.999999800000005e-09
manuscript_final_20260712T175019Z_c664ef152ff3,c664ef152ff3a9eef89c53a403b9c2e6f677340bea0307b02d97d07cc54bdfc3,no_salary_hike_no_attrition_no_department,isotonic,5,749,4,3,1.0222551824282816e-08,0.8649851543623921,0.13501483541505604
manuscript_final_20260712T175019Z_c664ef152ff3,c664ef152ff3a9eef89c53a403b9c2e6f677340bea0307b02d97d07cc54bdfc3,no_salary_hike_no_attrition_no_department,isotonic,5,798,3,3,1.0333271136651848e-08,0.790191322214553,0.2098086674521758
manuscript_final_20260712T175019Z_c664ef152ff3,c664ef152ff3a9eef89c53a403b9c2e6f677340bea0307b02d97d07cc54bdfc3,no_salary_hike_no_attrition_no_department,isotonic,5,801,4,3,1.0111111008876544e-08,0.8555555469049384,0.14444444298395062
manuscript_final_20260712T175019Z_c664ef152ff3,c664ef152ff3a9eef89c53a403b9c2e6f677340bea0307b02d97d07cc54bdfc3,no_salary_hike_no_attrition_no_department,isotonic,5,803,3,3,1.0297029596941477e-08,0.8712871197412019,0.12871286996176845
manuscript_final_20260712T175019Z_c664ef152ff3,c664ef152ff3a9eef89c53a403b9c2e6f677340bea0307b02d97d07cc54bdfc3,no_salary_hike_no_attrition_no_department,isotonic,5,808,3,3,1.0222551824282816e-08,0.8649851543623921,0.13501483541505604
manuscript_final_20260712T175019Z_c664ef152ff3,c664ef152ff3a9eef89c53a403b9c2e6f677340bea0307b02d97d07cc54bdfc3,no_salary_hike_no_attrition_no_department,isotonic,5,812,4,3,1.0111111008876544e-08,0.8555555469049384,0.14444444298395062
manuscript_final_20260712T175019Z_c664ef152ff3,c664ef152ff3a9eef89c53a403b9c2e6f677340bea0307b02d97d07cc54bdfc3,no_salary_hike_no_attrition_no_department,isotonic,5,837,3,3,1.0111111008876544e-08,0.8555555469049384,0.14444444298395062
manuscript_final_20260712T175019Z_c664ef152ff3,c664ef152ff3a9eef89c53a403b9c2e6f677340bea0307b02d97d07cc54bdfc3,no_salary_hike_no_attrition_no_department,isotonic,5,839,3,3,0.12871286996176845,0.8712871197412019,1.0297029596941477e-08
manuscript_final_20260712T175019Z_c664ef152ff3,c664ef152ff3a9eef89c53a403b9c2e6f677340bea0307b02d97d07cc54bdfc3,no_salary_hike_no_attrition_no_department,isotonic,5,846,3,3,0.09497046048260181,0.7828371239445744,0.12219241557282379
manuscript_final_20260712T175019Z_c664ef152ff3,c664ef152ff3a9eef89c53a403b9c2e6f677340bea0307b02d97d07cc54bdfc3,no_salary_hike_no_attrition_no_department,isotonic,5,868,3,3,9.444444355246914e-09,0.9444444355246915,0.05555555503086421
manuscript_final_20260712T175019Z_c664ef152ff3,c664ef152ff3a9eef89c53a403b9c2e6f677340bea0307b02d97d07cc54bdfc3,no_salary_hike_no_attrition_no_department,isotonic,5,905,3,3,9.613570373436413e-09,0.9434495764250389,0.05655041396139066
manuscript_final_20260712T175019Z_c664ef152ff3,c664ef152ff3a9eef89c53a403b9c2e6f677340bea0307b02d97d07cc54bdfc3,no_salary_hike_no_attrition_no_department,isotonic,5,909,3,3,1.0111111008876544e-08,0.8555555469049384,0.14444444298395062
manuscript_final_20260712T175019Z_c664ef152ff3,c664ef152ff3a9eef89c53a403b9c2e6f677340bea0307b02d97d07cc54bdfc3,no_salary_hike_no_attrition_no_department,isotonic,5,913,3,3,1.0222551824282816e-08,0.8649851543623921,0.13501483541505604
manuscript_final_20260712T175019Z_c664ef152ff3,c664ef152ff3a9eef89c53a403b9c2e6f677340bea0307b02d97d07cc54bdfc3,no_salary_hike_no_attrition_no_department,isotonic,5,917,3,3,1.1428571297959185e-08,0.714285706122449,0.2857142824489796
manuscript_final_20260712T175019Z_c664ef152ff3,c664ef152ff3a9eef89c53a403b9c2e6f677340bea0307b02d97d07cc54bdfc3,no_salary_hike_no_attrition_no_department,isotonic,5,929,3,3,1.0222551824282816e-08,0.8649851543623921,0.13501483541505604
manuscript_final_20260712T175019Z_c664ef152ff3,c664ef152ff3a9eef89c53a403b9c2e6f677340bea0307b02d97d07cc54bdfc3,no_salary_hike_no_attrition_no_department,isotonic,5,942,3,2,0.8273381212825425,0.17266186878940015,9.92805745539051e-09
manuscript_final_20260712T175019Z_c664ef152ff3,c664ef152ff3a9eef89c53a403b9c2e6f677340bea0307b02d97d07cc54bdfc3,no_salary_hike_no_attrition_no_department,isotonic,5,949,3,3,1.0111111008876544e-08,0.8555555469049384,0.14444444298395062
manuscript_final_20260712T175019Z_c664ef152ff3,c664ef152ff3a9eef89c53a403b9c2e6f677340bea0307b02d97d07cc54bdfc3,no_salary_hike_no_attrition_no_department,isotonic,5,954,3,3,1.0222551824282816e-08,0.8649851543623921,0.13501483541505604
manuscript_final_20260712T175019Z_c664ef152ff3,c664ef152ff3a9eef89c53a403b9c2e6f677340bea0307b02d97d07cc54bdfc3,no_salary_hike_no_attrition_no_department,isotonic,5,957,2,2,0.8273381212825425,0.17266186878940015,9.92805745539051e-09
manuscript_final_20260712T175019Z_c664ef152ff3,c664ef152ff3a9eef89c53a403b9c2e6f677340bea0307b02d97d07cc54bdfc3,no_salary_hike_no_attrition_no_department,isotonic,5,961,3,3,0.12105798575788404,0.74059003051882,0.13835198372329605
manuscript_final_20260712T175019Z_c664ef152ff3,c664ef152ff3a9eef89c53a403b9c2e6f677340bea0307b02d97d07cc54bdfc3,no_salary_hike_no_attrition_no_department,isotonic,5,963,3,3,9.999999800000005e-09,0.9999999800000006,9.999999800000005e-09
manuscript_final_20260712T175019Z_c664ef152ff3,c664ef152ff3a9eef89c53a403b9c2e6f677340bea0307b02d97d07cc54bdfc3,no_salary_hike_no_attrition_no_department,isotonic,5,997,2,3,0.42407918262912353,0.5759208098396043,7.53127212867175e-09
manuscript_final_20260712T175019Z_c664ef152ff3,c664ef152ff3a9eef89c53a403b9c2e6f677340bea0307b02d97d07cc54bdfc3,no_salary_hike_no_attrition_no_department,isotonic,5,1005,4,3,1.0222551824282816e-08,0.8649851543623921,0.13501483541505604
manuscript_final_20260712T175019Z_c664ef152ff3,c664ef152ff3a9eef89c53a403b9c2e6f677340bea0307b02d97d07cc54bdfc3,no_salary_hike_no_attrition_no_department,isotonic,5,1009,2,3,0.12136188907193851,0.8215266337177376,0.057111477210324
manuscript_final_20260712T175019Z_c664ef152ff3,c664ef152ff3a9eef89c53a403b9c2e6f677340bea0307b02d97d07cc54bdfc3,no_salary_hike_no_attrition_no_department,isotonic,5,1015,3,3,1.0222551824282816e-08,0.8649851543623921,0.13501483541505604
manuscript_final_20260712T175019Z_c664ef152ff3,c664ef152ff3a9eef89c53a403b9c2e6f677340bea0307b02d97d07cc54bdfc3,no_salary_hike_no_attrition_no_department,isotonic,5,1016,3,3,1.0111111008876544e-08,0.8555555469049384,0.14444444298395062
manuscript_final_20260712T175019Z_c664ef152ff3,c664ef152ff3a9eef89c53a403b9c2e6f677340bea0307b02d97d07cc54bdfc3,no_salary_hike_no_attrition_no_department,isotonic,5,1030,3,3,9.999999800000005e-09,0.9999999800000006,9.999999800000005e-09
manuscript_final_20260712T175019Z_c664ef152ff3,c664ef152ff3a9eef89c53a403b9c2e6f677340bea0307b02d97d07cc54bdfc3,no_salary_hike_no_attrition_no_department,isotonic,5,1041,3,3,1.0047412960932235e-08,0.7681366139310739,0.23186337602151313
manuscript_final_20260712T175019Z_c664ef152ff3,c664ef152ff3a9eef89c53a403b9c2e6f677340bea0307b02d97d07cc54bdfc3,no_salary_hike_no_attrition_no_department,isotonic,5,1043,3,3,0.1133037329386614,0.7669791152770925,0.11971715178424601
manuscript_final_20260712T175019Z_c664ef152ff3,c664ef152ff3a9eef89c53a403b9c2e6f677340bea0307b02d97d07cc54bdfc3,no_salary_hike_no_attrition_no_department,isotonic,5,1045,3,3,1.0222551824282816e-08,0.8649851543623921,0.13501483541505604
manuscript_final_20260712T175019Z_c664ef152ff3,c664ef152ff3a9eef89c53a403b9c2e6f677340bea0307b02d97d07cc54bdfc3,no_salary_hike_no_attrition_no_department,isotonic,5,1062,3,3,1.0111111008876544e-08,0.8555555469049384,0.14444444298395062
manuscript_final_20260712T175019Z_c664ef152ff3,c664ef152ff3a9eef89c53a403b9c2e6f677340bea0307b02d97d07cc54bdfc3,no_salary_hike_no_attrition_no_department,isotonic,5,1092,3,3,0.4383788254755997,0.4602977667493797,0.10132340777502069
manuscript_final_20260712T175019Z_c664ef152ff3,c664ef152ff3a9eef89c53a403b9c2e6f677340bea0307b02d97d07cc54bdfc3,no_salary_hike_no_attrition_no_department,isotonic,5,1095,2,2,0.8273381212825425,0.17266186878940015,9.92805745539051e-09
manuscript_final_20260712T175019Z_c664ef152ff3,c664ef152ff3a9eef89c53a403b9c2e6f677340bea0307b02d97d07cc54bdfc3,no_salary_hike_no_attrition_no_department,isotonic,5,1100,3,3,1.0111111008876544e-08,0.8555555469049384,0.14444444298395062
manuscript_final_20260712T175019Z_c664ef152ff3,c664ef152ff3a9eef89c53a403b9c2e6f677340bea0307b02d97d07cc54bdfc3,no_salary_hike_no_attrition_no_department,isotonic,5,1108,4,3,1.0111111008876544e-08,0.8555555469049384,0.14444444298395062
manuscript_final_20260712T175019Z_c664ef152ff3,c664ef152ff3a9eef89c53a403b9c2e6f677340bea0307b02d97d07cc54bdfc3,no_salary_hike_no_attrition_no_department,isotonic,5,1111,3,3,1.0222551824282816e-08,0.8649851543623921,0.13501483541505604
manuscript_final_20260712T175019Z_c664ef152ff3,c664ef152ff3a9eef89c53a403b9c2e6f677340bea0307b02d97d07cc54bdfc3,no_salary_hike_no_attrition_no_department,isotonic,5,1113,3,3,1.0111111008876544e-08,0.8555555469049384,0.14444444298395062
manuscript_final_20260712T175019Z_c664ef152ff3,c664ef152ff3a9eef89c53a403b9c2e6f677340bea0307b02d97d07cc54bdfc3,no_salary_hike_no_attrition_no_department,isotonic,5,1123,3,3,1.0111111008876544e-08,0.8555555469049384,0.14444444298395062
manuscript_final_20260712T175019Z_c664ef152ff3,c664ef152ff3a9eef89c53a403b9c2e6f677340bea0307b02d97d07cc54bdfc3,no_salary_hike_no_attrition_no_department,isotonic,5,1167,3,3,1.0111111008876544e-08,0.8555555469049384,0.14444444298395062
manuscript_final_20260712T175019Z_c664ef152ff3,c664ef152ff3a9eef89c53a403b9c2e6f677340bea0307b02d97d07cc54bdfc3,no_salary_hike_no_attrition_no_department,isotonic,5,1169,3,3,1.0111111008876544e-08,0.8555555469049384,0.14444444298395062
manuscript_final_20260712T175019Z_c664ef152ff3,c664ef152ff3a9eef89c53a403b9c2e6f677340bea0307b02d97d07cc54bdfc3,no_salary_hike_no_attrition_no_department,isotonic,5,1178,3,3,0.47458122060159097,0.5190732100329901,0.0063455693654187705
manuscript_final_20260712T175019Z_c664ef152ff3,c664ef152ff3a9eef89c53a403b9c2e6f677340bea0307b02d97d07cc54bdfc3,no_salary_hike_no_attrition_no_department,isotonic,5,1197,3,3,1.0196078327412535e-08,0.7647058745559401,0.23529411524798158
manuscript_final_20260712T175019Z_c664ef152ff3,c664ef152ff3a9eef89c53a403b9c2e6f677340bea0307b02d97d07cc54bdfc3,no_salary_hike_no_attrition_no_department,raw,6,15,3,3,0.005133622068271562,0.956002154933376,0.03886422299835244
manuscript_final_20260712T175019Z_c664ef152ff3,c664ef152ff3a9eef89c53a403b9c2e6f677340bea0307b02d97d07cc54bdfc3,no_salary_hike_no_attrition_no_department,raw,6,22,3,3,0.000456752194661141,0.6658285645244573,0.3337146832808816
manuscript_final_20260712T175019Z_c664ef152ff3,c664ef152ff3a9eef89c53a403b9c2e6f677340bea0307b02d97d07cc54bdfc3,no_salary_hike_no_attrition_no_department,raw,6,26,3,3,0.0009553756798608385,0.918875347932492,0.0801692763876471
manuscript_final_20260712T175019Z_c664ef152ff3,c664ef152ff3a9eef89c53a403b9c2e6f677340bea0307b02d97d07cc54bdfc3,no_salary_hike_no_attrition_no_department,raw,6,28,3,2,0.7763845114827614,0.21527400031411462,0.008341488203123996
manuscript_final_20260712T175019Z_c664ef152ff3,c664ef152ff3a9eef89c53a403b9c2e6f677340bea0307b02d97d07cc54bdfc3,no_salary_hike_no_attrition_no_department,raw,6,44,4,3,0.0016640979601343106,0.6292164163830658,0.3691194856567999
manuscript_final_20260712T175019Z_c664ef152ff3,c664ef152ff3a9eef89c53a403b9c2e6f677340bea0307b02d97d07cc54bdfc3,no_salary_hike_no_attrition_no_department,raw,6,67,3,3,0.0006179987621724268,0.8794895915460571,0.11989240969177051
manuscript_final_20260712T175019Z_c664ef152ff3,c664ef152ff3a9eef89c53a403b9c2e6f677340bea0307b02d97d07cc54bdfc3,no_salary_hike_no_attrition_no_department,raw,6,76,3,2,0.9724590533819102,0.024852427960358976,0.002688518657730889
manuscript_final_20260712T175019Z_c664ef152ff3,c664ef152ff3a9eef89c53a403b9c2e6f677340bea0307b02d97d07cc54bdfc3,no_salary_hike_no_attrition_no_department,raw,6,85,3,3,0.04937130787627543,0.7886181796893477,0.16201051243437692
manuscript_final_20260712T175019Z_c664ef152ff3,c664ef152ff3a9eef89c53a403b9c2e6f677340bea0307b02d97d07cc54bdfc3,no_salary_hike_no_attrition_no_department,raw,6,86,3,3,0.0006082052373557801,0.9722009091079828,0.02719088565466134
manuscript_final_20260712T175019Z_c664ef152ff3,c664ef152ff3a9eef89c53a403b9c2e6f677340bea0307b02d97d07cc54bdfc3,no_salary_hike_no_attrition_no_department,raw,6,93,3,3,0.00039968762692801007,0.8903399894010169,0.10926032297205514
manuscript_final_20260712T175019Z_c664ef152ff3,c664ef152ff3a9eef89c53a403b9c2e6f677340bea0307b02d97d07cc54bdfc3,no_salary_hike_no_attrition_no_department,raw,6,101,3,3,0.0014134006402799655,0.6224630501856018,0.3761235491741182
manuscript_final_20260712T175019Z_c664ef152ff3,c664ef152ff3a9eef89c53a403b9c2e6f677340bea0307b02d97d07cc54bdfc3,no_salary_hike_no_attrition_no_department,raw,6,109,3,3,0.003039920861089674,0.8905641814905128,0.10639589764839755
manuscript_final_20260712T175019Z_c664ef152ff3,c664ef152ff3a9eef89c53a403b9c2e6f677340bea0307b02d97d07cc54bdfc3,no_salary_hike_no_attrition_no_department,raw,6,111,3,3,0.001069672241610886,0.885089238757596,0.11384108900079305
manuscript_final_20260712T175019Z_c664ef152ff3,c664ef152ff3a9eef89c53a403b9c2e6f677340bea0307b02d97d07cc54bdfc3,no_salary_hike_no_attrition_no_department,raw,6,121,3,3,0.0008953743624293975,0.9796281126622751,0.019476512975295485
manuscript_final_20260712T175019Z_c664ef152ff3,c664ef152ff3a9eef89c53a403b9c2e6f677340bea0307b02d97d07cc54bdfc3,no_salary_hike_no_attrition_no_department,raw,6,124,4,3,0.00031767918200806614,0.9576385843733802,0.04204373644461173
manuscript_final_20260712T175019Z_c664ef152ff3,c664ef152ff3a9eef89c53a403b9c2e6f677340bea0307b02d97d07cc54bdfc3,no_salary_hike_no_attrition_no_department,raw,6,128,3,3,0.0006402382844308154,0.8881969430190353,0.11116281869653388
manuscript_final_20260712T175019Z_c664ef152ff3,c664ef152ff3a9eef89c53a403b9c2e6f677340bea0307b02d97d07cc54bdfc3,no_salary_hike_no_attrition_no_department,raw,6,133,3,3,0.00027459192325792847,0.87091424728613,0.12881116079061214
manuscript_final_20260712T175019Z_c664ef152ff3,c664ef152ff3a9eef89c53a403b9c2e6f677340bea0307b02d97d07cc54bdfc3,no_salary_hike_no_attrition_no_department,raw,6,146,4,3,0.0005165380404103351,0.8658618294667656,0.13362163249282416
manuscript_final_20260712T175019Z_c664ef152ff3,c664ef152ff3a9eef89c53a403b9c2e6f677340bea0307b02d97d07cc54bdfc3,no_salary_hike_no_attrition_no_department,raw,6,153,3,3,0.00035303637225770745,0.9592224068040857,0.04042455682365664
manuscript_final_20260712T175019Z_c664ef152ff3,c664ef152ff3a9eef89c53a403b9c2e6f677340bea0307b02d97d07cc54bdfc3,no_salary_hike_no_attrition_no_department,raw,6,160,3,3,0.0008171844779187253,0.9776478113049379,0.02153500421714342
manuscript_final_20260712T175019Z_c664ef152ff3,c664ef152ff3a9eef89c53a403b9c2e6f677340bea0307b02d97d07cc54bdfc3,no_salary_hike_no_attrition_no_department,raw,6,162,2,2,0.7303131059487215,0.24995417334241776,0.01973272070886074
manuscript_final_20260712T175019Z_c664ef152ff3,c664ef152ff3a9eef89c53a403b9c2e6f677340bea0307b02d97d07cc54bdfc3,no_salary_hike_no_attrition_no_department,raw,6,184,3,3,0.008081666502494669,0.8620999188591695,0.12981841463833582
manuscript_final_20260712T175019Z_c664ef152ff3,c664ef152ff3a9eef89c53a403b9c2e6f677340bea0307b02d97d07cc54bdfc3,no_salary_hike_no_attrition_no_department,raw,6,224,3,3,0.003468868306517283,0.9265581326253799,0.06997299906810281
manuscript_final_20260712T175019Z_c664ef152ff3,c664ef152ff3a9eef89c53a403b9c2e6f677340bea0307b02d97d07cc54bdfc3,no_salary_hike_no_attrition_no_department,raw,6,227,2,2,0.8777093458855912,0.11757818833957692,0.004712465774831873
manuscript_final_20260712T175019Z_c664ef152ff3,c664ef152ff3a9eef89c53a403b9c2e6f677340bea0307b02d97d07cc54bdfc3,no_salary_hike_no_attrition_no_department,raw,6,232,3,3,0.008741502080201035,0.9840218975380689,0.007236600381730099
manuscript_final_20260712T175019Z_c664ef152ff3,c664ef152ff3a9eef89c53a403b9c2e6f677340bea0307b02d97d07cc54bdfc3,no_salary_hike_no_attrition_no_department,raw,6,240,2,2,0.8031510301667971,0.1930952862160114,0.0037536836171914736
manuscript_final_20260712T175019Z_c664ef152ff3,c664ef152ff3a9eef89c53a403b9c2e6f677340bea0307b02d97d07cc54bdfc3,no_salary_hike_no_attrition_no_department,raw,6,253,4,2,0.9126899565404453,0.06374331044242328,0.023566733017131556
manuscript_final_20260712T175019Z_c664ef152ff3,c664ef152ff3a9eef89c53a403b9c2e6f677340bea0307b02d97d07cc54bdfc3,no_salary_hike_no_attrition_no_department,raw,6,258,3,3,0.07224233502330135,0.8532251779230324,0.07453248705366616
manuscript_final_20260712T175019Z_c664ef152ff3,c664ef152ff3a9eef89c53a403b9c2e6f677340bea0307b02d97d07cc54bdfc3,no_salary_hike_no_attrition_no_department,raw,6,264,3,3,0.003373141140197418,0.9725701133627552,0.024056745497047418
manuscript_final_20260712T175019Z_c664ef152ff3,c664ef152ff3a9eef89c53a403b9c2e6f677340bea0307b02d97d07cc54bdfc3,no_salary_hike_no_attrition_no_department,raw,6,273,3,3,0.0013996092146389908,0.6718752761225825,0.32672511466277854
manuscript_final_20260712T175019Z_c664ef152ff3,c664ef152ff3a9eef89c53a403b9c2e6f677340bea0307b02d97d07cc54bdfc3,no_salary_hike_no_attrition_no_department,raw,6,286,3,3,0.0006546663748192839,0.9048494438011504,0.09449588982403034
manuscript_final_20260712T175019Z_c664ef152ff3,c664ef152ff3a9eef89c53a403b9c2e6f677340bea0307b02d97d07cc54bdfc3,no_salary_hike_no_attrition_no_department,raw,6,287,4,3,0.0029721772436619607,0.9587496563734005,0.03827816638293754
manuscript_final_20260712T175019Z_c664ef152ff3,c664ef152ff3a9eef89c53a403b9c2e6f677340bea0307b02d97d07cc54bdfc3,no_salary_hike_no_attrition_no_department,raw,6,298,3,3,0.0011970119154838142,0.9109275394056897,0.0878754486788265
manuscript_final_20260712T175019Z_c664ef152ff3,c664ef152ff3a9eef89c53a403b9c2e6f677340bea0307b02d97d07cc54bdfc3,no_salary_hike_no_attrition_no_department,raw,6,302,4,3,0.0006328758153277623,0.7478362218999792,0.251530902284693
manuscript_final_20260712T175019Z_c664ef152ff3,c664ef152ff3a9eef89c53a403b9c2e6f677340bea0307b02d97d07cc54bdfc3,no_salary_hike_no_attrition_no_department,raw,6,307,2,2,0.8737537252617715,0.11858876032951927,0.007657514408709229
manuscript_final_20260712T175019Z_c664ef152ff3,c664ef152ff3a9eef89c53a403b9c2e6f677340bea0307b02d97d07cc54bdfc3,no_salary_hike_no_attrition_no_department,raw,6,313,3,3,0.002238870537907588,0.9802159402274878,0.017545189234604606
manuscript_final_20260712T175019Z_c664ef152ff3,c664ef152ff3a9eef89c53a403b9c2e6f677340bea0307b02d97d07cc54bdfc3,no_salary_hike_no_attrition_no_department,raw,6,317,3,3,0.0028967659596428473,0.7671323456125752,0.22997088842778202
manuscript_final_20260712T175019Z_c664ef152ff3,c664ef152ff3a9eef89c53a403b9c2e6f677340bea0307b02d97d07cc54bdfc3,no_salary_hike_no_attrition_no_department,raw,6,319,3,3,0.002700774720853349,0.9477714977850079,0.04952772749413874
manuscript_final_20260712T175019Z_c664ef152ff3,c664ef152ff3a9eef89c53a403b9c2e6f677340bea0307b02d97d07cc54bdfc3,no_salary_hike_no_attrition_no_department,raw,6,345,3,3,0.003050243012071248,0.9449749575765222,0.05197479941140656
manuscript_final_20260712T175019Z_c664ef152ff3,c664ef152ff3a9eef89c53a403b9c2e6f677340bea0307b02d97d07cc54bdfc3,no_salary_hike_no_attrition_no_department,raw,6,355,3,3,0.00046198759336028947,0.9645785005942524,0.03495951181238737
manuscript_final_20260712T175019Z_c664ef152ff3,c664ef152ff3a9eef89c53a403b9c2e6f677340bea0307b02d97d07cc54bdfc3,no_salary_hike_no_attrition_no_department,raw,6,356,3,3,0.0005466833175002638,0.9911097161213321,0.008343600561167572
manuscript_final_20260712T175019Z_c664ef152ff3,c664ef152ff3a9eef89c53a403b9c2e6f677340bea0307b02d97d07cc54bdfc3,no_salary_hike_no_attrition_no_department,raw,6,370,2,2,0.7195054875323447,0.2647267277078205,0.01576778475983481
manuscript_final_20260712T175019Z_c664ef152ff3,c664ef152ff3a9eef89c53a403b9c2e6f677340bea0307b02d97d07cc54bdfc3,no_salary_hike_no_attrition_no_department,raw,6,380,3,2,0.9351806470788805,0.06066755840273817,0.004151794518381363
manuscript_final_20260712T175019Z_c664ef152ff3,c664ef152ff3a9eef89c53a403b9c2e6f677340bea0307b02d97d07cc54bdfc3,no_salary_hike_no_attrition_no_department,raw,6,398,2,2,0.6667572148129066,0.3080336101869075,0.02520917500018594
manuscript_final_20260712T175019Z_c664ef152ff3,c664ef152ff3a9eef89c53a403b9c2e6f677340bea0307b02d97d07cc54bdfc3,no_salary_hike_no_attrition_no_department,raw,6,437,3,3,0.0025796926246503355,0.8620512840764312,0.13536902329891853
manuscript_final_20260712T175019Z_c664ef152ff3,c664ef152ff3a9eef89c53a403b9c2e6f677340bea0307b02d97d07cc54bdfc3,no_salary_hike_no_attrition_no_department,raw,6,442,3,3,0.0008725289254936212,0.6717520714344514,0.327375399640055
manuscript_final_20260712T175019Z_c664ef152ff3,c664ef152ff3a9eef89c53a403b9c2e6f677340bea0307b02d97d07cc54bdfc3,no_salary_hike_no_attrition_no_department,raw,6,460,3,3,0.001783024420047677,0.8818236692720837,0.11639330630786868
manuscript_final_20260712T175019Z_c664ef152ff3,c664ef152ff3a9eef89c53a403b9c2e6f677340bea0307b02d97d07cc54bdfc3,no_salary_hike_no_attrition_no_department,raw,6,466,2,2,0.8235835005704658,0.17132479303436862,0.005091706395165567
manuscript_final_20260712T175019Z_c664ef152ff3,c664ef152ff3a9eef89c53a403b9c2e6f677340bea0307b02d97d07cc54bdfc3,no_salary_hike_no_attrition_no_department,raw,6,482,2,2,0.9224286216859314,0.043171398984959704,0.03439997932910888
manuscript_final_20260712T175019Z_c664ef152ff3,c664ef152ff3a9eef89c53a403b9c2e6f677340bea0307b02d97d07cc54bdfc3,no_salary_hike_no_attrition_no_department,raw,6,485,2,2,0.9165258815851347,0.06725373726377057,0.016220381151094674
manuscript_final_20260712T175019Z_c664ef152ff3,c664ef152ff3a9eef89c53a403b9c2e6f677340bea0307b02d97d07cc54bdfc3,no_salary_hike_no_attrition_no_department,raw,6,497,3,3,0.004868513336832123,0.878986995874711,0.11614449078845694
manuscript_final_20260712T175019Z_c664ef152ff3,c664ef152ff3a9eef89c53a403b9c2e6f677340bea0307b02d97d07cc54bdfc3,no_salary_hike_no_attrition_no_department,raw,6,515,2,2,0.9079703058750543,0.08275708525345815,0.009272608871487495
manuscript_final_20260712T175019Z_c664ef152ff3,c664ef152ff3a9eef89c53a403b9c2e6f677340bea0307b02d97d07cc54bdfc3,no_salary_hike_no_attrition_no_department,raw,6,520,2,2,0.6393173772268285,0.35455014410162916,0.006132478671542439
manuscript_final_20260712T175019Z_c664ef152ff3,c664ef152ff3a9eef89c53a403b9c2e6f677340bea0307b02d97d07cc54bdfc3,no_salary_hike_no_attrition_no_department,raw,6,523,3,3,0.004324145949878969,0.8716488216737409,0.12402703237638012
manuscript_final_20260712T175019Z_c664ef152ff3,c664ef152ff3a9eef89c53a403b9c2e6f677340bea0307b02d97d07cc54bdfc3,no_salary_hike_no_attrition_no_department,raw,6,531,3,3,0.0016988768172534004,0.898925765238744,0.09937535794400264
manuscript_final_20260712T175019Z_c664ef152ff3,c664ef152ff3a9eef89c53a403b9c2e6f677340bea0307b02d97d07cc54bdfc3,no_salary_hike_no_attrition_no_department,raw,6,535,3,3,0.007526853016169257,0.8767734100510991,0.11569973693273164
manuscript_final_20260712T175019Z_c664ef152ff3,c664ef152ff3a9eef89c53a403b9c2e6f677340bea0307b02d97d07cc54bdfc3,no_salary_hike_no_attrition_no_department,raw,6,551,3,3,0.004490638936709275,0.8890033074513862,0.1065060536119045
manuscript_final_20260712T175019Z_c664ef152ff3,c664ef152ff3a9eef89c53a403b9c2e6f677340bea0307b02d97d07cc54bdfc3,no_salary_hike_no_attrition_no_department,raw,6,554,3,3,0.0037891018851488687,0.8470226358629475,0.1491882622519037
manuscript_final_20260712T175019Z_c664ef152ff3,c664ef152ff3a9eef89c53a403b9c2e6f677340bea0307b02d97d07cc54bdfc3,no_salary_hike_no_attrition_no_department,raw,6,559,3,3,0.0026545382156376585,0.8765413624401504,0.12080409934421195
manuscript_final_20260712T175019Z_c664ef152ff3,c664ef152ff3a9eef89c53a403b9c2e6f677340bea0307b02d97d07cc54bdfc3,no_salary_hike_no_attrition_no_department,raw,6,591,4,3,0.0021217407395577453,0.9581529589566102,0.039725300303832
manuscript_final_20260712T175019Z_c664ef152ff3,c664ef152ff3a9eef89c53a403b9c2e6f677340bea0307b02d97d07cc54bdfc3,no_salary_hike_no_attrition_no_department,raw,6,598,3,3,0.00042381996124374625,0.8450241675322193,0.15455201250653688
manuscript_final_20260712T175019Z_c664ef152ff3,c664ef152ff3a9eef89c53a403b9c2e6f677340bea0307b02d97d07cc54bdfc3,no_salary_hike_no_attrition_no_department,raw,6,602,3,3,0.006106800155162432,0.9524356937457483,0.04145750609908927
manuscript_final_20260712T175019Z_c664ef152ff3,c664ef152ff3a9eef89c53a403b9c2e6f677340bea0307b02d97d07cc54bdfc3,no_salary_hike_no_attrition_no_department,raw,6,614,2,2,0.945526244402316,0.05168667494081376,0.0027870806568702565
manuscript_final_20260712T175019Z_c664ef152ff3,c664ef152ff3a9eef89c53a403b9c2e6f677340bea0307b02d97d07cc54bdfc3,no_salary_hike_no_attrition_no_department,raw,6,617,3,3,0.002855314109367122,0.9851425868123611,0.012002099078271763
manuscript_final_20260712T175019Z_c664ef152ff3,c664ef152ff3a9eef89c53a403b9c2e6f677340bea0307b02d97d07cc54bdfc3,no_salary_hike_no_attrition_no_department,raw,6,619,3,3,0.0034985061216321564,0.5877576226785647,0.40874387119980315
manuscript_final_20260712T175019Z_c664ef152ff3,c664ef152ff3a9eef89c53a403b9c2e6f677340bea0307b02d97d07cc54bdfc3,no_salary_hike_no_attrition_no_department,raw,6,620,2,2,0.7866619561614185,0.19580853818998917,0.0175295056485923
manuscript_final_20260712T175019Z_c664ef152ff3,c664ef152ff3a9eef89c53a403b9c2e6f677340bea0307b02d97d07cc54bdfc3,no_salary_hike_no_attrition_no_department,raw,6,632,4,3,0.00572475454084811,0.9575427587799481,0.03673248667920383
manuscript_final_20260712T175019Z_c664ef152ff3,c664ef152ff3a9eef89c53a403b9c2e6f677340bea0307b02d97d07cc54bdfc3,no_salary_hike_no_attrition_no_department,raw,6,669,3,3,0.01863147022182559,0.9410877017377494,0.04028082804042515
manuscript_final_20260712T175019Z_c664ef152ff3,c664ef152ff3a9eef89c53a403b9c2e6f677340bea0307b02d97d07cc54bdfc3,no_salary_hike_no_attrition_no_department,raw,6,678,3,3,0.00018646417199733923,0.9846554055820271,0.015158130245975543
manuscript_final_20260712T175019Z_c664ef152ff3,c664ef152ff3a9eef89c53a403b9c2e6f677340bea0307b02d97d07cc54bdfc3,no_salary_hike_no_attrition_no_department,raw,6,693,3,3,0.0020388180015443857,0.8493414767241475,0.14861970527430815
manuscript_final_20260712T175019Z_c664ef152ff3,c664ef152ff3a9eef89c53a403b9c2e6f677340bea0307b02d97d07cc54bdfc3,no_salary_hike_no_attrition_no_department,raw,6,696,4,3,0.00040994558072251504,0.94224303283455,0.0573470215847275
manuscript_final_20260712T175019Z_c664ef152ff3,c664ef152ff3a9eef89c53a403b9c2e6f677340bea0307b02d97d07cc54bdfc3,no_salary_hike_no_attrition_no_department,raw,6,698,2,2,0.9028649030495322,0.09400202642527543,0.00313307052519241
manuscript_final_20260712T175019Z_c664ef152ff3,c664ef152ff3a9eef89c53a403b9c2e6f677340bea0307b02d97d07cc54bdfc3,no_salary_hike_no_attrition_no_department,raw,6,699,2,2,0.7267075695837933,0.2559668393138777,0.017325591102328997
manuscript_final_20260712T175019Z_c664ef152ff3,c664ef152ff3a9eef89c53a403b9c2e6f677340bea0307b02d97d07cc54bdfc3,no_salary_hike_no_attrition_no_department,raw,6,704,3,3,0.0005528317587313353,0.7732951285848915,0.22615203965637723
manuscript_final_20260712T175019Z_c664ef152ff3,c664ef152ff3a9eef89c53a403b9c2e6f677340bea0307b02d97d07cc54bdfc3,no_salary_hike_no_attrition_no_department,raw,6,707,4,3,0.003877583702560887,0.8956965906287387,0.10042582566870038
manuscript_final_20260712T175019Z_c664ef152ff3,c664ef152ff3a9eef89c53a403b9c2e6f677340bea0307b02d97d07cc54bdfc3,no_salary_hike_no_attrition_no_department,raw,6,713,3,3,0.0008587056301123881,0.8426977645263938,0.15644352984349386
manuscript_final_20260712T175019Z_c664ef152ff3,c664ef152ff3a9eef89c53a403b9c2e6f677340bea0307b02d97d07cc54bdfc3,no_salary_hike_no_attrition_no_department,raw,6,758,2,2,0.823127199407871,0.17019073443238597,0.006682066159742953
manuscript_final_20260712T175019Z_c664ef152ff3,c664ef152ff3a9eef89c53a403b9c2e6f677340bea0307b02d97d07cc54bdfc3,no_salary_hike_no_attrition_no_department,raw,6,769,4,3,0.0003442914064045974,0.9007485239688326,0.09890718462476278
manuscript_final_20260712T175019Z_c664ef152ff3,c664ef152ff3a9eef89c53a403b9c2e6f677340bea0307b02d97d07cc54bdfc3,no_salary_hike_no_attrition_no_department,raw,6,776,3,3,0.0005934862896675874,0.8488402811987159,0.1505662325116165
manuscript_final_20260712T175019Z_c664ef152ff3,c664ef152ff3a9eef89c53a403b9c2e6f677340bea0307b02d97d07cc54bdfc3,no_salary_hike_no_attrition_no_department,raw,6,785,3,3,0.07333682709695039,0.8991060541659649,0.02755711873708483
manuscript_final_20260712T175019Z_c664ef152ff3,c664ef152ff3a9eef89c53a403b9c2e6f677340bea0307b02d97d07cc54bdfc3,no_salary_hike_no_attrition_no_department,raw,6,790,3,3,0.002294966181453666,0.8819278801566902,0.11577715366185609
manuscript_final_20260712T175019Z_c664ef152ff3,c664ef152ff3a9eef89c53a403b9c2e6f677340bea0307b02d97d07cc54bdfc3,no_salary_hike_no_attrition_no_department,raw,6,792,3,3,0.0042926529862165295,0.9544762470752362,0.04123109993854733
manuscript_final_20260712T175019Z_c664ef152ff3,c664ef152ff3a9eef89c53a403b9c2e6f677340bea0307b02d97d07cc54bdfc3,no_salary_hike_no_attrition_no_department,raw,6,811,3,3,0.0030386246072543633,0.9640884034571018,0.03287297193564384
manuscript_final_20260712T175019Z_c664ef152ff3,c664ef152ff3a9eef89c53a403b9c2e6f677340bea0307b02d97d07cc54bdfc3,no_salary_hike_no_attrition_no_department,raw,6,821,3,3,0.20145433390683182,0.7527373748743021,0.04580829121886599
manuscript_final_20260712T175019Z_c664ef152ff3,c664ef152ff3a9eef89c53a403b9c2e6f677340bea0307b02d97d07cc54bdfc3,no_salary_hike_no_attrition_no_department,raw,6,842,2,2,0.9580851302086378,0.04066881209412454,0.0012460576972376349
manuscript_final_20260712T175019Z_c664ef152ff3,c664ef152ff3a9eef89c53a403b9c2e6f677340bea0307b02d97d07cc54bdfc3,no_salary_hike_no_attrition_no_department,raw,6,856,3,3,0.0010185314795426077,0.9766667845926685,0.022314683927788917
manuscript_final_20260712T175019Z_c664ef152ff3,c664ef152ff3a9eef89c53a403b9c2e6f677340bea0307b02d97d07cc54bdfc3,no_salary_hike_no_attrition_no_department,raw,6,874,3,3,0.0011010554222689235,0.9482938110837557,0.05060513349397541
manuscript_final_20260712T175019Z_c664ef152ff3,c664ef152ff3a9eef89c53a403b9c2e6f677340bea0307b02d97d07cc54bdfc3,no_salary_hike_no_attrition_no_department,raw,6,886,3,3,0.0010420982023979788,0.9498979274545691,0.04905997434303284
manuscript_final_20260712T175019Z_c664ef152ff3,c664ef152ff3a9eef89c53a403b9c2e6f677340bea0307b02d97d07cc54bdfc3,no_salary_hike_no_attrition_no_department,raw,6,887,2,2,0.8277438740251681,0.16937200441146635,0.002884121563365508
manuscript_final_20260712T175019Z_c664ef152ff3,c664ef152ff3a9eef89c53a403b9c2e6f677340bea0307b02d97d07cc54bdfc3,no_salary_hike_no_attrition_no_department,raw,6,901,4,3,0.010391934133840748,0.9354449771934649,0.05416308867269443
manuscript_final_20260712T175019Z_c664ef152ff3,c664ef152ff3a9eef89c53a403b9c2e6f677340bea0307b02d97d07cc54bdfc3,no_salary_hike_no_attrition_no_department,raw,6,904,4,4,0.0004986746093888984,0.3990958423590877,0.6004054830315234
manuscript_final_20260712T175019Z_c664ef152ff3,c664ef152ff3a9eef89c53a403b9c2e6f677340bea0307b02d97d07cc54bdfc3,no_salary_hike_no_attrition_no_department,raw,6,931,3,3,0.00308207394690936,0.9206482036968607,0.0762697223562299
manuscript_final_20260712T175019Z_c664ef152ff3,c664ef152ff3a9eef89c53a403b9c2e6f677340bea0307b02d97d07cc54bdfc3,no_salary_hike_no_attrition_no_department,raw,6,934,3,3,0.003277934220467339,0.9571400471962439,0.03958201858328878
manuscript_final_20260712T175019Z_c664ef152ff3,c664ef152ff3a9eef89c53a403b9c2e6f677340bea0307b02d97d07cc54bdfc3,no_salary_hike_no_attrition_no_department,raw,6,935,3,3,0.001801044850527383,0.9396541984732087,0.058544756676263944
manuscript_final_20260712T175019Z_c664ef152ff3,c664ef152ff3a9eef89c53a403b9c2e6f677340bea0307b02d97d07cc54bdfc3,no_salary_hike_no_attrition_no_department,raw,6,968,3,3,0.000726798855012702,0.8951996745678065,0.10407352657718082
manuscript_final_20260712T175019Z_c664ef152ff3,c664ef152ff3a9eef89c53a403b9c2e6f677340bea0307b02d97d07cc54bdfc3,no_salary_hike_no_attrition_no_department,raw,6,970,3,3,0.0004431590112711462,0.9763093387289704,0.02324750225975843
manuscript_final_20260712T175019Z_c664ef152ff3,c664ef152ff3a9eef89c53a403b9c2e6f677340bea0307b02d97d07cc54bdfc3,no_salary_hike_no_attrition_no_department,raw,6,993,3,3,0.0018070639696057547,0.9822425400901562,0.015950395940238046
manuscript_final_20260712T175019Z_c664ef152ff3,c664ef152ff3a9eef89c53a403b9c2e6f677340bea0307b02d97d07cc54bdfc3,no_salary_hike_no_attrition_no_department,raw,6,1011,3,3,0.00032538632364345095,0.6747706501646028,0.32490396351175377
manuscript_final_20260712T175019Z_c664ef152ff3,c664ef152ff3a9eef89c53a403b9c2e6f677340bea0307b02d97d07cc54bdfc3,no_salary_hike_no_attrition_no_department,raw,6,1031,3,3,0.005633488591271789,0.9391337526882907,0.05523275872043752
manuscript_final_20260712T175019Z_c664ef152ff3,c664ef152ff3a9eef89c53a403b9c2e6f677340bea0307b02d97d07cc54bdfc3,no_salary_hike_no_attrition_no_department,raw,6,1040,3,3,0.002419368327679007,0.9356901809936095,0.061890450678711594
manuscript_final_20260712T175019Z_c664ef152ff3,c664ef152ff3a9eef89c53a403b9c2e6f677340bea0307b02d97d07cc54bdfc3,no_salary_hike_no_attrition_no_department,raw,6,1047,3,3,0.0006002663592594985,0.969394554622577,0.030005179018163613
manuscript_final_20260712T175019Z_c664ef152ff3,c664ef152ff3a9eef89c53a403b9c2e6f677340bea0307b02d97d07cc54bdfc3,no_salary_hike_no_attrition_no_department,raw,6,1050,3,3,0.0028273133569017245,0.9260962746557049,0.07107641198739341
manuscript_final_20260712T175019Z_c664ef152ff3,c664ef152ff3a9eef89c53a403b9c2e6f677340bea0307b02d97d07cc54bdfc3,no_salary_hike_no_attrition_no_department,raw,6,1054,3,3,0.0011015325330395837,0.927514950865363,0.07138351660159745
manuscript_final_20260712T175019Z_c664ef152ff3,c664ef152ff3a9eef89c53a403b9c2e6f677340bea0307b02d97d07cc54bdfc3,no_salary_hike_no_attrition_no_department,raw,6,1060,3,3,0.000602031640079606,0.901782020237922,0.09761594812199842
manuscript_final_20260712T175019Z_c664ef152ff3,c664ef152ff3a9eef89c53a403b9c2e6f677340bea0307b02d97d07cc54bdfc3,no_salary_hike_no_attrition_no_department,raw,6,1077,3,3,0.0025252202664478893,0.969491344049439,0.027983435684113135
manuscript_final_20260712T175019Z_c664ef152ff3,c664ef152ff3a9eef89c53a403b9c2e6f677340bea0307b02d97d07cc54bdfc3,no_salary_hike_no_attrition_no_department,raw,6,1078,3,3,0.0003435216528228552,0.7852187233005841,0.2144377550465931
manuscript_final_20260712T175019Z_c664ef152ff3,c664ef152ff3a9eef89c53a403b9c2e6f677340bea0307b02d97d07cc54bdfc3,no_salary_hike_no_attrition_no_department,raw,6,1079,4,3,0.0016810288007222851,0.7050674775199594,0.2932514936793183
manuscript_final_20260712T175019Z_c664ef152ff3,c664ef152ff3a9eef89c53a403b9c2e6f677340bea0307b02d97d07cc54bdfc3,no_salary_hike_no_attrition_no_department,raw,6,1086,2,3,0.03340804601764713,0.954736061056972,0.011855892925380862
manuscript_final_20260712T175019Z_c664ef152ff3,c664ef152ff3a9eef89c53a403b9c2e6f677340bea0307b02d97d07cc54bdfc3,no_salary_hike_no_attrition_no_department,raw,6,1096,3,3,0.01241023965170323,0.9665593765957485,0.021030383752548256
manuscript_final_20260712T175019Z_c664ef152ff3,c664ef152ff3a9eef89c53a403b9c2e6f677340bea0307b02d97d07cc54bdfc3,no_salary_hike_no_attrition_no_department,raw,6,1110,3,3,0.18165050582327325,0.7991450488503653,0.019204445326361397
manuscript_final_20260712T175019Z_c664ef152ff3,c664ef152ff3a9eef89c53a403b9c2e6f677340bea0307b02d97d07cc54bdfc3,no_salary_hike_no_attrition_no_department,raw,6,1112,3,3,0.004388057679910911,0.9737889884591632,0.021822953860925882
manuscript_final_20260712T175019Z_c664ef152ff3,c664ef152ff3a9eef89c53a403b9c2e6f677340bea0307b02d97d07cc54bdfc3,no_salary_hike_no_attrition_no_department,raw,6,1130,3,3,0.02779665697934133,0.9297674634558858,0.04243587956477293
manuscript_final_20260712T175019Z_c664ef152ff3,c664ef152ff3a9eef89c53a403b9c2e6f677340bea0307b02d97d07cc54bdfc3,no_salary_hike_no_attrition_no_department,raw,6,1133,3,3,0.007015745859662745,0.938953848808832,0.05403040533150527
manuscript_final_20260712T175019Z_c664ef152ff3,c664ef152ff3a9eef89c53a403b9c2e6f677340bea0307b02d97d07cc54bdfc3,no_salary_hike_no_attrition_no_department,raw,6,1146,3,3,0.0010919273737090016,0.975329787160764,0.023578285465526934
manuscript_final_20260712T175019Z_c664ef152ff3,c664ef152ff3a9eef89c53a403b9c2e6f677340bea0307b02d97d07cc54bdfc3,no_salary_hike_no_attrition_no_department,raw,6,1148,3,3,0.004976993083851707,0.7605071255503584,0.2345158813657899
manuscript_final_20260712T175019Z_c664ef152ff3,c664ef152ff3a9eef89c53a403b9c2e6f677340bea0307b02d97d07cc54bdfc3,no_salary_hike_no_attrition_no_department,raw,6,1153,3,3,0.00150444792038638,0.8304790408262345,0.16801651125337919
manuscript_final_20260712T175019Z_c664ef152ff3,c664ef152ff3a9eef89c53a403b9c2e6f677340bea0307b02d97d07cc54bdfc3,no_salary_hike_no_attrition_no_department,raw,6,1161,3,3,0.02417658487192559,0.9414435151780111,0.03437989995006342
manuscript_final_20260712T175019Z_c664ef152ff3,c664ef152ff3a9eef89c53a403b9c2e6f677340bea0307b02d97d07cc54bdfc3,no_salary_hike_no_attrition_no_department,raw,6,1170,3,3,0.0005299082876881159,0.8726219594302104,0.1268481322821015
manuscript_final_20260712T175019Z_c664ef152ff3,c664ef152ff3a9eef89c53a403b9c2e6f677340bea0307b02d97d07cc54bdfc3,no_salary_hike_no_attrition_no_department,raw,6,1181,3,2,0.6579564308732047,0.3348658431232167,0.007177726003578634
manuscript_final_20260712T175019Z_c664ef152ff3,c664ef152ff3a9eef89c53a403b9c2e6f677340bea0307b02d97d07cc54bdfc3,no_salary_hike_no_attrition_no_department,raw,6,1184,3,3,0.03999659180629748,0.82957061926326,0.13043278893044258
manuscript_final_20260712T175019Z_c664ef152ff3,c664ef152ff3a9eef89c53a403b9c2e6f677340bea0307b02d97d07cc54bdfc3,no_salary_hike_no_attrition_no_department,sigmoid,6,15,3,3,0.00670409107446649,0.8851859793825007,0.10810992954303283
manuscript_final_20260712T175019Z_c664ef152ff3,c664ef152ff3a9eef89c53a403b9c2e6f677340bea0307b02d97d07cc54bdfc3,no_salary_hike_no_attrition_no_department,sigmoid,6,22,3,3,0.0006912338712403667,0.7807365954486364,0.21857217068012316
manuscript_final_20260712T175019Z_c664ef152ff3,c664ef152ff3a9eef89c53a403b9c2e6f677340bea0307b02d97d07cc54bdfc3,no_salary_hike_no_attrition_no_department,sigmoid,6,26,3,3,0.0012249592845818586,0.8683291704901711,0.13044587022524698
manuscript_final_20260712T175019Z_c664ef152ff3,c664ef152ff3a9eef89c53a403b9c2e6f677340bea0307b02d97d07cc54bdfc3,no_salary_hike_no_attrition_no_department,sigmoid,6,28,3,2,0.686264218894451,0.24993224914012288,0.06380353196542601
manuscript_final_20260712T175019Z_c664ef152ff3,c664ef152ff3a9eef89c53a403b9c2e6f677340bea0307b02d97d07cc54bdfc3,no_salary_hike_no_attrition_no_department,sigmoid,6,44,4,3,0.0026982740920523203,0.7672154128732485,0.23008631303469926
manuscript_final_20260712T175019Z_c664ef152ff3,c664ef152ff3a9eef89c53a403b9c2e6f677340bea0307b02d97d07cc54bdfc3,no_salary_hike_no_attrition_no_department,sigmoid,6,67,3,3,0.000807959622844786,0.8522082374053412,0.14698380297181388
manuscript_final_20260712T175019Z_c664ef152ff3,c664ef152ff3a9eef89c53a403b9c2e6f677340bea0307b02d97d07cc54bdfc3,no_salary_hike_no_attrition_no_department,sigmoid,6,76,3,2,0.8669383738394877,0.07771419092946416,0.055347435231048084
manuscript_final_20260712T175019Z_c664ef152ff3,c664ef152ff3a9eef89c53a403b9c2e6f677340bea0307b02d97d07cc54bdfc3,no_salary_hike_no_attrition_no_department,sigmoid,6,85,3,3,0.07434216901660773,0.7680334349885963,0.15762439599479602
manuscript_final_20260712T175019Z_c664ef152ff3,c664ef152ff3a9eef89c53a403b9c2e6f677340bea0307b02d97d07cc54bdfc3,no_salary_hike_no_attrition_no_department,sigmoid,6,86,3,3,0.0007266288844920959,0.900137702045009,0.09913566907049909
manuscript_final_20260712T175019Z_c664ef152ff3,c664ef152ff3a9eef89c53a403b9c2e6f677340bea0307b02d97d07cc54bdfc3,no_salary_hike_no_attrition_no_department,sigmoid,6,93,3,3,0.0005099796013238631,0.8566622546701621,0.142827765728514
manuscript_final_20260712T175019Z_c664ef152ff3,c664ef152ff3a9eef89c53a403b9c2e6f677340bea0307b02d97d07cc54bdfc3,no_salary_hike_no_attrition_no_department,sigmoid,6,101,3,3,0.0022901683901710027,0.7652224961248134,0.2324873354850155
manuscript_final_20260712T175019Z_c664ef152ff3,c664ef152ff3a9eef89c53a403b9c2e6f677340bea0307b02d97d07cc54bdfc3,no_salary_hike_no_attrition_no_department,sigmoid,6,109,3,3,0.00415233920185622,0.8542604276347676,0.1415872331633761
manuscript_final_20260712T175019Z_c664ef152ff3,c664ef152ff3a9eef89c53a403b9c2e6f677340bea0307b02d97d07cc54bdfc3,no_salary_hike_no_attrition_no_department,sigmoid,6,111,3,3,0.0014184057066606382,0.8539641530084269,0.14461744128491247
manuscript_final_20260712T175019Z_c664ef152ff3,c664ef152ff3a9eef89c53a403b9c2e6f677340bea0307b02d97d07cc54bdfc3,no_salary_hike_no_attrition_no_department,sigmoid,6,121,3,3,0.0010747387676008158,0.9070532494763394,0.0918720117560598
manuscript_final_20260712T175019Z_c664ef152ff3,c664ef152ff3a9eef89c53a403b9c2e6f677340bea0307b02d97d07cc54bdfc3,no_salary_hike_no_attrition_no_department,sigmoid,6,124,4,3,0.0003771338453278645,0.8895629191675073,0.11005994698716488
manuscript_final_20260712T175019Z_c664ef152ff3,c664ef152ff3a9eef89c53a403b9c2e6f677340bea0307b02d97d07cc54bdfc3,no_salary_hike_no_attrition_no_department,sigmoid,6,128,3,3,0.0008319372629194647,0.8555910410925963,0.14357702164448424
manuscript_final_20260712T175019Z_c664ef152ff3,c664ef152ff3a9eef89c53a403b9c2e6f677340bea0307b02d97d07cc54bdfc3,no_salary_hike_no_attrition_no_department,sigmoid,6,133,3,3,0.00035145553135916855,0.8492666997880147,0.1503818446806261
manuscript_final_20260712T175019Z_c664ef152ff3,c664ef152ff3a9eef89c53a403b9c2e6f677340bea0307b02d97d07cc54bdfc3,no_salary_hike_no_attrition_no_department,sigmoid,6,146,4,3,0.0006786868991018718,0.8471591558025992,0.15216215729829902
manuscript_final_20260712T175019Z_c664ef152ff3,c664ef152ff3a9eef89c53a403b9c2e6f677340bea0307b02d97d07cc54bdfc3,no_salary_hike_no_attrition_no_department,sigmoid,6,153,3,3,0.00041993947367935944,0.8905821709504068,0.10899788957591396
manuscript_final_20260712T175019Z_c664ef152ff3,c664ef152ff3a9eef89c53a403b9c2e6f677340bea0307b02d97d07cc54bdfc3,no_salary_hike_no_attrition_no_department,sigmoid,6,160,3,3,0.000980085628426064,0.9050464266265503,0.0939734877450237
manuscript_final_20260712T175019Z_c664ef152ff3,c664ef152ff3a9eef89c53a403b9c2e6f677340bea0307b02d97d07cc54bdfc3,no_salary_hike_no_attrition_no_department,sigmoid,6,162,2,2,0.6539028463493353,0.2706184662718624,0.07547868737880221
manuscript_final_20260712T175019Z_c664ef152ff3,c664ef152ff3a9eef89c53a403b9c2e6f677340bea0307b02d97d07cc54bdfc3,no_salary_hike_no_attrition_no_department,sigmoid,6,184,3,3,0.011609039145104654,0.8380911672363752,0.15029979361852003
manuscript_final_20260712T175019Z_c664ef152ff3,c664ef152ff3a9eef89c53a403b9c2e6f677340bea0307b02d97d07cc54bdfc3,no_salary_hike_no_attrition_no_department,sigmoid,6,224,3,3,0.004607784690996921,0.869777361558356,0.12561485375064702
manuscript_final_20260712T175019Z_c664ef152ff3,c664ef152ff3a9eef89c53a403b9c2e6f677340bea0307b02d97d07cc54bdfc3,no_salary_hike_no_attrition_no_department,sigmoid,6,227,2,2,0.7609136577404951,0.18103986215216394,0.058046480107341036
manuscript_final_20260712T175019Z_c664ef152ff3,c664ef152ff3a9eef89c53a403b9c2e6f677340bea0307b02d97d07cc54bdfc3,no_salary_hike_no_attrition_no_department,sigmoid,6,232,3,3,0.011307799770416764,0.9137150955001202,0.07497710472946306
manuscript_final_20260712T175019Z_c664ef152ff3,c664ef152ff3a9eef89c53a403b9c2e6f677340bea0307b02d97d07cc54bdfc3,no_salary_hike_no_attrition_no_department,sigmoid,6,240,2,2,0.7083190359229783,0.2369634970522847,0.05471746702473691
manuscript_final_20260712T175019Z_c664ef152ff3,c664ef152ff3a9eef89c53a403b9c2e6f677340bea0307b02d97d07cc54bdfc3,no_salary_hike_no_attrition_no_department,sigmoid,6,253,4,2,0.7898895364396974,0.12876571169972645,0.08134475186057612
manuscript_final_20260712T175019Z_c664ef152ff3,c664ef152ff3a9eef89c53a403b9c2e6f677340bea0307b02d97d07cc54bdfc3,no_salary_hike_no_attrition_no_department,sigmoid,6,258,3,3,0.10192870210255253,0.7733062095689061,0.12476508832854132
manuscript_final_20260712T175019Z_c664ef152ff3,c664ef152ff3a9eef89c53a403b9c2e6f677340bea0307b02d97d07cc54bdfc3,no_salary_hike_no_attrition_no_department,sigmoid,6,264,3,3,0.0042712619770169475,0.8991845700455093,0.09654416797747375
manuscript_final_20260712T175019Z_c664ef152ff3,c664ef152ff3a9eef89c53a403b9c2e6f677340bea0307b02d97d07cc54bdfc3,no_salary_hike_no_attrition_no_department,sigmoid,6,273,3,3,0.002191328466102434,0.7816708874417574,0.21613778409214007
manuscript_final_20260712T175019Z_c664ef152ff3,c664ef152ff3a9eef89c53a403b9c2e6f677340bea0307b02d97d07cc54bdfc3,no_salary_hike_no_attrition_no_department,sigmoid,6,286,3,3,0.0008391193363432104,0.8624074847624619,0.13675339590119484
manuscript_final_20260712T175019Z_c664ef152ff3,c664ef152ff3a9eef89c53a403b9c2e6f677340bea0307b02d97d07cc54bdfc3,no_salary_hike_no_attrition_no_department,sigmoid,6,287,4,3,0.0038048752286259087,0.8885453743507224,0.10764975042065175
manuscript_final_20260712T175019Z_c664ef152ff3,c664ef152ff3a9eef89c53a403b9c2e6f677340bea0307b02d97d07cc54bdfc3,no_salary_hike_no_attrition_no_department,sigmoid,6,298,3,3,0.0015578889582526455,0.8645514822932456,0.13389062874850177
manuscript_final_20260712T175019Z_c664ef152ff3,c664ef152ff3a9eef89c53a403b9c2e6f677340bea0307b02d97d07cc54bdfc3,no_salary_hike_no_attrition_no_department,sigmoid,6,302,4,3,0.0009148685003721371,0.807104959442128,0.19198017205749995
manuscript_final_20260712T175019Z_c664ef152ff3,c664ef152ff3a9eef89c53a403b9c2e6f677340bea0307b02d97d07cc54bdfc3,no_salary_hike_no_attrition_no_department,sigmoid,6,307,2,2,0.7551653866391147,0.1810807395327893,0.06375387382809605
manuscript_final_20260712T175019Z_c664ef152ff3,c664ef152ff3a9eef89c53a403b9c2e6f677340bea0307b02d97d07cc54bdfc3,no_salary_hike_no_attrition_no_department,sigmoid,6,313,3,3,0.0027722193826615516,0.9073613765945662,0.0898664040227722
manuscript_final_20260712T175019Z_c664ef152ff3,c664ef152ff3a9eef89c53a403b9c2e6f677340bea0307b02d97d07cc54bdfc3,no_salary_hike_no_attrition_no_department,sigmoid,6,317,3,3,0.00434345161712913,0.8109035874113486,0.1847529609715223
manuscript_final_20260712T175019Z_c664ef152ff3,c664ef152ff3a9eef89c53a403b9c2e6f677340bea0307b02d97d07cc54bdfc3,no_salary_hike_no_attrition_no_department,sigmoid,6,319,3,3,0.003486323715980693,0.8817709834669548,0.11474269281706449
manuscript_final_20260712T175019Z_c664ef152ff3,c664ef152ff3a9eef89c53a403b9c2e6f677340bea0307b02d97d07cc54bdfc3,no_salary_hike_no_attrition_no_department,sigmoid,6,345,3,3,0.003964038882282971,0.8798710404589727,0.11616492065874434
manuscript_final_20260712T175019Z_c664ef152ff3,c664ef152ff3a9eef89c53a403b9c2e6f677340bea0307b02d97d07cc54bdfc3,no_salary_hike_no_attrition_no_department,sigmoid,6,355,3,3,0.0005514597274727884,0.8942370838152858,0.10521145645724143
manuscript_final_20260712T175019Z_c664ef152ff3,c664ef152ff3a9eef89c53a403b9c2e6f677340bea0307b02d97d07cc54bdfc3,no_salary_hike_no_attrition_no_department,sigmoid,6,356,3,3,0.000636021195352457,0.9229827798627511,0.0763811989418964
manuscript_final_20260712T175019Z_c664ef152ff3,c664ef152ff3a9eef89c53a403b9c2e6f677340bea0307b02d97d07cc54bdfc3,no_salary_hike_no_attrition_no_department,sigmoid,6,370,2,2,0.6477837205974059,0.27998120587249675,0.0722350735300974
manuscript_final_20260712T175019Z_c664ef152ff3,c664ef152ff3a9eef89c53a403b9c2e6f677340bea0307b02d97d07cc54bdfc3,no_salary_hike_no_attrition_no_department,sigmoid,6,380,3,2,0.8147160466793564,0.12709274657456365,0.058191206746080006
manuscript_final_20260712T175019Z_c664ef152ff3,c664ef152ff3a9eef89c53a403b9c2e6f677340bea0307b02d97d07cc54bdfc3,no_salary_hike_no_attrition_no_department,sigmoid,6,398,2,2,0.6143232538562761,0.3061199607769535,0.07955678536677044
manuscript_final_20260712T175019Z_c664ef152ff3,c664ef152ff3a9eef89c53a403b9c2e6f677340bea0307b02d97d07cc54bdfc3,no_salary_hike_no_attrition_no_department,sigmoid,6,437,3,3,0.0035889170878236508,0.8437180832528617,0.1526929996593146
manuscript_final_20260712T175019Z_c664ef152ff3,c664ef152ff3a9eef89c53a403b9c2e6f677340bea0307b02d97d07cc54bdfc3,no_salary_hike_no_attrition_no_department,sigmoid,6,442,3,3,0.0013446967502963186,0.7822207365453832,0.21643456670432046
manuscript_final_20260712T175019Z_c664ef152ff3,c664ef152ff3a9eef89c53a403b9c2e6f677340bea0307b02d97d07cc54bdfc3,no_salary_hike_no_attrition_no_department,sigmoid,6,460,3,3,0.0024117932751864996,0.8520042268401774,0.14558397988463612
manuscript_final_20260712T175019Z_c664ef152ff3,c664ef152ff3a9eef89c53a403b9c2e6f677340bea0307b02d97d07cc54bdfc3,no_salary_hike_no_attrition_no_department,sigmoid,6,466,2,2,0.7203795229727354,0.2214053813604727,0.0582150956667918
manuscript_final_20260712T175019Z_c664ef152ff3,c664ef152ff3a9eef89c53a403b9c2e6f677340bea0307b02d97d07cc54bdfc3,no_salary_hike_no_attrition_no_department,sigmoid,6,482,2,2,0.806980696172795,0.10393099941167734,0.08908830441552766
manuscript_final_20260712T175019Z_c664ef152ff3,c664ef152ff3a9eef89c53a403b9c2e6f677340bea0307b02d97d07cc54bdfc3,no_salary_hike_no_attrition_no_department,sigmoid,6,485,2,2,0.7917506944671169,0.1328148468731319,0.07543445865975137
manuscript_final_20260712T175019Z_c664ef152ff3,c664ef152ff3a9eef89c53a403b9c2e6f677340bea0307b02d97d07cc54bdfc3,no_salary_hike_no_attrition_no_department,sigmoid,6,497,3,3,0.00680958260279557,0.8478515771892443,0.14533884020796015
manuscript_final_20260712T175019Z_c664ef152ff3,c664ef152ff3a9eef89c53a403b9c2e6f677340bea0307b02d97d07cc54bdfc3,no_salary_hike_no_attrition_no_department,sigmoid,6,515,2,2,0.78374068298825,0.14915271120763665,0.06710660580411357
manuscript_final_20260712T175019Z_c664ef152ff3,c664ef152ff3a9eef89c53a403b9c2e6f677340bea0307b02d97d07cc54bdfc3,no_salary_hike_no_attrition_no_department,sigmoid,6,520,2,2,0.6029830852650291,0.33644072477470055,0.06057618996027023
manuscript_final_20260712T175019Z_c664ef152ff3,c664ef152ff3a9eef89c53a403b9c2e6f677340bea0307b02d97d07cc54bdfc3,no_salary_hike_no_attrition_no_department,sigmoid,6,523,3,3,0.006063971883015807,0.8455608315413191,0.1483751965756652
manuscript_final_20260712T175019Z_c664ef152ff3,c664ef152ff3a9eef89c53a403b9c2e6f677340bea0307b02d97d07cc54bdfc3,no_salary_hike_no_attrition_no_department,sigmoid,6,531,3,3,0.002261101248077437,0.8589661741777721,0.13877272457415044
manuscript_final_20260712T175019Z_c664ef152ff3,c664ef152ff3a9eef89c53a403b9c2e6f677340bea0307b02d97d07cc54bdfc3,no_salary_hike_no_attrition_no_department,sigmoid,6,535,3,3,0.01066806520422365,0.844307967485473,0.14502396731030331
manuscript_final_20260712T175019Z_c664ef152ff3,c664ef152ff3a9eef89c53a403b9c2e6f677340bea0307b02d97d07cc54bdfc3,no_salary_hike_no_attrition_no_department,sigmoid,6,551,3,3,0.006214571496288478,0.8522149617032426,0.14157046680046886
manuscript_final_20260712T175019Z_c664ef152ff3,c664ef152ff3a9eef89c53a403b9c2e6f677340bea0307b02d97d07cc54bdfc3,no_salary_hike_no_attrition_no_department,sigmoid,6,554,3,3,0.0053977725520656765,0.8370097646687731,0.15759246277916125
manuscript_final_20260712T175019Z_c664ef152ff3,c664ef152ff3a9eef89c53a403b9c2e6f677340bea0307b02d97d07cc54bdfc3,no_salary_hike_no_attrition_no_department,sigmoid,6,559,3,3,0.003653122029679403,0.8491054986664124,0.1472413793039082
manuscript_final_20260712T175019Z_c664ef152ff3,c664ef152ff3a9eef89c53a403b9c2e6f677340bea0307b02d97d07cc54bdfc3,no_salary_hike_no_attrition_no_department,sigmoid,6,591,4,3,0.0026879932842396675,0.8887130361054698,0.10859897061029046
manuscript_final_20260712T175019Z_c664ef152ff3,c664ef152ff3a9eef89c53a403b9c2e6f677340bea0307b02d97d07cc54bdfc3,no_salary_hike_no_attrition_no_department,sigmoid,6,598,3,3,0.0005622990509952328,0.8397181261107808,0.15971957483822408
manuscript_final_20260712T175019Z_c664ef152ff3,c664ef152ff3a9eef89c53a403b9c2e6f677340bea0307b02d97d07cc54bdfc3,no_salary_hike_no_attrition_no_department,sigmoid,6,602,3,3,0.008044463458435298,0.8821141546870868,0.10984138185447795
manuscript_final_20260712T175019Z_c664ef152ff3,c664ef152ff3a9eef89c53a403b9c2e6f677340bea0307b02d97d07cc54bdfc3,no_salary_hike_no_attrition_no_department,sigmoid,6,614,2,2,0.828868972739016,0.11691862195541128,0.054212405305572614
manuscript_final_20260712T175019Z_c664ef152ff3,c664ef152ff3a9eef89c53a403b9c2e6f677340bea0307b02d97d07cc54bdfc3,no_salary_hike_no_attrition_no_department,sigmoid,6,617,3,3,0.0035458858471295335,0.9136605295414489,0.08279358461142157
manuscript_final_20260712T175019Z_c664ef152ff3,c664ef152ff3a9eef89c53a403b9c2e6f677340bea0307b02d97d07cc54bdfc3,no_salary_hike_no_attrition_no_department,sigmoid,6,619,3,3,0.005972740236741772,0.7508171347308783,0.24321012503237982
manuscript_final_20260712T175019Z_c664ef152ff3,c664ef152ff3a9eef89c53a403b9c2e6f677340bea0307b02d97d07cc54bdfc3,no_salary_hike_no_attrition_no_department,sigmoid,6,620,2,2,0.6901194664017777,0.2360280562158194,0.0738524773824029
manuscript_final_20260712T175019Z_c664ef152ff3,c664ef152ff3a9eef89c53a403b9c2e6f677340bea0307b02d97d07cc54bdfc3,no_salary_hike_no_attrition_no_department,sigmoid,6,632,4,3,0.007488325848303478,0.8858439956023265,0.10666767854937002
manuscript_final_20260712T175019Z_c664ef152ff3,c664ef152ff3a9eef89c53a403b9c2e6f677340bea0307b02d97d07cc54bdfc3,no_salary_hike_no_attrition_no_department,sigmoid,6,669,3,3,0.025417417593668397,0.8653898631836934,0.10919271922263823
manuscript_final_20260712T175019Z_c664ef152ff3,c664ef152ff3a9eef89c53a403b9c2e6f677340bea0307b02d97d07cc54bdfc3,no_salary_hike_no_attrition_no_department,sigmoid,6,678,3,3,0.0002104588034060984,0.9129638770836769,0.08682566411291716
manuscript_final_20260712T175019Z_c664ef152ff3,c664ef152ff3a9eef89c53a403b9c2e6f677340bea0307b02d97d07cc54bdfc3,no_salary_hike_no_attrition_no_department,sigmoid,6,693,3,3,0.0028436593260250716,0.8396429630860152,0.15751337758795975
manuscript_final_20260712T175019Z_c664ef152ff3,c664ef152ff3a9eef89c53a403b9c2e6f677340bea0307b02d97d07cc54bdfc3,no_salary_hike_no_attrition_no_department,sigmoid,6,696,4,3,0.0004990265799383993,0.8803832962097098,0.11911767721035181
manuscript_final_20260712T175019Z_c664ef152ff3,c664ef152ff3a9eef89c53a403b9c2e6f677340bea0307b02d97d07cc54bdfc3,no_salary_hike_no_attrition_no_department,sigmoid,6,698,2,2,0.7846338475707445,0.16127390278658238,0.05409224964267308
manuscript_final_20260712T175019Z_c664ef152ff3,c664ef152ff3a9eef89c53a403b9c2e6f677340bea0307b02d97d07cc54bdfc3,no_salary_hike_no_attrition_no_department,sigmoid,6,699,2,2,0.651965202399222,0.2744656995387243,0.0735690980620538
manuscript_final_20260712T175019Z_c664ef152ff3,c664ef152ff3a9eef89c53a403b9c2e6f677340bea0307b02d97d07cc54bdfc3,no_salary_hike_no_attrition_no_department,sigmoid,6,704,3,3,0.0007810933335264137,0.8154416540002268,0.1837772526662468
manuscript_final_20260712T175019Z_c664ef152ff3,c664ef152ff3a9eef89c53a403b9c2e6f677340bea0307b02d97d07cc54bdfc3,no_salary_hike_no_attrition_no_department,sigmoid,6,707,4,3,0.005312759221606158,0.8555553212427703,0.13913191953562348
manuscript_final_20260712T175019Z_c664ef152ff3,c664ef152ff3a9eef89c53a403b9c2e6f677340bea0307b02d97d07cc54bdfc3,no_salary_hike_no_attrition_no_department,sigmoid,6,713,3,3,0.0011695844124208024,0.8384715864533774,0.16035882913420185
manuscript_final_20260712T175019Z_c664ef152ff3,c664ef152ff3a9eef89c53a403b9c2e6f677340bea0307b02d97d07cc54bdfc3,no_salary_hike_no_attrition_no_department,sigmoid,6,758,2,2,0.7185313353607066,0.22008876352416848,0.061379901115124993
manuscript_final_20260712T175019Z_c664ef152ff3,c664ef152ff3a9eef89c53a403b9c2e6f677340bea0307b02d97d07cc54bdfc3,no_salary_hike_no_attrition_no_department,sigmoid,6,769,4,3,0.0004330836079100174,0.8609545292957859,0.13861238709630413
manuscript_final_20260712T175019Z_c664ef152ff3,c664ef152ff3a9eef89c53a403b9c2e6f677340bea0307b02d97d07cc54bdfc3,no_salary_hike_no_attrition_no_department,sigmoid,6,776,3,3,0.0007942912096047021,0.8409078727938688,0.15829783599652653
manuscript_final_20260712T175019Z_c664ef152ff3,c664ef152ff3a9eef89c53a403b9c2e6f677340bea0307b02d97d07cc54bdfc3,no_salary_hike_no_attrition_no_department,sigmoid,6,785,3,3,0.10090428212413811,0.7996857340824971,0.09940998379336491
manuscript_final_20260712T175019Z_c664ef152ff3,c664ef152ff3a9eef89c53a403b9c2e6f677340bea0307b02d97d07cc54bdfc3,no_salary_hike_no_attrition_no_department,sigmoid,6,790,3,3,0.0031296403739528413,0.8515482759986366,0.1453220836274105
manuscript_final_20260712T175019Z_c664ef152ff3,c664ef152ff3a9eef89c53a403b9c2e6f677340bea0307b02d97d07cc54bdfc3,no_salary_hike_no_attrition_no_department,sigmoid,6,792,3,3,0.0055843547378721945,0.8847607087603951,0.10965493650173265
manuscript_final_20260712T175019Z_c664ef152ff3,c664ef152ff3a9eef89c53a403b9c2e6f677340bea0307b02d97d07cc54bdfc3,no_salary_hike_no_attrition_no_department,sigmoid,6,811,3,3,0.0038704720609981508,0.8923380837123853,0.10379144422661665
manuscript_final_20260712T175019Z_c664ef152ff3,c664ef152ff3a9eef89c53a403b9c2e6f677340bea0307b02d97d07cc54bdfc3,no_salary_hike_no_attrition_no_department,sigmoid,6,821,3,3,0.257336911538679,0.6380301241732529,0.1046329642880682
manuscript_final_20260712T175019Z_c664ef152ff3,c664ef152ff3a9eef89c53a403b9c2e6f677340bea0307b02d97d07cc54bdfc3,no_salary_hike_no_attrition_no_department,sigmoid,6,842,2,2,0.8500107151146425,0.10323997998234552,0.04674930490301201
manuscript_final_20260712T175019Z_c664ef152ff3,c664ef152ff3a9eef89c53a403b9c2e6f677340bea0307b02d97d07cc54bdfc3,no_salary_hike_no_attrition_no_department,sigmoid,6,856,3,3,0.0012324361100298855,0.9040157778858078,0.0947517860041623
manuscript_final_20260712T175019Z_c664ef152ff3,c664ef152ff3a9eef89c53a403b9c2e6f677340bea0307b02d97d07cc54bdfc3,no_salary_hike_no_attrition_no_department,sigmoid,6,874,3,3,0.0013785313236412554,0.8832806735338967,0.11534079514246197
manuscript_final_20260712T175019Z_c664ef152ff3,c664ef152ff3a9eef89c53a403b9c2e6f677340bea0307b02d97d07cc54bdfc3,no_salary_hike_no_attrition_no_department,sigmoid,6,886,3,3,0.0013000909516093142,0.884268145575403,0.11443176347298774
manuscript_final_20260712T175019Z_c664ef152ff3,c664ef152ff3a9eef89c53a403b9c2e6f677340bea0307b02d97d07cc54bdfc3,no_salary_hike_no_attrition_no_department,sigmoid,6,887,2,2,0.7267139528044623,0.22115733754195474,0.05212870965358299
manuscript_final_20260712T175019Z_c664ef152ff3,c664ef152ff3a9eef89c53a403b9c2e6f677340bea0307b02d97d07cc54bdfc3,no_salary_hike_no_attrition_no_department,sigmoid,6,901,4,3,0.014104096340999685,0.8684801231739779,0.1174157804850224
manuscript_final_20260712T175019Z_c664ef152ff3,c664ef152ff3a9eef89c53a403b9c2e6f677340bea0307b02d97d07cc54bdfc3,no_salary_hike_no_attrition_no_department,sigmoid,6,904,4,3,0.0009168321453895814,0.6778664372994123,0.32121673055519806
manuscript_final_20260712T175019Z_c664ef152ff3,c664ef152ff3a9eef89c53a403b9c2e6f677340bea0307b02d97d07cc54bdfc3,no_salary_hike_no_attrition_no_department,sigmoid,6,931,3,3,0.004101383172653762,0.8672796483425659,0.12861896848478027
manuscript_final_20260712T175019Z_c664ef152ff3,c664ef152ff3a9eef89c53a403b9c2e6f677340bea0307b02d97d07cc54bdfc3,no_salary_hike_no_attrition_no_department,sigmoid,6,934,3,3,0.004216696326278985,0.8872433801455938,0.1085399235281272
manuscript_final_20260712T175019Z_c664ef152ff3,c664ef152ff3a9eef89c53a403b9c2e6f677340bea0307b02d97d07cc54bdfc3,no_salary_hike_no_attrition_no_department,sigmoid,6,935,3,3,0.00231292280661381,0.8779026686417117,0.11978440855167433
manuscript_final_20260712T175019Z_c664ef152ff3,c664ef152ff3a9eef89c53a403b9c2e6f677340bea0307b02d97d07cc54bdfc3,no_salary_hike_no_attrition_no_department,sigmoid,6,968,3,3,0.0009428858089057698,0.8583279750484625,0.1407291391426318
manuscript_final_20260712T175019Z_c664ef152ff3,c664ef152ff3a9eef89c53a403b9c2e6f677340bea0307b02d97d07cc54bdfc3,no_salary_hike_no_attrition_no_department,sigmoid,6,970,3,3,0.0005210451410893865,0.903880675888337,0.09559827897057362
manuscript_final_20260712T175019Z_c664ef152ff3,c664ef152ff3a9eef89c53a403b9c2e6f677340bea0307b02d97d07cc54bdfc3,no_salary_hike_no_attrition_no_department,sigmoid,6,993,3,3,0.0022158788730607,0.9098227959748817,0.08796132515205758
manuscript_final_20260712T175019Z_c664ef152ff3,c664ef152ff3a9eef89c53a403b9c2e6f677340bea0307b02d97d07cc54bdfc3,no_salary_hike_no_attrition_no_department,sigmoid,6,1011,3,3,0.0004836515173500226,0.7838048481354213,0.2157115003472287
manuscript_final_20260712T175019Z_c664ef152ff3,c664ef152ff3a9eef89c53a403b9c2e6f677340bea0307b02d97d07cc54bdfc3,no_salary_hike_no_attrition_no_department,sigmoid,6,1031,3,3,0.007501520826172845,0.8744898319176312,0.11800864725619592
manuscript_final_20260712T175019Z_c664ef152ff3,c664ef152ff3a9eef89c53a403b9c2e6f677340bea0307b02d97d07cc54bdfc3,no_salary_hike_no_attrition_no_department,sigmoid,6,1040,3,3,0.0031495657476267214,0.8752956253344694,0.12155480891790388
manuscript_final_20260712T175019Z_c664ef152ff3,c664ef152ff3a9eef89c53a403b9c2e6f677340bea0307b02d97d07cc54bdfc3,no_salary_hike_no_attrition_no_department,sigmoid,6,1047,3,3,0.0007191591853476907,0.8978283245138632,0.10145251630078915
manuscript_final_20260712T175019Z_c664ef152ff3,c664ef152ff3a9eef89c53a403b9c2e6f677340bea0307b02d97d07cc54bdfc3,no_salary_hike_no_attrition_no_department,sigmoid,6,1050,3,3,0.003733172933667951,0.8701113678528386,0.12615545921349341
manuscript_final_20260712T175019Z_c664ef152ff3,c664ef152ff3a9eef89c53a403b9c2e6f677340bea0307b02d97d07cc54bdfc3,no_salary_hike_no_attrition_no_department,sigmoid,6,1054,3,3,0.001407804746597185,0.8722796891758552,0.1263125060775475
manuscript_final_20260712T175019Z_c664ef152ff3,c664ef152ff3a9eef89c53a403b9c2e6f677340bea0307b02d97d07cc54bdfc3,no_salary_hike_no_attrition_no_department,sigmoid,6,1060,3,3,0.0007715041517207121,0.8611598106245831,0.1380686852236961
manuscript_final_20260712T175019Z_c664ef152ff3,c664ef152ff3a9eef89c53a403b9c2e6f677340bea0307b02d97d07cc54bdfc3,no_salary_hike_no_attrition_no_department,sigmoid,6,1077,3,3,0.003178029486748216,0.8969070967994699,0.09991487371378177
manuscript_final_20260712T175019Z_c664ef152ff3,c664ef152ff3a9eef89c53a403b9c2e6f677340bea0307b02d97d07cc54bdfc3,no_salary_hike_no_attrition_no_department,sigmoid,6,1078,3,3,0.0004732770307377558,0.8195534515675463,0.1799732714017159
manuscript_final_20260712T175019Z_c664ef152ff3,c664ef152ff3a9eef89c53a403b9c2e6f677340bea0307b02d97d07cc54bdfc3,no_salary_hike_no_attrition_no_department,sigmoid,6,1079,4,3,0.002587812563052008,0.7921526979185451,0.20525948951840292
manuscript_final_20260712T175019Z_c664ef152ff3,c664ef152ff3a9eef89c53a403b9c2e6f677340bea0307b02d97d07cc54bdfc3,no_salary_hike_no_attrition_no_department,sigmoid,6,1086,2,3,0.04547744472267929,0.8706138266571259,0.08390872862019486
manuscript_final_20260712T175019Z_c664ef152ff3,c664ef152ff3a9eef89c53a403b9c2e6f677340bea0307b02d97d07cc54bdfc3,no_salary_hike_no_attrition_no_department,sigmoid,6,1096,3,3,0.01643187853567542,0.8894632539889866,0.09410486747533815
manuscript_final_20260712T175019Z_c664ef152ff3,c664ef152ff3a9eef89c53a403b9c2e6f677340bea0307b02d97d07cc54bdfc3,no_salary_hike_no_attrition_no_department,sigmoid,6,1110,3,3,0.23490704235007678,0.6766901144796618,0.0884028431702614
manuscript_final_20260712T175019Z_c664ef152ff3,c664ef152ff3a9eef89c53a403b9c2e6f677340bea0307b02d97d07cc54bdfc3,no_salary_hike_no_attrition_no_department,sigmoid,6,1112,3,3,0.005596589464220018,0.8999052094703851,0.09449820106539496
manuscript_final_20260712T175019Z_c664ef152ff3,c664ef152ff3a9eef89c53a403b9c2e6f677340bea0307b02d97d07cc54bdfc3,no_salary_hike_no_attrition_no_department,sigmoid,6,1130,3,3,0.03837100223465667,0.8511501345640633,0.11047886320128013
manuscript_final_20260712T175019Z_c664ef152ff3,c664ef152ff3a9eef89c53a403b9c2e6f677340bea0307b02d97d07cc54bdfc3,no_salary_hike_no_attrition_no_department,sigmoid,6,1133,3,3,0.009400241502141953,0.8732514505464222,0.11734830795143583
manuscript_final_20260712T175019Z_c664ef152ff3,c664ef152ff3a9eef89c53a403b9c2e6f677340bea0307b02d97d07cc54bdfc3,no_salary_hike_no_attrition_no_department,sigmoid,6,1146,3,3,0.0013265423581308373,0.9027171726038788,0.0959562850379904
manuscript_final_20260712T175019Z_c664ef152ff3,c664ef152ff3a9eef89c53a403b9c2e6f677340bea0307b02d97d07cc54bdfc3,no_salary_hike_no_attrition_no_department,sigmoid,6,1148,3,3,0.007616449683714912,0.8064218803523697,0.18596166996391522
manuscript_final_20260712T175019Z_c664ef152ff3,c664ef152ff3a9eef89c53a403b9c2e6f677340bea0307b02d97d07cc54bdfc3,no_salary_hike_no_attrition_no_department,sigmoid,6,1153,3,3,0.002108084043705516,0.8335558598497743,0.16433605610652016
manuscript_final_20260712T175019Z_c664ef152ff3,c664ef152ff3a9eef89c53a403b9c2e6f677340bea0307b02d97d07cc54bdfc3,no_salary_hike_no_attrition_no_department,sigmoid,6,1161,3,3,0.03305681274714267,0.8616993823774555,0.10524380487540189
manuscript_final_20260712T175019Z_c664ef152ff3,c664ef152ff3a9eef89c53a403b9c2e6f677340bea0307b02d97d07cc54bdfc3,no_salary_hike_no_attrition_no_department,sigmoid,6,1170,3,3,0.0006930348762917613,0.849672849536816,0.14963411558689227
manuscript_final_20260712T175019Z_c664ef152ff3,c664ef152ff3a9eef89c53a403b9c2e6f677340bea0307b02d97d07cc54bdfc3,no_salary_hike_no_attrition_no_department,sigmoid,6,1181,3,2,0.6135940106595514,0.3241108704945936,0.06229511884585515
manuscript_final_20260712T175019Z_c664ef152ff3,c664ef152ff3a9eef89c53a403b9c2e6f677340bea0307b02d97d07cc54bdfc3,no_salary_hike_no_attrition_no_department,sigmoid,6,1184,3,3,0.059096875802062715,0.7928704347752692,0.14803268942266812
manuscript_final_20260712T175019Z_c664ef152ff3,c664ef152ff3a9eef89c53a403b9c2e6f677340bea0307b02d97d07cc54bdfc3,no_salary_hike_no_attrition_no_department,isotonic,6,15,3,3,1.0344129447654856e-08,0.8866396669418447,0.11336032271402581
manuscript_final_20260712T175019Z_c664ef152ff3,c664ef152ff3a9eef89c53a403b9c2e6f677340bea0307b02d97d07cc54bdfc3,no_salary_hike_no_attrition_no_department,isotonic,6,22,3,3,9.9999999e-09,0.799999992,0.199999998
manuscript_final_20260712T175019Z_c664ef152ff3,c664ef152ff3a9eef89c53a403b9c2e6f677340bea0307b02d97d07cc54bdfc3,no_salary_hike_no_attrition_no_department,isotonic,6,26,3,3,1.0087172999120672e-08,0.8630136899247686,0.1369862999880585
manuscript_final_20260712T175019Z_c664ef152ff3,c664ef152ff3a9eef89c53a403b9c2e6f677340bea0307b02d97d07cc54bdfc3,no_salary_hike_no_attrition_no_department,isotonic,6,28,3,2,0.8666666666666667,0.06190476190476191,0.07142857142857144
manuscript_final_20260712T175019Z_c664ef152ff3,c664ef152ff3a9eef89c53a403b9c2e6f677340bea0307b02d97d07cc54bdfc3,no_salary_hike_no_attrition_no_department,isotonic,6,44,4,3,9.9999999e-09,0.799999992,0.199999998
manuscript_final_20260712T175019Z_c664ef152ff3,c664ef152ff3a9eef89c53a403b9c2e6f677340bea0307b02d97d07cc54bdfc3,no_salary_hike_no_attrition_no_department,isotonic,6,67,3,3,1.0087172999120672e-08,0.8630136899247686,0.1369862999880585
manuscript_final_20260712T175019Z_c664ef152ff3,c664ef152ff3a9eef89c53a403b9c2e6f677340bea0307b02d97d07cc54bdfc3,no_salary_hike_no_attrition_no_department,isotonic,6,76,3,2,0.9999999800000006,9.999999800000005e-09,9.999999800000005e-09
manuscript_final_20260712T175019Z_c664ef152ff3,c664ef152ff3a9eef89c53a403b9c2e6f677340bea0307b02d97d07cc54bdfc3,no_salary_hike_no_attrition_no_department,isotonic,6,85,3,3,1.0482352831296748e-08,0.8576470498333704,0.1423529396842768
manuscript_final_20260712T175019Z_c664ef152ff3,c664ef152ff3a9eef89c53a403b9c2e6f677340bea0307b02d97d07cc54bdfc3,no_salary_hike_no_attrition_no_department,isotonic,6,86,3,3,1.0344129447654856e-08,0.8866396669418447,0.11336032271402581
manuscript_final_20260712T175019Z_c664ef152ff3,c664ef152ff3a9eef89c53a403b9c2e6f677340bea0307b02d97d07cc54bdfc3,no_salary_hike_no_attrition_no_department,isotonic,6,93,3,3,1.0087172999120672e-08,0.8630136899247686,0.1369862999880585
manuscript_final_20260712T175019Z_c664ef152ff3,c664ef152ff3a9eef89c53a403b9c2e6f677340bea0307b02d97d07cc54bdfc3,no_salary_hike_no_attrition_no_department,isotonic,6,101,3,3,9.9999999e-09,0.799999992,0.199999998
manuscript_final_20260712T175019Z_c664ef152ff3,c664ef152ff3a9eef89c53a403b9c2e6f677340bea0307b02d97d07cc54bdfc3,no_salary_hike_no_attrition_no_department,isotonic,6,109,3,3,1.0087172999120672e-08,0.8630136899247686,0.1369862999880585
manuscript_final_20260712T175019Z_c664ef152ff3,c664ef152ff3a9eef89c53a403b9c2e6f677340bea0307b02d97d07cc54bdfc3,no_salary_hike_no_attrition_no_department,isotonic,6,111,3,3,1.0087172999120672e-08,0.8630136899247686,0.1369862999880585
manuscript_final_20260712T175019Z_c664ef152ff3,c664ef152ff3a9eef89c53a403b9c2e6f677340bea0307b02d97d07cc54bdfc3,no_salary_hike_no_attrition_no_department,isotonic,6,121,3,3,1.0344129447654856e-08,0.8866396669418447,0.11336032271402581
manuscript_final_20260712T175019Z_c664ef152ff3,c664ef152ff3a9eef89c53a403b9c2e6f677340bea0307b02d97d07cc54bdfc3,no_salary_hike_no_attrition_no_department,isotonic,6,124,4,3,1.0344129447654856e-08,0.8866396669418447,0.11336032271402581
manuscript_final_20260712T175019Z_c664ef152ff3,c664ef152ff3a9eef89c53a403b9c2e6f677340bea0307b02d97d07cc54bdfc3,no_salary_hike_no_attrition_no_department,isotonic,6,128,3,3,1.0087172999120672e-08,0.8630136899247686,0.1369862999880585
manuscript_final_20260712T175019Z_c664ef152ff3,c664ef152ff3a9eef89c53a403b9c2e6f677340bea0307b02d97d07cc54bdfc3,no_salary_hike_no_attrition_no_department,isotonic,6,133,3,3,1.0087172999120672e-08,0.8630136899247686,0.1369862999880585
manuscript_final_20260712T175019Z_c664ef152ff3,c664ef152ff3a9eef89c53a403b9c2e6f677340bea0307b02d97d07cc54bdfc3,no_salary_hike_no_attrition_no_department,isotonic,6,146,4,3,1.0087172999120672e-08,0.8630136899247686,0.1369862999880585
manuscript_final_20260712T175019Z_c664ef152ff3,c664ef152ff3a9eef89c53a403b9c2e6f677340bea0307b02d97d07cc54bdfc3,no_salary_hike_no_attrition_no_department,isotonic,6,153,3,3,1.0344129447654856e-08,0.8866396669418447,0.11336032271402581
manuscript_final_20260712T175019Z_c664ef152ff3,c664ef152ff3a9eef89c53a403b9c2e6f677340bea0307b02d97d07cc54bdfc3,no_salary_hike_no_attrition_no_department,isotonic,6,160,3,3,1.0344129447654856e-08,0.8866396669418447,0.11336032271402581
manuscript_final_20260712T175019Z_c664ef152ff3,c664ef152ff3a9eef89c53a403b9c2e6f677340bea0307b02d97d07cc54bdfc3,no_salary_hike_no_attrition_no_department,isotonic,6,162,2,2,0.8411522633744856,0.060082304526748974,0.09876543209876543
manuscript_final_20260712T175019Z_c664ef152ff3,c664ef152ff3a9eef89c53a403b9c2e6f677340bea0307b02d97d07cc54bdfc3,no_salary_hike_no_attrition_no_department,isotonic,6,184,3,3,1.0087172999120672e-08,0.8630136899247686,0.1369862999880585
manuscript_final_20260712T175019Z_c664ef152ff3,c664ef152ff3a9eef89c53a403b9c2e6f677340bea0307b02d97d07cc54bdfc3,no_salary_hike_no_attrition_no_department,isotonic,6,224,3,3,1.0087172999120672e-08,0.8630136899247686,0.1369862999880585
manuscript_final_20260712T175019Z_c664ef152ff3,c664ef152ff3a9eef89c53a403b9c2e6f677340bea0307b02d97d07cc54bdfc3,no_salary_hike_no_attrition_no_department,isotonic,6,227,2,2,0.9333333240000001,0.06666666600000001,9.999999900000002e-09
manuscript_final_20260712T175019Z_c664ef152ff3,c664ef152ff3a9eef89c53a403b9c2e6f677340bea0307b02d97d07cc54bdfc3,no_salary_hike_no_attrition_no_department,isotonic,6,232,3,3,1.0853411873947573e-08,0.9302924463383634,0.06970754280822469
manuscript_final_20260712T175019Z_c664ef152ff3,c664ef152ff3a9eef89c53a403b9c2e6f677340bea0307b02d97d07cc54bdfc3,no_salary_hike_no_attrition_no_department,isotonic,6,240,2,2,0.9333333240000001,0.06666666600000001,9.999999900000002e-09
manuscript_final_20260712T175019Z_c664ef152ff3,c664ef152ff3a9eef89c53a403b9c2e6f677340bea0307b02d97d07cc54bdfc3,no_salary_hike_no_attrition_no_department,isotonic,6,253,4,2,0.8411522633744856,0.060082304526748974,0.09876543209876543
manuscript_final_20260712T175019Z_c664ef152ff3,c664ef152ff3a9eef89c53a403b9c2e6f677340bea0307b02d97d07cc54bdfc3,no_salary_hike_no_attrition_no_department,isotonic,6,258,3,3,0.1259524179754315,0.7543150365417509,0.1197325454828176
manuscript_final_20260712T175019Z_c664ef152ff3,c664ef152ff3a9eef89c53a403b9c2e6f677340bea0307b02d97d07cc54bdfc3,no_salary_hike_no_attrition_no_department,isotonic,6,264,3,3,1.0344129447654856e-08,0.8866396669418447,0.11336032271402581
manuscript_final_20260712T175019Z_c664ef152ff3,c664ef152ff3a9eef89c53a403b9c2e6f677340bea0307b02d97d07cc54bdfc3,no_salary_hike_no_attrition_no_department,isotonic,6,273,3,3,9.9999999e-09,0.799999992,0.199999998
manuscript_final_20260712T175019Z_c664ef152ff3,c664ef152ff3a9eef89c53a403b9c2e6f677340bea0307b02d97d07cc54bdfc3,no_salary_hike_no_attrition_no_department,isotonic,6,286,3,3,1.0087172999120672e-08,0.8630136899247686,0.1369862999880585
manuscript_final_20260712T175019Z_c664ef152ff3,c664ef152ff3a9eef89c53a403b9c2e6f677340bea0307b02d97d07cc54bdfc3,no_salary_hike_no_attrition_no_department,isotonic,6,287,4,3,1.0344129447654856e-08,0.8866396669418447,0.11336032271402581
manuscript_final_20260712T175019Z_c664ef152ff3,c664ef152ff3a9eef89c53a403b9c2e6f677340bea0307b02d97d07cc54bdfc3,no_salary_hike_no_attrition_no_department,isotonic,6,298,3,3,1.0087172999120672e-08,0.8630136899247686,0.1369862999880585
manuscript_final_20260712T175019Z_c664ef152ff3,c664ef152ff3a9eef89c53a403b9c2e6f677340bea0307b02d97d07cc54bdfc3,no_salary_hike_no_attrition_no_department,isotonic,6,302,4,3,9.90173394724634e-09,0.8019653111533391,0.19803467894492677
manuscript_final_20260712T175019Z_c664ef152ff3,c664ef152ff3a9eef89c53a403b9c2e6f677340bea0307b02d97d07cc54bdfc3,no_salary_hike_no_attrition_no_department,isotonic,6,307,2,2,0.8666666666666667,0.06190476190476191,0.07142857142857144
manuscript_final_20260712T175019Z_c664ef152ff3,c664ef152ff3a9eef89c53a403b9c2e6f677340bea0307b02d97d07cc54bdfc3,no_salary_hike_no_attrition_no_department,isotonic,6,313,3,3,1.0344129447654856e-08,0.8866396669418447,0.11336032271402581
manuscript_final_20260712T175019Z_c664ef152ff3,c664ef152ff3a9eef89c53a403b9c2e6f677340bea0307b02d97d07cc54bdfc3,no_salary_hike_no_attrition_no_department,isotonic,6,317,3,3,1.0405405297132945e-08,0.8513513424926955,0.1486486471018992
manuscript_final_20260712T175019Z_c664ef152ff3,c664ef152ff3a9eef89c53a403b9c2e6f677340bea0307b02d97d07cc54bdfc3,no_salary_hike_no_attrition_no_department,isotonic,6,319,3,3,1.0087172999120672e-08,0.8630136899247686,0.1369862999880585
manuscript_final_20260712T175019Z_c664ef152ff3,c664ef152ff3a9eef89c53a403b9c2e6f677340bea0307b02d97d07cc54bdfc3,no_salary_hike_no_attrition_no_department,isotonic,6,345,3,3,1.0087172999120672e-08,0.8630136899247686,0.1369862999880585
manuscript_final_20260712T175019Z_c664ef152ff3,c664ef152ff3a9eef89c53a403b9c2e6f677340bea0307b02d97d07cc54bdfc3,no_salary_hike_no_attrition_no_department,isotonic,6,355,3,3,1.0344129447654856e-08,0.8866396669418447,0.11336032271402581
manuscript_final_20260712T175019Z_c664ef152ff3,c664ef152ff3a9eef89c53a403b9c2e6f677340bea0307b02d97d07cc54bdfc3,no_salary_hike_no_attrition_no_department,isotonic,6,356,3,3,9.285714199489798e-09,0.9285714199489797,0.07142857076530613
manuscript_final_20260712T175019Z_c664ef152ff3,c664ef152ff3a9eef89c53a403b9c2e6f677340bea0307b02d97d07cc54bdfc3,no_salary_hike_no_attrition_no_department,isotonic,6,370,2,2,0.8411522633744856,0.060082304526748974,0.09876543209876543
manuscript_final_20260712T175019Z_c664ef152ff3,c664ef152ff3a9eef89c53a403b9c2e6f677340bea0307b02d97d07cc54bdfc3,no_salary_hike_no_attrition_no_department,isotonic,6,380,3,2,0.9333333240000001,0.06666666600000001,9.999999900000002e-09
manuscript_final_20260712T175019Z_c664ef152ff3,c664ef152ff3a9eef89c53a403b9c2e6f677340bea0307b02d97d07cc54bdfc3,no_salary_hike_no_attrition_no_department,isotonic,6,398,2,2,0.8411522633744856,0.060082304526748974,0.09876543209876543
manuscript_final_20260712T175019Z_c664ef152ff3,c664ef152ff3a9eef89c53a403b9c2e6f677340bea0307b02d97d07cc54bdfc3,no_salary_hike_no_attrition_no_department,isotonic,6,437,3,3,1.0087172999120672e-08,0.8630136899247686,0.1369862999880585
manuscript_final_20260712T175019Z_c664ef152ff3,c664ef152ff3a9eef89c53a403b9c2e6f677340bea0307b02d97d07cc54bdfc3,no_salary_hike_no_attrition_no_department,isotonic,6,442,3,3,9.9999999e-09,0.799999992,0.199999998
manuscript_final_20260712T175019Z_c664ef152ff3,c664ef152ff3a9eef89c53a403b9c2e6f677340bea0307b02d97d07cc54bdfc3,no_salary_hike_no_attrition_no_department,isotonic,6,460,3,3,1.0087172999120672e-08,0.8630136899247686,0.1369862999880585
manuscript_final_20260712T175019Z_c664ef152ff3,c664ef152ff3a9eef89c53a403b9c2e6f677340bea0307b02d97d07cc54bdfc3,no_salary_hike_no_attrition_no_department,isotonic,6,466,2,2,0.9333333240000001,0.06666666600000001,9.999999900000002e-09
manuscript_final_20260712T175019Z_c664ef152ff3,c664ef152ff3a9eef89c53a403b9c2e6f677340bea0307b02d97d07cc54bdfc3,no_salary_hike_no_attrition_no_department,isotonic,6,482,2,2,0.8411522633744856,0.060082304526748974,0.09876543209876543
manuscript_final_20260712T175019Z_c664ef152ff3,c664ef152ff3a9eef89c53a403b9c2e6f677340bea0307b02d97d07cc54bdfc3,no_salary_hike_no_attrition_no_department,isotonic,6,485,2,2,0.8411522633744856,0.060082304526748974,0.09876543209876543
manuscript_final_20260712T175019Z_c664ef152ff3,c664ef152ff3a9eef89c53a403b9c2e6f677340bea0307b02d97d07cc54bdfc3,no_salary_hike_no_attrition_no_department,isotonic,6,497,3,3,1.0087172999120672e-08,0.8630136899247686,0.1369862999880585
manuscript_final_20260712T175019Z_c664ef152ff3,c664ef152ff3a9eef89c53a403b9c2e6f677340bea0307b02d97d07cc54bdfc3,no_salary_hike_no_attrition_no_department,isotonic,6,515,2,2,0.8666666666666667,0.06190476190476191,0.07142857142857144
manuscript_final_20260712T175019Z_c664ef152ff3,c664ef152ff3a9eef89c53a403b9c2e6f677340bea0307b02d97d07cc54bdfc3,no_salary_hike_no_attrition_no_department,isotonic,6,520,2,2,0.7809016470447302,0.2190983442054979,8.749772008458819e-09
manuscript_final_20260712T175019Z_c664ef152ff3,c664ef152ff3a9eef89c53a403b9c2e6f677340bea0307b02d97d07cc54bdfc3,no_salary_hike_no_attrition_no_department,isotonic,6,523,3,3,1.0087172999120672e-08,0.8630136899247686,0.1369862999880585
manuscript_final_20260712T175019Z_c664ef152ff3,c664ef152ff3a9eef89c53a403b9c2e6f677340bea0307b02d97d07cc54bdfc3,no_salary_hike_no_attrition_no_department,isotonic,6,531,3,3,1.0087172999120672e-08,0.8630136899247686,0.1369862999880585
manuscript_final_20260712T175019Z_c664ef152ff3,c664ef152ff3a9eef89c53a403b9c2e6f677340bea0307b02d97d07cc54bdfc3,no_salary_hike_no_attrition_no_department,isotonic,6,535,3,3,1.0087172999120672e-08,0.8630136899247686,0.1369862999880585
manuscript_final_20260712T175019Z_c664ef152ff3,c664ef152ff3a9eef89c53a403b9c2e6f677340bea0307b02d97d07cc54bdfc3,no_salary_hike_no_attrition_no_department,isotonic,6,551,3,3,1.0087172999120672e-08,0.8630136899247686,0.1369862999880585
manuscript_final_20260712T175019Z_c664ef152ff3,c664ef152ff3a9eef89c53a403b9c2e6f677340bea0307b02d97d07cc54bdfc3,no_salary_hike_no_attrition_no_department,isotonic,6,554,3,3,1.0087172999120672e-08,0.8630136899247686,0.1369862999880585
manuscript_final_20260712T175019Z_c664ef152ff3,c664ef152ff3a9eef89c53a403b9c2e6f677340bea0307b02d97d07cc54bdfc3,no_salary_hike_no_attrition_no_department,isotonic,6,559,3,3,1.0087172999120672e-08,0.8630136899247686,0.1369862999880585
manuscript_final_20260712T175019Z_c664ef152ff3,c664ef152ff3a9eef89c53a403b9c2e6f677340bea0307b02d97d07cc54bdfc3,no_salary_hike_no_attrition_no_department,isotonic,6,591,4,3,1.0344129447654856e-08,0.8866396669418447,0.11336032271402581
manuscript_final_20260712T175019Z_c664ef152ff3,c664ef152ff3a9eef89c53a403b9c2e6f677340bea0307b02d97d07cc54bdfc3,no_salary_hike_no_attrition_no_department,isotonic,6,598,3,3,1.0087172999120672e-08,0.8630136899247686,0.1369862999880585
manuscript_final_20260712T175019Z_c664ef152ff3,c664ef152ff3a9eef89c53a403b9c2e6f677340bea0307b02d97d07cc54bdfc3,no_salary_hike_no_attrition_no_department,isotonic,6,602,3,3,1.0344129447654856e-08,0.8866396669418447,0.11336032271402581
manuscript_final_20260712T175019Z_c664ef152ff3,c664ef152ff3a9eef89c53a403b9c2e6f677340bea0307b02d97d07cc54bdfc3,no_salary_hike_no_attrition_no_department,isotonic,6,614,2,2,0.9333333240000001,0.06666666600000001,9.999999900000002e-09
manuscript_final_20260712T175019Z_c664ef152ff3,c664ef152ff3a9eef89c53a403b9c2e6f677340bea0307b02d97d07cc54bdfc3,no_salary_hike_no_attrition_no_department,isotonic,6,617,3,3,1.0344129447654856e-08,0.8866396669418447,0.11336032271402581
manuscript_final_20260712T175019Z_c664ef152ff3,c664ef152ff3a9eef89c53a403b9c2e6f677340bea0307b02d97d07cc54bdfc3,no_salary_hike_no_attrition_no_department,isotonic,6,619,3,3,9.523809433106576e-09,0.761904754648526,0.23809523582766437
manuscript_final_20260712T175019Z_c664ef152ff3,c664ef152ff3a9eef89c53a403b9c2e6f677340bea0307b02d97d07cc54bdfc3,no_salary_hike_no_attrition_no_department,isotonic,6,620,2,2,0.8411522633744856,0.060082304526748974,0.09876543209876543
manuscript_final_20260712T175019Z_c664ef152ff3,c664ef152ff3a9eef89c53a403b9c2e6f677340bea0307b02d97d07cc54bdfc3,no_salary_hike_no_attrition_no_department,isotonic,6,632,4,3,1.0344129447654856e-08,0.8866396669418447,0.11336032271402581
manuscript_final_20260712T175019Z_c664ef152ff3,c664ef152ff3a9eef89c53a403b9c2e6f677340bea0307b02d97d07cc54bdfc3,no_salary_hike_no_attrition_no_department,isotonic,6,669,3,3,1.0361141668391893e-08,0.8864532316290841,0.11354675800977417
manuscript_final_20260712T175019Z_c664ef152ff3,c664ef152ff3a9eef89c53a403b9c2e6f677340bea0307b02d97d07cc54bdfc3,no_salary_hike_no_attrition_no_department,isotonic,6,678,3,3,1.0344129447654856e-08,0.8866396669418447,0.11336032271402581
manuscript_final_20260712T175019Z_c664ef152ff3,c664ef152ff3a9eef89c53a403b9c2e6f677340bea0307b02d97d07cc54bdfc3,no_salary_hike_no_attrition_no_department,isotonic,6,693,3,3,1.0087172999120672e-08,0.8630136899247686,0.1369862999880585
manuscript_final_20260712T175019Z_c664ef152ff3,c664ef152ff3a9eef89c53a403b9c2e6f677340bea0307b02d97d07cc54bdfc3,no_salary_hike_no_attrition_no_department,isotonic,6,696,4,3,1.0087172999120672e-08,0.8630136899247686,0.1369862999880585
manuscript_final_20260712T175019Z_c664ef152ff3,c664ef152ff3a9eef89c53a403b9c2e6f677340bea0307b02d97d07cc54bdfc3,no_salary_hike_no_attrition_no_department,isotonic,6,698,2,2,0.9333333240000001,0.06666666600000001,9.999999900000002e-09
manuscript_final_20260712T175019Z_c664ef152ff3,c664ef152ff3a9eef89c53a403b9c2e6f677340bea0307b02d97d07cc54bdfc3,no_salary_hike_no_attrition_no_department,isotonic,6,699,2,2,0.8411522633744856,0.060082304526748974,0.09876543209876543
manuscript_final_20260712T175019Z_c664ef152ff3,c664ef152ff3a9eef89c53a403b9c2e6f677340bea0307b02d97d07cc54bdfc3,no_salary_hike_no_attrition_no_department,isotonic,6,704,3,3,1.0405405297132945e-08,0.8513513424926955,0.1486486471018992
manuscript_final_20260712T175019Z_c664ef152ff3,c664ef152ff3a9eef89c53a403b9c2e6f677340bea0307b02d97d07cc54bdfc3,no_salary_hike_no_attrition_no_department,isotonic,6,707,4,3,1.0087172999120672e-08,0.8630136899247686,0.1369862999880585
manuscript_final_20260712T175019Z_c664ef152ff3,c664ef152ff3a9eef89c53a403b9c2e6f677340bea0307b02d97d07cc54bdfc3,no_salary_hike_no_attrition_no_department,isotonic,6,713,3,3,1.0087172999120672e-08,0.8630136899247686,0.1369862999880585
manuscript_final_20260712T175019Z_c664ef152ff3,c664ef152ff3a9eef89c53a403b9c2e6f677340bea0307b02d97d07cc54bdfc3,no_salary_hike_no_attrition_no_department,isotonic,6,758,2,2,0.9333333240000001,0.06666666600000001,9.999999900000002e-09
manuscript_final_20260712T175019Z_c664ef152ff3,c664ef152ff3a9eef89c53a403b9c2e6f677340bea0307b02d97d07cc54bdfc3,no_salary_hike_no_attrition_no_department,isotonic,6,769,4,3,1.0087172999120672e-08,0.8630136899247686,0.1369862999880585
manuscript_final_20260712T175019Z_c664ef152ff3,c664ef152ff3a9eef89c53a403b9c2e6f677340bea0307b02d97d07cc54bdfc3,no_salary_hike_no_attrition_no_department,isotonic,6,776,3,3,1.0087172999120672e-08,0.8630136899247686,0.1369862999880585
manuscript_final_20260712T175019Z_c664ef152ff3,c664ef152ff3a9eef89c53a403b9c2e6f677340bea0307b02d97d07cc54bdfc3,no_salary_hike_no_attrition_no_department,isotonic,6,785,3,3,0.12893223698412387,0.7721608414938085,0.09890692152206762
manuscript_final_20260712T175019Z_c664ef152ff3,c664ef152ff3a9eef89c53a403b9c2e6f677340bea0307b02d97d07cc54bdfc3,no_salary_hike_no_attrition_no_department,isotonic,6,790,3,3,1.0087172999120672e-08,0.8630136899247686,0.1369862999880585
manuscript_final_20260712T175019Z_c664ef152ff3,c664ef152ff3a9eef89c53a403b9c2e6f677340bea0307b02d97d07cc54bdfc3,no_salary_hike_no_attrition_no_department,isotonic,6,792,3,3,1.0344129447654856e-08,0.8866396669418447,0.11336032271402581
manuscript_final_20260712T175019Z_c664ef152ff3,c664ef152ff3a9eef89c53a403b9c2e6f677340bea0307b02d97d07cc54bdfc3,no_salary_hike_no_attrition_no_department,isotonic,6,811,3,3,1.0344129447654856e-08,0.8866396669418447,0.11336032271402581
manuscript_final_20260712T175019Z_c664ef152ff3,c664ef152ff3a9eef89c53a403b9c2e6f677340bea0307b02d97d07cc54bdfc3,no_salary_hike_no_attrition_no_department,isotonic,6,821,3,3,0.2618941716445126,0.6390690657989988,0.09903676255648858
manuscript_final_20260712T175019Z_c664ef152ff3,c664ef152ff3a9eef89c53a403b9c2e6f677340bea0307b02d97d07cc54bdfc3,no_salary_hike_no_attrition_no_department,isotonic,6,842,2,2,0.9339621282601152,0.06603786183420556,9.905679275130833e-09
manuscript_final_20260712T175019Z_c664ef152ff3,c664ef152ff3a9eef89c53a403b9c2e6f677340bea0307b02d97d07cc54bdfc3,no_salary_hike_no_attrition_no_department,isotonic,6,856,3,3,1.0344129447654856e-08,0.8866396669418447,0.11336032271402581
manuscript_final_20260712T175019Z_c664ef152ff3,c664ef152ff3a9eef89c53a403b9c2e6f677340bea0307b02d97d07cc54bdfc3,no_salary_hike_no_attrition_no_department,isotonic,6,874,3,3,1.0087172999120672e-08,0.8630136899247686,0.1369862999880585
manuscript_final_20260712T175019Z_c664ef152ff3,c664ef152ff3a9eef89c53a403b9c2e6f677340bea0307b02d97d07cc54bdfc3,no_salary_hike_no_attrition_no_department,isotonic,6,886,3,3,1.0087172999120672e-08,0.8630136899247686,0.1369862999880585
manuscript_final_20260712T175019Z_c664ef152ff3,c664ef152ff3a9eef89c53a403b9c2e6f677340bea0307b02d97d07cc54bdfc3,no_salary_hike_no_attrition_no_department,isotonic,6,887,2,2,0.9333333240000001,0.06666666600000001,9.999999900000002e-09
manuscript_final_20260712T175019Z_c664ef152ff3,c664ef152ff3a9eef89c53a403b9c2e6f677340bea0307b02d97d07cc54bdfc3,no_salary_hike_no_attrition_no_department,isotonic,6,901,4,3,1.0087172999120672e-08,0.8630136899247686,0.1369862999880585
manuscript_final_20260712T175019Z_c664ef152ff3,c664ef152ff3a9eef89c53a403b9c2e6f677340bea0307b02d97d07cc54bdfc3,no_salary_hike_no_attrition_no_department,isotonic,6,904,4,3,1.212848216358817e-08,0.6967879337818136,0.30321205408970425
manuscript_final_20260712T175019Z_c664ef152ff3,c664ef152ff3a9eef89c53a403b9c2e6f677340bea0307b02d97d07cc54bdfc3,no_salary_hike_no_attrition_no_department,isotonic,6,931,3,3,1.0087172999120672e-08,0.8630136899247686,0.1369862999880585
manuscript_final_20260712T175019Z_c664ef152ff3,c664ef152ff3a9eef89c53a403b9c2e6f677340bea0307b02d97d07cc54bdfc3,no_salary_hike_no_attrition_no_department,isotonic,6,934,3,3,1.0344129447654856e-08,0.8866396669418447,0.11336032271402581
manuscript_final_20260712T175019Z_c664ef152ff3,c664ef152ff3a9eef89c53a403b9c2e6f677340bea0307b02d97d07cc54bdfc3,no_salary_hike_no_attrition_no_department,isotonic,6,935,3,3,1.0087172999120672e-08,0.8630136899247686,0.1369862999880585
manuscript_final_20260712T175019Z_c664ef152ff3,c664ef152ff3a9eef89c53a403b9c2e6f677340bea0307b02d97d07cc54bdfc3,no_salary_hike_no_attrition_no_department,isotonic,6,968,3,3,1.0087172999120672e-08,0.8630136899247686,0.1369862999880585
manuscript_final_20260712T175019Z_c664ef152ff3,c664ef152ff3a9eef89c53a403b9c2e6f677340bea0307b02d97d07cc54bdfc3,no_salary_hike_no_attrition_no_department,isotonic,6,970,3,3,1.0344129447654856e-08,0.8866396669418447,0.11336032271402581
manuscript_final_20260712T175019Z_c664ef152ff3,c664ef152ff3a9eef89c53a403b9c2e6f677340bea0307b02d97d07cc54bdfc3,no_salary_hike_no_attrition_no_department,isotonic,6,993,3,3,1.0344129447654856e-08,0.8866396669418447,0.11336032271402581
manuscript_final_20260712T175019Z_c664ef152ff3,c664ef152ff3a9eef89c53a403b9c2e6f677340bea0307b02d97d07cc54bdfc3,no_salary_hike_no_attrition_no_department,isotonic,6,1011,3,3,9.9999999e-09,0.799999992,0.199999998
manuscript_final_20260712T175019Z_c664ef152ff3,c664ef152ff3a9eef89c53a403b9c2e6f677340bea0307b02d97d07cc54bdfc3,no_salary_hike_no_attrition_no_department,isotonic,6,1031,3,3,1.0087172999120672e-08,0.8630136899247686,0.1369862999880585
manuscript_final_20260712T175019Z_c664ef152ff3,c664ef152ff3a9eef89c53a403b9c2e6f677340bea0307b02d97d07cc54bdfc3,no_salary_hike_no_attrition_no_department,isotonic,6,1040,3,3,1.0087172999120672e-08,0.8630136899247686,0.1369862999880585
manuscript_final_20260712T175019Z_c664ef152ff3,c664ef152ff3a9eef89c53a403b9c2e6f677340bea0307b02d97d07cc54bdfc3,no_salary_hike_no_attrition_no_department,isotonic,6,1047,3,3,1.0344129447654856e-08,0.8866396669418447,0.11336032271402581
manuscript_final_20260712T175019Z_c664ef152ff3,c664ef152ff3a9eef89c53a403b9c2e6f677340bea0307b02d97d07cc54bdfc3,no_salary_hike_no_attrition_no_department,isotonic,6,1050,3,3,1.0087172999120672e-08,0.8630136899247686,0.1369862999880585
manuscript_final_20260712T175019Z_c664ef152ff3,c664ef152ff3a9eef89c53a403b9c2e6f677340bea0307b02d97d07cc54bdfc3,no_salary_hike_no_attrition_no_department,isotonic,6,1054,3,3,1.0087172999120672e-08,0.8630136899247686,0.1369862999880585
manuscript_final_20260712T175019Z_c664ef152ff3,c664ef152ff3a9eef89c53a403b9c2e6f677340bea0307b02d97d07cc54bdfc3,no_salary_hike_no_attrition_no_department,isotonic,6,1060,3,3,1.0087172999120672e-08,0.8630136899247686,0.1369862999880585
manuscript_final_20260712T175019Z_c664ef152ff3,c664ef152ff3a9eef89c53a403b9c2e6f677340bea0307b02d97d07cc54bdfc3,no_salary_hike_no_attrition_no_department,isotonic,6,1077,3,3,1.0344129447654856e-08,0.8866396669418447,0.11336032271402581
manuscript_final_20260712T175019Z_c664ef152ff3,c664ef152ff3a9eef89c53a403b9c2e6f677340bea0307b02d97d07cc54bdfc3,no_salary_hike_no_attrition_no_department,isotonic,6,1078,3,3,1.0405405297132945e-08,0.8513513424926955,0.1486486471018992
manuscript_final_20260712T175019Z_c664ef152ff3,c664ef152ff3a9eef89c53a403b9c2e6f677340bea0307b02d97d07cc54bdfc3,no_salary_hike_no_attrition_no_department,isotonic,6,1079,4,3,9.9999999e-09,0.799999992,0.199999998
manuscript_final_20260712T175019Z_c664ef152ff3,c664ef152ff3a9eef89c53a403b9c2e6f677340bea0307b02d97d07cc54bdfc3,no_salary_hike_no_attrition_no_department,isotonic,6,1086,2,3,1.0344129447654856e-08,0.8866396669418447,0.11336032271402581
manuscript_final_20260712T175019Z_c664ef152ff3,c664ef152ff3a9eef89c53a403b9c2e6f677340bea0307b02d97d07cc54bdfc3,no_salary_hike_no_attrition_no_department,isotonic,6,1096,3,3,1.0344129447654856e-08,0.8866396669418447,0.11336032271402581
manuscript_final_20260712T175019Z_c664ef152ff3,c664ef152ff3a9eef89c53a403b9c2e6f677340bea0307b02d97d07cc54bdfc3,no_salary_hike_no_attrition_no_department,isotonic,6,1110,3,3,0.26431863067807765,0.6487820934825543,0.08689927583936799
manuscript_final_20260712T175019Z_c664ef152ff3,c664ef152ff3a9eef89c53a403b9c2e6f677340bea0307b02d97d07cc54bdfc3,no_salary_hike_no_attrition_no_department,isotonic,6,1112,3,3,1.0344129447654856e-08,0.8866396669418447,0.11336032271402581
manuscript_final_20260712T175019Z_c664ef152ff3,c664ef152ff3a9eef89c53a403b9c2e6f677340bea0307b02d97d07cc54bdfc3,no_salary_hike_no_attrition_no_department,isotonic,6,1130,3,3,1.0361141668391893e-08,0.8864532316290841,0.11354675800977417
manuscript_final_20260712T175019Z_c664ef152ff3,c664ef152ff3a9eef89c53a403b9c2e6f677340bea0307b02d97d07cc54bdfc3,no_salary_hike_no_attrition_no_department,isotonic,6,1133,3,3,1.0087172999120672e-08,0.8630136899247686,0.1369862999880585
manuscript_final_20260712T175019Z_c664ef152ff3,c664ef152ff3a9eef89c53a403b9c2e6f677340bea0307b02d97d07cc54bdfc3,no_salary_hike_no_attrition_no_department,isotonic,6,1146,3,3,1.0344129447654856e-08,0.8866396669418447,0.11336032271402581
manuscript_final_20260712T175019Z_c664ef152ff3,c664ef152ff3a9eef89c53a403b9c2e6f677340bea0307b02d97d07cc54bdfc3,no_salary_hike_no_attrition_no_department,isotonic,6,1148,3,3,1.0405405297132945e-08,0.8513513424926955,0.1486486471018992
manuscript_final_20260712T175019Z_c664ef152ff3,c664ef152ff3a9eef89c53a403b9c2e6f677340bea0307b02d97d07cc54bdfc3,no_salary_hike_no_attrition_no_department,isotonic,6,1153,3,3,1.0087172999120672e-08,0.8630136899247686,0.1369862999880585
manuscript_final_20260712T175019Z_c664ef152ff3,c664ef152ff3a9eef89c53a403b9c2e6f677340bea0307b02d97d07cc54bdfc3,no_salary_hike_no_attrition_no_department,isotonic,6,1161,3,3,1.0361141668391893e-08,0.8864532316290841,0.11354675800977417
manuscript_final_20260712T175019Z_c664ef152ff3,c664ef152ff3a9eef89c53a403b9c2e6f677340bea0307b02d97d07cc54bdfc3,no_salary_hike_no_attrition_no_department,isotonic,6,1170,3,3,1.0087172999120672e-08,0.8630136899247686,0.1369862999880585
manuscript_final_20260712T175019Z_c664ef152ff3,c664ef152ff3a9eef89c53a403b9c2e6f677340bea0307b02d97d07cc54bdfc3,no_salary_hike_no_attrition_no_department,isotonic,6,1181,3,2,0.8547651805074191,0.09944520518367204,0.045789614308908946
manuscript_final_20260712T175019Z_c664ef152ff3,c664ef152ff3a9eef89c53a403b9c2e6f677340bea0307b02d97d07cc54bdfc3,no_salary_hike_no_attrition_no_department,isotonic,6,1184,3,3,1.0087172999120672e-08,0.8630136899247686,0.1369862999880585
manuscript_final_20260712T175019Z_c664ef152ff3,c664ef152ff3a9eef89c53a403b9c2e6f677340bea0307b02d97d07cc54bdfc3,no_salary_hike_no_attrition_no_department,raw,7,18,4,3,0.0013411773149554426,0.9935216662719789,0.005137156413065621
manuscript_final_20260712T175019Z_c664ef152ff3,c664ef152ff3a9eef89c53a403b9c2e6f677340bea0307b02d97d07cc54bdfc3,no_salary_hike_no_attrition_no_department,raw,7,32,3,3,0.020887622609734535,0.9534531831741333,0.025659194216132164
manuscript_final_20260712T175019Z_c664ef152ff3,c664ef152ff3a9eef89c53a403b9c2e6f677340bea0307b02d97d07cc54bdfc3,no_salary_hike_no_attrition_no_department,raw,7,35,3,3,0.029311469288817588,0.9582786115731452,0.01240991913803725
manuscript_final_20260712T175019Z_c664ef152ff3,c664ef152ff3a9eef89c53a403b9c2e6f677340bea0307b02d97d07cc54bdfc3,no_salary_hike_no_attrition_no_department,raw,7,49,3,3,0.0021029135163859658,0.9112670794867345,0.08663000699687966
manuscript_final_20260712T175019Z_c664ef152ff3,c664ef152ff3a9eef89c53a403b9c2e6f677340bea0307b02d97d07cc54bdfc3,no_salary_hike_no_attrition_no_department,raw,7,50,3,3,0.001892362363867298,0.6957182258202724,0.30238941181586027
manuscript_final_20260712T175019Z_c664ef152ff3,c664ef152ff3a9eef89c53a403b9c2e6f677340bea0307b02d97d07cc54bdfc3,no_salary_hike_no_attrition_no_department,raw,7,53,3,3,0.0004712358588571193,0.9144782291024492,0.08505053503869366
manuscript_final_20260712T175019Z_c664ef152ff3,c664ef152ff3a9eef89c53a403b9c2e6f677340bea0307b02d97d07cc54bdfc3,no_salary_hike_no_attrition_no_department,raw,7,55,3,3,0.004456772936720761,0.8481377367154406,0.14740549034783873
manuscript_final_20260712T175019Z_c664ef152ff3,c664ef152ff3a9eef89c53a403b9c2e6f677340bea0307b02d97d07cc54bdfc3,no_salary_hike_no_attrition_no_department,raw,7,58,3,3,0.0008832998090934045,0.8660006024373065,0.13311609775360014
manuscript_final_20260712T175019Z_c664ef152ff3,c664ef152ff3a9eef89c53a403b9c2e6f677340bea0307b02d97d07cc54bdfc3,no_salary_hike_no_attrition_no_department,raw,7,79,3,3,0.0007467642785579622,0.985566825047381,0.013686410674061122
manuscript_final_20260712T175019Z_c664ef152ff3,c664ef152ff3a9eef89c53a403b9c2e6f677340bea0307b02d97d07cc54bdfc3,no_salary_hike_no_attrition_no_department,raw,7,92,3,2,0.8840955117080421,0.10769670740324208,0.008207780888715833
manuscript_final_20260712T175019Z_c664ef152ff3,c664ef152ff3a9eef89c53a403b9c2e6f677340bea0307b02d97d07cc54bdfc3,no_salary_hike_no_attrition_no_department,raw,7,94,3,3,0.18286985976412265,0.7656063779714575,0.051523762264419896
manuscript_final_20260712T175019Z_c664ef152ff3,c664ef152ff3a9eef89c53a403b9c2e6f677340bea0307b02d97d07cc54bdfc3,no_salary_hike_no_attrition_no_department,raw,7,97,3,3,0.0019293647067796056,0.8237237749058063,0.17434686038741415
manuscript_final_20260712T175019Z_c664ef152ff3,c664ef152ff3a9eef89c53a403b9c2e6f677340bea0307b02d97d07cc54bdfc3,no_salary_hike_no_attrition_no_department,raw,7,103,3,3,0.018331215673334164,0.9605612623963371,0.0211075219303287
manuscript_final_20260712T175019Z_c664ef152ff3,c664ef152ff3a9eef89c53a403b9c2e6f677340bea0307b02d97d07cc54bdfc3,no_salary_hike_no_attrition_no_department,raw,7,106,3,3,0.0011231958943183332,0.9518546128633366,0.047022191242345066
manuscript_final_20260712T175019Z_c664ef152ff3,c664ef152ff3a9eef89c53a403b9c2e6f677340bea0307b02d97d07cc54bdfc3,no_salary_hike_no_attrition_no_department,raw,7,123,3,3,0.0024874999914172805,0.6640200684501099,0.3334924315584729
manuscript_final_20260712T175019Z_c664ef152ff3,c664ef152ff3a9eef89c53a403b9c2e6f677340bea0307b02d97d07cc54bdfc3,no_salary_hike_no_attrition_no_department,raw,7,130,3,3,0.01195305846333318,0.9801872217439276,0.007859719792739268
manuscript_final_20260712T175019Z_c664ef152ff3,c664ef152ff3a9eef89c53a403b9c2e6f677340bea0307b02d97d07cc54bdfc3,no_salary_hike_no_attrition_no_department,raw,7,140,3,3,0.022308673294099544,0.9501234712056169,0.02756785550028355
manuscript_final_20260712T175019Z_c664ef152ff3,c664ef152ff3a9eef89c53a403b9c2e6f677340bea0307b02d97d07cc54bdfc3,no_salary_hike_no_attrition_no_department,raw,7,145,3,3,0.004800339063990354,0.785376342889923,0.20982331804608667
manuscript_final_20260712T175019Z_c664ef152ff3,c664ef152ff3a9eef89c53a403b9c2e6f677340bea0307b02d97d07cc54bdfc3,no_salary_hike_no_attrition_no_department,raw,7,161,3,3,0.002412472741481695,0.9608301677921058,0.03675735946641247
manuscript_final_20260712T175019Z_c664ef152ff3,c664ef152ff3a9eef89c53a403b9c2e6f677340bea0307b02d97d07cc54bdfc3,no_salary_hike_no_attrition_no_department,raw,7,174,3,3,0.0030919579419243894,0.9342613985930545,0.0626466434650212
manuscript_final_20260712T175019Z_c664ef152ff3,c664ef152ff3a9eef89c53a403b9c2e6f677340bea0307b02d97d07cc54bdfc3,no_salary_hike_no_attrition_no_department,raw,7,193,3,3,0.000507192078911348,0.9568005920674357,0.0426922158536529
manuscript_final_20260712T175019Z_c664ef152ff3,c664ef152ff3a9eef89c53a403b9c2e6f677340bea0307b02d97d07cc54bdfc3,no_salary_hike_no_attrition_no_department,raw,7,216,3,3,0.004028993587427886,0.531877150660692,0.4640938557518802
manuscript_final_20260712T175019Z_c664ef152ff3,c664ef152ff3a9eef89c53a403b9c2e6f677340bea0307b02d97d07cc54bdfc3,no_salary_hike_no_attrition_no_department,raw,7,221,2,2,0.9311084576177545,0.058722200689267215,0.010169341692978277
manuscript_final_20260712T175019Z_c664ef152ff3,c664ef152ff3a9eef89c53a403b9c2e6f677340bea0307b02d97d07cc54bdfc3,no_salary_hike_no_attrition_no_department,raw,7,225,4,3,0.006235508908414793,0.7880001910012275,0.2057643000903577
manuscript_final_20260712T175019Z_c664ef152ff3,c664ef152ff3a9eef89c53a403b9c2e6f677340bea0307b02d97d07cc54bdfc3,no_salary_hike_no_attrition_no_department,raw,7,229,2,2,0.7482854371797203,0.24555363561434415,0.006160927205935542
manuscript_final_20260712T175019Z_c664ef152ff3,c664ef152ff3a9eef89c53a403b9c2e6f677340bea0307b02d97d07cc54bdfc3,no_salary_hike_no_attrition_no_department,raw,7,267,3,3,0.011026949080661,0.971501682807751,0.01747136811158805
manuscript_final_20260712T175019Z_c664ef152ff3,c664ef152ff3a9eef89c53a403b9c2e6f677340bea0307b02d97d07cc54bdfc3,no_salary_hike_no_attrition_no_department,raw,7,300,3,3,0.0007441705625916788,0.6907041623461078,0.30855166709130055
manuscript_final_20260712T175019Z_c664ef152ff3,c664ef152ff3a9eef89c53a403b9c2e6f677340bea0307b02d97d07cc54bdfc3,no_salary_hike_no_attrition_no_department,raw,7,310,3,3,0.0021019334935686172,0.8804199318407878,0.11747813466564362
manuscript_final_20260712T175019Z_c664ef152ff3,c664ef152ff3a9eef89c53a403b9c2e6f677340bea0307b02d97d07cc54bdfc3,no_salary_hike_no_attrition_no_department,raw,7,315,3,3,0.0007878553881565435,0.982547783640763,0.016664360971080427
manuscript_final_20260712T175019Z_c664ef152ff3,c664ef152ff3a9eef89c53a403b9c2e6f677340bea0307b02d97d07cc54bdfc3,no_salary_hike_no_attrition_no_department,raw,7,359,4,3,0.0004875083822424644,0.9574595360123587,0.04205295560539891
manuscript_final_20260712T175019Z_c664ef152ff3,c664ef152ff3a9eef89c53a403b9c2e6f677340bea0307b02d97d07cc54bdfc3,no_salary_hike_no_attrition_no_department,raw,7,368,3,3,0.002219748855635846,0.7686843066625149,0.22909594448184933
manuscript_final_20260712T175019Z_c664ef152ff3,c664ef152ff3a9eef89c53a403b9c2e6f677340bea0307b02d97d07cc54bdfc3,no_salary_hike_no_attrition_no_department,raw,7,375,2,2,0.8636614833116235,0.1321784728312781,0.004160043857098402
manuscript_final_20260712T175019Z_c664ef152ff3,c664ef152ff3a9eef89c53a403b9c2e6f677340bea0307b02d97d07cc54bdfc3,no_salary_hike_no_attrition_no_department,raw,7,387,3,3,0.001692728609062565,0.9682576082839109,0.030049663107026517
manuscript_final_20260712T175019Z_c664ef152ff3,c664ef152ff3a9eef89c53a403b9c2e6f677340bea0307b02d97d07cc54bdfc3,no_salary_hike_no_attrition_no_department,raw,7,405,2,2,0.9684524167826619,0.029833621115702147,0.001713962101636029
manuscript_final_20260712T175019Z_c664ef152ff3,c664ef152ff3a9eef89c53a403b9c2e6f677340bea0307b02d97d07cc54bdfc3,no_salary_hike_no_attrition_no_department,raw,7,406,4,3,0.002823377276057768,0.8504589245562804,0.14671769816766192
manuscript_final_20260712T175019Z_c664ef152ff3,c664ef152ff3a9eef89c53a403b9c2e6f677340bea0307b02d97d07cc54bdfc3,no_salary_hike_no_attrition_no_department,raw,7,408,3,3,0.05658908912320029,0.8910400238221883,0.05237088705461142
manuscript_final_20260712T175019Z_c664ef152ff3,c664ef152ff3a9eef89c53a403b9c2e6f677340bea0307b02d97d07cc54bdfc3,no_salary_hike_no_attrition_no_department,raw,7,425,2,2,0.9423346072618741,0.05222699128823248,0.005438401449893438
manuscript_final_20260712T175019Z_c664ef152ff3,c664ef152ff3a9eef89c53a403b9c2e6f677340bea0307b02d97d07cc54bdfc3,no_salary_hike_no_attrition_no_department,raw,7,444,3,3,0.2989324005420096,0.6958553130193119,0.005212286438678518
manuscript_final_20260712T175019Z_c664ef152ff3,c664ef152ff3a9eef89c53a403b9c2e6f677340bea0307b02d97d07cc54bdfc3,no_salary_hike_no_attrition_no_department,raw,7,446,3,2,0.500653090540719,0.4968343103382552,0.0025125991210258993
manuscript_final_20260712T175019Z_c664ef152ff3,c664ef152ff3a9eef89c53a403b9c2e6f677340bea0307b02d97d07cc54bdfc3,no_salary_hike_no_attrition_no_department,raw,7,448,3,3,0.37331696753726484,0.6166915199870655,0.009991512475669652
manuscript_final_20260712T175019Z_c664ef152ff3,c664ef152ff3a9eef89c53a403b9c2e6f677340bea0307b02d97d07cc54bdfc3,no_salary_hike_no_attrition_no_department,raw,7,451,3,4,0.0004633221166158779,0.4477960666215745,0.5517406112618096
manuscript_final_20260712T175019Z_c664ef152ff3,c664ef152ff3a9eef89c53a403b9c2e6f677340bea0307b02d97d07cc54bdfc3,no_salary_hike_no_attrition_no_department,raw,7,461,3,3,0.001615081673793832,0.9391597467837773,0.05922517154242884
manuscript_final_20260712T175019Z_c664ef152ff3,c664ef152ff3a9eef89c53a403b9c2e6f677340bea0307b02d97d07cc54bdfc3,no_salary_hike_no_attrition_no_department,raw,7,474,3,3,0.051802507316442564,0.8980809289032671,0.05011656378029037
manuscript_final_20260712T175019Z_c664ef152ff3,c664ef152ff3a9eef89c53a403b9c2e6f677340bea0307b02d97d07cc54bdfc3,no_salary_hike_no_attrition_no_department,raw,7,475,4,3,0.003491759738251606,0.9239391611390907,0.07256907912265773
manuscript_final_20260712T175019Z_c664ef152ff3,c664ef152ff3a9eef89c53a403b9c2e6f677340bea0307b02d97d07cc54bdfc3,no_salary_hike_no_attrition_no_department,raw,7,480,3,3,0.009341860224835054,0.9687705076067541,0.021887632168410838
manuscript_final_20260712T175019Z_c664ef152ff3,c664ef152ff3a9eef89c53a403b9c2e6f677340bea0307b02d97d07cc54bdfc3,no_salary_hike_no_attrition_no_department,raw,7,481,3,3,0.0047722566852637215,0.8384794752940808,0.1567482680206555
manuscript_final_20260712T175019Z_c664ef152ff3,c664ef152ff3a9eef89c53a403b9c2e6f677340bea0307b02d97d07cc54bdfc3,no_salary_hike_no_attrition_no_department,raw,7,492,2,2,0.9581897171751133,0.038739092296263065,0.0030711905286236593
manuscript_final_20260712T175019Z_c664ef152ff3,c664ef152ff3a9eef89c53a403b9c2e6f677340bea0307b02d97d07cc54bdfc3,no_salary_hike_no_attrition_no_department,raw,7,499,3,3,0.006907609773119003,0.5954442634141172,0.3976481268127638
manuscript_final_20260712T175019Z_c664ef152ff3,c664ef152ff3a9eef89c53a403b9c2e6f677340bea0307b02d97d07cc54bdfc3,no_salary_hike_no_attrition_no_department,raw,7,501,2,2,0.8719523248614408,0.12061929287117548,0.007428382267383724
manuscript_final_20260712T175019Z_c664ef152ff3,c664ef152ff3a9eef89c53a403b9c2e6f677340bea0307b02d97d07cc54bdfc3,no_salary_hike_no_attrition_no_department,raw,7,503,3,3,0.004039730239838617,0.9841062009550332,0.011854068805128215
manuscript_final_20260712T175019Z_c664ef152ff3,c664ef152ff3a9eef89c53a403b9c2e6f677340bea0307b02d97d07cc54bdfc3,no_salary_hike_no_attrition_no_department,raw,7,505,3,3,0.0012610982234450923,0.9837214580886081,0.01501744368794679
manuscript_final_20260712T175019Z_c664ef152ff3,c664ef152ff3a9eef89c53a403b9c2e6f677340bea0307b02d97d07cc54bdfc3,no_salary_hike_no_attrition_no_department,raw,7,507,3,3,0.005006098370289278,0.9368625623524561,0.05813133927725463
manuscript_final_20260712T175019Z_c664ef152ff3,c664ef152ff3a9eef89c53a403b9c2e6f677340bea0307b02d97d07cc54bdfc3,no_salary_hike_no_attrition_no_department,raw,7,509,2,2,0.8322664410145356,0.16362806979406364,0.004105489191400701
manuscript_final_20260712T175019Z_c664ef152ff3,c664ef152ff3a9eef89c53a403b9c2e6f677340bea0307b02d97d07cc54bdfc3,no_salary_hike_no_attrition_no_department,raw,7,513,3,3,0.011251398393655378,0.9362325694492997,0.05251603215704495
manuscript_final_20260712T175019Z_c664ef152ff3,c664ef152ff3a9eef89c53a403b9c2e6f677340bea0307b02d97d07cc54bdfc3,no_salary_hike_no_attrition_no_department,raw,7,514,2,2,0.8962687008485993,0.09639930357110757,0.007331995580293065
manuscript_final_20260712T175019Z_c664ef152ff3,c664ef152ff3a9eef89c53a403b9c2e6f677340bea0307b02d97d07cc54bdfc3,no_salary_hike_no_attrition_no_department,raw,7,518,3,3,0.0011002484584071313,0.8943072238338321,0.10459252770776073
manuscript_final_20260712T175019Z_c664ef152ff3,c664ef152ff3a9eef89c53a403b9c2e6f677340bea0307b02d97d07cc54bdfc3,no_salary_hike_no_attrition_no_department,raw,7,533,3,3,0.0056036991075301395,0.7924164666454274,0.20197983424704244
manuscript_final_20260712T175019Z_c664ef152ff3,c664ef152ff3a9eef89c53a403b9c2e6f677340bea0307b02d97d07cc54bdfc3,no_salary_hike_no_attrition_no_department,raw,7,543,3,3,0.005254288013170257,0.966948593304497,0.027797118682332683
manuscript_final_20260712T175019Z_c664ef152ff3,c664ef152ff3a9eef89c53a403b9c2e6f677340bea0307b02d97d07cc54bdfc3,no_salary_hike_no_attrition_no_department,raw,7,547,2,2,0.8177779286437559,0.13612987050365705,0.04609220085258707
manuscript_final_20260712T175019Z_c664ef152ff3,c664ef152ff3a9eef89c53a403b9c2e6f677340bea0307b02d97d07cc54bdfc3,no_salary_hike_no_attrition_no_department,raw,7,548,4,3,0.0007723570624257412,0.8793127136757114,0.11991492926186288
manuscript_final_20260712T175019Z_c664ef152ff3,c664ef152ff3a9eef89c53a403b9c2e6f677340bea0307b02d97d07cc54bdfc3,no_salary_hike_no_attrition_no_department,raw,7,562,3,3,0.0007719311233969098,0.9513799942621077,0.04784807461449532
manuscript_final_20260712T175019Z_c664ef152ff3,c664ef152ff3a9eef89c53a403b9c2e6f677340bea0307b02d97d07cc54bdfc3,no_salary_hike_no_attrition_no_department,raw,7,574,2,2,0.9219445492455327,0.073377583448392,0.00467786730607528
manuscript_final_20260712T175019Z_c664ef152ff3,c664ef152ff3a9eef89c53a403b9c2e6f677340bea0307b02d97d07cc54bdfc3,no_salary_hike_no_attrition_no_department,raw,7,575,3,3,0.006819009577661467,0.7574705851831858,0.23571040523915276
manuscript_final_20260712T175019Z_c664ef152ff3,c664ef152ff3a9eef89c53a403b9c2e6f677340bea0307b02d97d07cc54bdfc3,no_salary_hike_no_attrition_no_department,raw,7,580,3,3,0.0175796734147788,0.6601973981100242,0.322222928475197
manuscript_final_20260712T175019Z_c664ef152ff3,c664ef152ff3a9eef89c53a403b9c2e6f677340bea0307b02d97d07cc54bdfc3,no_salary_hike_no_attrition_no_department,raw,7,585,3,3,0.0011424455305022382,0.8233323174735084,0.17552523699598932
manuscript_final_20260712T175019Z_c664ef152ff3,c664ef152ff3a9eef89c53a403b9c2e6f677340bea0307b02d97d07cc54bdfc3,no_salary_hike_no_attrition_no_department,raw,7,605,2,2,0.8578579566461001,0.13485500990717153,0.007287033446728339
manuscript_final_20260712T175019Z_c664ef152ff3,c664ef152ff3a9eef89c53a403b9c2e6f677340bea0307b02d97d07cc54bdfc3,no_salary_hike_no_attrition_no_department,raw,7,624,3,3,0.02195827331316235,0.9467149553208604,0.03132677136597729
manuscript_final_20260712T175019Z_c664ef152ff3,c664ef152ff3a9eef89c53a403b9c2e6f677340bea0307b02d97d07cc54bdfc3,no_salary_hike_no_attrition_no_department,raw,7,627,4,3,0.0003178635059767586,0.92721189766387,0.07247023883015319
manuscript_final_20260712T175019Z_c664ef152ff3,c664ef152ff3a9eef89c53a403b9c2e6f677340bea0307b02d97d07cc54bdfc3,no_salary_hike_no_attrition_no_department,raw,7,655,2,2,0.858664951086121,0.13236633841545858,0.008968710498420424
manuscript_final_20260712T175019Z_c664ef152ff3,c664ef152ff3a9eef89c53a403b9c2e6f677340bea0307b02d97d07cc54bdfc3,no_salary_hike_no_attrition_no_department,raw,7,661,2,2,0.5708374892050402,0.32534059397368736,0.10382191682127243
manuscript_final_20260712T175019Z_c664ef152ff3,c664ef152ff3a9eef89c53a403b9c2e6f677340bea0307b02d97d07cc54bdfc3,no_salary_hike_no_attrition_no_department,raw,7,670,3,3,0.02751707367649894,0.9403684419503344,0.03211448437316669
manuscript_final_20260712T175019Z_c664ef152ff3,c664ef152ff3a9eef89c53a403b9c2e6f677340bea0307b02d97d07cc54bdfc3,no_salary_hike_no_attrition_no_department,raw,7,690,3,3,0.010520832220693837,0.912013935074924,0.0774652327043822
manuscript_final_20260712T175019Z_c664ef152ff3,c664ef152ff3a9eef89c53a403b9c2e6f677340bea0307b02d97d07cc54bdfc3,no_salary_hike_no_attrition_no_department,raw,7,708,3,3,0.00152501349924736,0.7682622794551071,0.23021270704564564
manuscript_final_20260712T175019Z_c664ef152ff3,c664ef152ff3a9eef89c53a403b9c2e6f677340bea0307b02d97d07cc54bdfc3,no_salary_hike_no_attrition_no_department,raw,7,718,2,2,0.810549920875951,0.17685890329524057,0.012591175828808365
manuscript_final_20260712T175019Z_c664ef152ff3,c664ef152ff3a9eef89c53a403b9c2e6f677340bea0307b02d97d07cc54bdfc3,no_salary_hike_no_attrition_no_department,raw,7,726,3,3,0.00537911806538044,0.9307122299873251,0.06390865194729457
manuscript_final_20260712T175019Z_c664ef152ff3,c664ef152ff3a9eef89c53a403b9c2e6f677340bea0307b02d97d07cc54bdfc3,no_salary_hike_no_attrition_no_department,raw,7,731,4,3,0.003059270733390313,0.9426521004526328,0.0542886288139769
manuscript_final_20260712T175019Z_c664ef152ff3,c664ef152ff3a9eef89c53a403b9c2e6f677340bea0307b02d97d07cc54bdfc3,no_salary_hike_no_attrition_no_department,raw,7,736,3,3,0.0015133209301036459,0.9385703662250882,0.05991631284480821
manuscript_final_20260712T175019Z_c664ef152ff3,c664ef152ff3a9eef89c53a403b9c2e6f677340bea0307b02d97d07cc54bdfc3,no_salary_hike_no_attrition_no_department,raw,7,747,3,3,0.00436770094472518,0.704260733793201,0.2913715652620738
manuscript_final_20260712T175019Z_c664ef152ff3,c664ef152ff3a9eef89c53a403b9c2e6f677340bea0307b02d97d07cc54bdfc3,no_salary_hike_no_attrition_no_department,raw,7,754,3,3,0.0017400554851518986,0.9572022476032654,0.041057696911582724
manuscript_final_20260712T175019Z_c664ef152ff3,c664ef152ff3a9eef89c53a403b9c2e6f677340bea0307b02d97d07cc54bdfc3,no_salary_hike_no_attrition_no_department,raw,7,761,3,3,0.00582150808224784,0.755149866275322,0.23902862564243027
manuscript_final_20260712T175019Z_c664ef152ff3,c664ef152ff3a9eef89c53a403b9c2e6f677340bea0307b02d97d07cc54bdfc3,no_salary_hike_no_attrition_no_department,raw,7,771,3,3,0.002371375161125977,0.9829489729622307,0.014679651876643277
manuscript_final_20260712T175019Z_c664ef152ff3,c664ef152ff3a9eef89c53a403b9c2e6f677340bea0307b02d97d07cc54bdfc3,no_salary_hike_no_attrition_no_department,raw,7,773,2,2,0.7106358961955334,0.2851055247213823,0.004258579083084349
manuscript_final_20260712T175019Z_c664ef152ff3,c664ef152ff3a9eef89c53a403b9c2e6f677340bea0307b02d97d07cc54bdfc3,no_salary_hike_no_attrition_no_department,raw,7,774,3,3,0.0006734447759152369,0.9145560385428964,0.08477051668118844
manuscript_final_20260712T175019Z_c664ef152ff3,c664ef152ff3a9eef89c53a403b9c2e6f677340bea0307b02d97d07cc54bdfc3,no_salary_hike_no_attrition_no_department,raw,7,791,3,3,0.005210768943188996,0.987643727457724,0.007145503599087041
manuscript_final_20260712T175019Z_c664ef152ff3,c664ef152ff3a9eef89c53a403b9c2e6f677340bea0307b02d97d07cc54bdfc3,no_salary_hike_no_attrition_no_department,raw,7,830,3,3,0.0014007462706087583,0.9733168357007476,0.025282418028643776
manuscript_final_20260712T175019Z_c664ef152ff3,c664ef152ff3a9eef89c53a403b9c2e6f677340bea0307b02d97d07cc54bdfc3,no_salary_hike_no_attrition_no_department,raw,7,835,3,3,0.0003351049023546882,0.935582163971819,0.0640827311258263
manuscript_final_20260712T175019Z_c664ef152ff3,c664ef152ff3a9eef89c53a403b9c2e6f677340bea0307b02d97d07cc54bdfc3,no_salary_hike_no_attrition_no_department,raw,7,840,3,3,0.0037127651489176345,0.9555260474536905,0.0407611873973919
manuscript_final_20260712T175019Z_c664ef152ff3,c664ef152ff3a9eef89c53a403b9c2e6f677340bea0307b02d97d07cc54bdfc3,no_salary_hike_no_attrition_no_department,raw,7,855,4,3,0.0021383157398237986,0.9823916737435697,0.015470010516606467
manuscript_final_20260712T175019Z_c664ef152ff3,c664ef152ff3a9eef89c53a403b9c2e6f677340bea0307b02d97d07cc54bdfc3,no_salary_hike_no_attrition_no_department,raw,7,860,3,3,0.003665696270012625,0.8927680025332421,0.10356630119674533
manuscript_final_20260712T175019Z_c664ef152ff3,c664ef152ff3a9eef89c53a403b9c2e6f677340bea0307b02d97d07cc54bdfc3,no_salary_hike_no_attrition_no_department,raw,7,865,2,2,0.8880307691524235,0.10006436798301921,0.01190486286455728
manuscript_final_20260712T175019Z_c664ef152ff3,c664ef152ff3a9eef89c53a403b9c2e6f677340bea0307b02d97d07cc54bdfc3,no_salary_hike_no_attrition_no_department,raw,7,866,3,3,0.0019964795530114867,0.9166143950594572,0.08138912538753132
manuscript_final_20260712T175019Z_c664ef152ff3,c664ef152ff3a9eef89c53a403b9c2e6f677340bea0307b02d97d07cc54bdfc3,no_salary_hike_no_attrition_no_department,raw,7,872,3,3,0.0011329525419420468,0.9664488068264393,0.03241824063161866
manuscript_final_20260712T175019Z_c664ef152ff3,c664ef152ff3a9eef89c53a403b9c2e6f677340bea0307b02d97d07cc54bdfc3,no_salary_hike_no_attrition_no_department,raw,7,894,3,3,0.12225343758791452,0.8606214926997984,0.017125069712287118
manuscript_final_20260712T175019Z_c664ef152ff3,c664ef152ff3a9eef89c53a403b9c2e6f677340bea0307b02d97d07cc54bdfc3,no_salary_hike_no_attrition_no_department,raw,7,898,3,3,0.002233606462226611,0.9425864528215432,0.05517994071623026
manuscript_final_20260712T175019Z_c664ef152ff3,c664ef152ff3a9eef89c53a403b9c2e6f677340bea0307b02d97d07cc54bdfc3,no_salary_hike_no_attrition_no_department,raw,7,940,3,3,0.017842443626667478,0.7548449025399147,0.22731265383341787
manuscript_final_20260712T175019Z_c664ef152ff3,c664ef152ff3a9eef89c53a403b9c2e6f677340bea0307b02d97d07cc54bdfc3,no_salary_hike_no_attrition_no_department,raw,7,953,4,3,0.001324908340361563,0.8883807646738634,0.11029432698577504
manuscript_final_20260712T175019Z_c664ef152ff3,c664ef152ff3a9eef89c53a403b9c2e6f677340bea0307b02d97d07cc54bdfc3,no_salary_hike_no_attrition_no_department,raw,7,962,2,2,0.5205384454091009,0.4331865874440477,0.046274967146851365
manuscript_final_20260712T175019Z_c664ef152ff3,c664ef152ff3a9eef89c53a403b9c2e6f677340bea0307b02d97d07cc54bdfc3,no_salary_hike_no_attrition_no_department,raw,7,982,3,3,0.0005274514302283578,0.93399174572741,0.06548080284236167
manuscript_final_20260712T175019Z_c664ef152ff3,c664ef152ff3a9eef89c53a403b9c2e6f677340bea0307b02d97d07cc54bdfc3,no_salary_hike_no_attrition_no_department,raw,7,984,3,3,0.007786348520117614,0.9590826702049573,0.03313098127492503
manuscript_final_20260712T175019Z_c664ef152ff3,c664ef152ff3a9eef89c53a403b9c2e6f677340bea0307b02d97d07cc54bdfc3,no_salary_hike_no_attrition_no_department,raw,7,990,4,3,0.002037994780751451,0.8096805748717256,0.1882814303475229
manuscript_final_20260712T175019Z_c664ef152ff3,c664ef152ff3a9eef89c53a403b9c2e6f677340bea0307b02d97d07cc54bdfc3,no_salary_hike_no_attrition_no_department,raw,7,991,4,3,0.0013359600226881033,0.8730662626700401,0.12559777730727179
manuscript_final_20260712T175019Z_c664ef152ff3,c664ef152ff3a9eef89c53a403b9c2e6f677340bea0307b02d97d07cc54bdfc3,no_salary_hike_no_attrition_no_department,raw,7,996,3,3,0.07289187589783629,0.9214737985614488,0.005634325540714919
manuscript_final_20260712T175019Z_c664ef152ff3,c664ef152ff3a9eef89c53a403b9c2e6f677340bea0307b02d97d07cc54bdfc3,no_salary_hike_no_attrition_no_department,raw,7,999,2,2,0.8846403944054986,0.11294008030611079,0.002419525288390659
manuscript_final_20260712T175019Z_c664ef152ff3,c664ef152ff3a9eef89c53a403b9c2e6f677340bea0307b02d97d07cc54bdfc3,no_salary_hike_no_attrition_no_department,raw,7,1006,3,3,0.0026864894034693697,0.8435721491676437,0.15374136142888697
manuscript_final_20260712T175019Z_c664ef152ff3,c664ef152ff3a9eef89c53a403b9c2e6f677340bea0307b02d97d07cc54bdfc3,no_salary_hike_no_attrition_no_department,raw,7,1008,3,3,0.003201204622923731,0.8704432948475257,0.1263555005295506
manuscript_final_20260712T175019Z_c664ef152ff3,c664ef152ff3a9eef89c53a403b9c2e6f677340bea0307b02d97d07cc54bdfc3,no_salary_hike_no_attrition_no_department,raw,7,1012,3,3,0.017161905254068813,0.9015813797241038,0.08125671502182737
manuscript_final_20260712T175019Z_c664ef152ff3,c664ef152ff3a9eef89c53a403b9c2e6f677340bea0307b02d97d07cc54bdfc3,no_salary_hike_no_attrition_no_department,raw,7,1022,3,3,0.00046147801502272685,0.9842437989417546,0.015294723043222618
manuscript_final_20260712T175019Z_c664ef152ff3,c664ef152ff3a9eef89c53a403b9c2e6f677340bea0307b02d97d07cc54bdfc3,no_salary_hike_no_attrition_no_department,raw,7,1024,3,2,0.8878691855188808,0.10659308091248039,0.0055377335686387355
manuscript_final_20260712T175019Z_c664ef152ff3,c664ef152ff3a9eef89c53a403b9c2e6f677340bea0307b02d97d07cc54bdfc3,no_salary_hike_no_attrition_no_department,raw,7,1029,3,3,0.00040953741143432006,0.9916682460961705,0.007922216492395127
manuscript_final_20260712T175019Z_c664ef152ff3,c664ef152ff3a9eef89c53a403b9c2e6f677340bea0307b02d97d07cc54bdfc3,no_salary_hike_no_attrition_no_department,raw,7,1046,3,3,0.019649598747491837,0.9266459345817566,0.05370446667075157
manuscript_final_20260712T175019Z_c664ef152ff3,c664ef152ff3a9eef89c53a403b9c2e6f677340bea0307b02d97d07cc54bdfc3,no_salary_hike_no_attrition_no_department,raw,7,1088,3,3,0.264632139819438,0.7205135936371341,0.014854266543427978
manuscript_final_20260712T175019Z_c664ef152ff3,c664ef152ff3a9eef89c53a403b9c2e6f677340bea0307b02d97d07cc54bdfc3,no_salary_hike_no_attrition_no_department,raw,7,1099,3,3,0.0007583514376415168,0.9067334180702927,0.09250823049206579
manuscript_final_20260712T175019Z_c664ef152ff3,c664ef152ff3a9eef89c53a403b9c2e6f677340bea0307b02d97d07cc54bdfc3,no_salary_hike_no_attrition_no_department,raw,7,1103,4,3,0.00039748185365598416,0.9111149643057705,0.08848755384057345
manuscript_final_20260712T175019Z_c664ef152ff3,c664ef152ff3a9eef89c53a403b9c2e6f677340bea0307b02d97d07cc54bdfc3,no_salary_hike_no_attrition_no_department,raw,7,1104,3,3,0.3629004002076043,0.629393567317736,0.007706032474659785
manuscript_final_20260712T175019Z_c664ef152ff3,c664ef152ff3a9eef89c53a403b9c2e6f677340bea0307b02d97d07cc54bdfc3,no_salary_hike_no_attrition_no_department,raw,7,1116,3,3,0.0005657677430675936,0.9747462682590834,0.02468796399784902
manuscript_final_20260712T175019Z_c664ef152ff3,c664ef152ff3a9eef89c53a403b9c2e6f677340bea0307b02d97d07cc54bdfc3,no_salary_hike_no_attrition_no_department,raw,7,1122,3,3,0.0017614680715930513,0.8428893418440245,0.15534919008438247
manuscript_final_20260712T175019Z_c664ef152ff3,c664ef152ff3a9eef89c53a403b9c2e6f677340bea0307b02d97d07cc54bdfc3,no_salary_hike_no_attrition_no_department,raw,7,1138,3,3,0.0006965509991438486,0.8373264702052239,0.16197697879563222
manuscript_final_20260712T175019Z_c664ef152ff3,c664ef152ff3a9eef89c53a403b9c2e6f677340bea0307b02d97d07cc54bdfc3,no_salary_hike_no_attrition_no_department,raw,7,1139,3,3,0.016531135948490858,0.5742018840245973,0.40926698002691186
manuscript_final_20260712T175019Z_c664ef152ff3,c664ef152ff3a9eef89c53a403b9c2e6f677340bea0307b02d97d07cc54bdfc3,no_salary_hike_no_attrition_no_department,raw,7,1154,3,3,0.0002769835490159918,0.8797832386924325,0.1199397777585516
manuscript_final_20260712T175019Z_c664ef152ff3,c664ef152ff3a9eef89c53a403b9c2e6f677340bea0307b02d97d07cc54bdfc3,no_salary_hike_no_attrition_no_department,raw,7,1199,2,2,0.826254594351896,0.16310975897387142,0.010635646674232644
manuscript_final_20260712T175019Z_c664ef152ff3,c664ef152ff3a9eef89c53a403b9c2e6f677340bea0307b02d97d07cc54bdfc3,no_salary_hike_no_attrition_no_department,sigmoid,7,18,4,3,3.109844340865282e-05,0.9249622745518561,0.07500662700473527
manuscript_final_20260712T175019Z_c664ef152ff3,c664ef152ff3a9eef89c53a403b9c2e6f677340bea0307b02d97d07cc54bdfc3,no_salary_hike_no_attrition_no_department,sigmoid,7,32,3,3,0.0022043691166839245,0.8985080527526156,0.09928757813070041
manuscript_final_20260712T175019Z_c664ef152ff3,c664ef152ff3a9eef89c53a403b9c2e6f677340bea0307b02d97d07cc54bdfc3,no_salary_hike_no_attrition_no_department,sigmoid,7,35,3,3,0.003746105252993529,0.906756167201412,0.08949772754559454
manuscript_final_20260712T175019Z_c664ef152ff3,c664ef152ff3a9eef89c53a403b9c2e6f677340bea0307b02d97d07cc54bdfc3,no_salary_hike_no_attrition_no_department,sigmoid,7,49,3,3,6.67934783703684e-05,0.8772608712061088,0.12267233531552069
manuscript_final_20260712T175019Z_c664ef152ff3,c664ef152ff3a9eef89c53a403b9c2e6f677340bea0307b02d97d07cc54bdfc3,no_salary_hike_no_attrition_no_department,sigmoid,7,50,3,3,6.660211636559358e-05,0.8229803473774551,0.17695305050617927
manuscript_final_20260712T175019Z_c664ef152ff3,c664ef152ff3a9eef89c53a403b9c2e6f677340bea0307b02d97d07cc54bdfc3,no_salary_hike_no_attrition_no_department,sigmoid,7,53,3,3,6.78865242334431e-06,0.8780293526302378,0.12196385871733874
manuscript_final_20260712T175019Z_c664ef152ff3,c664ef152ff3a9eef89c53a403b9c2e6f677340bea0307b02d97d07cc54bdfc3,no_salary_hike_no_attrition_no_department,sigmoid,7,55,3,3,0.0002214851133116721,0.8596742863654857,0.14010422852120263
manuscript_final_20260712T175019Z_c664ef152ff3,c664ef152ff3a9eef89c53a403b9c2e6f677340bea0307b02d97d07cc54bdfc3,no_salary_hike_no_attrition_no_department,sigmoid,7,58,3,3,1.8411888894538312e-05,0.8640465927424786,0.1359349953686268
manuscript_final_20260712T175019Z_c664ef152ff3,c664ef152ff3a9eef89c53a403b9c2e6f677340bea0307b02d97d07cc54bdfc3,no_salary_hike_no_attrition_no_department,sigmoid,7,79,3,3,1.2805036267472398e-05,0.9128990956837655,0.08708809927996708
manuscript_final_20260712T175019Z_c664ef152ff3,c664ef152ff3a9eef89c53a403b9c2e6f677340bea0307b02d97d07cc54bdfc3,no_salary_hike_no_attrition_no_department,sigmoid,7,92,3,2,0.7466259859085297,0.18673793823889615,0.06663607585257411
manuscript_final_20260712T175019Z_c664ef152ff3,c664ef152ff3a9eef89c53a403b9c2e6f677340bea0307b02d97d07cc54bdfc3,no_salary_hike_no_attrition_no_department,sigmoid,7,94,3,3,0.08074239557460372,0.7987893386753729,0.12046826575002348
manuscript_final_20260712T175019Z_c664ef152ff3,c664ef152ff3a9eef89c53a403b9c2e6f677340bea0307b02d97d07cc54bdfc3,no_salary_hike_no_attrition_no_department,sigmoid,7,97,3,3,6.265963991267546e-05,0.853347061020622,0.14659027933946545
manuscript_final_20260712T175019Z_c664ef152ff3,c664ef152ff3a9eef89c53a403b9c2e6f677340bea0307b02d97d07cc54bdfc3,no_salary_hike_no_attrition_no_department,sigmoid,7,103,3,3,0.0017884416589129518,0.9023294266912542,0.09588213164983295
manuscript_final_20260712T175019Z_c664ef152ff3,c664ef152ff3a9eef89c53a403b9c2e6f677340bea0307b02d97d07cc54bdfc3,no_salary_hike_no_attrition_no_department,sigmoid,7,106,3,3,2.4717694968743063e-05,0.8920034355798376,0.10797184672519367
manuscript_final_20260712T175019Z_c664ef152ff3,c664ef152ff3a9eef89c53a403b9c2e6f677340bea0307b02d97d07cc54bdfc3,no_salary_hike_no_attrition_no_department,sigmoid,7,123,3,3,0.00010342888828991226,0.8154351757235894,0.1844613953881207
manuscript_final_20260712T175019Z_c664ef152ff3,c664ef152ff3a9eef89c53a403b9c2e6f677340bea0307b02d97d07cc54bdfc3,no_salary_hike_no_attrition_no_department,sigmoid,7,130,3,3,0.0009076956294863933,0.917459776947242,0.08163252742327165
manuscript_final_20260712T175019Z_c664ef152ff3,c664ef152ff3a9eef89c53a403b9c2e6f677340bea0307b02d97d07cc54bdfc3,no_salary_hike_no_attrition_no_department,sigmoid,7,140,3,3,0.00244936659639583,0.8969125014482469,0.10063813195535734
manuscript_final_20260712T175019Z_c664ef152ff3,c664ef152ff3a9eef89c53a403b9c2e6f677340bea0307b02d97d07cc54bdfc3,no_salary_hike_no_attrition_no_department,sigmoid,7,145,3,3,0.00025975456394526674,0.8442295804317428,0.15551066500431202
manuscript_final_20260712T175019Z_c664ef152ff3,c664ef152ff3a9eef89c53a403b9c2e6f677340bea0307b02d97d07cc54bdfc3,no_salary_hike_no_attrition_no_department,sigmoid,7,161,3,3,7.880657953529961e-05,0.8966453311289397,0.10327586229152501
manuscript_final_20260712T175019Z_c664ef152ff3,c664ef152ff3a9eef89c53a403b9c2e6f677340bea0307b02d97d07cc54bdfc3,no_salary_hike_no_attrition_no_department,sigmoid,7,174,3,3,0.00011807402244143571,0.8853226495055896,0.11455927647196892
manuscript_final_20260712T175019Z_c664ef152ff3,c664ef152ff3a9eef89c53a403b9c2e6f677340bea0307b02d97d07cc54bdfc3,no_salary_hike_no_attrition_no_department,sigmoid,7,193,3,3,7.309786731728442e-06,0.8940746802007769,0.10591801001249149
manuscript_final_20260712T175019Z_c664ef152ff3,c664ef152ff3a9eef89c53a403b9c2e6f677340bea0307b02d97d07cc54bdfc3,no_salary_hike_no_attrition_no_department,sigmoid,7,216,3,3,0.0002380891591301577,0.781286053846026,0.21847585699484393
manuscript_final_20260712T175019Z_c664ef152ff3,c664ef152ff3a9eef89c53a403b9c2e6f677340bea0307b02d97d07cc54bdfc3,no_salary_hike_no_attrition_no_department,sigmoid,7,221,2,2,0.7935625125405624,0.1356835904733735,0.07075389698606396
manuscript_final_20260712T175019Z_c664ef152ff3,c664ef152ff3a9eef89c53a403b9c2e6f677340bea0307b02d97d07cc54bdfc3,no_salary_hike_no_attrition_no_department,sigmoid,7,225,4,3,0.00038718658915009734,0.8449037349884132,0.1547090784224367
manuscript_final_20260712T175019Z_c664ef152ff3,c664ef152ff3a9eef89c53a403b9c2e6f677340bea0307b02d97d07cc54bdfc3,no_salary_hike_no_attrition_no_department,sigmoid,7,229,2,2,0.6392002933333131,0.2965276319082972,0.06427207475838975
manuscript_final_20260712T175019Z_c664ef152ff3,c664ef152ff3a9eef89c53a403b9c2e6f677340bea0307b02d97d07cc54bdfc3,no_salary_hike_no_attrition_no_department,sigmoid,7,267,3,3,0.0008052292411553739,0.9070805901577118,0.0921141806011328
manuscript_final_20260712T175019Z_c664ef152ff3,c664ef152ff3a9eef89c53a403b9c2e6f677340bea0307b02d97d07cc54bdfc3,no_salary_hike_no_attrition_no_department,sigmoid,7,300,3,3,1.607371547921864e-05,0.8217271416958417,0.17825678458867894
manuscript_final_20260712T175019Z_c664ef152ff3,c664ef152ff3a9eef89c53a403b9c2e6f677340bea0307b02d97d07cc54bdfc3,no_salary_hike_no_attrition_no_department,sigmoid,7,310,3,3,6.843187374048676e-05,0.868111960484865,0.1318196076413944
manuscript_final_20260712T175019Z_c664ef152ff3,c664ef152ff3a9eef89c53a403b9c2e6f677340bea0307b02d97d07cc54bdfc3,no_salary_hike_no_attrition_no_department,sigmoid,7,315,3,3,1.3941251568976822e-05,0.9100740492928286,0.08991200945560235
manuscript_final_20260712T175019Z_c664ef152ff3,c664ef152ff3a9eef89c53a403b9c2e6f677340bea0307b02d97d07cc54bdfc3,no_salary_hike_no_attrition_no_department,sigmoid,7,359,4,3,6.876927331776718e-06,0.8943787771121365,0.10561434596053168
manuscript_final_20260712T175019Z_c664ef152ff3,c664ef152ff3a9eef89c53a403b9c2e6f677340bea0307b02d97d07cc54bdfc3,no_salary_hike_no_attrition_no_department,sigmoid,7,368,3,3,8.075611677042491e-05,0.8401539007751281,0.15976534310810153
manuscript_final_20260712T175019Z_c664ef152ff3,c664ef152ff3a9eef89c53a403b9c2e6f677340bea0307b02d97d07cc54bdfc3,no_salary_hike_no_attrition_no_department,sigmoid,7,375,2,2,0.7310743192840938,0.20878815450801771,0.06013752620788845
manuscript_final_20260712T175019Z_c664ef152ff3,c664ef152ff3a9eef89c53a403b9c2e6f677340bea0307b02d97d07cc54bdfc3,no_salary_hike_no_attrition_no_department,sigmoid,7,387,3,3,4.551036101876203e-05,0.9004474159732951,0.09950707366568623
manuscript_final_20260712T175019Z_c664ef152ff3,c664ef152ff3a9eef89c53a403b9c2e6f677340bea0307b02d97d07cc54bdfc3,no_salary_hike_no_attrition_no_department,sigmoid,7,405,2,2,0.8474801839572034,0.09527976353629929,0.057240052506497364
manuscript_final_20260712T175019Z_c664ef152ff3,c664ef152ff3a9eef89c53a403b9c2e6f677340bea0307b02d97d07cc54bdfc3,no_salary_hike_no_attrition_no_department,sigmoid,7,406,4,3,0.0001099410872589647,0.8601541639532635,0.13973589495947758
manuscript_final_20260712T175019Z_c664ef152ff3,c664ef152ff3a9eef89c53a403b9c2e6f677340bea0307b02d97d07cc54bdfc3,no_salary_hike_no_attrition_no_department,sigmoid,7,408,3,3,0.011116997849660581,0.8729852072314294,0.11589779491891
manuscript_final_20260712T175019Z_c664ef152ff3,c664ef152ff3a9eef89c53a403b9c2e6f677340bea0307b02d97d07cc54bdfc3,no_salary_hike_no_attrition_no_department,sigmoid,7,425,2,2,0.8067147615453596,0.12802078606568026,0.06526445238896023
manuscript_final_20260712T175019Z_c664ef152ff3,c664ef152ff3a9eef89c53a403b9c2e6f677340bea0307b02d97d07cc54bdfc3,no_salary_hike_no_attrition_no_department,sigmoid,7,444,3,3,0.18752020208659836,0.7282898250956854,0.08418997281771629
manuscript_final_20260712T175019Z_c664ef152ff3,c664ef152ff3a9eef89c53a403b9c2e6f677340bea0307b02d97d07cc54bdfc3,no_salary_hike_no_attrition_no_department,sigmoid,7,446,3,3,0.4135015939224258,0.5198320750759843,0.06666633100158985
manuscript_final_20260712T175019Z_c664ef152ff3,c664ef152ff3a9eef89c53a403b9c2e6f677340bea0307b02d97d07cc54bdfc3,no_salary_hike_no_attrition_no_department,sigmoid,7,448,3,3,0.2675798730666125,0.6438092492882339,0.08861087764515359
manuscript_final_20260712T175019Z_c664ef152ff3,c664ef152ff3a9eef89c53a403b9c2e6f677340bea0307b02d97d07cc54bdfc3,no_salary_hike_no_attrition_no_department,sigmoid,7,451,3,3,9.353517327878733e-06,0.7553750741118108,0.24461557237086123
manuscript_final_20260712T175019Z_c664ef152ff3,c664ef152ff3a9eef89c53a403b9c2e6f677340bea0307b02d97d07cc54bdfc3,no_salary_hike_no_attrition_no_department,sigmoid,7,461,3,3,4.3556284422953005e-05,0.886888457761902,0.11306798595367508
manuscript_final_20260712T175019Z_c664ef152ff3,c664ef152ff3a9eef89c53a403b9c2e6f677340bea0307b02d97d07cc54bdfc3,no_salary_hike_no_attrition_no_department,sigmoid,7,474,3,3,0.00960772951199958,0.875801346161327,0.11459092432667344
manuscript_final_20260712T175019Z_c664ef152ff3,c664ef152ff3a9eef89c53a403b9c2e6f677340bea0307b02d97d07cc54bdfc3,no_salary_hike_no_attrition_no_department,sigmoid,7,475,4,3,0.0001435141767292254,0.8816753116135142,0.11818117420975657
manuscript_final_20260712T175019Z_c664ef152ff3,c664ef152ff3a9eef89c53a403b9c2e6f677340bea0307b02d97d07cc54bdfc3,no_salary_hike_no_attrition_no_department,sigmoid,7,480,3,3,0.0006246099860734636,0.9040642937472957,0.09531109626663094
manuscript_final_20260712T175019Z_c664ef152ff3,c664ef152ff3a9eef89c53a403b9c2e6f677340bea0307b02d97d07cc54bdfc3,no_salary_hike_no_attrition_no_department,sigmoid,7,481,3,3,0.00024772590569224203,0.8572234524974867,0.14252882159682106
manuscript_final_20260712T175019Z_c664ef152ff3,c664ef152ff3a9eef89c53a403b9c2e6f677340bea0307b02d97d07cc54bdfc3,no_salary_hike_no_attrition_no_department,sigmoid,7,492,2,2,0.8292589831540734,0.10947794334924352,0.061263073496683085
manuscript_final_20260712T175019Z_c664ef152ff3,c664ef152ff3a9eef89c53a403b9c2e6f677340bea0307b02d97d07cc54bdfc3,no_salary_hike_no_attrition_no_department,sigmoid,7,499,3,3,0.000518963962390592,0.7984434551347965,0.20103758090281293
manuscript_final_20260712T175019Z_c664ef152ff3,c664ef152ff3a9eef89c53a403b9c2e6f677340bea0307b02d97d07cc54bdfc3,no_salary_hike_no_attrition_no_department,sigmoid,7,501,2,2,0.7362765055163968,0.19829344985301406,0.06543004463058934
manuscript_final_20260712T175019Z_c664ef152ff3,c664ef152ff3a9eef89c53a403b9c2e6f677340bea0307b02d97d07cc54bdfc3,no_salary_hike_no_attrition_no_department,sigmoid,7,503,3,3,0.00016963487148012986,0.9141590793205957,0.08567128580792414
manuscript_final_20260712T175019Z_c664ef152ff3,c664ef152ff3a9eef89c53a403b9c2e6f677340bea0307b02d97d07cc54bdfc3,no_salary_hike_no_attrition_no_department,sigmoid,7,505,3,3,2.8561718840442388e-05,0.9114878433170573,0.0884835949641022
manuscript_final_20260712T175019Z_c664ef152ff3,c664ef152ff3a9eef89c53a403b9c2e6f677340bea0307b02d97d07cc54bdfc3,no_salary_hike_no_attrition_no_department,sigmoid,7,507,3,3,0.0002464169352786056,0.8866792327914044,0.11307435027331703
manuscript_final_20260712T175019Z_c664ef152ff3,c664ef152ff3a9eef89c53a403b9c2e6f677340bea0307b02d97d07cc54bdfc3,no_salary_hike_no_attrition_no_department,sigmoid,7,509,2,2,0.7059180349839107,0.2342673906379076,0.05981457437818175
manuscript_final_20260712T175019Z_c664ef152ff3,c664ef152ff3a9eef89c53a403b9c2e6f677340bea0307b02d97d07cc54bdfc3,no_salary_hike_no_attrition_no_department,sigmoid,7,513,3,3,0.0008564719814534385,0.8875581927166419,0.11158533530190459
manuscript_final_20260712T175019Z_c664ef152ff3,c664ef152ff3a9eef89c53a403b9c2e6f677340bea0307b02d97d07cc54bdfc3,no_salary_hike_no_attrition_no_department,sigmoid,7,514,2,2,0.7577758579427529,0.176323610030563,0.06590053202668411
manuscript_final_20260712T175019Z_c664ef152ff3,c664ef152ff3a9eef89c53a403b9c2e6f677340bea0307b02d97d07cc54bdfc3,no_salary_hike_no_attrition_no_department,sigmoid,7,518,3,3,2.5179197156560382e-05,0.871956132939406,0.1280186878634375
manuscript_final_20260712T175019Z_c664ef152ff3,c664ef152ff3a9eef89c53a403b9c2e6f677340bea0307b02d97d07cc54bdfc3,no_salary_hike_no_attrition_no_department,sigmoid,7,533,3,3,0.0003276359446080271,0.8459419904138917,0.15373037364150033
manuscript_final_20260712T175019Z_c664ef152ff3,c664ef152ff3a9eef89c53a403b9c2e6f677340bea0307b02d97d07cc54bdfc3,no_salary_hike_no_attrition_no_department,sigmoid,7,543,3,3,0.00025810650929865135,0.9010789380336575,0.098662955457044
manuscript_final_20260712T175019Z_c664ef152ff3,c664ef152ff3a9eef89c53a403b9c2e6f677340bea0307b02d97d07cc54bdfc3,no_salary_hike_no_attrition_no_department,sigmoid,7,547,2,2,0.7006820921502073,0.21341888746267113,0.08589902038712148
manuscript_final_20260712T175019Z_c664ef152ff3,c664ef152ff3a9eef89c53a403b9c2e6f677340bea0307b02d97d07cc54bdfc3,no_salary_hike_no_attrition_no_department,sigmoid,7,548,4,3,1.4847079442852004e-05,0.8676494347877487,0.13233571813280845
manuscript_final_20260712T175019Z_c664ef152ff3,c664ef152ff3a9eef89c53a403b9c2e6f677340bea0307b02d97d07cc54bdfc3,no_salary_hike_no_attrition_no_department,sigmoid,7,562,3,3,1.3949132212945351e-05,0.891698974307598,0.10828707656018904
manuscript_final_20260712T175019Z_c664ef152ff3,c664ef152ff3a9eef89c53a403b9c2e6f677340bea0307b02d97d07cc54bdfc3,no_salary_hike_no_attrition_no_department,sigmoid,7,574,2,2,0.783911493696119,0.15334647560425094,0.06274203069962997
manuscript_final_20260712T175019Z_c664ef152ff3,c664ef152ff3a9eef89c53a403b9c2e6f677340bea0307b02d97d07cc54bdfc3,no_salary_hike_no_attrition_no_department,sigmoid,7,575,3,3,0.00045384233683324644,0.8376701408885332,0.16187601677463356
manuscript_final_20260712T175019Z_c664ef152ff3,c664ef152ff3a9eef89c53a403b9c2e6f677340bea0307b02d97d07cc54bdfc3,no_salary_hike_no_attrition_no_department,sigmoid,7,580,3,3,0.0020900483436045443,0.8142716660411666,0.18363828561522874
manuscript_final_20260712T175019Z_c664ef152ff3,c664ef152ff3a9eef89c53a403b9c2e6f677340bea0307b02d97d07cc54bdfc3,no_salary_hike_no_attrition_no_department,sigmoid,7,585,3,3,2.8152742774002292e-05,0.8531867295982137,0.14678511765901212
manuscript_final_20260712T175019Z_c664ef152ff3,c664ef152ff3a9eef89c53a403b9c2e6f677340bea0307b02d97d07cc54bdfc3,no_salary_hike_no_attrition_no_department,sigmoid,7,605,2,2,0.7245627199172671,0.21039630777554835,0.06504097230718452
manuscript_final_20260712T175019Z_c664ef152ff3,c664ef152ff3a9eef89c53a403b9c2e6f677340bea0307b02d97d07cc54bdfc3,no_salary_hike_no_attrition_no_department,sigmoid,7,624,3,3,0.002395717319303546,0.8948140650588106,0.10279021762188587
manuscript_final_20260712T175019Z_c664ef152ff3,c664ef152ff3a9eef89c53a403b9c2e6f677340bea0307b02d97d07cc54bdfc3,no_salary_hike_no_attrition_no_department,sigmoid,7,627,4,3,3.682515180203738e-06,0.8822497159091629,0.11774660157565683
manuscript_final_20260712T175019Z_c664ef152ff3,c664ef152ff3a9eef89c53a403b9c2e6f677340bea0307b02d97d07cc54bdfc3,no_salary_hike_no_attrition_no_department,sigmoid,7,655,2,2,0.7248441422041764,0.20814178007043524,0.06701407772538848
manuscript_final_20260712T175019Z_c664ef152ff3,c664ef152ff3a9eef89c53a403b9c2e6f677340bea0307b02d97d07cc54bdfc3,no_salary_hike_no_attrition_no_department,sigmoid,7,661,2,2,0.4950748431050327,0.3940220167781937,0.11090314011677362
manuscript_final_20260712T175019Z_c664ef152ff3,c664ef152ff3a9eef89c53a403b9c2e6f677340bea0307b02d97d07cc54bdfc3,no_salary_hike_no_attrition_no_department,sigmoid,7,670,3,3,0.003427753235498893,0.8927442753196655,0.10382797144483556
manuscript_final_20260712T175019Z_c664ef152ff3,c664ef152ff3a9eef89c53a403b9c2e6f677340bea0307b02d97d07cc54bdfc3,no_salary_hike_no_attrition_no_department,sigmoid,7,690,3,3,0.0007881026956826612,0.8785347252873102,0.12067717201700713
manuscript_final_20260712T175019Z_c664ef152ff3,c664ef152ff3a9eef89c53a403b9c2e6f677340bea0307b02d97d07cc54bdfc3,no_salary_hike_no_attrition_no_department,sigmoid,7,708,3,3,4.5521827756739244e-05,0.8400124294064134,0.15994204876582996
manuscript_final_20260712T175019Z_c664ef152ff3,c664ef152ff3a9eef89c53a403b9c2e6f677340bea0307b02d97d07cc54bdfc3,no_salary_hike_no_attrition_no_department,sigmoid,7,718,2,2,0.6861025948753842,0.2437023833371823,0.07019502178743346
manuscript_final_20260712T175019Z_c664ef152ff3,c664ef152ff3a9eef89c53a403b9c2e6f677340bea0307b02d97d07cc54bdfc3,no_salary_hike_no_attrition_no_department,sigmoid,7,726,3,3,0.0002766204365396132,0.88440997530381,0.11531340425965034
manuscript_final_20260712T175019Z_c664ef152ff3,c664ef152ff3a9eef89c53a403b9c2e6f677340bea0307b02d97d07cc54bdfc3,no_salary_hike_no_attrition_no_department,sigmoid,7,731,4,3,0.00011529606448943926,0.8885843761671582,0.11130032776835239
manuscript_final_20260712T175019Z_c664ef152ff3,c664ef152ff3a9eef89c53a403b9c2e6f677340bea0307b02d97d07cc54bdfc3,no_salary_hike_no_attrition_no_department,sigmoid,7,736,3,3,3.945530490922493e-05,0.8866393247451508,0.11332121994993996
manuscript_final_20260712T175019Z_c664ef152ff3,c664ef152ff3a9eef89c53a403b9c2e6f677340bea0307b02d97d07cc54bdfc3,no_salary_hike_no_attrition_no_department,sigmoid,7,747,3,3,0.00023793930516433415,0.825090562881423,0.17467149781341268
manuscript_final_20260712T175019Z_c664ef152ff3,c664ef152ff3a9eef89c53a403b9c2e6f677340bea0307b02d97d07cc54bdfc3,no_salary_hike_no_attrition_no_department,sigmoid,7,754,3,3,4.799208209458391e-05,0.8946378120091557,0.10531419590874973
manuscript_final_20260712T175019Z_c664ef152ff3,c664ef152ff3a9eef89c53a403b9c2e6f677340bea0307b02d97d07cc54bdfc3,no_salary_hike_no_attrition_no_department,sigmoid,7,761,3,3,0.00035664082319758505,0.837103293722498,0.16254006545430433
manuscript_final_20260712T175019Z_c664ef152ff3,c664ef152ff3a9eef89c53a403b9c2e6f677340bea0307b02d97d07cc54bdfc3,no_salary_hike_no_attrition_no_department,sigmoid,7,771,3,3,7.506998062775045e-05,0.9115830174081748,0.08834191261119745
manuscript_final_20260712T175019Z_c664ef152ff3,c664ef152ff3a9eef89c53a403b9c2e6f677340bea0307b02d97d07cc54bdfc3,no_salary_hike_no_attrition_no_department,sigmoid,7,773,2,2,0.6104073302980936,0.32760389617167385,0.06198877353023266
manuscript_final_20260712T175019Z_c664ef152ff3,c664ef152ff3a9eef89c53a403b9c2e6f677340bea0307b02d97d07cc54bdfc3,no_salary_hike_no_attrition_no_department,sigmoid,7,774,3,3,1.1704993351487057e-05,0.8780887909164437,0.12189950409020477
manuscript_final_20260712T175019Z_c664ef152ff3,c664ef152ff3a9eef89c53a403b9c2e6f677340bea0307b02d97d07cc54bdfc3,no_salary_hike_no_attrition_no_department,sigmoid,7,791,3,3,0.0002502357847451214,0.920258237116152,0.07949152709910284
manuscript_final_20260712T175019Z_c664ef152ff3,c664ef152ff3a9eef89c53a403b9c2e6f677340bea0307b02d97d07cc54bdfc3,no_salary_hike_no_attrition_no_department,sigmoid,7,830,3,3,3.390105418379544e-05,0.9034526576354842,0.09651344131033199
manuscript_final_20260712T175019Z_c664ef152ff3,c664ef152ff3a9eef89c53a403b9c2e6f677340bea0307b02d97d07cc54bdfc3,no_salary_hike_no_attrition_no_department,sigmoid,7,835,3,3,3.961982360176724e-06,0.885256345615601,0.11473969240203898
manuscript_final_20260712T175019Z_c664ef152ff3,c664ef152ff3a9eef89c53a403b9c2e6f677340bea0307b02d97d07cc54bdfc3,no_salary_hike_no_attrition_no_department,sigmoid,7,840,3,3,0.00015322505433112854,0.8944079026857509,0.10543887225991794
manuscript_final_20260712T175019Z_c664ef152ff3,c664ef152ff3a9eef89c53a403b9c2e6f677340bea0307b02d97d07cc54bdfc3,no_salary_hike_no_attrition_no_department,sigmoid,7,855,4,3,6.41157134525651e-05,0.9108840626102226,0.08905182167632483
manuscript_final_20260712T175019Z_c664ef152ff3,c664ef152ff3a9eef89c53a403b9c2e6f677340bea0307b02d97d07cc54bdfc3,no_salary_hike_no_attrition_no_department,sigmoid,7,860,3,3,0.00015864616202129097,0.8718140261823226,0.12802732765565603
manuscript_final_20260712T175019Z_c664ef152ff3,c664ef152ff3a9eef89c53a403b9c2e6f677340bea0307b02d97d07cc54bdfc3,no_salary_hike_no_attrition_no_department,sigmoid,7,865,2,2,0.7501365079511897,0.17941112600732245,0.0704523660414878
manuscript_final_20260712T175019Z_c664ef152ff3,c664ef152ff3a9eef89c53a403b9c2e6f677340bea0307b02d97d07cc54bdfc3,no_salary_hike_no_attrition_no_department,sigmoid,7,866,3,3,6.141937309339302e-05,0.8789711320229783,0.12096744860392827
manuscript_final_20260712T175019Z_c664ef152ff3,c664ef152ff3a9eef89c53a403b9c2e6f677340bea0307b02d97d07cc54bdfc3,no_salary_hike_no_attrition_no_department,sigmoid,7,872,3,3,2.469004661271187e-05,0.8991978381819551,0.1007774717714322
manuscript_final_20260712T175019Z_c664ef152ff3,c664ef152ff3a9eef89c53a403b9c2e6f677340bea0307b02d97d07cc54bdfc3,no_salary_hike_no_attrition_no_department,sigmoid,7,894,3,3,0.03981127337872921,0.8599606551967917,0.10022807142447908
manuscript_final_20260712T175019Z_c664ef152ff3,c664ef152ff3a9eef89c53a403b9c2e6f677340bea0307b02d97d07cc54bdfc3,no_salary_hike_no_attrition_no_department,sigmoid,7,898,3,3,7.126794599920368e-05,0.8883753324331928,0.11155339962080804
manuscript_final_20260712T175019Z_c664ef152ff3,c664ef152ff3a9eef89c53a403b9c2e6f677340bea0307b02d97d07cc54bdfc3,no_salary_hike_no_attrition_no_department,sigmoid,7,940,3,3,0.002001991459599945,0.8368902934701629,0.1611077150702373
manuscript_final_20260712T175019Z_c664ef152ff3,c664ef152ff3a9eef89c53a403b9c2e6f677340bea0307b02d97d07cc54bdfc3,no_salary_hike_no_attrition_no_department,sigmoid,7,953,4,3,3.3598742148721776e-05,0.870270637439134,0.12969576381871734
manuscript_final_20260712T175019Z_c664ef152ff3,c664ef152ff3a9eef89c53a403b9c2e6f677340bea0307b02d97d07cc54bdfc3,no_salary_hike_no_attrition_no_department,sigmoid,7,962,2,3,0.4313563550888553,0.46901563435981375,0.09962801055133103
manuscript_final_20260712T175019Z_c664ef152ff3,c664ef152ff3a9eef89c53a403b9c2e6f677340bea0307b02d97d07cc54bdfc3,no_salary_hike_no_attrition_no_department,sigmoid,7,982,3,3,7.926838186916938e-06,0.8847116881159476,0.11528038504586555
manuscript_final_20260712T175019Z_c664ef152ff3,c664ef152ff3a9eef89c53a403b9c2e6f677340bea0307b02d97d07cc54bdfc3,no_salary_hike_no_attrition_no_department,sigmoid,7,984,3,3,0.0004759177569039608,0.8974435334379394,0.1020805488051565
manuscript_final_20260712T175019Z_c664ef152ff3,c664ef152ff3a9eef89c53a403b9c2e6f677340bea0307b02d97d07cc54bdfc3,no_salary_hike_no_attrition_no_department,sigmoid,7,990,4,3,6.882887596829035e-05,0.8499226348170403,0.15000853630699146
manuscript_final_20260712T175019Z_c664ef152ff3,c664ef152ff3a9eef89c53a403b9c2e6f677340bea0307b02d97d07cc54bdfc3,no_salary_hike_no_attrition_no_department,sigmoid,7,991,4,3,3.443992332568481e-05,0.866000825178282,0.13396473489839228
manuscript_final_20260712T175019Z_c664ef152ff3,c664ef152ff3a9eef89c53a403b9c2e6f677340bea0307b02d97d07cc54bdfc3,no_salary_hike_no_attrition_no_department,sigmoid,7,996,3,3,0.016615855306628482,0.9001386515858228,0.08324549310754871
manuscript_final_20260712T175019Z_c664ef152ff3,c664ef152ff3a9eef89c53a403b9c2e6f677340bea0307b02d97d07cc54bdfc3,no_salary_hike_no_attrition_no_department,sigmoid,7,999,2,2,0.7510919926922167,0.19287154606895823,0.05603646123882518
manuscript_final_20260712T175019Z_c664ef152ff3,c664ef152ff3a9eef89c53a403b9c2e6f677340bea0307b02d97d07cc54bdfc3,no_salary_hike_no_attrition_no_department,sigmoid,7,1006,3,3,0.00010242121372647047,0.8583761800384496,0.1415213987478238
manuscript_final_20260712T175019Z_c664ef152ff3,c664ef152ff3a9eef89c53a403b9c2e6f677340bea0307b02d97d07cc54bdfc3,no_salary_hike_no_attrition_no_department,sigmoid,7,1008,3,3,0.00013121774741101406,0.8654752543135378,0.1343935279390512
manuscript_final_20260712T175019Z_c664ef152ff3,c664ef152ff3a9eef89c53a403b9c2e6f677340bea0307b02d97d07cc54bdfc3,no_salary_hike_no_attrition_no_department,sigmoid,7,1012,3,3,0.0016930677178489965,0.875649846648393,0.12265708563375809
manuscript_final_20260712T175019Z_c664ef152ff3,c664ef152ff3a9eef89c53a403b9c2e6f677340bea0307b02d97d07cc54bdfc3,no_salary_hike_no_attrition_no_department,sigmoid,7,1022,3,3,6.150900062090965e-06,0.9113821297813357,0.08861171931860232
manuscript_final_20260712T175019Z_c664ef152ff3,c664ef152ff3a9eef89c53a403b9c2e6f677340bea0307b02d97d07cc54bdfc3,no_salary_hike_no_attrition_no_department,sigmoid,7,1024,3,2,0.750793288479425,0.18612823316635585,0.06307847835421927
manuscript_final_20260712T175019Z_c664ef152ff3,c664ef152ff3a9eef89c53a403b9c2e6f677340bea0307b02d97d07cc54bdfc3,no_salary_hike_no_attrition_no_department,sigmoid,7,1029,3,3,5.086418495053569e-06,0.9201056668017499,0.07988924677975512
manuscript_final_20260712T175019Z_c664ef152ff3,c664ef152ff3a9eef89c53a403b9c2e6f677340bea0307b02d97d07cc54bdfc3,no_salary_hike_no_attrition_no_department,sigmoid,7,1046,3,3,0.0020475131047507653,0.8849337489014482,0.1130187379938011
manuscript_final_20260712T175019Z_c664ef152ff3,c664ef152ff3a9eef89c53a403b9c2e6f677340bea0307b02d97d07cc54bdfc3,no_salary_hike_no_attrition_no_department,sigmoid,7,1088,3,3,0.1515687074190528,0.7498757108413229,0.09855558173962431
manuscript_final_20260712T175019Z_c664ef152ff3,c664ef152ff3a9eef89c53a403b9c2e6f677340bea0307b02d97d07cc54bdfc3,no_salary_hike_no_attrition_no_department,sigmoid,7,1099,3,3,1.4122691764601883e-05,0.875638523607133,0.12434735370110232
manuscript_final_20260712T175019Z_c664ef152ff3,c664ef152ff3a9eef89c53a403b9c2e6f677340bea0307b02d97d07cc54bdfc3,no_salary_hike_no_attrition_no_department,sigmoid,7,1103,4,3,5.2508760264232e-06,0.8769469333169735,0.12304781580700008
manuscript_final_20260712T175019Z_c664ef152ff3,c664ef152ff3a9eef89c53a403b9c2e6f677340bea0307b02d97d07cc54bdfc3,no_salary_hike_no_attrition_no_department,sigmoid,7,1104,3,3,0.2563990559326036,0.6575822659989727,0.08601867806842367
manuscript_final_20260712T175019Z_c664ef152ff3,c664ef152ff3a9eef89c53a403b9c2e6f677340bea0307b02d97d07cc54bdfc3,no_salary_hike_no_attrition_no_department,sigmoid,7,1116,3,3,8.480381241215218e-06,0.9039989024699047,0.0959926171488541
manuscript_final_20260712T175019Z_c664ef152ff3,c664ef152ff3a9eef89c53a403b9c2e6f677340bea0307b02d97d07cc54bdfc3,no_salary_hike_no_attrition_no_department,sigmoid,7,1122,3,3,5.3757025219551545e-05,0.8581261068554515,0.14182013611932887
manuscript_final_20260712T175019Z_c664ef152ff3,c664ef152ff3a9eef89c53a403b9c2e6f677340bea0307b02d97d07cc54bdfc3,no_salary_hike_no_attrition_no_department,sigmoid,7,1138,3,3,1.3093257016448676e-05,0.8566225618930238,0.1433643448499598
manuscript_final_20260712T175019Z_c664ef152ff3,c664ef152ff3a9eef89c53a403b9c2e6f677340bea0307b02d97d07cc54bdfc3,no_salary_hike_no_attrition_no_department,sigmoid,7,1139,3,3,0.0020210400127148075,0.7925653316927901,0.20541362829449503
manuscript_final_20260712T175019Z_c664ef152ff3,c664ef152ff3a9eef89c53a403b9c2e6f677340bea0307b02d97d07cc54bdfc3,no_salary_hike_no_attrition_no_department,sigmoid,7,1154,3,3,3.1042638344739695e-06,0.8677155574775199,0.13228133825864558
manuscript_final_20260712T175019Z_c664ef152ff3,c664ef152ff3a9eef89c53a403b9c2e6f677340bea0307b02d97d07cc54bdfc3,no_salary_hike_no_attrition_no_department,sigmoid,7,1199,2,2,0.6985649975135231,0.23296755839819072,0.06846744408828612
manuscript_final_20260712T175019Z_c664ef152ff3,c664ef152ff3a9eef89c53a403b9c2e6f677340bea0307b02d97d07cc54bdfc3,no_salary_hike_no_attrition_no_department,isotonic,7,18,4,3,1.023254815343989e-08,0.9999999795349036,1.023254815343989e-08
manuscript_final_20260712T175019Z_c664ef152ff3,c664ef152ff3a9eef89c53a403b9c2e6f677340bea0307b02d97d07cc54bdfc3,no_salary_hike_no_attrition_no_department,isotonic,7,32,3,3,1.0207939404304588e-08,0.8979205957490147,0.10207939404304589
manuscript_final_20260712T175019Z_c664ef152ff3,c664ef152ff3a9eef89c53a403b9c2e6f677340bea0307b02d97d07cc54bdfc3,no_salary_hike_no_attrition_no_department,isotonic,7,35,3,3,1.0257801794370445e-08,0.9023066393196225,0.09769335042257567
manuscript_final_20260712T175019Z_c664ef152ff3,c664ef152ff3a9eef89c53a403b9c2e6f677340bea0307b02d97d07cc54bdfc3,no_salary_hike_no_attrition_no_department,isotonic,7,49,3,3,1.0181290686769165e-08,0.8955764955954358,0.10442349422327347
manuscript_final_20260712T175019Z_c664ef152ff3,c664ef152ff3a9eef89c53a403b9c2e6f677340bea0307b02d97d07cc54bdfc3,no_salary_hike_no_attrition_no_department,isotonic,7,50,3,3,9.88235284351557e-09,0.8235294036262976,0.17647058649134947
manuscript_final_20260712T175019Z_c664ef152ff3,c664ef152ff3a9eef89c53a403b9c2e6f677340bea0307b02d97d07cc54bdfc3,no_salary_hike_no_attrition_no_department,isotonic,7,53,3,3,1.0181290686769165e-08,0.8955764955954358,0.10442349422327347
manuscript_final_20260712T175019Z_c664ef152ff3,c664ef152ff3a9eef89c53a403b9c2e6f677340bea0307b02d97d07cc54bdfc3,no_salary_hike_no_attrition_no_department,isotonic,7,55,3,3,9.88235284351557e-09,0.8235294036262976,0.17647058649134947
manuscript_final_20260712T175019Z_c664ef152ff3,c664ef152ff3a9eef89c53a403b9c2e6f677340bea0307b02d97d07cc54bdfc3,no_salary_hike_no_attrition_no_department,isotonic,7,58,3,3,9.88235284351557e-09,0.8235294036262976,0.17647058649134947
manuscript_final_20260712T175019Z_c664ef152ff3,c664ef152ff3a9eef89c53a403b9c2e6f677340bea0307b02d97d07cc54bdfc3,no_salary_hike_no_attrition_no_department,isotonic,7,79,3,3,1.0207939404304588e-08,0.8979205957490147,0.10207939404304589
manuscript_final_20260712T175019Z_c664ef152ff3,c664ef152ff3a9eef89c53a403b9c2e6f677340bea0307b02d97d07cc54bdfc3,no_salary_hike_no_attrition_no_department,isotonic,7,92,3,2,0.9130434699243857,9.130434699243857e-09,0.08695652094517958
manuscript_final_20260712T175019Z_c664ef152ff3,c664ef152ff3a9eef89c53a403b9c2e6f677340bea0307b02d97d07cc54bdfc3,no_salary_hike_no_attrition_no_department,isotonic,7,94,3,3,1.0684931392681555e-08,0.8904109493901295,0.10958903992493901
manuscript_final_20260712T175019Z_c664ef152ff3,c664ef152ff3a9eef89c53a403b9c2e6f677340bea0307b02d97d07cc54bdfc3,no_salary_hike_no_attrition_no_department,isotonic,7,97,3,3,9.88235284351557e-09,0.8235294036262976,0.17647058649134947
manuscript_final_20260712T175019Z_c664ef152ff3,c664ef152ff3a9eef89c53a403b9c2e6f677340bea0307b02d97d07cc54bdfc3,no_salary_hike_no_attrition_no_department,isotonic,7,103,3,3,1.0207939404304588e-08,0.8979205957490147,0.10207939404304589
manuscript_final_20260712T175019Z_c664ef152ff3,c664ef152ff3a9eef89c53a403b9c2e6f677340bea0307b02d97d07cc54bdfc3,no_salary_hike_no_attrition_no_department,isotonic,7,106,3,3,1.0181290686769165e-08,0.8955764955954358,0.10442349422327347
manuscript_final_20260712T175019Z_c664ef152ff3,c664ef152ff3a9eef89c53a403b9c2e6f677340bea0307b02d97d07cc54bdfc3,no_salary_hike_no_attrition_no_department,isotonic,7,123,3,3,9.88235284351557e-09,0.8235294036262976,0.17647058649134947
manuscript_final_20260712T175019Z_c664ef152ff3,c664ef152ff3a9eef89c53a403b9c2e6f677340bea0307b02d97d07cc54bdfc3,no_salary_hike_no_attrition_no_department,isotonic,7,130,3,3,1.0257801794370445e-08,0.9023066393196225,0.09769335042257567
manuscript_final_20260712T175019Z_c664ef152ff3,c664ef152ff3a9eef89c53a403b9c2e6f677340bea0307b02d97d07cc54bdfc3,no_salary_hike_no_attrition_no_department,isotonic,7,140,3,3,1.0207939404304588e-08,0.8979205957490147,0.10207939404304589
manuscript_final_20260712T175019Z_c664ef152ff3,c664ef152ff3a9eef89c53a403b9c2e6f677340bea0307b02d97d07cc54bdfc3,no_salary_hike_no_attrition_no_department,isotonic,7,145,3,3,9.88235284351557e-09,0.8235294036262976,0.17647058649134947
manuscript_final_20260712T175019Z_c664ef152ff3,c664ef152ff3a9eef89c53a403b9c2e6f677340bea0307b02d97d07cc54bdfc3,no_salary_hike_no_attrition_no_department,isotonic,7,161,3,3,1.0181290686769165e-08,0.8955764955954358,0.10442349422327347
manuscript_final_20260712T175019Z_c664ef152ff3,c664ef152ff3a9eef89c53a403b9c2e6f677340bea0307b02d97d07cc54bdfc3,no_salary_hike_no_attrition_no_department,isotonic,7,174,3,3,1.0181290686769165e-08,0.8955764955954358,0.10442349422327347
manuscript_final_20260712T175019Z_c664ef152ff3,c664ef152ff3a9eef89c53a403b9c2e6f677340bea0307b02d97d07cc54bdfc3,no_salary_hike_no_attrition_no_department,isotonic,7,193,3,3,1.0181290686769165e-08,0.8955764955954358,0.10442349422327347
manuscript_final_20260712T175019Z_c664ef152ff3,c664ef152ff3a9eef89c53a403b9c2e6f677340bea0307b02d97d07cc54bdfc3,no_salary_hike_no_attrition_no_department,isotonic,7,216,3,3,1.0769230653254438e-08,0.8076922989940829,0.1923076902366864
manuscript_final_20260712T175019Z_c664ef152ff3,c664ef152ff3a9eef89c53a403b9c2e6f677340bea0307b02d97d07cc54bdfc3,no_salary_hike_no_attrition_no_department,isotonic,7,221,2,2,0.9130434699243857,9.130434699243857e-09,0.08695652094517958
manuscript_final_20260712T175019Z_c664ef152ff3,c664ef152ff3a9eef89c53a403b9c2e6f677340bea0307b02d97d07cc54bdfc3,no_salary_hike_no_attrition_no_department,isotonic,7,225,4,3,9.88235284351557e-09,0.8235294036262976,0.17647058649134947
manuscript_final_20260712T175019Z_c664ef152ff3,c664ef152ff3a9eef89c53a403b9c2e6f677340bea0307b02d97d07cc54bdfc3,no_salary_hike_no_attrition_no_department,isotonic,7,229,2,2,0.6818181753099174,0.3181818151446281,9.545454454338844e-09
manuscript_final_20260712T175019Z_c664ef152ff3,c664ef152ff3a9eef89c53a403b9c2e6f677340bea0307b02d97d07cc54bdfc3,no_salary_hike_no_attrition_no_department,isotonic,7,267,3,3,1.0207939404304588e-08,0.8979205957490147,0.10207939404304589
manuscript_final_20260712T175019Z_c664ef152ff3,c664ef152ff3a9eef89c53a403b9c2e6f677340bea0307b02d97d07cc54bdfc3,no_salary_hike_no_attrition_no_department,isotonic,7,300,3,3,9.88235284351557e-09,0.8235294036262976,0.17647058649134947
manuscript_final_20260712T175019Z_c664ef152ff3,c664ef152ff3a9eef89c53a403b9c2e6f677340bea0307b02d97d07cc54bdfc3,no_salary_hike_no_attrition_no_department,isotonic,7,310,3,3,9.88235284351557e-09,0.8235294036262976,0.17647058649134947
manuscript_final_20260712T175019Z_c664ef152ff3,c664ef152ff3a9eef89c53a403b9c2e6f677340bea0307b02d97d07cc54bdfc3,no_salary_hike_no_attrition_no_department,isotonic,7,315,3,3,1.0207939404304588e-08,0.8979205957490147,0.10207939404304589
manuscript_final_20260712T175019Z_c664ef152ff3,c664ef152ff3a9eef89c53a403b9c2e6f677340bea0307b02d97d07cc54bdfc3,no_salary_hike_no_attrition_no_department,isotonic,7,359,4,3,1.0181290686769165e-08,0.8955764955954358,0.10442349422327347
manuscript_final_20260712T175019Z_c664ef152ff3,c664ef152ff3a9eef89c53a403b9c2e6f677340bea0307b02d97d07cc54bdfc3,no_salary_hike_no_attrition_no_department,isotonic,7,368,3,3,9.88235284351557e-09,0.8235294036262976,0.17647058649134947
manuscript_final_20260712T175019Z_c664ef152ff3,c664ef152ff3a9eef89c53a403b9c2e6f677340bea0307b02d97d07cc54bdfc3,no_salary_hike_no_attrition_no_department,isotonic,7,375,2,2,0.9999999800000006,9.999999800000005e-09,9.999999800000005e-09
manuscript_final_20260712T175019Z_c664ef152ff3,c664ef152ff3a9eef89c53a403b9c2e6f677340bea0307b02d97d07cc54bdfc3,no_salary_hike_no_attrition_no_department,isotonic,7,387,3,3,1.0207939404304588e-08,0.8979205957490147,0.10207939404304589
manuscript_final_20260712T175019Z_c664ef152ff3,c664ef152ff3a9eef89c53a403b9c2e6f677340bea0307b02d97d07cc54bdfc3,no_salary_hike_no_attrition_no_department,isotonic,7,405,2,2,0.9999999800000006,9.999999800000005e-09,9.999999800000005e-09
manuscript_final_20260712T175019Z_c664ef152ff3,c664ef152ff3a9eef89c53a403b9c2e6f677340bea0307b02d97d07cc54bdfc3,no_salary_hike_no_attrition_no_department,isotonic,7,406,4,3,9.88235284351557e-09,0.8235294036262976,0.17647058649134947
manuscript_final_20260712T175019Z_c664ef152ff3,c664ef152ff3a9eef89c53a403b9c2e6f677340bea0307b02d97d07cc54bdfc3,no_salary_hike_no_attrition_no_department,isotonic,7,408,3,3,1.0181290686769165e-08,0.8955764955954358,0.10442349422327347
manuscript_final_20260712T175019Z_c664ef152ff3,c664ef152ff3a9eef89c53a403b9c2e6f677340bea0307b02d97d07cc54bdfc3,no_salary_hike_no_attrition_no_department,isotonic,7,425,2,2,0.9999999800000006,9.999999800000005e-09,9.999999800000005e-09
manuscript_final_20260712T175019Z_c664ef152ff3,c664ef152ff3a9eef89c53a403b9c2e6f677340bea0307b02d97d07cc54bdfc3,no_salary_hike_no_attrition_no_department,isotonic,7,444,3,3,0.06797764990258441,0.9320223389131475,1.1184268066957768e-08
manuscript_final_20260712T175019Z_c664ef152ff3,c664ef152ff3a9eef89c53a403b9c2e6f677340bea0307b02d97d07cc54bdfc3,no_salary_hike_no_attrition_no_department,isotonic,7,446,3,3,0.4518445903680988,0.5481554023231626,7.308738697642168e-09
manuscript_final_20260712T175019Z_c664ef152ff3,c664ef152ff3a9eef89c53a403b9c2e6f677340bea0307b02d97d07cc54bdfc3,no_salary_hike_no_attrition_no_department,isotonic,7,448,3,3,0.22289380044802817,0.6974029995979233,0.07970319995404837
manuscript_final_20260712T175019Z_c664ef152ff3,c664ef152ff3a9eef89c53a403b9c2e6f677340bea0307b02d97d07cc54bdfc3,no_salary_hike_no_attrition_no_department,isotonic,7,451,3,3,1.284403653227843e-08,0.7706421919367057,0.22935779521925767
manuscript_final_20260712T175019Z_c664ef152ff3,c664ef152ff3a9eef89c53a403b9c2e6f677340bea0307b02d97d07cc54bdfc3,no_salary_hike_no_attrition_no_department,isotonic,7,461,3,3,1.0181290686769165e-08,0.8955764955954358,0.10442349422327347
manuscript_final_20260712T175019Z_c664ef152ff3,c664ef152ff3a9eef89c53a403b9c2e6f677340bea0307b02d97d07cc54bdfc3,no_salary_hike_no_attrition_no_department,isotonic,7,474,3,3,1.0181290686769165e-08,0.8955764955954358,0.10442349422327347
manuscript_final_20260712T175019Z_c664ef152ff3,c664ef152ff3a9eef89c53a403b9c2e6f677340bea0307b02d97d07cc54bdfc3,no_salary_hike_no_attrition_no_department,isotonic,7,475,4,3,1.0181290686769165e-08,0.8955764955954358,0.10442349422327347
manuscript_final_20260712T175019Z_c664ef152ff3,c664ef152ff3a9eef89c53a403b9c2e6f677340bea0307b02d97d07cc54bdfc3,no_salary_hike_no_attrition_no_department,isotonic,7,480,3,3,1.0207939404304588e-08,0.8979205957490147,0.10207939404304589
manuscript_final_20260712T175019Z_c664ef152ff3,c664ef152ff3a9eef89c53a403b9c2e6f677340bea0307b02d97d07cc54bdfc3,no_salary_hike_no_attrition_no_department,isotonic,7,481,3,3,9.88235284351557e-09,0.8235294036262976,0.17647058649134947
manuscript_final_20260712T175019Z_c664ef152ff3,c664ef152ff3a9eef89c53a403b9c2e6f677340bea0307b02d97d07cc54bdfc3,no_salary_hike_no_attrition_no_department,isotonic,7,492,2,2,0.9999999800000006,9.999999800000005e-09,9.999999800000005e-09
manuscript_final_20260712T175019Z_c664ef152ff3,c664ef152ff3a9eef89c53a403b9c2e6f677340bea0307b02d97d07cc54bdfc3,no_salary_hike_no_attrition_no_department,isotonic,7,499,3,3,9.88235284351557e-09,0.8235294036262976,0.17647058649134947
manuscript_final_20260712T175019Z_c664ef152ff3,c664ef152ff3a9eef89c53a403b9c2e6f677340bea0307b02d97d07cc54bdfc3,no_salary_hike_no_attrition_no_department,isotonic,7,501,2,2,0.9130434699243857,9.130434699243857e-09,0.08695652094517958
manuscript_final_20260712T175019Z_c664ef152ff3,c664ef152ff3a9eef89c53a403b9c2e6f677340bea0307b02d97d07cc54bdfc3,no_salary_hike_no_attrition_no_department,isotonic,7,503,3,3,1.0257801794370445e-08,0.9023066393196225,0.09769335042257567
manuscript_final_20260712T175019Z_c664ef152ff3,c664ef152ff3a9eef89c53a403b9c2e6f677340bea0307b02d97d07cc54bdfc3,no_salary_hike_no_attrition_no_department,isotonic,7,505,3,3,1.0207939404304588e-08,0.8979205957490147,0.10207939404304589
manuscript_final_20260712T175019Z_c664ef152ff3,c664ef152ff3a9eef89c53a403b9c2e6f677340bea0307b02d97d07cc54bdfc3,no_salary_hike_no_attrition_no_department,isotonic,7,507,3,3,1.0181290686769165e-08,0.8955764955954358,0.10442349422327347
manuscript_final_20260712T175019Z_c664ef152ff3,c664ef152ff3a9eef89c53a403b9c2e6f677340bea0307b02d97d07cc54bdfc3,no_salary_hike_no_attrition_no_department,isotonic,7,509,2,2,0.7169314014180624,0.28306859008988,8.492057702696401e-09
manuscript_final_20260712T175019Z_c664ef152ff3,c664ef152ff3a9eef89c53a403b9c2e6f677340bea0307b02d97d07cc54bdfc3,no_salary_hike_no_attrition_no_department,isotonic,7,513,3,3,1.0181290686769165e-08,0.8955764955954358,0.10442349422327347
manuscript_final_20260712T175019Z_c664ef152ff3,c664ef152ff3a9eef89c53a403b9c2e6f677340bea0307b02d97d07cc54bdfc3,no_salary_hike_no_attrition_no_department,isotonic,7,514,2,2,0.9130434699243857,9.130434699243857e-09,0.08695652094517958
manuscript_final_20260712T175019Z_c664ef152ff3,c664ef152ff3a9eef89c53a403b9c2e6f677340bea0307b02d97d07cc54bdfc3,no_salary_hike_no_attrition_no_department,isotonic,7,518,3,3,1.0181290686769165e-08,0.8955764955954358,0.10442349422327347
manuscript_final_20260712T175019Z_c664ef152ff3,c664ef152ff3a9eef89c53a403b9c2e6f677340bea0307b02d97d07cc54bdfc3,no_salary_hike_no_attrition_no_department,isotonic,7,533,3,3,9.88235284351557e-09,0.8235294036262976,0.17647058649134947
manuscript_final_20260712T175019Z_c664ef152ff3,c664ef152ff3a9eef89c53a403b9c2e6f677340bea0307b02d97d07cc54bdfc3,no_salary_hike_no_attrition_no_department,isotonic,7,543,3,3,1.0207939404304588e-08,0.8979205957490147,0.10207939404304589
manuscript_final_20260712T175019Z_c664ef152ff3,c664ef152ff3a9eef89c53a403b9c2e6f677340bea0307b02d97d07cc54bdfc3,no_salary_hike_no_attrition_no_department,isotonic,7,547,2,2,0.874439451178387,1.2242152316497418e-08,0.12556053657946067
manuscript_final_20260712T175019Z_c664ef152ff3,c664ef152ff3a9eef89c53a403b9c2e6f677340bea0307b02d97d07cc54bdfc3,no_salary_hike_no_attrition_no_department,isotonic,7,548,4,3,9.88235284351557e-09,0.8235294036262976,0.17647058649134947
manuscript_final_20260712T175019Z_c664ef152ff3,c664ef152ff3a9eef89c53a403b9c2e6f677340bea0307b02d97d07cc54bdfc3,no_salary_hike_no_attrition_no_department,isotonic,7,562,3,3,1.0181290686769165e-08,0.8955764955954358,0.10442349422327347
manuscript_final_20260712T175019Z_c664ef152ff3,c664ef152ff3a9eef89c53a403b9c2e6f677340bea0307b02d97d07cc54bdfc3,no_salary_hike_no_attrition_no_department,isotonic,7,574,2,2,0.9999999800000006,9.999999800000005e-09,9.999999800000005e-09
manuscript_final_20260712T175019Z_c664ef152ff3,c664ef152ff3a9eef89c53a403b9c2e6f677340bea0307b02d97d07cc54bdfc3,no_salary_hike_no_attrition_no_department,isotonic,7,575,3,3,9.88235284351557e-09,0.8235294036262976,0.17647058649134947
manuscript_final_20260712T175019Z_c664ef152ff3,c664ef152ff3a9eef89c53a403b9c2e6f677340bea0307b02d97d07cc54bdfc3,no_salary_hike_no_attrition_no_department,isotonic,7,580,3,3,9.88235284351557e-09,0.8235294036262976,0.17647058649134947
manuscript_final_20260712T175019Z_c664ef152ff3,c664ef152ff3a9eef89c53a403b9c2e6f677340bea0307b02d97d07cc54bdfc3,no_salary_hike_no_attrition_no_department,isotonic,7,585,3,3,9.88235284351557e-09,0.8235294036262976,0.17647058649134947
manuscript_final_20260712T175019Z_c664ef152ff3,c664ef152ff3a9eef89c53a403b9c2e6f677340bea0307b02d97d07cc54bdfc3,no_salary_hike_no_attrition_no_department,isotonic,7,605,2,2,0.9130434699243857,9.130434699243857e-09,0.08695652094517958
manuscript_final_20260712T175019Z_c664ef152ff3,c664ef152ff3a9eef89c53a403b9c2e6f677340bea0307b02d97d07cc54bdfc3,no_salary_hike_no_attrition_no_department,isotonic,7,624,3,3,1.0207939404304588e-08,0.8979205957490147,0.10207939404304589
manuscript_final_20260712T175019Z_c664ef152ff3,c664ef152ff3a9eef89c53a403b9c2e6f677340bea0307b02d97d07cc54bdfc3,no_salary_hike_no_attrition_no_department,isotonic,7,627,4,3,1.0181290686769165e-08,0.8955764955954358,0.10442349422327347
manuscript_final_20260712T175019Z_c664ef152ff3,c664ef152ff3a9eef89c53a403b9c2e6f677340bea0307b02d97d07cc54bdfc3,no_salary_hike_no_attrition_no_department,isotonic,7,655,2,2,0.9130434699243857,9.130434699243857e-09,0.08695652094517958
manuscript_final_20260712T175019Z_c664ef152ff3,c664ef152ff3a9eef89c53a403b9c2e6f677340bea0307b02d97d07cc54bdfc3,no_salary_hike_no_attrition_no_department,isotonic,7,661,2,2,0.6210191082802548,0.28980891719745216,0.08917197452229297
manuscript_final_20260712T175019Z_c664ef152ff3,c664ef152ff3a9eef89c53a403b9c2e6f677340bea0307b02d97d07cc54bdfc3,no_salary_hike_no_attrition_no_department,isotonic,7,670,3,3,1.019097173476027e-08,0.89642806926132,0.10357192054770817
manuscript_final_20260712T175019Z_c664ef152ff3,c664ef152ff3a9eef89c53a403b9c2e6f677340bea0307b02d97d07cc54bdfc3,no_salary_hike_no_attrition_no_department,isotonic,7,690,3,3,1.0181290686769165e-08,0.8955764955954358,0.10442349422327347
manuscript_final_20260712T175019Z_c664ef152ff3,c664ef152ff3a9eef89c53a403b9c2e6f677340bea0307b02d97d07cc54bdfc3,no_salary_hike_no_attrition_no_department,isotonic,7,708,3,3,9.88235284351557e-09,0.8235294036262976,0.17647058649134947
manuscript_final_20260712T175019Z_c664ef152ff3,c664ef152ff3a9eef89c53a403b9c2e6f677340bea0307b02d97d07cc54bdfc3,no_salary_hike_no_attrition_no_department,isotonic,7,718,2,2,0.6245012403039971,0.2914339121418653,0.08406484755413744
manuscript_final_20260712T175019Z_c664ef152ff3,c664ef152ff3a9eef89c53a403b9c2e6f677340bea0307b02d97d07cc54bdfc3,no_salary_hike_no_attrition_no_department,isotonic,7,726,3,3,1.0181290686769165e-08,0.8955764955954358,0.10442349422327347
manuscript_final_20260712T175019Z_c664ef152ff3,c664ef152ff3a9eef89c53a403b9c2e6f677340bea0307b02d97d07cc54bdfc3,no_salary_hike_no_attrition_no_department,isotonic,7,731,4,3,1.0181290686769165e-08,0.8955764955954358,0.10442349422327347
manuscript_final_20260712T175019Z_c664ef152ff3,c664ef152ff3a9eef89c53a403b9c2e6f677340bea0307b02d97d07cc54bdfc3,no_salary_hike_no_attrition_no_department,isotonic,7,736,3,3,1.0181290686769165e-08,0.8955764955954358,0.10442349422327347
manuscript_final_20260712T175019Z_c664ef152ff3,c664ef152ff3a9eef89c53a403b9c2e6f677340bea0307b02d97d07cc54bdfc3,no_salary_hike_no_attrition_no_department,isotonic,7,747,3,3,9.88235284351557e-09,0.8235294036262976,0.17647058649134947
manuscript_final_20260712T175019Z_c664ef152ff3,c664ef152ff3a9eef89c53a403b9c2e6f677340bea0307b02d97d07cc54bdfc3,no_salary_hike_no_attrition_no_department,isotonic,7,754,3,3,1.0181290686769165e-08,0.8955764955954358,0.10442349422327347
manuscript_final_20260712T175019Z_c664ef152ff3,c664ef152ff3a9eef89c53a403b9c2e6f677340bea0307b02d97d07cc54bdfc3,no_salary_hike_no_attrition_no_department,isotonic,7,761,3,3,9.88235284351557e-09,0.8235294036262976,0.17647058649134947
manuscript_final_20260712T175019Z_c664ef152ff3,c664ef152ff3a9eef89c53a403b9c2e6f677340bea0307b02d97d07cc54bdfc3,no_salary_hike_no_attrition_no_department,isotonic,7,771,3,3,1.0207939404304588e-08,0.8979205957490147,0.10207939404304589
manuscript_final_20260712T175019Z_c664ef152ff3,c664ef152ff3a9eef89c53a403b9c2e6f677340bea0307b02d97d07cc54bdfc3,no_salary_hike_no_attrition_no_department,isotonic,7,773,2,2,0.6818181753099174,0.3181818151446281,9.545454454338844e-09
manuscript_final_20260712T175019Z_c664ef152ff3,c664ef152ff3a9eef89c53a403b9c2e6f677340bea0307b02d97d07cc54bdfc3,no_salary_hike_no_attrition_no_department,isotonic,7,774,3,3,1.0181290686769165e-08,0.8955764955954358,0.10442349422327347
manuscript_final_20260712T175019Z_c664ef152ff3,c664ef152ff3a9eef89c53a403b9c2e6f677340bea0307b02d97d07cc54bdfc3,no_salary_hike_no_attrition_no_department,isotonic,7,791,3,3,1.0257801794370445e-08,0.9023066393196225,0.09769335042257567
manuscript_final_20260712T175019Z_c664ef152ff3,c664ef152ff3a9eef89c53a403b9c2e6f677340bea0307b02d97d07cc54bdfc3,no_salary_hike_no_attrition_no_department,isotonic,7,830,3,3,1.0207939404304588e-08,0.8979205957490147,0.10207939404304589
manuscript_final_20260712T175019Z_c664ef152ff3,c664ef152ff3a9eef89c53a403b9c2e6f677340bea0307b02d97d07cc54bdfc3,no_salary_hike_no_attrition_no_department,isotonic,7,835,3,3,1.0181290686769165e-08,0.8955764955954358,0.10442349422327347
manuscript_final_20260712T175019Z_c664ef152ff3,c664ef152ff3a9eef89c53a403b9c2e6f677340bea0307b02d97d07cc54bdfc3,no_salary_hike_no_attrition_no_department,isotonic,7,840,3,3,1.0181290686769165e-08,0.8955764955954358,0.10442349422327347
manuscript_final_20260712T175019Z_c664ef152ff3,c664ef152ff3a9eef89c53a403b9c2e6f677340bea0307b02d97d07cc54bdfc3,no_salary_hike_no_attrition_no_department,isotonic,7,855,4,3,1.0207939404304588e-08,0.8979205957490147,0.10207939404304589
manuscript_final_20260712T175019Z_c664ef152ff3,c664ef152ff3a9eef89c53a403b9c2e6f677340bea0307b02d97d07cc54bdfc3,no_salary_hike_no_attrition_no_department,isotonic,7,860,3,3,1.0181290686769165e-08,0.8955764955954358,0.10442349422327347
manuscript_final_20260712T175019Z_c664ef152ff3,c664ef152ff3a9eef89c53a403b9c2e6f677340bea0307b02d97d07cc54bdfc3,no_salary_hike_no_attrition_no_department,isotonic,7,865,2,2,0.9130434699243857,9.130434699243857e-09,0.08695652094517958
manuscript_final_20260712T175019Z_c664ef152ff3,c664ef152ff3a9eef89c53a403b9c2e6f677340bea0307b02d97d07cc54bdfc3,no_salary_hike_no_attrition_no_department,isotonic,7,866,3,3,1.0181290686769165e-08,0.8955764955954358,0.10442349422327347
manuscript_final_20260712T175019Z_c664ef152ff3,c664ef152ff3a9eef89c53a403b9c2e6f677340bea0307b02d97d07cc54bdfc3,no_salary_hike_no_attrition_no_department,isotonic,7,872,3,3,1.0183710275411981e-08,0.8957893297816094,0.1042106600346803
manuscript_final_20260712T175019Z_c664ef152ff3,c664ef152ff3a9eef89c53a403b9c2e6f677340bea0307b02d97d07cc54bdfc3,no_salary_hike_no_attrition_no_department,isotonic,7,894,3,3,1.0714285599489796e-08,0.8928571332908164,0.10714285599489796
manuscript_final_20260712T175019Z_c664ef152ff3,c664ef152ff3a9eef89c53a403b9c2e6f677340bea0307b02d97d07cc54bdfc3,no_salary_hike_no_attrition_no_department,isotonic,7,898,3,3,1.0181290686769165e-08,0.8955764955954358,0.10442349422327347
manuscript_final_20260712T175019Z_c664ef152ff3,c664ef152ff3a9eef89c53a403b9c2e6f677340bea0307b02d97d07cc54bdfc3,no_salary_hike_no_attrition_no_department,isotonic,7,940,3,3,9.88235284351557e-09,0.8235294036262976,0.17647058649134947
manuscript_final_20260712T175019Z_c664ef152ff3,c664ef152ff3a9eef89c53a403b9c2e6f677340bea0307b02d97d07cc54bdfc3,no_salary_hike_no_attrition_no_department,isotonic,7,953,4,3,1.0181290686769165e-08,0.8955764955954358,0.10442349422327347
manuscript_final_20260712T175019Z_c664ef152ff3,c664ef152ff3a9eef89c53a403b9c2e6f677340bea0307b02d97d07cc54bdfc3,no_salary_hike_no_attrition_no_department,isotonic,7,962,2,2,0.4893196665623448,0.436128459943107,0.07455187349454821
manuscript_final_20260712T175019Z_c664ef152ff3,c664ef152ff3a9eef89c53a403b9c2e6f677340bea0307b02d97d07cc54bdfc3,no_salary_hike_no_attrition_no_department,isotonic,7,982,3,3,1.0181290686769165e-08,0.8955764955954358,0.10442349422327347
manuscript_final_20260712T175019Z_c664ef152ff3,c664ef152ff3a9eef89c53a403b9c2e6f677340bea0307b02d97d07cc54bdfc3,no_salary_hike_no_attrition_no_department,isotonic,7,984,3,3,1.0181290686769165e-08,0.8955764955954358,0.10442349422327347
manuscript_final_20260712T175019Z_c664ef152ff3,c664ef152ff3a9eef89c53a403b9c2e6f677340bea0307b02d97d07cc54bdfc3,no_salary_hike_no_attrition_no_department,isotonic,7,990,4,3,9.88235284351557e-09,0.8235294036262976,0.17647058649134947
manuscript_final_20260712T175019Z_c664ef152ff3,c664ef152ff3a9eef89c53a403b9c2e6f677340bea0307b02d97d07cc54bdfc3,no_salary_hike_no_attrition_no_department,isotonic,7,991,4,3,9.88235284351557e-09,0.8235294036262976,0.17647058649134947
manuscript_final_20260712T175019Z_c664ef152ff3,c664ef152ff3a9eef89c53a403b9c2e6f677340bea0307b02d97d07cc54bdfc3,no_salary_hike_no_attrition_no_department,isotonic,7,996,3,3,1.136842079414959e-08,0.9999999772631583,1.136842079414959e-08
manuscript_final_20260712T175019Z_c664ef152ff3,c664ef152ff3a9eef89c53a403b9c2e6f677340bea0307b02d97d07cc54bdfc3,no_salary_hike_no_attrition_no_department,isotonic,7,999,2,2,0.9999999800000006,9.999999800000005e-09,9.999999800000005e-09
manuscript_final_20260712T175019Z_c664ef152ff3,c664ef152ff3a9eef89c53a403b9c2e6f677340bea0307b02d97d07cc54bdfc3,no_salary_hike_no_attrition_no_department,isotonic,7,1006,3,3,9.88235284351557e-09,0.8235294036262976,0.17647058649134947
manuscript_final_20260712T175019Z_c664ef152ff3,c664ef152ff3a9eef89c53a403b9c2e6f677340bea0307b02d97d07cc54bdfc3,no_salary_hike_no_attrition_no_department,isotonic,7,1008,3,3,9.88235284351557e-09,0.8235294036262976,0.17647058649134947
manuscript_final_20260712T175019Z_c664ef152ff3,c664ef152ff3a9eef89c53a403b9c2e6f677340bea0307b02d97d07cc54bdfc3,no_salary_hike_no_attrition_no_department,isotonic,7,1012,3,3,1.0181290686769165e-08,0.8955764955954358,0.10442349422327347
manuscript_final_20260712T175019Z_c664ef152ff3,c664ef152ff3a9eef89c53a403b9c2e6f677340bea0307b02d97d07cc54bdfc3,no_salary_hike_no_attrition_no_department,isotonic,7,1022,3,3,1.0207939404304588e-08,0.8979205957490147,0.10207939404304589
manuscript_final_20260712T175019Z_c664ef152ff3,c664ef152ff3a9eef89c53a403b9c2e6f677340bea0307b02d97d07cc54bdfc3,no_salary_hike_no_attrition_no_department,isotonic,7,1024,3,2,0.9999999800000006,9.999999800000005e-09,9.999999800000005e-09
manuscript_final_20260712T175019Z_c664ef152ff3,c664ef152ff3a9eef89c53a403b9c2e6f677340bea0307b02d97d07cc54bdfc3,no_salary_hike_no_attrition_no_department,isotonic,7,1029,3,3,9.885764666360349e-09,0.9058498504346129,0.09415013967962237
manuscript_final_20260712T175019Z_c664ef152ff3,c664ef152ff3a9eef89c53a403b9c2e6f677340bea0307b02d97d07cc54bdfc3,no_salary_hike_no_attrition_no_department,isotonic,7,1046,3,3,1.0181290686769165e-08,0.8955764955954358,0.10442349422327347
manuscript_final_20260712T175019Z_c664ef152ff3,c664ef152ff3a9eef89c53a403b9c2e6f677340bea0307b02d97d07cc54bdfc3,no_salary_hike_no_attrition_no_department,isotonic,7,1088,3,3,1.0714285599489796e-08,0.8928571332908164,0.10714285599489796
manuscript_final_20260712T175019Z_c664ef152ff3,c664ef152ff3a9eef89c53a403b9c2e6f677340bea0307b02d97d07cc54bdfc3,no_salary_hike_no_attrition_no_department,isotonic,7,1099,3,3,1.0181290686769165e-08,0.8955764955954358,0.10442349422327347
manuscript_final_20260712T175019Z_c664ef152ff3,c664ef152ff3a9eef89c53a403b9c2e6f677340bea0307b02d97d07cc54bdfc3,no_salary_hike_no_attrition_no_department,isotonic,7,1103,4,3,1.0181290686769165e-08,0.8955764955954358,0.10442349422327347
manuscript_final_20260712T175019Z_c664ef152ff3,c664ef152ff3a9eef89c53a403b9c2e6f677340bea0307b02d97d07cc54bdfc3,no_salary_hike_no_attrition_no_department,isotonic,7,1104,3,3,0.2037109864973071,0.7146183454511348,0.08167066805155826
manuscript_final_20260712T175019Z_c664ef152ff3,c664ef152ff3a9eef89c53a403b9c2e6f677340bea0307b02d97d07cc54bdfc3,no_salary_hike_no_attrition_no_department,isotonic,7,1116,3,3,1.0207939404304588e-08,0.8979205957490147,0.10207939404304589
manuscript_final_20260712T175019Z_c664ef152ff3,c664ef152ff3a9eef89c53a403b9c2e6f677340bea0307b02d97d07cc54bdfc3,no_salary_hike_no_attrition_no_department,isotonic,7,1122,3,3,9.88235284351557e-09,0.8235294036262976,0.17647058649134947
manuscript_final_20260712T175019Z_c664ef152ff3,c664ef152ff3a9eef89c53a403b9c2e6f677340bea0307b02d97d07cc54bdfc3,no_salary_hike_no_attrition_no_department,isotonic,7,1138,3,3,9.88235284351557e-09,0.8235294036262976,0.17647058649134947
manuscript_final_20260712T175019Z_c664ef152ff3,c664ef152ff3a9eef89c53a403b9c2e6f677340bea0307b02d97d07cc54bdfc3,no_salary_hike_no_attrition_no_department,isotonic,7,1139,3,3,9.90837040092103e-09,0.8230648043608969,0.17693518573073266
manuscript_final_20260712T175019Z_c664ef152ff3,c664ef152ff3a9eef89c53a403b9c2e6f677340bea0307b02d97d07cc54bdfc3,no_salary_hike_no_attrition_no_department,isotonic,7,1154,3,3,9.88235284351557e-09,0.8235294036262976,0.17647058649134947
manuscript_final_20260712T175019Z_c664ef152ff3,c664ef152ff3a9eef89c53a403b9c2e6f677340bea0307b02d97d07cc54bdfc3,no_salary_hike_no_attrition_no_department,isotonic,7,1199,2,2,0.6411009373007185,0.27914371543277455,0.07975534726650702
manuscript_final_20260712T175019Z_c664ef152ff3,c664ef152ff3a9eef89c53a403b9c2e6f677340bea0307b02d97d07cc54bdfc3,no_salary_hike_no_attrition_no_department,raw,8,10,3,3,0.056446984778278406,0.9306641281718844,0.012888887049837233
manuscript_final_20260712T175019Z_c664ef152ff3,c664ef152ff3a9eef89c53a403b9c2e6f677340bea0307b02d97d07cc54bdfc3,no_salary_hike_no_attrition_no_department,raw,8,31,4,3,0.0027058457899559233,0.9397217177510987,0.05757243645894536
manuscript_final_20260712T175019Z_c664ef152ff3,c664ef152ff3a9eef89c53a403b9c2e6f677340bea0307b02d97d07cc54bdfc3,no_salary_hike_no_attrition_no_department,raw,8,57,3,3,0.0009187149949369896,0.9833685400844263,0.01571274492063665
manuscript_final_20260712T175019Z_c664ef152ff3,c664ef152ff3a9eef89c53a403b9c2e6f677340bea0307b02d97d07cc54bdfc3,no_salary_hike_no_attrition_no_department,raw,8,62,3,3,0.1836358007348407,0.8033987864788644,0.012965412786294869
manuscript_final_20260712T175019Z_c664ef152ff3,c664ef152ff3a9eef89c53a403b9c2e6f677340bea0307b02d97d07cc54bdfc3,no_salary_hike_no_attrition_no_department,raw,8,63,3,3,0.14756222948802886,0.7850615850127688,0.06737618549920234
manuscript_final_20260712T175019Z_c664ef152ff3,c664ef152ff3a9eef89c53a403b9c2e6f677340bea0307b02d97d07cc54bdfc3,no_salary_hike_no_attrition_no_department,raw,8,65,3,3,0.003401864796789854,0.9011982112696336,0.09539992393357655
manuscript_final_20260712T175019Z_c664ef152ff3,c664ef152ff3a9eef89c53a403b9c2e6f677340bea0307b02d97d07cc54bdfc3,no_salary_hike_no_attrition_no_department,raw,8,78,3,3,0.0009311793783494541,0.8514921019581839,0.14757671866346664
manuscript_final_20260712T175019Z_c664ef152ff3,c664ef152ff3a9eef89c53a403b9c2e6f677340bea0307b02d97d07cc54bdfc3,no_salary_hike_no_attrition_no_department,raw,8,95,3,3,0.000490204006970782,0.9660056500513279,0.03350414594170141
manuscript_final_20260712T175019Z_c664ef152ff3,c664ef152ff3a9eef89c53a403b9c2e6f677340bea0307b02d97d07cc54bdfc3,no_salary_hike_no_attrition_no_department,raw,8,98,4,3,0.0013007339676489444,0.8522571266013088,0.14644213943104228
manuscript_final_20260712T175019Z_c664ef152ff3,c664ef152ff3a9eef89c53a403b9c2e6f677340bea0307b02d97d07cc54bdfc3,no_salary_hike_no_attrition_no_department,raw,8,108,3,3,0.0020448283877039118,0.9208567196087488,0.0770984520035473
manuscript_final_20260712T175019Z_c664ef152ff3,c664ef152ff3a9eef89c53a403b9c2e6f677340bea0307b02d97d07cc54bdfc3,no_salary_hike_no_attrition_no_department,raw,8,131,3,3,0.009565624733956083,0.9521928422626916,0.03824153300335236
manuscript_final_20260712T175019Z_c664ef152ff3,c664ef152ff3a9eef89c53a403b9c2e6f677340bea0307b02d97d07cc54bdfc3,no_salary_hike_no_attrition_no_department,raw,8,141,3,3,0.0021639414206449776,0.9281744589587538,0.06966159962060117
manuscript_final_20260712T175019Z_c664ef152ff3,c664ef152ff3a9eef89c53a403b9c2e6f677340bea0307b02d97d07cc54bdfc3,no_salary_hike_no_attrition_no_department,raw,8,173,3,3,0.0023959381751300027,0.9783588152024402,0.019245246622429896
manuscript_final_20260712T175019Z_c664ef152ff3,c664ef152ff3a9eef89c53a403b9c2e6f677340bea0307b02d97d07cc54bdfc3,no_salary_hike_no_attrition_no_department,raw,8,190,4,3,0.0002339764746319201,0.9845608414798751,0.015205182045493003
manuscript_final_20260712T175019Z_c664ef152ff3,c664ef152ff3a9eef89c53a403b9c2e6f677340bea0307b02d97d07cc54bdfc3,no_salary_hike_no_attrition_no_department,raw,8,207,3,3,0.006158078934651628,0.9357232320719878,0.058118688993360534
manuscript_final_20260712T175019Z_c664ef152ff3,c664ef152ff3a9eef89c53a403b9c2e6f677340bea0307b02d97d07cc54bdfc3,no_salary_hike_no_attrition_no_department,raw,8,209,2,2,0.8495450855889088,0.13761533220048067,0.012839582210610436
manuscript_final_20260712T175019Z_c664ef152ff3,c664ef152ff3a9eef89c53a403b9c2e6f677340bea0307b02d97d07cc54bdfc3,no_salary_hike_no_attrition_no_department,raw,8,214,3,3,0.005999451290835488,0.6350277437539266,0.3589728049552379
manuscript_final_20260712T175019Z_c664ef152ff3,c664ef152ff3a9eef89c53a403b9c2e6f677340bea0307b02d97d07cc54bdfc3,no_salary_hike_no_attrition_no_department,raw,8,271,3,3,0.0008090994360192838,0.6288078042824584,0.3703830962815223
manuscript_final_20260712T175019Z_c664ef152ff3,c664ef152ff3a9eef89c53a403b9c2e6f677340bea0307b02d97d07cc54bdfc3,no_salary_hike_no_attrition_no_department,raw,8,272,4,3,0.002422669469498757,0.8975960733510023,0.09998125717949889
manuscript_final_20260712T175019Z_c664ef152ff3,c664ef152ff3a9eef89c53a403b9c2e6f677340bea0307b02d97d07cc54bdfc3,no_salary_hike_no_attrition_no_department,raw,8,276,3,3,0.0027085723794836912,0.8603992305902904,0.13689219703022593
manuscript_final_20260712T175019Z_c664ef152ff3,c664ef152ff3a9eef89c53a403b9c2e6f677340bea0307b02d97d07cc54bdfc3,no_salary_hike_no_attrition_no_department,raw,8,277,4,3,0.007115808547524083,0.9267961684967073,0.06608802295576856
manuscript_final_20260712T175019Z_c664ef152ff3,c664ef152ff3a9eef89c53a403b9c2e6f677340bea0307b02d97d07cc54bdfc3,no_salary_hike_no_attrition_no_department,raw,8,283,4,3,0.0013157803621937623,0.9841624714907616,0.01452174814704461
manuscript_final_20260712T175019Z_c664ef152ff3,c664ef152ff3a9eef89c53a403b9c2e6f677340bea0307b02d97d07cc54bdfc3,no_salary_hike_no_attrition_no_department,raw,8,285,4,3,0.003996775466963763,0.9610024645877887,0.03500075994524751
manuscript_final_20260712T175019Z_c664ef152ff3,c664ef152ff3a9eef89c53a403b9c2e6f677340bea0307b02d97d07cc54bdfc3,no_salary_hike_no_attrition_no_department,raw,8,291,2,2,0.919927907063617,0.06121477937047082,0.01885731356591209
manuscript_final_20260712T175019Z_c664ef152ff3,c664ef152ff3a9eef89c53a403b9c2e6f677340bea0307b02d97d07cc54bdfc3,no_salary_hike_no_attrition_no_department,raw,8,293,2,2,0.8318028899324756,0.15904101098364093,0.009156099083883451
manuscript_final_20260712T175019Z_c664ef152ff3,c664ef152ff3a9eef89c53a403b9c2e6f677340bea0307b02d97d07cc54bdfc3,no_salary_hike_no_attrition_no_department,raw,8,296,3,3,0.0011458413927051161,0.8867225301158559,0.11213162849143898
manuscript_final_20260712T175019Z_c664ef152ff3,c664ef152ff3a9eef89c53a403b9c2e6f677340bea0307b02d97d07cc54bdfc3,no_salary_hike_no_attrition_no_department,raw,8,308,3,3,0.002140657507617971,0.9570988999347684,0.04076044255761368
manuscript_final_20260712T175019Z_c664ef152ff3,c664ef152ff3a9eef89c53a403b9c2e6f677340bea0307b02d97d07cc54bdfc3,no_salary_hike_no_attrition_no_department,raw,8,323,3,3,0.19973641633987427,0.6713179349899292,0.12894564867019653
manuscript_final_20260712T175019Z_c664ef152ff3,c664ef152ff3a9eef89c53a403b9c2e6f677340bea0307b02d97d07cc54bdfc3,no_salary_hike_no_attrition_no_department,raw,8,327,3,3,0.002634456777805453,0.9819132103982445,0.015452332823950067
manuscript_final_20260712T175019Z_c664ef152ff3,c664ef152ff3a9eef89c53a403b9c2e6f677340bea0307b02d97d07cc54bdfc3,no_salary_hike_no_attrition_no_department,raw,8,330,3,3,0.001764965716695735,0.9826555293257813,0.015579504957522985
manuscript_final_20260712T175019Z_c664ef152ff3,c664ef152ff3a9eef89c53a403b9c2e6f677340bea0307b02d97d07cc54bdfc3,no_salary_hike_no_attrition_no_department,raw,8,332,3,3,0.003000863248915447,0.777283579595401,0.21971555715568358
manuscript_final_20260712T175019Z_c664ef152ff3,c664ef152ff3a9eef89c53a403b9c2e6f677340bea0307b02d97d07cc54bdfc3,no_salary_hike_no_attrition_no_department,raw,8,335,3,3,0.0027607042306016564,0.9479678973097259,0.049271398459672495
manuscript_final_20260712T175019Z_c664ef152ff3,c664ef152ff3a9eef89c53a403b9c2e6f677340bea0307b02d97d07cc54bdfc3,no_salary_hike_no_attrition_no_department,raw,8,346,3,3,0.0034228166021037327,0.8734356978576676,0.12314148554022865
manuscript_final_20260712T175019Z_c664ef152ff3,c664ef152ff3a9eef89c53a403b9c2e6f677340bea0307b02d97d07cc54bdfc3,no_salary_hike_no_attrition_no_department,raw,8,348,2,2,0.785845039811274,0.18358527089732649,0.03056968929139955
manuscript_final_20260712T175019Z_c664ef152ff3,c664ef152ff3a9eef89c53a403b9c2e6f677340bea0307b02d97d07cc54bdfc3,no_salary_hike_no_attrition_no_department,raw,8,351,3,3,0.004199783180847381,0.9561106250957848,0.03968959172336784
manuscript_final_20260712T175019Z_c664ef152ff3,c664ef152ff3a9eef89c53a403b9c2e6f677340bea0307b02d97d07cc54bdfc3,no_salary_hike_no_attrition_no_department,raw,8,360,2,2,0.8966782588882939,0.1012857321506098,0.002036008961096306
manuscript_final_20260712T175019Z_c664ef152ff3,c664ef152ff3a9eef89c53a403b9c2e6f677340bea0307b02d97d07cc54bdfc3,no_salary_hike_no_attrition_no_department,raw,8,365,3,3,0.0012942446765695076,0.6775174808751432,0.32118827444828735
manuscript_final_20260712T175019Z_c664ef152ff3,c664ef152ff3a9eef89c53a403b9c2e6f677340bea0307b02d97d07cc54bdfc3,no_salary_hike_no_attrition_no_department,raw,8,369,2,2,0.6695455412498942,0.2191612753147077,0.1112931834353981
manuscript_final_20260712T175019Z_c664ef152ff3,c664ef152ff3a9eef89c53a403b9c2e6f677340bea0307b02d97d07cc54bdfc3,no_salary_hike_no_attrition_no_department,raw,8,393,3,3,0.002171807785162626,0.9178756879359729,0.07995250427886455
manuscript_final_20260712T175019Z_c664ef152ff3,c664ef152ff3a9eef89c53a403b9c2e6f677340bea0307b02d97d07cc54bdfc3,no_salary_hike_no_attrition_no_department,raw,8,411,2,2,0.967807400880761,0.026219334148111124,0.005973264971127909
manuscript_final_20260712T175019Z_c664ef152ff3,c664ef152ff3a9eef89c53a403b9c2e6f677340bea0307b02d97d07cc54bdfc3,no_salary_hike_no_attrition_no_department,raw,8,418,3,3,0.00413708914325533,0.9230562149038906,0.07280669595285413
manuscript_final_20260712T175019Z_c664ef152ff3,c664ef152ff3a9eef89c53a403b9c2e6f677340bea0307b02d97d07cc54bdfc3,no_salary_hike_no_attrition_no_department,raw,8,420,2,2,0.9667689575169013,0.026378634702911723,0.006852407780187023
manuscript_final_20260712T175019Z_c664ef152ff3,c664ef152ff3a9eef89c53a403b9c2e6f677340bea0307b02d97d07cc54bdfc3,no_salary_hike_no_attrition_no_department,raw,8,431,3,3,0.0013242019007415964,0.9473022580359495,0.051373540063308944
manuscript_final_20260712T175019Z_c664ef152ff3,c664ef152ff3a9eef89c53a403b9c2e6f677340bea0307b02d97d07cc54bdfc3,no_salary_hike_no_attrition_no_department,raw,8,439,3,3,0.0017701505806943176,0.9098643484714579,0.08836550094784784
manuscript_final_20260712T175019Z_c664ef152ff3,c664ef152ff3a9eef89c53a403b9c2e6f677340bea0307b02d97d07cc54bdfc3,no_salary_hike_no_attrition_no_department,raw,8,440,3,3,0.011629596872460702,0.8244012366712646,0.16396916645627468
manuscript_final_20260712T175019Z_c664ef152ff3,c664ef152ff3a9eef89c53a403b9c2e6f677340bea0307b02d97d07cc54bdfc3,no_salary_hike_no_attrition_no_department,raw,8,498,3,3,0.0019571736715564467,0.7628005067058786,0.23524231962256498
manuscript_final_20260712T175019Z_c664ef152ff3,c664ef152ff3a9eef89c53a403b9c2e6f677340bea0307b02d97d07cc54bdfc3,no_salary_hike_no_attrition_no_department,raw,8,502,3,3,0.006726327245731314,0.9721447671517162,0.02112890560255256
manuscript_final_20260712T175019Z_c664ef152ff3,c664ef152ff3a9eef89c53a403b9c2e6f677340bea0307b02d97d07cc54bdfc3,no_salary_hike_no_attrition_no_department,raw,8,506,3,3,0.0018306789118937132,0.9099463306688738,0.08822299041923248
manuscript_final_20260712T175019Z_c664ef152ff3,c664ef152ff3a9eef89c53a403b9c2e6f677340bea0307b02d97d07cc54bdfc3,no_salary_hike_no_attrition_no_department,raw,8,519,4,3,0.0033222495909295295,0.6999445725451902,0.29673317786388037
manuscript_final_20260712T175019Z_c664ef152ff3,c664ef152ff3a9eef89c53a403b9c2e6f677340bea0307b02d97d07cc54bdfc3,no_salary_hike_no_attrition_no_department,raw,8,573,3,3,0.0014500710896088137,0.7561549442125163,0.2423949846978749
manuscript_final_20260712T175019Z_c664ef152ff3,c664ef152ff3a9eef89c53a403b9c2e6f677340bea0307b02d97d07cc54bdfc3,no_salary_hike_no_attrition_no_department,raw,8,583,3,3,0.00015728295532967842,0.9205153320368408,0.07932738500782958
manuscript_final_20260712T175019Z_c664ef152ff3,c664ef152ff3a9eef89c53a403b9c2e6f677340bea0307b02d97d07cc54bdfc3,no_salary_hike_no_attrition_no_department,raw,8,606,3,3,0.001414528372798002,0.9665561478178684,0.03202932380933361
manuscript_final_20260712T175019Z_c664ef152ff3,c664ef152ff3a9eef89c53a403b9c2e6f677340bea0307b02d97d07cc54bdfc3,no_salary_hike_no_attrition_no_department,raw,8,613,3,3,0.0032385498871418234,0.9719885586837752,0.024772891429083062
manuscript_final_20260712T175019Z_c664ef152ff3,c664ef152ff3a9eef89c53a403b9c2e6f677340bea0307b02d97d07cc54bdfc3,no_salary_hike_no_attrition_no_department,raw,8,629,3,4,0.0015208262728846197,0.44770858411022746,0.5507705896168879
manuscript_final_20260712T175019Z_c664ef152ff3,c664ef152ff3a9eef89c53a403b9c2e6f677340bea0307b02d97d07cc54bdfc3,no_salary_hike_no_attrition_no_department,raw,8,634,3,3,0.0031420668557512023,0.9743161355164726,0.02254179762777627
manuscript_final_20260712T175019Z_c664ef152ff3,c664ef152ff3a9eef89c53a403b9c2e6f677340bea0307b02d97d07cc54bdfc3,no_salary_hike_no_attrition_no_department,raw,8,637,3,3,0.0003333060555454299,0.8656068342222493,0.13405985972220535
manuscript_final_20260712T175019Z_c664ef152ff3,c664ef152ff3a9eef89c53a403b9c2e6f677340bea0307b02d97d07cc54bdfc3,no_salary_hike_no_attrition_no_department,raw,8,647,4,3,0.0007184961421463198,0.7353759843954689,0.2639055194623847
manuscript_final_20260712T175019Z_c664ef152ff3,c664ef152ff3a9eef89c53a403b9c2e6f677340bea0307b02d97d07cc54bdfc3,no_salary_hike_no_attrition_no_department,raw,8,662,2,3,0.016251694744021897,0.9754551848955584,0.008293120360419758
manuscript_final_20260712T175019Z_c664ef152ff3,c664ef152ff3a9eef89c53a403b9c2e6f677340bea0307b02d97d07cc54bdfc3,no_salary_hike_no_attrition_no_department,raw,8,673,2,2,0.8362981563904189,0.1520708738159334,0.011630969793647646
manuscript_final_20260712T175019Z_c664ef152ff3,c664ef152ff3a9eef89c53a403b9c2e6f677340bea0307b02d97d07cc54bdfc3,no_salary_hike_no_attrition_no_department,raw,8,686,3,3,0.003921742335536706,0.7085488049272639,0.28752945273719943
manuscript_final_20260712T175019Z_c664ef152ff3,c664ef152ff3a9eef89c53a403b9c2e6f677340bea0307b02d97d07cc54bdfc3,no_salary_hike_no_attrition_no_department,raw,8,716,2,2,0.8497223836259215,0.1481553760046609,0.0021222403694176667
manuscript_final_20260712T175019Z_c664ef152ff3,c664ef152ff3a9eef89c53a403b9c2e6f677340bea0307b02d97d07cc54bdfc3,no_salary_hike_no_attrition_no_department,raw,8,721,2,3,0.4653164321674568,0.4992395527377558,0.035444015094787444
manuscript_final_20260712T175019Z_c664ef152ff3,c664ef152ff3a9eef89c53a403b9c2e6f677340bea0307b02d97d07cc54bdfc3,no_salary_hike_no_attrition_no_department,raw,8,723,3,3,0.0017313034737410017,0.7914426709042514,0.20682602562200766
manuscript_final_20260712T175019Z_c664ef152ff3,c664ef152ff3a9eef89c53a403b9c2e6f677340bea0307b02d97d07cc54bdfc3,no_salary_hike_no_attrition_no_department,raw,8,740,2,2,0.8760846020166971,0.10557435885562728,0.018341039127675558
manuscript_final_20260712T175019Z_c664ef152ff3,c664ef152ff3a9eef89c53a403b9c2e6f677340bea0307b02d97d07cc54bdfc3,no_salary_hike_no_attrition_no_department,raw,8,764,3,2,0.7872135043144226,0.14826565980911255,0.06452083587646484
manuscript_final_20260712T175019Z_c664ef152ff3,c664ef152ff3a9eef89c53a403b9c2e6f677340bea0307b02d97d07cc54bdfc3,no_salary_hike_no_attrition_no_department,raw,8,766,2,3,0.04365238011161955,0.9526524186653459,0.003695201223034552
manuscript_final_20260712T175019Z_c664ef152ff3,c664ef152ff3a9eef89c53a403b9c2e6f677340bea0307b02d97d07cc54bdfc3,no_salary_hike_no_attrition_no_department,raw,8,767,3,3,0.0017653410840856323,0.7157860012233808,0.28244865769253363
manuscript_final_20260712T175019Z_c664ef152ff3,c664ef152ff3a9eef89c53a403b9c2e6f677340bea0307b02d97d07cc54bdfc3,no_salary_hike_no_attrition_no_department,raw,8,770,3,3,0.0061448491779350824,0.9198206753079938,0.07403447551407105
manuscript_final_20260712T175019Z_c664ef152ff3,c664ef152ff3a9eef89c53a403b9c2e6f677340bea0307b02d97d07cc54bdfc3,no_salary_hike_no_attrition_no_department,raw,8,782,3,3,0.003286905684676936,0.9321114102635207,0.06460168405180228
manuscript_final_20260712T175019Z_c664ef152ff3,c664ef152ff3a9eef89c53a403b9c2e6f677340bea0307b02d97d07cc54bdfc3,no_salary_hike_no_attrition_no_department,raw,8,797,3,3,0.004279035195361318,0.914951752772902,0.08076921203173675
manuscript_final_20260712T175019Z_c664ef152ff3,c664ef152ff3a9eef89c53a403b9c2e6f677340bea0307b02d97d07cc54bdfc3,no_salary_hike_no_attrition_no_department,raw,8,806,2,2,0.5258197286318937,0.4240316529577906,0.05014861841031571
manuscript_final_20260712T175019Z_c664ef152ff3,c664ef152ff3a9eef89c53a403b9c2e6f677340bea0307b02d97d07cc54bdfc3,no_salary_hike_no_attrition_no_department,raw,8,809,2,3,0.1522255785310076,0.8119164027369724,0.03585801873201996
manuscript_final_20260712T175019Z_c664ef152ff3,c664ef152ff3a9eef89c53a403b9c2e6f677340bea0307b02d97d07cc54bdfc3,no_salary_hike_no_attrition_no_department,raw,8,815,3,3,0.0023535223612342806,0.8479054453878252,0.14974103225094054
manuscript_final_20260712T175019Z_c664ef152ff3,c664ef152ff3a9eef89c53a403b9c2e6f677340bea0307b02d97d07cc54bdfc3,no_salary_hike_no_attrition_no_department,raw,8,828,3,3,0.003974337550178897,0.916551877318976,0.07947378513084509
manuscript_final_20260712T175019Z_c664ef152ff3,c664ef152ff3a9eef89c53a403b9c2e6f677340bea0307b02d97d07cc54bdfc3,no_salary_hike_no_attrition_no_department,raw,8,831,3,3,0.0017574026391716307,0.967827843243401,0.030414754117427386
manuscript_final_20260712T175019Z_c664ef152ff3,c664ef152ff3a9eef89c53a403b9c2e6f677340bea0307b02d97d07cc54bdfc3,no_salary_hike_no_attrition_no_department,raw,8,832,3,3,0.2711340744624425,0.5946317226494592,0.13423420288809831
manuscript_final_20260712T175019Z_c664ef152ff3,c664ef152ff3a9eef89c53a403b9c2e6f677340bea0307b02d97d07cc54bdfc3,no_salary_hike_no_attrition_no_department,raw,8,851,3,3,0.007208316486212661,0.8338374379020542,0.15895424561173313
manuscript_final_20260712T175019Z_c664ef152ff3,c664ef152ff3a9eef89c53a403b9c2e6f677340bea0307b02d97d07cc54bdfc3,no_salary_hike_no_attrition_no_department,raw,8,862,3,3,0.008745629307830224,0.8122256963989671,0.17902867429320263
manuscript_final_20260712T175019Z_c664ef152ff3,c664ef152ff3a9eef89c53a403b9c2e6f677340bea0307b02d97d07cc54bdfc3,no_salary_hike_no_attrition_no_department,raw,8,863,3,3,0.001267758716844431,0.8958894162978326,0.10284282498532302
manuscript_final_20260712T175019Z_c664ef152ff3,c664ef152ff3a9eef89c53a403b9c2e6f677340bea0307b02d97d07cc54bdfc3,no_salary_hike_no_attrition_no_department,raw,8,870,3,3,0.0017193605676326458,0.9804571148812641,0.017823524551103226
manuscript_final_20260712T175019Z_c664ef152ff3,c664ef152ff3a9eef89c53a403b9c2e6f677340bea0307b02d97d07cc54bdfc3,no_salary_hike_no_attrition_no_department,raw,8,880,3,3,0.0017771413198691488,0.8136644735664755,0.18455838511365527
manuscript_final_20260712T175019Z_c664ef152ff3,c664ef152ff3a9eef89c53a403b9c2e6f677340bea0307b02d97d07cc54bdfc3,no_salary_hike_no_attrition_no_department,raw,8,883,3,3,0.0005802738746314616,0.9601435908898485,0.03927613523552007
manuscript_final_20260712T175019Z_c664ef152ff3,c664ef152ff3a9eef89c53a403b9c2e6f677340bea0307b02d97d07cc54bdfc3,no_salary_hike_no_attrition_no_department,raw,8,884,4,3,0.0007376659786104956,0.8512013563986883,0.14806097762270126
manuscript_final_20260712T175019Z_c664ef152ff3,c664ef152ff3a9eef89c53a403b9c2e6f677340bea0307b02d97d07cc54bdfc3,no_salary_hike_no_attrition_no_department,raw,8,916,3,3,0.0014723530776547366,0.8547946562939476,0.1437329906283977
manuscript_final_20260712T175019Z_c664ef152ff3,c664ef152ff3a9eef89c53a403b9c2e6f677340bea0307b02d97d07cc54bdfc3,no_salary_hike_no_attrition_no_department,raw,8,918,3,3,0.0015790467260804496,0.9800019332673535,0.01841902000656598
manuscript_final_20260712T175019Z_c664ef152ff3,c664ef152ff3a9eef89c53a403b9c2e6f677340bea0307b02d97d07cc54bdfc3,no_salary_hike_no_attrition_no_department,raw,8,919,3,3,0.0025114767580292543,0.9227940643040199,0.0746944589379509
manuscript_final_20260712T175019Z_c664ef152ff3,c664ef152ff3a9eef89c53a403b9c2e6f677340bea0307b02d97d07cc54bdfc3,no_salary_hike_no_attrition_no_department,raw,8,922,3,3,0.0010002800389228208,0.9219288345855096,0.07707088537556767
manuscript_final_20260712T175019Z_c664ef152ff3,c664ef152ff3a9eef89c53a403b9c2e6f677340bea0307b02d97d07cc54bdfc3,no_salary_hike_no_attrition_no_department,raw,8,924,3,4,0.000977919334351113,0.44986147322147596,0.5491606074441729
manuscript_final_20260712T175019Z_c664ef152ff3,c664ef152ff3a9eef89c53a403b9c2e6f677340bea0307b02d97d07cc54bdfc3,no_salary_hike_no_attrition_no_department,raw,8,926,3,3,0.058814719209792615,0.9120829088388329,0.029102371951374464
manuscript_final_20260712T175019Z_c664ef152ff3,c664ef152ff3a9eef89c53a403b9c2e6f677340bea0307b02d97d07cc54bdfc3,no_salary_hike_no_attrition_no_department,raw,8,928,3,3,0.0003551157977571073,0.9728192608325115,0.026825623369731377
manuscript_final_20260712T175019Z_c664ef152ff3,c664ef152ff3a9eef89c53a403b9c2e6f677340bea0307b02d97d07cc54bdfc3,no_salary_hike_no_attrition_no_department,raw,8,936,2,2,0.8718428384404634,0.10698350985018697,0.021173651709349595
manuscript_final_20260712T175019Z_c664ef152ff3,c664ef152ff3a9eef89c53a403b9c2e6f677340bea0307b02d97d07cc54bdfc3,no_salary_hike_no_attrition_no_department,raw,8,941,3,3,0.0015377241367267622,0.9510392494220603,0.047423026441212976
manuscript_final_20260712T175019Z_c664ef152ff3,c664ef152ff3a9eef89c53a403b9c2e6f677340bea0307b02d97d07cc54bdfc3,no_salary_hike_no_attrition_no_department,raw,8,945,3,3,0.000650910691541103,0.9860431424232202,0.013305946885238673
manuscript_final_20260712T175019Z_c664ef152ff3,c664ef152ff3a9eef89c53a403b9c2e6f677340bea0307b02d97d07cc54bdfc3,no_salary_hike_no_attrition_no_department,raw,8,946,3,3,0.0018815468605327356,0.9634475388351655,0.034670914304301775
manuscript_final_20260712T175019Z_c664ef152ff3,c664ef152ff3a9eef89c53a403b9c2e6f677340bea0307b02d97d07cc54bdfc3,no_salary_hike_no_attrition_no_department,raw,8,948,3,3,0.0010047826958201667,0.9599914146218341,0.03900380268234566
manuscript_final_20260712T175019Z_c664ef152ff3,c664ef152ff3a9eef89c53a403b9c2e6f677340bea0307b02d97d07cc54bdfc3,no_salary_hike_no_attrition_no_department,raw,8,956,3,3,0.0026408089841315416,0.9301580372576777,0.06720115375819079
manuscript_final_20260712T175019Z_c664ef152ff3,c664ef152ff3a9eef89c53a403b9c2e6f677340bea0307b02d97d07cc54bdfc3,no_salary_hike_no_attrition_no_department,raw,8,958,3,3,0.0013308754515044452,0.6784041570529628,0.32026496749553285
manuscript_final_20260712T175019Z_c664ef152ff3,c664ef152ff3a9eef89c53a403b9c2e6f677340bea0307b02d97d07cc54bdfc3,no_salary_hike_no_attrition_no_department,raw,8,972,3,3,0.000777962971821748,0.9706147245322179,0.028607312495960376
manuscript_final_20260712T175019Z_c664ef152ff3,c664ef152ff3a9eef89c53a403b9c2e6f677340bea0307b02d97d07cc54bdfc3,no_salary_hike_no_attrition_no_department,raw,8,977,3,3,0.0008740820124665804,0.9182154310165714,0.08091048697096202
manuscript_final_20260712T175019Z_c664ef152ff3,c664ef152ff3a9eef89c53a403b9c2e6f677340bea0307b02d97d07cc54bdfc3,no_salary_hike_no_attrition_no_department,raw,8,978,2,2,0.6322358097525955,0.3611991318024905,0.006565058444913924
manuscript_final_20260712T175019Z_c664ef152ff3,c664ef152ff3a9eef89c53a403b9c2e6f677340bea0307b02d97d07cc54bdfc3,no_salary_hike_no_attrition_no_department,raw,8,980,3,3,0.0066697229753343605,0.8498007673439979,0.1435295096806677
manuscript_final_20260712T175019Z_c664ef152ff3,c664ef152ff3a9eef89c53a403b9c2e6f677340bea0307b02d97d07cc54bdfc3,no_salary_hike_no_attrition_no_department,raw,8,988,3,3,0.0008366508952010934,0.9798035575447087,0.019359791560090198
manuscript_final_20260712T175019Z_c664ef152ff3,c664ef152ff3a9eef89c53a403b9c2e6f677340bea0307b02d97d07cc54bdfc3,no_salary_hike_no_attrition_no_department,raw,8,992,4,3,0.0012254805043598771,0.8046564747380952,0.19411804475754496
manuscript_final_20260712T175019Z_c664ef152ff3,c664ef152ff3a9eef89c53a403b9c2e6f677340bea0307b02d97d07cc54bdfc3,no_salary_hike_no_attrition_no_department,raw,8,1000,3,3,0.05736908847953794,0.8523004333562988,0.0903304781641633
manuscript_final_20260712T175019Z_c664ef152ff3,c664ef152ff3a9eef89c53a403b9c2e6f677340bea0307b02d97d07cc54bdfc3,no_salary_hike_no_attrition_no_department,raw,8,1010,3,3,0.0017464312361584347,0.9728812684892945,0.02537230027454708
manuscript_final_20260712T175019Z_c664ef152ff3,c664ef152ff3a9eef89c53a403b9c2e6f677340bea0307b02d97d07cc54bdfc3,no_salary_hike_no_attrition_no_department,raw,8,1020,3,3,0.008732779923513439,0.9559642121007862,0.03530300797570035
manuscript_final_20260712T175019Z_c664ef152ff3,c664ef152ff3a9eef89c53a403b9c2e6f677340bea0307b02d97d07cc54bdfc3,no_salary_hike_no_attrition_no_department,raw,8,1026,3,3,0.0010822045229255083,0.5524941126646747,0.44642368281239975
manuscript_final_20260712T175019Z_c664ef152ff3,c664ef152ff3a9eef89c53a403b9c2e6f677340bea0307b02d97d07cc54bdfc3,no_salary_hike_no_attrition_no_department,raw,8,1044,3,3,0.000760605345302559,0.9866399857399946,0.012599408914702851
manuscript_final_20260712T175019Z_c664ef152ff3,c664ef152ff3a9eef89c53a403b9c2e6f677340bea0307b02d97d07cc54bdfc3,no_salary_hike_no_attrition_no_department,raw,8,1051,3,3,0.0008425650292952856,0.9769000995138833,0.022257335456821365
manuscript_final_20260712T175019Z_c664ef152ff3,c664ef152ff3a9eef89c53a403b9c2e6f677340bea0307b02d97d07cc54bdfc3,no_salary_hike_no_attrition_no_department,raw,8,1087,4,3,0.0007950852117169444,0.9460763784441495,0.05312853634413358
manuscript_final_20260712T175019Z_c664ef152ff3,c664ef152ff3a9eef89c53a403b9c2e6f677340bea0307b02d97d07cc54bdfc3,no_salary_hike_no_attrition_no_department,raw,8,1128,3,3,0.0005704522944659212,0.8095755407442807,0.18985400696125332
manuscript_final_20260712T175019Z_c664ef152ff3,c664ef152ff3a9eef89c53a403b9c2e6f677340bea0307b02d97d07cc54bdfc3,no_salary_hike_no_attrition_no_department,raw,8,1134,2,2,0.8558215913388159,0.11859877236852065,0.025579636292663483
manuscript_final_20260712T175019Z_c664ef152ff3,c664ef152ff3a9eef89c53a403b9c2e6f677340bea0307b02d97d07cc54bdfc3,no_salary_hike_no_attrition_no_department,raw,8,1141,3,3,0.0024068203508699816,0.8100562452159024,0.18753693443322772
manuscript_final_20260712T175019Z_c664ef152ff3,c664ef152ff3a9eef89c53a403b9c2e6f677340bea0307b02d97d07cc54bdfc3,no_salary_hike_no_attrition_no_department,raw,8,1145,3,3,0.001611204728673292,0.9647800489204362,0.03360874635089052
manuscript_final_20260712T175019Z_c664ef152ff3,c664ef152ff3a9eef89c53a403b9c2e6f677340bea0307b02d97d07cc54bdfc3,no_salary_hike_no_attrition_no_department,raw,8,1147,3,3,0.0046987629327231795,0.9644711556548898,0.030830081412386974
manuscript_final_20260712T175019Z_c664ef152ff3,c664ef152ff3a9eef89c53a403b9c2e6f677340bea0307b02d97d07cc54bdfc3,no_salary_hike_no_attrition_no_department,raw,8,1150,4,3,0.025900498804464902,0.7425261361159723,0.2315733650795628
manuscript_final_20260712T175019Z_c664ef152ff3,c664ef152ff3a9eef89c53a403b9c2e6f677340bea0307b02d97d07cc54bdfc3,no_salary_hike_no_attrition_no_department,raw,8,1165,2,2,0.8334678318336476,0.11340691022492673,0.05312525794142569
manuscript_final_20260712T175019Z_c664ef152ff3,c664ef152ff3a9eef89c53a403b9c2e6f677340bea0307b02d97d07cc54bdfc3,no_salary_hike_no_attrition_no_department,raw,8,1174,3,3,0.00037526226773805185,0.992100324477843,0.00752441325441891
manuscript_final_20260712T175019Z_c664ef152ff3,c664ef152ff3a9eef89c53a403b9c2e6f677340bea0307b02d97d07cc54bdfc3,no_salary_hike_no_attrition_no_department,raw,8,1176,3,3,0.0030213465064470417,0.9863805505537426,0.01059810293981033
manuscript_final_20260712T175019Z_c664ef152ff3,c664ef152ff3a9eef89c53a403b9c2e6f677340bea0307b02d97d07cc54bdfc3,no_salary_hike_no_attrition_no_department,raw,8,1186,3,3,0.0029668480638951034,0.984788610376948,0.012244541559156889
manuscript_final_20260712T175019Z_c664ef152ff3,c664ef152ff3a9eef89c53a403b9c2e6f677340bea0307b02d97d07cc54bdfc3,no_salary_hike_no_attrition_no_department,sigmoid,8,10,3,3,0.10295489930627982,0.8416279760758062,0.0554171246179138
manuscript_final_20260712T175019Z_c664ef152ff3,c664ef152ff3a9eef89c53a403b9c2e6f677340bea0307b02d97d07cc54bdfc3,no_salary_hike_no_attrition_no_department,sigmoid,8,31,4,3,0.009083758953242505,0.8842736066013053,0.10664263444545222
manuscript_final_20260712T175019Z_c664ef152ff3,c664ef152ff3a9eef89c53a403b9c2e6f677340bea0307b02d97d07cc54bdfc3,no_salary_hike_no_attrition_no_department,sigmoid,8,57,3,3,0.0036478492285056704,0.9351561795699167,0.06119597120157755
manuscript_final_20260712T175019Z_c664ef152ff3,c664ef152ff3a9eef89c53a403b9c2e6f677340bea0307b02d97d07cc54bdfc3,no_salary_hike_no_attrition_no_department,sigmoid,8,62,3,3,0.2454372343417043,0.7011466116137502,0.05341615404454553
manuscript_final_20260712T175019Z_c664ef152ff3,c664ef152ff3a9eef89c53a403b9c2e6f677340bea0307b02d97d07cc54bdfc3,no_salary_hike_no_attrition_no_department,sigmoid,8,63,3,3,0.20768337502709666,0.6870610042070023,0.10525562076590105
manuscript_final_20260712T175019Z_c664ef152ff3,c664ef152ff3a9eef89c53a403b9c2e6f677340bea0307b02d97d07cc54bdfc3,no_salary_hike_no_attrition_no_department,sigmoid,8,65,3,3,0.011153033178923867,0.8551533796017997,0.13369358721927652
manuscript_final_20260712T175019Z_c664ef152ff3,c664ef152ff3a9eef89c53a403b9c2e6f677340bea0307b02d97d07cc54bdfc3,no_salary_hike_no_attrition_no_department,sigmoid,8,78,3,3,0.003931101750350485,0.8308120907650656,0.1652568074845839
manuscript_final_20260712T175019Z_c664ef152ff3,c664ef152ff3a9eef89c53a403b9c2e6f677340bea0307b02d97d07cc54bdfc3,no_salary_hike_no_attrition_no_department,sigmoid,8,95,3,3,0.002192138031008617,0.9132432563627915,0.08456460560619997
manuscript_final_20260712T175019Z_c664ef152ff3,c664ef152ff3a9eef89c53a403b9c2e6f677340bea0307b02d97d07cc54bdfc3,no_salary_hike_no_attrition_no_department,sigmoid,8,98,4,3,0.005175855895668635,0.8303429169343765,0.16448122716995492
manuscript_final_20260712T175019Z_c664ef152ff3,c664ef152ff3a9eef89c53a403b9c2e6f677340bea0307b02d97d07cc54bdfc3,no_salary_hike_no_attrition_no_department,sigmoid,8,108,3,3,0.007285727457154254,0.8711028609086621,0.12161141163418368
manuscript_final_20260712T175019Z_c664ef152ff3,c664ef152ff3a9eef89c53a403b9c2e6f677340bea0307b02d97d07cc54bdfc3,no_salary_hike_no_attrition_no_department,sigmoid,8,131,3,3,0.025207108073077897,0.8861533302572775,0.08863956166964476
manuscript_final_20260712T175019Z_c664ef152ff3,c664ef152ff3a9eef89c53a403b9c2e6f677340bea0307b02d97d07cc54bdfc3,no_salary_hike_no_attrition_no_department,sigmoid,8,141,3,3,0.0076056526445954795,0.8762274428774588,0.11616690447794564
manuscript_final_20260712T175019Z_c664ef152ff3,c664ef152ff3a9eef89c53a403b9c2e6f677340bea0307b02d97d07cc54bdfc3,no_salary_hike_no_attrition_no_department,sigmoid,8,173,3,3,0.008059017681905842,0.9253567290647416,0.06658425325335263
manuscript_final_20260712T175019Z_c664ef152ff3,c664ef152ff3a9eef89c53a403b9c2e6f677340bea0307b02d97d07cc54bdfc3,no_salary_hike_no_attrition_no_department,sigmoid,8,190,4,3,0.0011755870311641046,0.9384144257315233,0.06040998723731257
manuscript_final_20260712T175019Z_c664ef152ff3,c664ef152ff3a9eef89c53a403b9c2e6f677340bea0307b02d97d07cc54bdfc3,no_salary_hike_no_attrition_no_department,sigmoid,8,207,3,3,0.017792199774219197,0.8756006740887528,0.10660712613702805
manuscript_final_20260712T175019Z_c664ef152ff3,c664ef152ff3a9eef89c53a403b9c2e6f677340bea0307b02d97d07cc54bdfc3,no_salary_hike_no_attrition_no_department,sigmoid,8,209,2,2,0.7139872567711729,0.23776254105181388,0.04825020217701319
manuscript_final_20260712T175019Z_c664ef152ff3,c664ef152ff3a9eef89c53a403b9c2e6f677340bea0307b02d97d07cc54bdfc3,no_salary_hike_no_attrition_no_department,sigmoid,8,214,3,3,0.01948348809416201,0.7146188901164161,0.2658976217894219
manuscript_final_20260712T175019Z_c664ef152ff3,c664ef152ff3a9eef89c53a403b9c2e6f677340bea0307b02d97d07cc54bdfc3,no_salary_hike_no_attrition_no_department,sigmoid,8,271,3,3,0.0037912707922331383,0.7216014174064547,0.27460731180131215
manuscript_final_20260712T175019Z_c664ef152ff3,c664ef152ff3a9eef89c53a403b9c2e6f677340bea0307b02d97d07cc54bdfc3,no_salary_hike_no_attrition_no_department,sigmoid,8,272,4,3,0.008462424382494579,0.8546801406558026,0.13685743496170277
manuscript_final_20260712T175019Z_c664ef152ff3,c664ef152ff3a9eef89c53a403b9c2e6f677340bea0307b02d97d07cc54bdfc3,no_salary_hike_no_attrition_no_department,sigmoid,8,276,3,3,0.009419723534672774,0.8318897673339836,0.15869050913134364
manuscript_final_20260712T175019Z_c664ef152ff3,c664ef152ff3a9eef89c53a403b9c2e6f677340bea0307b02d97d07cc54bdfc3,no_salary_hike_no_attrition_no_department,sigmoid,8,277,4,3,0.02008095319621503,0.8672174714053672,0.11270157539841781
manuscript_final_20260712T175019Z_c664ef152ff3,c664ef152ff3a9eef89c53a403b9c2e6f677340bea0307b02d97d07cc54bdfc3,no_salary_hike_no_attrition_no_department,sigmoid,8,283,4,3,0.004904912093446866,0.9359271176591254,0.05916797024742767
manuscript_final_20260712T175019Z_c664ef152ff3,c664ef152ff3a9eef89c53a403b9c2e6f677340bea0307b02d97d07cc54bdfc3,no_salary_hike_no_attrition_no_department,sigmoid,8,285,4,3,0.012365237280117732,0.901874587216724,0.08576017550315825
manuscript_final_20260712T175019Z_c664ef152ff3,c664ef152ff3a9eef89c53a403b9c2e6f677340bea0307b02d97d07cc54bdfc3,no_salary_hike_no_attrition_no_department,sigmoid,8,291,2,2,0.7849257830695782,0.15740101135338663,0.057673205577035334
manuscript_final_20260712T175019Z_c664ef152ff3,c664ef152ff3a9eef89c53a403b9c2e6f677340bea0307b02d97d07cc54bdfc3,no_salary_hike_no_attrition_no_department,sigmoid,8,293,2,2,0.7014030764337797,0.25663502850273917,0.04196189506348117
manuscript_final_20260712T175019Z_c664ef152ff3,c664ef152ff3a9eef89c53a403b9c2e6f677340bea0307b02d97d07cc54bdfc3,no_salary_hike_no_attrition_no_department,sigmoid,8,296,3,3,0.004595422027586159,0.8506367305060563,0.1447678474663575
manuscript_final_20260712T175019Z_c664ef152ff3,c664ef152ff3a9eef89c53a403b9c2e6f677340bea0307b02d97d07cc54bdfc3,no_salary_hike_no_attrition_no_department,sigmoid,8,308,3,3,0.007429365552130342,0.9007841058484036,0.09178652859946598
manuscript_final_20260712T175019Z_c664ef152ff3,c664ef152ff3a9eef89c53a403b9c2e6f677340bea0307b02d97d07cc54bdfc3,no_salary_hike_no_attrition_no_department,sigmoid,8,323,3,3,0.25733096415575946,0.6064648634866922,0.1362041723575484
manuscript_final_20260712T175019Z_c664ef152ff3,c664ef152ff3a9eef89c53a403b9c2e6f677340bea0307b02d97d07cc54bdfc3,no_salary_hike_no_attrition_no_department,sigmoid,8,327,3,3,0.008697742907977948,0.9306224528013335,0.060679804290688484
manuscript_final_20260712T175019Z_c664ef152ff3,c664ef152ff3a9eef89c53a403b9c2e6f677340bea0307b02d97d07cc54bdfc3,no_salary_hike_no_attrition_no_department,sigmoid,8,330,3,3,0.006253417864387253,0.932818899599231,0.06092768253638169
manuscript_final_20260712T175019Z_c664ef152ff3,c664ef152ff3a9eef89c53a403b9c2e6f677340bea0307b02d97d07cc54bdfc3,no_salary_hike_no_attrition_no_department,sigmoid,8,332,3,3,0.010574675341218566,0.7879444955789622,0.20148082907981918
manuscript_final_20260712T175019Z_c664ef152ff3,c664ef152ff3a9eef89c53a403b9c2e6f677340bea0307b02d97d07cc54bdfc3,no_salary_hike_no_attrition_no_department,sigmoid,8,335,3,3,0.00919636427559757,0.8912134552658447,0.09959018045855766
manuscript_final_20260712T175019Z_c664ef152ff3,c664ef152ff3a9eef89c53a403b9c2e6f677340bea0307b02d97d07cc54bdfc3,no_salary_hike_no_attrition_no_department,sigmoid,8,346,3,3,0.011343682455566639,0.8380204246513394,0.1506358928930939
manuscript_final_20260712T175019Z_c664ef152ff3,c664ef152ff3a9eef89c53a403b9c2e6f677340bea0307b02d97d07cc54bdfc3,no_salary_hike_no_attrition_no_department,sigmoid,8,348,2,2,0.658984842040157,0.272794460105032,0.06822069785481115
manuscript_final_20260712T175019Z_c664ef152ff3,c664ef152ff3a9eef89c53a403b9c2e6f677340bea0307b02d97d07cc54bdfc3,no_salary_hike_no_attrition_no_department,sigmoid,8,351,3,3,0.012906887143331724,0.8965866640470449,0.09050644880962336
manuscript_final_20260712T175019Z_c664ef152ff3,c664ef152ff3a9eef89c53a403b9c2e6f677340bea0307b02d97d07cc54bdfc3,no_salary_hike_no_attrition_no_department,sigmoid,8,360,2,2,0.7697032077520226,0.20746464942679688,0.022832142821180533
manuscript_final_20260712T175019Z_c664ef152ff3,c664ef152ff3a9eef89c53a403b9c2e6f677340bea0307b02d97d07cc54bdfc3,no_salary_hike_no_attrition_no_department,sigmoid,8,365,3,3,0.005493451444072669,0.7436816320825846,0.25082491647334265
manuscript_final_20260712T175019Z_c664ef152ff3,c664ef152ff3a9eef89c53a403b9c2e6f677340bea0307b02d97d07cc54bdfc3,no_salary_hike_no_attrition_no_department,sigmoid,8,369,2,2,0.5820569994593975,0.3007564062535494,0.11718659428705318
manuscript_final_20260712T175019Z_c664ef152ff3,c664ef152ff3a9eef89c53a403b9c2e6f677340bea0307b02d97d07cc54bdfc3,no_salary_hike_no_attrition_no_department,sigmoid,8,393,3,3,0.0076657688746224854,0.8687358620417412,0.12359836908363624
manuscript_final_20260712T175019Z_c664ef152ff3,c664ef152ff3a9eef89c53a403b9c2e6f677340bea0307b02d97d07cc54bdfc3,no_salary_hike_no_attrition_no_department,sigmoid,8,411,2,2,0.8610141506758348,0.1018887461870255,0.03709710313713967
manuscript_final_20260712T175019Z_c664ef152ff3,c664ef152ff3a9eef89c53a403b9c2e6f677340bea0307b02d97d07cc54bdfc3,no_salary_hike_no_attrition_no_department,sigmoid,8,418,3,3,0.012953848700190446,0.8689244489951943,0.11812170230461526
manuscript_final_20260712T175019Z_c664ef152ff3,c664ef152ff3a9eef89c53a403b9c2e6f677340bea0307b02d97d07cc54bdfc3,no_salary_hike_no_attrition_no_department,sigmoid,8,420,2,2,0.8586708803589037,0.10209293361198513,0.03923618602911108
manuscript_final_20260712T175019Z_c664ef152ff3,c664ef152ff3a9eef89c53a403b9c2e6f677340bea0307b02d97d07cc54bdfc3,no_salary_hike_no_attrition_no_department,sigmoid,8,431,3,3,0.0050303465298239215,0.8933104585181187,0.10165919495205726
manuscript_final_20260712T175019Z_c664ef152ff3,c664ef152ff3a9eef89c53a403b9c2e6f677340bea0307b02d97d07cc54bdfc3,no_salary_hike_no_attrition_no_department,sigmoid,8,439,3,3,0.006504997084809241,0.8640402910685171,0.12945471184667373
manuscript_final_20260712T175019Z_c664ef152ff3,c664ef152ff3a9eef89c53a403b9c2e6f677340bea0307b02d97d07cc54bdfc3,no_salary_hike_no_attrition_no_department,sigmoid,8,440,3,3,0.03102654817660907,0.7980458781187544,0.1709275737046366
manuscript_final_20260712T175019Z_c664ef152ff3,c664ef152ff3a9eef89c53a403b9c2e6f677340bea0307b02d97d07cc54bdfc3,no_salary_hike_no_attrition_no_department,sigmoid,8,498,3,3,0.007491775629364983,0.7829912265518334,0.20951699781880168
manuscript_final_20260712T175019Z_c664ef152ff3,c664ef152ff3a9eef89c53a403b9c2e6f677340bea0307b02d97d07cc54bdfc3,no_salary_hike_no_attrition_no_department,sigmoid,8,502,3,3,0.01880202055710957,0.9121350950732828,0.06906288436960772
manuscript_final_20260712T175019Z_c664ef152ff3,c664ef152ff3a9eef89c53a403b9c2e6f677340bea0307b02d97d07cc54bdfc3,no_salary_hike_no_attrition_no_department,sigmoid,8,506,3,3,0.006686953308904851,0.863969189625435,0.12934385706566015
manuscript_final_20260712T175019Z_c664ef152ff3,c664ef152ff3a9eef89c53a403b9c2e6f677340bea0307b02d97d07cc54bdfc3,no_salary_hike_no_attrition_no_department,sigmoid,8,519,4,3,0.01180511077189318,0.7501142588638439,0.23808063036426297
manuscript_final_20260712T175019Z_c664ef152ff3,c664ef152ff3a9eef89c53a403b9c2e6f677340bea0307b02d97d07cc54bdfc3,no_salary_hike_no_attrition_no_department,sigmoid,8,573,3,3,0.005870074814030253,0.7808884197680233,0.2132415054179465
manuscript_final_20260712T175019Z_c664ef152ff3,c664ef152ff3a9eef89c53a403b9c2e6f677340bea0307b02d97d07cc54bdfc3,no_salary_hike_no_attrition_no_department,sigmoid,8,583,3,3,0.0008759216502547762,0.8754031016115085,0.12372097673823677
manuscript_final_20260712T175019Z_c664ef152ff3,c664ef152ff3a9eef89c53a403b9c2e6f677340bea0307b02d97d07cc54bdfc3,no_salary_hike_no_attrition_no_department,sigmoid,8,606,3,3,0.005256872958419167,0.9119314667733172,0.08281166026826357
manuscript_final_20260712T175019Z_c664ef152ff3,c664ef152ff3a9eef89c53a403b9c2e6f677340bea0307b02d97d07cc54bdfc3,no_salary_hike_no_attrition_no_department,sigmoid,8,613,3,3,0.010353237523356573,0.9155947409798411,0.0740520214968023
manuscript_final_20260712T175019Z_c664ef152ff3,c664ef152ff3a9eef89c53a403b9c2e6f677340bea0307b02d97d07cc54bdfc3,no_salary_hike_no_attrition_no_department,sigmoid,8,629,3,3,0.006755812650945547,0.6266996465459086,0.366544540803146
manuscript_final_20260712T175019Z_c664ef152ff3,c664ef152ff3a9eef89c53a403b9c2e6f677340bea0307b02d97d07cc54bdfc3,no_salary_hike_no_attrition_no_department,sigmoid,8,634,3,3,0.01008805120994281,0.918761413470111,0.07115053531994604
manuscript_final_20260712T175019Z_c664ef152ff3,c664ef152ff3a9eef89c53a403b9c2e6f677340bea0307b02d97d07cc54bdfc3,no_salary_hike_no_attrition_no_department,sigmoid,8,637,3,3,0.001672180929658467,0.8403504341262779,0.1579773849440637
manuscript_final_20260712T175019Z_c664ef152ff3,c664ef152ff3a9eef89c53a403b9c2e6f677340bea0307b02d97d07cc54bdfc3,no_salary_hike_no_attrition_no_department,sigmoid,8,647,4,3,0.003315468097962731,0.7726600653218054,0.22402446658023195
manuscript_final_20260712T175019Z_c664ef152ff3,c664ef152ff3a9eef89c53a403b9c2e6f677340bea0307b02d97d07cc54bdfc3,no_salary_hike_no_attrition_no_department,sigmoid,8,662,2,3,0.03847475987747465,0.91484591721154,0.046679322910985345
manuscript_final_20260712T175019Z_c664ef152ff3,c664ef152ff3a9eef89c53a403b9c2e6f677340bea0307b02d97d07cc54bdfc3,no_salary_hike_no_attrition_no_department,sigmoid,8,673,2,2,0.7034620491297494,0.25026621057905507,0.046271740291195476
manuscript_final_20260712T175019Z_c664ef152ff3,c664ef152ff3a9eef89c53a403b9c2e6f677340bea0307b02d97d07cc54bdfc3,no_salary_hike_no_attrition_no_department,sigmoid,8,686,3,3,0.01347333412265903,0.7530783961349444,0.2334482697423965
manuscript_final_20260712T175019Z_c664ef152ff3,c664ef152ff3a9eef89c53a403b9c2e6f677340bea0307b02d97d07cc54bdfc3,no_salary_hike_no_attrition_no_department,sigmoid,8,716,2,2,0.7258244421409165,0.25113740399661394,0.02303815386246969
manuscript_final_20260712T175019Z_c664ef152ff3,c664ef152ff3a9eef89c53a403b9c2e6f677340bea0307b02d97d07cc54bdfc3,no_salary_hike_no_attrition_no_department,sigmoid,8,721,2,3,0.4507732261725725,0.47470906338802865,0.07451771043939892
manuscript_final_20260712T175019Z_c664ef152ff3,c664ef152ff3a9eef89c53a403b9c2e6f677340bea0307b02d97d07cc54bdfc3,no_salary_hike_no_attrition_no_department,sigmoid,8,723,3,3,0.006703985819667315,0.7976025513864464,0.1956934627938863
manuscript_final_20260712T175019Z_c664ef152ff3,c664ef152ff3a9eef89c53a403b9c2e6f677340bea0307b02d97d07cc54bdfc3,no_salary_hike_no_attrition_no_department,sigmoid,8,740,2,2,0.7364702254000158,0.2074392755008046,0.05609049909917964
manuscript_final_20260712T175019Z_c664ef152ff3,c664ef152ff3a9eef89c53a403b9c2e6f677340bea0307b02d97d07cc54bdfc3,no_salary_hike_no_attrition_no_department,sigmoid,8,764,3,2,0.6619813407470541,0.2449253158736034,0.0930933433793425
manuscript_final_20260712T175019Z_c664ef152ff3,c664ef152ff3a9eef89c53a403b9c2e6f677340bea0307b02d97d07cc54bdfc3,no_salary_hike_no_attrition_no_department,sigmoid,8,766,2,3,0.08525189766981243,0.881413103529556,0.03333499880063167
manuscript_final_20260712T175019Z_c664ef152ff3,c664ef152ff3a9eef89c53a403b9c2e6f677340bea0307b02d97d07cc54bdfc3,no_salary_hike_no_attrition_no_department,sigmoid,8,767,3,3,0.006998310320176903,0.7608059394375565,0.2321957502422666
manuscript_final_20260712T175019Z_c664ef152ff3,c664ef152ff3a9eef89c53a403b9c2e6f677340bea0307b02d97d07cc54bdfc3,no_salary_hike_no_attrition_no_department,sigmoid,8,770,3,3,0.017890235276334005,0.8634223264287244,0.11868743829494162
manuscript_final_20260712T175019Z_c664ef152ff3,c664ef152ff3a9eef89c53a403b9c2e6f677340bea0307b02d97d07cc54bdfc3,no_salary_hike_no_attrition_no_department,sigmoid,8,782,3,3,0.010690756585333786,0.8771849067350865,0.11212433667957965
manuscript_final_20260712T175019Z_c664ef152ff3,c664ef152ff3a9eef89c53a403b9c2e6f677340bea0307b02d97d07cc54bdfc3,no_salary_hike_no_attrition_no_department,sigmoid,8,797,3,3,0.013364302850273868,0.8628904410172542,0.123745256132472
manuscript_final_20260712T175019Z_c664ef152ff3,c664ef152ff3a9eef89c53a403b9c2e6f677340bea0307b02d97d07cc54bdfc3,no_salary_hike_no_attrition_no_department,sigmoid,8,806,2,2,0.48724283690797643,0.4279587094938701,0.0847984535981533
manuscript_final_20260712T175019Z_c664ef152ff3,c664ef152ff3a9eef89c53a403b9c2e6f677340bea0307b02d97d07cc54bdfc3,no_salary_hike_no_attrition_no_department,sigmoid,8,809,2,3,0.21271749088151895,0.7060938588633393,0.08118865025514173
manuscript_final_20260712T175019Z_c664ef152ff3,c664ef152ff3a9eef89c53a403b9c2e6f677340bea0307b02d97d07cc54bdfc3,no_salary_hike_no_attrition_no_department,sigmoid,8,815,3,3,0.00843870248094284,0.825662127302463,0.16589917021659406
manuscript_final_20260712T175019Z_c664ef152ff3,c664ef152ff3a9eef89c53a403b9c2e6f677340bea0307b02d97d07cc54bdfc3,no_salary_hike_no_attrition_no_department,sigmoid,8,828,3,3,0.012574607763969216,0.8645252540475431,0.12290013818848769
manuscript_final_20260712T175019Z_c664ef152ff3,c664ef152ff3a9eef89c53a403b9c2e6f677340bea0307b02d97d07cc54bdfc3,no_salary_hike_no_attrition_no_department,sigmoid,8,831,3,3,0.0062810173123957,0.9127627628422896,0.08095621984531466
manuscript_final_20260712T175019Z_c664ef152ff3,c664ef152ff3a9eef89c53a403b9c2e6f677340bea0307b02d97d07cc54bdfc3,no_salary_hike_no_attrition_no_department,sigmoid,8,832,3,3,0.3156643475945742,0.5489738208877241,0.13536183151770176
manuscript_final_20260712T175019Z_c664ef152ff3,c664ef152ff3a9eef89c53a403b9c2e6f677340bea0307b02d97d07cc54bdfc3,no_salary_hike_no_attrition_no_department,sigmoid,8,851,3,3,0.02108460038168853,0.8095175932043237,0.1693978064139877
manuscript_final_20260712T175019Z_c664ef152ff3,c664ef152ff3a9eef89c53a403b9c2e6f677340bea0307b02d97d07cc54bdfc3,no_salary_hike_no_attrition_no_department,sigmoid,8,862,3,3,0.024826375486347363,0.7958265388371716,0.1793470856764811
manuscript_final_20260712T175019Z_c664ef152ff3,c664ef152ff3a9eef89c53a403b9c2e6f677340bea0307b02d97d07cc54bdfc3,no_salary_hike_no_attrition_no_department,sigmoid,8,863,3,3,0.004974357027270971,0.8560380249874033,0.13898761798532575
manuscript_final_20260712T175019Z_c664ef152ff3,c664ef152ff3a9eef89c53a403b9c2e6f677340bea0307b02d97d07cc54bdfc3,no_salary_hike_no_attrition_no_department,sigmoid,8,870,3,3,0.006126948921958977,0.9293776997593398,0.06449535131870114
manuscript_final_20260712T175019Z_c664ef152ff3,c664ef152ff3a9eef89c53a403b9c2e6f677340bea0307b02d97d07cc54bdfc3,no_salary_hike_no_attrition_no_department,sigmoid,8,880,3,3,0.006792383842010258,0.8087579213235495,0.1844496948344402
manuscript_final_20260712T175019Z_c664ef152ff3,c664ef152ff3a9eef89c53a403b9c2e6f677340bea0307b02d97d07cc54bdfc3,no_salary_hike_no_attrition_no_department,sigmoid,8,883,3,3,0.0025285353051518037,0.9069126264612709,0.09055883823357723
manuscript_final_20260712T175019Z_c664ef152ff3,c664ef152ff3a9eef89c53a403b9c2e6f677340bea0307b02d97d07cc54bdfc3,no_salary_hike_no_attrition_no_department,sigmoid,8,884,4,3,0.003244021938983164,0.8311476425043867,0.16560833555663013
manuscript_final_20260712T175019Z_c664ef152ff3,c664ef152ff3a9eef89c53a403b9c2e6f677340bea0307b02d97d07cc54bdfc3,no_salary_hike_no_attrition_no_department,sigmoid,8,916,3,3,0.00572560504425583,0.8313535845927719,0.16292081036297226
manuscript_final_20260712T175019Z_c664ef152ff3,c664ef152ff3a9eef89c53a403b9c2e6f677340bea0307b02d97d07cc54bdfc3,no_salary_hike_no_attrition_no_department,sigmoid,8,918,3,3,0.005713360083458372,0.9288791807385726,0.06540745917796903
manuscript_final_20260712T175019Z_c664ef152ff3,c664ef152ff3a9eef89c53a403b9c2e6f677340bea0307b02d97d07cc54bdfc3,no_salary_hike_no_attrition_no_department,sigmoid,8,919,3,3,0.008615825884932636,0.8715946130039206,0.11978956111114676
manuscript_final_20260712T175019Z_c664ef152ff3,c664ef152ff3a9eef89c53a403b9c2e6f677340bea0307b02d97d07cc54bdfc3,no_salary_hike_no_attrition_no_department,sigmoid,8,922,3,3,0.0040428689936226805,0.8741131890037209,0.12184394200265646
manuscript_final_20260712T175019Z_c664ef152ff3,c664ef152ff3a9eef89c53a403b9c2e6f677340bea0307b02d97d07cc54bdfc3,no_salary_hike_no_attrition_no_department,sigmoid,8,924,3,3,0.00469442675881133,0.6290660773058138,0.3662394959353748
manuscript_final_20260712T175019Z_c664ef152ff3,c664ef152ff3a9eef89c53a403b9c2e6f677340bea0307b02d97d07cc54bdfc3,no_salary_hike_no_attrition_no_department,sigmoid,8,926,3,3,0.1057548714469678,0.8170649196842554,0.0771802088687767
manuscript_final_20260712T175019Z_c664ef152ff3,c664ef152ff3a9eef89c53a403b9c2e6f677340bea0307b02d97d07cc54bdfc3,no_salary_hike_no_attrition_no_department,sigmoid,8,928,3,3,0.0016723137827637134,0.921437934365886,0.07688975185135022
manuscript_final_20260712T175019Z_c664ef152ff3,c664ef152ff3a9eef89c53a403b9c2e6f677340bea0307b02d97d07cc54bdfc3,no_salary_hike_no_attrition_no_department,sigmoid,8,936,2,2,0.7320013592114983,0.20857116257292221,0.059427478215579414
manuscript_final_20260712T175019Z_c664ef152ff3,c664ef152ff3a9eef89c53a403b9c2e6f677340bea0307b02d97d07cc54bdfc3,no_salary_hike_no_attrition_no_department,sigmoid,8,941,3,3,0.005678173154266218,0.8961981845479173,0.0981236422978164
manuscript_final_20260712T175019Z_c664ef152ff3,c664ef152ff3a9eef89c53a403b9c2e6f677340bea0307b02d97d07cc54bdfc3,no_salary_hike_no_attrition_no_department,sigmoid,8,945,3,3,0.0027397133994698478,0.9401995210256049,0.057060765574925135
manuscript_final_20260712T175019Z_c664ef152ff3,c664ef152ff3a9eef89c53a403b9c2e6f677340bea0307b02d97d07cc54bdfc3,no_salary_hike_no_attrition_no_department,sigmoid,8,946,3,3,0.0066594847429195525,0.9077154751750448,0.0856250400820356
manuscript_final_20260712T175019Z_c664ef152ff3,c664ef152ff3a9eef89c53a403b9c2e6f677340bea0307b02d97d07cc54bdfc3,no_salary_hike_no_attrition_no_department,sigmoid,8,948,3,3,0.003979535032774114,0.9058079171576978,0.09021254780952816
manuscript_final_20260712T175019Z_c664ef152ff3,c664ef152ff3a9eef89c53a403b9c2e6f677340bea0307b02d97d07cc54bdfc3,no_salary_hike_no_attrition_no_department,sigmoid,8,956,3,3,0.008946182647606748,0.8768291328830565,0.11422468446933665
manuscript_final_20260712T175019Z_c664ef152ff3,c664ef152ff3a9eef89c53a403b9c2e6f677340bea0307b02d97d07cc54bdfc3,no_salary_hike_no_attrition_no_department,sigmoid,8,958,3,3,0.00561937444337216,0.7440180318442212,0.25036259371240677
manuscript_final_20260712T175019Z_c664ef152ff3,c664ef152ff3a9eef89c53a403b9c2e6f677340bea0307b02d97d07cc54bdfc3,no_salary_hike_no_attrition_no_department,sigmoid,8,972,3,3,0.003202791604304624,0.9178242469231123,0.07897296147258309
manuscript_final_20260712T175019Z_c664ef152ff3,c664ef152ff3a9eef89c53a403b9c2e6f677340bea0307b02d97d07cc54bdfc3,no_salary_hike_no_attrition_no_department,sigmoid,8,977,3,3,0.0036236453285815253,0.871783252199056,0.12459310247236255
manuscript_final_20260712T175019Z_c664ef152ff3,c664ef152ff3a9eef89c53a403b9c2e6f677340bea0307b02d97d07cc54bdfc3,no_salary_hike_no_attrition_no_department,sigmoid,8,978,2,2,0.5663602004458407,0.39674428437828885,0.03689551517587059
manuscript_final_20260712T175019Z_c664ef152ff3,c664ef152ff3a9eef89c53a403b9c2e6f677340bea0307b02d97d07cc54bdfc3,no_salary_hike_no_attrition_no_department,sigmoid,8,980,3,3,0.019683468255519438,0.819044417626908,0.16127211411757256
manuscript_final_20260712T175019Z_c664ef152ff3,c664ef152ff3a9eef89c53a403b9c2e6f677340bea0307b02d97d07cc54bdfc3,no_salary_hike_no_attrition_no_department,sigmoid,8,988,3,3,0.003383288812863344,0.9297565135329082,0.0668601976542284
manuscript_final_20260712T175019Z_c664ef152ff3,c664ef152ff3a9eef89c53a403b9c2e6f677340bea0307b02d97d07cc54bdfc3,no_salary_hike_no_attrition_no_department,sigmoid,8,992,4,3,0.0050208115045920374,0.8054154542898782,0.18956373420552977
manuscript_final_20260712T175019Z_c664ef152ff3,c664ef152ff3a9eef89c53a403b9c2e6f677340bea0307b02d97d07cc54bdfc3,no_salary_hike_no_attrition_no_department,sigmoid,8,1000,3,3,0.10477321451895895,0.7707549332830164,0.12447185219802451
manuscript_final_20260712T175019Z_c664ef152ff3,c664ef152ff3a9eef89c53a403b9c2e6f677340bea0307b02d97d07cc54bdfc3,no_salary_hike_no_attrition_no_department,sigmoid,8,1010,3,3,0.0062315742295938744,0.9188447153134152,0.074923710456991
manuscript_final_20260712T175019Z_c664ef152ff3,c664ef152ff3a9eef89c53a403b9c2e6f677340bea0307b02d97d07cc54bdfc3,no_salary_hike_no_attrition_no_department,sigmoid,8,1020,3,3,0.023385211661660056,0.8908960567070888,0.08571873163125121
manuscript_final_20260712T175019Z_c664ef152ff3,c664ef152ff3a9eef89c53a403b9c2e6f677340bea0307b02d97d07cc54bdfc3,no_salary_hike_no_attrition_no_department,sigmoid,8,1026,3,3,0.00493905141776314,0.6834628875874744,0.31159806099476256
manuscript_final_20260712T175019Z_c664ef152ff3,c664ef152ff3a9eef89c53a403b9c2e6f677340bea0307b02d97d07cc54bdfc3,no_salary_hike_no_attrition_no_department,sigmoid,8,1044,3,3,0.003115214978464113,0.9411301300102658,0.055754655011270006
manuscript_final_20260712T175019Z_c664ef152ff3,c664ef152ff3a9eef89c53a403b9c2e6f677340bea0307b02d97d07cc54bdfc3,no_salary_hike_no_attrition_no_department,sigmoid,8,1051,3,3,0.0034086737448606966,0.9256492639151498,0.07094206233998941
manuscript_final_20260712T175019Z_c664ef152ff3,c664ef152ff3a9eef89c53a403b9c2e6f677340bea0307b02d97d07cc54bdfc3,no_salary_hike_no_attrition_no_department,sigmoid,8,1087,4,3,0.0033049157780308935,0.8934179585001762,0.10327712572179286
manuscript_final_20260712T175019Z_c664ef152ff3,c664ef152ff3a9eef89c53a403b9c2e6f677340bea0307b02d97d07cc54bdfc3,no_salary_hike_no_attrition_no_department,sigmoid,8,1128,3,3,0.0026669005323749296,0.8095912979671308,0.18774180150049433
manuscript_final_20260712T175019Z_c664ef152ff3,c664ef152ff3a9eef89c53a403b9c2e6f677340bea0307b02d97d07cc54bdfc3,no_salary_hike_no_attrition_no_department,sigmoid,8,1134,2,2,0.7166999534428553,0.21931332971284234,0.06398671684430234
manuscript_final_20260712T175019Z_c664ef152ff3,c664ef152ff3a9eef89c53a403b9c2e6f677340bea0307b02d97d07cc54bdfc3,no_salary_hike_no_attrition_no_department,sigmoid,8,1141,3,3,0.008722536980120028,0.8055711420280944,0.18570632099178544
manuscript_final_20260712T175019Z_c664ef152ff3,c664ef152ff3a9eef89c53a403b9c2e6f677340bea0307b02d97d07cc54bdfc3,no_salary_hike_no_attrition_no_department,sigmoid,8,1145,3,3,0.00585742686898985,0.9096240998840178,0.08451847324699234
manuscript_final_20260712T175019Z_c664ef152ff3,c664ef152ff3a9eef89c53a403b9c2e6f677340bea0307b02d97d07cc54bdfc3,no_salary_hike_no_attrition_no_department,sigmoid,8,1147,3,3,0.014086875335598539,0.9047401011581258,0.08117302350627567
manuscript_final_20260712T175019Z_c664ef152ff3,c664ef152ff3a9eef89c53a403b9c2e6f677340bea0307b02d97d07cc54bdfc3,no_salary_hike_no_attrition_no_department,sigmoid,8,1150,4,3,0.05967382141546232,0.739843863055013,0.20048231552952464
manuscript_final_20260712T175019Z_c664ef152ff3,c664ef152ff3a9eef89c53a403b9c2e6f677340bea0307b02d97d07cc54bdfc3,no_salary_hike_no_attrition_no_department,sigmoid,8,1165,2,2,0.6994999812218584,0.214086879473934,0.0864131393042076
manuscript_final_20260712T175019Z_c664ef152ff3,c664ef152ff3a9eef89c53a403b9c2e6f677340bea0307b02d97d07cc54bdfc3,no_salary_hike_no_attrition_no_department,sigmoid,8,1174,3,3,0.0017314147694193146,0.9533883046259427,0.04488028060463794
manuscript_final_20260712T175019Z_c664ef152ff3,c664ef152ff3a9eef89c53a403b9c2e6f677340bea0307b02d97d07cc54bdfc3,no_salary_hike_no_attrition_no_department,sigmoid,8,1176,3,3,0.009717406406696208,0.9385078058495016,0.05177478774380229
manuscript_final_20260712T175019Z_c664ef152ff3,c664ef152ff3a9eef89c53a403b9c2e6f677340bea0307b02d97d07cc54bdfc3,no_salary_hike_no_attrition_no_department,sigmoid,8,1186,3,3,0.009578351950599256,0.935410106773401,0.05501154127599986
manuscript_final_20260712T175019Z_c664ef152ff3,c664ef152ff3a9eef89c53a403b9c2e6f677340bea0307b02d97d07cc54bdfc3,no_salary_hike_no_attrition_no_department,isotonic,8,10,3,3,0.06872975018925058,0.8717517032551099,0.05951854655563968
manuscript_final_20260712T175019Z_c664ef152ff3,c664ef152ff3a9eef89c53a403b9c2e6f677340bea0307b02d97d07cc54bdfc3,no_salary_hike_no_attrition_no_department,isotonic,8,31,4,3,1.0332301422740996e-08,0.9360888468466202,0.06391114282107833
manuscript_final_20260712T175019Z_c664ef152ff3,c664ef152ff3a9eef89c53a403b9c2e6f677340bea0307b02d97d07cc54bdfc3,no_salary_hike_no_attrition_no_department,isotonic,8,57,3,3,1.0332301422740996e-08,0.9360888468466202,0.06391114282107833
manuscript_final_20260712T175019Z_c664ef152ff3,c664ef152ff3a9eef89c53a403b9c2e6f677340bea0307b02d97d07cc54bdfc3,no_salary_hike_no_attrition_no_department,isotonic,8,62,3,3,0.19843486167034682,0.7401935316274841,0.06137160670216912
manuscript_final_20260712T175019Z_c664ef152ff3,c664ef152ff3a9eef89c53a403b9c2e6f677340bea0307b02d97d07cc54bdfc3,no_salary_hike_no_attrition_no_department,isotonic,8,63,3,3,0.19843486167034682,0.7401935316274841,0.06137160670216912
manuscript_final_20260712T175019Z_c664ef152ff3,c664ef152ff3a9eef89c53a403b9c2e6f677340bea0307b02d97d07cc54bdfc3,no_salary_hike_no_attrition_no_department,isotonic,8,65,3,3,9.699481771205027e-09,0.8787564681604554,0.12124352214006283
manuscript_final_20260712T175019Z_c664ef152ff3,c664ef152ff3a9eef89c53a403b9c2e6f677340bea0307b02d97d07cc54bdfc3,no_salary_hike_no_attrition_no_department,isotonic,8,78,3,3,1.0203307959297054e-08,0.7611991652173993,0.23880082457929275
manuscript_final_20260712T175019Z_c664ef152ff3,c664ef152ff3a9eef89c53a403b9c2e6f677340bea0307b02d97d07cc54bdfc3,no_salary_hike_no_attrition_no_department,isotonic,8,95,3,3,1.0332301422740996e-08,0.9360888468466202,0.06391114282107833
manuscript_final_20260712T175019Z_c664ef152ff3,c664ef152ff3a9eef89c53a403b9c2e6f677340bea0307b02d97d07cc54bdfc3,no_salary_hike_no_attrition_no_department,isotonic,8,98,4,3,1.0203307959297054e-08,0.7611991652173993,0.23880082457929275
manuscript_final_20260712T175019Z_c664ef152ff3,c664ef152ff3a9eef89c53a403b9c2e6f677340bea0307b02d97d07cc54bdfc3,no_salary_hike_no_attrition_no_department,isotonic,8,108,3,3,1.0332301422740996e-08,0.9360888468466202,0.06391114282107833
manuscript_final_20260712T175019Z_c664ef152ff3,c664ef152ff3a9eef89c53a403b9c2e6f677340bea0307b02d97d07cc54bdfc3,no_salary_hike_no_attrition_no_department,isotonic,8,131,3,3,0.05157581403803767,0.8878093117316912,0.06061487423027108
manuscript_final_20260712T175019Z_c664ef152ff3,c664ef152ff3a9eef89c53a403b9c2e6f677340bea0307b02d97d07cc54bdfc3,no_salary_hike_no_attrition_no_department,isotonic,8,141,3,3,1.0332301422740996e-08,0.9360888468466202,0.06391114282107833
manuscript_final_20260712T175019Z_c664ef152ff3,c664ef152ff3a9eef89c53a403b9c2e6f677340bea0307b02d97d07cc54bdfc3,no_salary_hike_no_attrition_no_department,isotonic,8,173,3,3,1.0332301422740996e-08,0.9360888468466202,0.06391114282107833
manuscript_final_20260712T175019Z_c664ef152ff3,c664ef152ff3a9eef89c53a403b9c2e6f677340bea0307b02d97d07cc54bdfc3,no_salary_hike_no_attrition_no_department,isotonic,8,190,4,3,1.0332301422740996e-08,0.9360888468466202,0.06391114282107833
manuscript_final_20260712T175019Z_c664ef152ff3,c664ef152ff3a9eef89c53a403b9c2e6f677340bea0307b02d97d07cc54bdfc3,no_salary_hike_no_attrition_no_department,isotonic,8,207,3,3,1.0332301422740996e-08,0.9360888468466202,0.06391114282107833
manuscript_final_20260712T175019Z_c664ef152ff3,c664ef152ff3a9eef89c53a403b9c2e6f677340bea0307b02d97d07cc54bdfc3,no_salary_hike_no_attrition_no_department,isotonic,8,209,2,2,0.8480344709151654,0.09388953070846474,0.058075998376369946
manuscript_final_20260712T175019Z_c664ef152ff3,c664ef152ff3a9eef89c53a403b9c2e6f677340bea0307b02d97d07cc54bdfc3,no_salary_hike_no_attrition_no_department,isotonic,8,214,3,3,1.0203307959297054e-08,0.7611991652173993,0.23880082457929275
manuscript_final_20260712T175019Z_c664ef152ff3,c664ef152ff3a9eef89c53a403b9c2e6f677340bea0307b02d97d07cc54bdfc3,no_salary_hike_no_attrition_no_department,isotonic,8,271,3,3,1.0203307959297054e-08,0.7611991652173993,0.23880082457929275
manuscript_final_20260712T175019Z_c664ef152ff3,c664ef152ff3a9eef89c53a403b9c2e6f677340bea0307b02d97d07cc54bdfc3,no_salary_hike_no_attrition_no_department,isotonic,8,272,4,3,9.699481771205027e-09,0.8787564681604554,0.12124352214006283
manuscript_final_20260712T175019Z_c664ef152ff3,c664ef152ff3a9eef89c53a403b9c2e6f677340bea0307b02d97d07cc54bdfc3,no_salary_hike_no_attrition_no_department,isotonic,8,276,3,3,1.0203307959297054e-08,0.7611991652173993,0.23880082457929275
manuscript_final_20260712T175019Z_c664ef152ff3,c664ef152ff3a9eef89c53a403b9c2e6f677340bea0307b02d97d07cc54bdfc3,no_salary_hike_no_attrition_no_department,isotonic,8,277,4,3,0.05157581403803767,0.8878093117316912,0.06061487423027108
manuscript_final_20260712T175019Z_c664ef152ff3,c664ef152ff3a9eef89c53a403b9c2e6f677340bea0307b02d97d07cc54bdfc3,no_salary_hike_no_attrition_no_department,isotonic,8,283,4,3,1.0332301422740996e-08,0.9360888468466202,0.06391114282107833
manuscript_final_20260712T175019Z_c664ef152ff3,c664ef152ff3a9eef89c53a403b9c2e6f677340bea0307b02d97d07cc54bdfc3,no_salary_hike_no_attrition_no_department,isotonic,8,285,4,3,1.0332301422740996e-08,0.9360888468466202,0.06391114282107833
manuscript_final_20260712T175019Z_c664ef152ff3,c664ef152ff3a9eef89c53a403b9c2e6f677340bea0307b02d97d07cc54bdfc3,no_salary_hike_no_attrition_no_department,isotonic,8,291,2,2,0.8480344709151654,0.09388953070846474,0.058075998376369946
manuscript_final_20260712T175019Z_c664ef152ff3,c664ef152ff3a9eef89c53a403b9c2e6f677340bea0307b02d97d07cc54bdfc3,no_salary_hike_no_attrition_no_department,isotonic,8,293,2,2,0.8773087071240105,0.09713060686015831,0.02556068601583113
manuscript_final_20260712T175019Z_c664ef152ff3,c664ef152ff3a9eef89c53a403b9c2e6f677340bea0307b02d97d07cc54bdfc3,no_salary_hike_no_attrition_no_department,isotonic,8,296,3,3,9.041730984707688e-09,0.8191653712641153,0.18083461969415376
manuscript_final_20260712T175019Z_c664ef152ff3,c664ef152ff3a9eef89c53a403b9c2e6f677340bea0307b02d97d07cc54bdfc3,no_salary_hike_no_attrition_no_department,isotonic,8,308,3,3,1.0332301422740996e-08,0.9360888468466202,0.06391114282107833
manuscript_final_20260712T175019Z_c664ef152ff3,c664ef152ff3a9eef89c53a403b9c2e6f677340bea0307b02d97d07cc54bdfc3,no_salary_hike_no_attrition_no_department,isotonic,8,323,3,3,0.17114728266426787,0.6384065305730626,0.1904461867626695
manuscript_final_20260712T175019Z_c664ef152ff3,c664ef152ff3a9eef89c53a403b9c2e6f677340bea0307b02d97d07cc54bdfc3,no_salary_hike_no_attrition_no_department,isotonic,8,327,3,3,1.0332301422740996e-08,0.9360888468466202,0.06391114282107833
manuscript_final_20260712T175019Z_c664ef152ff3,c664ef152ff3a9eef89c53a403b9c2e6f677340bea0307b02d97d07cc54bdfc3,no_salary_hike_no_attrition_no_department,isotonic,8,330,3,3,1.0332301422740996e-08,0.9360888468466202,0.06391114282107833
manuscript_final_20260712T175019Z_c664ef152ff3,c664ef152ff3a9eef89c53a403b9c2e6f677340bea0307b02d97d07cc54bdfc3,no_salary_hike_no_attrition_no_department,isotonic,8,332,3,3,1.0203307959297054e-08,0.7611991652173993,0.23880082457929275
manuscript_final_20260712T175019Z_c664ef152ff3,c664ef152ff3a9eef89c53a403b9c2e6f677340bea0307b02d97d07cc54bdfc3,no_salary_hike_no_attrition_no_department,isotonic,8,335,3,3,1.0332301422740996e-08,0.9360888468466202,0.06391114282107833
manuscript_final_20260712T175019Z_c664ef152ff3,c664ef152ff3a9eef89c53a403b9c2e6f677340bea0307b02d97d07cc54bdfc3,no_salary_hike_no_attrition_no_department,isotonic,8,346,3,3,1.0570469686922885e-08,0.7885905956910725,0.21140939373845774
manuscript_final_20260712T175019Z_c664ef152ff3,c664ef152ff3a9eef89c53a403b9c2e6f677340bea0307b02d97d07cc54bdfc3,no_salary_hike_no_attrition_no_department,isotonic,8,348,2,2,0.8480344709151654,0.09388953070846474,0.058075998376369946
manuscript_final_20260712T175019Z_c664ef152ff3,c664ef152ff3a9eef89c53a403b9c2e6f677340bea0307b02d97d07cc54bdfc3,no_salary_hike_no_attrition_no_department,isotonic,8,351,3,3,1.0332301422740996e-08,0.9360888468466202,0.06391114282107833
manuscript_final_20260712T175019Z_c664ef152ff3,c664ef152ff3a9eef89c53a403b9c2e6f677340bea0307b02d97d07cc54bdfc3,no_salary_hike_no_attrition_no_department,isotonic,8,360,2,2,0.8777891889075687,0.0971838030576237,0.025027008034807643
manuscript_final_20260712T175019Z_c664ef152ff3,c664ef152ff3a9eef89c53a403b9c2e6f677340bea0307b02d97d07cc54bdfc3,no_salary_hike_no_attrition_no_department,isotonic,8,365,3,3,1.0203307959297054e-08,0.7611991652173993,0.23880082457929275
manuscript_final_20260712T175019Z_c664ef152ff3,c664ef152ff3a9eef89c53a403b9c2e6f677340bea0307b02d97d07cc54bdfc3,no_salary_hike_no_attrition_no_department,isotonic,8,369,2,2,0.7550745918963472,0.08359754410280987,0.16132786400084298
manuscript_final_20260712T175019Z_c664ef152ff3,c664ef152ff3a9eef89c53a403b9c2e6f677340bea0307b02d97d07cc54bdfc3,no_salary_hike_no_attrition_no_department,isotonic,8,393,3,3,1.0332301422740996e-08,0.9360888468466202,0.06391114282107833
manuscript_final_20260712T175019Z_c664ef152ff3,c664ef152ff3a9eef89c53a403b9c2e6f677340bea0307b02d97d07cc54bdfc3,no_salary_hike_no_attrition_no_department,isotonic,8,411,2,2,0.9743589648652203,9.743589648652204e-09,0.02564102539119001
manuscript_final_20260712T175019Z_c664ef152ff3,c664ef152ff3a9eef89c53a403b9c2e6f677340bea0307b02d97d07cc54bdfc3,no_salary_hike_no_attrition_no_department,isotonic,8,418,3,3,1.0332301422740996e-08,0.9360888468466202,0.06391114282107833
manuscript_final_20260712T175019Z_c664ef152ff3,c664ef152ff3a9eef89c53a403b9c2e6f677340bea0307b02d97d07cc54bdfc3,no_salary_hike_no_attrition_no_department,isotonic,8,420,2,2,0.9743589648652203,9.743589648652204e-09,0.02564102539119001
manuscript_final_20260712T175019Z_c664ef152ff3,c664ef152ff3a9eef89c53a403b9c2e6f677340bea0307b02d97d07cc54bdfc3,no_salary_hike_no_attrition_no_department,isotonic,8,431,3,3,1.0332301422740996e-08,0.9360888468466202,0.06391114282107833
manuscript_final_20260712T175019Z_c664ef152ff3,c664ef152ff3a9eef89c53a403b9c2e6f677340bea0307b02d97d07cc54bdfc3,no_salary_hike_no_attrition_no_department,isotonic,8,439,3,3,9.699481771205027e-09,0.8787564681604554,0.12124352214006283
manuscript_final_20260712T175019Z_c664ef152ff3,c664ef152ff3a9eef89c53a403b9c2e6f677340bea0307b02d97d07cc54bdfc3,no_salary_hike_no_attrition_no_department,isotonic,8,440,3,3,0.06792998233499277,0.7094909266099245,0.22257909105508272
manuscript_final_20260712T175019Z_c664ef152ff3,c664ef152ff3a9eef89c53a403b9c2e6f677340bea0307b02d97d07cc54bdfc3,no_salary_hike_no_attrition_no_department,isotonic,8,498,3,3,1.0203307959297054e-08,0.7611991652173993,0.23880082457929275
manuscript_final_20260712T175019Z_c664ef152ff3,c664ef152ff3a9eef89c53a403b9c2e6f677340bea0307b02d97d07cc54bdfc3,no_salary_hike_no_attrition_no_department,isotonic,8,502,3,3,0.05157581403803767,0.8878093117316912,0.06061487423027108
manuscript_final_20260712T175019Z_c664ef152ff3,c664ef152ff3a9eef89c53a403b9c2e6f677340bea0307b02d97d07cc54bdfc3,no_salary_hike_no_attrition_no_department,isotonic,8,506,3,3,9.699481771205027e-09,0.8787564681604554,0.12124352214006283
manuscript_final_20260712T175019Z_c664ef152ff3,c664ef152ff3a9eef89c53a403b9c2e6f677340bea0307b02d97d07cc54bdfc3,no_salary_hike_no_attrition_no_department,isotonic,8,519,4,3,1.0203307959297054e-08,0.7611991652173993,0.23880082457929275
manuscript_final_20260712T175019Z_c664ef152ff3,c664ef152ff3a9eef89c53a403b9c2e6f677340bea0307b02d97d07cc54bdfc3,no_salary_hike_no_attrition_no_department,isotonic,8,573,3,3,1.0203307959297054e-08,0.7611991652173993,0.23880082457929275
manuscript_final_20260712T175019Z_c664ef152ff3,c664ef152ff3a9eef89c53a403b9c2e6f677340bea0307b02d97d07cc54bdfc3,no_salary_hike_no_attrition_no_department,isotonic,8,583,3,3,1.0332301422740996e-08,0.9360888468466202,0.06391114282107833
manuscript_final_20260712T175019Z_c664ef152ff3,c664ef152ff3a9eef89c53a403b9c2e6f677340bea0307b02d97d07cc54bdfc3,no_salary_hike_no_attrition_no_department,isotonic,8,606,3,3,1.0332301422740996e-08,0.9360888468466202,0.06391114282107833
manuscript_final_20260712T175019Z_c664ef152ff3,c664ef152ff3a9eef89c53a403b9c2e6f677340bea0307b02d97d07cc54bdfc3,no_salary_hike_no_attrition_no_department,isotonic,8,613,3,3,1.0332301422740996e-08,0.9360888468466202,0.06391114282107833
manuscript_final_20260712T175019Z_c664ef152ff3,c664ef152ff3a9eef89c53a403b9c2e6f677340bea0307b02d97d07cc54bdfc3,no_salary_hike_no_attrition_no_department,isotonic,8,629,3,3,8.933275461676967e-09,0.6664507090457419,0.33354928202098266
manuscript_final_20260712T175019Z_c664ef152ff3,c664ef152ff3a9eef89c53a403b9c2e6f677340bea0307b02d97d07cc54bdfc3,no_salary_hike_no_attrition_no_department,isotonic,8,634,3,3,1.0332301422740996e-08,0.9360888468466202,0.06391114282107833
manuscript_final_20260712T175019Z_c664ef152ff3,c664ef152ff3a9eef89c53a403b9c2e6f677340bea0307b02d97d07cc54bdfc3,no_salary_hike_no_attrition_no_department,isotonic,8,637,3,3,1.0203307959297054e-08,0.7611991652173993,0.23880082457929275
manuscript_final_20260712T175019Z_c664ef152ff3,c664ef152ff3a9eef89c53a403b9c2e6f677340bea0307b02d97d07cc54bdfc3,no_salary_hike_no_attrition_no_department,isotonic,8,647,4,3,1.0203307959297054e-08,0.7611991652173993,0.23880082457929275
manuscript_final_20260712T175019Z_c664ef152ff3,c664ef152ff3a9eef89c53a403b9c2e6f677340bea0307b02d97d07cc54bdfc3,no_salary_hike_no_attrition_no_department,isotonic,8,662,2,3,0.07116332671745951,0.9026186055445291,0.026218067738011396
manuscript_final_20260712T175019Z_c664ef152ff3,c664ef152ff3a9eef89c53a403b9c2e6f677340bea0307b02d97d07cc54bdfc3,no_salary_hike_no_attrition_no_department,isotonic,8,673,2,2,0.8517830531805645,0.09430455231641965,0.05391239450301582
manuscript_final_20260712T175019Z_c664ef152ff3,c664ef152ff3a9eef89c53a403b9c2e6f677340bea0307b02d97d07cc54bdfc3,no_salary_hike_no_attrition_no_department,isotonic,8,686,3,3,1.0203307959297054e-08,0.7611991652173993,0.23880082457929275
manuscript_final_20260712T175019Z_c664ef152ff3,c664ef152ff3a9eef89c53a403b9c2e6f677340bea0307b02d97d07cc54bdfc3,no_salary_hike_no_attrition_no_department,isotonic,8,716,2,2,0.8773087071240105,0.09713060686015831,0.02556068601583113
manuscript_final_20260712T175019Z_c664ef152ff3,c664ef152ff3a9eef89c53a403b9c2e6f677340bea0307b02d97d07cc54bdfc3,no_salary_hike_no_attrition_no_department,isotonic,8,721,2,3,0.39272042669316337,0.5607833855997303,0.04649618770710639
manuscript_final_20260712T175019Z_c664ef152ff3,c664ef152ff3a9eef89c53a403b9c2e6f677340bea0307b02d97d07cc54bdfc3,no_salary_hike_no_attrition_no_department,isotonic,8,723,3,3,1.0203307959297054e-08,0.7611991652173993,0.23880082457929275
manuscript_final_20260712T175019Z_c664ef152ff3,c664ef152ff3a9eef89c53a403b9c2e6f677340bea0307b02d97d07cc54bdfc3,no_salary_hike_no_attrition_no_department,isotonic,8,740,2,2,0.8480344709151654,0.09388953070846474,0.058075998376369946
manuscript_final_20260712T175019Z_c664ef152ff3,c664ef152ff3a9eef89c53a403b9c2e6f677340bea0307b02d97d07cc54bdfc3,no_salary_hike_no_attrition_no_department,isotonic,8,764,3,2,0.8480344709151654,0.09388953070846474,0.058075998376369946
manuscript_final_20260712T175019Z_c664ef152ff3,c664ef152ff3a9eef89c53a403b9c2e6f677340bea0307b02d97d07cc54bdfc3,no_salary_hike_no_attrition_no_department,isotonic,8,766,2,3,0.07116332671745951,0.9026186055445291,0.026218067738011396
manuscript_final_20260712T175019Z_c664ef152ff3,c664ef152ff3a9eef89c53a403b9c2e6f677340bea0307b02d97d07cc54bdfc3,no_salary_hike_no_attrition_no_department,isotonic,8,767,3,3,1.0203307959297054e-08,0.7611991652173993,0.23880082457929275
manuscript_final_20260712T175019Z_c664ef152ff3,c664ef152ff3a9eef89c53a403b9c2e6f677340bea0307b02d97d07cc54bdfc3,no_salary_hike_no_attrition_no_department,isotonic,8,770,3,3,1.0332301422740996e-08,0.9360888468466202,0.06391114282107833
manuscript_final_20260712T175019Z_c664ef152ff3,c664ef152ff3a9eef89c53a403b9c2e6f677340bea0307b02d97d07cc54bdfc3,no_salary_hike_no_attrition_no_department,isotonic,8,782,3,3,1.0332301422740996e-08,0.9360888468466202,0.06391114282107833
manuscript_final_20260712T175019Z_c664ef152ff3,c664ef152ff3a9eef89c53a403b9c2e6f677340bea0307b02d97d07cc54bdfc3,no_salary_hike_no_attrition_no_department,isotonic,8,797,3,3,1.0332301422740996e-08,0.9360888468466202,0.06391114282107833
manuscript_final_20260712T175019Z_c664ef152ff3,c664ef152ff3a9eef89c53a403b9c2e6f677340bea0307b02d97d07cc54bdfc3,no_salary_hike_no_attrition_no_department,isotonic,8,806,2,2,0.6887132054083945,0.24842164748730025,0.0628651471043053
manuscript_final_20260712T175019Z_c664ef152ff3,c664ef152ff3a9eef89c53a403b9c2e6f677340bea0307b02d97d07cc54bdfc3,no_salary_hike_no_attrition_no_department,isotonic,8,809,2,3,0.19843486167034682,0.7401935316274841,0.06137160670216912
manuscript_final_20260712T175019Z_c664ef152ff3,c664ef152ff3a9eef89c53a403b9c2e6f677340bea0307b02d97d07cc54bdfc3,no_salary_hike_no_attrition_no_department,isotonic,8,815,3,3,1.0203307959297054e-08,0.7611991652173993,0.23880082457929275
manuscript_final_20260712T175019Z_c664ef152ff3,c664ef152ff3a9eef89c53a403b9c2e6f677340bea0307b02d97d07cc54bdfc3,no_salary_hike_no_attrition_no_department,isotonic,8,828,3,3,1.0332301422740996e-08,0.9360888468466202,0.06391114282107833
manuscript_final_20260712T175019Z_c664ef152ff3,c664ef152ff3a9eef89c53a403b9c2e6f677340bea0307b02d97d07cc54bdfc3,no_salary_hike_no_attrition_no_department,isotonic,8,831,3,3,1.0332301422740996e-08,0.9360888468466202,0.06391114282107833
manuscript_final_20260712T175019Z_c664ef152ff3,c664ef152ff3a9eef89c53a403b9c2e6f677340bea0307b02d97d07cc54bdfc3,no_salary_hike_no_attrition_no_department,isotonic,8,832,3,3,0.1694808539866064,0.6321904870928968,0.19832865892049684
manuscript_final_20260712T175019Z_c664ef152ff3,c664ef152ff3a9eef89c53a403b9c2e6f677340bea0307b02d97d07cc54bdfc3,no_salary_hike_no_attrition_no_department,isotonic,8,851,3,3,0.05096473261157679,0.7224048606688583,0.2266304067195649
manuscript_final_20260712T175019Z_c664ef152ff3,c664ef152ff3a9eef89c53a403b9c2e6f677340bea0307b02d97d07cc54bdfc3,no_salary_hike_no_attrition_no_department,isotonic,8,862,3,3,0.05096473261157679,0.7224048606688583,0.2266304067195649
manuscript_final_20260712T175019Z_c664ef152ff3,c664ef152ff3a9eef89c53a403b9c2e6f677340bea0307b02d97d07cc54bdfc3,no_salary_hike_no_attrition_no_department,isotonic,8,863,3,3,9.699481771205027e-09,0.8787564681604554,0.12124352214006283
manuscript_final_20260712T175019Z_c664ef152ff3,c664ef152ff3a9eef89c53a403b9c2e6f677340bea0307b02d97d07cc54bdfc3,no_salary_hike_no_attrition_no_department,isotonic,8,870,3,3,1.0332301422740996e-08,0.9360888468466202,0.06391114282107833
manuscript_final_20260712T175019Z_c664ef152ff3,c664ef152ff3a9eef89c53a403b9c2e6f677340bea0307b02d97d07cc54bdfc3,no_salary_hike_no_attrition_no_department,isotonic,8,880,3,3,1.0203307959297054e-08,0.7611991652173993,0.23880082457929275
manuscript_final_20260712T175019Z_c664ef152ff3,c664ef152ff3a9eef89c53a403b9c2e6f677340bea0307b02d97d07cc54bdfc3,no_salary_hike_no_attrition_no_department,isotonic,8,883,3,3,1.0332301422740996e-08,0.9360888468466202,0.06391114282107833
manuscript_final_20260712T175019Z_c664ef152ff3,c664ef152ff3a9eef89c53a403b9c2e6f677340bea0307b02d97d07cc54bdfc3,no_salary_hike_no_attrition_no_department,isotonic,8,884,4,3,1.0203307959297054e-08,0.7611991652173993,0.23880082457929275
manuscript_final_20260712T175019Z_c664ef152ff3,c664ef152ff3a9eef89c53a403b9c2e6f677340bea0307b02d97d07cc54bdfc3,no_salary_hike_no_attrition_no_department,isotonic,8,916,3,3,1.0203307959297054e-08,0.7611991652173993,0.23880082457929275
manuscript_final_20260712T175019Z_c664ef152ff3,c664ef152ff3a9eef89c53a403b9c2e6f677340bea0307b02d97d07cc54bdfc3,no_salary_hike_no_attrition_no_department,isotonic,8,918,3,3,1.0332301422740996e-08,0.9360888468466202,0.06391114282107833
manuscript_final_20260712T175019Z_c664ef152ff3,c664ef152ff3a9eef89c53a403b9c2e6f677340bea0307b02d97d07cc54bdfc3,no_salary_hike_no_attrition_no_department,isotonic,8,919,3,3,1.0332301422740996e-08,0.9360888468466202,0.06391114282107833
manuscript_final_20260712T175019Z_c664ef152ff3,c664ef152ff3a9eef89c53a403b9c2e6f677340bea0307b02d97d07cc54bdfc3,no_salary_hike_no_attrition_no_department,isotonic,8,922,3,3,1.0332301422740996e-08,0.9360888468466202,0.06391114282107833
manuscript_final_20260712T175019Z_c664ef152ff3,c664ef152ff3a9eef89c53a403b9c2e6f677340bea0307b02d97d07cc54bdfc3,no_salary_hike_no_attrition_no_department,isotonic,8,924,3,3,9.239870732382939e-09,0.6893236895587271,0.3106763012014021
manuscript_final_20260712T175019Z_c664ef152ff3,c664ef152ff3a9eef89c53a403b9c2e6f677340bea0307b02d97d07cc54bdfc3,no_salary_hike_no_attrition_no_department,isotonic,8,926,3,3,0.06872975018925058,0.8717517032551099,0.05951854655563968
manuscript_final_20260712T175019Z_c664ef152ff3,c664ef152ff3a9eef89c53a403b9c2e6f677340bea0307b02d97d07cc54bdfc3,no_salary_hike_no_attrition_no_department,isotonic,8,928,3,3,1.0332301422740996e-08,0.9360888468466202,0.06391114282107833
manuscript_final_20260712T175019Z_c664ef152ff3,c664ef152ff3a9eef89c53a403b9c2e6f677340bea0307b02d97d07cc54bdfc3,no_salary_hike_no_attrition_no_department,isotonic,8,936,2,2,0.8480344709151654,0.09388953070846474,0.058075998376369946
manuscript_final_20260712T175019Z_c664ef152ff3,c664ef152ff3a9eef89c53a403b9c2e6f677340bea0307b02d97d07cc54bdfc3,no_salary_hike_no_attrition_no_department,isotonic,8,941,3,3,1.0332301422740996e-08,0.9360888468466202,0.06391114282107833
manuscript_final_20260712T175019Z_c664ef152ff3,c664ef152ff3a9eef89c53a403b9c2e6f677340bea0307b02d97d07cc54bdfc3,no_salary_hike_no_attrition_no_department,isotonic,8,945,3,3,1.0332301422740996e-08,0.9360888468466202,0.06391114282107833
manuscript_final_20260712T175019Z_c664ef152ff3,c664ef152ff3a9eef89c53a403b9c2e6f677340bea0307b02d97d07cc54bdfc3,no_salary_hike_no_attrition_no_department,isotonic,8,946,3,3,1.0332301422740996e-08,0.9360888468466202,0.06391114282107833
manuscript_final_20260712T175019Z_c664ef152ff3,c664ef152ff3a9eef89c53a403b9c2e6f677340bea0307b02d97d07cc54bdfc3,no_salary_hike_no_attrition_no_department,isotonic,8,948,3,3,1.0332301422740996e-08,0.9360888468466202,0.06391114282107833
manuscript_final_20260712T175019Z_c664ef152ff3,c664ef152ff3a9eef89c53a403b9c2e6f677340bea0307b02d97d07cc54bdfc3,no_salary_hike_no_attrition_no_department,isotonic,8,956,3,3,1.0332301422740996e-08,0.9360888468466202,0.06391114282107833
manuscript_final_20260712T175019Z_c664ef152ff3,c664ef152ff3a9eef89c53a403b9c2e6f677340bea0307b02d97d07cc54bdfc3,no_salary_hike_no_attrition_no_department,isotonic,8,958,3,3,1.0203307959297054e-08,0.7611991652173993,0.23880082457929275
manuscript_final_20260712T175019Z_c664ef152ff3,c664ef152ff3a9eef89c53a403b9c2e6f677340bea0307b02d97d07cc54bdfc3,no_salary_hike_no_attrition_no_department,isotonic,8,972,3,3,1.0332301422740996e-08,0.9360888468466202,0.06391114282107833
manuscript_final_20260712T175019Z_c664ef152ff3,c664ef152ff3a9eef89c53a403b9c2e6f677340bea0307b02d97d07cc54bdfc3,no_salary_hike_no_attrition_no_department,isotonic,8,977,3,3,1.0332301422740996e-08,0.9360888468466202,0.06391114282107833
manuscript_final_20260712T175019Z_c664ef152ff3,c664ef152ff3a9eef89c53a403b9c2e6f677340bea0307b02d97d07cc54bdfc3,no_salary_hike_no_attrition_no_department,isotonic,8,978,2,2,0.8773087071240105,0.09713060686015831,0.02556068601583113
manuscript_final_20260712T175019Z_c664ef152ff3,c664ef152ff3a9eef89c53a403b9c2e6f677340bea0307b02d97d07cc54bdfc3,no_salary_hike_no_attrition_no_department,isotonic,8,980,3,3,0.05096473261157679,0.7224048606688583,0.2266304067195649
manuscript_final_20260712T175019Z_c664ef152ff3,c664ef152ff3a9eef89c53a403b9c2e6f677340bea0307b02d97d07cc54bdfc3,no_salary_hike_no_attrition_no_department,isotonic,8,988,3,3,1.0332301422740996e-08,0.9360888468466202,0.06391114282107833
manuscript_final_20260712T175019Z_c664ef152ff3,c664ef152ff3a9eef89c53a403b9c2e6f677340bea0307b02d97d07cc54bdfc3,no_salary_hike_no_attrition_no_department,isotonic,8,992,4,3,1.0203307959297054e-08,0.7611991652173993,0.23880082457929275
manuscript_final_20260712T175019Z_c664ef152ff3,c664ef152ff3a9eef89c53a403b9c2e6f677340bea0307b02d97d07cc54bdfc3,no_salary_hike_no_attrition_no_department,isotonic,8,1000,3,3,0.07578947368421052,0.791578947368421,0.13263157894736843
manuscript_final_20260712T175019Z_c664ef152ff3,c664ef152ff3a9eef89c53a403b9c2e6f677340bea0307b02d97d07cc54bdfc3,no_salary_hike_no_attrition_no_department,isotonic,8,1010,3,3,1.0332301422740996e-08,0.9360888468466202,0.06391114282107833
manuscript_final_20260712T175019Z_c664ef152ff3,c664ef152ff3a9eef89c53a403b9c2e6f677340bea0307b02d97d07cc54bdfc3,no_salary_hike_no_attrition_no_department,isotonic,8,1020,3,3,0.05157581403803767,0.8878093117316912,0.06061487423027108
manuscript_final_20260712T175019Z_c664ef152ff3,c664ef152ff3a9eef89c53a403b9c2e6f677340bea0307b02d97d07cc54bdfc3,no_salary_hike_no_attrition_no_department,isotonic,8,1026,3,3,1.00398405366518e-08,0.7490039765438644,0.250996013416295
manuscript_final_20260712T175019Z_c664ef152ff3,c664ef152ff3a9eef89c53a403b9c2e6f677340bea0307b02d97d07cc54bdfc3,no_salary_hike_no_attrition_no_department,isotonic,8,1044,3,3,1.0332301422740996e-08,0.9360888468466202,0.06391114282107833
manuscript_final_20260712T175019Z_c664ef152ff3,c664ef152ff3a9eef89c53a403b9c2e6f677340bea0307b02d97d07cc54bdfc3,no_salary_hike_no_attrition_no_department,isotonic,8,1051,3,3,1.0332301422740996e-08,0.9360888468466202,0.06391114282107833
manuscript_final_20260712T175019Z_c664ef152ff3,c664ef152ff3a9eef89c53a403b9c2e6f677340bea0307b02d97d07cc54bdfc3,no_salary_hike_no_attrition_no_department,isotonic,8,1087,4,3,1.0332301422740996e-08,0.9360888468466202,0.06391114282107833
manuscript_final_20260712T175019Z_c664ef152ff3,c664ef152ff3a9eef89c53a403b9c2e6f677340bea0307b02d97d07cc54bdfc3,no_salary_hike_no_attrition_no_department,isotonic,8,1128,3,3,1.0203307959297054e-08,0.7611991652173993,0.23880082457929275
manuscript_final_20260712T175019Z_c664ef152ff3,c664ef152ff3a9eef89c53a403b9c2e6f677340bea0307b02d97d07cc54bdfc3,no_salary_hike_no_attrition_no_department,isotonic,8,1134,2,2,0.8480344709151654,0.09388953070846474,0.058075998376369946
manuscript_final_20260712T175019Z_c664ef152ff3,c664ef152ff3a9eef89c53a403b9c2e6f677340bea0307b02d97d07cc54bdfc3,no_salary_hike_no_attrition_no_department,isotonic,8,1141,3,3,1.0203307959297054e-08,0.7611991652173993,0.23880082457929275
manuscript_final_20260712T175019Z_c664ef152ff3,c664ef152ff3a9eef89c53a403b9c2e6f677340bea0307b02d97d07cc54bdfc3,no_salary_hike_no_attrition_no_department,isotonic,8,1145,3,3,1.0332301422740996e-08,0.9360888468466202,0.06391114282107833
manuscript_final_20260712T175019Z_c664ef152ff3,c664ef152ff3a9eef89c53a403b9c2e6f677340bea0307b02d97d07cc54bdfc3,no_salary_hike_no_attrition_no_department,isotonic,8,1147,3,3,1.0332301422740996e-08,0.9360888468466202,0.06391114282107833
manuscript_final_20260712T175019Z_c664ef152ff3,c664ef152ff3a9eef89c53a403b9c2e6f677340bea0307b02d97d07cc54bdfc3,no_salary_hike_no_attrition_no_department,isotonic,8,1150,4,3,0.06792998233499277,0.7094909266099245,0.22257909105508272
manuscript_final_20260712T175019Z_c664ef152ff3,c664ef152ff3a9eef89c53a403b9c2e6f677340bea0307b02d97d07cc54bdfc3,no_salary_hike_no_attrition_no_department,isotonic,8,1165,2,2,0.8480344709151654,0.09388953070846474,0.058075998376369946
manuscript_final_20260712T175019Z_c664ef152ff3,c664ef152ff3a9eef89c53a403b9c2e6f677340bea0307b02d97d07cc54bdfc3,no_salary_hike_no_attrition_no_department,isotonic,8,1174,3,3,1.0726176000751318e-08,0.9717732103244784,0.028226778949345572
manuscript_final_20260712T175019Z_c664ef152ff3,c664ef152ff3a9eef89c53a403b9c2e6f677340bea0307b02d97d07cc54bdfc3,no_salary_hike_no_attrition_no_department,isotonic,8,1176,3,3,1.0726176000751318e-08,0.9717732103244784,0.028226778949345572
manuscript_final_20260712T175019Z_c664ef152ff3,c664ef152ff3a9eef89c53a403b9c2e6f677340bea0307b02d97d07cc54bdfc3,no_salary_hike_no_attrition_no_department,isotonic,8,1186,3,3,1.0332301422740996e-08,0.9360888468466202,0.06391114282107833
manuscript_final_20260712T175019Z_c664ef152ff3,c664ef152ff3a9eef89c53a403b9c2e6f677340bea0307b02d97d07cc54bdfc3,no_salary_hike_no_attrition_no_department,raw,9,4,3,2,0.8643939463891773,0.13378964316245648,0.0018164104483662262
manuscript_final_20260712T175019Z_c664ef152ff3,c664ef152ff3a9eef89c53a403b9c2e6f677340bea0307b02d97d07cc54bdfc3,no_salary_hike_no_attrition_no_department,raw,9,5,4,3,0.0015763125484681358,0.9028805882238834,0.0955430992276485
manuscript_final_20260712T175019Z_c664ef152ff3,c664ef152ff3a9eef89c53a403b9c2e6f677340bea0307b02d97d07cc54bdfc3,no_salary_hike_no_attrition_no_department,raw,9,11,3,3,0.0016544692102074068,0.9645975949213861,0.03374793586840657
manuscript_final_20260712T175019Z_c664ef152ff3,c664ef152ff3a9eef89c53a403b9c2e6f677340bea0307b02d97d07cc54bdfc3,no_salary_hike_no_attrition_no_department,raw,9,37,3,3,0.03699027188357461,0.9470408678611677,0.015968860255257736
manuscript_final_20260712T175019Z_c664ef152ff3,c664ef152ff3a9eef89c53a403b9c2e6f677340bea0307b02d97d07cc54bdfc3,no_salary_hike_no_attrition_no_department,raw,9,41,3,3,0.04621745542695845,0.8845459621128597,0.0692365824601818
manuscript_final_20260712T175019Z_c664ef152ff3,c664ef152ff3a9eef89c53a403b9c2e6f677340bea0307b02d97d07cc54bdfc3,no_salary_hike_no_attrition_no_department,raw,9,48,3,3,0.00029967945499769134,0.9282061463737482,0.0714941741712541
manuscript_final_20260712T175019Z_c664ef152ff3,c664ef152ff3a9eef89c53a403b9c2e6f677340bea0307b02d97d07cc54bdfc3,no_salary_hike_no_attrition_no_department,raw,9,51,3,3,0.007672789570926788,0.9605441770003155,0.03178303342875773
manuscript_final_20260712T175019Z_c664ef152ff3,c664ef152ff3a9eef89c53a403b9c2e6f677340bea0307b02d97d07cc54bdfc3,no_salary_hike_no_attrition_no_department,raw,9,74,3,3,0.005568920266448204,0.9489016501493592,0.04552942958419258
manuscript_final_20260712T175019Z_c664ef152ff3,c664ef152ff3a9eef89c53a403b9c2e6f677340bea0307b02d97d07cc54bdfc3,no_salary_hike_no_attrition_no_department,raw,9,107,3,3,0.0002637349758809248,0.9652330630153748,0.03450320200874425
manuscript_final_20260712T175019Z_c664ef152ff3,c664ef152ff3a9eef89c53a403b9c2e6f677340bea0307b02d97d07cc54bdfc3,no_salary_hike_no_attrition_no_department,raw,9,114,3,3,0.007213494478421021,0.9384509580213695,0.05433554750020955
manuscript_final_20260712T175019Z_c664ef152ff3,c664ef152ff3a9eef89c53a403b9c2e6f677340bea0307b02d97d07cc54bdfc3,no_salary_hike_no_attrition_no_department,raw,9,118,3,2,0.8816422972747273,0.0997306877882619,0.018627014937010775
manuscript_final_20260712T175019Z_c664ef152ff3,c664ef152ff3a9eef89c53a403b9c2e6f677340bea0307b02d97d07cc54bdfc3,no_salary_hike_no_attrition_no_department,raw,9,122,3,3,0.0006543640388589223,0.9809313928076606,0.018414243153480454
manuscript_final_20260712T175019Z_c664ef152ff3,c664ef152ff3a9eef89c53a403b9c2e6f677340bea0307b02d97d07cc54bdfc3,no_salary_hike_no_attrition_no_department,raw,9,126,3,3,0.0019269614069553844,0.6896707601849474,0.3084022784080972
manuscript_final_20260712T175019Z_c664ef152ff3,c664ef152ff3a9eef89c53a403b9c2e6f677340bea0307b02d97d07cc54bdfc3,no_salary_hike_no_attrition_no_department,raw,9,127,4,3,0.0009035687085232067,0.9848718738769445,0.014224557414532253
manuscript_final_20260712T175019Z_c664ef152ff3,c664ef152ff3a9eef89c53a403b9c2e6f677340bea0307b02d97d07cc54bdfc3,no_salary_hike_no_attrition_no_department,raw,9,129,3,3,0.0004565536012009524,0.9579234880685481,0.04161995833025096
manuscript_final_20260712T175019Z_c664ef152ff3,c664ef152ff3a9eef89c53a403b9c2e6f677340bea0307b02d97d07cc54bdfc3,no_salary_hike_no_attrition_no_department,raw,9,154,3,3,0.001095820459064663,0.9795672368180436,0.019336942722891742
manuscript_final_20260712T175019Z_c664ef152ff3,c664ef152ff3a9eef89c53a403b9c2e6f677340bea0307b02d97d07cc54bdfc3,no_salary_hike_no_attrition_no_department,raw,9,167,3,3,0.0017507860719260357,0.9884176746758643,0.009831539252209648
manuscript_final_20260712T175019Z_c664ef152ff3,c664ef152ff3a9eef89c53a403b9c2e6f677340bea0307b02d97d07cc54bdfc3,no_salary_hike_no_attrition_no_department,raw,9,170,2,2,0.9723314808169842,0.02568141973455056,0.0019870994484653373
manuscript_final_20260712T175019Z_c664ef152ff3,c664ef152ff3a9eef89c53a403b9c2e6f677340bea0307b02d97d07cc54bdfc3,no_salary_hike_no_attrition_no_department,raw,9,171,4,3,0.0003198143558476478,0.8235930649029655,0.17608712074118693
manuscript_final_20260712T175019Z_c664ef152ff3,c664ef152ff3a9eef89c53a403b9c2e6f677340bea0307b02d97d07cc54bdfc3,no_salary_hike_no_attrition_no_department,raw,9,196,3,3,0.003205870387850187,0.934938394868552,0.06185573474359787
manuscript_final_20260712T175019Z_c664ef152ff3,c664ef152ff3a9eef89c53a403b9c2e6f677340bea0307b02d97d07cc54bdfc3,no_salary_hike_no_attrition_no_department,raw,9,200,3,3,0.0010784077021193366,0.8417544023913178,0.15716718990656292
manuscript_final_20260712T175019Z_c664ef152ff3,c664ef152ff3a9eef89c53a403b9c2e6f677340bea0307b02d97d07cc54bdfc3,no_salary_hike_no_attrition_no_department,raw,9,205,2,2,0.5173370165029613,0.40741162885112125,0.07525135464591749
manuscript_final_20260712T175019Z_c664ef152ff3,c664ef152ff3a9eef89c53a403b9c2e6f677340bea0307b02d97d07cc54bdfc3,no_salary_hike_no_attrition_no_department,raw,9,218,3,3,0.00024310208377424053,0.9592852012732846,0.04047169664294115
manuscript_final_20260712T175019Z_c664ef152ff3,c664ef152ff3a9eef89c53a403b9c2e6f677340bea0307b02d97d07cc54bdfc3,no_salary_hike_no_attrition_no_department,raw,9,233,3,3,0.0014600469914210132,0.9924334813102477,0.006106471698331395
manuscript_final_20260712T175019Z_c664ef152ff3,c664ef152ff3a9eef89c53a403b9c2e6f677340bea0307b02d97d07cc54bdfc3,no_salary_hike_no_attrition_no_department,raw,9,235,3,3,0.00039327892715690805,0.9611102257813825,0.03849649529146061
manuscript_final_20260712T175019Z_c664ef152ff3,c664ef152ff3a9eef89c53a403b9c2e6f677340bea0307b02d97d07cc54bdfc3,no_salary_hike_no_attrition_no_department,raw,9,248,2,2,0.9454264858240831,0.0464028921021853,0.008170622073731619
manuscript_final_20260712T175019Z_c664ef152ff3,c664ef152ff3a9eef89c53a403b9c2e6f677340bea0307b02d97d07cc54bdfc3,no_salary_hike_no_attrition_no_department,raw,9,259,3,3,0.00274274167024884,0.9160241905800105,0.08123306774974066
manuscript_final_20260712T175019Z_c664ef152ff3,c664ef152ff3a9eef89c53a403b9c2e6f677340bea0307b02d97d07cc54bdfc3,no_salary_hike_no_attrition_no_department,raw,9,269,3,3,0.0010669963760330259,0.9250757178967678,0.07385728572719921
manuscript_final_20260712T175019Z_c664ef152ff3,c664ef152ff3a9eef89c53a403b9c2e6f677340bea0307b02d97d07cc54bdfc3,no_salary_hike_no_attrition_no_department,raw,9,294,4,3,0.004626945657100701,0.7085457543173678,0.2868273000255316
manuscript_final_20260712T175019Z_c664ef152ff3,c664ef152ff3a9eef89c53a403b9c2e6f677340bea0307b02d97d07cc54bdfc3,no_salary_hike_no_attrition_no_department,raw,9,303,3,3,0.005952689622078282,0.9295092679553074,0.06453804242261427
manuscript_final_20260712T175019Z_c664ef152ff3,c664ef152ff3a9eef89c53a403b9c2e6f677340bea0307b02d97d07cc54bdfc3,no_salary_hike_no_attrition_no_department,raw,9,333,3,3,0.003281283684157573,0.9140600091466548,0.08265870716918766
manuscript_final_20260712T175019Z_c664ef152ff3,c664ef152ff3a9eef89c53a403b9c2e6f677340bea0307b02d97d07cc54bdfc3,no_salary_hike_no_attrition_no_department,raw,9,337,3,3,0.001269672526313433,0.9323990901971274,0.06633123727655917
manuscript_final_20260712T175019Z_c664ef152ff3,c664ef152ff3a9eef89c53a403b9c2e6f677340bea0307b02d97d07cc54bdfc3,no_salary_hike_no_attrition_no_department,raw,9,342,3,3,0.007746865294073042,0.9107795058538045,0.08147362885212248
manuscript_final_20260712T175019Z_c664ef152ff3,c664ef152ff3a9eef89c53a403b9c2e6f677340bea0307b02d97d07cc54bdfc3,no_salary_hike_no_attrition_no_department,raw,9,372,2,2,0.7501138336939539,0.06892064111052988,0.18096552519551626
manuscript_final_20260712T175019Z_c664ef152ff3,c664ef152ff3a9eef89c53a403b9c2e6f677340bea0307b02d97d07cc54bdfc3,no_salary_hike_no_attrition_no_department,raw,9,384,3,3,0.006188476112383821,0.9790322233532245,0.014779300534391747
manuscript_final_20260712T175019Z_c664ef152ff3,c664ef152ff3a9eef89c53a403b9c2e6f677340bea0307b02d97d07cc54bdfc3,no_salary_hike_no_attrition_no_department,raw,9,414,2,2,0.9725874840161105,0.025969356773093928,0.0014431592107955363
manuscript_final_20260712T175019Z_c664ef152ff3,c664ef152ff3a9eef89c53a403b9c2e6f677340bea0307b02d97d07cc54bdfc3,no_salary_hike_no_attrition_no_department,raw,9,416,3,3,0.002537321465388563,0.9512094605046629,0.0462532180299485
manuscript_final_20260712T175019Z_c664ef152ff3,c664ef152ff3a9eef89c53a403b9c2e6f677340bea0307b02d97d07cc54bdfc3,no_salary_hike_no_attrition_no_department,raw,9,429,3,3,0.0004048598306922667,0.7851396719110523,0.21445546825825546
manuscript_final_20260712T175019Z_c664ef152ff3,c664ef152ff3a9eef89c53a403b9c2e6f677340bea0307b02d97d07cc54bdfc3,no_salary_hike_no_attrition_no_department,raw,9,435,3,3,0.0005250731825256692,0.6999107279448117,0.2995641988726626
manuscript_final_20260712T175019Z_c664ef152ff3,c664ef152ff3a9eef89c53a403b9c2e6f677340bea0307b02d97d07cc54bdfc3,no_salary_hike_no_attrition_no_department,raw,9,443,2,2,0.8928906867677866,0.10305136384600011,0.0040579493862132575
manuscript_final_20260712T175019Z_c664ef152ff3,c664ef152ff3a9eef89c53a403b9c2e6f677340bea0307b02d97d07cc54bdfc3,no_salary_hike_no_attrition_no_department,raw,9,453,3,3,0.0021351690967520705,0.6820100278537897,0.31585480304945823
manuscript_final_20260712T175019Z_c664ef152ff3,c664ef152ff3a9eef89c53a403b9c2e6f677340bea0307b02d97d07cc54bdfc3,no_salary_hike_no_attrition_no_department,raw,9,457,2,2,0.661422470892815,0.2274250821724583,0.11115244693472665
manuscript_final_20260712T175019Z_c664ef152ff3,c664ef152ff3a9eef89c53a403b9c2e6f677340bea0307b02d97d07cc54bdfc3,no_salary_hike_no_attrition_no_department,raw,9,464,4,3,0.000803838082103567,0.9823761650420937,0.016819996875802733
manuscript_final_20260712T175019Z_c664ef152ff3,c664ef152ff3a9eef89c53a403b9c2e6f677340bea0307b02d97d07cc54bdfc3,no_salary_hike_no_attrition_no_department,raw,9,490,2,2,0.8475445209008718,0.12717069235398779,0.025284786745140425
manuscript_final_20260712T175019Z_c664ef152ff3,c664ef152ff3a9eef89c53a403b9c2e6f677340bea0307b02d97d07cc54bdfc3,no_salary_hike_no_attrition_no_department,raw,9,496,3,3,0.0006287466247427814,0.942782381349886,0.05658887202537125
manuscript_final_20260712T175019Z_c664ef152ff3,c664ef152ff3a9eef89c53a403b9c2e6f677340bea0307b02d97d07cc54bdfc3,no_salary_hike_no_attrition_no_department,raw,9,529,4,3,0.005476857820126738,0.9650367179337856,0.029486424246087613
manuscript_final_20260712T175019Z_c664ef152ff3,c664ef152ff3a9eef89c53a403b9c2e6f677340bea0307b02d97d07cc54bdfc3,no_salary_hike_no_attrition_no_department,raw,9,544,3,3,0.0005317688384885338,0.8494495229077164,0.1500187082537952
manuscript_final_20260712T175019Z_c664ef152ff3,c664ef152ff3a9eef89c53a403b9c2e6f677340bea0307b02d97d07cc54bdfc3,no_salary_hike_no_attrition_no_department,raw,9,546,2,2,0.9172866940498352,0.07065713405609131,0.012056171894073486
manuscript_final_20260712T175019Z_c664ef152ff3,c664ef152ff3a9eef89c53a403b9c2e6f677340bea0307b02d97d07cc54bdfc3,no_salary_hike_no_attrition_no_department,raw,9,565,3,3,0.0010792511133763713,0.9059468588083966,0.09297389007822701
manuscript_final_20260712T175019Z_c664ef152ff3,c664ef152ff3a9eef89c53a403b9c2e6f677340bea0307b02d97d07cc54bdfc3,no_salary_hike_no_attrition_no_department,raw,9,576,4,3,0.00900052699261886,0.9623726875252842,0.02862678548209701
manuscript_final_20260712T175019Z_c664ef152ff3,c664ef152ff3a9eef89c53a403b9c2e6f677340bea0307b02d97d07cc54bdfc3,no_salary_hike_no_attrition_no_department,raw,9,578,2,2,0.6764765829805288,0.31957071320161995,0.00395270381785134
manuscript_final_20260712T175019Z_c664ef152ff3,c664ef152ff3a9eef89c53a403b9c2e6f677340bea0307b02d97d07cc54bdfc3,no_salary_hike_no_attrition_no_department,raw,9,588,3,3,0.0009139292384724323,0.8444234541710649,0.15466261659046268
manuscript_final_20260712T175019Z_c664ef152ff3,c664ef152ff3a9eef89c53a403b9c2e6f677340bea0307b02d97d07cc54bdfc3,no_salary_hike_no_attrition_no_department,raw,9,592,3,3,0.004496247173875371,0.5889966064630012,0.4065071463631234
manuscript_final_20260712T175019Z_c664ef152ff3,c664ef152ff3a9eef89c53a403b9c2e6f677340bea0307b02d97d07cc54bdfc3,no_salary_hike_no_attrition_no_department,raw,9,600,3,3,0.002825027199515412,0.9539023977581101,0.04327257504237443
manuscript_final_20260712T175019Z_c664ef152ff3,c664ef152ff3a9eef89c53a403b9c2e6f677340bea0307b02d97d07cc54bdfc3,no_salary_hike_no_attrition_no_department,raw,9,607,2,2,0.9582762202476021,0.03676302389322521,0.004960755859172719
manuscript_final_20260712T175019Z_c664ef152ff3,c664ef152ff3a9eef89c53a403b9c2e6f677340bea0307b02d97d07cc54bdfc3,no_salary_hike_no_attrition_no_department,raw,9,616,3,3,0.013731519067246893,0.9595173215758201,0.026751159356932924
manuscript_final_20260712T175019Z_c664ef152ff3,c664ef152ff3a9eef89c53a403b9c2e6f677340bea0307b02d97d07cc54bdfc3,no_salary_hike_no_attrition_no_department,raw,9,630,3,3,0.016516296962103664,0.8337017089920914,0.14978199404580492
manuscript_final_20260712T175019Z_c664ef152ff3,c664ef152ff3a9eef89c53a403b9c2e6f677340bea0307b02d97d07cc54bdfc3,no_salary_hike_no_attrition_no_department,raw,9,658,3,3,0.0052654577932844055,0.514854885692939,0.4798796565137766
manuscript_final_20260712T175019Z_c664ef152ff3,c664ef152ff3a9eef89c53a403b9c2e6f677340bea0307b02d97d07cc54bdfc3,no_salary_hike_no_attrition_no_department,raw,9,671,3,3,0.0008865958920791147,0.5628223810154706,0.4362910230924503
manuscript_final_20260712T175019Z_c664ef152ff3,c664ef152ff3a9eef89c53a403b9c2e6f677340bea0307b02d97d07cc54bdfc3,no_salary_hike_no_attrition_no_department,raw,9,674,3,3,0.008799518368398117,0.8060689485941469,0.18513153303745494
manuscript_final_20260712T175019Z_c664ef152ff3,c664ef152ff3a9eef89c53a403b9c2e6f677340bea0307b02d97d07cc54bdfc3,no_salary_hike_no_attrition_no_department,raw,9,687,3,3,0.006170889561114494,0.9099866949819203,0.08384241545696529
manuscript_final_20260712T175019Z_c664ef152ff3,c664ef152ff3a9eef89c53a403b9c2e6f677340bea0307b02d97d07cc54bdfc3,no_salary_hike_no_attrition_no_department,raw,9,695,3,3,0.001940606978892519,0.7183061845675991,0.27975320845350843
manuscript_final_20260712T175019Z_c664ef152ff3,c664ef152ff3a9eef89c53a403b9c2e6f677340bea0307b02d97d07cc54bdfc3,no_salary_hike_no_attrition_no_department,raw,9,722,3,3,0.0045482298084512,0.9745196840772918,0.020932086114256954
manuscript_final_20260712T175019Z_c664ef152ff3,c664ef152ff3a9eef89c53a403b9c2e6f677340bea0307b02d97d07cc54bdfc3,no_salary_hike_no_attrition_no_department,raw,9,728,2,2,0.6956095653386207,0.3013342898723922,0.003056144788987058
manuscript_final_20260712T175019Z_c664ef152ff3,c664ef152ff3a9eef89c53a403b9c2e6f677340bea0307b02d97d07cc54bdfc3,no_salary_hike_no_attrition_no_department,raw,9,729,2,2,0.9376348641290647,0.053446470155981085,0.0089186657149543
manuscript_final_20260712T175019Z_c664ef152ff3,c664ef152ff3a9eef89c53a403b9c2e6f677340bea0307b02d97d07cc54bdfc3,no_salary_hike_no_attrition_no_department,raw,9,735,3,3,0.0024279536384742145,0.9516644909918718,0.04590755536965404
manuscript_final_20260712T175019Z_c664ef152ff3,c664ef152ff3a9eef89c53a403b9c2e6f677340bea0307b02d97d07cc54bdfc3,no_salary_hike_no_attrition_no_department,raw,9,741,2,3,0.02499534105862957,0.9715828101613034,0.0034218487800670287
manuscript_final_20260712T175019Z_c664ef152ff3,c664ef152ff3a9eef89c53a403b9c2e6f677340bea0307b02d97d07cc54bdfc3,no_salary_hike_no_attrition_no_department,raw,9,742,3,3,0.005018282733113608,0.9841001134599571,0.010881603806929329
manuscript_final_20260712T175019Z_c664ef152ff3,c664ef152ff3a9eef89c53a403b9c2e6f677340bea0307b02d97d07cc54bdfc3,no_salary_hike_no_attrition_no_department,raw,9,765,2,3,0.017449102505706963,0.9540296783353749,0.028521219158918098
manuscript_final_20260712T175019Z_c664ef152ff3,c664ef152ff3a9eef89c53a403b9c2e6f677340bea0307b02d97d07cc54bdfc3,no_salary_hike_no_attrition_no_department,raw,9,775,2,3,0.28979917443062,0.6999169366460518,0.010283888923328162
manuscript_final_20260712T175019Z_c664ef152ff3,c664ef152ff3a9eef89c53a403b9c2e6f677340bea0307b02d97d07cc54bdfc3,no_salary_hike_no_attrition_no_department,raw,9,786,2,2,0.6814435530050597,0.3053165290881918,0.013239917906748562
manuscript_final_20260712T175019Z_c664ef152ff3,c664ef152ff3a9eef89c53a403b9c2e6f677340bea0307b02d97d07cc54bdfc3,no_salary_hike_no_attrition_no_department,raw,9,789,3,3,0.010401846279104161,0.974577731894787,0.015020421826108856
manuscript_final_20260712T175019Z_c664ef152ff3,c664ef152ff3a9eef89c53a403b9c2e6f677340bea0307b02d97d07cc54bdfc3,no_salary_hike_no_attrition_no_department,raw,9,794,3,3,0.0026775808908966934,0.8796035325776026,0.11771888653150081
manuscript_final_20260712T175019Z_c664ef152ff3,c664ef152ff3a9eef89c53a403b9c2e6f677340bea0307b02d97d07cc54bdfc3,no_salary_hike_no_attrition_no_department,raw,9,814,3,3,0.08670867129488594,0.9026823530580191,0.010608975647094954
manuscript_final_20260712T175019Z_c664ef152ff3,c664ef152ff3a9eef89c53a403b9c2e6f677340bea0307b02d97d07cc54bdfc3,no_salary_hike_no_attrition_no_department,raw,9,818,3,3,0.003641392844363174,0.8868340951052659,0.10952451205037093
manuscript_final_20260712T175019Z_c664ef152ff3,c664ef152ff3a9eef89c53a403b9c2e6f677340bea0307b02d97d07cc54bdfc3,no_salary_hike_no_attrition_no_department,raw,9,820,3,3,0.0006977113867889592,0.9129797323646366,0.08632255624857442
manuscript_final_20260712T175019Z_c664ef152ff3,c664ef152ff3a9eef89c53a403b9c2e6f677340bea0307b02d97d07cc54bdfc3,no_salary_hike_no_attrition_no_department,raw,9,824,3,3,0.0007208039688341904,0.9677073274997471,0.03157186853141872
manuscript_final_20260712T175019Z_c664ef152ff3,c664ef152ff3a9eef89c53a403b9c2e6f677340bea0307b02d97d07cc54bdfc3,no_salary_hike_no_attrition_no_department,raw,9,850,3,3,0.0005566349125302966,0.7860917432982701,0.2133516217891996
manuscript_final_20260712T175019Z_c664ef152ff3,c664ef152ff3a9eef89c53a403b9c2e6f677340bea0307b02d97d07cc54bdfc3,no_salary_hike_no_attrition_no_department,raw,9,853,3,3,0.0016709031127162786,0.9647992554314203,0.033529841455863504
manuscript_final_20260712T175019Z_c664ef152ff3,c664ef152ff3a9eef89c53a403b9c2e6f677340bea0307b02d97d07cc54bdfc3,no_salary_hike_no_attrition_no_department,raw,9,859,3,3,0.003102155675838373,0.9556739334461125,0.04122391087804914
manuscript_final_20260712T175019Z_c664ef152ff3,c664ef152ff3a9eef89c53a403b9c2e6f677340bea0307b02d97d07cc54bdfc3,no_salary_hike_no_attrition_no_department,raw,9,871,3,3,0.02033942344960792,0.9624599653070053,0.01720061124338675
manuscript_final_20260712T175019Z_c664ef152ff3,c664ef152ff3a9eef89c53a403b9c2e6f677340bea0307b02d97d07cc54bdfc3,no_salary_hike_no_attrition_no_department,raw,9,881,4,3,0.0006980242117253176,0.9858804053037238,0.013421570484550938
manuscript_final_20260712T175019Z_c664ef152ff3,c664ef152ff3a9eef89c53a403b9c2e6f677340bea0307b02d97d07cc54bdfc3,no_salary_hike_no_attrition_no_department,raw,9,893,3,3,0.0007479376815781036,0.9670642415166536,0.03218782080176832
manuscript_final_20260712T175019Z_c664ef152ff3,c664ef152ff3a9eef89c53a403b9c2e6f677340bea0307b02d97d07cc54bdfc3,no_salary_hike_no_attrition_no_department,raw,9,910,4,3,0.04646308278347428,0.9145673973177761,0.03896951989874959
manuscript_final_20260712T175019Z_c664ef152ff3,c664ef152ff3a9eef89c53a403b9c2e6f677340bea0307b02d97d07cc54bdfc3,no_salary_hike_no_attrition_no_department,raw,9,914,3,3,0.0019292668819760274,0.9872784213442158,0.010792311773808114
manuscript_final_20260712T175019Z_c664ef152ff3,c664ef152ff3a9eef89c53a403b9c2e6f677340bea0307b02d97d07cc54bdfc3,no_salary_hike_no_attrition_no_department,raw,9,927,3,3,0.03099771163044007,0.9461340713521161,0.022868217017443834
manuscript_final_20260712T175019Z_c664ef152ff3,c664ef152ff3a9eef89c53a403b9c2e6f677340bea0307b02d97d07cc54bdfc3,no_salary_hike_no_attrition_no_department,raw,9,933,3,3,0.001169669322331623,0.8971396064578776,0.10169072421979082
manuscript_final_20260712T175019Z_c664ef152ff3,c664ef152ff3a9eef89c53a403b9c2e6f677340bea0307b02d97d07cc54bdfc3,no_salary_hike_no_attrition_no_department,raw,9,939,3,3,0.005961691220194366,0.9772442128755259,0.016794095904279736
manuscript_final_20260712T175019Z_c664ef152ff3,c664ef152ff3a9eef89c53a403b9c2e6f677340bea0307b02d97d07cc54bdfc3,no_salary_hike_no_attrition_no_department,raw,9,950,3,3,0.0009052091922973258,0.9455892156387883,0.053505575168914375
manuscript_final_20260712T175019Z_c664ef152ff3,c664ef152ff3a9eef89c53a403b9c2e6f677340bea0307b02d97d07cc54bdfc3,no_salary_hike_no_attrition_no_department,raw,9,951,2,2,0.9508229257217485,0.04685405152538244,0.0023230227528690745
manuscript_final_20260712T175019Z_c664ef152ff3,c664ef152ff3a9eef89c53a403b9c2e6f677340bea0307b02d97d07cc54bdfc3,no_salary_hike_no_attrition_no_department,raw,9,966,3,3,0.0001912940127154246,0.9806104493048874,0.019198256682397226
manuscript_final_20260712T175019Z_c664ef152ff3,c664ef152ff3a9eef89c53a403b9c2e6f677340bea0307b02d97d07cc54bdfc3,no_salary_hike_no_attrition_no_department,raw,9,979,3,3,0.0005309550143347798,0.9360980668248686,0.06337097816079662
manuscript_final_20260712T175019Z_c664ef152ff3,c664ef152ff3a9eef89c53a403b9c2e6f677340bea0307b02d97d07cc54bdfc3,no_salary_hike_no_attrition_no_department,raw,9,981,3,3,0.0017708357514372576,0.7760353826262936,0.22219378162226916
manuscript_final_20260712T175019Z_c664ef152ff3,c664ef152ff3a9eef89c53a403b9c2e6f677340bea0307b02d97d07cc54bdfc3,no_salary_hike_no_attrition_no_department,raw,9,1002,3,3,0.00476680391134991,0.9376959619490041,0.05753723413964605
manuscript_final_20260712T175019Z_c664ef152ff3,c664ef152ff3a9eef89c53a403b9c2e6f677340bea0307b02d97d07cc54bdfc3,no_salary_hike_no_attrition_no_department,raw,9,1013,3,3,0.00032144516539710656,0.9444155507248095,0.05526300410979338
manuscript_final_20260712T175019Z_c664ef152ff3,c664ef152ff3a9eef89c53a403b9c2e6f677340bea0307b02d97d07cc54bdfc3,no_salary_hike_no_attrition_no_department,raw,9,1017,3,3,0.0028434990724297603,0.9763694023643481,0.020787098563222084
manuscript_final_20260712T175019Z_c664ef152ff3,c664ef152ff3a9eef89c53a403b9c2e6f677340bea0307b02d97d07cc54bdfc3,no_salary_hike_no_attrition_no_department,raw,9,1025,3,3,0.022256645460651904,0.9754033910597785,0.0023399634795696366
manuscript_final_20260712T175019Z_c664ef152ff3,c664ef152ff3a9eef89c53a403b9c2e6f677340bea0307b02d97d07cc54bdfc3,no_salary_hike_no_attrition_no_department,raw,9,1028,3,3,0.0007888396605338438,0.9371844651209511,0.06202669521851502
manuscript_final_20260712T175019Z_c664ef152ff3,c664ef152ff3a9eef89c53a403b9c2e6f677340bea0307b02d97d07cc54bdfc3,no_salary_hike_no_attrition_no_department,raw,9,1037,3,3,0.00042453004502368454,0.895828025624623,0.10374744433035336
manuscript_final_20260712T175019Z_c664ef152ff3,c664ef152ff3a9eef89c53a403b9c2e6f677340bea0307b02d97d07cc54bdfc3,no_salary_hike_no_attrition_no_department,raw,9,1059,2,2,0.6606022998576107,0.3292434058573066,0.010154294285082759
manuscript_final_20260712T175019Z_c664ef152ff3,c664ef152ff3a9eef89c53a403b9c2e6f677340bea0307b02d97d07cc54bdfc3,no_salary_hike_no_attrition_no_department,raw,9,1066,3,3,0.0009069223731960507,0.9768093060041106,0.02228377162269338
manuscript_final_20260712T175019Z_c664ef152ff3,c664ef152ff3a9eef89c53a403b9c2e6f677340bea0307b02d97d07cc54bdfc3,no_salary_hike_no_attrition_no_department,raw,9,1070,3,3,0.00044782521827511484,0.9271773301472849,0.07237484463444005
manuscript_final_20260712T175019Z_c664ef152ff3,c664ef152ff3a9eef89c53a403b9c2e6f677340bea0307b02d97d07cc54bdfc3,no_salary_hike_no_attrition_no_department,raw,9,1071,3,3,0.00010288404466974497,0.9933367566047017,0.006560359350628594
manuscript_final_20260712T175019Z_c664ef152ff3,c664ef152ff3a9eef89c53a403b9c2e6f677340bea0307b02d97d07cc54bdfc3,no_salary_hike_no_attrition_no_department,raw,9,1072,3,3,0.01720218071203064,0.79424438746712,0.18855343182084938
manuscript_final_20260712T175019Z_c664ef152ff3,c664ef152ff3a9eef89c53a403b9c2e6f677340bea0307b02d97d07cc54bdfc3,no_salary_hike_no_attrition_no_department,raw,9,1074,3,3,0.0013857253732528579,0.9462808027915406,0.052333471835206556
manuscript_final_20260712T175019Z_c664ef152ff3,c664ef152ff3a9eef89c53a403b9c2e6f677340bea0307b02d97d07cc54bdfc3,no_salary_hike_no_attrition_no_department,raw,9,1076,3,3,0.004297694546928071,0.9862141952655368,0.009488110187535146
manuscript_final_20260712T175019Z_c664ef152ff3,c664ef152ff3a9eef89c53a403b9c2e6f677340bea0307b02d97d07cc54bdfc3,no_salary_hike_no_attrition_no_department,raw,9,1089,3,3,0.1250412942036933,0.869241974349052,0.005716731447254665
manuscript_final_20260712T175019Z_c664ef152ff3,c664ef152ff3a9eef89c53a403b9c2e6f677340bea0307b02d97d07cc54bdfc3,no_salary_hike_no_attrition_no_department,raw,9,1090,4,3,0.0009286650434865966,0.9511734821107857,0.04789785284572782
manuscript_final_20260712T175019Z_c664ef152ff3,c664ef152ff3a9eef89c53a403b9c2e6f677340bea0307b02d97d07cc54bdfc3,no_salary_hike_no_attrition_no_department,raw,9,1093,3,3,0.002411928072793932,0.8727714581931282,0.12481661373407792
manuscript_final_20260712T175019Z_c664ef152ff3,c664ef152ff3a9eef89c53a403b9c2e6f677340bea0307b02d97d07cc54bdfc3,no_salary_hike_no_attrition_no_department,raw,9,1097,3,3,0.0011482780898655536,0.8780157286002872,0.12083599330984729
manuscript_final_20260712T175019Z_c664ef152ff3,c664ef152ff3a9eef89c53a403b9c2e6f677340bea0307b02d97d07cc54bdfc3,no_salary_hike_no_attrition_no_department,raw,9,1109,3,3,0.0051131617513228795,0.6789758956384933,0.3159109426101838
manuscript_final_20260712T175019Z_c664ef152ff3,c664ef152ff3a9eef89c53a403b9c2e6f677340bea0307b02d97d07cc54bdfc3,no_salary_hike_no_attrition_no_department,raw,9,1118,3,3,0.0005014235260112989,0.8931440719073529,0.10635450456663584
manuscript_final_20260712T175019Z_c664ef152ff3,c664ef152ff3a9eef89c53a403b9c2e6f677340bea0307b02d97d07cc54bdfc3,no_salary_hike_no_attrition_no_department,raw,9,1143,4,3,0.0012171027851277305,0.6437077697175827,0.3550751274972896
manuscript_final_20260712T175019Z_c664ef152ff3,c664ef152ff3a9eef89c53a403b9c2e6f677340bea0307b02d97d07cc54bdfc3,no_salary_hike_no_attrition_no_department,raw,9,1144,3,3,0.0002860182521828684,0.9728340816866302,0.02687990006118694
manuscript_final_20260712T175019Z_c664ef152ff3,c664ef152ff3a9eef89c53a403b9c2e6f677340bea0307b02d97d07cc54bdfc3,no_salary_hike_no_attrition_no_department,raw,9,1155,3,3,0.03787427247434906,0.9440729844839635,0.01805274304168745
manuscript_final_20260712T175019Z_c664ef152ff3,c664ef152ff3a9eef89c53a403b9c2e6f677340bea0307b02d97d07cc54bdfc3,no_salary_hike_no_attrition_no_department,raw,9,1162,2,2,0.5639449922520016,0.40882104406792086,0.027233963680077546
manuscript_final_20260712T175019Z_c664ef152ff3,c664ef152ff3a9eef89c53a403b9c2e6f677340bea0307b02d97d07cc54bdfc3,no_salary_hike_no_attrition_no_department,raw,9,1172,3,3,0.024981697089288275,0.935507570784821,0.03951073212589071
manuscript_final_20260712T175019Z_c664ef152ff3,c664ef152ff3a9eef89c53a403b9c2e6f677340bea0307b02d97d07cc54bdfc3,no_salary_hike_no_attrition_no_department,raw,9,1188,3,3,0.0008302681275527894,0.9742659206740808,0.024903811198366408
manuscript_final_20260712T175019Z_c664ef152ff3,c664ef152ff3a9eef89c53a403b9c2e6f677340bea0307b02d97d07cc54bdfc3,no_salary_hike_no_attrition_no_department,raw,9,1191,4,3,0.0018348842978902933,0.9878131842328846,0.010351931469225186
manuscript_final_20260712T175019Z_c664ef152ff3,c664ef152ff3a9eef89c53a403b9c2e6f677340bea0307b02d97d07cc54bdfc3,no_salary_hike_no_attrition_no_department,raw,9,1192,4,3,0.00099353613741333,0.9136711228857692,0.08533534097681746
manuscript_final_20260712T175019Z_c664ef152ff3,c664ef152ff3a9eef89c53a403b9c2e6f677340bea0307b02d97d07cc54bdfc3,no_salary_hike_no_attrition_no_department,sigmoid,9,4,3,2,0.7276615211762153,0.24231827788299776,0.03002020094078697
manuscript_final_20260712T175019Z_c664ef152ff3,c664ef152ff3a9eef89c53a403b9c2e6f677340bea0307b02d97d07cc54bdfc3,no_salary_hike_no_attrition_no_department,sigmoid,9,5,4,3,0.006992417313573692,0.8507851882448908,0.14222239444153553
manuscript_final_20260712T175019Z_c664ef152ff3,c664ef152ff3a9eef89c53a403b9c2e6f677340bea0307b02d97d07cc54bdfc3,no_salary_hike_no_attrition_no_department,sigmoid,9,11,3,3,0.0069861328693660634,0.8969614511433127,0.09605241598732113
manuscript_final_20260712T175019Z_c664ef152ff3,c664ef152ff3a9eef89c53a403b9c2e6f677340bea0307b02d97d07cc54bdfc3,no_salary_hike_no_attrition_no_department,sigmoid,9,37,3,3,0.08045432155324668,0.8468990367242579,0.0726466417224953
manuscript_final_20260712T175019Z_c664ef152ff3,c664ef152ff3a9eef89c53a403b9c2e6f677340bea0307b02d97d07cc54bdfc3,no_salary_hike_no_attrition_no_department,sigmoid,9,41,3,3,0.09619831841623354,0.7837654863724804,0.12003619521128596
manuscript_final_20260712T175019Z_c664ef152ff3,c664ef152ff3a9eef89c53a403b9c2e6f677340bea0307b02d97d07cc54bdfc3,no_salary_hike_no_attrition_no_department,sigmoid,9,48,3,3,0.0018073044539079952,0.870744341314369,0.12744835423172315
manuscript_final_20260712T175019Z_c664ef152ff3,c664ef152ff3a9eef89c53a403b9c2e6f677340bea0307b02d97d07cc54bdfc3,no_salary_hike_no_attrition_no_department,sigmoid,9,51,3,3,0.02375216645313069,0.8828904638089609,0.09335736973790859
manuscript_final_20260712T175019Z_c664ef152ff3,c664ef152ff3a9eef89c53a403b9c2e6f677340bea0307b02d97d07cc54bdfc3,no_salary_hike_no_attrition_no_department,sigmoid,9,74,3,3,0.018586971983871433,0.8748819231555236,0.10653110486060495
manuscript_final_20260712T175019Z_c664ef152ff3,c664ef152ff3a9eef89c53a403b9c2e6f677340bea0307b02d97d07cc54bdfc3,no_salary_hike_no_attrition_no_department,sigmoid,9,107,3,3,0.001588266855156438,0.9012918104284833,0.09711992271636036
manuscript_final_20260712T175019Z_c664ef152ff3,c664ef152ff3a9eef89c53a403b9c2e6f677340bea0307b02d97d07cc54bdfc3,no_salary_hike_no_attrition_no_department,sigmoid,9,114,3,3,0.02293688084156816,0.8635956731086368,0.11346744604979506
manuscript_final_20260712T175019Z_c664ef152ff3,c664ef152ff3a9eef89c53a403b9c2e6f677340bea0307b02d97d07cc54bdfc3,no_salary_hike_no_attrition_no_department,sigmoid,9,118,3,2,0.72791161907216,0.20659594038250817,0.06549244054533197
manuscript_final_20260712T175019Z_c664ef152ff3,c664ef152ff3a9eef89c53a403b9c2e6f677340bea0307b02d97d07cc54bdfc3,no_salary_hike_no_attrition_no_department,sigmoid,9,122,3,3,0.003266985860795815,0.919261354492503,0.0774716596467012
manuscript_final_20260712T175019Z_c664ef152ff3,c664ef152ff3a9eef89c53a403b9c2e6f677340bea0307b02d97d07cc54bdfc3,no_salary_hike_no_attrition_no_department,sigmoid,9,126,3,3,0.009042468066145828,0.75048686576538,0.2404706661684741
manuscript_final_20260712T175019Z_c664ef152ff3,c664ef152ff3a9eef89c53a403b9c2e6f677340bea0307b02d97d07cc54bdfc3,no_salary_hike_no_attrition_no_department,sigmoid,9,127,4,3,0.004223803951555645,0.9250711725116268,0.07070502353681751
manuscript_final_20260712T175019Z_c664ef152ff3,c664ef152ff3a9eef89c53a403b9c2e6f677340bea0307b02d97d07cc54bdfc3,no_salary_hike_no_attrition_no_department,sigmoid,9,129,3,3,0.002488784783597448,0.8935549976947721,0.10395621752163048
manuscript_final_20260712T175019Z_c664ef152ff3,c664ef152ff3a9eef89c53a403b9c2e6f677340bea0307b02d97d07cc54bdfc3,no_salary_hike_no_attrition_no_department,sigmoid,9,154,3,3,0.004956730309165315,0.9162733465049546,0.07876992318588005
manuscript_final_20260712T175019Z_c664ef152ff3,c664ef152ff3a9eef89c53a403b9c2e6f677340bea0307b02d97d07cc54bdfc3,no_salary_hike_no_attrition_no_department,sigmoid,9,167,3,3,0.007174581153719555,0.9307228354822514,0.06210258336402895
manuscript_final_20260712T175019Z_c664ef152ff3,c664ef152ff3a9eef89c53a403b9c2e6f677340bea0307b02d97d07cc54bdfc3,no_salary_hike_no_attrition_no_department,sigmoid,9,170,2,2,0.8567091769446219,0.11095347624069113,0.032337346814687105
manuscript_final_20260712T175019Z_c664ef152ff3,c664ef152ff3a9eef89c53a403b9c2e6f677340bea0307b02d97d07cc54bdfc3,no_salary_hike_no_attrition_no_department,sigmoid,9,171,4,3,0.0020136191404006164,0.813541519825085,0.18444486103451435
manuscript_final_20260712T175019Z_c664ef152ff3,c664ef152ff3a9eef89c53a403b9c2e6f677340bea0307b02d97d07cc54bdfc3,no_salary_hike_no_attrition_no_department,sigmoid,9,196,3,3,0.012100563432294691,0.8681015892463069,0.11979784732139835
manuscript_final_20260712T175019Z_c664ef152ff3,c664ef152ff3a9eef89c53a403b9c2e6f677340bea0307b02d97d07cc54bdfc3,no_salary_hike_no_attrition_no_department,sigmoid,9,200,3,3,0.005320455583888578,0.8196852534804099,0.17499429093570149
manuscript_final_20260712T175019Z_c664ef152ff3,c664ef152ff3a9eef89c53a403b9c2e6f677340bea0307b02d97d07cc54bdfc3,no_salary_hike_no_attrition_no_department,sigmoid,9,205,2,2,0.4837255721016431,0.41048074317016187,0.10579368472819516
manuscript_final_20260712T175019Z_c664ef152ff3,c664ef152ff3a9eef89c53a403b9c2e6f677340bea0307b02d97d07cc54bdfc3,no_salary_hike_no_attrition_no_department,sigmoid,9,218,3,3,0.001493795330205326,0.8955462718280071,0.1029599328417876
manuscript_final_20260712T175019Z_c664ef152ff3,c664ef152ff3a9eef89c53a403b9c2e6f677340bea0307b02d97d07cc54bdfc3,no_salary_hike_no_attrition_no_department,sigmoid,9,233,3,3,0.006181547296381717,0.941166835286341,0.05265161741727723
manuscript_final_20260712T175019Z_c664ef152ff3,c664ef152ff3a9eef89c53a403b9c2e6f677340bea0307b02d97d07cc54bdfc3,no_salary_hike_no_attrition_no_department,sigmoid,9,235,3,3,0.0022009201886142,0.8967581903911902,0.10104088942019564
manuscript_final_20260712T175019Z_c664ef152ff3,c664ef152ff3a9eef89c53a403b9c2e6f677340bea0307b02d97d07cc54bdfc3,no_salary_hike_no_attrition_no_department,sigmoid,9,248,2,2,0.8034049568876134,0.14562029414627006,0.050974748966116576
manuscript_final_20260712T175019Z_c664ef152ff3,c664ef152ff3a9eef89c53a403b9c2e6f677340bea0307b02d97d07cc54bdfc3,no_salary_hike_no_attrition_no_department,sigmoid,9,259,3,3,0.010808574211520238,0.8561046162469024,0.13308680954157737
manuscript_final_20260712T175019Z_c664ef152ff3,c664ef152ff3a9eef89c53a403b9c2e6f677340bea0307b02d97d07cc54bdfc3,no_salary_hike_no_attrition_no_department,sigmoid,9,269,3,3,0.005044557524483079,0.8661969432209656,0.1287584992545512
manuscript_final_20260712T175019Z_c664ef152ff3,c664ef152ff3a9eef89c53a403b9c2e6f677340bea0307b02d97d07cc54bdfc3,no_salary_hike_no_attrition_no_department,sigmoid,9,294,4,3,0.018005173528213323,0.752161853351657,0.22983297312012965
manuscript_final_20260712T175019Z_c664ef152ff3,c664ef152ff3a9eef89c53a403b9c2e6f677340bea0307b02d97d07cc54bdfc3,no_salary_hike_no_attrition_no_department,sigmoid,9,303,3,3,0.019825545800378267,0.8589675528296707,0.12120690136995099
manuscript_final_20260712T175019Z_c664ef152ff3,c664ef152ff3a9eef89c53a403b9c2e6f677340bea0307b02d97d07cc54bdfc3,no_salary_hike_no_attrition_no_department,sigmoid,9,333,3,3,0.012482069197582523,0.8536700701440681,0.13384786065834928
manuscript_final_20260712T175019Z_c664ef152ff3,c664ef152ff3a9eef89c53a403b9c2e6f677340bea0307b02d97d07cc54bdfc3,no_salary_hike_no_attrition_no_department,sigmoid,9,337,3,3,0.005775101808770902,0.870727455759444,0.12349744243178505
manuscript_final_20260712T175019Z_c664ef152ff3,c664ef152ff3a9eef89c53a403b9c2e6f677340bea0307b02d97d07cc54bdfc3,no_salary_hike_no_attrition_no_department,sigmoid,9,342,3,3,0.02464269874685284,0.8432288338363155,0.1321284674168315
manuscript_final_20260712T175019Z_c664ef152ff3,c664ef152ff3a9eef89c53a403b9c2e6f677340bea0307b02d97d07cc54bdfc3,no_salary_hike_no_attrition_no_department,sigmoid,9,372,2,2,0.6681841152994292,0.1815979827826825,0.15021790191788825
manuscript_final_20260712T175019Z_c664ef152ff3,c664ef152ff3a9eef89c53a403b9c2e6f677340bea0307b02d97d07cc54bdfc3,no_salary_hike_no_attrition_no_department,sigmoid,9,384,3,3,0.01981897511037912,0.9087547999635616,0.07142622492605918
manuscript_final_20260712T175019Z_c664ef152ff3,c664ef152ff3a9eef89c53a403b9c2e6f677340bea0307b02d97d07cc54bdfc3,no_salary_hike_no_attrition_no_department,sigmoid,9,414,2,2,0.8591193163444218,0.11187657185514038,0.029004111800437778
manuscript_final_20260712T175019Z_c664ef152ff3,c664ef152ff3a9eef89c53a403b9c2e6f677340bea0307b02d97d07cc54bdfc3,no_salary_hike_no_attrition_no_department,sigmoid,9,416,3,3,0.009934710594933985,0.8824499179377298,0.10761537146733618
manuscript_final_20260712T175019Z_c664ef152ff3,c664ef152ff3a9eef89c53a403b9c2e6f677340bea0307b02d97d07cc54bdfc3,no_salary_hike_no_attrition_no_department,sigmoid,9,429,3,3,0.0024786663293617857,0.7957867464904991,0.2017345871801391
manuscript_final_20260712T175019Z_c664ef152ff3,c664ef152ff3a9eef89c53a403b9c2e6f677340bea0307b02d97d07cc54bdfc3,no_salary_hike_no_attrition_no_department,sigmoid,9,435,3,3,0.0031674761320977197,0.7588810212794111,0.23795150258849124
manuscript_final_20260712T175019Z_c664ef152ff3,c664ef152ff3a9eef89c53a403b9c2e6f677340bea0307b02d97d07cc54bdfc3,no_salary_hike_no_attrition_no_department,sigmoid,9,443,2,2,0.7474766936571235,0.21299961087272165,0.039523695470154635
manuscript_final_20260712T175019Z_c664ef152ff3,c664ef152ff3a9eef89c53a403b9c2e6f677340bea0307b02d97d07cc54bdfc3,no_salary_hike_no_attrition_no_department,sigmoid,9,453,3,3,0.009844453841919792,0.7467436731110381,0.24341187304704207
manuscript_final_20260712T175019Z_c664ef152ff3,c664ef152ff3a9eef89c53a403b9c2e6f677340bea0307b02d97d07cc54bdfc3,no_salary_hike_no_attrition_no_department,sigmoid,9,457,2,2,0.5741422518916363,0.3061024730332065,0.11975527507515728
manuscript_final_20260712T175019Z_c664ef152ff3,c664ef152ff3a9eef89c53a403b9c2e6f677340bea0307b02d97d07cc54bdfc3,no_salary_hike_no_attrition_no_department,sigmoid,9,464,4,3,0.003852026127098566,0.9211349942046321,0.0750129796682694
manuscript_final_20260712T175019Z_c664ef152ff3,c664ef152ff3a9eef89c53a403b9c2e6f677340bea0307b02d97d07cc54bdfc3,no_salary_hike_no_attrition_no_department,sigmoid,9,490,2,2,0.6972914111463842,0.23063166828258364,0.07207692057103215
manuscript_final_20260712T175019Z_c664ef152ff3,c664ef152ff3a9eef89c53a403b9c2e6f677340bea0307b02d97d07cc54bdfc3,no_salary_hike_no_attrition_no_department,sigmoid,9,496,3,3,0.003257059553838228,0.8802630320052374,0.11647990844092448
manuscript_final_20260712T175019Z_c664ef152ff3,c664ef152ff3a9eef89c53a403b9c2e6f677340bea0307b02d97d07cc54bdfc3,no_salary_hike_no_attrition_no_department,sigmoid,9,529,4,3,0.018150306427391922,0.8907760190710797,0.09107367450152837
manuscript_final_20260712T175019Z_c664ef152ff3,c664ef152ff3a9eef89c53a403b9c2e6f677340bea0307b02d97d07cc54bdfc3,no_salary_hike_no_attrition_no_department,sigmoid,9,544,3,3,0.0029989569957670436,0.8251710190327288,0.17183002397150407
manuscript_final_20260712T175019Z_c664ef152ff3,c664ef152ff3a9eef89c53a403b9c2e6f677340bea0307b02d97d07cc54bdfc3,no_salary_hike_no_attrition_no_department,sigmoid,9,546,2,2,0.7659760877602999,0.1767715207181587,0.05725239152154139
manuscript_final_20260712T175019Z_c664ef152ff3,c664ef152ff3a9eef89c53a403b9c2e6f677340bea0307b02d97d07cc54bdfc3,no_salary_hike_no_attrition_no_department,sigmoid,9,565,3,3,0.0051491469959414615,0.853975639821008,0.14087521318305057
manuscript_final_20260712T175019Z_c664ef152ff3,c664ef152ff3a9eef89c53a403b9c2e6f677340bea0307b02d97d07cc54bdfc3,no_salary_hike_no_attrition_no_department,sigmoid,9,576,4,3,0.02689466653227908,0.8832462161412157,0.08985911732650535
manuscript_final_20260712T175019Z_c664ef152ff3,c664ef152ff3a9eef89c53a403b9c2e6f677340bea0307b02d97d07cc54bdfc3,no_salary_hike_no_attrition_no_department,sigmoid,9,578,2,2,0.5941463816768131,0.3666555599517048,0.03919805837148229
manuscript_final_20260712T175019Z_c664ef152ff3,c664ef152ff3a9eef89c53a403b9c2e6f677340bea0307b02d97d07cc54bdfc3,no_salary_hike_no_attrition_no_department,sigmoid,9,588,3,3,0.004651348947265623,0.8214755787316571,0.17387307232107732
manuscript_final_20260712T175019Z_c664ef152ff3,c664ef152ff3a9eef89c53a403b9c2e6f677340bea0307b02d97d07cc54bdfc3,no_salary_hike_no_attrition_no_department,sigmoid,9,592,3,3,0.018422007904676813,0.7020892438513181,0.27948874824400516
manuscript_final_20260712T175019Z_c664ef152ff3,c664ef152ff3a9eef89c53a403b9c2e6f677340bea0307b02d97d07cc54bdfc3,no_salary_hike_no_attrition_no_department,sigmoid,9,600,3,3,0.010804519378906412,0.884234038396225,0.10496144222486847
manuscript_final_20260712T175019Z_c664ef152ff3,c664ef152ff3a9eef89c53a403b9c2e6f677340bea0307b02d97d07cc54bdfc3,no_salary_hike_no_attrition_no_department,sigmoid,9,607,2,2,0.8255702428704347,0.13093546171143608,0.043494295418129374
manuscript_final_20260712T175019Z_c664ef152ff3,c664ef152ff3a9eef89c53a403b9c2e6f677340bea0307b02d97d07cc54bdfc3,no_salary_hike_no_attrition_no_department,sigmoid,9,616,3,3,0.03745734691506894,0.8750693007523964,0.08747335233253457
manuscript_final_20260712T175019Z_c664ef152ff3,c664ef152ff3a9eef89c53a403b9c2e6f677340bea0307b02d97d07cc54bdfc3,no_salary_hike_no_attrition_no_department,sigmoid,9,630,3,3,0.04587690608117268,0.787453379484771,0.16666971443405637
manuscript_final_20260712T175019Z_c664ef152ff3,c664ef152ff3a9eef89c53a403b9c2e6f677340bea0307b02d97d07cc54bdfc3,no_salary_hike_no_attrition_no_department,sigmoid,9,658,3,3,0.02144005101293446,0.6677878160556151,0.31077213293145034
manuscript_final_20260712T175019Z_c664ef152ff3,c664ef152ff3a9eef89c53a403b9c2e6f677340bea0307b02d97d07cc54bdfc3,no_salary_hike_no_attrition_no_department,sigmoid,9,671,3,3,0.005091329270062154,0.699423849108457,0.29548482162148093
manuscript_final_20260712T175019Z_c664ef152ff3,c664ef152ff3a9eef89c53a403b9c2e6f677340bea0307b02d97d07cc54bdfc3,no_salary_hike_no_attrition_no_department,sigmoid,9,674,3,3,0.02861923821538705,0.7864893337273953,0.1848914280572176
manuscript_final_20260712T175019Z_c664ef152ff3,c664ef152ff3a9eef89c53a403b9c2e6f677340bea0307b02d97d07cc54bdfc3,no_salary_hike_no_attrition_no_department,sigmoid,9,687,3,3,0.020624411951366335,0.8454567474480806,0.13391884060055304
manuscript_final_20260712T175019Z_c664ef152ff3,c664ef152ff3a9eef89c53a403b9c2e6f677340bea0307b02d97d07cc54bdfc3,no_salary_hike_no_attrition_no_department,sigmoid,9,695,3,3,0.008990937488771358,0.7624803626786025,0.22852869983262608
manuscript_final_20260712T175019Z_c664ef152ff3,c664ef152ff3a9eef89c53a403b9c2e6f677340bea0307b02d97d07cc54bdfc3,no_salary_hike_no_attrition_no_department,sigmoid,9,722,3,3,0.015561408075399534,0.9037072368086383,0.08073135511596234
manuscript_final_20260712T175019Z_c664ef152ff3,c664ef152ff3a9eef89c53a403b9c2e6f677340bea0307b02d97d07cc54bdfc3,no_salary_hike_no_attrition_no_department,sigmoid,9,728,2,2,0.6074798986130895,0.35662412464300597,0.03589597674390464
manuscript_final_20260712T175019Z_c664ef152ff3,c664ef152ff3a9eef89c53a403b9c2e6f677340bea0307b02d97d07cc54bdfc3,no_salary_hike_no_attrition_no_department,sigmoid,9,729,2,2,0.7921960561951396,0.1555539341335462,0.0522500096713142
manuscript_final_20260712T175019Z_c664ef152ff3,c664ef152ff3a9eef89c53a403b9c2e6f677340bea0307b02d97d07cc54bdfc3,no_salary_hike_no_attrition_no_department,sigmoid,9,735,3,3,0.009587949897511227,0.8830740813913222,0.1073379687111666
manuscript_final_20260712T175019Z_c664ef152ff3,c664ef152ff3a9eef89c53a403b9c2e6f677340bea0307b02d97d07cc54bdfc3,no_salary_hike_no_attrition_no_department,sigmoid,9,741,2,3,0.06005508092584811,0.8964961855140439,0.04344873356010796
manuscript_final_20260712T175019Z_c664ef152ff3,c664ef152ff3a9eef89c53a403b9c2e6f677340bea0307b02d97d07cc54bdfc3,no_salary_hike_no_attrition_no_department,sigmoid,9,742,3,3,0.016729764415733858,0.9189989219349561,0.06427131364931005
manuscript_final_20260712T175019Z_c664ef152ff3,c664ef152ff3a9eef89c53a403b9c2e6f677340bea0307b02d97d07cc54bdfc3,no_salary_hike_no_attrition_no_department,sigmoid,9,765,2,3,0.04519799869889324,0.8655386980676093,0.08926330323349735
manuscript_final_20260712T175019Z_c664ef152ff3,c664ef152ff3a9eef89c53a403b9c2e6f677340bea0307b02d97d07cc54bdfc3,no_salary_hike_no_attrition_no_department,sigmoid,9,775,2,3,0.3440787899346186,0.597882868986281,0.05803834107910031
manuscript_final_20260712T175019Z_c664ef152ff3,c664ef152ff3a9eef89c53a403b9c2e6f677340bea0307b02d97d07cc54bdfc3,no_salary_hike_no_attrition_no_department,sigmoid,9,786,2,2,0.5884442229144929,0.3532011083778824,0.058354668707624645
manuscript_final_20260712T175019Z_c664ef152ff3,c664ef152ff3a9eef89c53a403b9c2e6f677340bea0307b02d97d07cc54bdfc3,no_salary_hike_no_attrition_no_department,sigmoid,9,789,3,3,0.029945715962922153,0.898329901655356,0.07172438238172195
manuscript_final_20260712T175019Z_c664ef152ff3,c664ef152ff3a9eef89c53a403b9c2e6f677340bea0307b02d97d07cc54bdfc3,no_salary_hike_no_attrition_no_department,sigmoid,9,794,3,3,0.010817454275082971,0.8348748625740707,0.15430768315084623
manuscript_final_20260712T175019Z_c664ef152ff3,c664ef152ff3a9eef89c53a403b9c2e6f677340bea0307b02d97d07cc54bdfc3,no_salary_hike_no_attrition_no_department,sigmoid,9,814,3,3,0.15200473763687014,0.7855599506312235,0.06243531173190633
manuscript_final_20260712T175019Z_c664ef152ff3,c664ef152ff3a9eef89c53a403b9c2e6f677340bea0307b02d97d07cc54bdfc3,no_salary_hike_no_attrition_no_department,sigmoid,9,818,3,3,0.013763561360003342,0.836702131420944,0.1495343072190528
manuscript_final_20260712T175019Z_c664ef152ff3,c664ef152ff3a9eef89c53a403b9c2e6f677340bea0307b02d97d07cc54bdfc3,no_salary_hike_no_attrition_no_department,sigmoid,9,820,3,3,0.003609193297038964,0.8594317201007328,0.13695908660222822
manuscript_final_20260712T175019Z_c664ef152ff3,c664ef152ff3a9eef89c53a403b9c2e6f677340bea0307b02d97d07cc54bdfc3,no_salary_hike_no_attrition_no_department,sigmoid,9,824,3,3,0.003571136977151936,0.9024989153650722,0.09392994765777592
manuscript_final_20260712T175019Z_c664ef152ff3,c664ef152ff3a9eef89c53a403b9c2e6f677340bea0307b02d97d07cc54bdfc3,no_salary_hike_no_attrition_no_department,sigmoid,9,850,3,3,0.0032036139622865943,0.7956711099455706,0.20112527609214287
manuscript_final_20260712T175019Z_c664ef152ff3,c664ef152ff3a9eef89c53a403b9c2e6f677340bea0307b02d97d07cc54bdfc3,no_salary_hike_no_attrition_no_department,sigmoid,9,853,3,3,0.007040703309686662,0.8971347856443954,0.09582451104591791
manuscript_final_20260712T175019Z_c664ef152ff3,c664ef152ff3a9eef89c53a403b9c2e6f677340bea0307b02d97d07cc54bdfc3,no_salary_hike_no_attrition_no_department,sigmoid,9,859,3,3,0.011627787196743747,0.8853018523991061,0.10307036040415009
manuscript_final_20260712T175019Z_c664ef152ff3,c664ef152ff3a9eef89c53a403b9c2e6f677340bea0307b02d97d07cc54bdfc3,no_salary_hike_no_attrition_no_department,sigmoid,9,871,3,3,0.050741923520303316,0.8743635811468428,0.07489449533285393
manuscript_final_20260712T175019Z_c664ef152ff3,c664ef152ff3a9eef89c53a403b9c2e6f677340bea0307b02d97d07cc54bdfc3,no_salary_hike_no_attrition_no_department,sigmoid,9,881,4,3,0.0034267829949550257,0.9272782383781137,0.06929497862693121
manuscript_final_20260712T175019Z_c664ef152ff3,c664ef152ff3a9eef89c53a403b9c2e6f677340bea0307b02d97d07cc54bdfc3,no_salary_hike_no_attrition_no_department,sigmoid,9,893,3,3,0.0036810205134687616,0.9017355812569171,0.0945833982296141
manuscript_final_20260712T175019Z_c664ef152ff3,c664ef152ff3a9eef89c53a403b9c2e6f677340bea0307b02d97d07cc54bdfc3,no_salary_hike_no_attrition_no_department,sigmoid,9,910,4,3,0.09571181676915563,0.8063331753172929,0.09795500791355151
manuscript_final_20260712T175019Z_c664ef152ff3,c664ef152ff3a9eef89c53a403b9c2e6f677340bea0307b02d97d07cc54bdfc3,no_salary_hike_no_attrition_no_department,sigmoid,9,914,3,3,0.007763661390696436,0.9280914810023775,0.06414485760692602
manuscript_final_20260712T175019Z_c664ef152ff3,c664ef152ff3a9eef89c53a403b9c2e6f677340bea0307b02d97d07cc54bdfc3,no_salary_hike_no_attrition_no_department,sigmoid,9,927,3,3,0.07030435567150056,0.847500769584885,0.08219487474361457
manuscript_final_20260712T175019Z_c664ef152ff3,c664ef152ff3a9eef89c53a403b9c2e6f677340bea0307b02d97d07cc54bdfc3,no_salary_hike_no_attrition_no_department,sigmoid,9,933,3,3,0.005520502105169967,0.8485144777003738,0.14596502019445617
manuscript_final_20260712T175019Z_c664ef152ff3,c664ef152ff3a9eef89c53a403b9c2e6f677340bea0307b02d97d07cc54bdfc3,no_salary_hike_no_attrition_no_department,sigmoid,9,939,3,3,0.01925978315141472,0.9060637211116253,0.07467649573696007
manuscript_final_20260712T175019Z_c664ef152ff3,c664ef152ff3a9eef89c53a403b9c2e6f677340bea0307b02d97d07cc54bdfc3,no_salary_hike_no_attrition_no_department,sigmoid,9,950,3,3,0.004360879666194871,0.8816658461212256,0.11397327421257952
manuscript_final_20260712T175019Z_c664ef152ff3,c664ef152ff3a9eef89c53a403b9c2e6f677340bea0307b02d97d07cc54bdfc3,no_salary_hike_no_attrition_no_department,sigmoid,9,951,2,2,0.8183889780374665,0.14813264341980714,0.03347837854272632
manuscript_final_20260712T175019Z_c664ef152ff3,c664ef152ff3a9eef89c53a403b9c2e6f677340bea0307b02d97d07cc54bdfc3,no_salary_hike_no_attrition_no_department,sigmoid,9,966,3,3,0.0012091475847708752,0.9200866871453728,0.0787041652698563
manuscript_final_20260712T175019Z_c664ef152ff3,c664ef152ff3a9eef89c53a403b9c2e6f677340bea0307b02d97d07cc54bdfc3,no_salary_hike_no_attrition_no_department,sigmoid,9,979,3,3,0.002854365519246456,0.8755366204739689,0.12160901400678478
manuscript_final_20260712T175019Z_c664ef152ff3,c664ef152ff3a9eef89c53a403b9c2e6f677340bea0307b02d97d07cc54bdfc3,no_salary_hike_no_attrition_no_department,sigmoid,9,981,3,3,0.008158964192149103,0.7876573634677416,0.20418367234010928
manuscript_final_20260712T175019Z_c664ef152ff3,c664ef152ff3a9eef89c53a403b9c2e6f677340bea0307b02d97d07cc54bdfc3,no_salary_hike_no_attrition_no_department,sigmoid,9,1002,3,3,0.016552474326032067,0.8671541658780557,0.11629335979591221
manuscript_final_20260712T175019Z_c664ef152ff3,c664ef152ff3a9eef89c53a403b9c2e6f677340bea0307b02d97d07cc54bdfc3,no_salary_hike_no_attrition_no_department,sigmoid,9,1013,3,3,0.0018924682816950987,0.8825527113481682,0.11555482037013674
manuscript_final_20260712T175019Z_c664ef152ff3,c664ef152ff3a9eef89c53a403b9c2e6f677340bea0307b02d97d07cc54bdfc3,no_salary_hike_no_attrition_no_department,sigmoid,9,1017,3,3,0.010684636314301079,0.9086656471555699,0.08064971653012896
manuscript_final_20260712T175019Z_c664ef152ff3,c664ef152ff3a9eef89c53a403b9c2e6f677340bea0307b02d97d07cc54bdfc3,no_salary_hike_no_attrition_no_department,sigmoid,9,1025,3,3,0.055012529720713174,0.9067711328314356,0.038216337447851224
manuscript_final_20260712T175019Z_c664ef152ff3,c664ef152ff3a9eef89c53a403b9c2e6f677340bea0307b02d97d07cc54bdfc3,no_salary_hike_no_attrition_no_department,sigmoid,9,1028,3,3,0.003925274460019131,0.8755408060186285,0.12053391952135241
manuscript_final_20260712T175019Z_c664ef152ff3,c664ef152ff3a9eef89c53a403b9c2e6f677340bea0307b02d97d07cc54bdfc3,no_salary_hike_no_attrition_no_department,sigmoid,9,1037,3,3,0.0024409017716824776,0.8500732932812967,0.1474858049470209
manuscript_final_20260712T175019Z_c664ef152ff3,c664ef152ff3a9eef89c53a403b9c2e6f677340bea0307b02d97d07cc54bdfc3,no_salary_hike_no_attrition_no_department,sigmoid,9,1059,2,2,0.5779127760641322,0.3684610521980606,0.05362617173780733
manuscript_final_20260712T175019Z_c664ef152ff3,c664ef152ff3a9eef89c53a403b9c2e6f677340bea0307b02d97d07cc54bdfc3,no_salary_hike_no_attrition_no_department,sigmoid,9,1066,3,3,0.004265864715763145,0.9128708834342806,0.08286325184995623
manuscript_final_20260712T175019Z_c664ef152ff3,c664ef152ff3a9eef89c53a403b9c2e6f677340bea0307b02d97d07cc54bdfc3,no_salary_hike_no_attrition_no_department,sigmoid,9,1070,3,3,0.0025019632388593722,0.8695129190875053,0.12798511767363546
manuscript_final_20260712T175019Z_c664ef152ff3,c664ef152ff3a9eef89c53a403b9c2e6f677340bea0307b02d97d07cc54bdfc3,no_salary_hike_no_attrition_no_department,sigmoid,9,1071,3,3,0.0007230775091111984,0.9452696771171277,0.05400724537376105
manuscript_final_20260712T175019Z_c664ef152ff3,c664ef152ff3a9eef89c53a403b9c2e6f677340bea0307b02d97d07cc54bdfc3,no_salary_hike_no_attrition_no_department,sigmoid,9,1072,3,3,0.04810760759288848,0.7679632862933388,0.18392910611377275
manuscript_final_20260712T175019Z_c664ef152ff3,c664ef152ff3a9eef89c53a403b9c2e6f677340bea0307b02d97d07cc54bdfc3,no_salary_hike_no_attrition_no_department,sigmoid,9,1074,3,3,0.006139286479434974,0.8809527985878293,0.11290791493273576
manuscript_final_20260712T175019Z_c664ef152ff3,c664ef152ff3a9eef89c53a403b9c2e6f677340bea0307b02d97d07cc54bdfc3,no_salary_hike_no_attrition_no_department,sigmoid,9,1076,3,3,0.014766373428857872,0.923924136778257,0.06130948979288511
manuscript_final_20260712T175019Z_c664ef152ff3,c664ef152ff3a9eef89c53a403b9c2e6f677340bea0307b02d97d07cc54bdfc3,no_salary_hike_no_attrition_no_department,sigmoid,9,1089,3,3,0.19853786891627823,0.7511548888929122,0.050307242190809766
manuscript_final_20260712T175019Z_c664ef152ff3,c664ef152ff3a9eef89c53a403b9c2e6f677340bea0307b02d97d07cc54bdfc3,no_salary_hike_no_attrition_no_department,sigmoid,9,1090,4,3,0.004434448037391913,0.8862048044238914,0.10936074753871668
manuscript_final_20260712T175019Z_c664ef152ff3,c664ef152ff3a9eef89c53a403b9c2e6f677340bea0307b02d97d07cc54bdfc3,no_salary_hike_no_attrition_no_department,sigmoid,9,1093,3,3,0.009987304404452942,0.8318443202911767,0.15816837530437036
manuscript_final_20260712T175019Z_c664ef152ff3,c664ef152ff3a9eef89c53a403b9c2e6f677340bea0307b02d97d07cc54bdfc3,no_salary_hike_no_attrition_no_department,sigmoid,9,1097,3,3,0.005495416135645744,0.8379256879578687,0.1565788959064854
manuscript_final_20260712T175019Z_c664ef152ff3,c664ef152ff3a9eef89c53a403b9c2e6f677340bea0307b02d97d07cc54bdfc3,no_salary_hike_no_attrition_no_department,sigmoid,9,1109,3,3,0.019705552651511266,0.7387686147379209,0.24152583261056784
manuscript_final_20260712T175019Z_c664ef152ff3,c664ef152ff3a9eef89c53a403b9c2e6f677340bea0307b02d97d07cc54bdfc3,no_salary_hike_no_attrition_no_department,sigmoid,9,1118,3,3,0.0027961983742971325,0.8482735158154308,0.1489302858102722
manuscript_final_20260712T175019Z_c664ef152ff3,c664ef152ff3a9eef89c53a403b9c2e6f677340bea0307b02d97d07cc54bdfc3,no_salary_hike_no_attrition_no_department,sigmoid,9,1143,4,3,0.006369977884615751,0.7331395425162822,0.26049047959910193
manuscript_final_20260712T175019Z_c664ef152ff3,c664ef152ff3a9eef89c53a403b9c2e6f677340bea0307b02d97d07cc54bdfc3,no_salary_hike_no_attrition_no_department,sigmoid,9,1144,3,3,0.0016855560066840018,0.9095834017642946,0.08873104222902138
manuscript_final_20260712T175019Z_c664ef152ff3,c664ef152ff3a9eef89c53a403b9c2e6f677340bea0307b02d97d07cc54bdfc3,no_salary_hike_no_attrition_no_department,sigmoid,9,1155,3,3,0.08188964202966267,0.8424298810967408,0.07568047687359662
manuscript_final_20260712T175019Z_c664ef152ff3,c664ef152ff3a9eef89c53a403b9c2e6f677340bea0307b02d97d07cc54bdfc3,no_salary_hike_no_attrition_no_department,sigmoid,9,1162,2,2,0.5143655524420262,0.41066748240023077,0.07496696515774302
manuscript_final_20260712T175019Z_c664ef152ff3,c664ef152ff3a9eef89c53a403b9c2e6f677340bea0307b02d97d07cc54bdfc3,no_salary_hike_no_attrition_no_department,sigmoid,9,1172,3,3,0.05989967594321849,0.8404817525567853,0.09961857149999635
manuscript_final_20260712T175019Z_c664ef152ff3,c664ef152ff3a9eef89c53a403b9c2e6f677340bea0307b02d97d07cc54bdfc3,no_salary_hike_no_attrition_no_department,sigmoid,9,1188,3,3,0.003981198570513211,0.909790356530936,0.08622844489855086
manuscript_final_20260712T175019Z_c664ef152ff3,c664ef152ff3a9eef89c53a403b9c2e6f677340bea0307b02d97d07cc54bdfc3,no_salary_hike_no_attrition_no_department,sigmoid,9,1191,4,3,0.007453838504377447,0.9293217669350476,0.06322439456057485
manuscript_final_20260712T175019Z_c664ef152ff3,c664ef152ff3a9eef89c53a403b9c2e6f677340bea0307b02d97d07cc54bdfc3,no_salary_hike_no_attrition_no_department,sigmoid,9,1192,4,3,0.004795999190682738,0.858978862784085,0.1362251380252323
manuscript_final_20260712T175019Z_c664ef152ff3,c664ef152ff3a9eef89c53a403b9c2e6f677340bea0307b02d97d07cc54bdfc3,no_salary_hike_no_attrition_no_department,isotonic,9,4,3,2,0.8333333250000001,0.16666666500000002,9.999999900000002e-09
manuscript_final_20260712T175019Z_c664ef152ff3,c664ef152ff3a9eef89c53a403b9c2e6f677340bea0307b02d97d07cc54bdfc3,no_salary_hike_no_attrition_no_department,isotonic,9,5,4,3,1.0018587260222704e-08,0.8178438579773636,0.18215613200404918
manuscript_final_20260712T175019Z_c664ef152ff3,c664ef152ff3a9eef89c53a403b9c2e6f677340bea0307b02d97d07cc54bdfc3,no_salary_hike_no_attrition_no_department,isotonic,9,11,3,3,1.0287817832581151e-08,0.9223560815417583,0.07764390817042377
manuscript_final_20260712T175019Z_c664ef152ff3,c664ef152ff3a9eef89c53a403b9c2e6f677340bea0307b02d97d07cc54bdfc3,no_salary_hike_no_attrition_no_department,isotonic,9,37,3,3,0.11529411764705882,0.8647058823529411,0.019999999999999997
manuscript_final_20260712T175019Z_c664ef152ff3,c664ef152ff3a9eef89c53a403b9c2e6f677340bea0307b02d97d07cc54bdfc3,no_salary_hike_no_attrition_no_department,isotonic,9,41,3,3,0.10543818466353677,0.7316118935837245,0.16294992175273865
manuscript_final_20260712T175019Z_c664ef152ff3,c664ef152ff3a9eef89c53a403b9c2e6f677340bea0307b02d97d07cc54bdfc3,no_salary_hike_no_attrition_no_department,isotonic,9,48,3,3,1.0018587260222704e-08,0.8178438579773636,0.18215613200404918
manuscript_final_20260712T175019Z_c664ef152ff3,c664ef152ff3a9eef89c53a403b9c2e6f677340bea0307b02d97d07cc54bdfc3,no_salary_hike_no_attrition_no_department,isotonic,9,51,3,3,0.06041429189104202,0.8666326009197752,0.07295310718918281
manuscript_final_20260712T175019Z_c664ef152ff3,c664ef152ff3a9eef89c53a403b9c2e6f677340bea0307b02d97d07cc54bdfc3,no_salary_hike_no_attrition_no_department,isotonic,9,74,3,3,1.0440324340594064e-08,0.9212050888759469,0.07879490068372878
manuscript_final_20260712T175019Z_c664ef152ff3,c664ef152ff3a9eef89c53a403b9c2e6f677340bea0307b02d97d07cc54bdfc3,no_salary_hike_no_attrition_no_department,isotonic,9,107,3,3,1.0287817832581151e-08,0.9223560815417583,0.07764390817042377
manuscript_final_20260712T175019Z_c664ef152ff3,c664ef152ff3a9eef89c53a403b9c2e6f677340bea0307b02d97d07cc54bdfc3,no_salary_hike_no_attrition_no_department,isotonic,9,114,3,3,0.06434641845406718,0.857952246054229,0.07770133549170376
manuscript_final_20260712T175019Z_c664ef152ff3,c664ef152ff3a9eef89c53a403b9c2e6f677340bea0307b02d97d07cc54bdfc3,no_salary_hike_no_attrition_no_department,isotonic,9,118,3,2,0.7990867579908676,0.136986301369863,0.0639269406392694
manuscript_final_20260712T175019Z_c664ef152ff3,c664ef152ff3a9eef89c53a403b9c2e6f677340bea0307b02d97d07cc54bdfc3,no_salary_hike_no_attrition_no_department,isotonic,9,122,3,3,1.0381861467395949e-08,0.9307875798354989,0.06921240978263965
manuscript_final_20260712T175019Z_c664ef152ff3,c664ef152ff3a9eef89c53a403b9c2e6f677340bea0307b02d97d07cc54bdfc3,no_salary_hike_no_attrition_no_department,isotonic,9,126,3,3,1.003521116690017e-08,0.7359154855726792,0.26408450439210973
manuscript_final_20260712T175019Z_c664ef152ff3,c664ef152ff3a9eef89c53a403b9c2e6f677340bea0307b02d97d07cc54bdfc3,no_salary_hike_no_attrition_no_department,isotonic,9,127,4,3,1.0905602336938902e-08,0.9777436577945223,0.02225633129987531
manuscript_final_20260712T175019Z_c664ef152ff3,c664ef152ff3a9eef89c53a403b9c2e6f677340bea0307b02d97d07cc54bdfc3,no_salary_hike_no_attrition_no_department,isotonic,9,129,3,3,1.0287817832581151e-08,0.9223560815417583,0.07764390817042377
manuscript_final_20260712T175019Z_c664ef152ff3,c664ef152ff3a9eef89c53a403b9c2e6f677340bea0307b02d97d07cc54bdfc3,no_salary_hike_no_attrition_no_department,isotonic,9,154,3,3,1.0381861467395949e-08,0.9307875798354989,0.06921240978263965
manuscript_final_20260712T175019Z_c664ef152ff3,c664ef152ff3a9eef89c53a403b9c2e6f677340bea0307b02d97d07cc54bdfc3,no_salary_hike_no_attrition_no_department,isotonic,9,167,3,3,1.0905602336938902e-08,0.9777436577945223,0.02225633129987531
manuscript_final_20260712T175019Z_c664ef152ff3,c664ef152ff3a9eef89c53a403b9c2e6f677340bea0307b02d97d07cc54bdfc3,no_salary_hike_no_attrition_no_department,isotonic,9,170,2,2,0.9999999800000006,9.999999800000005e-09,9.999999800000005e-09
manuscript_final_20260712T175019Z_c664ef152ff3,c664ef152ff3a9eef89c53a403b9c2e6f677340bea0307b02d97d07cc54bdfc3,no_salary_hike_no_attrition_no_department,isotonic,9,171,4,3,1.0272373435334374e-08,0.8132295636306378,0.1867704260969886
manuscript_final_20260712T175019Z_c664ef152ff3,c664ef152ff3a9eef89c53a403b9c2e6f677340bea0307b02d97d07cc54bdfc3,no_salary_hike_no_attrition_no_department,isotonic,9,196,3,3,1.0173010277132697e-08,0.8304498185414447,0.16955017128554495
manuscript_final_20260712T175019Z_c664ef152ff3,c664ef152ff3a9eef89c53a403b9c2e6f677340bea0307b02d97d07cc54bdfc3,no_salary_hike_no_attrition_no_department,isotonic,9,200,3,3,1.0272373435334374e-08,0.8132295636306378,0.1867704260969886
manuscript_final_20260712T175019Z_c664ef152ff3,c664ef152ff3a9eef89c53a403b9c2e6f677340bea0307b02d97d07cc54bdfc3,no_salary_hike_no_attrition_no_department,isotonic,9,205,2,2,0.44897959183673464,0.42857142857142855,0.12244897959183673
manuscript_final_20260712T175019Z_c664ef152ff3,c664ef152ff3a9eef89c53a403b9c2e6f677340bea0307b02d97d07cc54bdfc3,no_salary_hike_no_attrition_no_department,isotonic,9,218,3,3,1.0287817832581151e-08,0.9223560815417583,0.07764390817042377
manuscript_final_20260712T175019Z_c664ef152ff3,c664ef152ff3a9eef89c53a403b9c2e6f677340bea0307b02d97d07cc54bdfc3,no_salary_hike_no_attrition_no_department,isotonic,9,233,3,3,1.0905602336938902e-08,0.9777436577945223,0.02225633129987531
manuscript_final_20260712T175019Z_c664ef152ff3,c664ef152ff3a9eef89c53a403b9c2e6f677340bea0307b02d97d07cc54bdfc3,no_salary_hike_no_attrition_no_department,isotonic,9,235,3,3,1.0287817832581151e-08,0.9223560815417583,0.07764390817042377
manuscript_final_20260712T175019Z_c664ef152ff3,c664ef152ff3a9eef89c53a403b9c2e6f677340bea0307b02d97d07cc54bdfc3,no_salary_hike_no_attrition_no_department,isotonic,9,248,2,2,0.9799999903960002,9.799999903960001e-09,0.019999999804
manuscript_final_20260712T175019Z_c664ef152ff3,c664ef152ff3a9eef89c53a403b9c2e6f677340bea0307b02d97d07cc54bdfc3,no_salary_hike_no_attrition_no_department,isotonic,9,259,3,3,1.0018587260222704e-08,0.8178438579773636,0.18215613200404918
manuscript_final_20260712T175019Z_c664ef152ff3,c664ef152ff3a9eef89c53a403b9c2e6f677340bea0307b02d97d07cc54bdfc3,no_salary_hike_no_attrition_no_department,isotonic,9,269,3,3,1.0018587260222704e-08,0.8178438579773636,0.18215613200404918
manuscript_final_20260712T175019Z_c664ef152ff3,c664ef152ff3a9eef89c53a403b9c2e6f677340bea0307b02d97d07cc54bdfc3,no_salary_hike_no_attrition_no_department,isotonic,9,294,4,3,1.003521116690017e-08,0.7359154855726792,0.26408450439210973
manuscript_final_20260712T175019Z_c664ef152ff3,c664ef152ff3a9eef89c53a403b9c2e6f677340bea0307b02d97d07cc54bdfc3,no_salary_hike_no_attrition_no_department,isotonic,9,303,3,3,1.0018587260222704e-08,0.8178438579773636,0.18215613200404918
manuscript_final_20260712T175019Z_c664ef152ff3,c664ef152ff3a9eef89c53a403b9c2e6f677340bea0307b02d97d07cc54bdfc3,no_salary_hike_no_attrition_no_department,isotonic,9,333,3,3,1.0018587260222704e-08,0.8178438579773636,0.18215613200404918
manuscript_final_20260712T175019Z_c664ef152ff3,c664ef152ff3a9eef89c53a403b9c2e6f677340bea0307b02d97d07cc54bdfc3,no_salary_hike_no_attrition_no_department,isotonic,9,337,3,3,1.0018587260222704e-08,0.8178438579773636,0.18215613200404918
manuscript_final_20260712T175019Z_c664ef152ff3,c664ef152ff3a9eef89c53a403b9c2e6f677340bea0307b02d97d07cc54bdfc3,no_salary_hike_no_attrition_no_department,isotonic,9,342,3,3,0.058926423964141245,0.7696512517765387,0.17142232425932
manuscript_final_20260712T175019Z_c664ef152ff3,c664ef152ff3a9eef89c53a403b9c2e6f677340bea0307b02d97d07cc54bdfc3,no_salary_hike_no_attrition_no_department,isotonic,9,372,2,2,0.6793600239111903,0.1410815894790762,0.17955838660973336
manuscript_final_20260712T175019Z_c664ef152ff3,c664ef152ff3a9eef89c53a403b9c2e6f677340bea0307b02d97d07cc54bdfc3,no_salary_hike_no_attrition_no_department,isotonic,9,384,3,3,0.015383432800989234,0.9627026144370987,0.02191395276191198
manuscript_final_20260712T175019Z_c664ef152ff3,c664ef152ff3a9eef89c53a403b9c2e6f677340bea0307b02d97d07cc54bdfc3,no_salary_hike_no_attrition_no_department,isotonic,9,414,2,2,0.9999999800000006,9.999999800000005e-09,9.999999800000005e-09
manuscript_final_20260712T175019Z_c664ef152ff3,c664ef152ff3a9eef89c53a403b9c2e6f677340bea0307b02d97d07cc54bdfc3,no_salary_hike_no_attrition_no_department,isotonic,9,416,3,3,1.0440324340594064e-08,0.9212050888759469,0.07879490068372878
manuscript_final_20260712T175019Z_c664ef152ff3,c664ef152ff3a9eef89c53a403b9c2e6f677340bea0307b02d97d07cc54bdfc3,no_salary_hike_no_attrition_no_department,isotonic,9,429,3,3,1.003521116690017e-08,0.7359154855726792,0.26408450439210973
manuscript_final_20260712T175019Z_c664ef152ff3,c664ef152ff3a9eef89c53a403b9c2e6f677340bea0307b02d97d07cc54bdfc3,no_salary_hike_no_attrition_no_department,isotonic,9,435,3,3,1.003521116690017e-08,0.7359154855726792,0.26408450439210973
manuscript_final_20260712T175019Z_c664ef152ff3,c664ef152ff3a9eef89c53a403b9c2e6f677340bea0307b02d97d07cc54bdfc3,no_salary_hike_no_attrition_no_department,isotonic,9,443,2,2,0.8361774744027303,0.1433447098976109,0.0204778156996587
manuscript_final_20260712T175019Z_c664ef152ff3,c664ef152ff3a9eef89c53a403b9c2e6f677340bea0307b02d97d07cc54bdfc3,no_salary_hike_no_attrition_no_department,isotonic,9,453,3,3,1.003521116690017e-08,0.7359154855726792,0.26408450439210973
manuscript_final_20260712T175019Z_c664ef152ff3,c664ef152ff3a9eef89c53a403b9c2e6f677340bea0307b02d97d07cc54bdfc3,no_salary_hike_no_attrition_no_department,isotonic,9,457,2,2,0.5448156986163994,0.30659820176094615,0.1485860996226544
manuscript_final_20260712T175019Z_c664ef152ff3,c664ef152ff3a9eef89c53a403b9c2e6f677340bea0307b02d97d07cc54bdfc3,no_salary_hike_no_attrition_no_department,isotonic,9,464,4,3,1.0905602336938902e-08,0.9777436577945223,0.02225633129987531
manuscript_final_20260712T175019Z_c664ef152ff3,c664ef152ff3a9eef89c53a403b9c2e6f677340bea0307b02d97d07cc54bdfc3,no_salary_hike_no_attrition_no_department,isotonic,9,490,2,2,0.7706412947302145,0.15630110797351657,0.07305759729626887
manuscript_final_20260712T175019Z_c664ef152ff3,c664ef152ff3a9eef89c53a403b9c2e6f677340bea0307b02d97d07cc54bdfc3,no_salary_hike_no_attrition_no_department,isotonic,9,496,3,3,1.0440324340594064e-08,0.9212050888759469,0.07879490068372878
manuscript_final_20260712T175019Z_c664ef152ff3,c664ef152ff3a9eef89c53a403b9c2e6f677340bea0307b02d97d07cc54bdfc3,no_salary_hike_no_attrition_no_department,isotonic,9,529,4,3,1.0287817832581151e-08,0.9223560815417583,0.07764390817042377
manuscript_final_20260712T175019Z_c664ef152ff3,c664ef152ff3a9eef89c53a403b9c2e6f677340bea0307b02d97d07cc54bdfc3,no_salary_hike_no_attrition_no_department,isotonic,9,544,3,3,1.0272373435334374e-08,0.8132295636306378,0.1867704260969886
manuscript_final_20260712T175019Z_c664ef152ff3,c664ef152ff3a9eef89c53a403b9c2e6f677340bea0307b02d97d07cc54bdfc3,no_salary_hike_no_attrition_no_department,isotonic,9,546,2,2,0.8596491228070176,0.12280701754385964,0.017543859649122806
manuscript_final_20260712T175019Z_c664ef152ff3,c664ef152ff3a9eef89c53a403b9c2e6f677340bea0307b02d97d07cc54bdfc3,no_salary_hike_no_attrition_no_department,isotonic,9,565,3,3,1.0018587260222704e-08,0.8178438579773636,0.18215613200404918
manuscript_final_20260712T175019Z_c664ef152ff3,c664ef152ff3a9eef89c53a403b9c2e6f677340bea0307b02d97d07cc54bdfc3,no_salary_hike_no_attrition_no_department,isotonic,9,576,4,3,0.06041429189104202,0.8666326009197752,0.07295310718918281
manuscript_final_20260712T175019Z_c664ef152ff3,c664ef152ff3a9eef89c53a403b9c2e6f677340bea0307b02d97d07cc54bdfc3,no_salary_hike_no_attrition_no_department,isotonic,9,578,2,2,0.5616045845272206,0.4212034383954155,0.017191977077363897
manuscript_final_20260712T175019Z_c664ef152ff3,c664ef152ff3a9eef89c53a403b9c2e6f677340bea0307b02d97d07cc54bdfc3,no_salary_hike_no_attrition_no_department,isotonic,9,588,3,3,1.0272373435334374e-08,0.8132295636306378,0.1867704260969886
manuscript_final_20260712T175019Z_c664ef152ff3,c664ef152ff3a9eef89c53a403b9c2e6f677340bea0307b02d97d07cc54bdfc3,no_salary_hike_no_attrition_no_department,isotonic,9,592,3,3,1.1117021153007585e-08,0.7074468006459371,0.2925531882370417
manuscript_final_20260712T175019Z_c664ef152ff3,c664ef152ff3a9eef89c53a403b9c2e6f677340bea0307b02d97d07cc54bdfc3,no_salary_hike_no_attrition_no_department,isotonic,9,600,3,3,1.0287817832581151e-08,0.9223560815417583,0.07764390817042377
manuscript_final_20260712T175019Z_c664ef152ff3,c664ef152ff3a9eef89c53a403b9c2e6f677340bea0307b02d97d07cc54bdfc3,no_salary_hike_no_attrition_no_department,isotonic,9,607,2,2,0.9799999903960002,9.799999903960001e-09,0.019999999804
manuscript_final_20260712T175019Z_c664ef152ff3,c664ef152ff3a9eef89c53a403b9c2e6f677340bea0307b02d97d07cc54bdfc3,no_salary_hike_no_attrition_no_department,isotonic,9,616,3,3,0.09438327201201148,0.8353011051990952,0.07031562278889335
manuscript_final_20260712T175019Z_c664ef152ff3,c664ef152ff3a9eef89c53a403b9c2e6f677340bea0307b02d97d07cc54bdfc3,no_salary_hike_no_attrition_no_department,isotonic,9,630,3,3,0.10782111496834797,0.7255462528078416,0.1666326322238105
manuscript_final_20260712T175019Z_c664ef152ff3,c664ef152ff3a9eef89c53a403b9c2e6f677340bea0307b02d97d07cc54bdfc3,no_salary_hike_no_attrition_no_department,isotonic,9,658,3,3,1.1117021153007585e-08,0.7074468006459371,0.2925531882370417
manuscript_final_20260712T175019Z_c664ef152ff3,c664ef152ff3a9eef89c53a403b9c2e6f677340bea0307b02d97d07cc54bdfc3,no_salary_hike_no_attrition_no_department,isotonic,9,671,3,3,1.1117021153007585e-08,0.7074468006459371,0.2925531882370417
manuscript_final_20260712T175019Z_c664ef152ff3,c664ef152ff3a9eef89c53a403b9c2e6f677340bea0307b02d97d07cc54bdfc3,no_salary_hike_no_attrition_no_department,isotonic,9,674,3,3,0.06032906764168191,0.7641681901279708,0.17550274223034737
manuscript_final_20260712T175019Z_c664ef152ff3,c664ef152ff3a9eef89c53a403b9c2e6f677340bea0307b02d97d07cc54bdfc3,no_salary_hike_no_attrition_no_department,isotonic,9,687,3,3,0.012417556202097526,0.8076882439982845,0.17989419979961793
manuscript_final_20260712T175019Z_c664ef152ff3,c664ef152ff3a9eef89c53a403b9c2e6f677340bea0307b02d97d07cc54bdfc3,no_salary_hike_no_attrition_no_department,isotonic,9,695,3,3,1.003521116690017e-08,0.7359154855726792,0.26408450439210973
manuscript_final_20260712T175019Z_c664ef152ff3,c664ef152ff3a9eef89c53a403b9c2e6f677340bea0307b02d97d07cc54bdfc3,no_salary_hike_no_attrition_no_department,isotonic,9,722,3,3,1.0381861467395949e-08,0.9307875798354989,0.06921240978263965
manuscript_final_20260712T175019Z_c664ef152ff3,c664ef152ff3a9eef89c53a403b9c2e6f677340bea0307b02d97d07cc54bdfc3,no_salary_hike_no_attrition_no_department,isotonic,9,728,2,2,0.5616045845272206,0.4212034383954155,0.017191977077363897
manuscript_final_20260712T175019Z_c664ef152ff3,c664ef152ff3a9eef89c53a403b9c2e6f677340bea0307b02d97d07cc54bdfc3,no_salary_hike_no_attrition_no_department,isotonic,9,729,2,2,0.9799999903960002,9.799999903960001e-09,0.019999999804
manuscript_final_20260712T175019Z_c664ef152ff3,c664ef152ff3a9eef89c53a403b9c2e6f677340bea0307b02d97d07cc54bdfc3,no_salary_hike_no_attrition_no_department,isotonic,9,735,3,3,1.0440324340594064e-08,0.9212050888759469,0.07879490068372878
manuscript_final_20260712T175019Z_c664ef152ff3,c664ef152ff3a9eef89c53a403b9c2e6f677340bea0307b02d97d07cc54bdfc3,no_salary_hike_no_attrition_no_department,isotonic,9,741,2,3,0.1137118393150082,0.8665626375385107,0.019725523146481013
manuscript_final_20260712T175019Z_c664ef152ff3,c664ef152ff3a9eef89c53a403b9c2e6f677340bea0307b02d97d07cc54bdfc3,no_salary_hike_no_attrition_no_department,isotonic,9,742,3,3,1.0905602336938902e-08,0.9777436577945223,0.02225633129987531
manuscript_final_20260712T175019Z_c664ef152ff3,c664ef152ff3a9eef89c53a403b9c2e6f677340bea0307b02d97d07cc54bdfc3,no_salary_hike_no_attrition_no_department,isotonic,9,765,2,3,0.10796572070806405,0.8227732509131779,0.06926102837875807
manuscript_final_20260712T175019Z_c664ef152ff3,c664ef152ff3a9eef89c53a403b9c2e6f677340bea0307b02d97d07cc54bdfc3,no_salary_hike_no_attrition_no_department,isotonic,9,775,2,3,0.18107908351810792,0.7967479674796748,0.022172949002217293
manuscript_final_20260712T175019Z_c664ef152ff3,c664ef152ff3a9eef89c53a403b9c2e6f677340bea0307b02d97d07cc54bdfc3,no_salary_hike_no_attrition_no_department,isotonic,9,786,2,2,0.5616045845272206,0.4212034383954155,0.017191977077363897
manuscript_final_20260712T175019Z_c664ef152ff3,c664ef152ff3a9eef89c53a403b9c2e6f677340bea0307b02d97d07cc54bdfc3,no_salary_hike_no_attrition_no_department,isotonic,9,789,3,3,0.0638106785217118,0.9153531815528313,0.02083613992545691
manuscript_final_20260712T175019Z_c664ef152ff3,c664ef152ff3a9eef89c53a403b9c2e6f677340bea0307b02d97d07cc54bdfc3,no_salary_hike_no_attrition_no_department,isotonic,9,794,3,3,1.0096568779721896e-08,0.8164260120903057,0.1835739778131254
manuscript_final_20260712T175019Z_c664ef152ff3,c664ef152ff3a9eef89c53a403b9c2e6f677340bea0307b02d97d07cc54bdfc3,no_salary_hike_no_attrition_no_department,isotonic,9,814,3,3,0.12327044025157231,0.8553459119496855,0.021383647798742134
manuscript_final_20260712T175019Z_c664ef152ff3,c664ef152ff3a9eef89c53a403b9c2e6f677340bea0307b02d97d07cc54bdfc3,no_salary_hike_no_attrition_no_department,isotonic,9,818,3,3,1.0018587260222704e-08,0.8178438579773636,0.18215613200404918
manuscript_final_20260712T175019Z_c664ef152ff3,c664ef152ff3a9eef89c53a403b9c2e6f677340bea0307b02d97d07cc54bdfc3,no_salary_hike_no_attrition_no_department,isotonic,9,820,3,3,1.0018587260222704e-08,0.8178438579773636,0.18215613200404918
manuscript_final_20260712T175019Z_c664ef152ff3,c664ef152ff3a9eef89c53a403b9c2e6f677340bea0307b02d97d07cc54bdfc3,no_salary_hike_no_attrition_no_department,isotonic,9,824,3,3,1.0287817832581151e-08,0.9223560815417583,0.07764390817042377
manuscript_final_20260712T175019Z_c664ef152ff3,c664ef152ff3a9eef89c53a403b9c2e6f677340bea0307b02d97d07cc54bdfc3,no_salary_hike_no_attrition_no_department,isotonic,9,850,3,3,1.003521116690017e-08,0.7359154855726792,0.26408450439210973
manuscript_final_20260712T175019Z_c664ef152ff3,c664ef152ff3a9eef89c53a403b9c2e6f677340bea0307b02d97d07cc54bdfc3,no_salary_hike_no_attrition_no_department,isotonic,9,853,3,3,1.0287817832581151e-08,0.9223560815417583,0.07764390817042377
manuscript_final_20260712T175019Z_c664ef152ff3,c664ef152ff3a9eef89c53a403b9c2e6f677340bea0307b02d97d07cc54bdfc3,no_salary_hike_no_attrition_no_department,isotonic,9,859,3,3,1.0287817832581151e-08,0.9223560815417583,0.07764390817042377
manuscript_final_20260712T175019Z_c664ef152ff3,c664ef152ff3a9eef89c53a403b9c2e6f677340bea0307b02d97d07cc54bdfc3,no_salary_hike_no_attrition_no_department,isotonic,9,871,3,3,0.11338957951937602,0.8641067956476587,0.022503624832965325
manuscript_final_20260712T175019Z_c664ef152ff3,c664ef152ff3a9eef89c53a403b9c2e6f677340bea0307b02d97d07cc54bdfc3,no_salary_hike_no_attrition_no_department,isotonic,9,881,4,3,1.0905602336938902e-08,0.9777436577945223,0.02225633129987531
manuscript_final_20260712T175019Z_c664ef152ff3,c664ef152ff3a9eef89c53a403b9c2e6f677340bea0307b02d97d07cc54bdfc3,no_salary_hike_no_attrition_no_department,isotonic,9,893,3,3,1.0287817832581151e-08,0.9223560815417583,0.07764390817042377
manuscript_final_20260712T175019Z_c664ef152ff3,c664ef152ff3a9eef89c53a403b9c2e6f677340bea0307b02d97d07cc54bdfc3,no_salary_hike_no_attrition_no_department,isotonic,9,910,4,3,0.11654624601714311,0.8086882376699727,0.07476551631288425
manuscript_final_20260712T175019Z_c664ef152ff3,c664ef152ff3a9eef89c53a403b9c2e6f677340bea0307b02d97d07cc54bdfc3,no_salary_hike_no_attrition_no_department,isotonic,9,914,3,3,1.0905602336938902e-08,0.9777436577945223,0.02225633129987531
manuscript_final_20260712T175019Z_c664ef152ff3,c664ef152ff3a9eef89c53a403b9c2e6f677340bea0307b02d97d07cc54bdfc3,no_salary_hike_no_attrition_no_department,isotonic,9,927,3,3,0.10990199324451883,0.8242649493338912,0.06583305742159
manuscript_final_20260712T175019Z_c664ef152ff3,c664ef152ff3a9eef89c53a403b9c2e6f677340bea0307b02d97d07cc54bdfc3,no_salary_hike_no_attrition_no_department,isotonic,9,933,3,3,1.0018587260222704e-08,0.8178438579773636,0.18215613200404918
manuscript_final_20260712T175019Z_c664ef152ff3,c664ef152ff3a9eef89c53a403b9c2e6f677340bea0307b02d97d07cc54bdfc3,no_salary_hike_no_attrition_no_department,isotonic,9,939,3,3,1.0905602336938902e-08,0.9777436577945223,0.02225633129987531
manuscript_final_20260712T175019Z_c664ef152ff3,c664ef152ff3a9eef89c53a403b9c2e6f677340bea0307b02d97d07cc54bdfc3,no_salary_hike_no_attrition_no_department,isotonic,9,950,3,3,1.0440324340594064e-08,0.9212050888759469,0.07879490068372878
manuscript_final_20260712T175019Z_c664ef152ff3,c664ef152ff3a9eef89c53a403b9c2e6f677340bea0307b02d97d07cc54bdfc3,no_salary_hike_no_attrition_no_department,isotonic,9,951,2,2,0.9999999800000006,9.999999800000005e-09,9.999999800000005e-09
manuscript_final_20260712T175019Z_c664ef152ff3,c664ef152ff3a9eef89c53a403b9c2e6f677340bea0307b02d97d07cc54bdfc3,no_salary_hike_no_attrition_no_department,isotonic,9,966,3,3,1.0381861467395949e-08,0.9307875798354989,0.06921240978263965
manuscript_final_20260712T175019Z_c664ef152ff3,c664ef152ff3a9eef89c53a403b9c2e6f677340bea0307b02d97d07cc54bdfc3,no_salary_hike_no_attrition_no_department,isotonic,9,979,3,3,9.9999999e-09,0.833333325,0.166666665
manuscript_final_20260712T175019Z_c664ef152ff3,c664ef152ff3a9eef89c53a403b9c2e6f677340bea0307b02d97d07cc54bdfc3,no_salary_hike_no_attrition_no_department,isotonic,9,981,3,3,1.003521116690017e-08,0.7359154855726792,0.26408450439210973
manuscript_final_20260712T175019Z_c664ef152ff3,c664ef152ff3a9eef89c53a403b9c2e6f677340bea0307b02d97d07cc54bdfc3,no_salary_hike_no_attrition_no_department,isotonic,9,1002,3,3,1.100346008653632e-08,0.9169550072113601,0.08304498178517977
manuscript_final_20260712T175019Z_c664ef152ff3,c664ef152ff3a9eef89c53a403b9c2e6f677340bea0307b02d97d07cc54bdfc3,no_salary_hike_no_attrition_no_department,isotonic,9,1013,3,3,1.0440324340594064e-08,0.9212050888759469,0.07879490068372878
manuscript_final_20260712T175019Z_c664ef152ff3,c664ef152ff3a9eef89c53a403b9c2e6f677340bea0307b02d97d07cc54bdfc3,no_salary_hike_no_attrition_no_department,isotonic,9,1017,3,3,1.0381861467395949e-08,0.9307875798354989,0.06921240978263965
manuscript_final_20260712T175019Z_c664ef152ff3,c664ef152ff3a9eef89c53a403b9c2e6f677340bea0307b02d97d07cc54bdfc3,no_salary_hike_no_attrition_no_department,isotonic,9,1025,3,3,0.11599999885624002,0.8839999912837602,9.8599999027804e-09
manuscript_final_20260712T175019Z_c664ef152ff3,c664ef152ff3a9eef89c53a403b9c2e6f677340bea0307b02d97d07cc54bdfc3,no_salary_hike_no_attrition_no_department,isotonic,9,1028,3,3,9.9999999e-09,0.833333325,0.166666665
manuscript_final_20260712T175019Z_c664ef152ff3,c664ef152ff3a9eef89c53a403b9c2e6f677340bea0307b02d97d07cc54bdfc3,no_salary_hike_no_attrition_no_department,isotonic,9,1037,3,3,1.0018587260222704e-08,0.8178438579773636,0.18215613200404918
manuscript_final_20260712T175019Z_c664ef152ff3,c664ef152ff3a9eef89c53a403b9c2e6f677340bea0307b02d97d07cc54bdfc3,no_salary_hike_no_attrition_no_department,isotonic,9,1059,2,2,0.5616045845272206,0.4212034383954155,0.017191977077363897
manuscript_final_20260712T175019Z_c664ef152ff3,c664ef152ff3a9eef89c53a403b9c2e6f677340bea0307b02d97d07cc54bdfc3,no_salary_hike_no_attrition_no_department,isotonic,9,1066,3,3,1.0381861467395949e-08,0.9307875798354989,0.06921240978263965
manuscript_final_20260712T175019Z_c664ef152ff3,c664ef152ff3a9eef89c53a403b9c2e6f677340bea0307b02d97d07cc54bdfc3,no_salary_hike_no_attrition_no_department,isotonic,9,1070,3,3,1.0018587260222704e-08,0.8178438579773636,0.18215613200404918
manuscript_final_20260712T175019Z_c664ef152ff3,c664ef152ff3a9eef89c53a403b9c2e6f677340bea0307b02d97d07cc54bdfc3,no_salary_hike_no_attrition_no_department,isotonic,9,1071,3,3,1.0905602336938902e-08,0.9777436577945223,0.02225633129987531
manuscript_final_20260712T175019Z_c664ef152ff3,c664ef152ff3a9eef89c53a403b9c2e6f677340bea0307b02d97d07cc54bdfc3,no_salary_hike_no_attrition_no_department,isotonic,9,1072,3,3,0.10782111496834797,0.7255462528078416,0.1666326322238105
manuscript_final_20260712T175019Z_c664ef152ff3,c664ef152ff3a9eef89c53a403b9c2e6f677340bea0307b02d97d07cc54bdfc3,no_salary_hike_no_attrition_no_department,isotonic,9,1074,3,3,1.0440324340594064e-08,0.9212050888759469,0.07879490068372878
manuscript_final_20260712T175019Z_c664ef152ff3,c664ef152ff3a9eef89c53a403b9c2e6f677340bea0307b02d97d07cc54bdfc3,no_salary_hike_no_attrition_no_department,isotonic,9,1076,3,3,1.0905602336938902e-08,0.9777436577945223,0.02225633129987531
manuscript_final_20260712T175019Z_c664ef152ff3,c664ef152ff3a9eef89c53a403b9c2e6f677340bea0307b02d97d07cc54bdfc3,no_salary_hike_no_attrition_no_department,isotonic,9,1089,3,3,0.17028670721112077,0.8088618592528236,0.020851433536055602
manuscript_final_20260712T175019Z_c664ef152ff3,c664ef152ff3a9eef89c53a403b9c2e6f677340bea0307b02d97d07cc54bdfc3,no_salary_hike_no_attrition_no_department,isotonic,9,1090,4,3,1.0440324340594064e-08,0.9212050888759469,0.07879490068372878
manuscript_final_20260712T175019Z_c664ef152ff3,c664ef152ff3a9eef89c53a403b9c2e6f677340bea0307b02d97d07cc54bdfc3,no_salary_hike_no_attrition_no_department,isotonic,9,1093,3,3,1.0272373435334374e-08,0.8132295636306378,0.1867704260969886
manuscript_final_20260712T175019Z_c664ef152ff3,c664ef152ff3a9eef89c53a403b9c2e6f677340bea0307b02d97d07cc54bdfc3,no_salary_hike_no_attrition_no_department,isotonic,9,1097,3,3,1.0272373435334374e-08,0.8132295636306378,0.1867704260969886
manuscript_final_20260712T175019Z_c664ef152ff3,c664ef152ff3a9eef89c53a403b9c2e6f677340bea0307b02d97d07cc54bdfc3,no_salary_hike_no_attrition_no_department,isotonic,9,1109,3,3,1.003521116690017e-08,0.7359154855726792,0.26408450439210973
manuscript_final_20260712T175019Z_c664ef152ff3,c664ef152ff3a9eef89c53a403b9c2e6f677340bea0307b02d97d07cc54bdfc3,no_salary_hike_no_attrition_no_department,isotonic,9,1118,3,3,1.0018587260222704e-08,0.8178438579773636,0.18215613200404918
manuscript_final_20260712T175019Z_c664ef152ff3,c664ef152ff3a9eef89c53a403b9c2e6f677340bea0307b02d97d07cc54bdfc3,no_salary_hike_no_attrition_no_department,isotonic,9,1143,4,3,1.003521116690017e-08,0.7359154855726792,0.26408450439210973
manuscript_final_20260712T175019Z_c664ef152ff3,c664ef152ff3a9eef89c53a403b9c2e6f677340bea0307b02d97d07cc54bdfc3,no_salary_hike_no_attrition_no_department,isotonic,9,1144,3,3,1.0287817832581151e-08,0.9223560815417583,0.07764390817042377
manuscript_final_20260712T175019Z_c664ef152ff3,c664ef152ff3a9eef89c53a403b9c2e6f677340bea0307b02d97d07cc54bdfc3,no_salary_hike_no_attrition_no_department,isotonic,9,1155,3,3,0.11029411764705882,0.8272058823529411,0.0625
manuscript_final_20260712T175019Z_c664ef152ff3,c664ef152ff3a9eef89c53a403b9c2e6f677340bea0307b02d97d07cc54bdfc3,no_salary_hike_no_attrition_no_department,isotonic,9,1162,2,2,0.4836167565325591,0.4616341766901701,0.054749066777270844
manuscript_final_20260712T175019Z_c664ef152ff3,c664ef152ff3a9eef89c53a403b9c2e6f677340bea0307b02d97d07cc54bdfc3,no_salary_hike_no_attrition_no_department,isotonic,9,1172,3,3,0.11609728936691087,0.8094252042467688,0.07447750638632018
manuscript_final_20260712T175019Z_c664ef152ff3,c664ef152ff3a9eef89c53a403b9c2e6f677340bea0307b02d97d07cc54bdfc3,no_salary_hike_no_attrition_no_department,isotonic,9,1188,3,3,1.0287817832581151e-08,0.9223560815417583,0.07764390817042377
manuscript_final_20260712T175019Z_c664ef152ff3,c664ef152ff3a9eef89c53a403b9c2e6f677340bea0307b02d97d07cc54bdfc3,no_salary_hike_no_attrition_no_department,isotonic,9,1191,4,3,1.0905602336938902e-08,0.9777436577945223,0.02225633129987531
manuscript_final_20260712T175019Z_c664ef152ff3,c664ef152ff3a9eef89c53a403b9c2e6f677340bea0307b02d97d07cc54bdfc3,no_salary_hike_no_attrition_no_department,isotonic,9,1192,4,3,1.0018587260222704e-08,0.8178438579773636,0.18215613200404918
manuscript_final_20260712T175019Z_c664ef152ff3,c664ef152ff3a9eef89c53a403b9c2e6f677340bea0307b02d97d07cc54bdfc3,no_salary_hike_no_attrition_no_department,raw,10,0,3,3,0.00105237958463178,0.920211831028495,0.07873578938687319
manuscript_final_20260712T175019Z_c664ef152ff3,c664ef152ff3a9eef89c53a403b9c2e6f677340bea0307b02d97d07cc54bdfc3,no_salary_hike_no_attrition_no_department,raw,10,8,3,3,0.002500698453518784,0.9574462838292561,0.04005301771722514
manuscript_final_20260712T175019Z_c664ef152ff3,c664ef152ff3a9eef89c53a403b9c2e6f677340bea0307b02d97d07cc54bdfc3,no_salary_hike_no_attrition_no_department,raw,10,40,3,3,0.0009112393257604082,0.932519221998442,0.06656953867579761
manuscript_final_20260712T175019Z_c664ef152ff3,c664ef152ff3a9eef89c53a403b9c2e6f677340bea0307b02d97d07cc54bdfc3,no_salary_hike_no_attrition_no_department,raw,10,54,4,3,0.0003010655198872472,0.9836736196058171,0.01602531487429566
manuscript_final_20260712T175019Z_c664ef152ff3,c664ef152ff3a9eef89c53a403b9c2e6f677340bea0307b02d97d07cc54bdfc3,no_salary_hike_no_attrition_no_department,raw,10,61,3,3,0.00042551813453972436,0.9630510061879428,0.036523475677517445
manuscript_final_20260712T175019Z_c664ef152ff3,c664ef152ff3a9eef89c53a403b9c2e6f677340bea0307b02d97d07cc54bdfc3,no_salary_hike_no_attrition_no_department,raw,10,82,3,3,0.06150646963328478,0.9333050377042248,0.005188492662490479
manuscript_final_20260712T175019Z_c664ef152ff3,c664ef152ff3a9eef89c53a403b9c2e6f677340bea0307b02d97d07cc54bdfc3,no_salary_hike_no_attrition_no_department,raw,10,96,3,3,0.0007943374634064087,0.9931365039963298,0.00606915854026377
manuscript_final_20260712T175019Z_c664ef152ff3,c664ef152ff3a9eef89c53a403b9c2e6f677340bea0307b02d97d07cc54bdfc3,no_salary_hike_no_attrition_no_department,raw,10,100,3,3,0.3884069795194408,0.5904873277464805,0.021105692734078738
manuscript_final_20260712T175019Z_c664ef152ff3,c664ef152ff3a9eef89c53a403b9c2e6f677340bea0307b02d97d07cc54bdfc3,no_salary_hike_no_attrition_no_department,raw,10,110,3,3,0.004764426071660241,0.9621469454637254,0.03308862846461436
manuscript_final_20260712T175019Z_c664ef152ff3,c664ef152ff3a9eef89c53a403b9c2e6f677340bea0307b02d97d07cc54bdfc3,no_salary_hike_no_attrition_no_department,raw,10,113,3,3,0.00042188078959838355,0.913776313361035,0.08580180584936657
manuscript_final_20260712T175019Z_c664ef152ff3,c664ef152ff3a9eef89c53a403b9c2e6f677340bea0307b02d97d07cc54bdfc3,no_salary_hike_no_attrition_no_department,raw,10,119,3,3,0.042887522831692566,0.9518756658126805,0.005236811355627081
manuscript_final_20260712T175019Z_c664ef152ff3,c664ef152ff3a9eef89c53a403b9c2e6f677340bea0307b02d97d07cc54bdfc3,no_salary_hike_no_attrition_no_department,raw,10,137,3,3,0.0032045874663914954,0.887638294415261,0.10915711811834748
manuscript_final_20260712T175019Z_c664ef152ff3,c664ef152ff3a9eef89c53a403b9c2e6f677340bea0307b02d97d07cc54bdfc3,no_salary_hike_no_attrition_no_department,raw,10,139,3,3,0.0018853068294314517,0.9383195841833301,0.05979510898723852
manuscript_final_20260712T175019Z_c664ef152ff3,c664ef152ff3a9eef89c53a403b9c2e6f677340bea0307b02d97d07cc54bdfc3,no_salary_hike_no_attrition_no_department,raw,10,142,3,3,0.0011762164606979682,0.973366007151339,0.025457776387962965
manuscript_final_20260712T175019Z_c664ef152ff3,c664ef152ff3a9eef89c53a403b9c2e6f677340bea0307b02d97d07cc54bdfc3,no_salary_hike_no_attrition_no_department,raw,10,143,3,3,0.012555556153775124,0.9668233943881719,0.02062104945805298
manuscript_final_20260712T175019Z_c664ef152ff3,c664ef152ff3a9eef89c53a403b9c2e6f677340bea0307b02d97d07cc54bdfc3,no_salary_hike_no_attrition_no_department,raw,10,149,4,3,0.004425584243807534,0.9304030338309055,0.06517138192528693
manuscript_final_20260712T175019Z_c664ef152ff3,c664ef152ff3a9eef89c53a403b9c2e6f677340bea0307b02d97d07cc54bdfc3,no_salary_hike_no_attrition_no_department,raw,10,157,3,3,0.021372856791225657,0.9696672658122516,0.008959877396522696
manuscript_final_20260712T175019Z_c664ef152ff3,c664ef152ff3a9eef89c53a403b9c2e6f677340bea0307b02d97d07cc54bdfc3,no_salary_hike_no_attrition_no_department,raw,10,175,2,2,0.9263194306901034,0.06497079951656014,0.008709769793336502
manuscript_final_20260712T175019Z_c664ef152ff3,c664ef152ff3a9eef89c53a403b9c2e6f677340bea0307b02d97d07cc54bdfc3,no_salary_hike_no_attrition_no_department,raw,10,176,3,3,0.002534047679224583,0.9088900609128079,0.08857589140796752
manuscript_final_20260712T175019Z_c664ef152ff3,c664ef152ff3a9eef89c53a403b9c2e6f677340bea0307b02d97d07cc54bdfc3,no_salary_hike_no_attrition_no_department,raw,10,180,3,3,0.0028662218720423415,0.8590052865886537,0.1381284915393039
manuscript_final_20260712T175019Z_c664ef152ff3,c664ef152ff3a9eef89c53a403b9c2e6f677340bea0307b02d97d07cc54bdfc3,no_salary_hike_no_attrition_no_department,raw,10,181,3,3,0.005207918273930652,0.8994273007257402,0.09536478100032919
manuscript_final_20260712T175019Z_c664ef152ff3,c664ef152ff3a9eef89c53a403b9c2e6f677340bea0307b02d97d07cc54bdfc3,no_salary_hike_no_attrition_no_department,raw,10,183,3,3,0.0025362379932473726,0.9461818542319612,0.051281907774791455
manuscript_final_20260712T175019Z_c664ef152ff3,c664ef152ff3a9eef89c53a403b9c2e6f677340bea0307b02d97d07cc54bdfc3,no_salary_hike_no_attrition_no_department,raw,10,189,2,2,0.8738310819178492,0.10020997244590929,0.025958945636241473
manuscript_final_20260712T175019Z_c664ef152ff3,c664ef152ff3a9eef89c53a403b9c2e6f677340bea0307b02d97d07cc54bdfc3,no_salary_hike_no_attrition_no_department,raw,10,203,4,3,0.0008399332042803548,0.9715490726868429,0.027610994108876793
manuscript_final_20260712T175019Z_c664ef152ff3,c664ef152ff3a9eef89c53a403b9c2e6f677340bea0307b02d97d07cc54bdfc3,no_salary_hike_no_attrition_no_department,raw,10,211,2,2,0.906714712221757,0.09154036243471296,0.0017449253435299803
manuscript_final_20260712T175019Z_c664ef152ff3,c664ef152ff3a9eef89c53a403b9c2e6f677340bea0307b02d97d07cc54bdfc3,no_salary_hike_no_attrition_no_department,raw,10,213,3,3,0.034605028810183486,0.7669605355611264,0.19843443562869012
manuscript_final_20260712T175019Z_c664ef152ff3,c664ef152ff3a9eef89c53a403b9c2e6f677340bea0307b02d97d07cc54bdfc3,no_salary_hike_no_attrition_no_department,raw,10,226,3,3,0.006022150656311543,0.941739980791416,0.052237868552272526
manuscript_final_20260712T175019Z_c664ef152ff3,c664ef152ff3a9eef89c53a403b9c2e6f677340bea0307b02d97d07cc54bdfc3,no_salary_hike_no_attrition_no_department,raw,10,230,3,3,0.0025107824247621903,0.9402293913151842,0.057259826260053596
manuscript_final_20260712T175019Z_c664ef152ff3,c664ef152ff3a9eef89c53a403b9c2e6f677340bea0307b02d97d07cc54bdfc3,no_salary_hike_no_attrition_no_department,raw,10,234,3,3,0.17548635438562973,0.81225913006571,0.012254515548660276
manuscript_final_20260712T175019Z_c664ef152ff3,c664ef152ff3a9eef89c53a403b9c2e6f677340bea0307b02d97d07cc54bdfc3,no_salary_hike_no_attrition_no_department,raw,10,238,3,3,0.0023762831008900765,0.8897667109314206,0.10785700596768934
manuscript_final_20260712T175019Z_c664ef152ff3,c664ef152ff3a9eef89c53a403b9c2e6f677340bea0307b02d97d07cc54bdfc3,no_salary_hike_no_attrition_no_department,raw,10,241,3,3,0.0006378789956330363,0.925551866006026,0.07381025499834099
manuscript_final_20260712T175019Z_c664ef152ff3,c664ef152ff3a9eef89c53a403b9c2e6f677340bea0307b02d97d07cc54bdfc3,no_salary_hike_no_attrition_no_department,raw,10,250,2,2,0.5071955885609905,0.49133991869092275,0.0014644927480867962
manuscript_final_20260712T175019Z_c664ef152ff3,c664ef152ff3a9eef89c53a403b9c2e6f677340bea0307b02d97d07cc54bdfc3,no_salary_hike_no_attrition_no_department,raw,10,265,3,3,0.007425668612487106,0.9861487719614281,0.0064255594260847985
manuscript_final_20260712T175019Z_c664ef152ff3,c664ef152ff3a9eef89c53a403b9c2e6f677340bea0307b02d97d07cc54bdfc3,no_salary_hike_no_attrition_no_department,raw,10,336,3,3,0.0009200078999229689,0.9804250826797481,0.018654909420328835
manuscript_final_20260712T175019Z_c664ef152ff3,c664ef152ff3a9eef89c53a403b9c2e6f677340bea0307b02d97d07cc54bdfc3,no_salary_hike_no_attrition_no_department,raw,10,340,3,3,0.005402272496715361,0.9178732513913648,0.07672447611191995
manuscript_final_20260712T175019Z_c664ef152ff3,c664ef152ff3a9eef89c53a403b9c2e6f677340bea0307b02d97d07cc54bdfc3,no_salary_hike_no_attrition_no_department,raw,10,381,3,3,0.001946026295829104,0.8404761256167775,0.1575778480873934
manuscript_final_20260712T175019Z_c664ef152ff3,c664ef152ff3a9eef89c53a403b9c2e6f677340bea0307b02d97d07cc54bdfc3,no_salary_hike_no_attrition_no_department,raw,10,383,3,3,0.003014989174790761,0.9359417487983275,0.061043262026881706
manuscript_final_20260712T175019Z_c664ef152ff3,c664ef152ff3a9eef89c53a403b9c2e6f677340bea0307b02d97d07cc54bdfc3,no_salary_hike_no_attrition_no_department,raw,10,385,3,3,0.005592638635809643,0.9910669938981228,0.003340367466067563
manuscript_final_20260712T175019Z_c664ef152ff3,c664ef152ff3a9eef89c53a403b9c2e6f677340bea0307b02d97d07cc54bdfc3,no_salary_hike_no_attrition_no_department,raw,10,390,3,3,0.001338920040800783,0.9649809484808737,0.03368013147832551
manuscript_final_20260712T175019Z_c664ef152ff3,c664ef152ff3a9eef89c53a403b9c2e6f677340bea0307b02d97d07cc54bdfc3,no_salary_hike_no_attrition_no_department,raw,10,394,3,3,0.0010721614890798843,0.6254951996850102,0.3734326388259099
manuscript_final_20260712T175019Z_c664ef152ff3,c664ef152ff3a9eef89c53a403b9c2e6f677340bea0307b02d97d07cc54bdfc3,no_salary_hike_no_attrition_no_department,raw,10,396,2,2,0.9612895254105313,0.029826568438094187,0.008883906151374533
manuscript_final_20260712T175019Z_c664ef152ff3,c664ef152ff3a9eef89c53a403b9c2e6f677340bea0307b02d97d07cc54bdfc3,no_salary_hike_no_attrition_no_department,raw,10,402,3,3,0.0008029034056305955,0.9603252742365519,0.03887182235781748
manuscript_final_20260712T175019Z_c664ef152ff3,c664ef152ff3a9eef89c53a403b9c2e6f677340bea0307b02d97d07cc54bdfc3,no_salary_hike_no_attrition_no_department,raw,10,404,3,3,0.0005683218938564848,0.8528467830126397,0.14658489509350378
manuscript_final_20260712T175019Z_c664ef152ff3,c664ef152ff3a9eef89c53a403b9c2e6f677340bea0307b02d97d07cc54bdfc3,no_salary_hike_no_attrition_no_department,raw,10,407,3,3,0.004793420825999748,0.8788437708272392,0.11636280834676108
manuscript_final_20260712T175019Z_c664ef152ff3,c664ef152ff3a9eef89c53a403b9c2e6f677340bea0307b02d97d07cc54bdfc3,no_salary_hike_no_attrition_no_department,raw,10,412,3,3,0.00579068380136198,0.882155760003219,0.11205355619541896
manuscript_final_20260712T175019Z_c664ef152ff3,c664ef152ff3a9eef89c53a403b9c2e6f677340bea0307b02d97d07cc54bdfc3,no_salary_hike_no_attrition_no_department,raw,10,419,3,3,0.006908206949550593,0.9338014978745408,0.059290295175908586
manuscript_final_20260712T175019Z_c664ef152ff3,c664ef152ff3a9eef89c53a403b9c2e6f677340bea0307b02d97d07cc54bdfc3,no_salary_hike_no_attrition_no_department,raw,10,427,2,2,0.8986677954271972,0.09145639526124685,0.009875809311555954
manuscript_final_20260712T175019Z_c664ef152ff3,c664ef152ff3a9eef89c53a403b9c2e6f677340bea0307b02d97d07cc54bdfc3,no_salary_hike_no_attrition_no_department,raw,10,455,4,3,0.003370963526221203,0.5630827585450566,0.4335462779287222
manuscript_final_20260712T175019Z_c664ef152ff3,c664ef152ff3a9eef89c53a403b9c2e6f677340bea0307b02d97d07cc54bdfc3,no_salary_hike_no_attrition_no_department,raw,10,471,3,3,0.004599083352992426,0.8803002803186221,0.1151006363283855
manuscript_final_20260712T175019Z_c664ef152ff3,c664ef152ff3a9eef89c53a403b9c2e6f677340bea0307b02d97d07cc54bdfc3,no_salary_hike_no_attrition_no_department,raw,10,476,2,2,0.8650332044785317,0.128109251848664,0.006857543672804261
manuscript_final_20260712T175019Z_c664ef152ff3,c664ef152ff3a9eef89c53a403b9c2e6f677340bea0307b02d97d07cc54bdfc3,no_salary_hike_no_attrition_no_department,raw,10,477,3,3,0.001070282483806381,0.9881551836297116,0.010774533886482102
manuscript_final_20260712T175019Z_c664ef152ff3,c664ef152ff3a9eef89c53a403b9c2e6f677340bea0307b02d97d07cc54bdfc3,no_salary_hike_no_attrition_no_department,raw,10,478,3,3,0.0022764694187927467,0.9650027459835734,0.032720784597633876
manuscript_final_20260712T175019Z_c664ef152ff3,c664ef152ff3a9eef89c53a403b9c2e6f677340bea0307b02d97d07cc54bdfc3,no_salary_hike_no_attrition_no_department,raw,10,479,2,2,0.7933448553085327,0.2029431015253067,0.0037120431661605835
manuscript_final_20260712T175019Z_c664ef152ff3,c664ef152ff3a9eef89c53a403b9c2e6f677340bea0307b02d97d07cc54bdfc3,no_salary_hike_no_attrition_no_department,raw,10,524,2,2,0.876359984488711,0.11019819790165167,0.013441817609637308
manuscript_final_20260712T175019Z_c664ef152ff3,c664ef152ff3a9eef89c53a403b9c2e6f677340bea0307b02d97d07cc54bdfc3,no_salary_hike_no_attrition_no_department,raw,10,528,2,2,0.954445108915401,0.045198381150954335,0.00035650993364464106
manuscript_final_20260712T175019Z_c664ef152ff3,c664ef152ff3a9eef89c53a403b9c2e6f677340bea0307b02d97d07cc54bdfc3,no_salary_hike_no_attrition_no_department,raw,10,545,4,3,0.005596230763924451,0.8607586662320358,0.13364510300403976
manuscript_final_20260712T175019Z_c664ef152ff3,c664ef152ff3a9eef89c53a403b9c2e6f677340bea0307b02d97d07cc54bdfc3,no_salary_hike_no_attrition_no_department,raw,10,549,3,3,0.005785668214916548,0.8877460277849247,0.10646830400015876
manuscript_final_20260712T175019Z_c664ef152ff3,c664ef152ff3a9eef89c53a403b9c2e6f677340bea0307b02d97d07cc54bdfc3,no_salary_hike_no_attrition_no_department,raw,10,553,3,3,0.002289371181410542,0.8898869475914608,0.1078236812271287
manuscript_final_20260712T175019Z_c664ef152ff3,c664ef152ff3a9eef89c53a403b9c2e6f677340bea0307b02d97d07cc54bdfc3,no_salary_hike_no_attrition_no_department,raw,10,567,3,3,0.0015350283125859393,0.8803270326971324,0.11813793899028165
manuscript_final_20260712T175019Z_c664ef152ff3,c664ef152ff3a9eef89c53a403b9c2e6f677340bea0307b02d97d07cc54bdfc3,no_salary_hike_no_attrition_no_department,raw,10,584,4,3,0.0022543583129742625,0.9760381808923223,0.02170746079470346
manuscript_final_20260712T175019Z_c664ef152ff3,c664ef152ff3a9eef89c53a403b9c2e6f677340bea0307b02d97d07cc54bdfc3,no_salary_hike_no_attrition_no_department,raw,10,594,2,2,0.9414209723472595,0.0558701790869236,0.0027088485658168793
manuscript_final_20260712T175019Z_c664ef152ff3,c664ef152ff3a9eef89c53a403b9c2e6f677340bea0307b02d97d07cc54bdfc3,no_salary_hike_no_attrition_no_department,raw,10,597,3,3,0.0015865957678643924,0.6717006500019397,0.3267127542301959
manuscript_final_20260712T175019Z_c664ef152ff3,c664ef152ff3a9eef89c53a403b9c2e6f677340bea0307b02d97d07cc54bdfc3,no_salary_hike_no_attrition_no_department,raw,10,608,2,2,0.9628293155832001,0.035403025278989385,0.0017676591378105498
manuscript_final_20260712T175019Z_c664ef152ff3,c664ef152ff3a9eef89c53a403b9c2e6f677340bea0307b02d97d07cc54bdfc3,no_salary_hike_no_attrition_no_department,raw,10,631,3,3,0.00044931936568942275,0.827759013384254,0.17179166725005662
manuscript_final_20260712T175019Z_c664ef152ff3,c664ef152ff3a9eef89c53a403b9c2e6f677340bea0307b02d97d07cc54bdfc3,no_salary_hike_no_attrition_no_department,raw,10,648,2,2,0.739794668779542,0.25750961803827577,0.0026957131821821884
manuscript_final_20260712T175019Z_c664ef152ff3,c664ef152ff3a9eef89c53a403b9c2e6f677340bea0307b02d97d07cc54bdfc3,no_salary_hike_no_attrition_no_department,raw,10,650,3,3,0.001665259602977387,0.7303618227533105,0.2679729176437121
manuscript_final_20260712T175019Z_c664ef152ff3,c664ef152ff3a9eef89c53a403b9c2e6f677340bea0307b02d97d07cc54bdfc3,no_salary_hike_no_attrition_no_department,raw,10,654,4,3,0.004967358964039371,0.9820244449473607,0.013008196088599917
manuscript_final_20260712T175019Z_c664ef152ff3,c664ef152ff3a9eef89c53a403b9c2e6f677340bea0307b02d97d07cc54bdfc3,no_salary_hike_no_attrition_no_department,raw,10,657,3,3,0.022290675369180273,0.9738921101646714,0.0038172144661484087
manuscript_final_20260712T175019Z_c664ef152ff3,c664ef152ff3a9eef89c53a403b9c2e6f677340bea0307b02d97d07cc54bdfc3,no_salary_hike_no_attrition_no_department,raw,10,665,3,3,0.0023102977379969034,0.846245248750383,0.15144445351162014
manuscript_final_20260712T175019Z_c664ef152ff3,c664ef152ff3a9eef89c53a403b9c2e6f677340bea0307b02d97d07cc54bdfc3,no_salary_hike_no_attrition_no_department,raw,10,666,3,3,0.0011798966087408803,0.8813258739812997,0.11749422940995947
manuscript_final_20260712T175019Z_c664ef152ff3,c664ef152ff3a9eef89c53a403b9c2e6f677340bea0307b02d97d07cc54bdfc3,no_salary_hike_no_attrition_no_department,raw,10,682,3,3,0.0011050051767694416,0.9856462082246366,0.013248786598594029
manuscript_final_20260712T175019Z_c664ef152ff3,c664ef152ff3a9eef89c53a403b9c2e6f677340bea0307b02d97d07cc54bdfc3,no_salary_hike_no_attrition_no_department,raw,10,694,3,3,0.0007709548008014107,0.9476908176715121,0.05153822752768659
manuscript_final_20260712T175019Z_c664ef152ff3,c664ef152ff3a9eef89c53a403b9c2e6f677340bea0307b02d97d07cc54bdfc3,no_salary_hike_no_attrition_no_department,raw,10,702,3,3,0.0012223749208958646,0.9456742061306692,0.05310341894843498
manuscript_final_20260712T175019Z_c664ef152ff3,c664ef152ff3a9eef89c53a403b9c2e6f677340bea0307b02d97d07cc54bdfc3,no_salary_hike_no_attrition_no_department,raw,10,738,3,3,0.0005769607038902229,0.9461794297727598,0.053243609523350006
manuscript_final_20260712T175019Z_c664ef152ff3,c664ef152ff3a9eef89c53a403b9c2e6f677340bea0307b02d97d07cc54bdfc3,no_salary_hike_no_attrition_no_department,raw,10,739,4,3,0.0026565971549249506,0.9700733933451611,0.027270009499913928
manuscript_final_20260712T175019Z_c664ef152ff3,c664ef152ff3a9eef89c53a403b9c2e6f677340bea0307b02d97d07cc54bdfc3,no_salary_hike_no_attrition_no_department,raw,10,755,3,3,0.0010882495779313461,0.8260713545458799,0.17284039587618888
manuscript_final_20260712T175019Z_c664ef152ff3,c664ef152ff3a9eef89c53a403b9c2e6f677340bea0307b02d97d07cc54bdfc3,no_salary_hike_no_attrition_no_department,raw,10,777,2,2,0.9234196771593964,0.0692868473344496,0.007293475506153983
manuscript_final_20260712T175019Z_c664ef152ff3,c664ef152ff3a9eef89c53a403b9c2e6f677340bea0307b02d97d07cc54bdfc3,no_salary_hike_no_attrition_no_department,raw,10,778,3,3,0.0011315886820082047,0.6755153372438268,0.3233530740741649
manuscript_final_20260712T175019Z_c664ef152ff3,c664ef152ff3a9eef89c53a403b9c2e6f677340bea0307b02d97d07cc54bdfc3,no_salary_hike_no_attrition_no_department,raw,10,780,3,3,0.0881036854130795,0.8732554674365005,0.0386408471504201
manuscript_final_20260712T175019Z_c664ef152ff3,c664ef152ff3a9eef89c53a403b9c2e6f677340bea0307b02d97d07cc54bdfc3,no_salary_hike_no_attrition_no_department,raw,10,788,3,3,0.0007120485874817079,0.9528458987737358,0.046442052638782504
manuscript_final_20260712T175019Z_c664ef152ff3,c664ef152ff3a9eef89c53a403b9c2e6f677340bea0307b02d97d07cc54bdfc3,no_salary_hike_no_attrition_no_department,raw,10,799,4,3,0.002332936179917781,0.8645487675520273,0.13311829626805494
manuscript_final_20260712T175019Z_c664ef152ff3,c664ef152ff3a9eef89c53a403b9c2e6f677340bea0307b02d97d07cc54bdfc3,no_salary_hike_no_attrition_no_department,raw,10,802,3,3,0.05120717848555398,0.8907939394740896,0.05799888204035644
manuscript_final_20260712T175019Z_c664ef152ff3,c664ef152ff3a9eef89c53a403b9c2e6f677340bea0307b02d97d07cc54bdfc3,no_salary_hike_no_attrition_no_department,raw,10,807,3,3,0.001159577282699215,0.8252900849420334,0.1735503377752674
manuscript_final_20260712T175019Z_c664ef152ff3,c664ef152ff3a9eef89c53a403b9c2e6f677340bea0307b02d97d07cc54bdfc3,no_salary_hike_no_attrition_no_department,raw,10,813,3,3,0.012999461745852314,0.6390104186700774,0.3479901195840704
manuscript_final_20260712T175019Z_c664ef152ff3,c664ef152ff3a9eef89c53a403b9c2e6f677340bea0307b02d97d07cc54bdfc3,no_salary_hike_no_attrition_no_department,raw,10,819,4,3,0.008814915206491693,0.9710886018037135,0.020096482989794804
manuscript_final_20260712T175019Z_c664ef152ff3,c664ef152ff3a9eef89c53a403b9c2e6f677340bea0307b02d97d07cc54bdfc3,no_salary_hike_no_attrition_no_department,raw,10,822,3,3,0.00045977434298648034,0.9173523861109335,0.08218783954608003
manuscript_final_20260712T175019Z_c664ef152ff3,c664ef152ff3a9eef89c53a403b9c2e6f677340bea0307b02d97d07cc54bdfc3,no_salary_hike_no_attrition_no_department,raw,10,825,3,3,0.0019984008883201063,0.972174219694005,0.02582737941767491
manuscript_final_20260712T175019Z_c664ef152ff3,c664ef152ff3a9eef89c53a403b9c2e6f677340bea0307b02d97d07cc54bdfc3,no_salary_hike_no_attrition_no_department,raw,10,848,3,3,0.0004943614039312901,0.8207493665196048,0.17875627207646386
manuscript_final_20260712T175019Z_c664ef152ff3,c664ef152ff3a9eef89c53a403b9c2e6f677340bea0307b02d97d07cc54bdfc3,no_salary_hike_no_attrition_no_department,raw,10,878,2,2,0.9553500347085506,0.0414047808529286,0.0032451844385208185
manuscript_final_20260712T175019Z_c664ef152ff3,c664ef152ff3a9eef89c53a403b9c2e6f677340bea0307b02d97d07cc54bdfc3,no_salary_hike_no_attrition_no_department,raw,10,882,3,3,0.01184842976304233,0.9197081027647633,0.06844346747219436
manuscript_final_20260712T175019Z_c664ef152ff3,c664ef152ff3a9eef89c53a403b9c2e6f677340bea0307b02d97d07cc54bdfc3,no_salary_hike_no_attrition_no_department,raw,10,891,4,3,0.0009129854639829518,0.9362801217651665,0.06280689277085054
manuscript_final_20260712T175019Z_c664ef152ff3,c664ef152ff3a9eef89c53a403b9c2e6f677340bea0307b02d97d07cc54bdfc3,no_salary_hike_no_attrition_no_department,raw,10,896,3,3,0.07253264973557785,0.8973400414614027,0.030127308803019524
manuscript_final_20260712T175019Z_c664ef152ff3,c664ef152ff3a9eef89c53a403b9c2e6f677340bea0307b02d97d07cc54bdfc3,no_salary_hike_no_attrition_no_department,raw,10,900,2,2,0.923064406603057,0.07386629995809409,0.0030692934388489054
manuscript_final_20260712T175019Z_c664ef152ff3,c664ef152ff3a9eef89c53a403b9c2e6f677340bea0307b02d97d07cc54bdfc3,no_salary_hike_no_attrition_no_department,raw,10,911,2,2,0.9440070096177656,0.05356755685572219,0.002425433526512214
manuscript_final_20260712T175019Z_c664ef152ff3,c664ef152ff3a9eef89c53a403b9c2e6f677340bea0307b02d97d07cc54bdfc3,no_salary_hike_no_attrition_no_department,raw,10,920,3,3,0.0008566228471656357,0.9106619020404975,0.08848147511233694
manuscript_final_20260712T175019Z_c664ef152ff3,c664ef152ff3a9eef89c53a403b9c2e6f677340bea0307b02d97d07cc54bdfc3,no_salary_hike_no_attrition_no_department,raw,10,923,3,3,0.0010292331590620353,0.9250123590748048,0.07395840776613312
manuscript_final_20260712T175019Z_c664ef152ff3,c664ef152ff3a9eef89c53a403b9c2e6f677340bea0307b02d97d07cc54bdfc3,no_salary_hike_no_attrition_no_department,raw,10,925,3,2,0.9491194909686262,0.04853371882584548,0.0023467902055282633
manuscript_final_20260712T175019Z_c664ef152ff3,c664ef152ff3a9eef89c53a403b9c2e6f677340bea0307b02d97d07cc54bdfc3,no_salary_hike_no_attrition_no_department,raw,10,930,3,3,0.04906350490864713,0.921460282428399,0.029476212662953968
manuscript_final_20260712T175019Z_c664ef152ff3,c664ef152ff3a9eef89c53a403b9c2e6f677340bea0307b02d97d07cc54bdfc3,no_salary_hike_no_attrition_no_department,raw,10,943,3,4,0.00026335142628136307,0.25013146097052513,0.7496051876031935
manuscript_final_20260712T175019Z_c664ef152ff3,c664ef152ff3a9eef89c53a403b9c2e6f677340bea0307b02d97d07cc54bdfc3,no_salary_hike_no_attrition_no_department,raw,10,965,3,3,0.003971707584033382,0.9309201340243048,0.06510815839166177
manuscript_final_20260712T175019Z_c664ef152ff3,c664ef152ff3a9eef89c53a403b9c2e6f677340bea0307b02d97d07cc54bdfc3,no_salary_hike_no_attrition_no_department,raw,10,971,4,3,0.004965738425739267,0.955652541191846,0.039381720382414796
manuscript_final_20260712T175019Z_c664ef152ff3,c664ef152ff3a9eef89c53a403b9c2e6f677340bea0307b02d97d07cc54bdfc3,no_salary_hike_no_attrition_no_department,raw,10,974,3,3,0.00030702382583808197,0.9492344252073763,0.05045855096678568
manuscript_final_20260712T175019Z_c664ef152ff3,c664ef152ff3a9eef89c53a403b9c2e6f677340bea0307b02d97d07cc54bdfc3,no_salary_hike_no_attrition_no_department,raw,10,975,3,3,0.00045772794201211876,0.9764626207001307,0.023079651357857202
manuscript_final_20260712T175019Z_c664ef152ff3,c664ef152ff3a9eef89c53a403b9c2e6f677340bea0307b02d97d07cc54bdfc3,no_salary_hike_no_attrition_no_department,raw,10,976,3,3,0.08139982377737104,0.8806960910818015,0.03790408514082749
manuscript_final_20260712T175019Z_c664ef152ff3,c664ef152ff3a9eef89c53a403b9c2e6f677340bea0307b02d97d07cc54bdfc3,no_salary_hike_no_attrition_no_department,raw,10,983,3,3,0.003475931251824656,0.8829068566295017,0.11361721211867362
manuscript_final_20260712T175019Z_c664ef152ff3,c664ef152ff3a9eef89c53a403b9c2e6f677340bea0307b02d97d07cc54bdfc3,no_salary_hike_no_attrition_no_department,raw,10,1001,3,3,0.0010754875517221076,0.9842905577304244,0.014633954717853517
manuscript_final_20260712T175019Z_c664ef152ff3,c664ef152ff3a9eef89c53a403b9c2e6f677340bea0307b02d97d07cc54bdfc3,no_salary_hike_no_attrition_no_department,raw,10,1003,3,3,0.00038707589944356365,0.9800814120059048,0.01953151209465164
manuscript_final_20260712T175019Z_c664ef152ff3,c664ef152ff3a9eef89c53a403b9c2e6f677340bea0307b02d97d07cc54bdfc3,no_salary_hike_no_attrition_no_department,raw,10,1021,3,3,0.0004305323421028727,0.9961072555834173,0.0034622120744798313
manuscript_final_20260712T175019Z_c664ef152ff3,c664ef152ff3a9eef89c53a403b9c2e6f677340bea0307b02d97d07cc54bdfc3,no_salary_hike_no_attrition_no_department,raw,10,1053,3,3,0.000813843955978856,0.9602128151910742,0.03897334085294704
manuscript_final_20260712T175019Z_c664ef152ff3,c664ef152ff3a9eef89c53a403b9c2e6f677340bea0307b02d97d07cc54bdfc3,no_salary_hike_no_attrition_no_department,raw,10,1061,2,2,0.9778288917011552,0.017256700056936733,0.004914408241908145
manuscript_final_20260712T175019Z_c664ef152ff3,c664ef152ff3a9eef89c53a403b9c2e6f677340bea0307b02d97d07cc54bdfc3,no_salary_hike_no_attrition_no_department,raw,10,1065,2,2,0.9037964143589432,0.08119178918750407,0.015011796453552724
manuscript_final_20260712T175019Z_c664ef152ff3,c664ef152ff3a9eef89c53a403b9c2e6f677340bea0307b02d97d07cc54bdfc3,no_salary_hike_no_attrition_no_department,raw,10,1080,3,3,0.08939759054546616,0.8622938151852487,0.04830859426928512
manuscript_final_20260712T175019Z_c664ef152ff3,c664ef152ff3a9eef89c53a403b9c2e6f677340bea0307b02d97d07cc54bdfc3,no_salary_hike_no_attrition_no_department,raw,10,1102,3,3,0.002041587899271786,0.9879811698276569,0.00997724227307126
manuscript_final_20260712T175019Z_c664ef152ff3,c664ef152ff3a9eef89c53a403b9c2e6f677340bea0307b02d97d07cc54bdfc3,no_salary_hike_no_attrition_no_department,raw,10,1125,2,3,0.250098062206752,0.7247477866417391,0.02515415115150885
manuscript_final_20260712T175019Z_c664ef152ff3,c664ef152ff3a9eef89c53a403b9c2e6f677340bea0307b02d97d07cc54bdfc3,no_salary_hike_no_attrition_no_department,raw,10,1127,3,3,0.001030654199512449,0.9575800473548574,0.041389298445630184
manuscript_final_20260712T175019Z_c664ef152ff3,c664ef152ff3a9eef89c53a403b9c2e6f677340bea0307b02d97d07cc54bdfc3,no_salary_hike_no_attrition_no_department,raw,10,1129,3,3,0.0008944373155904897,0.8876825614462919,0.11142300123811771
manuscript_final_20260712T175019Z_c664ef152ff3,c664ef152ff3a9eef89c53a403b9c2e6f677340bea0307b02d97d07cc54bdfc3,no_salary_hike_no_attrition_no_department,raw,10,1131,3,2,0.5790426838964724,0.3988182917017171,0.022139024401810474
manuscript_final_20260712T175019Z_c664ef152ff3,c664ef152ff3a9eef89c53a403b9c2e6f677340bea0307b02d97d07cc54bdfc3,no_salary_hike_no_attrition_no_department,raw,10,1168,3,3,0.0003573656276844755,0.9349587155346336,0.06468391883768189
manuscript_final_20260712T175019Z_c664ef152ff3,c664ef152ff3a9eef89c53a403b9c2e6f677340bea0307b02d97d07cc54bdfc3,no_salary_hike_no_attrition_no_department,raw,10,1180,4,3,0.0003631749010101481,0.7292442076642456,0.27039261743474424
manuscript_final_20260712T175019Z_c664ef152ff3,c664ef152ff3a9eef89c53a403b9c2e6f677340bea0307b02d97d07cc54bdfc3,no_salary_hike_no_attrition_no_department,raw,10,1196,3,3,0.0002004850152972175,0.7933886249642098,0.20641089002049295
manuscript_final_20260712T175019Z_c664ef152ff3,c664ef152ff3a9eef89c53a403b9c2e6f677340bea0307b02d97d07cc54bdfc3,no_salary_hike_no_attrition_no_department,sigmoid,10,0,3,3,0.0022348689269036793,0.8709977286338911,0.12676740243920515
manuscript_final_20260712T175019Z_c664ef152ff3,c664ef152ff3a9eef89c53a403b9c2e6f677340bea0307b02d97d07cc54bdfc3,no_salary_hike_no_attrition_no_department,sigmoid,10,8,3,3,0.004746915336266539,0.8972424087783826,0.09801067588535087
manuscript_final_20260712T175019Z_c664ef152ff3,c664ef152ff3a9eef89c53a403b9c2e6f677340bea0307b02d97d07cc54bdfc3,no_salary_hike_no_attrition_no_department,sigmoid,10,40,3,3,0.0019491196694392393,0.8793146523487916,0.11873622798176918
manuscript_final_20260712T175019Z_c664ef152ff3,c664ef152ff3a9eef89c53a403b9c2e6f677340bea0307b02d97d07cc54bdfc3,no_salary_hike_no_attrition_no_department,sigmoid,10,54,4,3,0.0006979059701241771,0.9287272077598117,0.07057488627006415
manuscript_final_20260712T175019Z_c664ef152ff3,c664ef152ff3a9eef89c53a403b9c2e6f677340bea0307b02d97d07cc54bdfc3,no_salary_hike_no_attrition_no_department,sigmoid,10,61,3,3,0.0009645468837775864,0.9042189364326625,0.09481651668355992
manuscript_final_20260712T175019Z_c664ef152ff3,c664ef152ff3a9eef89c53a403b9c2e6f677340bea0307b02d97d07cc54bdfc3,no_salary_hike_no_attrition_no_department,sigmoid,10,82,3,3,0.08282377478559032,0.868605864027399,0.04857036118701067
manuscript_final_20260712T175019Z_c664ef152ff3,c664ef152ff3a9eef89c53a403b9c2e6f677340bea0307b02d97d07cc54bdfc3,no_salary_hike_no_attrition_no_department,sigmoid,10,96,3,3,0.001665448327789406,0.9480717456458124,0.05026280602639827
manuscript_final_20260712T175019Z_c664ef152ff3,c664ef152ff3a9eef89c53a403b9c2e6f677340bea0307b02d97d07cc54bdfc3,no_salary_hike_no_attrition_no_department,sigmoid,10,100,3,3,0.38073895809662384,0.5460020681331041,0.073258973770272
manuscript_final_20260712T175019Z_c664ef152ff3,c664ef152ff3a9eef89c53a403b9c2e6f677340bea0307b02d97d07cc54bdfc3,no_salary_hike_no_attrition_no_department,sigmoid,10,110,3,3,0.008427659538093522,0.9001839399834772,0.0913884004784292
manuscript_final_20260712T175019Z_c664ef152ff3,c664ef152ff3a9eef89c53a403b9c2e6f677340bea0307b02d97d07cc54bdfc3,no_salary_hike_no_attrition_no_department,sigmoid,10,113,3,3,0.0009869839354898393,0.867771666329347,0.1312413497351632
manuscript_final_20260712T175019Z_c664ef152ff3,c664ef152ff3a9eef89c53a403b9c2e6f677340bea0307b02d97d07cc54bdfc3,no_salary_hike_no_attrition_no_department,sigmoid,10,119,3,3,0.06016983840793877,0.8911852787111788,0.0486448828808823
manuscript_final_20260712T175019Z_c664ef152ff3,c664ef152ff3a9eef89c53a403b9c2e6f677340bea0307b02d97d07cc54bdfc3,no_salary_hike_no_attrition_no_department,sigmoid,10,137,3,3,0.0061775863572726105,0.8493704499242835,0.14445196371844393
manuscript_final_20260712T175019Z_c664ef152ff3,c664ef152ff3a9eef89c53a403b9c2e6f677340bea0307b02d97d07cc54bdfc3,no_salary_hike_no_attrition_no_department,sigmoid,10,139,3,3,0.0037289129655209735,0.8823923178169674,0.1138787692175117
manuscript_final_20260712T175019Z_c664ef152ff3,c664ef152ff3a9eef89c53a403b9c2e6f677340bea0307b02d97d07cc54bdfc3,no_salary_hike_no_attrition_no_department,sigmoid,10,142,3,3,0.00238981929747852,0.914424229710257,0.08318595099226435
manuscript_final_20260712T175019Z_c664ef152ff3,c664ef152ff3a9eef89c53a403b9c2e6f677340bea0307b02d97d07cc54bdfc3,no_salary_hike_no_attrition_no_department,sigmoid,10,143,3,3,0.019958716889405134,0.9027438749747729,0.07729740813582192
manuscript_final_20260712T175019Z_c664ef152ff3,c664ef152ff3a9eef89c53a403b9c2e6f677340bea0307b02d97d07cc54bdfc3,no_salary_hike_no_attrition_no_department,sigmoid,10,149,4,3,0.008038622516167701,0.8744038854649959,0.11755749201883645
manuscript_final_20260712T175019Z_c664ef152ff3,c664ef152ff3a9eef89c53a403b9c2e6f677340bea0307b02d97d07cc54bdfc3,no_salary_hike_no_attrition_no_department,sigmoid,10,157,3,3,0.0321548231054179,0.9097226780587674,0.058122498835814614
manuscript_final_20260712T175019Z_c664ef152ff3,c664ef152ff3a9eef89c53a403b9c2e6f677340bea0307b02d97d07cc54bdfc3,no_salary_hike_no_attrition_no_department,sigmoid,10,175,2,2,0.8106694633443974,0.13741756250751888,0.05191297414808383
manuscript_final_20260712T175019Z_c664ef152ff3,c664ef152ff3a9eef89c53a403b9c2e6f677340bea0307b02d97d07cc54bdfc3,no_salary_hike_no_attrition_no_department,sigmoid,10,176,3,3,0.004946509748352541,0.8623397171763364,0.1327137730753111
manuscript_final_20260712T175019Z_c664ef152ff3,c664ef152ff3a9eef89c53a403b9c2e6f677340bea0307b02d97d07cc54bdfc3,no_salary_hike_no_attrition_no_department,sigmoid,10,180,3,3,0.005681835495621024,0.834623869418879,0.15969429508549993
manuscript_final_20260712T175019Z_c664ef152ff3,c664ef152ff3a9eef89c53a403b9c2e6f677340bea0307b02d97d07cc54bdfc3,no_salary_hike_no_attrition_no_department,sigmoid,10,181,3,3,0.009463155914769426,0.8540324950298986,0.13650434905533193
manuscript_final_20260712T175019Z_c664ef152ff3,c664ef152ff3a9eef89c53a403b9c2e6f677340bea0307b02d97d07cc54bdfc3,no_salary_hike_no_attrition_no_department,sigmoid,10,183,3,3,0.004840470550553585,0.8877369031068989,0.10742262634254741
manuscript_final_20260712T175019Z_c664ef152ff3,c664ef152ff3a9eef89c53a403b9c2e6f677340bea0307b02d97d07cc54bdfc3,no_salary_hike_no_attrition_no_department,sigmoid,10,189,2,2,0.7496664566583124,0.1759631234210976,0.07437041992058989
manuscript_final_20260712T175019Z_c664ef152ff3,c664ef152ff3a9eef89c53a403b9c2e6f677340bea0307b02d97d07cc54bdfc3,no_salary_hike_no_attrition_no_department,sigmoid,10,203,4,3,0.001767930674515604,0.9125804530625852,0.08565161626289929
manuscript_final_20260712T175019Z_c664ef152ff3,c664ef152ff3a9eef89c53a403b9c2e6f677340bea0307b02d97d07cc54bdfc3,no_salary_hike_no_attrition_no_department,sigmoid,10,211,2,2,0.7992592905224593,0.170937670286862,0.029803039190678705
manuscript_final_20260712T175019Z_c664ef152ff3,c664ef152ff3a9eef89c53a403b9c2e6f677340bea0307b02d97d07cc54bdfc3,no_salary_hike_no_attrition_no_department,sigmoid,10,213,3,3,0.053199059511920326,0.7622789093836523,0.1845220311044274
manuscript_final_20260712T175019Z_c664ef152ff3,c664ef152ff3a9eef89c53a403b9c2e6f677340bea0307b02d97d07cc54bdfc3,no_salary_hike_no_attrition_no_department,sigmoid,10,226,3,3,0.010509292713912032,0.8814416090608226,0.10804909822526536
manuscript_final_20260712T175019Z_c664ef152ff3,c664ef152ff3a9eef89c53a403b9c2e6f677340bea0307b02d97d07cc54bdfc3,no_salary_hike_no_attrition_no_department,sigmoid,10,230,3,3,0.004814421514178566,0.8832006096882998,0.11198496879752155
manuscript_final_20260712T175019Z_c664ef152ff3,c664ef152ff3a9eef89c53a403b9c2e6f677340bea0307b02d97d07cc54bdfc3,no_salary_hike_no_attrition_no_department,sigmoid,10,234,3,3,0.2021245240840506,0.7338507823005377,0.06402469361541172
manuscript_final_20260712T175019Z_c664ef152ff3,c664ef152ff3a9eef89c53a403b9c2e6f677340bea0307b02d97d07cc54bdfc3,no_salary_hike_no_attrition_no_department,sigmoid,10,238,3,3,0.004722216022324987,0.8514569111152401,0.1438208728624349
manuscript_final_20260712T175019Z_c664ef152ff3,c664ef152ff3a9eef89c53a403b9c2e6f677340bea0307b02d97d07cc54bdfc3,no_salary_hike_no_attrition_no_department,sigmoid,10,241,3,3,0.0014209110142293592,0.8749515072197519,0.12362758176601862
manuscript_final_20260712T175019Z_c664ef152ff3,c664ef152ff3a9eef89c53a403b9c2e6f677340bea0307b02d97d07cc54bdfc3,no_salary_hike_no_attrition_no_department,sigmoid,10,250,2,3,0.48370133488799627,0.48722778772655084,0.02907087738545284
manuscript_final_20260712T175019Z_c664ef152ff3,c664ef152ff3a9eef89c53a403b9c2e6f677340bea0307b02d97d07cc54bdfc3,no_salary_hike_no_attrition_no_department,sigmoid,10,265,3,3,0.012453671258449678,0.9360089693129149,0.05153735942863546
manuscript_final_20260712T175019Z_c664ef152ff3,c664ef152ff3a9eef89c53a403b9c2e6f677340bea0307b02d97d07cc54bdfc3,no_salary_hike_no_attrition_no_department,sigmoid,10,336,3,3,0.0019088256990527708,0.9236214968874623,0.0744696774134849
manuscript_final_20260712T175019Z_c664ef152ff3,c664ef152ff3a9eef89c53a403b9c2e6f677340bea0307b02d97d07cc54bdfc3,no_salary_hike_no_attrition_no_department,sigmoid,10,340,3,3,0.009673657087636433,0.8651470943641406,0.12517924854822288
manuscript_final_20260712T175019Z_c664ef152ff3,c664ef152ff3a9eef89c53a403b9c2e6f677340bea0307b02d97d07cc54bdfc3,no_salary_hike_no_attrition_no_department,sigmoid,10,381,3,3,0.0040592314078082645,0.8265145000965463,0.16942626849564563
manuscript_final_20260712T175019Z_c664ef152ff3,c664ef152ff3a9eef89c53a403b9c2e6f677340bea0307b02d97d07cc54bdfc3,no_salary_hike_no_attrition_no_department,sigmoid,10,383,3,3,0.005685964598625446,0.8795952406940567,0.11471879470731777
manuscript_final_20260712T175019Z_c664ef152ff3,c664ef152ff3a9eef89c53a403b9c2e6f677340bea0307b02d97d07cc54bdfc3,no_salary_hike_no_attrition_no_department,sigmoid,10,385,3,3,0.009678721734182674,0.9492511371460146,0.0410701411198028
manuscript_final_20260712T175019Z_c664ef152ff3,c664ef152ff3a9eef89c53a403b9c2e6f677340bea0307b02d97d07cc54bdfc3,no_salary_hike_no_attrition_no_department,sigmoid,10,390,3,3,0.0026983048817501485,0.905278668543303,0.09202302657494696
manuscript_final_20260712T175019Z_c664ef152ff3,c664ef152ff3a9eef89c53a403b9c2e6f677340bea0307b02d97d07cc54bdfc3,no_salary_hike_no_attrition_no_department,sigmoid,10,394,3,3,0.0026554397308306754,0.7305278240579924,0.2668167362111769
manuscript_final_20260712T175019Z_c664ef152ff3,c664ef152ff3a9eef89c53a403b9c2e6f677340bea0307b02d97d07cc54bdfc3,no_salary_hike_no_attrition_no_department,sigmoid,10,396,2,2,0.8607638216454496,0.08598909600666944,0.053247082347881086
manuscript_final_20260712T175019Z_c664ef152ff3,c664ef152ff3a9eef89c53a403b9c2e6f677340bea0307b02d97d07cc54bdfc3,no_salary_hike_no_attrition_no_department,sigmoid,10,402,3,3,0.001709640518182864,0.9012986892927419,0.09699167018907516
manuscript_final_20260712T175019Z_c664ef152ff3,c664ef152ff3a9eef89c53a403b9c2e6f677340bea0307b02d97d07cc54bdfc3,no_salary_hike_no_attrition_no_department,sigmoid,10,404,3,3,0.0013361829690148332,0.8343916282733291,0.16427218875765606
manuscript_final_20260712T175019Z_c664ef152ff3,c664ef152ff3a9eef89c53a403b9c2e6f677340bea0307b02d97d07cc54bdfc3,no_salary_hike_no_attrition_no_department,sigmoid,10,407,3,3,0.008892220664786296,0.8429083783081625,0.14819940102705134
manuscript_final_20260712T175019Z_c664ef152ff3,c664ef152ff3a9eef89c53a403b9c2e6f677340bea0307b02d97d07cc54bdfc3,no_salary_hike_no_attrition_no_department,sigmoid,10,412,3,3,0.010501982099523629,0.8437083625449439,0.14578965535553245
manuscript_final_20260712T175019Z_c664ef152ff3,c664ef152ff3a9eef89c53a403b9c2e6f677340bea0307b02d97d07cc54bdfc3,no_salary_hike_no_attrition_no_department,sigmoid,10,419,3,3,0.011929715834852495,0.8747768351017294,0.11329344906341811
manuscript_final_20260712T175019Z_c664ef152ff3,c664ef152ff3a9eef89c53a403b9c2e6f677340bea0307b02d97d07cc54bdfc3,no_salary_hike_no_attrition_no_department,sigmoid,10,427,2,2,0.7783095081868558,0.1679270746860197,0.053763417127124534
manuscript_final_20260712T175019Z_c664ef152ff3,c664ef152ff3a9eef89c53a403b9c2e6f677340bea0307b02d97d07cc54bdfc3,no_salary_hike_no_attrition_no_department,sigmoid,10,455,4,3,0.007633402392692263,0.6983808857855038,0.29398571182180394
manuscript_final_20260712T175019Z_c664ef152ff3,c664ef152ff3a9eef89c53a403b9c2e6f677340bea0307b02d97d07cc54bdfc3,no_salary_hike_no_attrition_no_department,sigmoid,10,471,3,3,0.00856328450037338,0.8438944992420794,0.1475422162575471
manuscript_final_20260712T175019Z_c664ef152ff3,c664ef152ff3a9eef89c53a403b9c2e6f677340bea0307b02d97d07cc54bdfc3,no_salary_hike_no_attrition_no_department,sigmoid,10,476,2,2,0.747273913296289,0.20543405229033487,0.047292034413376226
manuscript_final_20260712T175019Z_c664ef152ff3,c664ef152ff3a9eef89c53a403b9c2e6f677340bea0307b02d97d07cc54bdfc3,no_salary_hike_no_attrition_no_department,sigmoid,10,477,3,3,0.0021793212730843196,0.9364161177987341,0.06140456092818156
manuscript_final_20260712T175019Z_c664ef152ff3,c664ef152ff3a9eef89c53a403b9c2e6f677340bea0307b02d97d07cc54bdfc3,no_salary_hike_no_attrition_no_department,sigmoid,10,478,3,3,0.004343791376935559,0.9046112276108396,0.09104498101222491
manuscript_final_20260712T175019Z_c664ef152ff3,c664ef152ff3a9eef89c53a403b9c2e6f677340bea0307b02d97d07cc54bdfc3,no_salary_hike_no_attrition_no_department,sigmoid,10,479,2,2,0.690060571480083,0.27157272821127376,0.038366700308643226
manuscript_final_20260712T175019Z_c664ef152ff3,c664ef152ff3a9eef89c53a403b9c2e6f677340bea0307b02d97d07cc54bdfc3,no_salary_hike_no_attrition_no_department,sigmoid,10,524,2,2,0.7537436935853858,0.18681018387820983,0.05944612253640426
manuscript_final_20260712T175019Z_c664ef152ff3,c664ef152ff3a9eef89c53a403b9c2e6f677340bea0307b02d97d07cc54bdfc3,no_salary_hike_no_attrition_no_department,sigmoid,10,528,2,2,0.8688679258268179,0.11373938967414354,0.017392684499038406
manuscript_final_20260712T175019Z_c664ef152ff3,c664ef152ff3a9eef89c53a403b9c2e6f677340bea0307b02d97d07cc54bdfc3,no_salary_hike_no_attrition_no_department,sigmoid,10,545,4,3,0.010309000018792888,0.8325833756081805,0.15710762437302653
manuscript_final_20260712T175019Z_c664ef152ff3,c664ef152ff3a9eef89c53a403b9c2e6f677340bea0307b02d97d07cc54bdfc3,no_salary_hike_no_attrition_no_department,sigmoid,10,549,3,3,0.010461062032974281,0.8468032342601397,0.1427357037068861
manuscript_final_20260712T175019Z_c664ef152ff3,c664ef152ff3a9eef89c53a403b9c2e6f677340bea0307b02d97d07cc54bdfc3,no_salary_hike_no_attrition_no_department,sigmoid,10,553,3,3,0.004567011545336612,0.8516212509961715,0.143811737458492
manuscript_final_20260712T175019Z_c664ef152ff3,c664ef152ff3a9eef89c53a403b9c2e6f677340bea0307b02d97d07cc54bdfc3,no_salary_hike_no_attrition_no_department,sigmoid,10,567,3,3,0.003209905585823864,0.8472857608383554,0.14950433357582074
manuscript_final_20260712T175019Z_c664ef152ff3,c664ef152ff3a9eef89c53a403b9c2e6f677340bea0307b02d97d07cc54bdfc3,no_salary_hike_no_attrition_no_department,sigmoid,10,584,4,3,0.0042788331741534175,0.9171330204001585,0.07858814642568798
manuscript_final_20260712T175019Z_c664ef152ff3,c664ef152ff3a9eef89c53a403b9c2e6f677340bea0307b02d97d07cc54bdfc3,no_salary_hike_no_attrition_no_department,sigmoid,10,594,2,2,0.8378543589053911,0.127106819472205,0.03503882162240386
manuscript_final_20260712T175019Z_c664ef152ff3,c664ef152ff3a9eef89c53a403b9c2e6f677340bea0307b02d97d07cc54bdfc3,no_salary_hike_no_attrition_no_department,sigmoid,10,597,3,3,0.003687668472476104,0.7506551212217359,0.24565721030578802
manuscript_final_20260712T175019Z_c664ef152ff3,c664ef152ff3a9eef89c53a403b9c2e6f677340bea0307b02d97d07cc54bdfc3,no_salary_hike_no_attrition_no_department,sigmoid,10,608,2,2,0.8724412200387017,0.0969698518249916,0.03058892813630677
manuscript_final_20260712T175019Z_c664ef152ff3,c664ef152ff3a9eef89c53a403b9c2e6f677340bea0307b02d97d07cc54bdfc3,no_salary_hike_no_attrition_no_department,sigmoid,10,631,3,3,0.00109682056098701,0.8223917861112061,0.17651139332780688
manuscript_final_20260712T175019Z_c664ef152ff3,c664ef152ff3a9eef89c53a403b9c2e6f677340bea0307b02d97d07cc54bdfc3,no_salary_hike_no_attrition_no_department,sigmoid,10,648,2,2,0.6504964098536942,0.31497133392766075,0.03453225621864502
manuscript_final_20260712T175019Z_c664ef152ff3,c664ef152ff3a9eef89c53a403b9c2e6f677340bea0307b02d97d07cc54bdfc3,no_salary_hike_no_attrition_no_department,sigmoid,10,650,3,3,0.0037394415135679976,0.7765433588183003,0.2197171996681317
manuscript_final_20260712T175019Z_c664ef152ff3,c664ef152ff3a9eef89c53a403b9c2e6f677340bea0307b02d97d07cc54bdfc3,no_salary_hike_no_attrition_no_department,sigmoid,10,654,4,3,0.00866932313084435,0.9256402364855827,0.06569044038357315
manuscript_final_20260712T175019Z_c664ef152ff3,c664ef152ff3a9eef89c53a403b9c2e6f677340bea0307b02d97d07cc54bdfc3,no_salary_hike_no_attrition_no_department,sigmoid,10,657,3,3,0.03360359758611723,0.9229479498193419,0.04344845259454098
manuscript_final_20260712T175019Z_c664ef152ff3,c664ef152ff3a9eef89c53a403b9c2e6f677340bea0307b02d97d07cc54bdfc3,no_salary_hike_no_attrition_no_department,sigmoid,10,665,3,3,0.004718292146337502,0.8288979228373864,0.16638378501627615
manuscript_final_20260712T175019Z_c664ef152ff3,c664ef152ff3a9eef89c53a403b9c2e6f677340bea0307b02d97d07cc54bdfc3,no_salary_hike_no_attrition_no_department,sigmoid,10,666,3,3,0.0025337210664359015,0.8482595285680514,0.14920675036551267
manuscript_final_20260712T175019Z_c664ef152ff3,c664ef152ff3a9eef89c53a403b9c2e6f677340bea0307b02d97d07cc54bdfc3,no_salary_hike_no_attrition_no_department,sigmoid,10,682,3,3,0.002244840923612079,0.9317410879945975,0.06601407108179043
manuscript_final_20260712T175019Z_c664ef152ff3,c664ef152ff3a9eef89c53a403b9c2e6f677340bea0307b02d97d07cc54bdfc3,no_salary_hike_no_attrition_no_department,sigmoid,10,694,3,3,0.0016615865202089894,0.8906263862757753,0.10771202720401578
manuscript_final_20260712T175019Z_c664ef152ff3,c664ef152ff3a9eef89c53a403b9c2e6f677340bea0307b02d97d07cc54bdfc3,no_salary_hike_no_attrition_no_department,sigmoid,10,702,3,3,0.0025166272236736968,0.8885780633816033,0.10890530939472291
manuscript_final_20260712T175019Z_c664ef152ff3,c664ef152ff3a9eef89c53a403b9c2e6f677340bea0307b02d97d07cc54bdfc3,no_salary_hike_no_attrition_no_department,sigmoid,10,738,3,3,0.001281822676814892,0.8896634794981206,0.1090546978250645
manuscript_final_20260712T175019Z_c664ef152ff3,c664ef152ff3a9eef89c53a403b9c2e6f677340bea0307b02d97d07cc54bdfc3,no_salary_hike_no_attrition_no_department,sigmoid,10,739,4,3,0.004973883691800659,0.9097729094802147,0.0852532068279847
manuscript_final_20260712T175019Z_c664ef152ff3,c664ef152ff3a9eef89c53a403b9c2e6f677340bea0307b02d97d07cc54bdfc3,no_salary_hike_no_attrition_no_department,sigmoid,10,755,3,3,0.0024296931854609987,0.820694291193743,0.17687601562079594
manuscript_final_20260712T175019Z_c664ef152ff3,c664ef152ff3a9eef89c53a403b9c2e6f677340bea0307b02d97d07cc54bdfc3,no_salary_hike_no_attrition_no_department,sigmoid,10,777,2,2,0.808171069364659,0.14300566421060587,0.04882326642473501
manuscript_final_20260712T175019Z_c664ef152ff3,c664ef152ff3a9eef89c53a403b9c2e6f677340bea0307b02d97d07cc54bdfc3,no_salary_hike_no_attrition_no_department,sigmoid,10,778,3,3,0.0027186653224442496,0.752970337216995,0.24431099746056076
manuscript_final_20260712T175019Z_c664ef152ff3,c664ef152ff3a9eef89c53a403b9c2e6f677340bea0307b02d97d07cc54bdfc3,no_salary_hike_no_attrition_no_department,sigmoid,10,780,3,3,0.111818564849081,0.7924560753855806,0.09572535976533834
manuscript_final_20260712T175019Z_c664ef152ff3,c664ef152ff3a9eef89c53a403b9c2e6f677340bea0307b02d97d07cc54bdfc3,no_salary_hike_no_attrition_no_department,sigmoid,10,788,3,3,0.001542051718784796,0.8948606935971486,0.10359725468406657
manuscript_final_20260712T175019Z_c664ef152ff3,c664ef152ff3a9eef89c53a403b9c2e6f677340bea0307b02d97d07cc54bdfc3,no_salary_hike_no_attrition_no_department,sigmoid,10,799,4,3,0.004711805521045927,0.8380663565565091,0.157221837922445
manuscript_final_20260712T175019Z_c664ef152ff3,c664ef152ff3a9eef89c53a403b9c2e6f677340bea0307b02d97d07cc54bdfc3,no_salary_hike_no_attrition_no_department,sigmoid,10,802,3,3,0.07020982739861274,0.8184991351348238,0.11129103746656338
manuscript_final_20260712T175019Z_c664ef152ff3,c664ef152ff3a9eef89c53a403b9c2e6f677340bea0307b02d97d07cc54bdfc3,no_salary_hike_no_attrition_no_department,sigmoid,10,807,3,3,0.0025731787744981646,0.8202290461840882,0.17719777504141354
manuscript_final_20260712T175019Z_c664ef152ff3,c664ef152ff3a9eef89c53a403b9c2e6f677340bea0307b02d97d07cc54bdfc3,no_salary_hike_no_attrition_no_department,sigmoid,10,813,3,3,0.024279305957460456,0.7234828861932876,0.2522378078492519
manuscript_final_20260712T175019Z_c664ef152ff3,c664ef152ff3a9eef89c53a403b9c2e6f677340bea0307b02d97d07cc54bdfc3,no_salary_hike_no_attrition_no_department,sigmoid,10,819,4,3,0.01453690657117956,0.9089085313778746,0.07655456205094582
manuscript_final_20260712T175019Z_c664ef152ff3,c664ef152ff3a9eef89c53a403b9c2e6f677340bea0307b02d97d07cc54bdfc3,no_salary_hike_no_attrition_no_department,sigmoid,10,822,3,3,0.00106402059023312,0.869932152609032,0.1290038268007349
manuscript_final_20260712T175019Z_c664ef152ff3,c664ef152ff3a9eef89c53a403b9c2e6f677340bea0307b02d97d07cc54bdfc3,no_salary_hike_no_attrition_no_department,sigmoid,10,825,3,3,0.0038485851589435574,0.9125401240563548,0.08361129078470157
manuscript_final_20260712T175019Z_c664ef152ff3,c664ef152ff3a9eef89c53a403b9c2e6f677340bea0307b02d97d07cc54bdfc3,no_salary_hike_no_attrition_no_department,sigmoid,10,848,3,3,0.001199670696222957,0.819013620158014,0.17978670914576306
manuscript_final_20260712T175019Z_c664ef152ff3,c664ef152ff3a9eef89c53a403b9c2e6f677340bea0307b02d97d07cc54bdfc3,no_salary_hike_no_attrition_no_department,sigmoid,10,878,2,2,0.8564527631897486,0.10600768606365833,0.037539550746593146
manuscript_final_20260712T175019Z_c664ef152ff3,c664ef152ff3a9eef89c53a403b9c2e6f677340bea0307b02d97d07cc54bdfc3,no_salary_hike_no_attrition_no_department,sigmoid,10,882,3,3,0.019398353590859806,0.8611271024160732,0.11947454399306694
manuscript_final_20260712T175019Z_c664ef152ff3,c664ef152ff3a9eef89c53a403b9c2e6f677340bea0307b02d97d07cc54bdfc3,no_salary_hike_no_attrition_no_department,sigmoid,10,891,4,3,0.0019479382686297473,0.881947200721314,0.11610486101005618
manuscript_final_20260712T175019Z_c664ef152ff3,c664ef152ff3a9eef89c53a403b9c2e6f677340bea0307b02d97d07cc54bdfc3,no_salary_hike_no_attrition_no_department,sigmoid,10,896,3,3,0.09447310380590243,0.8174756053091631,0.0880512908849345
manuscript_final_20260712T175019Z_c664ef152ff3,c664ef152ff3a9eef89c53a403b9c2e6f677340bea0307b02d97d07cc54bdfc3,no_salary_hike_no_attrition_no_department,sigmoid,10,900,2,2,0.81382792408369,0.14983434700914677,0.03633772890716313
manuscript_final_20260712T175019Z_c664ef152ff3,c664ef152ff3a9eef89c53a403b9c2e6f677340bea0307b02d97d07cc54bdfc3,no_salary_hike_no_attrition_no_department,sigmoid,10,911,2,2,0.8421452960541143,0.12408492417217244,0.03376977977371328
manuscript_final_20260712T175019Z_c664ef152ff3,c664ef152ff3a9eef89c53a403b9c2e6f677340bea0307b02d97d07cc54bdfc3,no_salary_hike_no_attrition_no_department,sigmoid,10,920,3,3,0.0018685207480981269,0.865313934558008,0.13281754469389395
manuscript_final_20260712T175019Z_c664ef152ff3,c664ef152ff3a9eef89c53a403b9c2e6f677340bea0307b02d97d07cc54bdfc3,no_salary_hike_no_attrition_no_department,sigmoid,10,923,3,3,0.0021843181235209654,0.8741278346301746,0.12368784724630437
manuscript_final_20260712T175019Z_c664ef152ff3,c664ef152ff3a9eef89c53a403b9c2e6f677340bea0307b02d97d07cc54bdfc3,no_salary_hike_no_attrition_no_department,sigmoid,10,925,3,2,0.8495265927222442,0.11700497581144956,0.033468431466306355
manuscript_final_20260712T175019Z_c664ef152ff3,c664ef152ff3a9eef89c53a403b9c2e6f677340bea0307b02d97d07cc54bdfc3,no_salary_hike_no_attrition_no_department,sigmoid,10,930,3,3,0.06713343733633698,0.8452742174488797,0.08759234521478333
manuscript_final_20260712T175019Z_c664ef152ff3,c664ef152ff3a9eef89c53a403b9c2e6f677340bea0307b02d97d07cc54bdfc3,no_salary_hike_no_attrition_no_department,sigmoid,10,943,3,3,0.000914600982226844,0.5026719775563445,0.49641342146142853
manuscript_final_20260712T175019Z_c664ef152ff3,c664ef152ff3a9eef89c53a403b9c2e6f677340bea0307b02d97d07cc54bdfc3,no_salary_hike_no_attrition_no_department,sigmoid,10,965,3,3,0.007296183090174427,0.8751676353212023,0.1175361815886232
manuscript_final_20260712T175019Z_c664ef152ff3,c664ef152ff3a9eef89c53a403b9c2e6f677340bea0307b02d97d07cc54bdfc3,no_salary_hike_no_attrition_no_department,sigmoid,10,971,4,3,0.008777354567233582,0.8938659024757538,0.09735674295701263
manuscript_final_20260712T175019Z_c664ef152ff3,c664ef152ff3a9eef89c53a403b9c2e6f677340bea0307b02d97d07cc54bdfc3,no_salary_hike_no_attrition_no_department,sigmoid,10,974,3,3,0.000725578114237615,0.8923834852271985,0.10689093665856385
manuscript_final_20260712T175019Z_c664ef152ff3,c664ef152ff3a9eef89c53a403b9c2e6f677340bea0307b02d97d07cc54bdfc3,no_salary_hike_no_attrition_no_department,sigmoid,10,975,3,3,0.001021412142799157,0.9186514902201028,0.08032709763709799
manuscript_final_20260712T175019Z_c664ef152ff3,c664ef152ff3a9eef89c53a403b9c2e6f677340bea0307b02d97d07cc54bdfc3,no_salary_hike_no_attrition_no_department,sigmoid,10,976,3,3,0.10444367999271885,0.8003626793865982,0.09519364062068288
manuscript_final_20260712T175019Z_c664ef152ff3,c664ef152ff3a9eef89c53a403b9c2e6f677340bea0307b02d97d07cc54bdfc3,no_salary_hike_no_attrition_no_department,sigmoid,10,983,3,3,0.0066606799329180216,0.8464846676590408,0.14685465240804113
manuscript_final_20260712T175019Z_c664ef152ff3,c664ef152ff3a9eef89c53a403b9c2e6f677340bea0307b02d97d07cc54bdfc3,no_salary_hike_no_attrition_no_department,sigmoid,10,1001,3,3,0.002192159693666187,0.9294485325538081,0.06835930775252573
manuscript_final_20260712T175019Z_c664ef152ff3,c664ef152ff3a9eef89c53a403b9c2e6f677340bea0307b02d97d07cc54bdfc3,no_salary_hike_no_attrition_no_department,sigmoid,10,1003,3,3,0.0008766166975154096,0.9234301280974874,0.07569325520499712
manuscript_final_20260712T175019Z_c664ef152ff3,c664ef152ff3a9eef89c53a403b9c2e6f677340bea0307b02d97d07cc54bdfc3,no_salary_hike_no_attrition_no_department,sigmoid,10,1021,3,3,0.0009606843326968539,0.957711533056685,0.041327782610618084
manuscript_final_20260712T175019Z_c664ef152ff3,c664ef152ff3a9eef89c53a403b9c2e6f677340bea0307b02d97d07cc54bdfc3,no_salary_hike_no_attrition_no_department,sigmoid,10,1053,3,3,0.0017306774693992852,0.9011850872142767,0.09708423531632393
manuscript_final_20260712T175019Z_c664ef152ff3,c664ef152ff3a9eef89c53a403b9c2e6f677340bea0307b02d97d07cc54bdfc3,no_salary_hike_no_attrition_no_department,sigmoid,10,1061,2,2,0.8942730801574453,0.061625320064393654,0.04410159977816104
manuscript_final_20260712T175019Z_c664ef152ff3,c664ef152ff3a9eef89c53a403b9c2e6f677340bea0307b02d97d07cc54bdfc3,no_salary_hike_no_attrition_no_department,sigmoid,10,1065,2,2,0.7819519868076764,0.15599174262019114,0.062056270572132456
manuscript_final_20260712T175019Z_c664ef152ff3,c664ef152ff3a9eef89c53a403b9c2e6f677340bea0307b02d97d07cc54bdfc3,no_salary_hike_no_attrition_no_department,sigmoid,10,1080,3,3,0.11337736018104558,0.7831594564635214,0.1034631833554329
manuscript_final_20260712T175019Z_c664ef152ff3,c664ef152ff3a9eef89c53a403b9c2e6f677340bea0307b02d97d07cc54bdfc3,no_salary_hike_no_attrition_no_department,sigmoid,10,1102,3,3,0.0038950139720709547,0.9362960355514809,0.05980895047644821
manuscript_final_20260712T175019Z_c664ef152ff3,c664ef152ff3a9eef89c53a403b9c2e6f677340bea0307b02d97d07cc54bdfc3,no_salary_hike_no_attrition_no_department,sigmoid,10,1125,2,3,0.26804842518459354,0.6518570096005016,0.08009456521490474
manuscript_final_20260712T175019Z_c664ef152ff3,c664ef152ff3a9eef89c53a403b9c2e6f677340bea0307b02d97d07cc54bdfc3,no_salary_hike_no_attrition_no_department,sigmoid,10,1127,3,3,0.0021432055340401793,0.8986070372422611,0.09924975722369854
manuscript_final_20260712T175019Z_c664ef152ff3,c664ef152ff3a9eef89c53a403b9c2e6f677340bea0307b02d97d07cc54bdfc3,no_salary_hike_no_attrition_no_department,sigmoid,10,1129,3,3,0.0019688165721420165,0.8520724759459579,0.14595870748190004
manuscript_final_20260712T175019Z_c664ef152ff3,c664ef152ff3a9eef89c53a403b9c2e6f677340bea0307b02d97d07cc54bdfc3,no_salary_hike_no_attrition_no_department,sigmoid,10,1131,3,2,0.5195930834546837,0.408743248787945,0.07166366775737158
manuscript_final_20260712T175019Z_c664ef152ff3,c664ef152ff3a9eef89c53a403b9c2e6f677340bea0307b02d97d07cc54bdfc3,no_salary_hike_no_attrition_no_department,sigmoid,10,1168,3,3,0.0008392222497446742,0.8816846023911123,0.11747617535914294
manuscript_final_20260712T175019Z_c664ef152ff3,c664ef152ff3a9eef89c53a403b9c2e6f677340bea0307b02d97d07cc54bdfc3,no_salary_hike_no_attrition_no_department,sigmoid,10,1180,4,3,0.0009536031067217547,0.777886099426576,0.2211602974667022
manuscript_final_20260712T175019Z_c664ef152ff3,c664ef152ff3a9eef89c53a403b9c2e6f677340bea0307b02d97d07cc54bdfc3,no_salary_hike_no_attrition_no_department,sigmoid,10,1196,3,3,0.0005407304506585638,0.8068248658623255,0.19263440368701584
manuscript_final_20260712T175019Z_c664ef152ff3,c664ef152ff3a9eef89c53a403b9c2e6f677340bea0307b02d97d07cc54bdfc3,no_salary_hike_no_attrition_no_department,isotonic,10,0,3,3,1.024836590804289e-08,0.8993463960119271,0.10065359373970696
manuscript_final_20260712T175019Z_c664ef152ff3,c664ef152ff3a9eef89c53a403b9c2e6f677340bea0307b02d97d07cc54bdfc3,no_salary_hike_no_attrition_no_department,isotonic,10,8,3,3,1.024836590804289e-08,0.8993463960119271,0.10065359373970696
manuscript_final_20260712T175019Z_c664ef152ff3,c664ef152ff3a9eef89c53a403b9c2e6f677340bea0307b02d97d07cc54bdfc3,no_salary_hike_no_attrition_no_department,isotonic,10,40,3,3,1.024836590804289e-08,0.8993463960119271,0.10065359373970696
manuscript_final_20260712T175019Z_c664ef152ff3,c664ef152ff3a9eef89c53a403b9c2e6f677340bea0307b02d97d07cc54bdfc3,no_salary_hike_no_attrition_no_department,isotonic,10,54,4,3,1.024836590804289e-08,0.8993463960119271,0.10065359373970696
manuscript_final_20260712T175019Z_c664ef152ff3,c664ef152ff3a9eef89c53a403b9c2e6f677340bea0307b02d97d07cc54bdfc3,no_salary_hike_no_attrition_no_department,isotonic,10,61,3,3,1.024836590804289e-08,0.8993463960119271,0.10065359373970696
manuscript_final_20260712T175019Z_c664ef152ff3,c664ef152ff3a9eef89c53a403b9c2e6f677340bea0307b02d97d07cc54bdfc3,no_salary_hike_no_attrition_no_department,isotonic,10,82,3,3,0.10904309124013757,0.8612178838761886,0.029739024883673887
manuscript_final_20260712T175019Z_c664ef152ff3,c664ef152ff3a9eef89c53a403b9c2e6f677340bea0307b02d97d07cc54bdfc3,no_salary_hike_no_attrition_no_department,isotonic,10,96,3,3,9.705882258737026e-09,0.9705882258737026,0.02941176442041523
manuscript_final_20260712T175019Z_c664ef152ff3,c664ef152ff3a9eef89c53a403b9c2e6f677340bea0307b02d97d07cc54bdfc3,no_salary_hike_no_attrition_no_department,isotonic,10,100,3,2,0.45528455284552843,0.45528455284552843,0.08943089430894308
manuscript_final_20260712T175019Z_c664ef152ff3,c664ef152ff3a9eef89c53a403b9c2e6f677340bea0307b02d97d07cc54bdfc3,no_salary_hike_no_attrition_no_department,isotonic,10,110,3,3,1.024836590804289e-08,0.8993463960119271,0.10065359373970696
manuscript_final_20260712T175019Z_c664ef152ff3,c664ef152ff3a9eef89c53a403b9c2e6f677340bea0307b02d97d07cc54bdfc3,no_salary_hike_no_attrition_no_department,isotonic,10,113,3,3,1.024836590804289e-08,0.8993463960119271,0.10065359373970696
manuscript_final_20260712T175019Z_c664ef152ff3,c664ef152ff3a9eef89c53a403b9c2e6f677340bea0307b02d97d07cc54bdfc3,no_salary_hike_no_attrition_no_department,isotonic,10,119,3,3,0.09098598231584462,0.8786722691374772,0.030341748546678215
manuscript_final_20260712T175019Z_c664ef152ff3,c664ef152ff3a9eef89c53a403b9c2e6f677340bea0307b02d97d07cc54bdfc3,no_salary_hike_no_attrition_no_department,isotonic,10,137,3,3,1.024836590804289e-08,0.8993463960119271,0.10065359373970696
manuscript_final_20260712T175019Z_c664ef152ff3,c664ef152ff3a9eef89c53a403b9c2e6f677340bea0307b02d97d07cc54bdfc3,no_salary_hike_no_attrition_no_department,isotonic,10,139,3,3,1.024836590804289e-08,0.8993463960119271,0.10065359373970696
manuscript_final_20260712T175019Z_c664ef152ff3,c664ef152ff3a9eef89c53a403b9c2e6f677340bea0307b02d97d07cc54bdfc3,no_salary_hike_no_attrition_no_department,isotonic,10,142,3,3,1.024836590804289e-08,0.8993463960119271,0.10065359373970696
manuscript_final_20260712T175019Z_c664ef152ff3,c664ef152ff3a9eef89c53a403b9c2e6f677340bea0307b02d97d07cc54bdfc3,no_salary_hike_no_attrition_no_department,isotonic,10,143,3,3,1.024836590804289e-08,0.8993463960119271,0.10065359373970696
manuscript_final_20260712T175019Z_c664ef152ff3,c664ef152ff3a9eef89c53a403b9c2e6f677340bea0307b02d97d07cc54bdfc3,no_salary_hike_no_attrition_no_department,isotonic,10,149,4,3,1.024836590804289e-08,0.8993463960119271,0.10065359373970696
manuscript_final_20260712T175019Z_c664ef152ff3,c664ef152ff3a9eef89c53a403b9c2e6f677340bea0307b02d97d07cc54bdfc3,no_salary_hike_no_attrition_no_department,isotonic,10,157,3,3,1.0716889314066872e-08,0.9404617153160725,0.059538273967038174
manuscript_final_20260712T175019Z_c664ef152ff3,c664ef152ff3a9eef89c53a403b9c2e6f677340bea0307b02d97d07cc54bdfc3,no_salary_hike_no_attrition_no_department,isotonic,10,175,2,2,0.7894736842105263,0.15789473684210525,0.05263157894736842
manuscript_final_20260712T175019Z_c664ef152ff3,c664ef152ff3a9eef89c53a403b9c2e6f677340bea0307b02d97d07cc54bdfc3,no_salary_hike_no_attrition_no_department,isotonic,10,176,3,3,1.024836590804289e-08,0.8993463960119271,0.10065359373970696
manuscript_final_20260712T175019Z_c664ef152ff3,c664ef152ff3a9eef89c53a403b9c2e6f677340bea0307b02d97d07cc54bdfc3,no_salary_hike_no_attrition_no_department,isotonic,10,180,3,3,1.0275229252217827e-08,0.8990825595690599,0.10091743015571081
manuscript_final_20260712T175019Z_c664ef152ff3,c664ef152ff3a9eef89c53a403b9c2e6f677340bea0307b02d97d07cc54bdfc3,no_salary_hike_no_attrition_no_department,isotonic,10,181,3,3,1.024836590804289e-08,0.8993463960119271,0.10065359373970696
manuscript_final_20260712T175019Z_c664ef152ff3,c664ef152ff3a9eef89c53a403b9c2e6f677340bea0307b02d97d07cc54bdfc3,no_salary_hike_no_attrition_no_department,isotonic,10,183,3,3,1.024836590804289e-08,0.8993463960119271,0.10065359373970696
manuscript_final_20260712T175019Z_c664ef152ff3,c664ef152ff3a9eef89c53a403b9c2e6f677340bea0307b02d97d07cc54bdfc3,no_salary_hike_no_attrition_no_department,isotonic,10,189,2,2,0.7588075880758808,0.15176151761517612,0.08943089430894308
manuscript_final_20260712T175019Z_c664ef152ff3,c664ef152ff3a9eef89c53a403b9c2e6f677340bea0307b02d97d07cc54bdfc3,no_salary_hike_no_attrition_no_department,isotonic,10,203,4,3,1.024836590804289e-08,0.8993463960119271,0.10065359373970696
manuscript_final_20260712T175019Z_c664ef152ff3,c664ef152ff3a9eef89c53a403b9c2e6f677340bea0307b02d97d07cc54bdfc3,no_salary_hike_no_attrition_no_department,isotonic,10,211,2,2,0.8333333250000001,0.16666666500000002,9.999999900000002e-09
manuscript_final_20260712T175019Z_c664ef152ff3,c664ef152ff3a9eef89c53a403b9c2e6f677340bea0307b02d97d07cc54bdfc3,no_salary_hike_no_attrition_no_department,isotonic,10,213,3,3,1.052631567867036e-08,0.8421052542936288,0.1578947351800554
manuscript_final_20260712T175019Z_c664ef152ff3,c664ef152ff3a9eef89c53a403b9c2e6f677340bea0307b02d97d07cc54bdfc3,no_salary_hike_no_attrition_no_department,isotonic,10,226,3,3,1.024836590804289e-08,0.8993463960119271,0.10065359373970696
manuscript_final_20260712T175019Z_c664ef152ff3,c664ef152ff3a9eef89c53a403b9c2e6f677340bea0307b02d97d07cc54bdfc3,no_salary_hike_no_attrition_no_department,isotonic,10,230,3,3,1.024836590804289e-08,0.8993463960119271,0.10065359373970696
manuscript_final_20260712T175019Z_c664ef152ff3,c664ef152ff3a9eef89c53a403b9c2e6f677340bea0307b02d97d07cc54bdfc3,no_salary_hike_no_attrition_no_department,isotonic,10,234,3,3,0.10666666666666666,0.84,0.05333333333333333
manuscript_final_20260712T175019Z_c664ef152ff3,c664ef152ff3a9eef89c53a403b9c2e6f677340bea0307b02d97d07cc54bdfc3,no_salary_hike_no_attrition_no_department,isotonic,10,238,3,3,1.024836590804289e-08,0.8993463960119271,0.10065359373970696
manuscript_final_20260712T175019Z_c664ef152ff3,c664ef152ff3a9eef89c53a403b9c2e6f677340bea0307b02d97d07cc54bdfc3,no_salary_hike_no_attrition_no_department,isotonic,10,241,3,3,1.024836590804289e-08,0.8993463960119271,0.10065359373970696
manuscript_final_20260712T175019Z_c664ef152ff3,c664ef152ff3a9eef89c53a403b9c2e6f677340bea0307b02d97d07cc54bdfc3,no_salary_hike_no_attrition_no_department,isotonic,10,250,2,2,0.4999999950000001,0.4999999950000001,9.999999900000002e-09
manuscript_final_20260712T175019Z_c664ef152ff3,c664ef152ff3a9eef89c53a403b9c2e6f677340bea0307b02d97d07cc54bdfc3,no_salary_hike_no_attrition_no_department,isotonic,10,265,3,3,9.705882258737026e-09,0.9705882258737026,0.02941176442041523
manuscript_final_20260712T175019Z_c664ef152ff3,c664ef152ff3a9eef89c53a403b9c2e6f677340bea0307b02d97d07cc54bdfc3,no_salary_hike_no_attrition_no_department,isotonic,10,336,3,3,1.024836590804289e-08,0.8993463960119271,0.10065359373970696
manuscript_final_20260712T175019Z_c664ef152ff3,c664ef152ff3a9eef89c53a403b9c2e6f677340bea0307b02d97d07cc54bdfc3,no_salary_hike_no_attrition_no_department,isotonic,10,340,3,3,1.024836590804289e-08,0.8993463960119271,0.10065359373970696
manuscript_final_20260712T175019Z_c664ef152ff3,c664ef152ff3a9eef89c53a403b9c2e6f677340bea0307b02d97d07cc54bdfc3,no_salary_hike_no_attrition_no_department,isotonic,10,381,3,3,9.75609746579417e-09,0.85365852825699,0.14634146198691256
manuscript_final_20260712T175019Z_c664ef152ff3,c664ef152ff3a9eef89c53a403b9c2e6f677340bea0307b02d97d07cc54bdfc3,no_salary_hike_no_attrition_no_department,isotonic,10,383,3,3,1.024836590804289e-08,0.8993463960119271,0.10065359373970696
manuscript_final_20260712T175019Z_c664ef152ff3,c664ef152ff3a9eef89c53a403b9c2e6f677340bea0307b02d97d07cc54bdfc3,no_salary_hike_no_attrition_no_department,isotonic,10,385,3,3,9.705882258737026e-09,0.9705882258737026,0.02941176442041523
manuscript_final_20260712T175019Z_c664ef152ff3,c664ef152ff3a9eef89c53a403b9c2e6f677340bea0307b02d97d07cc54bdfc3,no_salary_hike_no_attrition_no_department,isotonic,10,390,3,3,1.024836590804289e-08,0.8993463960119271,0.10065359373970696
manuscript_final_20260712T175019Z_c664ef152ff3,c664ef152ff3a9eef89c53a403b9c2e6f677340bea0307b02d97d07cc54bdfc3,no_salary_hike_no_attrition_no_department,isotonic,10,394,3,3,1.0969504609538424e-08,0.6011089123200072,0.3988910767104881
manuscript_final_20260712T175019Z_c664ef152ff3,c664ef152ff3a9eef89c53a403b9c2e6f677340bea0307b02d97d07cc54bdfc3,no_salary_hike_no_attrition_no_department,isotonic,10,396,2,2,0.9473684120775624,9.473684120775625e-09,0.05263157844875346
manuscript_final_20260712T175019Z_c664ef152ff3,c664ef152ff3a9eef89c53a403b9c2e6f677340bea0307b02d97d07cc54bdfc3,no_salary_hike_no_attrition_no_department,isotonic,10,402,3,3,1.024836590804289e-08,0.8993463960119271,0.10065359373970696
manuscript_final_20260712T175019Z_c664ef152ff3,c664ef152ff3a9eef89c53a403b9c2e6f677340bea0307b02d97d07cc54bdfc3,no_salary_hike_no_attrition_no_department,isotonic,10,404,3,3,9.75609746579417e-09,0.85365852825699,0.14634146198691256
manuscript_final_20260712T175019Z_c664ef152ff3,c664ef152ff3a9eef89c53a403b9c2e6f677340bea0307b02d97d07cc54bdfc3,no_salary_hike_no_attrition_no_department,isotonic,10,407,3,3,1.024836590804289e-08,0.8993463960119271,0.10065359373970696
manuscript_final_20260712T175019Z_c664ef152ff3,c664ef152ff3a9eef89c53a403b9c2e6f677340bea0307b02d97d07cc54bdfc3,no_salary_hike_no_attrition_no_department,isotonic,10,412,3,3,1.024836590804289e-08,0.8993463960119271,0.10065359373970696
manuscript_final_20260712T175019Z_c664ef152ff3,c664ef152ff3a9eef89c53a403b9c2e6f677340bea0307b02d97d07cc54bdfc3,no_salary_hike_no_attrition_no_department,isotonic,10,419,3,3,1.024836590804289e-08,0.8993463960119271,0.10065359373970696
manuscript_final_20260712T175019Z_c664ef152ff3,c664ef152ff3a9eef89c53a403b9c2e6f677340bea0307b02d97d07cc54bdfc3,no_salary_hike_no_attrition_no_department,isotonic,10,427,2,2,0.7894736842105263,0.15789473684210525,0.05263157894736842
manuscript_final_20260712T175019Z_c664ef152ff3,c664ef152ff3a9eef89c53a403b9c2e6f677340bea0307b02d97d07cc54bdfc3,no_salary_hike_no_attrition_no_department,isotonic,10,455,4,3,1.1289395914443852e-08,0.5644697957221926,0.4355301929884114
manuscript_final_20260712T175019Z_c664ef152ff3,c664ef152ff3a9eef89c53a403b9c2e6f677340bea0307b02d97d07cc54bdfc3,no_salary_hike_no_attrition_no_department,isotonic,10,471,3,3,1.024836590804289e-08,0.8993463960119271,0.10065359373970696
manuscript_final_20260712T175019Z_c664ef152ff3,c664ef152ff3a9eef89c53a403b9c2e6f677340bea0307b02d97d07cc54bdfc3,no_salary_hike_no_attrition_no_department,isotonic,10,476,2,2,0.8088235294117647,0.16176470588235295,0.029411764705882356
manuscript_final_20260712T175019Z_c664ef152ff3,c664ef152ff3a9eef89c53a403b9c2e6f677340bea0307b02d97d07cc54bdfc3,no_salary_hike_no_attrition_no_department,isotonic,10,477,3,3,9.473684120775625e-09,0.9473684120775624,0.05263157844875346
manuscript_final_20260712T175019Z_c664ef152ff3,c664ef152ff3a9eef89c53a403b9c2e6f677340bea0307b02d97d07cc54bdfc3,no_salary_hike_no_attrition_no_department,isotonic,10,478,3,3,1.024836590804289e-08,0.8993463960119271,0.10065359373970696
manuscript_final_20260712T175019Z_c664ef152ff3,c664ef152ff3a9eef89c53a403b9c2e6f677340bea0307b02d97d07cc54bdfc3,no_salary_hike_no_attrition_no_department,isotonic,10,479,2,2,0.7679629272855348,0.2032891168029386,0.028747955911526672
manuscript_final_20260712T175019Z_c664ef152ff3,c664ef152ff3a9eef89c53a403b9c2e6f677340bea0307b02d97d07cc54bdfc3,no_salary_hike_no_attrition_no_department,isotonic,10,524,2,2,0.7894736842105263,0.15789473684210525,0.05263157894736842
manuscript_final_20260712T175019Z_c664ef152ff3,c664ef152ff3a9eef89c53a403b9c2e6f677340bea0307b02d97d07cc54bdfc3,no_salary_hike_no_attrition_no_department,isotonic,10,528,2,2,0.9999999800000006,9.999999800000005e-09,9.999999800000005e-09
manuscript_final_20260712T175019Z_c664ef152ff3,c664ef152ff3a9eef89c53a403b9c2e6f677340bea0307b02d97d07cc54bdfc3,no_salary_hike_no_attrition_no_department,isotonic,10,545,4,3,1.0275229252217827e-08,0.8990825595690599,0.10091743015571081
manuscript_final_20260712T175019Z_c664ef152ff3,c664ef152ff3a9eef89c53a403b9c2e6f677340bea0307b02d97d07cc54bdfc3,no_salary_hike_no_attrition_no_department,isotonic,10,549,3,3,1.024836590804289e-08,0.8993463960119271,0.10065359373970696
manuscript_final_20260712T175019Z_c664ef152ff3,c664ef152ff3a9eef89c53a403b9c2e6f677340bea0307b02d97d07cc54bdfc3,no_salary_hike_no_attrition_no_department,isotonic,10,553,3,3,1.024836590804289e-08,0.8993463960119271,0.10065359373970696
manuscript_final_20260712T175019Z_c664ef152ff3,c664ef152ff3a9eef89c53a403b9c2e6f677340bea0307b02d97d07cc54bdfc3,no_salary_hike_no_attrition_no_department,isotonic,10,567,3,3,1.024836590804289e-08,0.8993463960119271,0.10065359373970696
manuscript_final_20260712T175019Z_c664ef152ff3,c664ef152ff3a9eef89c53a403b9c2e6f677340bea0307b02d97d07cc54bdfc3,no_salary_hike_no_attrition_no_department,isotonic,10,584,4,3,1.024836590804289e-08,0.8993463960119271,0.10065359373970696
manuscript_final_20260712T175019Z_c664ef152ff3,c664ef152ff3a9eef89c53a403b9c2e6f677340bea0307b02d97d07cc54bdfc3,no_salary_hike_no_attrition_no_department,isotonic,10,594,2,2,0.8257626511390621,0.1651525302278124,0.00908481863312544
manuscript_final_20260712T175019Z_c664ef152ff3,c664ef152ff3a9eef89c53a403b9c2e6f677340bea0307b02d97d07cc54bdfc3,no_salary_hike_no_attrition_no_department,isotonic,10,597,3,3,9.84647342245898e-09,0.641946411155018,0.35805357899850837
manuscript_final_20260712T175019Z_c664ef152ff3,c664ef152ff3a9eef89c53a403b9c2e6f677340bea0307b02d97d07cc54bdfc3,no_salary_hike_no_attrition_no_department,isotonic,10,608,2,2,0.9999999800000006,9.999999800000005e-09,9.999999800000005e-09
manuscript_final_20260712T175019Z_c664ef152ff3,c664ef152ff3a9eef89c53a403b9c2e6f677340bea0307b02d97d07cc54bdfc3,no_salary_hike_no_attrition_no_department,isotonic,10,631,3,3,9.75609746579417e-09,0.85365852825699,0.14634146198691256
manuscript_final_20260712T175019Z_c664ef152ff3,c664ef152ff3a9eef89c53a403b9c2e6f677340bea0307b02d97d07cc54bdfc3,no_salary_hike_no_attrition_no_department,isotonic,10,648,2,2,0.7791911510713039,0.21250667756490105,0.008302171363795036
manuscript_final_20260712T175019Z_c664ef152ff3,c664ef152ff3a9eef89c53a403b9c2e6f677340bea0307b02d97d07cc54bdfc3,no_salary_hike_no_attrition_no_department,isotonic,10,650,3,3,9.9999999e-09,0.799999992,0.199999998
manuscript_final_20260712T175019Z_c664ef152ff3,c664ef152ff3a9eef89c53a403b9c2e6f677340bea0307b02d97d07cc54bdfc3,no_salary_hike_no_attrition_no_department,isotonic,10,654,4,3,1.0716889314066872e-08,0.9404617153160725,0.059538273967038174
manuscript_final_20260712T175019Z_c664ef152ff3,c664ef152ff3a9eef89c53a403b9c2e6f677340bea0307b02d97d07cc54bdfc3,no_salary_hike_no_attrition_no_department,isotonic,10,657,3,3,1.1014986254691875e-08,0.9666212427586747,0.03337874622633902
manuscript_final_20260712T175019Z_c664ef152ff3,c664ef152ff3a9eef89c53a403b9c2e6f677340bea0307b02d97d07cc54bdfc3,no_salary_hike_no_attrition_no_department,isotonic,10,665,3,3,9.75609746579417e-09,0.85365852825699,0.14634146198691256
manuscript_final_20260712T175019Z_c664ef152ff3,c664ef152ff3a9eef89c53a403b9c2e6f677340bea0307b02d97d07cc54bdfc3,no_salary_hike_no_attrition_no_department,isotonic,10,666,3,3,1.024836590804289e-08,0.8993463960119271,0.10065359373970696
manuscript_final_20260712T175019Z_c664ef152ff3,c664ef152ff3a9eef89c53a403b9c2e6f677340bea0307b02d97d07cc54bdfc3,no_salary_hike_no_attrition_no_department,isotonic,10,682,3,3,9.473684120775625e-09,0.9473684120775624,0.05263157844875346
manuscript_final_20260712T175019Z_c664ef152ff3,c664ef152ff3a9eef89c53a403b9c2e6f677340bea0307b02d97d07cc54bdfc3,no_salary_hike_no_attrition_no_department,isotonic,10,694,3,3,1.024836590804289e-08,0.8993463960119271,0.10065359373970696
manuscript_final_20260712T175019Z_c664ef152ff3,c664ef152ff3a9eef89c53a403b9c2e6f677340bea0307b02d97d07cc54bdfc3,no_salary_hike_no_attrition_no_department,isotonic,10,702,3,3,1.024836590804289e-08,0.8993463960119271,0.10065359373970696
manuscript_final_20260712T175019Z_c664ef152ff3,c664ef152ff3a9eef89c53a403b9c2e6f677340bea0307b02d97d07cc54bdfc3,no_salary_hike_no_attrition_no_department,isotonic,10,738,3,3,1.024836590804289e-08,0.8993463960119271,0.10065359373970696
manuscript_final_20260712T175019Z_c664ef152ff3,c664ef152ff3a9eef89c53a403b9c2e6f677340bea0307b02d97d07cc54bdfc3,no_salary_hike_no_attrition_no_department,isotonic,10,739,4,3,1.024836590804289e-08,0.8993463960119271,0.10065359373970696
manuscript_final_20260712T175019Z_c664ef152ff3,c664ef152ff3a9eef89c53a403b9c2e6f677340bea0307b02d97d07cc54bdfc3,no_salary_hike_no_attrition_no_department,isotonic,10,755,3,3,9.75609746579417e-09,0.85365852825699,0.14634146198691256
manuscript_final_20260712T175019Z_c664ef152ff3,c664ef152ff3a9eef89c53a403b9c2e6f677340bea0307b02d97d07cc54bdfc3,no_salary_hike_no_attrition_no_department,isotonic,10,777,2,2,0.8088235294117647,0.16176470588235295,0.029411764705882356
manuscript_final_20260712T175019Z_c664ef152ff3,c664ef152ff3a9eef89c53a403b9c2e6f677340bea0307b02d97d07cc54bdfc3,no_salary_hike_no_attrition_no_department,isotonic,10,778,3,3,9.705882258737026e-09,0.647058817249135,0.3529411730449828
manuscript_final_20260712T175019Z_c664ef152ff3,c664ef152ff3a9eef89c53a403b9c2e6f677340bea0307b02d97d07cc54bdfc3,no_salary_hike_no_attrition_no_department,isotonic,10,780,3,3,0.10247026532479413,0.8069533394327538,0.09057639524245195
manuscript_final_20260712T175019Z_c664ef152ff3,c664ef152ff3a9eef89c53a403b9c2e6f677340bea0307b02d97d07cc54bdfc3,no_salary_hike_no_attrition_no_department,isotonic,10,788,3,3,1.024836590804289e-08,0.8993463960119271,0.10065359373970696
manuscript_final_20260712T175019Z_c664ef152ff3,c664ef152ff3a9eef89c53a403b9c2e6f677340bea0307b02d97d07cc54bdfc3,no_salary_hike_no_attrition_no_department,isotonic,10,799,4,3,1.0275229252217827e-08,0.8990825595690599,0.10091743015571081
manuscript_final_20260712T175019Z_c664ef152ff3,c664ef152ff3a9eef89c53a403b9c2e6f677340bea0307b02d97d07cc54bdfc3,no_salary_hike_no_attrition_no_department,isotonic,10,802,3,3,0.10222975616116833,0.807406441517799,0.09036380232103272
manuscript_final_20260712T175019Z_c664ef152ff3,c664ef152ff3a9eef89c53a403b9c2e6f677340bea0307b02d97d07cc54bdfc3,no_salary_hike_no_attrition_no_department,isotonic,10,807,3,3,9.75609746579417e-09,0.85365852825699,0.14634146198691256
manuscript_final_20260712T175019Z_c664ef152ff3,c664ef152ff3a9eef89c53a403b9c2e6f677340bea0307b02d97d07cc54bdfc3,no_salary_hike_no_attrition_no_department,isotonic,10,813,3,3,1.0377358382876469e-08,0.6226415029725881,0.37735848665005345
manuscript_final_20260712T175019Z_c664ef152ff3,c664ef152ff3a9eef89c53a403b9c2e6f677340bea0307b02d97d07cc54bdfc3,no_salary_hike_no_attrition_no_department,isotonic,10,819,4,3,1.024836590804289e-08,0.8993463960119271,0.10065359373970696
manuscript_final_20260712T175019Z_c664ef152ff3,c664ef152ff3a9eef89c53a403b9c2e6f677340bea0307b02d97d07cc54bdfc3,no_salary_hike_no_attrition_no_department,isotonic,10,822,3,3,1.024836590804289e-08,0.8993463960119271,0.10065359373970696
manuscript_final_20260712T175019Z_c664ef152ff3,c664ef152ff3a9eef89c53a403b9c2e6f677340bea0307b02d97d07cc54bdfc3,no_salary_hike_no_attrition_no_department,isotonic,10,825,3,3,1.024836590804289e-08,0.8993463960119271,0.10065359373970696
manuscript_final_20260712T175019Z_c664ef152ff3,c664ef152ff3a9eef89c53a403b9c2e6f677340bea0307b02d97d07cc54bdfc3,no_salary_hike_no_attrition_no_department,isotonic,10,848,3,3,9.75609746579417e-09,0.85365852825699,0.14634146198691256
manuscript_final_20260712T175019Z_c664ef152ff3,c664ef152ff3a9eef89c53a403b9c2e6f677340bea0307b02d97d07cc54bdfc3,no_salary_hike_no_attrition_no_department,isotonic,10,878,2,2,0.9705882258737026,9.705882258737026e-09,0.02941176442041523
manuscript_final_20260712T175019Z_c664ef152ff3,c664ef152ff3a9eef89c53a403b9c2e6f677340bea0307b02d97d07cc54bdfc3,no_salary_hike_no_attrition_no_department,isotonic,10,882,3,3,1.024836590804289e-08,0.8993463960119271,0.10065359373970696
manuscript_final_20260712T175019Z_c664ef152ff3,c664ef152ff3a9eef89c53a403b9c2e6f677340bea0307b02d97d07cc54bdfc3,no_salary_hike_no_attrition_no_department,isotonic,10,891,4,3,1.024836590804289e-08,0.8993463960119271,0.10065359373970696
manuscript_final_20260712T175019Z_c664ef152ff3,c664ef152ff3a9eef89c53a403b9c2e6f677340bea0307b02d97d07cc54bdfc3,no_salary_hike_no_attrition_no_department,isotonic,10,896,3,3,0.10222975616116833,0.807406441517799,0.09036380232103272
manuscript_final_20260712T175019Z_c664ef152ff3,c664ef152ff3a9eef89c53a403b9c2e6f677340bea0307b02d97d07cc54bdfc3,no_salary_hike_no_attrition_no_department,isotonic,10,900,2,2,0.8088235294117647,0.16176470588235295,0.029411764705882356
manuscript_final_20260712T175019Z_c664ef152ff3,c664ef152ff3a9eef89c53a403b9c2e6f677340bea0307b02d97d07cc54bdfc3,no_salary_hike_no_attrition_no_department,isotonic,10,911,2,2,0.8333333250000001,0.16666666500000002,9.999999900000002e-09
manuscript_final_20260712T175019Z_c664ef152ff3,c664ef152ff3a9eef89c53a403b9c2e6f677340bea0307b02d97d07cc54bdfc3,no_salary_hike_no_attrition_no_department,isotonic,10,920,3,3,1.024836590804289e-08,0.8993463960119271,0.10065359373970696
manuscript_final_20260712T175019Z_c664ef152ff3,c664ef152ff3a9eef89c53a403b9c2e6f677340bea0307b02d97d07cc54bdfc3,no_salary_hike_no_attrition_no_department,isotonic,10,923,3,3,1.024836590804289e-08,0.8993463960119271,0.10065359373970696
manuscript_final_20260712T175019Z_c664ef152ff3,c664ef152ff3a9eef89c53a403b9c2e6f677340bea0307b02d97d07cc54bdfc3,no_salary_hike_no_attrition_no_department,isotonic,10,925,3,2,0.9617939233237158,0.038206067058344936,9.617939233237159e-09
manuscript_final_20260712T175019Z_c664ef152ff3,c664ef152ff3a9eef89c53a403b9c2e6f677340bea0307b02d97d07cc54bdfc3,no_salary_hike_no_attrition_no_department,isotonic,10,930,3,3,0.10222975616116833,0.807406441517799,0.09036380232103272
manuscript_final_20260712T175019Z_c664ef152ff3,c664ef152ff3a9eef89c53a403b9c2e6f677340bea0307b02d97d07cc54bdfc3,no_salary_hike_no_attrition_no_department,isotonic,10,943,3,4,1.3999999804000003e-08,0.2999999958000001,0.6999999902000001
manuscript_final_20260712T175019Z_c664ef152ff3,c664ef152ff3a9eef89c53a403b9c2e6f677340bea0307b02d97d07cc54bdfc3,no_salary_hike_no_attrition_no_department,isotonic,10,965,3,3,1.024836590804289e-08,0.8993463960119271,0.10065359373970696
manuscript_final_20260712T175019Z_c664ef152ff3,c664ef152ff3a9eef89c53a403b9c2e6f677340bea0307b02d97d07cc54bdfc3,no_salary_hike_no_attrition_no_department,isotonic,10,971,4,3,1.024836590804289e-08,0.8993463960119271,0.10065359373970696
manuscript_final_20260712T175019Z_c664ef152ff3,c664ef152ff3a9eef89c53a403b9c2e6f677340bea0307b02d97d07cc54bdfc3,no_salary_hike_no_attrition_no_department,isotonic,10,974,3,3,1.024836590804289e-08,0.8993463960119271,0.10065359373970696
manuscript_final_20260712T175019Z_c664ef152ff3,c664ef152ff3a9eef89c53a403b9c2e6f677340bea0307b02d97d07cc54bdfc3,no_salary_hike_no_attrition_no_department,isotonic,10,975,3,3,1.024836590804289e-08,0.8993463960119271,0.10065359373970696
manuscript_final_20260712T175019Z_c664ef152ff3,c664ef152ff3a9eef89c53a403b9c2e6f677340bea0307b02d97d07cc54bdfc3,no_salary_hike_no_attrition_no_department,isotonic,10,976,3,3,0.10222975616116833,0.807406441517799,0.09036380232103272
manuscript_final_20260712T175019Z_c664ef152ff3,c664ef152ff3a9eef89c53a403b9c2e6f677340bea0307b02d97d07cc54bdfc3,no_salary_hike_no_attrition_no_department,isotonic,10,983,3,3,1.024836590804289e-08,0.8993463960119271,0.10065359373970696
manuscript_final_20260712T175019Z_c664ef152ff3,c664ef152ff3a9eef89c53a403b9c2e6f677340bea0307b02d97d07cc54bdfc3,no_salary_hike_no_attrition_no_department,isotonic,10,1001,3,3,1.024836590804289e-08,0.8993463960119271,0.10065359373970696
manuscript_final_20260712T175019Z_c664ef152ff3,c664ef152ff3a9eef89c53a403b9c2e6f677340bea0307b02d97d07cc54bdfc3,no_salary_hike_no_attrition_no_department,isotonic,10,1003,3,3,1.024836590804289e-08,0.8993463960119271,0.10065359373970696
manuscript_final_20260712T175019Z_c664ef152ff3,c664ef152ff3a9eef89c53a403b9c2e6f677340bea0307b02d97d07cc54bdfc3,no_salary_hike_no_attrition_no_department,isotonic,10,1021,3,3,9.705882258737026e-09,0.9705882258737026,0.02941176442041523
manuscript_final_20260712T175019Z_c664ef152ff3,c664ef152ff3a9eef89c53a403b9c2e6f677340bea0307b02d97d07cc54bdfc3,no_salary_hike_no_attrition_no_department,isotonic,10,1053,3,3,1.024836590804289e-08,0.8993463960119271,0.10065359373970696
manuscript_final_20260712T175019Z_c664ef152ff3,c664ef152ff3a9eef89c53a403b9c2e6f677340bea0307b02d97d07cc54bdfc3,no_salary_hike_no_attrition_no_department,isotonic,10,1061,2,2,0.9705882258737026,9.705882258737026e-09,0.02941176442041523
manuscript_final_20260712T175019Z_c664ef152ff3,c664ef152ff3a9eef89c53a403b9c2e6f677340bea0307b02d97d07cc54bdfc3,no_salary_hike_no_attrition_no_department,isotonic,10,1065,2,2,0.7588075880758808,0.15176151761517612,0.08943089430894308
manuscript_final_20260712T175019Z_c664ef152ff3,c664ef152ff3a9eef89c53a403b9c2e6f677340bea0307b02d97d07cc54bdfc3,no_salary_hike_no_attrition_no_department,isotonic,10,1080,3,3,0.10247026532479413,0.8069533394327538,0.09057639524245195
manuscript_final_20260712T175019Z_c664ef152ff3,c664ef152ff3a9eef89c53a403b9c2e6f677340bea0307b02d97d07cc54bdfc3,no_salary_hike_no_attrition_no_department,isotonic,10,1102,3,3,9.473684120775625e-09,0.9473684120775624,0.05263157844875346
manuscript_final_20260712T175019Z_c664ef152ff3,c664ef152ff3a9eef89c53a403b9c2e6f677340bea0307b02d97d07cc54bdfc3,no_salary_hike_no_attrition_no_department,isotonic,10,1125,2,3,0.11516828633290657,0.7830311748549706,0.10180053881212278
manuscript_final_20260712T175019Z_c664ef152ff3,c664ef152ff3a9eef89c53a403b9c2e6f677340bea0307b02d97d07cc54bdfc3,no_salary_hike_no_attrition_no_department,isotonic,10,1127,3,3,1.024836590804289e-08,0.8993463960119271,0.10065359373970696
manuscript_final_20260712T175019Z_c664ef152ff3,c664ef152ff3a9eef89c53a403b9c2e6f677340bea0307b02d97d07cc54bdfc3,no_salary_hike_no_attrition_no_department,isotonic,10,1129,3,3,1.024836590804289e-08,0.8993463960119271,0.10065359373970696
manuscript_final_20260712T175019Z_c664ef152ff3,c664ef152ff3a9eef89c53a403b9c2e6f677340bea0307b02d97d07cc54bdfc3,no_salary_hike_no_attrition_no_department,isotonic,10,1131,3,2,0.7154471544715446,0.19512195121951217,0.08943089430894308
manuscript_final_20260712T175019Z_c664ef152ff3,c664ef152ff3a9eef89c53a403b9c2e6f677340bea0307b02d97d07cc54bdfc3,no_salary_hike_no_attrition_no_department,isotonic,10,1168,3,3,1.024836590804289e-08,0.8993463960119271,0.10065359373970696
manuscript_final_20260712T175019Z_c664ef152ff3,c664ef152ff3a9eef89c53a403b9c2e6f677340bea0307b02d97d07cc54bdfc3,no_salary_hike_no_attrition_no_department,isotonic,10,1180,4,3,9.9999999e-09,0.799999992,0.199999998
manuscript_final_20260712T175019Z_c664ef152ff3,c664ef152ff3a9eef89c53a403b9c2e6f677340bea0307b02d97d07cc54bdfc3,no_salary_hike_no_attrition_no_department,isotonic,10,1196,3,3,9.75609746579417e-09,0.85365852825699,0.14634146198691256
