dataset,target_kind,task_type,policy,model,n_rows,n_features,labels,accuracy,balanced_accuracy,macro_f1,weighted_f1,macro_precision,weighted_precision,macro_recall,weighted_recall,ordinal_mae,quadratic_weighted_kappa,adjacent_accuracy,severe_error_rate,nll_log_loss,multiclass_brier,ece_confidence
ibm_hr_analytics,primary,restricted_ordinal_performance,department_including,xgboost,1470,25,3;4,0.8401360544217688,0.5000035568961102,0.46486579432071495,0.7752030199769886,0.5000527955229397,0.7398067827521696,0.5000035568961102,0.8401360544217688,0.1598639455782313,1.1578965650849149e-05,1.0,0.0,0.4955196232720997,0.2855326131853372,0.07770980645284042
ibm_hr_analytics,primary,restricted_ordinal_performance,department_free,xgboost,1470,24,3;4,0.8387755102040816,0.49738923825512904,0.46031146065535933,0.7732898541895585,0.4612480861622934,0.7273996912000639,0.49738923825512904,0.8387755102040816,0.16122448979591836,-0.008498960787832965,1.0,0.0,0.4978445226753214,0.28691916587966626,0.08217666179785293
ibm_hr_analytics,primary,restricted_ordinal_performance,department_job_role_free,xgboost,1470,19,3;4,0.8408163265306122,0.5022159462766411,0.4691666666666667,0.7767596371882087,0.5305631868131868,0.7495907154070418,0.5022159462766411,0.8408163265306122,0.15918367346938775,0.007192500404073043,1.0,0.0,0.4881338065788207,0.28336588456408907,0.0795006240003614
