attribute,group_value,n_samples,sample_share,n_true_classes,n_pred_classes,true_class_distribution,pred_class_distribution,accuracy,weighted_f1,macro_f1,weighted_precision,macro_precision,weighted_recall,macro_recall,ordinal_mae,balanced_accuracy,quadratic_weighted_kappa
BusinessTravelFrequency,Travel_Rarely,176,0.7333333333333333,3,3,"{""2"": 30, ""3"": 127, ""4"": 19}","{""2"": 28, ""3"": 133, ""4"": 15}",0.9375,0.9360349969503112,0.9019867894107244,0.938333048530417,0.9442355889724311,0.9375,0.8690196620159322,0.06818181818181818,0.8690196620159322,0.8450899031811895
BusinessTravelFrequency,Travel_Frequently,36,0.15,3,3,"{""2"": 6, ""3"": 25, ""4"": 5}","{""2"": 6, ""3"": 28, ""4"": 2}",0.9166666666666666,0.9011680143755615,0.8382749326145552,0.925595238095238,0.9642857142857143,0.9166666666666666,0.7999999999999999,0.08333333333333333,0.7999999999999999,0.8402366863905326
BusinessTravelFrequency,Non-Travel,28,0.11666666666666667,3,3,"{""2"": 3, ""3"": 23, ""4"": 2}","{""2"": 2, ""3"": 24, ""4"": 2}",0.9642857142857143,0.9610942249240121,0.926241134751773,0.9657738095238095,0.9861111111111112,0.9642857142857143,0.8888888888888888,0.03571428571428571,0.8888888888888888,0.8888888888888888
