attribute,group_value,n_samples,sample_share,n_true_classes,n_pred_classes,true_class_distribution,pred_class_distribution,accuracy,weighted_f1,macro_f1,weighted_precision,macro_precision,weighted_recall,macro_recall,ordinal_mae,balanced_accuracy,quadratic_weighted_kappa
EducationBackground,Life Sciences,96,0.4,3,3,"{""2"": 11, ""3"": 74, ""4"": 11}","{""2"": 9, ""3"": 78, ""4"": 9}",0.9583333333333334,0.9567982456140353,0.9245614035087719,0.9604700854700855,0.982905982905983,0.9583333333333334,0.8787878787878789,0.041666666666666664,0.8787878787878789,0.9
EducationBackground,Medical,72,0.3,3,3,"{""2"": 12, ""3"": 52, ""4"": 8}","{""2"": 10, ""3"": 57, ""4"": 5}",0.9166666666666666,0.9109264843209799,0.8471803425931866,0.919980506822612,0.9374269005847954,0.9166666666666666,0.7916666666666666,0.09722222222222222,0.7916666666666666,0.7387096774193549
EducationBackground,Marketing,26,0.10833333333333334,3,3,"{""2"": 9, ""3"": 13, ""4"": 4}","{""2"": 10, ""3"": 13, ""4"": 3}",0.8461538461538461,0.8464430306535569,0.8484673221515328,0.8538461538461538,0.882051282051282,0.8461538461538461,0.8283475783475783,0.15384615384615385,0.8283475783475783,0.8283828382838284
EducationBackground,Technical Degree,21,0.0875,2,2,"{""2"": 6, ""3"": 15}","{""2"": 6, ""3"": 15}",1.0,1.0,1.0,1.0,1.0,1.0,1.0,0.0,1.0,1.0
EducationBackground,Other,20,0.08333333333333333,3,3,"{""2"": 1, ""3"": 18, ""4"": 1}","{""2"": 1, ""3"": 18, ""4"": 1}",1.0,1.0,1.0,1.0,1.0,1.0,1.0,0.0,1.0,1.0
EducationBackground,Human Resources,5,0.020833333333333332,2,2,"{""3"": 3, ""4"": 2}","{""3"": 4, ""4"": 1}",0.8,0.7809523809523808,0.7619047619047619,0.85,0.875,0.8,0.75,0.2,0.75,0.5454545454545454
