attribute,group_value,n_samples,sample_share,n_true_classes,n_pred_classes,true_class_distribution,pred_class_distribution,accuracy,weighted_f1,macro_f1,weighted_precision,macro_precision,weighted_recall,macro_recall,ordinal_mae,balanced_accuracy,quadratic_weighted_kappa
EmpDepartment,Sales,78,0.325,3,3,"{""2"": 17, ""3"": 54, ""4"": 7}","{""2"": 18, ""3"": 55, ""4"": 5}",0.9230769230769231,0.9221499703151079,0.881534876947721,0.9259129759129758,0.9262626262626262,0.9230769230769231,0.8532005394750493,0.08974358974358974,0.8532005394750493,0.7938931297709924
EmpDepartment,Development,74,0.30833333333333335,3,2,"{""2"": 3, ""3"": 64, ""4"": 7}","{""3"": 68, ""4"": 6}",0.9459459459459459,0.925974925974926,0.6309246309246309,0.9085850556438791,0.6470588235294118,0.9459459459459459,0.6190476190476191,0.05405405405405406,0.6190476190476191,0.7394366197183099
EmpDepartment,Research & Development,68,0.2833333333333333,3,3,"{""2"": 15, ""3"": 44, ""4"": 9}","{""2"": 14, ""3"": 48, ""4"": 6}",0.9411764705882353,0.9377899285651293,0.9073463268365817,0.946078431372549,0.9722222222222222,0.9411764705882353,0.8666666666666667,0.058823529411764705,0.8666666666666667,0.9060773480662984
EmpDepartment,Human Resources,10,0.041666666666666664,3,3,"{""2"": 1, ""3"": 6, ""4"": 3}","{""2"": 1, ""3"": 7, ""4"": 2}",0.9,0.8938461538461538,0.9076923076923077,0.9142857142857143,0.9523809523809524,0.9,0.8888888888888888,0.1,0.8888888888888888,0.8484848484848485
EmpDepartment,Finance,8,0.03333333333333333,2,2,"{""2"": 3, ""3"": 5}","{""2"": 3, ""3"": 5}",1.0,1.0,1.0,1.0,1.0,1.0,1.0,0.0,1.0,1.0
EmpDepartment,Data Science,2,0.008333333333333333,1,1,"{""3"": 2}","{""3"": 2}",1.0,1.0,1.0,1.0,1.0,1.0,1.0,0.0,,
