attribute,group_value,n_samples,sample_share,n_true_classes,n_pred_classes,true_class_distribution,pred_class_distribution,accuracy,weighted_f1,macro_f1,weighted_precision,macro_precision,weighted_recall,macro_recall,ordinal_mae,balanced_accuracy,quadratic_weighted_kappa
Gender,Male,144,0.6,3,3,"{""2"": 27, ""3"": 102, ""4"": 15}","{""2"": 24, ""3"": 110, ""4"": 10}",0.9166666666666666,0.9133370329263781,0.8687137748181034,0.9199810606060606,0.9419191919191919,0.9166666666666666,0.8206245461147422,0.08333333333333333,0.8206245461147422,0.83710407239819
Gender,Female,96,0.4,3,3,"{""2"": 12, ""3"": 73, ""4"": 11}","{""2"": 12, ""3"": 75, ""4"": 9}",0.96875,0.9678490990990992,0.9343843843843844,0.9693055555555556,0.9633333333333334,0.96875,0.9116161616161617,0.041666666666666664,0.9116161616161617,0.8634423897581792
