attribute,group_value,n_samples,sample_share,n_true_classes,n_pred_classes,true_class_distribution,pred_class_distribution,accuracy,weighted_f1,macro_f1,weighted_precision,macro_precision,weighted_recall,macro_recall,ordinal_mae,balanced_accuracy,quadratic_weighted_kappa
MaritalStatus,Married,105,0.4375,3,3,"{""2"": 22, ""3"": 77, ""4"": 6}","{""2"": 20, ""3"": 79, ""4"": 6}",0.9428571428571428,0.9418628990057563,0.9395604395604394,0.9419168173598553,0.949789029535865,0.9428571428571428,0.9307359307359307,0.05714285714285714,0.9307359307359307,0.8793565683646113
MaritalStatus,Single,75,0.3125,3,3,"{""2"": 7, ""3"": 53, ""4"": 15}","{""2"": 7, ""3"": 57, ""4"": 11}",0.9466666666666667,0.9435337995337995,0.9365967365967366,0.9504093567251463,0.9766081871345028,0.9466666666666667,0.9111111111111111,0.05333333333333334,0.9111111111111111,0.8978201634877384
MaritalStatus,Divorced,60,0.25,3,3,"{""2"": 10, ""3"": 45, ""4"": 5}","{""2"": 9, ""3"": 49, ""4"": 2}",0.9166666666666666,0.9060550311950087,0.7903268810323683,0.9202569916855633,0.9357520786092214,0.9166666666666666,0.7333333333333334,0.1,0.7333333333333334,0.6778523489932886
