run_id,config_hash,scientific_input_hash,source_tree_hash,record_type,source_path,fold_contract_hash,policy,model,model_set_sha256,outer_fold,model_sha256,selected_candidate_index,feature,rank,mean_abs_grouped_shap,outer_fold_a,outer_fold_b,model_sha256_a,model_sha256_b,top_k,top_k_jaccard,spearman_all_features,n_outer_folds,n_fold_pairs,jaccard_mean,jaccard_std,jaccard_median,jaccard_min,jaccard_max,spearman_mean,spearman_std,spearman_median,spearman_min,spearman_max,fold_pair_independence_assumed,confidence_interval_applicable,uncertainty_type,n_samples,confidence_interval_for_fold_pairs,attribution_warning
canonical_v2_20260714T221501Z_483f96f,51415c2ce68c89d9ce2b042b0a7a811fe3e98180b72460006f9d0465f6bf49b7,06c507bee525ea1daca43b61249764007d4d8baaa05c9333f23446ea723ce160,f1e358e99914563305428cece1b1595bc76a58643184407ec5b222162d650332,fold_ranking,oof_shap/fold_feature_rankings.csv,c1300316fe5baec24e789c06aec35dd4f283fa4843b71c7aab1edbf4818f8e91,no_salary_hike_no_attrition_no_department,xgboost,d483d8ddb93a47a99a2eab54fe3d138d8f614798dd418bca860ea3f20c813f51,1.0,b02e851258e84d432bcdf7286e6c7464654cd9d936af54fa0f57494cd766f2ac,3.0,EmpEnvironmentSatisfaction,1.0,1.1049899174210926,,,,,,,,,,,,,,,,,,,,,,,,,
canonical_v2_20260714T221501Z_483f96f,51415c2ce68c89d9ce2b042b0a7a811fe3e98180b72460006f9d0465f6bf49b7,06c507bee525ea1daca43b61249764007d4d8baaa05c9333f23446ea723ce160,f1e358e99914563305428cece1b1595bc76a58643184407ec5b222162d650332,fold_ranking,oof_shap/fold_feature_rankings.csv,c1300316fe5baec24e789c06aec35dd4f283fa4843b71c7aab1edbf4818f8e91,no_salary_hike_no_attrition_no_department,xgboost,d483d8ddb93a47a99a2eab54fe3d138d8f614798dd418bca860ea3f20c813f51,1.0,b02e851258e84d432bcdf7286e6c7464654cd9d936af54fa0f57494cd766f2ac,3.0,YearsSinceLastPromotion,2.0,0.4839851995205713,,,,,,,,,,,,,,,,,,,,,,,,,
canonical_v2_20260714T221501Z_483f96f,51415c2ce68c89d9ce2b042b0a7a811fe3e98180b72460006f9d0465f6bf49b7,06c507bee525ea1daca43b61249764007d4d8baaa05c9333f23446ea723ce160,f1e358e99914563305428cece1b1595bc76a58643184407ec5b222162d650332,fold_ranking,oof_shap/fold_feature_rankings.csv,c1300316fe5baec24e789c06aec35dd4f283fa4843b71c7aab1edbf4818f8e91,no_salary_hike_no_attrition_no_department,xgboost,d483d8ddb93a47a99a2eab54fe3d138d8f614798dd418bca860ea3f20c813f51,1.0,b02e851258e84d432bcdf7286e6c7464654cd9d936af54fa0f57494cd766f2ac,3.0,EmpJobRole,3.0,0.2821937723124493,,,,,,,,,,,,,,,,,,,,,,,,,
canonical_v2_20260714T221501Z_483f96f,51415c2ce68c89d9ce2b042b0a7a811fe3e98180b72460006f9d0465f6bf49b7,06c507bee525ea1daca43b61249764007d4d8baaa05c9333f23446ea723ce160,f1e358e99914563305428cece1b1595bc76a58643184407ec5b222162d650332,fold_ranking,oof_shap/fold_feature_rankings.csv,c1300316fe5baec24e789c06aec35dd4f283fa4843b71c7aab1edbf4818f8e91,no_salary_hike_no_attrition_no_department,xgboost,d483d8ddb93a47a99a2eab54fe3d138d8f614798dd418bca860ea3f20c813f51,1.0,b02e851258e84d432bcdf7286e6c7464654cd9d936af54fa0f57494cd766f2ac,3.0,EmpWorkLifeBalance,4.0,0.2237258296522971,,,,,,,,,,,,,,,,,,,,,,,,,
canonical_v2_20260714T221501Z_483f96f,51415c2ce68c89d9ce2b042b0a7a811fe3e98180b72460006f9d0465f6bf49b7,06c507bee525ea1daca43b61249764007d4d8baaa05c9333f23446ea723ce160,f1e358e99914563305428cece1b1595bc76a58643184407ec5b222162d650332,fold_ranking,oof_shap/fold_feature_rankings.csv,c1300316fe5baec24e789c06aec35dd4f283fa4843b71c7aab1edbf4818f8e91,no_salary_hike_no_attrition_no_department,xgboost,d483d8ddb93a47a99a2eab54fe3d138d8f614798dd418bca860ea3f20c813f51,1.0,b02e851258e84d432bcdf7286e6c7464654cd9d936af54fa0f57494cd766f2ac,3.0,ExperienceYearsInCurrentRole,5.0,0.1917823493044124,,,,,,,,,,,,,,,,,,,,,,,,,
canonical_v2_20260714T221501Z_483f96f,51415c2ce68c89d9ce2b042b0a7a811fe3e98180b72460006f9d0465f6bf49b7,06c507bee525ea1daca43b61249764007d4d8baaa05c9333f23446ea723ce160,f1e358e99914563305428cece1b1595bc76a58643184407ec5b222162d650332,fold_ranking,oof_shap/fold_feature_rankings.csv,c1300316fe5baec24e789c06aec35dd4f283fa4843b71c7aab1edbf4818f8e91,no_salary_hike_no_attrition_no_department,xgboost,d483d8ddb93a47a99a2eab54fe3d138d8f614798dd418bca860ea3f20c813f51,1.0,b02e851258e84d432bcdf7286e6c7464654cd9d936af54fa0f57494cd766f2ac,3.0,EmpHourlyRate,6.0,0.1199819635852084,,,,,,,,,,,,,,,,,,,,,,,,,
canonical_v2_20260714T221501Z_483f96f,51415c2ce68c89d9ce2b042b0a7a811fe3e98180b72460006f9d0465f6bf49b7,06c507bee525ea1daca43b61249764007d4d8baaa05c9333f23446ea723ce160,f1e358e99914563305428cece1b1595bc76a58643184407ec5b222162d650332,fold_ranking,oof_shap/fold_feature_rankings.csv,c1300316fe5baec24e789c06aec35dd4f283fa4843b71c7aab1edbf4818f8e91,no_salary_hike_no_attrition_no_department,xgboost,d483d8ddb93a47a99a2eab54fe3d138d8f614798dd418bca860ea3f20c813f51,1.0,b02e851258e84d432bcdf7286e6c7464654cd9d936af54fa0f57494cd766f2ac,3.0,YearsWithCurrManager,7.0,0.1186776299960911,,,,,,,,,,,,,,,,,,,,,,,,,
canonical_v2_20260714T221501Z_483f96f,51415c2ce68c89d9ce2b042b0a7a811fe3e98180b72460006f9d0465f6bf49b7,06c507bee525ea1daca43b61249764007d4d8baaa05c9333f23446ea723ce160,f1e358e99914563305428cece1b1595bc76a58643184407ec5b222162d650332,fold_ranking,oof_shap/fold_feature_rankings.csv,c1300316fe5baec24e789c06aec35dd4f283fa4843b71c7aab1edbf4818f8e91,no_salary_hike_no_attrition_no_department,xgboost,d483d8ddb93a47a99a2eab54fe3d138d8f614798dd418bca860ea3f20c813f51,1.0,b02e851258e84d432bcdf7286e6c7464654cd9d936af54fa0f57494cd766f2ac,3.0,TotalWorkExperienceInYears,8.0,0.0845531410983918,,,,,,,,,,,,,,,,,,,,,,,,,
canonical_v2_20260714T221501Z_483f96f,51415c2ce68c89d9ce2b042b0a7a811fe3e98180b72460006f9d0465f6bf49b7,06c507bee525ea1daca43b61249764007d4d8baaa05c9333f23446ea723ce160,f1e358e99914563305428cece1b1595bc76a58643184407ec5b222162d650332,fold_ranking,oof_shap/fold_feature_rankings.csv,c1300316fe5baec24e789c06aec35dd4f283fa4843b71c7aab1edbf4818f8e91,no_salary_hike_no_attrition_no_department,xgboost,d483d8ddb93a47a99a2eab54fe3d138d8f614798dd418bca860ea3f20c813f51,1.0,b02e851258e84d432bcdf7286e6c7464654cd9d936af54fa0f57494cd766f2ac,3.0,EmpEducationLevel,9.0,0.0818069498804915,,,,,,,,,,,,,,,,,,,,,,,,,
canonical_v2_20260714T221501Z_483f96f,51415c2ce68c89d9ce2b042b0a7a811fe3e98180b72460006f9d0465f6bf49b7,06c507bee525ea1daca43b61249764007d4d8baaa05c9333f23446ea723ce160,f1e358e99914563305428cece1b1595bc76a58643184407ec5b222162d650332,fold_ranking,oof_shap/fold_feature_rankings.csv,c1300316fe5baec24e789c06aec35dd4f283fa4843b71c7aab1edbf4818f8e91,no_salary_hike_no_attrition_no_department,xgboost,d483d8ddb93a47a99a2eab54fe3d138d8f614798dd418bca860ea3f20c813f51,1.0,b02e851258e84d432bcdf7286e6c7464654cd9d936af54fa0f57494cd766f2ac,3.0,BusinessTravelFrequency,10.0,0.0779954420614457,,,,,,,,,,,,,,,,,,,,,,,,,
canonical_v2_20260714T221501Z_483f96f,51415c2ce68c89d9ce2b042b0a7a811fe3e98180b72460006f9d0465f6bf49b7,06c507bee525ea1daca43b61249764007d4d8baaa05c9333f23446ea723ce160,f1e358e99914563305428cece1b1595bc76a58643184407ec5b222162d650332,fold_ranking,oof_shap/fold_feature_rankings.csv,c1300316fe5baec24e789c06aec35dd4f283fa4843b71c7aab1edbf4818f8e91,no_salary_hike_no_attrition_no_department,xgboost,d483d8ddb93a47a99a2eab54fe3d138d8f614798dd418bca860ea3f20c813f51,1.0,b02e851258e84d432bcdf7286e6c7464654cd9d936af54fa0f57494cd766f2ac,3.0,EmpJobSatisfaction,11.0,0.0676661354099956,,,,,,,,,,,,,,,,,,,,,,,,,
canonical_v2_20260714T221501Z_483f96f,51415c2ce68c89d9ce2b042b0a7a811fe3e98180b72460006f9d0465f6bf49b7,06c507bee525ea1daca43b61249764007d4d8baaa05c9333f23446ea723ce160,f1e358e99914563305428cece1b1595bc76a58643184407ec5b222162d650332,fold_ranking,oof_shap/fold_feature_rankings.csv,c1300316fe5baec24e789c06aec35dd4f283fa4843b71c7aab1edbf4818f8e91,no_salary_hike_no_attrition_no_department,xgboost,d483d8ddb93a47a99a2eab54fe3d138d8f614798dd418bca860ea3f20c813f51,1.0,b02e851258e84d432bcdf7286e6c7464654cd9d936af54fa0f57494cd766f2ac,3.0,TrainingTimesLastYear,12.0,0.0672374540998134,,,,,,,,,,,,,,,,,,,,,,,,,
canonical_v2_20260714T221501Z_483f96f,51415c2ce68c89d9ce2b042b0a7a811fe3e98180b72460006f9d0465f6bf49b7,06c507bee525ea1daca43b61249764007d4d8baaa05c9333f23446ea723ce160,f1e358e99914563305428cece1b1595bc76a58643184407ec5b222162d650332,fold_ranking,oof_shap/fold_feature_rankings.csv,c1300316fe5baec24e789c06aec35dd4f283fa4843b71c7aab1edbf4818f8e91,no_salary_hike_no_attrition_no_department,xgboost,d483d8ddb93a47a99a2eab54fe3d138d8f614798dd418bca860ea3f20c813f51,1.0,b02e851258e84d432bcdf7286e6c7464654cd9d936af54fa0f57494cd766f2ac,3.0,NumCompaniesWorked,13.0,0.058496670033815,,,,,,,,,,,,,,,,,,,,,,,,,
canonical_v2_20260714T221501Z_483f96f,51415c2ce68c89d9ce2b042b0a7a811fe3e98180b72460006f9d0465f6bf49b7,06c507bee525ea1daca43b61249764007d4d8baaa05c9333f23446ea723ce160,f1e358e99914563305428cece1b1595bc76a58643184407ec5b222162d650332,fold_ranking,oof_shap/fold_feature_rankings.csv,c1300316fe5baec24e789c06aec35dd4f283fa4843b71c7aab1edbf4818f8e91,no_salary_hike_no_attrition_no_department,xgboost,d483d8ddb93a47a99a2eab54fe3d138d8f614798dd418bca860ea3f20c813f51,1.0,b02e851258e84d432bcdf7286e6c7464654cd9d936af54fa0f57494cd766f2ac,3.0,ExperienceYearsAtThisCompany,14.0,0.0556083943277675,,,,,,,,,,,,,,,,,,,,,,,,,
canonical_v2_20260714T221501Z_483f96f,51415c2ce68c89d9ce2b042b0a7a811fe3e98180b72460006f9d0465f6bf49b7,06c507bee525ea1daca43b61249764007d4d8baaa05c9333f23446ea723ce160,f1e358e99914563305428cece1b1595bc76a58643184407ec5b222162d650332,fold_ranking,oof_shap/fold_feature_rankings.csv,c1300316fe5baec24e789c06aec35dd4f283fa4843b71c7aab1edbf4818f8e91,no_salary_hike_no_attrition_no_department,xgboost,d483d8ddb93a47a99a2eab54fe3d138d8f614798dd418bca860ea3f20c813f51,1.0,b02e851258e84d432bcdf7286e6c7464654cd9d936af54fa0f57494cd766f2ac,3.0,DistanceFromHome,15.0,0.0509141281716034,,,,,,,,,,,,,,,,,,,,,,,,,
canonical_v2_20260714T221501Z_483f96f,51415c2ce68c89d9ce2b042b0a7a811fe3e98180b72460006f9d0465f6bf49b7,06c507bee525ea1daca43b61249764007d4d8baaa05c9333f23446ea723ce160,f1e358e99914563305428cece1b1595bc76a58643184407ec5b222162d650332,fold_ranking,oof_shap/fold_feature_rankings.csv,c1300316fe5baec24e789c06aec35dd4f283fa4843b71c7aab1edbf4818f8e91,no_salary_hike_no_attrition_no_department,xgboost,d483d8ddb93a47a99a2eab54fe3d138d8f614798dd418bca860ea3f20c813f51,1.0,b02e851258e84d432bcdf7286e6c7464654cd9d936af54fa0f57494cd766f2ac,3.0,EducationBackground,16.0,0.0465679211014099,,,,,,,,,,,,,,,,,,,,,,,,,
canonical_v2_20260714T221501Z_483f96f,51415c2ce68c89d9ce2b042b0a7a811fe3e98180b72460006f9d0465f6bf49b7,06c507bee525ea1daca43b61249764007d4d8baaa05c9333f23446ea723ce160,f1e358e99914563305428cece1b1595bc76a58643184407ec5b222162d650332,fold_ranking,oof_shap/fold_feature_rankings.csv,c1300316fe5baec24e789c06aec35dd4f283fa4843b71c7aab1edbf4818f8e91,no_salary_hike_no_attrition_no_department,xgboost,d483d8ddb93a47a99a2eab54fe3d138d8f614798dd418bca860ea3f20c813f51,1.0,b02e851258e84d432bcdf7286e6c7464654cd9d936af54fa0f57494cd766f2ac,3.0,OverTime,17.0,0.0424142370228461,,,,,,,,,,,,,,,,,,,,,,,,,
canonical_v2_20260714T221501Z_483f96f,51415c2ce68c89d9ce2b042b0a7a811fe3e98180b72460006f9d0465f6bf49b7,06c507bee525ea1daca43b61249764007d4d8baaa05c9333f23446ea723ce160,f1e358e99914563305428cece1b1595bc76a58643184407ec5b222162d650332,fold_ranking,oof_shap/fold_feature_rankings.csv,c1300316fe5baec24e789c06aec35dd4f283fa4843b71c7aab1edbf4818f8e91,no_salary_hike_no_attrition_no_department,xgboost,d483d8ddb93a47a99a2eab54fe3d138d8f614798dd418bca860ea3f20c813f51,1.0,b02e851258e84d432bcdf7286e6c7464654cd9d936af54fa0f57494cd766f2ac,3.0,EmpJobLevel,18.0,0.0405246873271405,,,,,,,,,,,,,,,,,,,,,,,,,
canonical_v2_20260714T221501Z_483f96f,51415c2ce68c89d9ce2b042b0a7a811fe3e98180b72460006f9d0465f6bf49b7,06c507bee525ea1daca43b61249764007d4d8baaa05c9333f23446ea723ce160,f1e358e99914563305428cece1b1595bc76a58643184407ec5b222162d650332,fold_ranking,oof_shap/fold_feature_rankings.csv,c1300316fe5baec24e789c06aec35dd4f283fa4843b71c7aab1edbf4818f8e91,no_salary_hike_no_attrition_no_department,xgboost,d483d8ddb93a47a99a2eab54fe3d138d8f614798dd418bca860ea3f20c813f51,1.0,b02e851258e84d432bcdf7286e6c7464654cd9d936af54fa0f57494cd766f2ac,3.0,EmpJobInvolvement,19.0,0.0328034777242767,,,,,,,,,,,,,,,,,,,,,,,,,
canonical_v2_20260714T221501Z_483f96f,51415c2ce68c89d9ce2b042b0a7a811fe3e98180b72460006f9d0465f6bf49b7,06c507bee525ea1daca43b61249764007d4d8baaa05c9333f23446ea723ce160,f1e358e99914563305428cece1b1595bc76a58643184407ec5b222162d650332,fold_ranking,oof_shap/fold_feature_rankings.csv,c1300316fe5baec24e789c06aec35dd4f283fa4843b71c7aab1edbf4818f8e91,no_salary_hike_no_attrition_no_department,xgboost,d483d8ddb93a47a99a2eab54fe3d138d8f614798dd418bca860ea3f20c813f51,1.0,b02e851258e84d432bcdf7286e6c7464654cd9d936af54fa0f57494cd766f2ac,3.0,EmpRelationshipSatisfaction,20.0,0.0295221330796064,,,,,,,,,,,,,,,,,,,,,,,,,
canonical_v2_20260714T221501Z_483f96f,51415c2ce68c89d9ce2b042b0a7a811fe3e98180b72460006f9d0465f6bf49b7,06c507bee525ea1daca43b61249764007d4d8baaa05c9333f23446ea723ce160,f1e358e99914563305428cece1b1595bc76a58643184407ec5b222162d650332,fold_ranking,oof_shap/fold_feature_rankings.csv,c1300316fe5baec24e789c06aec35dd4f283fa4843b71c7aab1edbf4818f8e91,no_salary_hike_no_attrition_no_department,xgboost,d483d8ddb93a47a99a2eab54fe3d138d8f614798dd418bca860ea3f20c813f51,2.0,118b396aebf864f54d3c710f9369e7f3bca879602cd413b3635155c73785be15,1.0,EmpEnvironmentSatisfaction,1.0,1.048923306218866,,,,,,,,,,,,,,,,,,,,,,,,,
canonical_v2_20260714T221501Z_483f96f,51415c2ce68c89d9ce2b042b0a7a811fe3e98180b72460006f9d0465f6bf49b7,06c507bee525ea1daca43b61249764007d4d8baaa05c9333f23446ea723ce160,f1e358e99914563305428cece1b1595bc76a58643184407ec5b222162d650332,fold_ranking,oof_shap/fold_feature_rankings.csv,c1300316fe5baec24e789c06aec35dd4f283fa4843b71c7aab1edbf4818f8e91,no_salary_hike_no_attrition_no_department,xgboost,d483d8ddb93a47a99a2eab54fe3d138d8f614798dd418bca860ea3f20c813f51,2.0,118b396aebf864f54d3c710f9369e7f3bca879602cd413b3635155c73785be15,1.0,YearsSinceLastPromotion,2.0,0.5195696850747077,,,,,,,,,,,,,,,,,,,,,,,,,
canonical_v2_20260714T221501Z_483f96f,51415c2ce68c89d9ce2b042b0a7a811fe3e98180b72460006f9d0465f6bf49b7,06c507bee525ea1daca43b61249764007d4d8baaa05c9333f23446ea723ce160,f1e358e99914563305428cece1b1595bc76a58643184407ec5b222162d650332,fold_ranking,oof_shap/fold_feature_rankings.csv,c1300316fe5baec24e789c06aec35dd4f283fa4843b71c7aab1edbf4818f8e91,no_salary_hike_no_attrition_no_department,xgboost,d483d8ddb93a47a99a2eab54fe3d138d8f614798dd418bca860ea3f20c813f51,2.0,118b396aebf864f54d3c710f9369e7f3bca879602cd413b3635155c73785be15,1.0,EmpJobRole,3.0,0.2808446203724088,,,,,,,,,,,,,,,,,,,,,,,,,
canonical_v2_20260714T221501Z_483f96f,51415c2ce68c89d9ce2b042b0a7a811fe3e98180b72460006f9d0465f6bf49b7,06c507bee525ea1daca43b61249764007d4d8baaa05c9333f23446ea723ce160,f1e358e99914563305428cece1b1595bc76a58643184407ec5b222162d650332,fold_ranking,oof_shap/fold_feature_rankings.csv,c1300316fe5baec24e789c06aec35dd4f283fa4843b71c7aab1edbf4818f8e91,no_salary_hike_no_attrition_no_department,xgboost,d483d8ddb93a47a99a2eab54fe3d138d8f614798dd418bca860ea3f20c813f51,2.0,118b396aebf864f54d3c710f9369e7f3bca879602cd413b3635155c73785be15,1.0,ExperienceYearsInCurrentRole,4.0,0.268571032298496,,,,,,,,,,,,,,,,,,,,,,,,,
canonical_v2_20260714T221501Z_483f96f,51415c2ce68c89d9ce2b042b0a7a811fe3e98180b72460006f9d0465f6bf49b7,06c507bee525ea1daca43b61249764007d4d8baaa05c9333f23446ea723ce160,f1e358e99914563305428cece1b1595bc76a58643184407ec5b222162d650332,fold_ranking,oof_shap/fold_feature_rankings.csv,c1300316fe5baec24e789c06aec35dd4f283fa4843b71c7aab1edbf4818f8e91,no_salary_hike_no_attrition_no_department,xgboost,d483d8ddb93a47a99a2eab54fe3d138d8f614798dd418bca860ea3f20c813f51,2.0,118b396aebf864f54d3c710f9369e7f3bca879602cd413b3635155c73785be15,1.0,EmpWorkLifeBalance,5.0,0.2266974761897775,,,,,,,,,,,,,,,,,,,,,,,,,
canonical_v2_20260714T221501Z_483f96f,51415c2ce68c89d9ce2b042b0a7a811fe3e98180b72460006f9d0465f6bf49b7,06c507bee525ea1daca43b61249764007d4d8baaa05c9333f23446ea723ce160,f1e358e99914563305428cece1b1595bc76a58643184407ec5b222162d650332,fold_ranking,oof_shap/fold_feature_rankings.csv,c1300316fe5baec24e789c06aec35dd4f283fa4843b71c7aab1edbf4818f8e91,no_salary_hike_no_attrition_no_department,xgboost,d483d8ddb93a47a99a2eab54fe3d138d8f614798dd418bca860ea3f20c813f51,2.0,118b396aebf864f54d3c710f9369e7f3bca879602cd413b3635155c73785be15,1.0,EmpHourlyRate,6.0,0.1333557401492726,,,,,,,,,,,,,,,,,,,,,,,,,
canonical_v2_20260714T221501Z_483f96f,51415c2ce68c89d9ce2b042b0a7a811fe3e98180b72460006f9d0465f6bf49b7,06c507bee525ea1daca43b61249764007d4d8baaa05c9333f23446ea723ce160,f1e358e99914563305428cece1b1595bc76a58643184407ec5b222162d650332,fold_ranking,oof_shap/fold_feature_rankings.csv,c1300316fe5baec24e789c06aec35dd4f283fa4843b71c7aab1edbf4818f8e91,no_salary_hike_no_attrition_no_department,xgboost,d483d8ddb93a47a99a2eab54fe3d138d8f614798dd418bca860ea3f20c813f51,2.0,118b396aebf864f54d3c710f9369e7f3bca879602cd413b3635155c73785be15,1.0,DistanceFromHome,7.0,0.1085236516795299,,,,,,,,,,,,,,,,,,,,,,,,,
canonical_v2_20260714T221501Z_483f96f,51415c2ce68c89d9ce2b042b0a7a811fe3e98180b72460006f9d0465f6bf49b7,06c507bee525ea1daca43b61249764007d4d8baaa05c9333f23446ea723ce160,f1e358e99914563305428cece1b1595bc76a58643184407ec5b222162d650332,fold_ranking,oof_shap/fold_feature_rankings.csv,c1300316fe5baec24e789c06aec35dd4f283fa4843b71c7aab1edbf4818f8e91,no_salary_hike_no_attrition_no_department,xgboost,d483d8ddb93a47a99a2eab54fe3d138d8f614798dd418bca860ea3f20c813f51,2.0,118b396aebf864f54d3c710f9369e7f3bca879602cd413b3635155c73785be15,1.0,TotalWorkExperienceInYears,8.0,0.074577861348775,,,,,,,,,,,,,,,,,,,,,,,,,
canonical_v2_20260714T221501Z_483f96f,51415c2ce68c89d9ce2b042b0a7a811fe3e98180b72460006f9d0465f6bf49b7,06c507bee525ea1daca43b61249764007d4d8baaa05c9333f23446ea723ce160,f1e358e99914563305428cece1b1595bc76a58643184407ec5b222162d650332,fold_ranking,oof_shap/fold_feature_rankings.csv,c1300316fe5baec24e789c06aec35dd4f283fa4843b71c7aab1edbf4818f8e91,no_salary_hike_no_attrition_no_department,xgboost,d483d8ddb93a47a99a2eab54fe3d138d8f614798dd418bca860ea3f20c813f51,2.0,118b396aebf864f54d3c710f9369e7f3bca879602cd413b3635155c73785be15,1.0,YearsWithCurrManager,9.0,0.0664265905901023,,,,,,,,,,,,,,,,,,,,,,,,,
canonical_v2_20260714T221501Z_483f96f,51415c2ce68c89d9ce2b042b0a7a811fe3e98180b72460006f9d0465f6bf49b7,06c507bee525ea1daca43b61249764007d4d8baaa05c9333f23446ea723ce160,f1e358e99914563305428cece1b1595bc76a58643184407ec5b222162d650332,fold_ranking,oof_shap/fold_feature_rankings.csv,c1300316fe5baec24e789c06aec35dd4f283fa4843b71c7aab1edbf4818f8e91,no_salary_hike_no_attrition_no_department,xgboost,d483d8ddb93a47a99a2eab54fe3d138d8f614798dd418bca860ea3f20c813f51,2.0,118b396aebf864f54d3c710f9369e7f3bca879602cd413b3635155c73785be15,1.0,TrainingTimesLastYear,10.0,0.0623857565754507,,,,,,,,,,,,,,,,,,,,,,,,,
canonical_v2_20260714T221501Z_483f96f,51415c2ce68c89d9ce2b042b0a7a811fe3e98180b72460006f9d0465f6bf49b7,06c507bee525ea1daca43b61249764007d4d8baaa05c9333f23446ea723ce160,f1e358e99914563305428cece1b1595bc76a58643184407ec5b222162d650332,fold_ranking,oof_shap/fold_feature_rankings.csv,c1300316fe5baec24e789c06aec35dd4f283fa4843b71c7aab1edbf4818f8e91,no_salary_hike_no_attrition_no_department,xgboost,d483d8ddb93a47a99a2eab54fe3d138d8f614798dd418bca860ea3f20c813f51,2.0,118b396aebf864f54d3c710f9369e7f3bca879602cd413b3635155c73785be15,1.0,NumCompaniesWorked,11.0,0.0621636491974641,,,,,,,,,,,,,,,,,,,,,,,,,
canonical_v2_20260714T221501Z_483f96f,51415c2ce68c89d9ce2b042b0a7a811fe3e98180b72460006f9d0465f6bf49b7,06c507bee525ea1daca43b61249764007d4d8baaa05c9333f23446ea723ce160,f1e358e99914563305428cece1b1595bc76a58643184407ec5b222162d650332,fold_ranking,oof_shap/fold_feature_rankings.csv,c1300316fe5baec24e789c06aec35dd4f283fa4843b71c7aab1edbf4818f8e91,no_salary_hike_no_attrition_no_department,xgboost,d483d8ddb93a47a99a2eab54fe3d138d8f614798dd418bca860ea3f20c813f51,2.0,118b396aebf864f54d3c710f9369e7f3bca879602cd413b3635155c73785be15,1.0,EmpJobSatisfaction,12.0,0.0594591019486769,,,,,,,,,,,,,,,,,,,,,,,,,
canonical_v2_20260714T221501Z_483f96f,51415c2ce68c89d9ce2b042b0a7a811fe3e98180b72460006f9d0465f6bf49b7,06c507bee525ea1daca43b61249764007d4d8baaa05c9333f23446ea723ce160,f1e358e99914563305428cece1b1595bc76a58643184407ec5b222162d650332,fold_ranking,oof_shap/fold_feature_rankings.csv,c1300316fe5baec24e789c06aec35dd4f283fa4843b71c7aab1edbf4818f8e91,no_salary_hike_no_attrition_no_department,xgboost,d483d8ddb93a47a99a2eab54fe3d138d8f614798dd418bca860ea3f20c813f51,2.0,118b396aebf864f54d3c710f9369e7f3bca879602cd413b3635155c73785be15,1.0,EducationBackground,13.0,0.057977008098189,,,,,,,,,,,,,,,,,,,,,,,,,
canonical_v2_20260714T221501Z_483f96f,51415c2ce68c89d9ce2b042b0a7a811fe3e98180b72460006f9d0465f6bf49b7,06c507bee525ea1daca43b61249764007d4d8baaa05c9333f23446ea723ce160,f1e358e99914563305428cece1b1595bc76a58643184407ec5b222162d650332,fold_ranking,oof_shap/fold_feature_rankings.csv,c1300316fe5baec24e789c06aec35dd4f283fa4843b71c7aab1edbf4818f8e91,no_salary_hike_no_attrition_no_department,xgboost,d483d8ddb93a47a99a2eab54fe3d138d8f614798dd418bca860ea3f20c813f51,2.0,118b396aebf864f54d3c710f9369e7f3bca879602cd413b3635155c73785be15,1.0,BusinessTravelFrequency,14.0,0.0568241509251594,,,,,,,,,,,,,,,,,,,,,,,,,
canonical_v2_20260714T221501Z_483f96f,51415c2ce68c89d9ce2b042b0a7a811fe3e98180b72460006f9d0465f6bf49b7,06c507bee525ea1daca43b61249764007d4d8baaa05c9333f23446ea723ce160,f1e358e99914563305428cece1b1595bc76a58643184407ec5b222162d650332,fold_ranking,oof_shap/fold_feature_rankings.csv,c1300316fe5baec24e789c06aec35dd4f283fa4843b71c7aab1edbf4818f8e91,no_salary_hike_no_attrition_no_department,xgboost,d483d8ddb93a47a99a2eab54fe3d138d8f614798dd418bca860ea3f20c813f51,2.0,118b396aebf864f54d3c710f9369e7f3bca879602cd413b3635155c73785be15,1.0,EmpEducationLevel,15.0,0.0564701340120841,,,,,,,,,,,,,,,,,,,,,,,,,
canonical_v2_20260714T221501Z_483f96f,51415c2ce68c89d9ce2b042b0a7a811fe3e98180b72460006f9d0465f6bf49b7,06c507bee525ea1daca43b61249764007d4d8baaa05c9333f23446ea723ce160,f1e358e99914563305428cece1b1595bc76a58643184407ec5b222162d650332,fold_ranking,oof_shap/fold_feature_rankings.csv,c1300316fe5baec24e789c06aec35dd4f283fa4843b71c7aab1edbf4818f8e91,no_salary_hike_no_attrition_no_department,xgboost,d483d8ddb93a47a99a2eab54fe3d138d8f614798dd418bca860ea3f20c813f51,2.0,118b396aebf864f54d3c710f9369e7f3bca879602cd413b3635155c73785be15,1.0,ExperienceYearsAtThisCompany,16.0,0.046879961642359,,,,,,,,,,,,,,,,,,,,,,,,,
canonical_v2_20260714T221501Z_483f96f,51415c2ce68c89d9ce2b042b0a7a811fe3e98180b72460006f9d0465f6bf49b7,06c507bee525ea1daca43b61249764007d4d8baaa05c9333f23446ea723ce160,f1e358e99914563305428cece1b1595bc76a58643184407ec5b222162d650332,fold_ranking,oof_shap/fold_feature_rankings.csv,c1300316fe5baec24e789c06aec35dd4f283fa4843b71c7aab1edbf4818f8e91,no_salary_hike_no_attrition_no_department,xgboost,d483d8ddb93a47a99a2eab54fe3d138d8f614798dd418bca860ea3f20c813f51,2.0,118b396aebf864f54d3c710f9369e7f3bca879602cd413b3635155c73785be15,1.0,EmpJobLevel,17.0,0.0447597013387065,,,,,,,,,,,,,,,,,,,,,,,,,
canonical_v2_20260714T221501Z_483f96f,51415c2ce68c89d9ce2b042b0a7a811fe3e98180b72460006f9d0465f6bf49b7,06c507bee525ea1daca43b61249764007d4d8baaa05c9333f23446ea723ce160,f1e358e99914563305428cece1b1595bc76a58643184407ec5b222162d650332,fold_ranking,oof_shap/fold_feature_rankings.csv,c1300316fe5baec24e789c06aec35dd4f283fa4843b71c7aab1edbf4818f8e91,no_salary_hike_no_attrition_no_department,xgboost,d483d8ddb93a47a99a2eab54fe3d138d8f614798dd418bca860ea3f20c813f51,2.0,118b396aebf864f54d3c710f9369e7f3bca879602cd413b3635155c73785be15,1.0,EmpRelationshipSatisfaction,18.0,0.0436173264270312,,,,,,,,,,,,,,,,,,,,,,,,,
canonical_v2_20260714T221501Z_483f96f,51415c2ce68c89d9ce2b042b0a7a811fe3e98180b72460006f9d0465f6bf49b7,06c507bee525ea1daca43b61249764007d4d8baaa05c9333f23446ea723ce160,f1e358e99914563305428cece1b1595bc76a58643184407ec5b222162d650332,fold_ranking,oof_shap/fold_feature_rankings.csv,c1300316fe5baec24e789c06aec35dd4f283fa4843b71c7aab1edbf4818f8e91,no_salary_hike_no_attrition_no_department,xgboost,d483d8ddb93a47a99a2eab54fe3d138d8f614798dd418bca860ea3f20c813f51,2.0,118b396aebf864f54d3c710f9369e7f3bca879602cd413b3635155c73785be15,1.0,EmpJobInvolvement,19.0,0.0324697492311113,,,,,,,,,,,,,,,,,,,,,,,,,
canonical_v2_20260714T221501Z_483f96f,51415c2ce68c89d9ce2b042b0a7a811fe3e98180b72460006f9d0465f6bf49b7,06c507bee525ea1daca43b61249764007d4d8baaa05c9333f23446ea723ce160,f1e358e99914563305428cece1b1595bc76a58643184407ec5b222162d650332,fold_ranking,oof_shap/fold_feature_rankings.csv,c1300316fe5baec24e789c06aec35dd4f283fa4843b71c7aab1edbf4818f8e91,no_salary_hike_no_attrition_no_department,xgboost,d483d8ddb93a47a99a2eab54fe3d138d8f614798dd418bca860ea3f20c813f51,2.0,118b396aebf864f54d3c710f9369e7f3bca879602cd413b3635155c73785be15,1.0,OverTime,20.0,0.0158181233148853,,,,,,,,,,,,,,,,,,,,,,,,,
canonical_v2_20260714T221501Z_483f96f,51415c2ce68c89d9ce2b042b0a7a811fe3e98180b72460006f9d0465f6bf49b7,06c507bee525ea1daca43b61249764007d4d8baaa05c9333f23446ea723ce160,f1e358e99914563305428cece1b1595bc76a58643184407ec5b222162d650332,fold_ranking,oof_shap/fold_feature_rankings.csv,c1300316fe5baec24e789c06aec35dd4f283fa4843b71c7aab1edbf4818f8e91,no_salary_hike_no_attrition_no_department,xgboost,d483d8ddb93a47a99a2eab54fe3d138d8f614798dd418bca860ea3f20c813f51,3.0,007c88008a166345b2a4fed769f757959ea781a0d940c62183f36babd34f734d,5.0,EmpEnvironmentSatisfaction,1.0,1.164099769043322,,,,,,,,,,,,,,,,,,,,,,,,,
canonical_v2_20260714T221501Z_483f96f,51415c2ce68c89d9ce2b042b0a7a811fe3e98180b72460006f9d0465f6bf49b7,06c507bee525ea1daca43b61249764007d4d8baaa05c9333f23446ea723ce160,f1e358e99914563305428cece1b1595bc76a58643184407ec5b222162d650332,fold_ranking,oof_shap/fold_feature_rankings.csv,c1300316fe5baec24e789c06aec35dd4f283fa4843b71c7aab1edbf4818f8e91,no_salary_hike_no_attrition_no_department,xgboost,d483d8ddb93a47a99a2eab54fe3d138d8f614798dd418bca860ea3f20c813f51,3.0,007c88008a166345b2a4fed769f757959ea781a0d940c62183f36babd34f734d,5.0,YearsSinceLastPromotion,2.0,0.5804739900192039,,,,,,,,,,,,,,,,,,,,,,,,,
canonical_v2_20260714T221501Z_483f96f,51415c2ce68c89d9ce2b042b0a7a811fe3e98180b72460006f9d0465f6bf49b7,06c507bee525ea1daca43b61249764007d4d8baaa05c9333f23446ea723ce160,f1e358e99914563305428cece1b1595bc76a58643184407ec5b222162d650332,fold_ranking,oof_shap/fold_feature_rankings.csv,c1300316fe5baec24e789c06aec35dd4f283fa4843b71c7aab1edbf4818f8e91,no_salary_hike_no_attrition_no_department,xgboost,d483d8ddb93a47a99a2eab54fe3d138d8f614798dd418bca860ea3f20c813f51,3.0,007c88008a166345b2a4fed769f757959ea781a0d940c62183f36babd34f734d,5.0,EmpWorkLifeBalance,3.0,0.2744890872007494,,,,,,,,,,,,,,,,,,,,,,,,,
canonical_v2_20260714T221501Z_483f96f,51415c2ce68c89d9ce2b042b0a7a811fe3e98180b72460006f9d0465f6bf49b7,06c507bee525ea1daca43b61249764007d4d8baaa05c9333f23446ea723ce160,f1e358e99914563305428cece1b1595bc76a58643184407ec5b222162d650332,fold_ranking,oof_shap/fold_feature_rankings.csv,c1300316fe5baec24e789c06aec35dd4f283fa4843b71c7aab1edbf4818f8e91,no_salary_hike_no_attrition_no_department,xgboost,d483d8ddb93a47a99a2eab54fe3d138d8f614798dd418bca860ea3f20c813f51,3.0,007c88008a166345b2a4fed769f757959ea781a0d940c62183f36babd34f734d,5.0,EmpJobRole,4.0,0.2607872281833402,,,,,,,,,,,,,,,,,,,,,,,,,
canonical_v2_20260714T221501Z_483f96f,51415c2ce68c89d9ce2b042b0a7a811fe3e98180b72460006f9d0465f6bf49b7,06c507bee525ea1daca43b61249764007d4d8baaa05c9333f23446ea723ce160,f1e358e99914563305428cece1b1595bc76a58643184407ec5b222162d650332,fold_ranking,oof_shap/fold_feature_rankings.csv,c1300316fe5baec24e789c06aec35dd4f283fa4843b71c7aab1edbf4818f8e91,no_salary_hike_no_attrition_no_department,xgboost,d483d8ddb93a47a99a2eab54fe3d138d8f614798dd418bca860ea3f20c813f51,3.0,007c88008a166345b2a4fed769f757959ea781a0d940c62183f36babd34f734d,5.0,ExperienceYearsInCurrentRole,5.0,0.2274292923490672,,,,,,,,,,,,,,,,,,,,,,,,,
canonical_v2_20260714T221501Z_483f96f,51415c2ce68c89d9ce2b042b0a7a811fe3e98180b72460006f9d0465f6bf49b7,06c507bee525ea1daca43b61249764007d4d8baaa05c9333f23446ea723ce160,f1e358e99914563305428cece1b1595bc76a58643184407ec5b222162d650332,fold_ranking,oof_shap/fold_feature_rankings.csv,c1300316fe5baec24e789c06aec35dd4f283fa4843b71c7aab1edbf4818f8e91,no_salary_hike_no_attrition_no_department,xgboost,d483d8ddb93a47a99a2eab54fe3d138d8f614798dd418bca860ea3f20c813f51,3.0,007c88008a166345b2a4fed769f757959ea781a0d940c62183f36babd34f734d,5.0,EmpHourlyRate,6.0,0.1584711947368406,,,,,,,,,,,,,,,,,,,,,,,,,
canonical_v2_20260714T221501Z_483f96f,51415c2ce68c89d9ce2b042b0a7a811fe3e98180b72460006f9d0465f6bf49b7,06c507bee525ea1daca43b61249764007d4d8baaa05c9333f23446ea723ce160,f1e358e99914563305428cece1b1595bc76a58643184407ec5b222162d650332,fold_ranking,oof_shap/fold_feature_rankings.csv,c1300316fe5baec24e789c06aec35dd4f283fa4843b71c7aab1edbf4818f8e91,no_salary_hike_no_attrition_no_department,xgboost,d483d8ddb93a47a99a2eab54fe3d138d8f614798dd418bca860ea3f20c813f51,3.0,007c88008a166345b2a4fed769f757959ea781a0d940c62183f36babd34f734d,5.0,DistanceFromHome,7.0,0.1262221160524253,,,,,,,,,,,,,,,,,,,,,,,,,
canonical_v2_20260714T221501Z_483f96f,51415c2ce68c89d9ce2b042b0a7a811fe3e98180b72460006f9d0465f6bf49b7,06c507bee525ea1daca43b61249764007d4d8baaa05c9333f23446ea723ce160,f1e358e99914563305428cece1b1595bc76a58643184407ec5b222162d650332,fold_ranking,oof_shap/fold_feature_rankings.csv,c1300316fe5baec24e789c06aec35dd4f283fa4843b71c7aab1edbf4818f8e91,no_salary_hike_no_attrition_no_department,xgboost,d483d8ddb93a47a99a2eab54fe3d138d8f614798dd418bca860ea3f20c813f51,3.0,007c88008a166345b2a4fed769f757959ea781a0d940c62183f36babd34f734d,5.0,ExperienceYearsAtThisCompany,8.0,0.1224694680526024,,,,,,,,,,,,,,,,,,,,,,,,,
canonical_v2_20260714T221501Z_483f96f,51415c2ce68c89d9ce2b042b0a7a811fe3e98180b72460006f9d0465f6bf49b7,06c507bee525ea1daca43b61249764007d4d8baaa05c9333f23446ea723ce160,f1e358e99914563305428cece1b1595bc76a58643184407ec5b222162d650332,fold_ranking,oof_shap/fold_feature_rankings.csv,c1300316fe5baec24e789c06aec35dd4f283fa4843b71c7aab1edbf4818f8e91,no_salary_hike_no_attrition_no_department,xgboost,d483d8ddb93a47a99a2eab54fe3d138d8f614798dd418bca860ea3f20c813f51,3.0,007c88008a166345b2a4fed769f757959ea781a0d940c62183f36babd34f734d,5.0,YearsWithCurrManager,9.0,0.1177500673039402,,,,,,,,,,,,,,,,,,,,,,,,,
canonical_v2_20260714T221501Z_483f96f,51415c2ce68c89d9ce2b042b0a7a811fe3e98180b72460006f9d0465f6bf49b7,06c507bee525ea1daca43b61249764007d4d8baaa05c9333f23446ea723ce160,f1e358e99914563305428cece1b1595bc76a58643184407ec5b222162d650332,fold_ranking,oof_shap/fold_feature_rankings.csv,c1300316fe5baec24e789c06aec35dd4f283fa4843b71c7aab1edbf4818f8e91,no_salary_hike_no_attrition_no_department,xgboost,d483d8ddb93a47a99a2eab54fe3d138d8f614798dd418bca860ea3f20c813f51,3.0,007c88008a166345b2a4fed769f757959ea781a0d940c62183f36babd34f734d,5.0,EmpJobSatisfaction,10.0,0.0940741556657788,,,,,,,,,,,,,,,,,,,,,,,,,
canonical_v2_20260714T221501Z_483f96f,51415c2ce68c89d9ce2b042b0a7a811fe3e98180b72460006f9d0465f6bf49b7,06c507bee525ea1daca43b61249764007d4d8baaa05c9333f23446ea723ce160,f1e358e99914563305428cece1b1595bc76a58643184407ec5b222162d650332,fold_ranking,oof_shap/fold_feature_rankings.csv,c1300316fe5baec24e789c06aec35dd4f283fa4843b71c7aab1edbf4818f8e91,no_salary_hike_no_attrition_no_department,xgboost,d483d8ddb93a47a99a2eab54fe3d138d8f614798dd418bca860ea3f20c813f51,3.0,007c88008a166345b2a4fed769f757959ea781a0d940c62183f36babd34f734d,5.0,TotalWorkExperienceInYears,11.0,0.0940508244373227,,,,,,,,,,,,,,,,,,,,,,,,,
canonical_v2_20260714T221501Z_483f96f,51415c2ce68c89d9ce2b042b0a7a811fe3e98180b72460006f9d0465f6bf49b7,06c507bee525ea1daca43b61249764007d4d8baaa05c9333f23446ea723ce160,f1e358e99914563305428cece1b1595bc76a58643184407ec5b222162d650332,fold_ranking,oof_shap/fold_feature_rankings.csv,c1300316fe5baec24e789c06aec35dd4f283fa4843b71c7aab1edbf4818f8e91,no_salary_hike_no_attrition_no_department,xgboost,d483d8ddb93a47a99a2eab54fe3d138d8f614798dd418bca860ea3f20c813f51,3.0,007c88008a166345b2a4fed769f757959ea781a0d940c62183f36babd34f734d,5.0,TrainingTimesLastYear,12.0,0.0759592231405097,,,,,,,,,,,,,,,,,,,,,,,,,
canonical_v2_20260714T221501Z_483f96f,51415c2ce68c89d9ce2b042b0a7a811fe3e98180b72460006f9d0465f6bf49b7,06c507bee525ea1daca43b61249764007d4d8baaa05c9333f23446ea723ce160,f1e358e99914563305428cece1b1595bc76a58643184407ec5b222162d650332,fold_ranking,oof_shap/fold_feature_rankings.csv,c1300316fe5baec24e789c06aec35dd4f283fa4843b71c7aab1edbf4818f8e91,no_salary_hike_no_attrition_no_department,xgboost,d483d8ddb93a47a99a2eab54fe3d138d8f614798dd418bca860ea3f20c813f51,3.0,007c88008a166345b2a4fed769f757959ea781a0d940c62183f36babd34f734d,5.0,EducationBackground,13.0,0.0707793830175433,,,,,,,,,,,,,,,,,,,,,,,,,
canonical_v2_20260714T221501Z_483f96f,51415c2ce68c89d9ce2b042b0a7a811fe3e98180b72460006f9d0465f6bf49b7,06c507bee525ea1daca43b61249764007d4d8baaa05c9333f23446ea723ce160,f1e358e99914563305428cece1b1595bc76a58643184407ec5b222162d650332,fold_ranking,oof_shap/fold_feature_rankings.csv,c1300316fe5baec24e789c06aec35dd4f283fa4843b71c7aab1edbf4818f8e91,no_salary_hike_no_attrition_no_department,xgboost,d483d8ddb93a47a99a2eab54fe3d138d8f614798dd418bca860ea3f20c813f51,3.0,007c88008a166345b2a4fed769f757959ea781a0d940c62183f36babd34f734d,5.0,NumCompaniesWorked,14.0,0.0655722363006336,,,,,,,,,,,,,,,,,,,,,,,,,
canonical_v2_20260714T221501Z_483f96f,51415c2ce68c89d9ce2b042b0a7a811fe3e98180b72460006f9d0465f6bf49b7,06c507bee525ea1daca43b61249764007d4d8baaa05c9333f23446ea723ce160,f1e358e99914563305428cece1b1595bc76a58643184407ec5b222162d650332,fold_ranking,oof_shap/fold_feature_rankings.csv,c1300316fe5baec24e789c06aec35dd4f283fa4843b71c7aab1edbf4818f8e91,no_salary_hike_no_attrition_no_department,xgboost,d483d8ddb93a47a99a2eab54fe3d138d8f614798dd418bca860ea3f20c813f51,3.0,007c88008a166345b2a4fed769f757959ea781a0d940c62183f36babd34f734d,5.0,BusinessTravelFrequency,15.0,0.061540976572481,,,,,,,,,,,,,,,,,,,,,,,,,
canonical_v2_20260714T221501Z_483f96f,51415c2ce68c89d9ce2b042b0a7a811fe3e98180b72460006f9d0465f6bf49b7,06c507bee525ea1daca43b61249764007d4d8baaa05c9333f23446ea723ce160,f1e358e99914563305428cece1b1595bc76a58643184407ec5b222162d650332,fold_ranking,oof_shap/fold_feature_rankings.csv,c1300316fe5baec24e789c06aec35dd4f283fa4843b71c7aab1edbf4818f8e91,no_salary_hike_no_attrition_no_department,xgboost,d483d8ddb93a47a99a2eab54fe3d138d8f614798dd418bca860ea3f20c813f51,3.0,007c88008a166345b2a4fed769f757959ea781a0d940c62183f36babd34f734d,5.0,EmpJobInvolvement,16.0,0.0568719422063926,,,,,,,,,,,,,,,,,,,,,,,,,
canonical_v2_20260714T221501Z_483f96f,51415c2ce68c89d9ce2b042b0a7a811fe3e98180b72460006f9d0465f6bf49b7,06c507bee525ea1daca43b61249764007d4d8baaa05c9333f23446ea723ce160,f1e358e99914563305428cece1b1595bc76a58643184407ec5b222162d650332,fold_ranking,oof_shap/fold_feature_rankings.csv,c1300316fe5baec24e789c06aec35dd4f283fa4843b71c7aab1edbf4818f8e91,no_salary_hike_no_attrition_no_department,xgboost,d483d8ddb93a47a99a2eab54fe3d138d8f614798dd418bca860ea3f20c813f51,3.0,007c88008a166345b2a4fed769f757959ea781a0d940c62183f36babd34f734d,5.0,EmpJobLevel,17.0,0.0513168992571687,,,,,,,,,,,,,,,,,,,,,,,,,
canonical_v2_20260714T221501Z_483f96f,51415c2ce68c89d9ce2b042b0a7a811fe3e98180b72460006f9d0465f6bf49b7,06c507bee525ea1daca43b61249764007d4d8baaa05c9333f23446ea723ce160,f1e358e99914563305428cece1b1595bc76a58643184407ec5b222162d650332,fold_ranking,oof_shap/fold_feature_rankings.csv,c1300316fe5baec24e789c06aec35dd4f283fa4843b71c7aab1edbf4818f8e91,no_salary_hike_no_attrition_no_department,xgboost,d483d8ddb93a47a99a2eab54fe3d138d8f614798dd418bca860ea3f20c813f51,3.0,007c88008a166345b2a4fed769f757959ea781a0d940c62183f36babd34f734d,5.0,EmpRelationshipSatisfaction,18.0,0.0493094333661348,,,,,,,,,,,,,,,,,,,,,,,,,
canonical_v2_20260714T221501Z_483f96f,51415c2ce68c89d9ce2b042b0a7a811fe3e98180b72460006f9d0465f6bf49b7,06c507bee525ea1daca43b61249764007d4d8baaa05c9333f23446ea723ce160,f1e358e99914563305428cece1b1595bc76a58643184407ec5b222162d650332,fold_ranking,oof_shap/fold_feature_rankings.csv,c1300316fe5baec24e789c06aec35dd4f283fa4843b71c7aab1edbf4818f8e91,no_salary_hike_no_attrition_no_department,xgboost,d483d8ddb93a47a99a2eab54fe3d138d8f614798dd418bca860ea3f20c813f51,3.0,007c88008a166345b2a4fed769f757959ea781a0d940c62183f36babd34f734d,5.0,EmpEducationLevel,19.0,0.0453857894522015,,,,,,,,,,,,,,,,,,,,,,,,,
canonical_v2_20260714T221501Z_483f96f,51415c2ce68c89d9ce2b042b0a7a811fe3e98180b72460006f9d0465f6bf49b7,06c507bee525ea1daca43b61249764007d4d8baaa05c9333f23446ea723ce160,f1e358e99914563305428cece1b1595bc76a58643184407ec5b222162d650332,fold_ranking,oof_shap/fold_feature_rankings.csv,c1300316fe5baec24e789c06aec35dd4f283fa4843b71c7aab1edbf4818f8e91,no_salary_hike_no_attrition_no_department,xgboost,d483d8ddb93a47a99a2eab54fe3d138d8f614798dd418bca860ea3f20c813f51,3.0,007c88008a166345b2a4fed769f757959ea781a0d940c62183f36babd34f734d,5.0,OverTime,20.0,0.0309346628333716,,,,,,,,,,,,,,,,,,,,,,,,,
canonical_v2_20260714T221501Z_483f96f,51415c2ce68c89d9ce2b042b0a7a811fe3e98180b72460006f9d0465f6bf49b7,06c507bee525ea1daca43b61249764007d4d8baaa05c9333f23446ea723ce160,f1e358e99914563305428cece1b1595bc76a58643184407ec5b222162d650332,fold_ranking,oof_shap/fold_feature_rankings.csv,c1300316fe5baec24e789c06aec35dd4f283fa4843b71c7aab1edbf4818f8e91,no_salary_hike_no_attrition_no_department,xgboost,d483d8ddb93a47a99a2eab54fe3d138d8f614798dd418bca860ea3f20c813f51,4.0,be6969fddf714e76873021a786ce6260ebc2f3c84ad1bb796e99969c806ff53c,3.0,EmpEnvironmentSatisfaction,1.0,0.9995030870091998,,,,,,,,,,,,,,,,,,,,,,,,,
canonical_v2_20260714T221501Z_483f96f,51415c2ce68c89d9ce2b042b0a7a811fe3e98180b72460006f9d0465f6bf49b7,06c507bee525ea1daca43b61249764007d4d8baaa05c9333f23446ea723ce160,f1e358e99914563305428cece1b1595bc76a58643184407ec5b222162d650332,fold_ranking,oof_shap/fold_feature_rankings.csv,c1300316fe5baec24e789c06aec35dd4f283fa4843b71c7aab1edbf4818f8e91,no_salary_hike_no_attrition_no_department,xgboost,d483d8ddb93a47a99a2eab54fe3d138d8f614798dd418bca860ea3f20c813f51,4.0,be6969fddf714e76873021a786ce6260ebc2f3c84ad1bb796e99969c806ff53c,3.0,YearsSinceLastPromotion,2.0,0.5422895321732438,,,,,,,,,,,,,,,,,,,,,,,,,
canonical_v2_20260714T221501Z_483f96f,51415c2ce68c89d9ce2b042b0a7a811fe3e98180b72460006f9d0465f6bf49b7,06c507bee525ea1daca43b61249764007d4d8baaa05c9333f23446ea723ce160,f1e358e99914563305428cece1b1595bc76a58643184407ec5b222162d650332,fold_ranking,oof_shap/fold_feature_rankings.csv,c1300316fe5baec24e789c06aec35dd4f283fa4843b71c7aab1edbf4818f8e91,no_salary_hike_no_attrition_no_department,xgboost,d483d8ddb93a47a99a2eab54fe3d138d8f614798dd418bca860ea3f20c813f51,4.0,be6969fddf714e76873021a786ce6260ebc2f3c84ad1bb796e99969c806ff53c,3.0,EmpJobRole,3.0,0.2498372904152347,,,,,,,,,,,,,,,,,,,,,,,,,
canonical_v2_20260714T221501Z_483f96f,51415c2ce68c89d9ce2b042b0a7a811fe3e98180b72460006f9d0465f6bf49b7,06c507bee525ea1daca43b61249764007d4d8baaa05c9333f23446ea723ce160,f1e358e99914563305428cece1b1595bc76a58643184407ec5b222162d650332,fold_ranking,oof_shap/fold_feature_rankings.csv,c1300316fe5baec24e789c06aec35dd4f283fa4843b71c7aab1edbf4818f8e91,no_salary_hike_no_attrition_no_department,xgboost,d483d8ddb93a47a99a2eab54fe3d138d8f614798dd418bca860ea3f20c813f51,4.0,be6969fddf714e76873021a786ce6260ebc2f3c84ad1bb796e99969c806ff53c,3.0,EmpWorkLifeBalance,4.0,0.2461156650414017,,,,,,,,,,,,,,,,,,,,,,,,,
canonical_v2_20260714T221501Z_483f96f,51415c2ce68c89d9ce2b042b0a7a811fe3e98180b72460006f9d0465f6bf49b7,06c507bee525ea1daca43b61249764007d4d8baaa05c9333f23446ea723ce160,f1e358e99914563305428cece1b1595bc76a58643184407ec5b222162d650332,fold_ranking,oof_shap/fold_feature_rankings.csv,c1300316fe5baec24e789c06aec35dd4f283fa4843b71c7aab1edbf4818f8e91,no_salary_hike_no_attrition_no_department,xgboost,d483d8ddb93a47a99a2eab54fe3d138d8f614798dd418bca860ea3f20c813f51,4.0,be6969fddf714e76873021a786ce6260ebc2f3c84ad1bb796e99969c806ff53c,3.0,ExperienceYearsInCurrentRole,5.0,0.1626910099986061,,,,,,,,,,,,,,,,,,,,,,,,,
canonical_v2_20260714T221501Z_483f96f,51415c2ce68c89d9ce2b042b0a7a811fe3e98180b72460006f9d0465f6bf49b7,06c507bee525ea1daca43b61249764007d4d8baaa05c9333f23446ea723ce160,f1e358e99914563305428cece1b1595bc76a58643184407ec5b222162d650332,fold_ranking,oof_shap/fold_feature_rankings.csv,c1300316fe5baec24e789c06aec35dd4f283fa4843b71c7aab1edbf4818f8e91,no_salary_hike_no_attrition_no_department,xgboost,d483d8ddb93a47a99a2eab54fe3d138d8f614798dd418bca860ea3f20c813f51,4.0,be6969fddf714e76873021a786ce6260ebc2f3c84ad1bb796e99969c806ff53c,3.0,EmpHourlyRate,6.0,0.1272375656793075,,,,,,,,,,,,,,,,,,,,,,,,,
canonical_v2_20260714T221501Z_483f96f,51415c2ce68c89d9ce2b042b0a7a811fe3e98180b72460006f9d0465f6bf49b7,06c507bee525ea1daca43b61249764007d4d8baaa05c9333f23446ea723ce160,f1e358e99914563305428cece1b1595bc76a58643184407ec5b222162d650332,fold_ranking,oof_shap/fold_feature_rankings.csv,c1300316fe5baec24e789c06aec35dd4f283fa4843b71c7aab1edbf4818f8e91,no_salary_hike_no_attrition_no_department,xgboost,d483d8ddb93a47a99a2eab54fe3d138d8f614798dd418bca860ea3f20c813f51,4.0,be6969fddf714e76873021a786ce6260ebc2f3c84ad1bb796e99969c806ff53c,3.0,EmpJobSatisfaction,7.0,0.0843844950604963,,,,,,,,,,,,,,,,,,,,,,,,,
canonical_v2_20260714T221501Z_483f96f,51415c2ce68c89d9ce2b042b0a7a811fe3e98180b72460006f9d0465f6bf49b7,06c507bee525ea1daca43b61249764007d4d8baaa05c9333f23446ea723ce160,f1e358e99914563305428cece1b1595bc76a58643184407ec5b222162d650332,fold_ranking,oof_shap/fold_feature_rankings.csv,c1300316fe5baec24e789c06aec35dd4f283fa4843b71c7aab1edbf4818f8e91,no_salary_hike_no_attrition_no_department,xgboost,d483d8ddb93a47a99a2eab54fe3d138d8f614798dd418bca860ea3f20c813f51,4.0,be6969fddf714e76873021a786ce6260ebc2f3c84ad1bb796e99969c806ff53c,3.0,DistanceFromHome,8.0,0.0807833044149447,,,,,,,,,,,,,,,,,,,,,,,,,
canonical_v2_20260714T221501Z_483f96f,51415c2ce68c89d9ce2b042b0a7a811fe3e98180b72460006f9d0465f6bf49b7,06c507bee525ea1daca43b61249764007d4d8baaa05c9333f23446ea723ce160,f1e358e99914563305428cece1b1595bc76a58643184407ec5b222162d650332,fold_ranking,oof_shap/fold_feature_rankings.csv,c1300316fe5baec24e789c06aec35dd4f283fa4843b71c7aab1edbf4818f8e91,no_salary_hike_no_attrition_no_department,xgboost,d483d8ddb93a47a99a2eab54fe3d138d8f614798dd418bca860ea3f20c813f51,4.0,be6969fddf714e76873021a786ce6260ebc2f3c84ad1bb796e99969c806ff53c,3.0,YearsWithCurrManager,9.0,0.0776030420868967,,,,,,,,,,,,,,,,,,,,,,,,,
canonical_v2_20260714T221501Z_483f96f,51415c2ce68c89d9ce2b042b0a7a811fe3e98180b72460006f9d0465f6bf49b7,06c507bee525ea1daca43b61249764007d4d8baaa05c9333f23446ea723ce160,f1e358e99914563305428cece1b1595bc76a58643184407ec5b222162d650332,fold_ranking,oof_shap/fold_feature_rankings.csv,c1300316fe5baec24e789c06aec35dd4f283fa4843b71c7aab1edbf4818f8e91,no_salary_hike_no_attrition_no_department,xgboost,d483d8ddb93a47a99a2eab54fe3d138d8f614798dd418bca860ea3f20c813f51,4.0,be6969fddf714e76873021a786ce6260ebc2f3c84ad1bb796e99969c806ff53c,3.0,TotalWorkExperienceInYears,10.0,0.0678107095478076,,,,,,,,,,,,,,,,,,,,,,,,,
canonical_v2_20260714T221501Z_483f96f,51415c2ce68c89d9ce2b042b0a7a811fe3e98180b72460006f9d0465f6bf49b7,06c507bee525ea1daca43b61249764007d4d8baaa05c9333f23446ea723ce160,f1e358e99914563305428cece1b1595bc76a58643184407ec5b222162d650332,fold_ranking,oof_shap/fold_feature_rankings.csv,c1300316fe5baec24e789c06aec35dd4f283fa4843b71c7aab1edbf4818f8e91,no_salary_hike_no_attrition_no_department,xgboost,d483d8ddb93a47a99a2eab54fe3d138d8f614798dd418bca860ea3f20c813f51,4.0,be6969fddf714e76873021a786ce6260ebc2f3c84ad1bb796e99969c806ff53c,3.0,NumCompaniesWorked,11.0,0.0666413207695263,,,,,,,,,,,,,,,,,,,,,,,,,
canonical_v2_20260714T221501Z_483f96f,51415c2ce68c89d9ce2b042b0a7a811fe3e98180b72460006f9d0465f6bf49b7,06c507bee525ea1daca43b61249764007d4d8baaa05c9333f23446ea723ce160,f1e358e99914563305428cece1b1595bc76a58643184407ec5b222162d650332,fold_ranking,oof_shap/fold_feature_rankings.csv,c1300316fe5baec24e789c06aec35dd4f283fa4843b71c7aab1edbf4818f8e91,no_salary_hike_no_attrition_no_department,xgboost,d483d8ddb93a47a99a2eab54fe3d138d8f614798dd418bca860ea3f20c813f51,4.0,be6969fddf714e76873021a786ce6260ebc2f3c84ad1bb796e99969c806ff53c,3.0,EmpRelationshipSatisfaction,12.0,0.0652700644054372,,,,,,,,,,,,,,,,,,,,,,,,,
canonical_v2_20260714T221501Z_483f96f,51415c2ce68c89d9ce2b042b0a7a811fe3e98180b72460006f9d0465f6bf49b7,06c507bee525ea1daca43b61249764007d4d8baaa05c9333f23446ea723ce160,f1e358e99914563305428cece1b1595bc76a58643184407ec5b222162d650332,fold_ranking,oof_shap/fold_feature_rankings.csv,c1300316fe5baec24e789c06aec35dd4f283fa4843b71c7aab1edbf4818f8e91,no_salary_hike_no_attrition_no_department,xgboost,d483d8ddb93a47a99a2eab54fe3d138d8f614798dd418bca860ea3f20c813f51,4.0,be6969fddf714e76873021a786ce6260ebc2f3c84ad1bb796e99969c806ff53c,3.0,BusinessTravelFrequency,13.0,0.0652559492851853,,,,,,,,,,,,,,,,,,,,,,,,,
canonical_v2_20260714T221501Z_483f96f,51415c2ce68c89d9ce2b042b0a7a811fe3e98180b72460006f9d0465f6bf49b7,06c507bee525ea1daca43b61249764007d4d8baaa05c9333f23446ea723ce160,f1e358e99914563305428cece1b1595bc76a58643184407ec5b222162d650332,fold_ranking,oof_shap/fold_feature_rankings.csv,c1300316fe5baec24e789c06aec35dd4f283fa4843b71c7aab1edbf4818f8e91,no_salary_hike_no_attrition_no_department,xgboost,d483d8ddb93a47a99a2eab54fe3d138d8f614798dd418bca860ea3f20c813f51,4.0,be6969fddf714e76873021a786ce6260ebc2f3c84ad1bb796e99969c806ff53c,3.0,ExperienceYearsAtThisCompany,14.0,0.0600408715567836,,,,,,,,,,,,,,,,,,,,,,,,,
canonical_v2_20260714T221501Z_483f96f,51415c2ce68c89d9ce2b042b0a7a811fe3e98180b72460006f9d0465f6bf49b7,06c507bee525ea1daca43b61249764007d4d8baaa05c9333f23446ea723ce160,f1e358e99914563305428cece1b1595bc76a58643184407ec5b222162d650332,fold_ranking,oof_shap/fold_feature_rankings.csv,c1300316fe5baec24e789c06aec35dd4f283fa4843b71c7aab1edbf4818f8e91,no_salary_hike_no_attrition_no_department,xgboost,d483d8ddb93a47a99a2eab54fe3d138d8f614798dd418bca860ea3f20c813f51,4.0,be6969fddf714e76873021a786ce6260ebc2f3c84ad1bb796e99969c806ff53c,3.0,TrainingTimesLastYear,15.0,0.0473561471543588,,,,,,,,,,,,,,,,,,,,,,,,,
canonical_v2_20260714T221501Z_483f96f,51415c2ce68c89d9ce2b042b0a7a811fe3e98180b72460006f9d0465f6bf49b7,06c507bee525ea1daca43b61249764007d4d8baaa05c9333f23446ea723ce160,f1e358e99914563305428cece1b1595bc76a58643184407ec5b222162d650332,fold_ranking,oof_shap/fold_feature_rankings.csv,c1300316fe5baec24e789c06aec35dd4f283fa4843b71c7aab1edbf4818f8e91,no_salary_hike_no_attrition_no_department,xgboost,d483d8ddb93a47a99a2eab54fe3d138d8f614798dd418bca860ea3f20c813f51,4.0,be6969fddf714e76873021a786ce6260ebc2f3c84ad1bb796e99969c806ff53c,3.0,EmpEducationLevel,16.0,0.0427978212245862,,,,,,,,,,,,,,,,,,,,,,,,,
canonical_v2_20260714T221501Z_483f96f,51415c2ce68c89d9ce2b042b0a7a811fe3e98180b72460006f9d0465f6bf49b7,06c507bee525ea1daca43b61249764007d4d8baaa05c9333f23446ea723ce160,f1e358e99914563305428cece1b1595bc76a58643184407ec5b222162d650332,fold_ranking,oof_shap/fold_feature_rankings.csv,c1300316fe5baec24e789c06aec35dd4f283fa4843b71c7aab1edbf4818f8e91,no_salary_hike_no_attrition_no_department,xgboost,d483d8ddb93a47a99a2eab54fe3d138d8f614798dd418bca860ea3f20c813f51,4.0,be6969fddf714e76873021a786ce6260ebc2f3c84ad1bb796e99969c806ff53c,3.0,EmpJobLevel,17.0,0.0408084730967352,,,,,,,,,,,,,,,,,,,,,,,,,
canonical_v2_20260714T221501Z_483f96f,51415c2ce68c89d9ce2b042b0a7a811fe3e98180b72460006f9d0465f6bf49b7,06c507bee525ea1daca43b61249764007d4d8baaa05c9333f23446ea723ce160,f1e358e99914563305428cece1b1595bc76a58643184407ec5b222162d650332,fold_ranking,oof_shap/fold_feature_rankings.csv,c1300316fe5baec24e789c06aec35dd4f283fa4843b71c7aab1edbf4818f8e91,no_salary_hike_no_attrition_no_department,xgboost,d483d8ddb93a47a99a2eab54fe3d138d8f614798dd418bca860ea3f20c813f51,4.0,be6969fddf714e76873021a786ce6260ebc2f3c84ad1bb796e99969c806ff53c,3.0,EducationBackground,18.0,0.034987391515622,,,,,,,,,,,,,,,,,,,,,,,,,
canonical_v2_20260714T221501Z_483f96f,51415c2ce68c89d9ce2b042b0a7a811fe3e98180b72460006f9d0465f6bf49b7,06c507bee525ea1daca43b61249764007d4d8baaa05c9333f23446ea723ce160,f1e358e99914563305428cece1b1595bc76a58643184407ec5b222162d650332,fold_ranking,oof_shap/fold_feature_rankings.csv,c1300316fe5baec24e789c06aec35dd4f283fa4843b71c7aab1edbf4818f8e91,no_salary_hike_no_attrition_no_department,xgboost,d483d8ddb93a47a99a2eab54fe3d138d8f614798dd418bca860ea3f20c813f51,4.0,be6969fddf714e76873021a786ce6260ebc2f3c84ad1bb796e99969c806ff53c,3.0,OverTime,19.0,0.0306198948776,,,,,,,,,,,,,,,,,,,,,,,,,
canonical_v2_20260714T221501Z_483f96f,51415c2ce68c89d9ce2b042b0a7a811fe3e98180b72460006f9d0465f6bf49b7,06c507bee525ea1daca43b61249764007d4d8baaa05c9333f23446ea723ce160,f1e358e99914563305428cece1b1595bc76a58643184407ec5b222162d650332,fold_ranking,oof_shap/fold_feature_rankings.csv,c1300316fe5baec24e789c06aec35dd4f283fa4843b71c7aab1edbf4818f8e91,no_salary_hike_no_attrition_no_department,xgboost,d483d8ddb93a47a99a2eab54fe3d138d8f614798dd418bca860ea3f20c813f51,4.0,be6969fddf714e76873021a786ce6260ebc2f3c84ad1bb796e99969c806ff53c,3.0,EmpJobInvolvement,20.0,0.022694792465255,,,,,,,,,,,,,,,,,,,,,,,,,
canonical_v2_20260714T221501Z_483f96f,51415c2ce68c89d9ce2b042b0a7a811fe3e98180b72460006f9d0465f6bf49b7,06c507bee525ea1daca43b61249764007d4d8baaa05c9333f23446ea723ce160,f1e358e99914563305428cece1b1595bc76a58643184407ec5b222162d650332,fold_ranking,oof_shap/fold_feature_rankings.csv,c1300316fe5baec24e789c06aec35dd4f283fa4843b71c7aab1edbf4818f8e91,no_salary_hike_no_attrition_no_department,xgboost,d483d8ddb93a47a99a2eab54fe3d138d8f614798dd418bca860ea3f20c813f51,5.0,cf019554e674ac9501ba482e2ec99cb4d6a24ec98c0cfb8d307e3194edf34f23,1.0,EmpEnvironmentSatisfaction,1.0,1.081262911881398,,,,,,,,,,,,,,,,,,,,,,,,,
canonical_v2_20260714T221501Z_483f96f,51415c2ce68c89d9ce2b042b0a7a811fe3e98180b72460006f9d0465f6bf49b7,06c507bee525ea1daca43b61249764007d4d8baaa05c9333f23446ea723ce160,f1e358e99914563305428cece1b1595bc76a58643184407ec5b222162d650332,fold_ranking,oof_shap/fold_feature_rankings.csv,c1300316fe5baec24e789c06aec35dd4f283fa4843b71c7aab1edbf4818f8e91,no_salary_hike_no_attrition_no_department,xgboost,d483d8ddb93a47a99a2eab54fe3d138d8f614798dd418bca860ea3f20c813f51,5.0,cf019554e674ac9501ba482e2ec99cb4d6a24ec98c0cfb8d307e3194edf34f23,1.0,YearsSinceLastPromotion,2.0,0.4621409232728183,,,,,,,,,,,,,,,,,,,,,,,,,
canonical_v2_20260714T221501Z_483f96f,51415c2ce68c89d9ce2b042b0a7a811fe3e98180b72460006f9d0465f6bf49b7,06c507bee525ea1daca43b61249764007d4d8baaa05c9333f23446ea723ce160,f1e358e99914563305428cece1b1595bc76a58643184407ec5b222162d650332,fold_ranking,oof_shap/fold_feature_rankings.csv,c1300316fe5baec24e789c06aec35dd4f283fa4843b71c7aab1edbf4818f8e91,no_salary_hike_no_attrition_no_department,xgboost,d483d8ddb93a47a99a2eab54fe3d138d8f614798dd418bca860ea3f20c813f51,5.0,cf019554e674ac9501ba482e2ec99cb4d6a24ec98c0cfb8d307e3194edf34f23,1.0,EmpJobRole,3.0,0.2961588737223994,,,,,,,,,,,,,,,,,,,,,,,,,
canonical_v2_20260714T221501Z_483f96f,51415c2ce68c89d9ce2b042b0a7a811fe3e98180b72460006f9d0465f6bf49b7,06c507bee525ea1daca43b61249764007d4d8baaa05c9333f23446ea723ce160,f1e358e99914563305428cece1b1595bc76a58643184407ec5b222162d650332,fold_ranking,oof_shap/fold_feature_rankings.csv,c1300316fe5baec24e789c06aec35dd4f283fa4843b71c7aab1edbf4818f8e91,no_salary_hike_no_attrition_no_department,xgboost,d483d8ddb93a47a99a2eab54fe3d138d8f614798dd418bca860ea3f20c813f51,5.0,cf019554e674ac9501ba482e2ec99cb4d6a24ec98c0cfb8d307e3194edf34f23,1.0,EmpWorkLifeBalance,4.0,0.2518317013488235,,,,,,,,,,,,,,,,,,,,,,,,,
canonical_v2_20260714T221501Z_483f96f,51415c2ce68c89d9ce2b042b0a7a811fe3e98180b72460006f9d0465f6bf49b7,06c507bee525ea1daca43b61249764007d4d8baaa05c9333f23446ea723ce160,f1e358e99914563305428cece1b1595bc76a58643184407ec5b222162d650332,fold_ranking,oof_shap/fold_feature_rankings.csv,c1300316fe5baec24e789c06aec35dd4f283fa4843b71c7aab1edbf4818f8e91,no_salary_hike_no_attrition_no_department,xgboost,d483d8ddb93a47a99a2eab54fe3d138d8f614798dd418bca860ea3f20c813f51,5.0,cf019554e674ac9501ba482e2ec99cb4d6a24ec98c0cfb8d307e3194edf34f23,1.0,ExperienceYearsInCurrentRole,5.0,0.2122950822069672,,,,,,,,,,,,,,,,,,,,,,,,,
canonical_v2_20260714T221501Z_483f96f,51415c2ce68c89d9ce2b042b0a7a811fe3e98180b72460006f9d0465f6bf49b7,06c507bee525ea1daca43b61249764007d4d8baaa05c9333f23446ea723ce160,f1e358e99914563305428cece1b1595bc76a58643184407ec5b222162d650332,fold_ranking,oof_shap/fold_feature_rankings.csv,c1300316fe5baec24e789c06aec35dd4f283fa4843b71c7aab1edbf4818f8e91,no_salary_hike_no_attrition_no_department,xgboost,d483d8ddb93a47a99a2eab54fe3d138d8f614798dd418bca860ea3f20c813f51,5.0,cf019554e674ac9501ba482e2ec99cb4d6a24ec98c0cfb8d307e3194edf34f23,1.0,DistanceFromHome,6.0,0.1061973067229296,,,,,,,,,,,,,,,,,,,,,,,,,
canonical_v2_20260714T221501Z_483f96f,51415c2ce68c89d9ce2b042b0a7a811fe3e98180b72460006f9d0465f6bf49b7,06c507bee525ea1daca43b61249764007d4d8baaa05c9333f23446ea723ce160,f1e358e99914563305428cece1b1595bc76a58643184407ec5b222162d650332,fold_ranking,oof_shap/fold_feature_rankings.csv,c1300316fe5baec24e789c06aec35dd4f283fa4843b71c7aab1edbf4818f8e91,no_salary_hike_no_attrition_no_department,xgboost,d483d8ddb93a47a99a2eab54fe3d138d8f614798dd418bca860ea3f20c813f51,5.0,cf019554e674ac9501ba482e2ec99cb4d6a24ec98c0cfb8d307e3194edf34f23,1.0,YearsWithCurrManager,7.0,0.1048631048308582,,,,,,,,,,,,,,,,,,,,,,,,,
canonical_v2_20260714T221501Z_483f96f,51415c2ce68c89d9ce2b042b0a7a811fe3e98180b72460006f9d0465f6bf49b7,06c507bee525ea1daca43b61249764007d4d8baaa05c9333f23446ea723ce160,f1e358e99914563305428cece1b1595bc76a58643184407ec5b222162d650332,fold_ranking,oof_shap/fold_feature_rankings.csv,c1300316fe5baec24e789c06aec35dd4f283fa4843b71c7aab1edbf4818f8e91,no_salary_hike_no_attrition_no_department,xgboost,d483d8ddb93a47a99a2eab54fe3d138d8f614798dd418bca860ea3f20c813f51,5.0,cf019554e674ac9501ba482e2ec99cb4d6a24ec98c0cfb8d307e3194edf34f23,1.0,EmpHourlyRate,8.0,0.0916172081750119,,,,,,,,,,,,,,,,,,,,,,,,,
canonical_v2_20260714T221501Z_483f96f,51415c2ce68c89d9ce2b042b0a7a811fe3e98180b72460006f9d0465f6bf49b7,06c507bee525ea1daca43b61249764007d4d8baaa05c9333f23446ea723ce160,f1e358e99914563305428cece1b1595bc76a58643184407ec5b222162d650332,fold_ranking,oof_shap/fold_feature_rankings.csv,c1300316fe5baec24e789c06aec35dd4f283fa4843b71c7aab1edbf4818f8e91,no_salary_hike_no_attrition_no_department,xgboost,d483d8ddb93a47a99a2eab54fe3d138d8f614798dd418bca860ea3f20c813f51,5.0,cf019554e674ac9501ba482e2ec99cb4d6a24ec98c0cfb8d307e3194edf34f23,1.0,TotalWorkExperienceInYears,9.0,0.0772270690168726,,,,,,,,,,,,,,,,,,,,,,,,,
canonical_v2_20260714T221501Z_483f96f,51415c2ce68c89d9ce2b042b0a7a811fe3e98180b72460006f9d0465f6bf49b7,06c507bee525ea1daca43b61249764007d4d8baaa05c9333f23446ea723ce160,f1e358e99914563305428cece1b1595bc76a58643184407ec5b222162d650332,fold_ranking,oof_shap/fold_feature_rankings.csv,c1300316fe5baec24e789c06aec35dd4f283fa4843b71c7aab1edbf4818f8e91,no_salary_hike_no_attrition_no_department,xgboost,d483d8ddb93a47a99a2eab54fe3d138d8f614798dd418bca860ea3f20c813f51,5.0,cf019554e674ac9501ba482e2ec99cb4d6a24ec98c0cfb8d307e3194edf34f23,1.0,ExperienceYearsAtThisCompany,10.0,0.0696361649386946,,,,,,,,,,,,,,,,,,,,,,,,,
canonical_v2_20260714T221501Z_483f96f,51415c2ce68c89d9ce2b042b0a7a811fe3e98180b72460006f9d0465f6bf49b7,06c507bee525ea1daca43b61249764007d4d8baaa05c9333f23446ea723ce160,f1e358e99914563305428cece1b1595bc76a58643184407ec5b222162d650332,fold_ranking,oof_shap/fold_feature_rankings.csv,c1300316fe5baec24e789c06aec35dd4f283fa4843b71c7aab1edbf4818f8e91,no_salary_hike_no_attrition_no_department,xgboost,d483d8ddb93a47a99a2eab54fe3d138d8f614798dd418bca860ea3f20c813f51,5.0,cf019554e674ac9501ba482e2ec99cb4d6a24ec98c0cfb8d307e3194edf34f23,1.0,TrainingTimesLastYear,11.0,0.0636486707167932,,,,,,,,,,,,,,,,,,,,,,,,,
canonical_v2_20260714T221501Z_483f96f,51415c2ce68c89d9ce2b042b0a7a811fe3e98180b72460006f9d0465f6bf49b7,06c507bee525ea1daca43b61249764007d4d8baaa05c9333f23446ea723ce160,f1e358e99914563305428cece1b1595bc76a58643184407ec5b222162d650332,fold_ranking,oof_shap/fold_feature_rankings.csv,c1300316fe5baec24e789c06aec35dd4f283fa4843b71c7aab1edbf4818f8e91,no_salary_hike_no_attrition_no_department,xgboost,d483d8ddb93a47a99a2eab54fe3d138d8f614798dd418bca860ea3f20c813f51,5.0,cf019554e674ac9501ba482e2ec99cb4d6a24ec98c0cfb8d307e3194edf34f23,1.0,EmpJobSatisfaction,12.0,0.0623707035546734,,,,,,,,,,,,,,,,,,,,,,,,,
canonical_v2_20260714T221501Z_483f96f,51415c2ce68c89d9ce2b042b0a7a811fe3e98180b72460006f9d0465f6bf49b7,06c507bee525ea1daca43b61249764007d4d8baaa05c9333f23446ea723ce160,f1e358e99914563305428cece1b1595bc76a58643184407ec5b222162d650332,fold_ranking,oof_shap/fold_feature_rankings.csv,c1300316fe5baec24e789c06aec35dd4f283fa4843b71c7aab1edbf4818f8e91,no_salary_hike_no_attrition_no_department,xgboost,d483d8ddb93a47a99a2eab54fe3d138d8f614798dd418bca860ea3f20c813f51,5.0,cf019554e674ac9501ba482e2ec99cb4d6a24ec98c0cfb8d307e3194edf34f23,1.0,NumCompaniesWorked,13.0,0.0575335105446558,,,,,,,,,,,,,,,,,,,,,,,,,
canonical_v2_20260714T221501Z_483f96f,51415c2ce68c89d9ce2b042b0a7a811fe3e98180b72460006f9d0465f6bf49b7,06c507bee525ea1daca43b61249764007d4d8baaa05c9333f23446ea723ce160,f1e358e99914563305428cece1b1595bc76a58643184407ec5b222162d650332,fold_ranking,oof_shap/fold_feature_rankings.csv,c1300316fe5baec24e789c06aec35dd4f283fa4843b71c7aab1edbf4818f8e91,no_salary_hike_no_attrition_no_department,xgboost,d483d8ddb93a47a99a2eab54fe3d138d8f614798dd418bca860ea3f20c813f51,5.0,cf019554e674ac9501ba482e2ec99cb4d6a24ec98c0cfb8d307e3194edf34f23,1.0,EmpJobLevel,14.0,0.0454280918528739,,,,,,,,,,,,,,,,,,,,,,,,,
canonical_v2_20260714T221501Z_483f96f,51415c2ce68c89d9ce2b042b0a7a811fe3e98180b72460006f9d0465f6bf49b7,06c507bee525ea1daca43b61249764007d4d8baaa05c9333f23446ea723ce160,f1e358e99914563305428cece1b1595bc76a58643184407ec5b222162d650332,fold_ranking,oof_shap/fold_feature_rankings.csv,c1300316fe5baec24e789c06aec35dd4f283fa4843b71c7aab1edbf4818f8e91,no_salary_hike_no_attrition_no_department,xgboost,d483d8ddb93a47a99a2eab54fe3d138d8f614798dd418bca860ea3f20c813f51,5.0,cf019554e674ac9501ba482e2ec99cb4d6a24ec98c0cfb8d307e3194edf34f23,1.0,EmpRelationshipSatisfaction,15.0,0.0437526774466581,,,,,,,,,,,,,,,,,,,,,,,,,
canonical_v2_20260714T221501Z_483f96f,51415c2ce68c89d9ce2b042b0a7a811fe3e98180b72460006f9d0465f6bf49b7,06c507bee525ea1daca43b61249764007d4d8baaa05c9333f23446ea723ce160,f1e358e99914563305428cece1b1595bc76a58643184407ec5b222162d650332,fold_ranking,oof_shap/fold_feature_rankings.csv,c1300316fe5baec24e789c06aec35dd4f283fa4843b71c7aab1edbf4818f8e91,no_salary_hike_no_attrition_no_department,xgboost,d483d8ddb93a47a99a2eab54fe3d138d8f614798dd418bca860ea3f20c813f51,5.0,cf019554e674ac9501ba482e2ec99cb4d6a24ec98c0cfb8d307e3194edf34f23,1.0,EmpEducationLevel,16.0,0.041291945001285,,,,,,,,,,,,,,,,,,,,,,,,,
canonical_v2_20260714T221501Z_483f96f,51415c2ce68c89d9ce2b042b0a7a811fe3e98180b72460006f9d0465f6bf49b7,06c507bee525ea1daca43b61249764007d4d8baaa05c9333f23446ea723ce160,f1e358e99914563305428cece1b1595bc76a58643184407ec5b222162d650332,fold_ranking,oof_shap/fold_feature_rankings.csv,c1300316fe5baec24e789c06aec35dd4f283fa4843b71c7aab1edbf4818f8e91,no_salary_hike_no_attrition_no_department,xgboost,d483d8ddb93a47a99a2eab54fe3d138d8f614798dd418bca860ea3f20c813f51,5.0,cf019554e674ac9501ba482e2ec99cb4d6a24ec98c0cfb8d307e3194edf34f23,1.0,BusinessTravelFrequency,17.0,0.0382538311738446,,,,,,,,,,,,,,,,,,,,,,,,,
canonical_v2_20260714T221501Z_483f96f,51415c2ce68c89d9ce2b042b0a7a811fe3e98180b72460006f9d0465f6bf49b7,06c507bee525ea1daca43b61249764007d4d8baaa05c9333f23446ea723ce160,f1e358e99914563305428cece1b1595bc76a58643184407ec5b222162d650332,fold_ranking,oof_shap/fold_feature_rankings.csv,c1300316fe5baec24e789c06aec35dd4f283fa4843b71c7aab1edbf4818f8e91,no_salary_hike_no_attrition_no_department,xgboost,d483d8ddb93a47a99a2eab54fe3d138d8f614798dd418bca860ea3f20c813f51,5.0,cf019554e674ac9501ba482e2ec99cb4d6a24ec98c0cfb8d307e3194edf34f23,1.0,EducationBackground,18.0,0.0311816342581652,,,,,,,,,,,,,,,,,,,,,,,,,
canonical_v2_20260714T221501Z_483f96f,51415c2ce68c89d9ce2b042b0a7a811fe3e98180b72460006f9d0465f6bf49b7,06c507bee525ea1daca43b61249764007d4d8baaa05c9333f23446ea723ce160,f1e358e99914563305428cece1b1595bc76a58643184407ec5b222162d650332,fold_ranking,oof_shap/fold_feature_rankings.csv,c1300316fe5baec24e789c06aec35dd4f283fa4843b71c7aab1edbf4818f8e91,no_salary_hike_no_attrition_no_department,xgboost,d483d8ddb93a47a99a2eab54fe3d138d8f614798dd418bca860ea3f20c813f51,5.0,cf019554e674ac9501ba482e2ec99cb4d6a24ec98c0cfb8d307e3194edf34f23,1.0,OverTime,19.0,0.0242862289635619,,,,,,,,,,,,,,,,,,,,,,,,,
canonical_v2_20260714T221501Z_483f96f,51415c2ce68c89d9ce2b042b0a7a811fe3e98180b72460006f9d0465f6bf49b7,06c507bee525ea1daca43b61249764007d4d8baaa05c9333f23446ea723ce160,f1e358e99914563305428cece1b1595bc76a58643184407ec5b222162d650332,fold_ranking,oof_shap/fold_feature_rankings.csv,c1300316fe5baec24e789c06aec35dd4f283fa4843b71c7aab1edbf4818f8e91,no_salary_hike_no_attrition_no_department,xgboost,d483d8ddb93a47a99a2eab54fe3d138d8f614798dd418bca860ea3f20c813f51,5.0,cf019554e674ac9501ba482e2ec99cb4d6a24ec98c0cfb8d307e3194edf34f23,1.0,EmpJobInvolvement,20.0,0.0200452961703477,,,,,,,,,,,,,,,,,,,,,,,,,
canonical_v2_20260714T221501Z_483f96f,51415c2ce68c89d9ce2b042b0a7a811fe3e98180b72460006f9d0465f6bf49b7,06c507bee525ea1daca43b61249764007d4d8baaa05c9333f23446ea723ce160,f1e358e99914563305428cece1b1595bc76a58643184407ec5b222162d650332,fold_ranking,oof_shap/fold_feature_rankings.csv,c1300316fe5baec24e789c06aec35dd4f283fa4843b71c7aab1edbf4818f8e91,no_salary_hike_no_attrition_no_department,xgboost,d483d8ddb93a47a99a2eab54fe3d138d8f614798dd418bca860ea3f20c813f51,6.0,fdcaad5d2151a1ca98f9f77a8b48f5489f499c5b0a319bb37d68ba0d4de231d5,5.0,EmpEnvironmentSatisfaction,1.0,1.1601538664092206,,,,,,,,,,,,,,,,,,,,,,,,,
canonical_v2_20260714T221501Z_483f96f,51415c2ce68c89d9ce2b042b0a7a811fe3e98180b72460006f9d0465f6bf49b7,06c507bee525ea1daca43b61249764007d4d8baaa05c9333f23446ea723ce160,f1e358e99914563305428cece1b1595bc76a58643184407ec5b222162d650332,fold_ranking,oof_shap/fold_feature_rankings.csv,c1300316fe5baec24e789c06aec35dd4f283fa4843b71c7aab1edbf4818f8e91,no_salary_hike_no_attrition_no_department,xgboost,d483d8ddb93a47a99a2eab54fe3d138d8f614798dd418bca860ea3f20c813f51,6.0,fdcaad5d2151a1ca98f9f77a8b48f5489f499c5b0a319bb37d68ba0d4de231d5,5.0,YearsSinceLastPromotion,2.0,0.5182675128479282,,,,,,,,,,,,,,,,,,,,,,,,,
canonical_v2_20260714T221501Z_483f96f,51415c2ce68c89d9ce2b042b0a7a811fe3e98180b72460006f9d0465f6bf49b7,06c507bee525ea1daca43b61249764007d4d8baaa05c9333f23446ea723ce160,f1e358e99914563305428cece1b1595bc76a58643184407ec5b222162d650332,fold_ranking,oof_shap/fold_feature_rankings.csv,c1300316fe5baec24e789c06aec35dd4f283fa4843b71c7aab1edbf4818f8e91,no_salary_hike_no_attrition_no_department,xgboost,d483d8ddb93a47a99a2eab54fe3d138d8f614798dd418bca860ea3f20c813f51,6.0,fdcaad5d2151a1ca98f9f77a8b48f5489f499c5b0a319bb37d68ba0d4de231d5,5.0,EmpJobRole,3.0,0.2932024059216221,,,,,,,,,,,,,,,,,,,,,,,,,
canonical_v2_20260714T221501Z_483f96f,51415c2ce68c89d9ce2b042b0a7a811fe3e98180b72460006f9d0465f6bf49b7,06c507bee525ea1daca43b61249764007d4d8baaa05c9333f23446ea723ce160,f1e358e99914563305428cece1b1595bc76a58643184407ec5b222162d650332,fold_ranking,oof_shap/fold_feature_rankings.csv,c1300316fe5baec24e789c06aec35dd4f283fa4843b71c7aab1edbf4818f8e91,no_salary_hike_no_attrition_no_department,xgboost,d483d8ddb93a47a99a2eab54fe3d138d8f614798dd418bca860ea3f20c813f51,6.0,fdcaad5d2151a1ca98f9f77a8b48f5489f499c5b0a319bb37d68ba0d4de231d5,5.0,EmpWorkLifeBalance,4.0,0.264222563400027,,,,,,,,,,,,,,,,,,,,,,,,,
canonical_v2_20260714T221501Z_483f96f,51415c2ce68c89d9ce2b042b0a7a811fe3e98180b72460006f9d0465f6bf49b7,06c507bee525ea1daca43b61249764007d4d8baaa05c9333f23446ea723ce160,f1e358e99914563305428cece1b1595bc76a58643184407ec5b222162d650332,fold_ranking,oof_shap/fold_feature_rankings.csv,c1300316fe5baec24e789c06aec35dd4f283fa4843b71c7aab1edbf4818f8e91,no_salary_hike_no_attrition_no_department,xgboost,d483d8ddb93a47a99a2eab54fe3d138d8f614798dd418bca860ea3f20c813f51,6.0,fdcaad5d2151a1ca98f9f77a8b48f5489f499c5b0a319bb37d68ba0d4de231d5,5.0,ExperienceYearsInCurrentRole,5.0,0.2207671437667967,,,,,,,,,,,,,,,,,,,,,,,,,
canonical_v2_20260714T221501Z_483f96f,51415c2ce68c89d9ce2b042b0a7a811fe3e98180b72460006f9d0465f6bf49b7,06c507bee525ea1daca43b61249764007d4d8baaa05c9333f23446ea723ce160,f1e358e99914563305428cece1b1595bc76a58643184407ec5b222162d650332,fold_ranking,oof_shap/fold_feature_rankings.csv,c1300316fe5baec24e789c06aec35dd4f283fa4843b71c7aab1edbf4818f8e91,no_salary_hike_no_attrition_no_department,xgboost,d483d8ddb93a47a99a2eab54fe3d138d8f614798dd418bca860ea3f20c813f51,6.0,fdcaad5d2151a1ca98f9f77a8b48f5489f499c5b0a319bb37d68ba0d4de231d5,5.0,EmpHourlyRate,6.0,0.1818334043349346,,,,,,,,,,,,,,,,,,,,,,,,,
canonical_v2_20260714T221501Z_483f96f,51415c2ce68c89d9ce2b042b0a7a811fe3e98180b72460006f9d0465f6bf49b7,06c507bee525ea1daca43b61249764007d4d8baaa05c9333f23446ea723ce160,f1e358e99914563305428cece1b1595bc76a58643184407ec5b222162d650332,fold_ranking,oof_shap/fold_feature_rankings.csv,c1300316fe5baec24e789c06aec35dd4f283fa4843b71c7aab1edbf4818f8e91,no_salary_hike_no_attrition_no_department,xgboost,d483d8ddb93a47a99a2eab54fe3d138d8f614798dd418bca860ea3f20c813f51,6.0,fdcaad5d2151a1ca98f9f77a8b48f5489f499c5b0a319bb37d68ba0d4de231d5,5.0,TotalWorkExperienceInYears,7.0,0.1313447643324454,,,,,,,,,,,,,,,,,,,,,,,,,
canonical_v2_20260714T221501Z_483f96f,51415c2ce68c89d9ce2b042b0a7a811fe3e98180b72460006f9d0465f6bf49b7,06c507bee525ea1daca43b61249764007d4d8baaa05c9333f23446ea723ce160,f1e358e99914563305428cece1b1595bc76a58643184407ec5b222162d650332,fold_ranking,oof_shap/fold_feature_rankings.csv,c1300316fe5baec24e789c06aec35dd4f283fa4843b71c7aab1edbf4818f8e91,no_salary_hike_no_attrition_no_department,xgboost,d483d8ddb93a47a99a2eab54fe3d138d8f614798dd418bca860ea3f20c813f51,6.0,fdcaad5d2151a1ca98f9f77a8b48f5489f499c5b0a319bb37d68ba0d4de231d5,5.0,YearsWithCurrManager,8.0,0.1124755576920708,,,,,,,,,,,,,,,,,,,,,,,,,
canonical_v2_20260714T221501Z_483f96f,51415c2ce68c89d9ce2b042b0a7a811fe3e98180b72460006f9d0465f6bf49b7,06c507bee525ea1daca43b61249764007d4d8baaa05c9333f23446ea723ce160,f1e358e99914563305428cece1b1595bc76a58643184407ec5b222162d650332,fold_ranking,oof_shap/fold_feature_rankings.csv,c1300316fe5baec24e789c06aec35dd4f283fa4843b71c7aab1edbf4818f8e91,no_salary_hike_no_attrition_no_department,xgboost,d483d8ddb93a47a99a2eab54fe3d138d8f614798dd418bca860ea3f20c813f51,6.0,fdcaad5d2151a1ca98f9f77a8b48f5489f499c5b0a319bb37d68ba0d4de231d5,5.0,DistanceFromHome,9.0,0.1099756893554513,,,,,,,,,,,,,,,,,,,,,,,,,
canonical_v2_20260714T221501Z_483f96f,51415c2ce68c89d9ce2b042b0a7a811fe3e98180b72460006f9d0465f6bf49b7,06c507bee525ea1daca43b61249764007d4d8baaa05c9333f23446ea723ce160,f1e358e99914563305428cece1b1595bc76a58643184407ec5b222162d650332,fold_ranking,oof_shap/fold_feature_rankings.csv,c1300316fe5baec24e789c06aec35dd4f283fa4843b71c7aab1edbf4818f8e91,no_salary_hike_no_attrition_no_department,xgboost,d483d8ddb93a47a99a2eab54fe3d138d8f614798dd418bca860ea3f20c813f51,6.0,fdcaad5d2151a1ca98f9f77a8b48f5489f499c5b0a319bb37d68ba0d4de231d5,5.0,ExperienceYearsAtThisCompany,10.0,0.0994819486762733,,,,,,,,,,,,,,,,,,,,,,,,,
canonical_v2_20260714T221501Z_483f96f,51415c2ce68c89d9ce2b042b0a7a811fe3e98180b72460006f9d0465f6bf49b7,06c507bee525ea1daca43b61249764007d4d8baaa05c9333f23446ea723ce160,f1e358e99914563305428cece1b1595bc76a58643184407ec5b222162d650332,fold_ranking,oof_shap/fold_feature_rankings.csv,c1300316fe5baec24e789c06aec35dd4f283fa4843b71c7aab1edbf4818f8e91,no_salary_hike_no_attrition_no_department,xgboost,d483d8ddb93a47a99a2eab54fe3d138d8f614798dd418bca860ea3f20c813f51,6.0,fdcaad5d2151a1ca98f9f77a8b48f5489f499c5b0a319bb37d68ba0d4de231d5,5.0,EmpJobSatisfaction,11.0,0.0902948858908429,,,,,,,,,,,,,,,,,,,,,,,,,
canonical_v2_20260714T221501Z_483f96f,51415c2ce68c89d9ce2b042b0a7a811fe3e98180b72460006f9d0465f6bf49b7,06c507bee525ea1daca43b61249764007d4d8baaa05c9333f23446ea723ce160,f1e358e99914563305428cece1b1595bc76a58643184407ec5b222162d650332,fold_ranking,oof_shap/fold_feature_rankings.csv,c1300316fe5baec24e789c06aec35dd4f283fa4843b71c7aab1edbf4818f8e91,no_salary_hike_no_attrition_no_department,xgboost,d483d8ddb93a47a99a2eab54fe3d138d8f614798dd418bca860ea3f20c813f51,6.0,fdcaad5d2151a1ca98f9f77a8b48f5489f499c5b0a319bb37d68ba0d4de231d5,5.0,BusinessTravelFrequency,12.0,0.0718645727556779,,,,,,,,,,,,,,,,,,,,,,,,,
canonical_v2_20260714T221501Z_483f96f,51415c2ce68c89d9ce2b042b0a7a811fe3e98180b72460006f9d0465f6bf49b7,06c507bee525ea1daca43b61249764007d4d8baaa05c9333f23446ea723ce160,f1e358e99914563305428cece1b1595bc76a58643184407ec5b222162d650332,fold_ranking,oof_shap/fold_feature_rankings.csv,c1300316fe5baec24e789c06aec35dd4f283fa4843b71c7aab1edbf4818f8e91,no_salary_hike_no_attrition_no_department,xgboost,d483d8ddb93a47a99a2eab54fe3d138d8f614798dd418bca860ea3f20c813f51,6.0,fdcaad5d2151a1ca98f9f77a8b48f5489f499c5b0a319bb37d68ba0d4de231d5,5.0,TrainingTimesLastYear,13.0,0.0706242549902526,,,,,,,,,,,,,,,,,,,,,,,,,
canonical_v2_20260714T221501Z_483f96f,51415c2ce68c89d9ce2b042b0a7a811fe3e98180b72460006f9d0465f6bf49b7,06c507bee525ea1daca43b61249764007d4d8baaa05c9333f23446ea723ce160,f1e358e99914563305428cece1b1595bc76a58643184407ec5b222162d650332,fold_ranking,oof_shap/fold_feature_rankings.csv,c1300316fe5baec24e789c06aec35dd4f283fa4843b71c7aab1edbf4818f8e91,no_salary_hike_no_attrition_no_department,xgboost,d483d8ddb93a47a99a2eab54fe3d138d8f614798dd418bca860ea3f20c813f51,6.0,fdcaad5d2151a1ca98f9f77a8b48f5489f499c5b0a319bb37d68ba0d4de231d5,5.0,EmpRelationshipSatisfaction,14.0,0.0660961551459978,,,,,,,,,,,,,,,,,,,,,,,,,
canonical_v2_20260714T221501Z_483f96f,51415c2ce68c89d9ce2b042b0a7a811fe3e98180b72460006f9d0465f6bf49b7,06c507bee525ea1daca43b61249764007d4d8baaa05c9333f23446ea723ce160,f1e358e99914563305428cece1b1595bc76a58643184407ec5b222162d650332,fold_ranking,oof_shap/fold_feature_rankings.csv,c1300316fe5baec24e789c06aec35dd4f283fa4843b71c7aab1edbf4818f8e91,no_salary_hike_no_attrition_no_department,xgboost,d483d8ddb93a47a99a2eab54fe3d138d8f614798dd418bca860ea3f20c813f51,6.0,fdcaad5d2151a1ca98f9f77a8b48f5489f499c5b0a319bb37d68ba0d4de231d5,5.0,EducationBackground,15.0,0.0586582629816702,,,,,,,,,,,,,,,,,,,,,,,,,
canonical_v2_20260714T221501Z_483f96f,51415c2ce68c89d9ce2b042b0a7a811fe3e98180b72460006f9d0465f6bf49b7,06c507bee525ea1daca43b61249764007d4d8baaa05c9333f23446ea723ce160,f1e358e99914563305428cece1b1595bc76a58643184407ec5b222162d650332,fold_ranking,oof_shap/fold_feature_rankings.csv,c1300316fe5baec24e789c06aec35dd4f283fa4843b71c7aab1edbf4818f8e91,no_salary_hike_no_attrition_no_department,xgboost,d483d8ddb93a47a99a2eab54fe3d138d8f614798dd418bca860ea3f20c813f51,6.0,fdcaad5d2151a1ca98f9f77a8b48f5489f499c5b0a319bb37d68ba0d4de231d5,5.0,EmpJobLevel,16.0,0.0484674981442771,,,,,,,,,,,,,,,,,,,,,,,,,
canonical_v2_20260714T221501Z_483f96f,51415c2ce68c89d9ce2b042b0a7a811fe3e98180b72460006f9d0465f6bf49b7,06c507bee525ea1daca43b61249764007d4d8baaa05c9333f23446ea723ce160,f1e358e99914563305428cece1b1595bc76a58643184407ec5b222162d650332,fold_ranking,oof_shap/fold_feature_rankings.csv,c1300316fe5baec24e789c06aec35dd4f283fa4843b71c7aab1edbf4818f8e91,no_salary_hike_no_attrition_no_department,xgboost,d483d8ddb93a47a99a2eab54fe3d138d8f614798dd418bca860ea3f20c813f51,6.0,fdcaad5d2151a1ca98f9f77a8b48f5489f499c5b0a319bb37d68ba0d4de231d5,5.0,NumCompaniesWorked,17.0,0.0471303166332493,,,,,,,,,,,,,,,,,,,,,,,,,
canonical_v2_20260714T221501Z_483f96f,51415c2ce68c89d9ce2b042b0a7a811fe3e98180b72460006f9d0465f6bf49b7,06c507bee525ea1daca43b61249764007d4d8baaa05c9333f23446ea723ce160,f1e358e99914563305428cece1b1595bc76a58643184407ec5b222162d650332,fold_ranking,oof_shap/fold_feature_rankings.csv,c1300316fe5baec24e789c06aec35dd4f283fa4843b71c7aab1edbf4818f8e91,no_salary_hike_no_attrition_no_department,xgboost,d483d8ddb93a47a99a2eab54fe3d138d8f614798dd418bca860ea3f20c813f51,6.0,fdcaad5d2151a1ca98f9f77a8b48f5489f499c5b0a319bb37d68ba0d4de231d5,5.0,EmpEducationLevel,18.0,0.0468718667348083,,,,,,,,,,,,,,,,,,,,,,,,,
canonical_v2_20260714T221501Z_483f96f,51415c2ce68c89d9ce2b042b0a7a811fe3e98180b72460006f9d0465f6bf49b7,06c507bee525ea1daca43b61249764007d4d8baaa05c9333f23446ea723ce160,f1e358e99914563305428cece1b1595bc76a58643184407ec5b222162d650332,fold_ranking,oof_shap/fold_feature_rankings.csv,c1300316fe5baec24e789c06aec35dd4f283fa4843b71c7aab1edbf4818f8e91,no_salary_hike_no_attrition_no_department,xgboost,d483d8ddb93a47a99a2eab54fe3d138d8f614798dd418bca860ea3f20c813f51,6.0,fdcaad5d2151a1ca98f9f77a8b48f5489f499c5b0a319bb37d68ba0d4de231d5,5.0,EmpJobInvolvement,19.0,0.0397474118126006,,,,,,,,,,,,,,,,,,,,,,,,,
canonical_v2_20260714T221501Z_483f96f,51415c2ce68c89d9ce2b042b0a7a811fe3e98180b72460006f9d0465f6bf49b7,06c507bee525ea1daca43b61249764007d4d8baaa05c9333f23446ea723ce160,f1e358e99914563305428cece1b1595bc76a58643184407ec5b222162d650332,fold_ranking,oof_shap/fold_feature_rankings.csv,c1300316fe5baec24e789c06aec35dd4f283fa4843b71c7aab1edbf4818f8e91,no_salary_hike_no_attrition_no_department,xgboost,d483d8ddb93a47a99a2eab54fe3d138d8f614798dd418bca860ea3f20c813f51,6.0,fdcaad5d2151a1ca98f9f77a8b48f5489f499c5b0a319bb37d68ba0d4de231d5,5.0,OverTime,20.0,0.0346879730370144,,,,,,,,,,,,,,,,,,,,,,,,,
canonical_v2_20260714T221501Z_483f96f,51415c2ce68c89d9ce2b042b0a7a811fe3e98180b72460006f9d0465f6bf49b7,06c507bee525ea1daca43b61249764007d4d8baaa05c9333f23446ea723ce160,f1e358e99914563305428cece1b1595bc76a58643184407ec5b222162d650332,fold_ranking,oof_shap/fold_feature_rankings.csv,c1300316fe5baec24e789c06aec35dd4f283fa4843b71c7aab1edbf4818f8e91,no_salary_hike_no_attrition_no_department,xgboost,d483d8ddb93a47a99a2eab54fe3d138d8f614798dd418bca860ea3f20c813f51,7.0,a1d147211856b75e9baa9a5147019cedefed6804c2673abc43c9d86cc22bfb32,1.0,EmpEnvironmentSatisfaction,1.0,1.0438593335152189,,,,,,,,,,,,,,,,,,,,,,,,,
canonical_v2_20260714T221501Z_483f96f,51415c2ce68c89d9ce2b042b0a7a811fe3e98180b72460006f9d0465f6bf49b7,06c507bee525ea1daca43b61249764007d4d8baaa05c9333f23446ea723ce160,f1e358e99914563305428cece1b1595bc76a58643184407ec5b222162d650332,fold_ranking,oof_shap/fold_feature_rankings.csv,c1300316fe5baec24e789c06aec35dd4f283fa4843b71c7aab1edbf4818f8e91,no_salary_hike_no_attrition_no_department,xgboost,d483d8ddb93a47a99a2eab54fe3d138d8f614798dd418bca860ea3f20c813f51,7.0,a1d147211856b75e9baa9a5147019cedefed6804c2673abc43c9d86cc22bfb32,1.0,YearsSinceLastPromotion,2.0,0.5044088225097059,,,,,,,,,,,,,,,,,,,,,,,,,
canonical_v2_20260714T221501Z_483f96f,51415c2ce68c89d9ce2b042b0a7a811fe3e98180b72460006f9d0465f6bf49b7,06c507bee525ea1daca43b61249764007d4d8baaa05c9333f23446ea723ce160,f1e358e99914563305428cece1b1595bc76a58643184407ec5b222162d650332,fold_ranking,oof_shap/fold_feature_rankings.csv,c1300316fe5baec24e789c06aec35dd4f283fa4843b71c7aab1edbf4818f8e91,no_salary_hike_no_attrition_no_department,xgboost,d483d8ddb93a47a99a2eab54fe3d138d8f614798dd418bca860ea3f20c813f51,7.0,a1d147211856b75e9baa9a5147019cedefed6804c2673abc43c9d86cc22bfb32,1.0,EmpJobRole,3.0,0.2702833385810865,,,,,,,,,,,,,,,,,,,,,,,,,
canonical_v2_20260714T221501Z_483f96f,51415c2ce68c89d9ce2b042b0a7a811fe3e98180b72460006f9d0465f6bf49b7,06c507bee525ea1daca43b61249764007d4d8baaa05c9333f23446ea723ce160,f1e358e99914563305428cece1b1595bc76a58643184407ec5b222162d650332,fold_ranking,oof_shap/fold_feature_rankings.csv,c1300316fe5baec24e789c06aec35dd4f283fa4843b71c7aab1edbf4818f8e91,no_salary_hike_no_attrition_no_department,xgboost,d483d8ddb93a47a99a2eab54fe3d138d8f614798dd418bca860ea3f20c813f51,7.0,a1d147211856b75e9baa9a5147019cedefed6804c2673abc43c9d86cc22bfb32,1.0,ExperienceYearsInCurrentRole,4.0,0.256923504720746,,,,,,,,,,,,,,,,,,,,,,,,,
canonical_v2_20260714T221501Z_483f96f,51415c2ce68c89d9ce2b042b0a7a811fe3e98180b72460006f9d0465f6bf49b7,06c507bee525ea1daca43b61249764007d4d8baaa05c9333f23446ea723ce160,f1e358e99914563305428cece1b1595bc76a58643184407ec5b222162d650332,fold_ranking,oof_shap/fold_feature_rankings.csv,c1300316fe5baec24e789c06aec35dd4f283fa4843b71c7aab1edbf4818f8e91,no_salary_hike_no_attrition_no_department,xgboost,d483d8ddb93a47a99a2eab54fe3d138d8f614798dd418bca860ea3f20c813f51,7.0,a1d147211856b75e9baa9a5147019cedefed6804c2673abc43c9d86cc22bfb32,1.0,EmpWorkLifeBalance,5.0,0.2314788205866029,,,,,,,,,,,,,,,,,,,,,,,,,
canonical_v2_20260714T221501Z_483f96f,51415c2ce68c89d9ce2b042b0a7a811fe3e98180b72460006f9d0465f6bf49b7,06c507bee525ea1daca43b61249764007d4d8baaa05c9333f23446ea723ce160,f1e358e99914563305428cece1b1595bc76a58643184407ec5b222162d650332,fold_ranking,oof_shap/fold_feature_rankings.csv,c1300316fe5baec24e789c06aec35dd4f283fa4843b71c7aab1edbf4818f8e91,no_salary_hike_no_attrition_no_department,xgboost,d483d8ddb93a47a99a2eab54fe3d138d8f614798dd418bca860ea3f20c813f51,7.0,a1d147211856b75e9baa9a5147019cedefed6804c2673abc43c9d86cc22bfb32,1.0,EmpHourlyRate,6.0,0.111369974770605,,,,,,,,,,,,,,,,,,,,,,,,,
canonical_v2_20260714T221501Z_483f96f,51415c2ce68c89d9ce2b042b0a7a811fe3e98180b72460006f9d0465f6bf49b7,06c507bee525ea1daca43b61249764007d4d8baaa05c9333f23446ea723ce160,f1e358e99914563305428cece1b1595bc76a58643184407ec5b222162d650332,fold_ranking,oof_shap/fold_feature_rankings.csv,c1300316fe5baec24e789c06aec35dd4f283fa4843b71c7aab1edbf4818f8e91,no_salary_hike_no_attrition_no_department,xgboost,d483d8ddb93a47a99a2eab54fe3d138d8f614798dd418bca860ea3f20c813f51,7.0,a1d147211856b75e9baa9a5147019cedefed6804c2673abc43c9d86cc22bfb32,1.0,DistanceFromHome,7.0,0.1032347486449806,,,,,,,,,,,,,,,,,,,,,,,,,
canonical_v2_20260714T221501Z_483f96f,51415c2ce68c89d9ce2b042b0a7a811fe3e98180b72460006f9d0465f6bf49b7,06c507bee525ea1daca43b61249764007d4d8baaa05c9333f23446ea723ce160,f1e358e99914563305428cece1b1595bc76a58643184407ec5b222162d650332,fold_ranking,oof_shap/fold_feature_rankings.csv,c1300316fe5baec24e789c06aec35dd4f283fa4843b71c7aab1edbf4818f8e91,no_salary_hike_no_attrition_no_department,xgboost,d483d8ddb93a47a99a2eab54fe3d138d8f614798dd418bca860ea3f20c813f51,7.0,a1d147211856b75e9baa9a5147019cedefed6804c2673abc43c9d86cc22bfb32,1.0,YearsWithCurrManager,8.0,0.0922587495785491,,,,,,,,,,,,,,,,,,,,,,,,,
canonical_v2_20260714T221501Z_483f96f,51415c2ce68c89d9ce2b042b0a7a811fe3e98180b72460006f9d0465f6bf49b7,06c507bee525ea1daca43b61249764007d4d8baaa05c9333f23446ea723ce160,f1e358e99914563305428cece1b1595bc76a58643184407ec5b222162d650332,fold_ranking,oof_shap/fold_feature_rankings.csv,c1300316fe5baec24e789c06aec35dd4f283fa4843b71c7aab1edbf4818f8e91,no_salary_hike_no_attrition_no_department,xgboost,d483d8ddb93a47a99a2eab54fe3d138d8f614798dd418bca860ea3f20c813f51,7.0,a1d147211856b75e9baa9a5147019cedefed6804c2673abc43c9d86cc22bfb32,1.0,TotalWorkExperienceInYears,9.0,0.0903920761419511,,,,,,,,,,,,,,,,,,,,,,,,,
canonical_v2_20260714T221501Z_483f96f,51415c2ce68c89d9ce2b042b0a7a811fe3e98180b72460006f9d0465f6bf49b7,06c507bee525ea1daca43b61249764007d4d8baaa05c9333f23446ea723ce160,f1e358e99914563305428cece1b1595bc76a58643184407ec5b222162d650332,fold_ranking,oof_shap/fold_feature_rankings.csv,c1300316fe5baec24e789c06aec35dd4f283fa4843b71c7aab1edbf4818f8e91,no_salary_hike_no_attrition_no_department,xgboost,d483d8ddb93a47a99a2eab54fe3d138d8f614798dd418bca860ea3f20c813f51,7.0,a1d147211856b75e9baa9a5147019cedefed6804c2673abc43c9d86cc22bfb32,1.0,EmpJobSatisfaction,10.0,0.0841607468021619,,,,,,,,,,,,,,,,,,,,,,,,,
canonical_v2_20260714T221501Z_483f96f,51415c2ce68c89d9ce2b042b0a7a811fe3e98180b72460006f9d0465f6bf49b7,06c507bee525ea1daca43b61249764007d4d8baaa05c9333f23446ea723ce160,f1e358e99914563305428cece1b1595bc76a58643184407ec5b222162d650332,fold_ranking,oof_shap/fold_feature_rankings.csv,c1300316fe5baec24e789c06aec35dd4f283fa4843b71c7aab1edbf4818f8e91,no_salary_hike_no_attrition_no_department,xgboost,d483d8ddb93a47a99a2eab54fe3d138d8f614798dd418bca860ea3f20c813f51,7.0,a1d147211856b75e9baa9a5147019cedefed6804c2673abc43c9d86cc22bfb32,1.0,TrainingTimesLastYear,11.0,0.0725821357905968,,,,,,,,,,,,,,,,,,,,,,,,,
canonical_v2_20260714T221501Z_483f96f,51415c2ce68c89d9ce2b042b0a7a811fe3e98180b72460006f9d0465f6bf49b7,06c507bee525ea1daca43b61249764007d4d8baaa05c9333f23446ea723ce160,f1e358e99914563305428cece1b1595bc76a58643184407ec5b222162d650332,fold_ranking,oof_shap/fold_feature_rankings.csv,c1300316fe5baec24e789c06aec35dd4f283fa4843b71c7aab1edbf4818f8e91,no_salary_hike_no_attrition_no_department,xgboost,d483d8ddb93a47a99a2eab54fe3d138d8f614798dd418bca860ea3f20c813f51,7.0,a1d147211856b75e9baa9a5147019cedefed6804c2673abc43c9d86cc22bfb32,1.0,ExperienceYearsAtThisCompany,12.0,0.0608480313334439,,,,,,,,,,,,,,,,,,,,,,,,,
canonical_v2_20260714T221501Z_483f96f,51415c2ce68c89d9ce2b042b0a7a811fe3e98180b72460006f9d0465f6bf49b7,06c507bee525ea1daca43b61249764007d4d8baaa05c9333f23446ea723ce160,f1e358e99914563305428cece1b1595bc76a58643184407ec5b222162d650332,fold_ranking,oof_shap/fold_feature_rankings.csv,c1300316fe5baec24e789c06aec35dd4f283fa4843b71c7aab1edbf4818f8e91,no_salary_hike_no_attrition_no_department,xgboost,d483d8ddb93a47a99a2eab54fe3d138d8f614798dd418bca860ea3f20c813f51,7.0,a1d147211856b75e9baa9a5147019cedefed6804c2673abc43c9d86cc22bfb32,1.0,NumCompaniesWorked,13.0,0.0525028531048721,,,,,,,,,,,,,,,,,,,,,,,,,
canonical_v2_20260714T221501Z_483f96f,51415c2ce68c89d9ce2b042b0a7a811fe3e98180b72460006f9d0465f6bf49b7,06c507bee525ea1daca43b61249764007d4d8baaa05c9333f23446ea723ce160,f1e358e99914563305428cece1b1595bc76a58643184407ec5b222162d650332,fold_ranking,oof_shap/fold_feature_rankings.csv,c1300316fe5baec24e789c06aec35dd4f283fa4843b71c7aab1edbf4818f8e91,no_salary_hike_no_attrition_no_department,xgboost,d483d8ddb93a47a99a2eab54fe3d138d8f614798dd418bca860ea3f20c813f51,7.0,a1d147211856b75e9baa9a5147019cedefed6804c2673abc43c9d86cc22bfb32,1.0,EducationBackground,14.0,0.049211215870754,,,,,,,,,,,,,,,,,,,,,,,,,
canonical_v2_20260714T221501Z_483f96f,51415c2ce68c89d9ce2b042b0a7a811fe3e98180b72460006f9d0465f6bf49b7,06c507bee525ea1daca43b61249764007d4d8baaa05c9333f23446ea723ce160,f1e358e99914563305428cece1b1595bc76a58643184407ec5b222162d650332,fold_ranking,oof_shap/fold_feature_rankings.csv,c1300316fe5baec24e789c06aec35dd4f283fa4843b71c7aab1edbf4818f8e91,no_salary_hike_no_attrition_no_department,xgboost,d483d8ddb93a47a99a2eab54fe3d138d8f614798dd418bca860ea3f20c813f51,7.0,a1d147211856b75e9baa9a5147019cedefed6804c2673abc43c9d86cc22bfb32,1.0,BusinessTravelFrequency,15.0,0.0424172025054253,,,,,,,,,,,,,,,,,,,,,,,,,
canonical_v2_20260714T221501Z_483f96f,51415c2ce68c89d9ce2b042b0a7a811fe3e98180b72460006f9d0465f6bf49b7,06c507bee525ea1daca43b61249764007d4d8baaa05c9333f23446ea723ce160,f1e358e99914563305428cece1b1595bc76a58643184407ec5b222162d650332,fold_ranking,oof_shap/fold_feature_rankings.csv,c1300316fe5baec24e789c06aec35dd4f283fa4843b71c7aab1edbf4818f8e91,no_salary_hike_no_attrition_no_department,xgboost,d483d8ddb93a47a99a2eab54fe3d138d8f614798dd418bca860ea3f20c813f51,7.0,a1d147211856b75e9baa9a5147019cedefed6804c2673abc43c9d86cc22bfb32,1.0,EmpEducationLevel,16.0,0.0407091765127713,,,,,,,,,,,,,,,,,,,,,,,,,
canonical_v2_20260714T221501Z_483f96f,51415c2ce68c89d9ce2b042b0a7a811fe3e98180b72460006f9d0465f6bf49b7,06c507bee525ea1daca43b61249764007d4d8baaa05c9333f23446ea723ce160,f1e358e99914563305428cece1b1595bc76a58643184407ec5b222162d650332,fold_ranking,oof_shap/fold_feature_rankings.csv,c1300316fe5baec24e789c06aec35dd4f283fa4843b71c7aab1edbf4818f8e91,no_salary_hike_no_attrition_no_department,xgboost,d483d8ddb93a47a99a2eab54fe3d138d8f614798dd418bca860ea3f20c813f51,7.0,a1d147211856b75e9baa9a5147019cedefed6804c2673abc43c9d86cc22bfb32,1.0,EmpJobLevel,17.0,0.0378123962007521,,,,,,,,,,,,,,,,,,,,,,,,,
canonical_v2_20260714T221501Z_483f96f,51415c2ce68c89d9ce2b042b0a7a811fe3e98180b72460006f9d0465f6bf49b7,06c507bee525ea1daca43b61249764007d4d8baaa05c9333f23446ea723ce160,f1e358e99914563305428cece1b1595bc76a58643184407ec5b222162d650332,fold_ranking,oof_shap/fold_feature_rankings.csv,c1300316fe5baec24e789c06aec35dd4f283fa4843b71c7aab1edbf4818f8e91,no_salary_hike_no_attrition_no_department,xgboost,d483d8ddb93a47a99a2eab54fe3d138d8f614798dd418bca860ea3f20c813f51,7.0,a1d147211856b75e9baa9a5147019cedefed6804c2673abc43c9d86cc22bfb32,1.0,EmpRelationshipSatisfaction,18.0,0.0354384643959444,,,,,,,,,,,,,,,,,,,,,,,,,
canonical_v2_20260714T221501Z_483f96f,51415c2ce68c89d9ce2b042b0a7a811fe3e98180b72460006f9d0465f6bf49b7,06c507bee525ea1daca43b61249764007d4d8baaa05c9333f23446ea723ce160,f1e358e99914563305428cece1b1595bc76a58643184407ec5b222162d650332,fold_ranking,oof_shap/fold_feature_rankings.csv,c1300316fe5baec24e789c06aec35dd4f283fa4843b71c7aab1edbf4818f8e91,no_salary_hike_no_attrition_no_department,xgboost,d483d8ddb93a47a99a2eab54fe3d138d8f614798dd418bca860ea3f20c813f51,7.0,a1d147211856b75e9baa9a5147019cedefed6804c2673abc43c9d86cc22bfb32,1.0,EmpJobInvolvement,19.0,0.0327436788842735,,,,,,,,,,,,,,,,,,,,,,,,,
canonical_v2_20260714T221501Z_483f96f,51415c2ce68c89d9ce2b042b0a7a811fe3e98180b72460006f9d0465f6bf49b7,06c507bee525ea1daca43b61249764007d4d8baaa05c9333f23446ea723ce160,f1e358e99914563305428cece1b1595bc76a58643184407ec5b222162d650332,fold_ranking,oof_shap/fold_feature_rankings.csv,c1300316fe5baec24e789c06aec35dd4f283fa4843b71c7aab1edbf4818f8e91,no_salary_hike_no_attrition_no_department,xgboost,d483d8ddb93a47a99a2eab54fe3d138d8f614798dd418bca860ea3f20c813f51,7.0,a1d147211856b75e9baa9a5147019cedefed6804c2673abc43c9d86cc22bfb32,1.0,OverTime,20.0,0.0288227471778453,,,,,,,,,,,,,,,,,,,,,,,,,
canonical_v2_20260714T221501Z_483f96f,51415c2ce68c89d9ce2b042b0a7a811fe3e98180b72460006f9d0465f6bf49b7,06c507bee525ea1daca43b61249764007d4d8baaa05c9333f23446ea723ce160,f1e358e99914563305428cece1b1595bc76a58643184407ec5b222162d650332,fold_ranking,oof_shap/fold_feature_rankings.csv,c1300316fe5baec24e789c06aec35dd4f283fa4843b71c7aab1edbf4818f8e91,no_salary_hike_no_attrition_no_department,xgboost,d483d8ddb93a47a99a2eab54fe3d138d8f614798dd418bca860ea3f20c813f51,8.0,e65d6ebca2e1310d83df33558a5be214002b8b04116cefc7330946e7edd2166d,5.0,EmpEnvironmentSatisfaction,1.0,1.1304276008158922,,,,,,,,,,,,,,,,,,,,,,,,,
canonical_v2_20260714T221501Z_483f96f,51415c2ce68c89d9ce2b042b0a7a811fe3e98180b72460006f9d0465f6bf49b7,06c507bee525ea1daca43b61249764007d4d8baaa05c9333f23446ea723ce160,f1e358e99914563305428cece1b1595bc76a58643184407ec5b222162d650332,fold_ranking,oof_shap/fold_feature_rankings.csv,c1300316fe5baec24e789c06aec35dd4f283fa4843b71c7aab1edbf4818f8e91,no_salary_hike_no_attrition_no_department,xgboost,d483d8ddb93a47a99a2eab54fe3d138d8f614798dd418bca860ea3f20c813f51,8.0,e65d6ebca2e1310d83df33558a5be214002b8b04116cefc7330946e7edd2166d,5.0,YearsSinceLastPromotion,2.0,0.6297851715961265,,,,,,,,,,,,,,,,,,,,,,,,,
canonical_v2_20260714T221501Z_483f96f,51415c2ce68c89d9ce2b042b0a7a811fe3e98180b72460006f9d0465f6bf49b7,06c507bee525ea1daca43b61249764007d4d8baaa05c9333f23446ea723ce160,f1e358e99914563305428cece1b1595bc76a58643184407ec5b222162d650332,fold_ranking,oof_shap/fold_feature_rankings.csv,c1300316fe5baec24e789c06aec35dd4f283fa4843b71c7aab1edbf4818f8e91,no_salary_hike_no_attrition_no_department,xgboost,d483d8ddb93a47a99a2eab54fe3d138d8f614798dd418bca860ea3f20c813f51,8.0,e65d6ebca2e1310d83df33558a5be214002b8b04116cefc7330946e7edd2166d,5.0,EmpWorkLifeBalance,3.0,0.2739778036830507,,,,,,,,,,,,,,,,,,,,,,,,,
canonical_v2_20260714T221501Z_483f96f,51415c2ce68c89d9ce2b042b0a7a811fe3e98180b72460006f9d0465f6bf49b7,06c507bee525ea1daca43b61249764007d4d8baaa05c9333f23446ea723ce160,f1e358e99914563305428cece1b1595bc76a58643184407ec5b222162d650332,fold_ranking,oof_shap/fold_feature_rankings.csv,c1300316fe5baec24e789c06aec35dd4f283fa4843b71c7aab1edbf4818f8e91,no_salary_hike_no_attrition_no_department,xgboost,d483d8ddb93a47a99a2eab54fe3d138d8f614798dd418bca860ea3f20c813f51,8.0,e65d6ebca2e1310d83df33558a5be214002b8b04116cefc7330946e7edd2166d,5.0,EmpJobRole,4.0,0.2454222994648451,,,,,,,,,,,,,,,,,,,,,,,,,
canonical_v2_20260714T221501Z_483f96f,51415c2ce68c89d9ce2b042b0a7a811fe3e98180b72460006f9d0465f6bf49b7,06c507bee525ea1daca43b61249764007d4d8baaa05c9333f23446ea723ce160,f1e358e99914563305428cece1b1595bc76a58643184407ec5b222162d650332,fold_ranking,oof_shap/fold_feature_rankings.csv,c1300316fe5baec24e789c06aec35dd4f283fa4843b71c7aab1edbf4818f8e91,no_salary_hike_no_attrition_no_department,xgboost,d483d8ddb93a47a99a2eab54fe3d138d8f614798dd418bca860ea3f20c813f51,8.0,e65d6ebca2e1310d83df33558a5be214002b8b04116cefc7330946e7edd2166d,5.0,ExperienceYearsInCurrentRole,5.0,0.2000938518755396,,,,,,,,,,,,,,,,,,,,,,,,,
canonical_v2_20260714T221501Z_483f96f,51415c2ce68c89d9ce2b042b0a7a811fe3e98180b72460006f9d0465f6bf49b7,06c507bee525ea1daca43b61249764007d4d8baaa05c9333f23446ea723ce160,f1e358e99914563305428cece1b1595bc76a58643184407ec5b222162d650332,fold_ranking,oof_shap/fold_feature_rankings.csv,c1300316fe5baec24e789c06aec35dd4f283fa4843b71c7aab1edbf4818f8e91,no_salary_hike_no_attrition_no_department,xgboost,d483d8ddb93a47a99a2eab54fe3d138d8f614798dd418bca860ea3f20c813f51,8.0,e65d6ebca2e1310d83df33558a5be214002b8b04116cefc7330946e7edd2166d,5.0,EmpHourlyRate,6.0,0.1549872606147093,,,,,,,,,,,,,,,,,,,,,,,,,
canonical_v2_20260714T221501Z_483f96f,51415c2ce68c89d9ce2b042b0a7a811fe3e98180b72460006f9d0465f6bf49b7,06c507bee525ea1daca43b61249764007d4d8baaa05c9333f23446ea723ce160,f1e358e99914563305428cece1b1595bc76a58643184407ec5b222162d650332,fold_ranking,oof_shap/fold_feature_rankings.csv,c1300316fe5baec24e789c06aec35dd4f283fa4843b71c7aab1edbf4818f8e91,no_salary_hike_no_attrition_no_department,xgboost,d483d8ddb93a47a99a2eab54fe3d138d8f614798dd418bca860ea3f20c813f51,8.0,e65d6ebca2e1310d83df33558a5be214002b8b04116cefc7330946e7edd2166d,5.0,DistanceFromHome,7.0,0.1411974756320382,,,,,,,,,,,,,,,,,,,,,,,,,
canonical_v2_20260714T221501Z_483f96f,51415c2ce68c89d9ce2b042b0a7a811fe3e98180b72460006f9d0465f6bf49b7,06c507bee525ea1daca43b61249764007d4d8baaa05c9333f23446ea723ce160,f1e358e99914563305428cece1b1595bc76a58643184407ec5b222162d650332,fold_ranking,oof_shap/fold_feature_rankings.csv,c1300316fe5baec24e789c06aec35dd4f283fa4843b71c7aab1edbf4818f8e91,no_salary_hike_no_attrition_no_department,xgboost,d483d8ddb93a47a99a2eab54fe3d138d8f614798dd418bca860ea3f20c813f51,8.0,e65d6ebca2e1310d83df33558a5be214002b8b04116cefc7330946e7edd2166d,5.0,YearsWithCurrManager,8.0,0.128131341672593,,,,,,,,,,,,,,,,,,,,,,,,,
canonical_v2_20260714T221501Z_483f96f,51415c2ce68c89d9ce2b042b0a7a811fe3e98180b72460006f9d0465f6bf49b7,06c507bee525ea1daca43b61249764007d4d8baaa05c9333f23446ea723ce160,f1e358e99914563305428cece1b1595bc76a58643184407ec5b222162d650332,fold_ranking,oof_shap/fold_feature_rankings.csv,c1300316fe5baec24e789c06aec35dd4f283fa4843b71c7aab1edbf4818f8e91,no_salary_hike_no_attrition_no_department,xgboost,d483d8ddb93a47a99a2eab54fe3d138d8f614798dd418bca860ea3f20c813f51,8.0,e65d6ebca2e1310d83df33558a5be214002b8b04116cefc7330946e7edd2166d,5.0,TotalWorkExperienceInYears,9.0,0.1160780257590684,,,,,,,,,,,,,,,,,,,,,,,,,
canonical_v2_20260714T221501Z_483f96f,51415c2ce68c89d9ce2b042b0a7a811fe3e98180b72460006f9d0465f6bf49b7,06c507bee525ea1daca43b61249764007d4d8baaa05c9333f23446ea723ce160,f1e358e99914563305428cece1b1595bc76a58643184407ec5b222162d650332,fold_ranking,oof_shap/fold_feature_rankings.csv,c1300316fe5baec24e789c06aec35dd4f283fa4843b71c7aab1edbf4818f8e91,no_salary_hike_no_attrition_no_department,xgboost,d483d8ddb93a47a99a2eab54fe3d138d8f614798dd418bca860ea3f20c813f51,8.0,e65d6ebca2e1310d83df33558a5be214002b8b04116cefc7330946e7edd2166d,5.0,EducationBackground,10.0,0.0997277508256552,,,,,,,,,,,,,,,,,,,,,,,,,
canonical_v2_20260714T221501Z_483f96f,51415c2ce68c89d9ce2b042b0a7a811fe3e98180b72460006f9d0465f6bf49b7,06c507bee525ea1daca43b61249764007d4d8baaa05c9333f23446ea723ce160,f1e358e99914563305428cece1b1595bc76a58643184407ec5b222162d650332,fold_ranking,oof_shap/fold_feature_rankings.csv,c1300316fe5baec24e789c06aec35dd4f283fa4843b71c7aab1edbf4818f8e91,no_salary_hike_no_attrition_no_department,xgboost,d483d8ddb93a47a99a2eab54fe3d138d8f614798dd418bca860ea3f20c813f51,8.0,e65d6ebca2e1310d83df33558a5be214002b8b04116cefc7330946e7edd2166d,5.0,ExperienceYearsAtThisCompany,11.0,0.0942363987851422,,,,,,,,,,,,,,,,,,,,,,,,,
canonical_v2_20260714T221501Z_483f96f,51415c2ce68c89d9ce2b042b0a7a811fe3e98180b72460006f9d0465f6bf49b7,06c507bee525ea1daca43b61249764007d4d8baaa05c9333f23446ea723ce160,f1e358e99914563305428cece1b1595bc76a58643184407ec5b222162d650332,fold_ranking,oof_shap/fold_feature_rankings.csv,c1300316fe5baec24e789c06aec35dd4f283fa4843b71c7aab1edbf4818f8e91,no_salary_hike_no_attrition_no_department,xgboost,d483d8ddb93a47a99a2eab54fe3d138d8f614798dd418bca860ea3f20c813f51,8.0,e65d6ebca2e1310d83df33558a5be214002b8b04116cefc7330946e7edd2166d,5.0,TrainingTimesLastYear,12.0,0.0801641562789478,,,,,,,,,,,,,,,,,,,,,,,,,
canonical_v2_20260714T221501Z_483f96f,51415c2ce68c89d9ce2b042b0a7a811fe3e98180b72460006f9d0465f6bf49b7,06c507bee525ea1daca43b61249764007d4d8baaa05c9333f23446ea723ce160,f1e358e99914563305428cece1b1595bc76a58643184407ec5b222162d650332,fold_ranking,oof_shap/fold_feature_rankings.csv,c1300316fe5baec24e789c06aec35dd4f283fa4843b71c7aab1edbf4818f8e91,no_salary_hike_no_attrition_no_department,xgboost,d483d8ddb93a47a99a2eab54fe3d138d8f614798dd418bca860ea3f20c813f51,8.0,e65d6ebca2e1310d83df33558a5be214002b8b04116cefc7330946e7edd2166d,5.0,BusinessTravelFrequency,13.0,0.0714617835775748,,,,,,,,,,,,,,,,,,,,,,,,,
canonical_v2_20260714T221501Z_483f96f,51415c2ce68c89d9ce2b042b0a7a811fe3e98180b72460006f9d0465f6bf49b7,06c507bee525ea1daca43b61249764007d4d8baaa05c9333f23446ea723ce160,f1e358e99914563305428cece1b1595bc76a58643184407ec5b222162d650332,fold_ranking,oof_shap/fold_feature_rankings.csv,c1300316fe5baec24e789c06aec35dd4f283fa4843b71c7aab1edbf4818f8e91,no_salary_hike_no_attrition_no_department,xgboost,d483d8ddb93a47a99a2eab54fe3d138d8f614798dd418bca860ea3f20c813f51,8.0,e65d6ebca2e1310d83df33558a5be214002b8b04116cefc7330946e7edd2166d,5.0,EmpJobSatisfaction,14.0,0.0712290526409762,,,,,,,,,,,,,,,,,,,,,,,,,
canonical_v2_20260714T221501Z_483f96f,51415c2ce68c89d9ce2b042b0a7a811fe3e98180b72460006f9d0465f6bf49b7,06c507bee525ea1daca43b61249764007d4d8baaa05c9333f23446ea723ce160,f1e358e99914563305428cece1b1595bc76a58643184407ec5b222162d650332,fold_ranking,oof_shap/fold_feature_rankings.csv,c1300316fe5baec24e789c06aec35dd4f283fa4843b71c7aab1edbf4818f8e91,no_salary_hike_no_attrition_no_department,xgboost,d483d8ddb93a47a99a2eab54fe3d138d8f614798dd418bca860ea3f20c813f51,8.0,e65d6ebca2e1310d83df33558a5be214002b8b04116cefc7330946e7edd2166d,5.0,EmpEducationLevel,15.0,0.0585882161005025,,,,,,,,,,,,,,,,,,,,,,,,,
canonical_v2_20260714T221501Z_483f96f,51415c2ce68c89d9ce2b042b0a7a811fe3e98180b72460006f9d0465f6bf49b7,06c507bee525ea1daca43b61249764007d4d8baaa05c9333f23446ea723ce160,f1e358e99914563305428cece1b1595bc76a58643184407ec5b222162d650332,fold_ranking,oof_shap/fold_feature_rankings.csv,c1300316fe5baec24e789c06aec35dd4f283fa4843b71c7aab1edbf4818f8e91,no_salary_hike_no_attrition_no_department,xgboost,d483d8ddb93a47a99a2eab54fe3d138d8f614798dd418bca860ea3f20c813f51,8.0,e65d6ebca2e1310d83df33558a5be214002b8b04116cefc7330946e7edd2166d,5.0,EmpJobLevel,16.0,0.0584690301984665,,,,,,,,,,,,,,,,,,,,,,,,,
canonical_v2_20260714T221501Z_483f96f,51415c2ce68c89d9ce2b042b0a7a811fe3e98180b72460006f9d0465f6bf49b7,06c507bee525ea1daca43b61249764007d4d8baaa05c9333f23446ea723ce160,f1e358e99914563305428cece1b1595bc76a58643184407ec5b222162d650332,fold_ranking,oof_shap/fold_feature_rankings.csv,c1300316fe5baec24e789c06aec35dd4f283fa4843b71c7aab1edbf4818f8e91,no_salary_hike_no_attrition_no_department,xgboost,d483d8ddb93a47a99a2eab54fe3d138d8f614798dd418bca860ea3f20c813f51,8.0,e65d6ebca2e1310d83df33558a5be214002b8b04116cefc7330946e7edd2166d,5.0,EmpRelationshipSatisfaction,17.0,0.054962077798781,,,,,,,,,,,,,,,,,,,,,,,,,
canonical_v2_20260714T221501Z_483f96f,51415c2ce68c89d9ce2b042b0a7a811fe3e98180b72460006f9d0465f6bf49b7,06c507bee525ea1daca43b61249764007d4d8baaa05c9333f23446ea723ce160,f1e358e99914563305428cece1b1595bc76a58643184407ec5b222162d650332,fold_ranking,oof_shap/fold_feature_rankings.csv,c1300316fe5baec24e789c06aec35dd4f283fa4843b71c7aab1edbf4818f8e91,no_salary_hike_no_attrition_no_department,xgboost,d483d8ddb93a47a99a2eab54fe3d138d8f614798dd418bca860ea3f20c813f51,8.0,e65d6ebca2e1310d83df33558a5be214002b8b04116cefc7330946e7edd2166d,5.0,NumCompaniesWorked,18.0,0.0502744179143822,,,,,,,,,,,,,,,,,,,,,,,,,
canonical_v2_20260714T221501Z_483f96f,51415c2ce68c89d9ce2b042b0a7a811fe3e98180b72460006f9d0465f6bf49b7,06c507bee525ea1daca43b61249764007d4d8baaa05c9333f23446ea723ce160,f1e358e99914563305428cece1b1595bc76a58643184407ec5b222162d650332,fold_ranking,oof_shap/fold_feature_rankings.csv,c1300316fe5baec24e789c06aec35dd4f283fa4843b71c7aab1edbf4818f8e91,no_salary_hike_no_attrition_no_department,xgboost,d483d8ddb93a47a99a2eab54fe3d138d8f614798dd418bca860ea3f20c813f51,8.0,e65d6ebca2e1310d83df33558a5be214002b8b04116cefc7330946e7edd2166d,5.0,EmpJobInvolvement,19.0,0.0479367577103807,,,,,,,,,,,,,,,,,,,,,,,,,
canonical_v2_20260714T221501Z_483f96f,51415c2ce68c89d9ce2b042b0a7a811fe3e98180b72460006f9d0465f6bf49b7,06c507bee525ea1daca43b61249764007d4d8baaa05c9333f23446ea723ce160,f1e358e99914563305428cece1b1595bc76a58643184407ec5b222162d650332,fold_ranking,oof_shap/fold_feature_rankings.csv,c1300316fe5baec24e789c06aec35dd4f283fa4843b71c7aab1edbf4818f8e91,no_salary_hike_no_attrition_no_department,xgboost,d483d8ddb93a47a99a2eab54fe3d138d8f614798dd418bca860ea3f20c813f51,8.0,e65d6ebca2e1310d83df33558a5be214002b8b04116cefc7330946e7edd2166d,5.0,OverTime,20.0,0.0352701130708131,,,,,,,,,,,,,,,,,,,,,,,,,
canonical_v2_20260714T221501Z_483f96f,51415c2ce68c89d9ce2b042b0a7a811fe3e98180b72460006f9d0465f6bf49b7,06c507bee525ea1daca43b61249764007d4d8baaa05c9333f23446ea723ce160,f1e358e99914563305428cece1b1595bc76a58643184407ec5b222162d650332,fold_ranking,oof_shap/fold_feature_rankings.csv,c1300316fe5baec24e789c06aec35dd4f283fa4843b71c7aab1edbf4818f8e91,no_salary_hike_no_attrition_no_department,xgboost,d483d8ddb93a47a99a2eab54fe3d138d8f614798dd418bca860ea3f20c813f51,9.0,0c40ac47f34a79f121be0f46703ff5d11586c84f7713225479891b3f13158f47,1.0,EmpEnvironmentSatisfaction,1.0,1.062404454054518,,,,,,,,,,,,,,,,,,,,,,,,,
canonical_v2_20260714T221501Z_483f96f,51415c2ce68c89d9ce2b042b0a7a811fe3e98180b72460006f9d0465f6bf49b7,06c507bee525ea1daca43b61249764007d4d8baaa05c9333f23446ea723ce160,f1e358e99914563305428cece1b1595bc76a58643184407ec5b222162d650332,fold_ranking,oof_shap/fold_feature_rankings.csv,c1300316fe5baec24e789c06aec35dd4f283fa4843b71c7aab1edbf4818f8e91,no_salary_hike_no_attrition_no_department,xgboost,d483d8ddb93a47a99a2eab54fe3d138d8f614798dd418bca860ea3f20c813f51,9.0,0c40ac47f34a79f121be0f46703ff5d11586c84f7713225479891b3f13158f47,1.0,YearsSinceLastPromotion,2.0,0.4678984115074854,,,,,,,,,,,,,,,,,,,,,,,,,
canonical_v2_20260714T221501Z_483f96f,51415c2ce68c89d9ce2b042b0a7a811fe3e98180b72460006f9d0465f6bf49b7,06c507bee525ea1daca43b61249764007d4d8baaa05c9333f23446ea723ce160,f1e358e99914563305428cece1b1595bc76a58643184407ec5b222162d650332,fold_ranking,oof_shap/fold_feature_rankings.csv,c1300316fe5baec24e789c06aec35dd4f283fa4843b71c7aab1edbf4818f8e91,no_salary_hike_no_attrition_no_department,xgboost,d483d8ddb93a47a99a2eab54fe3d138d8f614798dd418bca860ea3f20c813f51,9.0,0c40ac47f34a79f121be0f46703ff5d11586c84f7713225479891b3f13158f47,1.0,EmpWorkLifeBalance,3.0,0.2900484377119331,,,,,,,,,,,,,,,,,,,,,,,,,
canonical_v2_20260714T221501Z_483f96f,51415c2ce68c89d9ce2b042b0a7a811fe3e98180b72460006f9d0465f6bf49b7,06c507bee525ea1daca43b61249764007d4d8baaa05c9333f23446ea723ce160,f1e358e99914563305428cece1b1595bc76a58643184407ec5b222162d650332,fold_ranking,oof_shap/fold_feature_rankings.csv,c1300316fe5baec24e789c06aec35dd4f283fa4843b71c7aab1edbf4818f8e91,no_salary_hike_no_attrition_no_department,xgboost,d483d8ddb93a47a99a2eab54fe3d138d8f614798dd418bca860ea3f20c813f51,9.0,0c40ac47f34a79f121be0f46703ff5d11586c84f7713225479891b3f13158f47,1.0,EmpJobRole,4.0,0.2352008445529564,,,,,,,,,,,,,,,,,,,,,,,,,
canonical_v2_20260714T221501Z_483f96f,51415c2ce68c89d9ce2b042b0a7a811fe3e98180b72460006f9d0465f6bf49b7,06c507bee525ea1daca43b61249764007d4d8baaa05c9333f23446ea723ce160,f1e358e99914563305428cece1b1595bc76a58643184407ec5b222162d650332,fold_ranking,oof_shap/fold_feature_rankings.csv,c1300316fe5baec24e789c06aec35dd4f283fa4843b71c7aab1edbf4818f8e91,no_salary_hike_no_attrition_no_department,xgboost,d483d8ddb93a47a99a2eab54fe3d138d8f614798dd418bca860ea3f20c813f51,9.0,0c40ac47f34a79f121be0f46703ff5d11586c84f7713225479891b3f13158f47,1.0,ExperienceYearsInCurrentRole,5.0,0.229383279762179,,,,,,,,,,,,,,,,,,,,,,,,,
canonical_v2_20260714T221501Z_483f96f,51415c2ce68c89d9ce2b042b0a7a811fe3e98180b72460006f9d0465f6bf49b7,06c507bee525ea1daca43b61249764007d4d8baaa05c9333f23446ea723ce160,f1e358e99914563305428cece1b1595bc76a58643184407ec5b222162d650332,fold_ranking,oof_shap/fold_feature_rankings.csv,c1300316fe5baec24e789c06aec35dd4f283fa4843b71c7aab1edbf4818f8e91,no_salary_hike_no_attrition_no_department,xgboost,d483d8ddb93a47a99a2eab54fe3d138d8f614798dd418bca860ea3f20c813f51,9.0,0c40ac47f34a79f121be0f46703ff5d11586c84f7713225479891b3f13158f47,1.0,EmpHourlyRate,6.0,0.1277054012009305,,,,,,,,,,,,,,,,,,,,,,,,,
canonical_v2_20260714T221501Z_483f96f,51415c2ce68c89d9ce2b042b0a7a811fe3e98180b72460006f9d0465f6bf49b7,06c507bee525ea1daca43b61249764007d4d8baaa05c9333f23446ea723ce160,f1e358e99914563305428cece1b1595bc76a58643184407ec5b222162d650332,fold_ranking,oof_shap/fold_feature_rankings.csv,c1300316fe5baec24e789c06aec35dd4f283fa4843b71c7aab1edbf4818f8e91,no_salary_hike_no_attrition_no_department,xgboost,d483d8ddb93a47a99a2eab54fe3d138d8f614798dd418bca860ea3f20c813f51,9.0,0c40ac47f34a79f121be0f46703ff5d11586c84f7713225479891b3f13158f47,1.0,YearsWithCurrManager,7.0,0.1055402336270263,,,,,,,,,,,,,,,,,,,,,,,,,
canonical_v2_20260714T221501Z_483f96f,51415c2ce68c89d9ce2b042b0a7a811fe3e98180b72460006f9d0465f6bf49b7,06c507bee525ea1daca43b61249764007d4d8baaa05c9333f23446ea723ce160,f1e358e99914563305428cece1b1595bc76a58643184407ec5b222162d650332,fold_ranking,oof_shap/fold_feature_rankings.csv,c1300316fe5baec24e789c06aec35dd4f283fa4843b71c7aab1edbf4818f8e91,no_salary_hike_no_attrition_no_department,xgboost,d483d8ddb93a47a99a2eab54fe3d138d8f614798dd418bca860ea3f20c813f51,9.0,0c40ac47f34a79f121be0f46703ff5d11586c84f7713225479891b3f13158f47,1.0,TotalWorkExperienceInYears,8.0,0.1003047498201744,,,,,,,,,,,,,,,,,,,,,,,,,
canonical_v2_20260714T221501Z_483f96f,51415c2ce68c89d9ce2b042b0a7a811fe3e98180b72460006f9d0465f6bf49b7,06c507bee525ea1daca43b61249764007d4d8baaa05c9333f23446ea723ce160,f1e358e99914563305428cece1b1595bc76a58643184407ec5b222162d650332,fold_ranking,oof_shap/fold_feature_rankings.csv,c1300316fe5baec24e789c06aec35dd4f283fa4843b71c7aab1edbf4818f8e91,no_salary_hike_no_attrition_no_department,xgboost,d483d8ddb93a47a99a2eab54fe3d138d8f614798dd418bca860ea3f20c813f51,9.0,0c40ac47f34a79f121be0f46703ff5d11586c84f7713225479891b3f13158f47,1.0,EmpJobSatisfaction,9.0,0.0878858265935883,,,,,,,,,,,,,,,,,,,,,,,,,
canonical_v2_20260714T221501Z_483f96f,51415c2ce68c89d9ce2b042b0a7a811fe3e98180b72460006f9d0465f6bf49b7,06c507bee525ea1daca43b61249764007d4d8baaa05c9333f23446ea723ce160,f1e358e99914563305428cece1b1595bc76a58643184407ec5b222162d650332,fold_ranking,oof_shap/fold_feature_rankings.csv,c1300316fe5baec24e789c06aec35dd4f283fa4843b71c7aab1edbf4818f8e91,no_salary_hike_no_attrition_no_department,xgboost,d483d8ddb93a47a99a2eab54fe3d138d8f614798dd418bca860ea3f20c813f51,9.0,0c40ac47f34a79f121be0f46703ff5d11586c84f7713225479891b3f13158f47,1.0,DistanceFromHome,10.0,0.0856673693766222,,,,,,,,,,,,,,,,,,,,,,,,,
canonical_v2_20260714T221501Z_483f96f,51415c2ce68c89d9ce2b042b0a7a811fe3e98180b72460006f9d0465f6bf49b7,06c507bee525ea1daca43b61249764007d4d8baaa05c9333f23446ea723ce160,f1e358e99914563305428cece1b1595bc76a58643184407ec5b222162d650332,fold_ranking,oof_shap/fold_feature_rankings.csv,c1300316fe5baec24e789c06aec35dd4f283fa4843b71c7aab1edbf4818f8e91,no_salary_hike_no_attrition_no_department,xgboost,d483d8ddb93a47a99a2eab54fe3d138d8f614798dd418bca860ea3f20c813f51,9.0,0c40ac47f34a79f121be0f46703ff5d11586c84f7713225479891b3f13158f47,1.0,ExperienceYearsAtThisCompany,11.0,0.0653651617551481,,,,,,,,,,,,,,,,,,,,,,,,,
canonical_v2_20260714T221501Z_483f96f,51415c2ce68c89d9ce2b042b0a7a811fe3e98180b72460006f9d0465f6bf49b7,06c507bee525ea1daca43b61249764007d4d8baaa05c9333f23446ea723ce160,f1e358e99914563305428cece1b1595bc76a58643184407ec5b222162d650332,fold_ranking,oof_shap/fold_feature_rankings.csv,c1300316fe5baec24e789c06aec35dd4f283fa4843b71c7aab1edbf4818f8e91,no_salary_hike_no_attrition_no_department,xgboost,d483d8ddb93a47a99a2eab54fe3d138d8f614798dd418bca860ea3f20c813f51,9.0,0c40ac47f34a79f121be0f46703ff5d11586c84f7713225479891b3f13158f47,1.0,TrainingTimesLastYear,12.0,0.0481467078987609,,,,,,,,,,,,,,,,,,,,,,,,,
canonical_v2_20260714T221501Z_483f96f,51415c2ce68c89d9ce2b042b0a7a811fe3e98180b72460006f9d0465f6bf49b7,06c507bee525ea1daca43b61249764007d4d8baaa05c9333f23446ea723ce160,f1e358e99914563305428cece1b1595bc76a58643184407ec5b222162d650332,fold_ranking,oof_shap/fold_feature_rankings.csv,c1300316fe5baec24e789c06aec35dd4f283fa4843b71c7aab1edbf4818f8e91,no_salary_hike_no_attrition_no_department,xgboost,d483d8ddb93a47a99a2eab54fe3d138d8f614798dd418bca860ea3f20c813f51,9.0,0c40ac47f34a79f121be0f46703ff5d11586c84f7713225479891b3f13158f47,1.0,EmpEducationLevel,13.0,0.0472160950421109,,,,,,,,,,,,,,,,,,,,,,,,,
canonical_v2_20260714T221501Z_483f96f,51415c2ce68c89d9ce2b042b0a7a811fe3e98180b72460006f9d0465f6bf49b7,06c507bee525ea1daca43b61249764007d4d8baaa05c9333f23446ea723ce160,f1e358e99914563305428cece1b1595bc76a58643184407ec5b222162d650332,fold_ranking,oof_shap/fold_feature_rankings.csv,c1300316fe5baec24e789c06aec35dd4f283fa4843b71c7aab1edbf4818f8e91,no_salary_hike_no_attrition_no_department,xgboost,d483d8ddb93a47a99a2eab54fe3d138d8f614798dd418bca860ea3f20c813f51,9.0,0c40ac47f34a79f121be0f46703ff5d11586c84f7713225479891b3f13158f47,1.0,EducationBackground,14.0,0.0470817793104086,,,,,,,,,,,,,,,,,,,,,,,,,
canonical_v2_20260714T221501Z_483f96f,51415c2ce68c89d9ce2b042b0a7a811fe3e98180b72460006f9d0465f6bf49b7,06c507bee525ea1daca43b61249764007d4d8baaa05c9333f23446ea723ce160,f1e358e99914563305428cece1b1595bc76a58643184407ec5b222162d650332,fold_ranking,oof_shap/fold_feature_rankings.csv,c1300316fe5baec24e789c06aec35dd4f283fa4843b71c7aab1edbf4818f8e91,no_salary_hike_no_attrition_no_department,xgboost,d483d8ddb93a47a99a2eab54fe3d138d8f614798dd418bca860ea3f20c813f51,9.0,0c40ac47f34a79f121be0f46703ff5d11586c84f7713225479891b3f13158f47,1.0,EmpJobLevel,15.0,0.0434101999632225,,,,,,,,,,,,,,,,,,,,,,,,,
canonical_v2_20260714T221501Z_483f96f,51415c2ce68c89d9ce2b042b0a7a811fe3e98180b72460006f9d0465f6bf49b7,06c507bee525ea1daca43b61249764007d4d8baaa05c9333f23446ea723ce160,f1e358e99914563305428cece1b1595bc76a58643184407ec5b222162d650332,fold_ranking,oof_shap/fold_feature_rankings.csv,c1300316fe5baec24e789c06aec35dd4f283fa4843b71c7aab1edbf4818f8e91,no_salary_hike_no_attrition_no_department,xgboost,d483d8ddb93a47a99a2eab54fe3d138d8f614798dd418bca860ea3f20c813f51,9.0,0c40ac47f34a79f121be0f46703ff5d11586c84f7713225479891b3f13158f47,1.0,NumCompaniesWorked,16.0,0.0406790231498436,,,,,,,,,,,,,,,,,,,,,,,,,
canonical_v2_20260714T221501Z_483f96f,51415c2ce68c89d9ce2b042b0a7a811fe3e98180b72460006f9d0465f6bf49b7,06c507bee525ea1daca43b61249764007d4d8baaa05c9333f23446ea723ce160,f1e358e99914563305428cece1b1595bc76a58643184407ec5b222162d650332,fold_ranking,oof_shap/fold_feature_rankings.csv,c1300316fe5baec24e789c06aec35dd4f283fa4843b71c7aab1edbf4818f8e91,no_salary_hike_no_attrition_no_department,xgboost,d483d8ddb93a47a99a2eab54fe3d138d8f614798dd418bca860ea3f20c813f51,9.0,0c40ac47f34a79f121be0f46703ff5d11586c84f7713225479891b3f13158f47,1.0,OverTime,17.0,0.0398794531354926,,,,,,,,,,,,,,,,,,,,,,,,,
canonical_v2_20260714T221501Z_483f96f,51415c2ce68c89d9ce2b042b0a7a811fe3e98180b72460006f9d0465f6bf49b7,06c507bee525ea1daca43b61249764007d4d8baaa05c9333f23446ea723ce160,f1e358e99914563305428cece1b1595bc76a58643184407ec5b222162d650332,fold_ranking,oof_shap/fold_feature_rankings.csv,c1300316fe5baec24e789c06aec35dd4f283fa4843b71c7aab1edbf4818f8e91,no_salary_hike_no_attrition_no_department,xgboost,d483d8ddb93a47a99a2eab54fe3d138d8f614798dd418bca860ea3f20c813f51,9.0,0c40ac47f34a79f121be0f46703ff5d11586c84f7713225479891b3f13158f47,1.0,BusinessTravelFrequency,18.0,0.038857880863644,,,,,,,,,,,,,,,,,,,,,,,,,
canonical_v2_20260714T221501Z_483f96f,51415c2ce68c89d9ce2b042b0a7a811fe3e98180b72460006f9d0465f6bf49b7,06c507bee525ea1daca43b61249764007d4d8baaa05c9333f23446ea723ce160,f1e358e99914563305428cece1b1595bc76a58643184407ec5b222162d650332,fold_ranking,oof_shap/fold_feature_rankings.csv,c1300316fe5baec24e789c06aec35dd4f283fa4843b71c7aab1edbf4818f8e91,no_salary_hike_no_attrition_no_department,xgboost,d483d8ddb93a47a99a2eab54fe3d138d8f614798dd418bca860ea3f20c813f51,9.0,0c40ac47f34a79f121be0f46703ff5d11586c84f7713225479891b3f13158f47,1.0,EmpRelationshipSatisfaction,19.0,0.0292783319987291,,,,,,,,,,,,,,,,,,,,,,,,,
canonical_v2_20260714T221501Z_483f96f,51415c2ce68c89d9ce2b042b0a7a811fe3e98180b72460006f9d0465f6bf49b7,06c507bee525ea1daca43b61249764007d4d8baaa05c9333f23446ea723ce160,f1e358e99914563305428cece1b1595bc76a58643184407ec5b222162d650332,fold_ranking,oof_shap/fold_feature_rankings.csv,c1300316fe5baec24e789c06aec35dd4f283fa4843b71c7aab1edbf4818f8e91,no_salary_hike_no_attrition_no_department,xgboost,d483d8ddb93a47a99a2eab54fe3d138d8f614798dd418bca860ea3f20c813f51,9.0,0c40ac47f34a79f121be0f46703ff5d11586c84f7713225479891b3f13158f47,1.0,EmpJobInvolvement,20.0,0.0291839526237001,,,,,,,,,,,,,,,,,,,,,,,,,
canonical_v2_20260714T221501Z_483f96f,51415c2ce68c89d9ce2b042b0a7a811fe3e98180b72460006f9d0465f6bf49b7,06c507bee525ea1daca43b61249764007d4d8baaa05c9333f23446ea723ce160,f1e358e99914563305428cece1b1595bc76a58643184407ec5b222162d650332,fold_ranking,oof_shap/fold_feature_rankings.csv,c1300316fe5baec24e789c06aec35dd4f283fa4843b71c7aab1edbf4818f8e91,no_salary_hike_no_attrition_no_department,xgboost,d483d8ddb93a47a99a2eab54fe3d138d8f614798dd418bca860ea3f20c813f51,10.0,41fb35fd298060cb981116856f85ea7263468ab34089afb7f407917a058b31fa,1.0,EmpEnvironmentSatisfaction,1.0,0.9929750248298256,,,,,,,,,,,,,,,,,,,,,,,,,
canonical_v2_20260714T221501Z_483f96f,51415c2ce68c89d9ce2b042b0a7a811fe3e98180b72460006f9d0465f6bf49b7,06c507bee525ea1daca43b61249764007d4d8baaa05c9333f23446ea723ce160,f1e358e99914563305428cece1b1595bc76a58643184407ec5b222162d650332,fold_ranking,oof_shap/fold_feature_rankings.csv,c1300316fe5baec24e789c06aec35dd4f283fa4843b71c7aab1edbf4818f8e91,no_salary_hike_no_attrition_no_department,xgboost,d483d8ddb93a47a99a2eab54fe3d138d8f614798dd418bca860ea3f20c813f51,10.0,41fb35fd298060cb981116856f85ea7263468ab34089afb7f407917a058b31fa,1.0,YearsSinceLastPromotion,2.0,0.5428673160197731,,,,,,,,,,,,,,,,,,,,,,,,,
canonical_v2_20260714T221501Z_483f96f,51415c2ce68c89d9ce2b042b0a7a811fe3e98180b72460006f9d0465f6bf49b7,06c507bee525ea1daca43b61249764007d4d8baaa05c9333f23446ea723ce160,f1e358e99914563305428cece1b1595bc76a58643184407ec5b222162d650332,fold_ranking,oof_shap/fold_feature_rankings.csv,c1300316fe5baec24e789c06aec35dd4f283fa4843b71c7aab1edbf4818f8e91,no_salary_hike_no_attrition_no_department,xgboost,d483d8ddb93a47a99a2eab54fe3d138d8f614798dd418bca860ea3f20c813f51,10.0,41fb35fd298060cb981116856f85ea7263468ab34089afb7f407917a058b31fa,1.0,ExperienceYearsInCurrentRole,3.0,0.2726825064268067,,,,,,,,,,,,,,,,,,,,,,,,,
canonical_v2_20260714T221501Z_483f96f,51415c2ce68c89d9ce2b042b0a7a811fe3e98180b72460006f9d0465f6bf49b7,06c507bee525ea1daca43b61249764007d4d8baaa05c9333f23446ea723ce160,f1e358e99914563305428cece1b1595bc76a58643184407ec5b222162d650332,fold_ranking,oof_shap/fold_feature_rankings.csv,c1300316fe5baec24e789c06aec35dd4f283fa4843b71c7aab1edbf4818f8e91,no_salary_hike_no_attrition_no_department,xgboost,d483d8ddb93a47a99a2eab54fe3d138d8f614798dd418bca860ea3f20c813f51,10.0,41fb35fd298060cb981116856f85ea7263468ab34089afb7f407917a058b31fa,1.0,EmpJobRole,4.0,0.2394199215202004,,,,,,,,,,,,,,,,,,,,,,,,,
canonical_v2_20260714T221501Z_483f96f,51415c2ce68c89d9ce2b042b0a7a811fe3e98180b72460006f9d0465f6bf49b7,06c507bee525ea1daca43b61249764007d4d8baaa05c9333f23446ea723ce160,f1e358e99914563305428cece1b1595bc76a58643184407ec5b222162d650332,fold_ranking,oof_shap/fold_feature_rankings.csv,c1300316fe5baec24e789c06aec35dd4f283fa4843b71c7aab1edbf4818f8e91,no_salary_hike_no_attrition_no_department,xgboost,d483d8ddb93a47a99a2eab54fe3d138d8f614798dd418bca860ea3f20c813f51,10.0,41fb35fd298060cb981116856f85ea7263468ab34089afb7f407917a058b31fa,1.0,EmpWorkLifeBalance,5.0,0.2357603713671172,,,,,,,,,,,,,,,,,,,,,,,,,
canonical_v2_20260714T221501Z_483f96f,51415c2ce68c89d9ce2b042b0a7a811fe3e98180b72460006f9d0465f6bf49b7,06c507bee525ea1daca43b61249764007d4d8baaa05c9333f23446ea723ce160,f1e358e99914563305428cece1b1595bc76a58643184407ec5b222162d650332,fold_ranking,oof_shap/fold_feature_rankings.csv,c1300316fe5baec24e789c06aec35dd4f283fa4843b71c7aab1edbf4818f8e91,no_salary_hike_no_attrition_no_department,xgboost,d483d8ddb93a47a99a2eab54fe3d138d8f614798dd418bca860ea3f20c813f51,10.0,41fb35fd298060cb981116856f85ea7263468ab34089afb7f407917a058b31fa,1.0,EmpHourlyRate,6.0,0.1156472727433235,,,,,,,,,,,,,,,,,,,,,,,,,
canonical_v2_20260714T221501Z_483f96f,51415c2ce68c89d9ce2b042b0a7a811fe3e98180b72460006f9d0465f6bf49b7,06c507bee525ea1daca43b61249764007d4d8baaa05c9333f23446ea723ce160,f1e358e99914563305428cece1b1595bc76a58643184407ec5b222162d650332,fold_ranking,oof_shap/fold_feature_rankings.csv,c1300316fe5baec24e789c06aec35dd4f283fa4843b71c7aab1edbf4818f8e91,no_salary_hike_no_attrition_no_department,xgboost,d483d8ddb93a47a99a2eab54fe3d138d8f614798dd418bca860ea3f20c813f51,10.0,41fb35fd298060cb981116856f85ea7263468ab34089afb7f407917a058b31fa,1.0,YearsWithCurrManager,7.0,0.101358755085918,,,,,,,,,,,,,,,,,,,,,,,,,
canonical_v2_20260714T221501Z_483f96f,51415c2ce68c89d9ce2b042b0a7a811fe3e98180b72460006f9d0465f6bf49b7,06c507bee525ea1daca43b61249764007d4d8baaa05c9333f23446ea723ce160,f1e358e99914563305428cece1b1595bc76a58643184407ec5b222162d650332,fold_ranking,oof_shap/fold_feature_rankings.csv,c1300316fe5baec24e789c06aec35dd4f283fa4843b71c7aab1edbf4818f8e91,no_salary_hike_no_attrition_no_department,xgboost,d483d8ddb93a47a99a2eab54fe3d138d8f614798dd418bca860ea3f20c813f51,10.0,41fb35fd298060cb981116856f85ea7263468ab34089afb7f407917a058b31fa,1.0,DistanceFromHome,8.0,0.0800595775046127,,,,,,,,,,,,,,,,,,,,,,,,,
canonical_v2_20260714T221501Z_483f96f,51415c2ce68c89d9ce2b042b0a7a811fe3e98180b72460006f9d0465f6bf49b7,06c507bee525ea1daca43b61249764007d4d8baaa05c9333f23446ea723ce160,f1e358e99914563305428cece1b1595bc76a58643184407ec5b222162d650332,fold_ranking,oof_shap/fold_feature_rankings.csv,c1300316fe5baec24e789c06aec35dd4f283fa4843b71c7aab1edbf4818f8e91,no_salary_hike_no_attrition_no_department,xgboost,d483d8ddb93a47a99a2eab54fe3d138d8f614798dd418bca860ea3f20c813f51,10.0,41fb35fd298060cb981116856f85ea7263468ab34089afb7f407917a058b31fa,1.0,TotalWorkExperienceInYears,9.0,0.0740773923770272,,,,,,,,,,,,,,,,,,,,,,,,,
canonical_v2_20260714T221501Z_483f96f,51415c2ce68c89d9ce2b042b0a7a811fe3e98180b72460006f9d0465f6bf49b7,06c507bee525ea1daca43b61249764007d4d8baaa05c9333f23446ea723ce160,f1e358e99914563305428cece1b1595bc76a58643184407ec5b222162d650332,fold_ranking,oof_shap/fold_feature_rankings.csv,c1300316fe5baec24e789c06aec35dd4f283fa4843b71c7aab1edbf4818f8e91,no_salary_hike_no_attrition_no_department,xgboost,d483d8ddb93a47a99a2eab54fe3d138d8f614798dd418bca860ea3f20c813f51,10.0,41fb35fd298060cb981116856f85ea7263468ab34089afb7f407917a058b31fa,1.0,EmpEducationLevel,10.0,0.0692144367896415,,,,,,,,,,,,,,,,,,,,,,,,,
canonical_v2_20260714T221501Z_483f96f,51415c2ce68c89d9ce2b042b0a7a811fe3e98180b72460006f9d0465f6bf49b7,06c507bee525ea1daca43b61249764007d4d8baaa05c9333f23446ea723ce160,f1e358e99914563305428cece1b1595bc76a58643184407ec5b222162d650332,fold_ranking,oof_shap/fold_feature_rankings.csv,c1300316fe5baec24e789c06aec35dd4f283fa4843b71c7aab1edbf4818f8e91,no_salary_hike_no_attrition_no_department,xgboost,d483d8ddb93a47a99a2eab54fe3d138d8f614798dd418bca860ea3f20c813f51,10.0,41fb35fd298060cb981116856f85ea7263468ab34089afb7f407917a058b31fa,1.0,EmpJobSatisfaction,11.0,0.0686619110361789,,,,,,,,,,,,,,,,,,,,,,,,,
canonical_v2_20260714T221501Z_483f96f,51415c2ce68c89d9ce2b042b0a7a811fe3e98180b72460006f9d0465f6bf49b7,06c507bee525ea1daca43b61249764007d4d8baaa05c9333f23446ea723ce160,f1e358e99914563305428cece1b1595bc76a58643184407ec5b222162d650332,fold_ranking,oof_shap/fold_feature_rankings.csv,c1300316fe5baec24e789c06aec35dd4f283fa4843b71c7aab1edbf4818f8e91,no_salary_hike_no_attrition_no_department,xgboost,d483d8ddb93a47a99a2eab54fe3d138d8f614798dd418bca860ea3f20c813f51,10.0,41fb35fd298060cb981116856f85ea7263468ab34089afb7f407917a058b31fa,1.0,NumCompaniesWorked,12.0,0.0569992925168965,,,,,,,,,,,,,,,,,,,,,,,,,
canonical_v2_20260714T221501Z_483f96f,51415c2ce68c89d9ce2b042b0a7a811fe3e98180b72460006f9d0465f6bf49b7,06c507bee525ea1daca43b61249764007d4d8baaa05c9333f23446ea723ce160,f1e358e99914563305428cece1b1595bc76a58643184407ec5b222162d650332,fold_ranking,oof_shap/fold_feature_rankings.csv,c1300316fe5baec24e789c06aec35dd4f283fa4843b71c7aab1edbf4818f8e91,no_salary_hike_no_attrition_no_department,xgboost,d483d8ddb93a47a99a2eab54fe3d138d8f614798dd418bca860ea3f20c813f51,10.0,41fb35fd298060cb981116856f85ea7263468ab34089afb7f407917a058b31fa,1.0,BusinessTravelFrequency,13.0,0.0555004286558768,,,,,,,,,,,,,,,,,,,,,,,,,
canonical_v2_20260714T221501Z_483f96f,51415c2ce68c89d9ce2b042b0a7a811fe3e98180b72460006f9d0465f6bf49b7,06c507bee525ea1daca43b61249764007d4d8baaa05c9333f23446ea723ce160,f1e358e99914563305428cece1b1595bc76a58643184407ec5b222162d650332,fold_ranking,oof_shap/fold_feature_rankings.csv,c1300316fe5baec24e789c06aec35dd4f283fa4843b71c7aab1edbf4818f8e91,no_salary_hike_no_attrition_no_department,xgboost,d483d8ddb93a47a99a2eab54fe3d138d8f614798dd418bca860ea3f20c813f51,10.0,41fb35fd298060cb981116856f85ea7263468ab34089afb7f407917a058b31fa,1.0,TrainingTimesLastYear,14.0,0.0551378059029553,,,,,,,,,,,,,,,,,,,,,,,,,
canonical_v2_20260714T221501Z_483f96f,51415c2ce68c89d9ce2b042b0a7a811fe3e98180b72460006f9d0465f6bf49b7,06c507bee525ea1daca43b61249764007d4d8baaa05c9333f23446ea723ce160,f1e358e99914563305428cece1b1595bc76a58643184407ec5b222162d650332,fold_ranking,oof_shap/fold_feature_rankings.csv,c1300316fe5baec24e789c06aec35dd4f283fa4843b71c7aab1edbf4818f8e91,no_salary_hike_no_attrition_no_department,xgboost,d483d8ddb93a47a99a2eab54fe3d138d8f614798dd418bca860ea3f20c813f51,10.0,41fb35fd298060cb981116856f85ea7263468ab34089afb7f407917a058b31fa,1.0,ExperienceYearsAtThisCompany,15.0,0.0543393058912544,,,,,,,,,,,,,,,,,,,,,,,,,
canonical_v2_20260714T221501Z_483f96f,51415c2ce68c89d9ce2b042b0a7a811fe3e98180b72460006f9d0465f6bf49b7,06c507bee525ea1daca43b61249764007d4d8baaa05c9333f23446ea723ce160,f1e358e99914563305428cece1b1595bc76a58643184407ec5b222162d650332,fold_ranking,oof_shap/fold_feature_rankings.csv,c1300316fe5baec24e789c06aec35dd4f283fa4843b71c7aab1edbf4818f8e91,no_salary_hike_no_attrition_no_department,xgboost,d483d8ddb93a47a99a2eab54fe3d138d8f614798dd418bca860ea3f20c813f51,10.0,41fb35fd298060cb981116856f85ea7263468ab34089afb7f407917a058b31fa,1.0,EducationBackground,16.0,0.0450632138707684,,,,,,,,,,,,,,,,,,,,,,,,,
canonical_v2_20260714T221501Z_483f96f,51415c2ce68c89d9ce2b042b0a7a811fe3e98180b72460006f9d0465f6bf49b7,06c507bee525ea1daca43b61249764007d4d8baaa05c9333f23446ea723ce160,f1e358e99914563305428cece1b1595bc76a58643184407ec5b222162d650332,fold_ranking,oof_shap/fold_feature_rankings.csv,c1300316fe5baec24e789c06aec35dd4f283fa4843b71c7aab1edbf4818f8e91,no_salary_hike_no_attrition_no_department,xgboost,d483d8ddb93a47a99a2eab54fe3d138d8f614798dd418bca860ea3f20c813f51,10.0,41fb35fd298060cb981116856f85ea7263468ab34089afb7f407917a058b31fa,1.0,OverTime,17.0,0.0410387554668381,,,,,,,,,,,,,,,,,,,,,,,,,
canonical_v2_20260714T221501Z_483f96f,51415c2ce68c89d9ce2b042b0a7a811fe3e98180b72460006f9d0465f6bf49b7,06c507bee525ea1daca43b61249764007d4d8baaa05c9333f23446ea723ce160,f1e358e99914563305428cece1b1595bc76a58643184407ec5b222162d650332,fold_ranking,oof_shap/fold_feature_rankings.csv,c1300316fe5baec24e789c06aec35dd4f283fa4843b71c7aab1edbf4818f8e91,no_salary_hike_no_attrition_no_department,xgboost,d483d8ddb93a47a99a2eab54fe3d138d8f614798dd418bca860ea3f20c813f51,10.0,41fb35fd298060cb981116856f85ea7263468ab34089afb7f407917a058b31fa,1.0,EmpRelationshipSatisfaction,18.0,0.0365488630059796,,,,,,,,,,,,,,,,,,,,,,,,,
canonical_v2_20260714T221501Z_483f96f,51415c2ce68c89d9ce2b042b0a7a811fe3e98180b72460006f9d0465f6bf49b7,06c507bee525ea1daca43b61249764007d4d8baaa05c9333f23446ea723ce160,f1e358e99914563305428cece1b1595bc76a58643184407ec5b222162d650332,fold_ranking,oof_shap/fold_feature_rankings.csv,c1300316fe5baec24e789c06aec35dd4f283fa4843b71c7aab1edbf4818f8e91,no_salary_hike_no_attrition_no_department,xgboost,d483d8ddb93a47a99a2eab54fe3d138d8f614798dd418bca860ea3f20c813f51,10.0,41fb35fd298060cb981116856f85ea7263468ab34089afb7f407917a058b31fa,1.0,EmpJobLevel,19.0,0.0227276613061096,,,,,,,,,,,,,,,,,,,,,,,,,
canonical_v2_20260714T221501Z_483f96f,51415c2ce68c89d9ce2b042b0a7a811fe3e98180b72460006f9d0465f6bf49b7,06c507bee525ea1daca43b61249764007d4d8baaa05c9333f23446ea723ce160,f1e358e99914563305428cece1b1595bc76a58643184407ec5b222162d650332,fold_ranking,oof_shap/fold_feature_rankings.csv,c1300316fe5baec24e789c06aec35dd4f283fa4843b71c7aab1edbf4818f8e91,no_salary_hike_no_attrition_no_department,xgboost,d483d8ddb93a47a99a2eab54fe3d138d8f614798dd418bca860ea3f20c813f51,10.0,41fb35fd298060cb981116856f85ea7263468ab34089afb7f407917a058b31fa,1.0,EmpJobInvolvement,20.0,0.0148951240310553,,,,,,,,,,,,,,,,,,,,,,,,,
canonical_v2_20260714T221501Z_483f96f,51415c2ce68c89d9ce2b042b0a7a811fe3e98180b72460006f9d0465f6bf49b7,06c507bee525ea1daca43b61249764007d4d8baaa05c9333f23446ea723ce160,f1e358e99914563305428cece1b1595bc76a58643184407ec5b222162d650332,dependent_fold_pair,oof_shap/shap_stability_pairwise.csv,c1300316fe5baec24e789c06aec35dd4f283fa4843b71c7aab1edbf4818f8e91,no_salary_hike_no_attrition_no_department,xgboost,d483d8ddb93a47a99a2eab54fe3d138d8f614798dd418bca860ea3f20c813f51,,,,,,,1.0,2.0,b02e851258e84d432bcdf7286e6c7464654cd9d936af54fa0f57494cd766f2ac,118b396aebf864f54d3c710f9369e7f3bca879602cd413b3635155c73785be15,5.0,1.0,0.8812030075187969,,,,,,,,,,,,,,,,,,
canonical_v2_20260714T221501Z_483f96f,51415c2ce68c89d9ce2b042b0a7a811fe3e98180b72460006f9d0465f6bf49b7,06c507bee525ea1daca43b61249764007d4d8baaa05c9333f23446ea723ce160,f1e358e99914563305428cece1b1595bc76a58643184407ec5b222162d650332,dependent_fold_pair,oof_shap/shap_stability_pairwise.csv,c1300316fe5baec24e789c06aec35dd4f283fa4843b71c7aab1edbf4818f8e91,no_salary_hike_no_attrition_no_department,xgboost,d483d8ddb93a47a99a2eab54fe3d138d8f614798dd418bca860ea3f20c813f51,,,,,,,1.0,2.0,b02e851258e84d432bcdf7286e6c7464654cd9d936af54fa0f57494cd766f2ac,118b396aebf864f54d3c710f9369e7f3bca879602cd413b3635155c73785be15,10.0,0.6666666666666666,0.8812030075187969,,,,,,,,,,,,,,,,,,
canonical_v2_20260714T221501Z_483f96f,51415c2ce68c89d9ce2b042b0a7a811fe3e98180b72460006f9d0465f6bf49b7,06c507bee525ea1daca43b61249764007d4d8baaa05c9333f23446ea723ce160,f1e358e99914563305428cece1b1595bc76a58643184407ec5b222162d650332,dependent_fold_pair,oof_shap/shap_stability_pairwise.csv,c1300316fe5baec24e789c06aec35dd4f283fa4843b71c7aab1edbf4818f8e91,no_salary_hike_no_attrition_no_department,xgboost,d483d8ddb93a47a99a2eab54fe3d138d8f614798dd418bca860ea3f20c813f51,,,,,,,1.0,2.0,b02e851258e84d432bcdf7286e6c7464654cd9d936af54fa0f57494cd766f2ac,118b396aebf864f54d3c710f9369e7f3bca879602cd413b3635155c73785be15,15.0,0.875,0.8812030075187969,,,,,,,,,,,,,,,,,,
canonical_v2_20260714T221501Z_483f96f,51415c2ce68c89d9ce2b042b0a7a811fe3e98180b72460006f9d0465f6bf49b7,06c507bee525ea1daca43b61249764007d4d8baaa05c9333f23446ea723ce160,f1e358e99914563305428cece1b1595bc76a58643184407ec5b222162d650332,dependent_fold_pair,oof_shap/shap_stability_pairwise.csv,c1300316fe5baec24e789c06aec35dd4f283fa4843b71c7aab1edbf4818f8e91,no_salary_hike_no_attrition_no_department,xgboost,d483d8ddb93a47a99a2eab54fe3d138d8f614798dd418bca860ea3f20c813f51,,,,,,,1.0,3.0,b02e851258e84d432bcdf7286e6c7464654cd9d936af54fa0f57494cd766f2ac,007c88008a166345b2a4fed769f757959ea781a0d940c62183f36babd34f734d,5.0,1.0,0.793984962406015,,,,,,,,,,,,,,,,,,
canonical_v2_20260714T221501Z_483f96f,51415c2ce68c89d9ce2b042b0a7a811fe3e98180b72460006f9d0465f6bf49b7,06c507bee525ea1daca43b61249764007d4d8baaa05c9333f23446ea723ce160,f1e358e99914563305428cece1b1595bc76a58643184407ec5b222162d650332,dependent_fold_pair,oof_shap/shap_stability_pairwise.csv,c1300316fe5baec24e789c06aec35dd4f283fa4843b71c7aab1edbf4818f8e91,no_salary_hike_no_attrition_no_department,xgboost,d483d8ddb93a47a99a2eab54fe3d138d8f614798dd418bca860ea3f20c813f51,,,,,,,1.0,3.0,b02e851258e84d432bcdf7286e6c7464654cd9d936af54fa0f57494cd766f2ac,007c88008a166345b2a4fed769f757959ea781a0d940c62183f36babd34f734d,10.0,0.5384615384615384,0.793984962406015,,,,,,,,,,,,,,,,,,
canonical_v2_20260714T221501Z_483f96f,51415c2ce68c89d9ce2b042b0a7a811fe3e98180b72460006f9d0465f6bf49b7,06c507bee525ea1daca43b61249764007d4d8baaa05c9333f23446ea723ce160,f1e358e99914563305428cece1b1595bc76a58643184407ec5b222162d650332,dependent_fold_pair,oof_shap/shap_stability_pairwise.csv,c1300316fe5baec24e789c06aec35dd4f283fa4843b71c7aab1edbf4818f8e91,no_salary_hike_no_attrition_no_department,xgboost,d483d8ddb93a47a99a2eab54fe3d138d8f614798dd418bca860ea3f20c813f51,,,,,,,1.0,3.0,b02e851258e84d432bcdf7286e6c7464654cd9d936af54fa0f57494cd766f2ac,007c88008a166345b2a4fed769f757959ea781a0d940c62183f36babd34f734d,15.0,0.875,0.793984962406015,,,,,,,,,,,,,,,,,,
canonical_v2_20260714T221501Z_483f96f,51415c2ce68c89d9ce2b042b0a7a811fe3e98180b72460006f9d0465f6bf49b7,06c507bee525ea1daca43b61249764007d4d8baaa05c9333f23446ea723ce160,f1e358e99914563305428cece1b1595bc76a58643184407ec5b222162d650332,dependent_fold_pair,oof_shap/shap_stability_pairwise.csv,c1300316fe5baec24e789c06aec35dd4f283fa4843b71c7aab1edbf4818f8e91,no_salary_hike_no_attrition_no_department,xgboost,d483d8ddb93a47a99a2eab54fe3d138d8f614798dd418bca860ea3f20c813f51,,,,,,,1.0,4.0,b02e851258e84d432bcdf7286e6c7464654cd9d936af54fa0f57494cd766f2ac,be6969fddf714e76873021a786ce6260ebc2f3c84ad1bb796e99969c806ff53c,5.0,1.0,0.8360902255639097,,,,,,,,,,,,,,,,,,
canonical_v2_20260714T221501Z_483f96f,51415c2ce68c89d9ce2b042b0a7a811fe3e98180b72460006f9d0465f6bf49b7,06c507bee525ea1daca43b61249764007d4d8baaa05c9333f23446ea723ce160,f1e358e99914563305428cece1b1595bc76a58643184407ec5b222162d650332,dependent_fold_pair,oof_shap/shap_stability_pairwise.csv,c1300316fe5baec24e789c06aec35dd4f283fa4843b71c7aab1edbf4818f8e91,no_salary_hike_no_attrition_no_department,xgboost,d483d8ddb93a47a99a2eab54fe3d138d8f614798dd418bca860ea3f20c813f51,,,,,,,1.0,4.0,b02e851258e84d432bcdf7286e6c7464654cd9d936af54fa0f57494cd766f2ac,be6969fddf714e76873021a786ce6260ebc2f3c84ad1bb796e99969c806ff53c,10.0,0.6666666666666666,0.8360902255639097,,,,,,,,,,,,,,,,,,
canonical_v2_20260714T221501Z_483f96f,51415c2ce68c89d9ce2b042b0a7a811fe3e98180b72460006f9d0465f6bf49b7,06c507bee525ea1daca43b61249764007d4d8baaa05c9333f23446ea723ce160,f1e358e99914563305428cece1b1595bc76a58643184407ec5b222162d650332,dependent_fold_pair,oof_shap/shap_stability_pairwise.csv,c1300316fe5baec24e789c06aec35dd4f283fa4843b71c7aab1edbf4818f8e91,no_salary_hike_no_attrition_no_department,xgboost,d483d8ddb93a47a99a2eab54fe3d138d8f614798dd418bca860ea3f20c813f51,,,,,,,1.0,4.0,b02e851258e84d432bcdf7286e6c7464654cd9d936af54fa0f57494cd766f2ac,be6969fddf714e76873021a786ce6260ebc2f3c84ad1bb796e99969c806ff53c,15.0,0.875,0.8360902255639097,,,,,,,,,,,,,,,,,,
canonical_v2_20260714T221501Z_483f96f,51415c2ce68c89d9ce2b042b0a7a811fe3e98180b72460006f9d0465f6bf49b7,06c507bee525ea1daca43b61249764007d4d8baaa05c9333f23446ea723ce160,f1e358e99914563305428cece1b1595bc76a58643184407ec5b222162d650332,dependent_fold_pair,oof_shap/shap_stability_pairwise.csv,c1300316fe5baec24e789c06aec35dd4f283fa4843b71c7aab1edbf4818f8e91,no_salary_hike_no_attrition_no_department,xgboost,d483d8ddb93a47a99a2eab54fe3d138d8f614798dd418bca860ea3f20c813f51,,,,,,,1.0,5.0,b02e851258e84d432bcdf7286e6c7464654cd9d936af54fa0f57494cd766f2ac,cf019554e674ac9501ba482e2ec99cb4d6a24ec98c0cfb8d307e3194edf34f23,5.0,1.0,0.8105263157894737,,,,,,,,,,,,,,,,,,
canonical_v2_20260714T221501Z_483f96f,51415c2ce68c89d9ce2b042b0a7a811fe3e98180b72460006f9d0465f6bf49b7,06c507bee525ea1daca43b61249764007d4d8baaa05c9333f23446ea723ce160,f1e358e99914563305428cece1b1595bc76a58643184407ec5b222162d650332,dependent_fold_pair,oof_shap/shap_stability_pairwise.csv,c1300316fe5baec24e789c06aec35dd4f283fa4843b71c7aab1edbf4818f8e91,no_salary_hike_no_attrition_no_department,xgboost,d483d8ddb93a47a99a2eab54fe3d138d8f614798dd418bca860ea3f20c813f51,,,,,,,1.0,5.0,b02e851258e84d432bcdf7286e6c7464654cd9d936af54fa0f57494cd766f2ac,cf019554e674ac9501ba482e2ec99cb4d6a24ec98c0cfb8d307e3194edf34f23,10.0,0.6666666666666666,0.8105263157894737,,,,,,,,,,,,,,,,,,
canonical_v2_20260714T221501Z_483f96f,51415c2ce68c89d9ce2b042b0a7a811fe3e98180b72460006f9d0465f6bf49b7,06c507bee525ea1daca43b61249764007d4d8baaa05c9333f23446ea723ce160,f1e358e99914563305428cece1b1595bc76a58643184407ec5b222162d650332,dependent_fold_pair,oof_shap/shap_stability_pairwise.csv,c1300316fe5baec24e789c06aec35dd4f283fa4843b71c7aab1edbf4818f8e91,no_salary_hike_no_attrition_no_department,xgboost,d483d8ddb93a47a99a2eab54fe3d138d8f614798dd418bca860ea3f20c813f51,,,,,,,1.0,5.0,b02e851258e84d432bcdf7286e6c7464654cd9d936af54fa0f57494cd766f2ac,cf019554e674ac9501ba482e2ec99cb4d6a24ec98c0cfb8d307e3194edf34f23,15.0,0.7647058823529411,0.8105263157894737,,,,,,,,,,,,,,,,,,
canonical_v2_20260714T221501Z_483f96f,51415c2ce68c89d9ce2b042b0a7a811fe3e98180b72460006f9d0465f6bf49b7,06c507bee525ea1daca43b61249764007d4d8baaa05c9333f23446ea723ce160,f1e358e99914563305428cece1b1595bc76a58643184407ec5b222162d650332,dependent_fold_pair,oof_shap/shap_stability_pairwise.csv,c1300316fe5baec24e789c06aec35dd4f283fa4843b71c7aab1edbf4818f8e91,no_salary_hike_no_attrition_no_department,xgboost,d483d8ddb93a47a99a2eab54fe3d138d8f614798dd418bca860ea3f20c813f51,,,,,,,1.0,6.0,b02e851258e84d432bcdf7286e6c7464654cd9d936af54fa0f57494cd766f2ac,fdcaad5d2151a1ca98f9f77a8b48f5489f499c5b0a319bb37d68ba0d4de231d5,5.0,1.0,0.8451127819548873,,,,,,,,,,,,,,,,,,
canonical_v2_20260714T221501Z_483f96f,51415c2ce68c89d9ce2b042b0a7a811fe3e98180b72460006f9d0465f6bf49b7,06c507bee525ea1daca43b61249764007d4d8baaa05c9333f23446ea723ce160,f1e358e99914563305428cece1b1595bc76a58643184407ec5b222162d650332,dependent_fold_pair,oof_shap/shap_stability_pairwise.csv,c1300316fe5baec24e789c06aec35dd4f283fa4843b71c7aab1edbf4818f8e91,no_salary_hike_no_attrition_no_department,xgboost,d483d8ddb93a47a99a2eab54fe3d138d8f614798dd418bca860ea3f20c813f51,,,,,,,1.0,6.0,b02e851258e84d432bcdf7286e6c7464654cd9d936af54fa0f57494cd766f2ac,fdcaad5d2151a1ca98f9f77a8b48f5489f499c5b0a319bb37d68ba0d4de231d5,10.0,0.6666666666666666,0.8451127819548873,,,,,,,,,,,,,,,,,,
canonical_v2_20260714T221501Z_483f96f,51415c2ce68c89d9ce2b042b0a7a811fe3e98180b72460006f9d0465f6bf49b7,06c507bee525ea1daca43b61249764007d4d8baaa05c9333f23446ea723ce160,f1e358e99914563305428cece1b1595bc76a58643184407ec5b222162d650332,dependent_fold_pair,oof_shap/shap_stability_pairwise.csv,c1300316fe5baec24e789c06aec35dd4f283fa4843b71c7aab1edbf4818f8e91,no_salary_hike_no_attrition_no_department,xgboost,d483d8ddb93a47a99a2eab54fe3d138d8f614798dd418bca860ea3f20c813f51,,,,,,,1.0,6.0,b02e851258e84d432bcdf7286e6c7464654cd9d936af54fa0f57494cd766f2ac,fdcaad5d2151a1ca98f9f77a8b48f5489f499c5b0a319bb37d68ba0d4de231d5,15.0,0.7647058823529411,0.8451127819548873,,,,,,,,,,,,,,,,,,
canonical_v2_20260714T221501Z_483f96f,51415c2ce68c89d9ce2b042b0a7a811fe3e98180b72460006f9d0465f6bf49b7,06c507bee525ea1daca43b61249764007d4d8baaa05c9333f23446ea723ce160,f1e358e99914563305428cece1b1595bc76a58643184407ec5b222162d650332,dependent_fold_pair,oof_shap/shap_stability_pairwise.csv,c1300316fe5baec24e789c06aec35dd4f283fa4843b71c7aab1edbf4818f8e91,no_salary_hike_no_attrition_no_department,xgboost,d483d8ddb93a47a99a2eab54fe3d138d8f614798dd418bca860ea3f20c813f51,,,,,,,1.0,7.0,b02e851258e84d432bcdf7286e6c7464654cd9d936af54fa0f57494cd766f2ac,a1d147211856b75e9baa9a5147019cedefed6804c2673abc43c9d86cc22bfb32,5.0,1.0,0.875187969924812,,,,,,,,,,,,,,,,,,
canonical_v2_20260714T221501Z_483f96f,51415c2ce68c89d9ce2b042b0a7a811fe3e98180b72460006f9d0465f6bf49b7,06c507bee525ea1daca43b61249764007d4d8baaa05c9333f23446ea723ce160,f1e358e99914563305428cece1b1595bc76a58643184407ec5b222162d650332,dependent_fold_pair,oof_shap/shap_stability_pairwise.csv,c1300316fe5baec24e789c06aec35dd4f283fa4843b71c7aab1edbf4818f8e91,no_salary_hike_no_attrition_no_department,xgboost,d483d8ddb93a47a99a2eab54fe3d138d8f614798dd418bca860ea3f20c813f51,,,,,,,1.0,7.0,b02e851258e84d432bcdf7286e6c7464654cd9d936af54fa0f57494cd766f2ac,a1d147211856b75e9baa9a5147019cedefed6804c2673abc43c9d86cc22bfb32,10.0,0.6666666666666666,0.875187969924812,,,,,,,,,,,,,,,,,,
canonical_v2_20260714T221501Z_483f96f,51415c2ce68c89d9ce2b042b0a7a811fe3e98180b72460006f9d0465f6bf49b7,06c507bee525ea1daca43b61249764007d4d8baaa05c9333f23446ea723ce160,f1e358e99914563305428cece1b1595bc76a58643184407ec5b222162d650332,dependent_fold_pair,oof_shap/shap_stability_pairwise.csv,c1300316fe5baec24e789c06aec35dd4f283fa4843b71c7aab1edbf4818f8e91,no_salary_hike_no_attrition_no_department,xgboost,d483d8ddb93a47a99a2eab54fe3d138d8f614798dd418bca860ea3f20c813f51,,,,,,,1.0,7.0,b02e851258e84d432bcdf7286e6c7464654cd9d936af54fa0f57494cd766f2ac,a1d147211856b75e9baa9a5147019cedefed6804c2673abc43c9d86cc22bfb32,15.0,0.875,0.875187969924812,,,,,,,,,,,,,,,,,,
canonical_v2_20260714T221501Z_483f96f,51415c2ce68c89d9ce2b042b0a7a811fe3e98180b72460006f9d0465f6bf49b7,06c507bee525ea1daca43b61249764007d4d8baaa05c9333f23446ea723ce160,f1e358e99914563305428cece1b1595bc76a58643184407ec5b222162d650332,dependent_fold_pair,oof_shap/shap_stability_pairwise.csv,c1300316fe5baec24e789c06aec35dd4f283fa4843b71c7aab1edbf4818f8e91,no_salary_hike_no_attrition_no_department,xgboost,d483d8ddb93a47a99a2eab54fe3d138d8f614798dd418bca860ea3f20c813f51,,,,,,,1.0,8.0,b02e851258e84d432bcdf7286e6c7464654cd9d936af54fa0f57494cd766f2ac,e65d6ebca2e1310d83df33558a5be214002b8b04116cefc7330946e7edd2166d,5.0,1.0,0.8390977443609022,,,,,,,,,,,,,,,,,,
canonical_v2_20260714T221501Z_483f96f,51415c2ce68c89d9ce2b042b0a7a811fe3e98180b72460006f9d0465f6bf49b7,06c507bee525ea1daca43b61249764007d4d8baaa05c9333f23446ea723ce160,f1e358e99914563305428cece1b1595bc76a58643184407ec5b222162d650332,dependent_fold_pair,oof_shap/shap_stability_pairwise.csv,c1300316fe5baec24e789c06aec35dd4f283fa4843b71c7aab1edbf4818f8e91,no_salary_hike_no_attrition_no_department,xgboost,d483d8ddb93a47a99a2eab54fe3d138d8f614798dd418bca860ea3f20c813f51,,,,,,,1.0,8.0,b02e851258e84d432bcdf7286e6c7464654cd9d936af54fa0f57494cd766f2ac,e65d6ebca2e1310d83df33558a5be214002b8b04116cefc7330946e7edd2166d,10.0,0.6666666666666666,0.8390977443609022,,,,,,,,,,,,,,,,,,
canonical_v2_20260714T221501Z_483f96f,51415c2ce68c89d9ce2b042b0a7a811fe3e98180b72460006f9d0465f6bf49b7,06c507bee525ea1daca43b61249764007d4d8baaa05c9333f23446ea723ce160,f1e358e99914563305428cece1b1595bc76a58643184407ec5b222162d650332,dependent_fold_pair,oof_shap/shap_stability_pairwise.csv,c1300316fe5baec24e789c06aec35dd4f283fa4843b71c7aab1edbf4818f8e91,no_salary_hike_no_attrition_no_department,xgboost,d483d8ddb93a47a99a2eab54fe3d138d8f614798dd418bca860ea3f20c813f51,,,,,,,1.0,8.0,b02e851258e84d432bcdf7286e6c7464654cd9d936af54fa0f57494cd766f2ac,e65d6ebca2e1310d83df33558a5be214002b8b04116cefc7330946e7edd2166d,15.0,0.875,0.8390977443609022,,,,,,,,,,,,,,,,,,
canonical_v2_20260714T221501Z_483f96f,51415c2ce68c89d9ce2b042b0a7a811fe3e98180b72460006f9d0465f6bf49b7,06c507bee525ea1daca43b61249764007d4d8baaa05c9333f23446ea723ce160,f1e358e99914563305428cece1b1595bc76a58643184407ec5b222162d650332,dependent_fold_pair,oof_shap/shap_stability_pairwise.csv,c1300316fe5baec24e789c06aec35dd4f283fa4843b71c7aab1edbf4818f8e91,no_salary_hike_no_attrition_no_department,xgboost,d483d8ddb93a47a99a2eab54fe3d138d8f614798dd418bca860ea3f20c813f51,,,,,,,1.0,9.0,b02e851258e84d432bcdf7286e6c7464654cd9d936af54fa0f57494cd766f2ac,0c40ac47f34a79f121be0f46703ff5d11586c84f7713225479891b3f13158f47,5.0,1.0,0.8917293233082706,,,,,,,,,,,,,,,,,,
canonical_v2_20260714T221501Z_483f96f,51415c2ce68c89d9ce2b042b0a7a811fe3e98180b72460006f9d0465f6bf49b7,06c507bee525ea1daca43b61249764007d4d8baaa05c9333f23446ea723ce160,f1e358e99914563305428cece1b1595bc76a58643184407ec5b222162d650332,dependent_fold_pair,oof_shap/shap_stability_pairwise.csv,c1300316fe5baec24e789c06aec35dd4f283fa4843b71c7aab1edbf4818f8e91,no_salary_hike_no_attrition_no_department,xgboost,d483d8ddb93a47a99a2eab54fe3d138d8f614798dd418bca860ea3f20c813f51,,,,,,,1.0,9.0,b02e851258e84d432bcdf7286e6c7464654cd9d936af54fa0f57494cd766f2ac,0c40ac47f34a79f121be0f46703ff5d11586c84f7713225479891b3f13158f47,10.0,0.6666666666666666,0.8917293233082706,,,,,,,,,,,,,,,,,,
canonical_v2_20260714T221501Z_483f96f,51415c2ce68c89d9ce2b042b0a7a811fe3e98180b72460006f9d0465f6bf49b7,06c507bee525ea1daca43b61249764007d4d8baaa05c9333f23446ea723ce160,f1e358e99914563305428cece1b1595bc76a58643184407ec5b222162d650332,dependent_fold_pair,oof_shap/shap_stability_pairwise.csv,c1300316fe5baec24e789c06aec35dd4f283fa4843b71c7aab1edbf4818f8e91,no_salary_hike_no_attrition_no_department,xgboost,d483d8ddb93a47a99a2eab54fe3d138d8f614798dd418bca860ea3f20c813f51,,,,,,,1.0,9.0,b02e851258e84d432bcdf7286e6c7464654cd9d936af54fa0f57494cd766f2ac,0c40ac47f34a79f121be0f46703ff5d11586c84f7713225479891b3f13158f47,15.0,0.7647058823529411,0.8917293233082706,,,,,,,,,,,,,,,,,,
canonical_v2_20260714T221501Z_483f96f,51415c2ce68c89d9ce2b042b0a7a811fe3e98180b72460006f9d0465f6bf49b7,06c507bee525ea1daca43b61249764007d4d8baaa05c9333f23446ea723ce160,f1e358e99914563305428cece1b1595bc76a58643184407ec5b222162d650332,dependent_fold_pair,oof_shap/shap_stability_pairwise.csv,c1300316fe5baec24e789c06aec35dd4f283fa4843b71c7aab1edbf4818f8e91,no_salary_hike_no_attrition_no_department,xgboost,d483d8ddb93a47a99a2eab54fe3d138d8f614798dd418bca860ea3f20c813f51,,,,,,,1.0,10.0,b02e851258e84d432bcdf7286e6c7464654cd9d936af54fa0f57494cd766f2ac,41fb35fd298060cb981116856f85ea7263468ab34089afb7f407917a058b31fa,5.0,1.0,0.9413533834586464,,,,,,,,,,,,,,,,,,
canonical_v2_20260714T221501Z_483f96f,51415c2ce68c89d9ce2b042b0a7a811fe3e98180b72460006f9d0465f6bf49b7,06c507bee525ea1daca43b61249764007d4d8baaa05c9333f23446ea723ce160,f1e358e99914563305428cece1b1595bc76a58643184407ec5b222162d650332,dependent_fold_pair,oof_shap/shap_stability_pairwise.csv,c1300316fe5baec24e789c06aec35dd4f283fa4843b71c7aab1edbf4818f8e91,no_salary_hike_no_attrition_no_department,xgboost,d483d8ddb93a47a99a2eab54fe3d138d8f614798dd418bca860ea3f20c813f51,,,,,,,1.0,10.0,b02e851258e84d432bcdf7286e6c7464654cd9d936af54fa0f57494cd766f2ac,41fb35fd298060cb981116856f85ea7263468ab34089afb7f407917a058b31fa,10.0,0.8181818181818182,0.9413533834586464,,,,,,,,,,,,,,,,,,
canonical_v2_20260714T221501Z_483f96f,51415c2ce68c89d9ce2b042b0a7a811fe3e98180b72460006f9d0465f6bf49b7,06c507bee525ea1daca43b61249764007d4d8baaa05c9333f23446ea723ce160,f1e358e99914563305428cece1b1595bc76a58643184407ec5b222162d650332,dependent_fold_pair,oof_shap/shap_stability_pairwise.csv,c1300316fe5baec24e789c06aec35dd4f283fa4843b71c7aab1edbf4818f8e91,no_salary_hike_no_attrition_no_department,xgboost,d483d8ddb93a47a99a2eab54fe3d138d8f614798dd418bca860ea3f20c813f51,,,,,,,1.0,10.0,b02e851258e84d432bcdf7286e6c7464654cd9d936af54fa0f57494cd766f2ac,41fb35fd298060cb981116856f85ea7263468ab34089afb7f407917a058b31fa,15.0,1.0,0.9413533834586464,,,,,,,,,,,,,,,,,,
canonical_v2_20260714T221501Z_483f96f,51415c2ce68c89d9ce2b042b0a7a811fe3e98180b72460006f9d0465f6bf49b7,06c507bee525ea1daca43b61249764007d4d8baaa05c9333f23446ea723ce160,f1e358e99914563305428cece1b1595bc76a58643184407ec5b222162d650332,dependent_fold_pair,oof_shap/shap_stability_pairwise.csv,c1300316fe5baec24e789c06aec35dd4f283fa4843b71c7aab1edbf4818f8e91,no_salary_hike_no_attrition_no_department,xgboost,d483d8ddb93a47a99a2eab54fe3d138d8f614798dd418bca860ea3f20c813f51,,,,,,,2.0,3.0,118b396aebf864f54d3c710f9369e7f3bca879602cd413b3635155c73785be15,007c88008a166345b2a4fed769f757959ea781a0d940c62183f36babd34f734d,5.0,1.0,0.9082706766917292,,,,,,,,,,,,,,,,,,
canonical_v2_20260714T221501Z_483f96f,51415c2ce68c89d9ce2b042b0a7a811fe3e98180b72460006f9d0465f6bf49b7,06c507bee525ea1daca43b61249764007d4d8baaa05c9333f23446ea723ce160,f1e358e99914563305428cece1b1595bc76a58643184407ec5b222162d650332,dependent_fold_pair,oof_shap/shap_stability_pairwise.csv,c1300316fe5baec24e789c06aec35dd4f283fa4843b71c7aab1edbf4818f8e91,no_salary_hike_no_attrition_no_department,xgboost,d483d8ddb93a47a99a2eab54fe3d138d8f614798dd418bca860ea3f20c813f51,,,,,,,2.0,3.0,118b396aebf864f54d3c710f9369e7f3bca879602cd413b3635155c73785be15,007c88008a166345b2a4fed769f757959ea781a0d940c62183f36babd34f734d,10.0,0.6666666666666666,0.9082706766917292,,,,,,,,,,,,,,,,,,
canonical_v2_20260714T221501Z_483f96f,51415c2ce68c89d9ce2b042b0a7a811fe3e98180b72460006f9d0465f6bf49b7,06c507bee525ea1daca43b61249764007d4d8baaa05c9333f23446ea723ce160,f1e358e99914563305428cece1b1595bc76a58643184407ec5b222162d650332,dependent_fold_pair,oof_shap/shap_stability_pairwise.csv,c1300316fe5baec24e789c06aec35dd4f283fa4843b71c7aab1edbf4818f8e91,no_salary_hike_no_attrition_no_department,xgboost,d483d8ddb93a47a99a2eab54fe3d138d8f614798dd418bca860ea3f20c813f51,,,,,,,2.0,3.0,118b396aebf864f54d3c710f9369e7f3bca879602cd413b3635155c73785be15,007c88008a166345b2a4fed769f757959ea781a0d940c62183f36babd34f734d,15.0,0.875,0.9082706766917292,,,,,,,,,,,,,,,,,,
canonical_v2_20260714T221501Z_483f96f,51415c2ce68c89d9ce2b042b0a7a811fe3e98180b72460006f9d0465f6bf49b7,06c507bee525ea1daca43b61249764007d4d8baaa05c9333f23446ea723ce160,f1e358e99914563305428cece1b1595bc76a58643184407ec5b222162d650332,dependent_fold_pair,oof_shap/shap_stability_pairwise.csv,c1300316fe5baec24e789c06aec35dd4f283fa4843b71c7aab1edbf4818f8e91,no_salary_hike_no_attrition_no_department,xgboost,d483d8ddb93a47a99a2eab54fe3d138d8f614798dd418bca860ea3f20c813f51,,,,,,,2.0,4.0,118b396aebf864f54d3c710f9369e7f3bca879602cd413b3635155c73785be15,be6969fddf714e76873021a786ce6260ebc2f3c84ad1bb796e99969c806ff53c,5.0,1.0,0.9052631578947368,,,,,,,,,,,,,,,,,,
canonical_v2_20260714T221501Z_483f96f,51415c2ce68c89d9ce2b042b0a7a811fe3e98180b72460006f9d0465f6bf49b7,06c507bee525ea1daca43b61249764007d4d8baaa05c9333f23446ea723ce160,f1e358e99914563305428cece1b1595bc76a58643184407ec5b222162d650332,dependent_fold_pair,oof_shap/shap_stability_pairwise.csv,c1300316fe5baec24e789c06aec35dd4f283fa4843b71c7aab1edbf4818f8e91,no_salary_hike_no_attrition_no_department,xgboost,d483d8ddb93a47a99a2eab54fe3d138d8f614798dd418bca860ea3f20c813f51,,,,,,,2.0,4.0,118b396aebf864f54d3c710f9369e7f3bca879602cd413b3635155c73785be15,be6969fddf714e76873021a786ce6260ebc2f3c84ad1bb796e99969c806ff53c,10.0,0.8181818181818182,0.9052631578947368,,,,,,,,,,,,,,,,,,
canonical_v2_20260714T221501Z_483f96f,51415c2ce68c89d9ce2b042b0a7a811fe3e98180b72460006f9d0465f6bf49b7,06c507bee525ea1daca43b61249764007d4d8baaa05c9333f23446ea723ce160,f1e358e99914563305428cece1b1595bc76a58643184407ec5b222162d650332,dependent_fold_pair,oof_shap/shap_stability_pairwise.csv,c1300316fe5baec24e789c06aec35dd4f283fa4843b71c7aab1edbf4818f8e91,no_salary_hike_no_attrition_no_department,xgboost,d483d8ddb93a47a99a2eab54fe3d138d8f614798dd418bca860ea3f20c813f51,,,,,,,2.0,4.0,118b396aebf864f54d3c710f9369e7f3bca879602cd413b3635155c73785be15,be6969fddf714e76873021a786ce6260ebc2f3c84ad1bb796e99969c806ff53c,15.0,0.7647058823529411,0.9052631578947368,,,,,,,,,,,,,,,,,,
canonical_v2_20260714T221501Z_483f96f,51415c2ce68c89d9ce2b042b0a7a811fe3e98180b72460006f9d0465f6bf49b7,06c507bee525ea1daca43b61249764007d4d8baaa05c9333f23446ea723ce160,f1e358e99914563305428cece1b1595bc76a58643184407ec5b222162d650332,dependent_fold_pair,oof_shap/shap_stability_pairwise.csv,c1300316fe5baec24e789c06aec35dd4f283fa4843b71c7aab1edbf4818f8e91,no_salary_hike_no_attrition_no_department,xgboost,d483d8ddb93a47a99a2eab54fe3d138d8f614798dd418bca860ea3f20c813f51,,,,,,,2.0,5.0,118b396aebf864f54d3c710f9369e7f3bca879602cd413b3635155c73785be15,cf019554e674ac9501ba482e2ec99cb4d6a24ec98c0cfb8d307e3194edf34f23,5.0,1.0,0.918796992481203,,,,,,,,,,,,,,,,,,
canonical_v2_20260714T221501Z_483f96f,51415c2ce68c89d9ce2b042b0a7a811fe3e98180b72460006f9d0465f6bf49b7,06c507bee525ea1daca43b61249764007d4d8baaa05c9333f23446ea723ce160,f1e358e99914563305428cece1b1595bc76a58643184407ec5b222162d650332,dependent_fold_pair,oof_shap/shap_stability_pairwise.csv,c1300316fe5baec24e789c06aec35dd4f283fa4843b71c7aab1edbf4818f8e91,no_salary_hike_no_attrition_no_department,xgboost,d483d8ddb93a47a99a2eab54fe3d138d8f614798dd418bca860ea3f20c813f51,,,,,,,2.0,5.0,118b396aebf864f54d3c710f9369e7f3bca879602cd413b3635155c73785be15,cf019554e674ac9501ba482e2ec99cb4d6a24ec98c0cfb8d307e3194edf34f23,10.0,0.8181818181818182,0.918796992481203,,,,,,,,,,,,,,,,,,
canonical_v2_20260714T221501Z_483f96f,51415c2ce68c89d9ce2b042b0a7a811fe3e98180b72460006f9d0465f6bf49b7,06c507bee525ea1daca43b61249764007d4d8baaa05c9333f23446ea723ce160,f1e358e99914563305428cece1b1595bc76a58643184407ec5b222162d650332,dependent_fold_pair,oof_shap/shap_stability_pairwise.csv,c1300316fe5baec24e789c06aec35dd4f283fa4843b71c7aab1edbf4818f8e91,no_salary_hike_no_attrition_no_department,xgboost,d483d8ddb93a47a99a2eab54fe3d138d8f614798dd418bca860ea3f20c813f51,,,,,,,2.0,5.0,118b396aebf864f54d3c710f9369e7f3bca879602cd413b3635155c73785be15,cf019554e674ac9501ba482e2ec99cb4d6a24ec98c0cfb8d307e3194edf34f23,15.0,0.6666666666666666,0.918796992481203,,,,,,,,,,,,,,,,,,
canonical_v2_20260714T221501Z_483f96f,51415c2ce68c89d9ce2b042b0a7a811fe3e98180b72460006f9d0465f6bf49b7,06c507bee525ea1daca43b61249764007d4d8baaa05c9333f23446ea723ce160,f1e358e99914563305428cece1b1595bc76a58643184407ec5b222162d650332,dependent_fold_pair,oof_shap/shap_stability_pairwise.csv,c1300316fe5baec24e789c06aec35dd4f283fa4843b71c7aab1edbf4818f8e91,no_salary_hike_no_attrition_no_department,xgboost,d483d8ddb93a47a99a2eab54fe3d138d8f614798dd418bca860ea3f20c813f51,,,,,,,2.0,6.0,118b396aebf864f54d3c710f9369e7f3bca879602cd413b3635155c73785be15,fdcaad5d2151a1ca98f9f77a8b48f5489f499c5b0a319bb37d68ba0d4de231d5,5.0,1.0,0.9067669172932332,,,,,,,,,,,,,,,,,,
canonical_v2_20260714T221501Z_483f96f,51415c2ce68c89d9ce2b042b0a7a811fe3e98180b72460006f9d0465f6bf49b7,06c507bee525ea1daca43b61249764007d4d8baaa05c9333f23446ea723ce160,f1e358e99914563305428cece1b1595bc76a58643184407ec5b222162d650332,dependent_fold_pair,oof_shap/shap_stability_pairwise.csv,c1300316fe5baec24e789c06aec35dd4f283fa4843b71c7aab1edbf4818f8e91,no_salary_hike_no_attrition_no_department,xgboost,d483d8ddb93a47a99a2eab54fe3d138d8f614798dd418bca860ea3f20c813f51,,,,,,,2.0,6.0,118b396aebf864f54d3c710f9369e7f3bca879602cd413b3635155c73785be15,fdcaad5d2151a1ca98f9f77a8b48f5489f499c5b0a319bb37d68ba0d4de231d5,10.0,0.8181818181818182,0.9067669172932332,,,,,,,,,,,,,,,,,,
canonical_v2_20260714T221501Z_483f96f,51415c2ce68c89d9ce2b042b0a7a811fe3e98180b72460006f9d0465f6bf49b7,06c507bee525ea1daca43b61249764007d4d8baaa05c9333f23446ea723ce160,f1e358e99914563305428cece1b1595bc76a58643184407ec5b222162d650332,dependent_fold_pair,oof_shap/shap_stability_pairwise.csv,c1300316fe5baec24e789c06aec35dd4f283fa4843b71c7aab1edbf4818f8e91,no_salary_hike_no_attrition_no_department,xgboost,d483d8ddb93a47a99a2eab54fe3d138d8f614798dd418bca860ea3f20c813f51,,,,,,,2.0,6.0,118b396aebf864f54d3c710f9369e7f3bca879602cd413b3635155c73785be15,fdcaad5d2151a1ca98f9f77a8b48f5489f499c5b0a319bb37d68ba0d4de231d5,15.0,0.7647058823529411,0.9067669172932332,,,,,,,,,,,,,,,,,,
canonical_v2_20260714T221501Z_483f96f,51415c2ce68c89d9ce2b042b0a7a811fe3e98180b72460006f9d0465f6bf49b7,06c507bee525ea1daca43b61249764007d4d8baaa05c9333f23446ea723ce160,f1e358e99914563305428cece1b1595bc76a58643184407ec5b222162d650332,dependent_fold_pair,oof_shap/shap_stability_pairwise.csv,c1300316fe5baec24e789c06aec35dd4f283fa4843b71c7aab1edbf4818f8e91,no_salary_hike_no_attrition_no_department,xgboost,d483d8ddb93a47a99a2eab54fe3d138d8f614798dd418bca860ea3f20c813f51,,,,,,,2.0,7.0,118b396aebf864f54d3c710f9369e7f3bca879602cd413b3635155c73785be15,a1d147211856b75e9baa9a5147019cedefed6804c2673abc43c9d86cc22bfb32,5.0,1.0,0.9774436090225564,,,,,,,,,,,,,,,,,,
canonical_v2_20260714T221501Z_483f96f,51415c2ce68c89d9ce2b042b0a7a811fe3e98180b72460006f9d0465f6bf49b7,06c507bee525ea1daca43b61249764007d4d8baaa05c9333f23446ea723ce160,f1e358e99914563305428cece1b1595bc76a58643184407ec5b222162d650332,dependent_fold_pair,oof_shap/shap_stability_pairwise.csv,c1300316fe5baec24e789c06aec35dd4f283fa4843b71c7aab1edbf4818f8e91,no_salary_hike_no_attrition_no_department,xgboost,d483d8ddb93a47a99a2eab54fe3d138d8f614798dd418bca860ea3f20c813f51,,,,,,,2.0,7.0,118b396aebf864f54d3c710f9369e7f3bca879602cd413b3635155c73785be15,a1d147211856b75e9baa9a5147019cedefed6804c2673abc43c9d86cc22bfb32,10.0,0.8181818181818182,0.9774436090225564,,,,,,,,,,,,,,,,,,
canonical_v2_20260714T221501Z_483f96f,51415c2ce68c89d9ce2b042b0a7a811fe3e98180b72460006f9d0465f6bf49b7,06c507bee525ea1daca43b61249764007d4d8baaa05c9333f23446ea723ce160,f1e358e99914563305428cece1b1595bc76a58643184407ec5b222162d650332,dependent_fold_pair,oof_shap/shap_stability_pairwise.csv,c1300316fe5baec24e789c06aec35dd4f283fa4843b71c7aab1edbf4818f8e91,no_salary_hike_no_attrition_no_department,xgboost,d483d8ddb93a47a99a2eab54fe3d138d8f614798dd418bca860ea3f20c813f51,,,,,,,2.0,7.0,118b396aebf864f54d3c710f9369e7f3bca879602cd413b3635155c73785be15,a1d147211856b75e9baa9a5147019cedefed6804c2673abc43c9d86cc22bfb32,15.0,0.875,0.9774436090225564,,,,,,,,,,,,,,,,,,
canonical_v2_20260714T221501Z_483f96f,51415c2ce68c89d9ce2b042b0a7a811fe3e98180b72460006f9d0465f6bf49b7,06c507bee525ea1daca43b61249764007d4d8baaa05c9333f23446ea723ce160,f1e358e99914563305428cece1b1595bc76a58643184407ec5b222162d650332,dependent_fold_pair,oof_shap/shap_stability_pairwise.csv,c1300316fe5baec24e789c06aec35dd4f283fa4843b71c7aab1edbf4818f8e91,no_salary_hike_no_attrition_no_department,xgboost,d483d8ddb93a47a99a2eab54fe3d138d8f614798dd418bca860ea3f20c813f51,,,,,,,2.0,8.0,118b396aebf864f54d3c710f9369e7f3bca879602cd413b3635155c73785be15,e65d6ebca2e1310d83df33558a5be214002b8b04116cefc7330946e7edd2166d,5.0,1.0,0.9233082706766916,,,,,,,,,,,,,,,,,,
canonical_v2_20260714T221501Z_483f96f,51415c2ce68c89d9ce2b042b0a7a811fe3e98180b72460006f9d0465f6bf49b7,06c507bee525ea1daca43b61249764007d4d8baaa05c9333f23446ea723ce160,f1e358e99914563305428cece1b1595bc76a58643184407ec5b222162d650332,dependent_fold_pair,oof_shap/shap_stability_pairwise.csv,c1300316fe5baec24e789c06aec35dd4f283fa4843b71c7aab1edbf4818f8e91,no_salary_hike_no_attrition_no_department,xgboost,d483d8ddb93a47a99a2eab54fe3d138d8f614798dd418bca860ea3f20c813f51,,,,,,,2.0,8.0,118b396aebf864f54d3c710f9369e7f3bca879602cd413b3635155c73785be15,e65d6ebca2e1310d83df33558a5be214002b8b04116cefc7330946e7edd2166d,10.0,0.8181818181818182,0.9233082706766916,,,,,,,,,,,,,,,,,,
canonical_v2_20260714T221501Z_483f96f,51415c2ce68c89d9ce2b042b0a7a811fe3e98180b72460006f9d0465f6bf49b7,06c507bee525ea1daca43b61249764007d4d8baaa05c9333f23446ea723ce160,f1e358e99914563305428cece1b1595bc76a58643184407ec5b222162d650332,dependent_fold_pair,oof_shap/shap_stability_pairwise.csv,c1300316fe5baec24e789c06aec35dd4f283fa4843b71c7aab1edbf4818f8e91,no_salary_hike_no_attrition_no_department,xgboost,d483d8ddb93a47a99a2eab54fe3d138d8f614798dd418bca860ea3f20c813f51,,,,,,,2.0,8.0,118b396aebf864f54d3c710f9369e7f3bca879602cd413b3635155c73785be15,e65d6ebca2e1310d83df33558a5be214002b8b04116cefc7330946e7edd2166d,15.0,0.875,0.9233082706766916,,,,,,,,,,,,,,,,,,
canonical_v2_20260714T221501Z_483f96f,51415c2ce68c89d9ce2b042b0a7a811fe3e98180b72460006f9d0465f6bf49b7,06c507bee525ea1daca43b61249764007d4d8baaa05c9333f23446ea723ce160,f1e358e99914563305428cece1b1595bc76a58643184407ec5b222162d650332,dependent_fold_pair,oof_shap/shap_stability_pairwise.csv,c1300316fe5baec24e789c06aec35dd4f283fa4843b71c7aab1edbf4818f8e91,no_salary_hike_no_attrition_no_department,xgboost,d483d8ddb93a47a99a2eab54fe3d138d8f614798dd418bca860ea3f20c813f51,,,,,,,2.0,9.0,118b396aebf864f54d3c710f9369e7f3bca879602cd413b3635155c73785be15,0c40ac47f34a79f121be0f46703ff5d11586c84f7713225479891b3f13158f47,5.0,1.0,0.9112781954887216,,,,,,,,,,,,,,,,,,
canonical_v2_20260714T221501Z_483f96f,51415c2ce68c89d9ce2b042b0a7a811fe3e98180b72460006f9d0465f6bf49b7,06c507bee525ea1daca43b61249764007d4d8baaa05c9333f23446ea723ce160,f1e358e99914563305428cece1b1595bc76a58643184407ec5b222162d650332,dependent_fold_pair,oof_shap/shap_stability_pairwise.csv,c1300316fe5baec24e789c06aec35dd4f283fa4843b71c7aab1edbf4818f8e91,no_salary_hike_no_attrition_no_department,xgboost,d483d8ddb93a47a99a2eab54fe3d138d8f614798dd418bca860ea3f20c813f51,,,,,,,2.0,9.0,118b396aebf864f54d3c710f9369e7f3bca879602cd413b3635155c73785be15,0c40ac47f34a79f121be0f46703ff5d11586c84f7713225479891b3f13158f47,10.0,0.8181818181818182,0.9112781954887216,,,,,,,,,,,,,,,,,,
canonical_v2_20260714T221501Z_483f96f,51415c2ce68c89d9ce2b042b0a7a811fe3e98180b72460006f9d0465f6bf49b7,06c507bee525ea1daca43b61249764007d4d8baaa05c9333f23446ea723ce160,f1e358e99914563305428cece1b1595bc76a58643184407ec5b222162d650332,dependent_fold_pair,oof_shap/shap_stability_pairwise.csv,c1300316fe5baec24e789c06aec35dd4f283fa4843b71c7aab1edbf4818f8e91,no_salary_hike_no_attrition_no_department,xgboost,d483d8ddb93a47a99a2eab54fe3d138d8f614798dd418bca860ea3f20c813f51,,,,,,,2.0,9.0,118b396aebf864f54d3c710f9369e7f3bca879602cd413b3635155c73785be15,0c40ac47f34a79f121be0f46703ff5d11586c84f7713225479891b3f13158f47,15.0,0.7647058823529411,0.9112781954887216,,,,,,,,,,,,,,,,,,
canonical_v2_20260714T221501Z_483f96f,51415c2ce68c89d9ce2b042b0a7a811fe3e98180b72460006f9d0465f6bf49b7,06c507bee525ea1daca43b61249764007d4d8baaa05c9333f23446ea723ce160,f1e358e99914563305428cece1b1595bc76a58643184407ec5b222162d650332,dependent_fold_pair,oof_shap/shap_stability_pairwise.csv,c1300316fe5baec24e789c06aec35dd4f283fa4843b71c7aab1edbf4818f8e91,no_salary_hike_no_attrition_no_department,xgboost,d483d8ddb93a47a99a2eab54fe3d138d8f614798dd418bca860ea3f20c813f51,,,,,,,2.0,10.0,118b396aebf864f54d3c710f9369e7f3bca879602cd413b3635155c73785be15,41fb35fd298060cb981116856f85ea7263468ab34089afb7f407917a058b31fa,5.0,1.0,0.9428571428571428,,,,,,,,,,,,,,,,,,
canonical_v2_20260714T221501Z_483f96f,51415c2ce68c89d9ce2b042b0a7a811fe3e98180b72460006f9d0465f6bf49b7,06c507bee525ea1daca43b61249764007d4d8baaa05c9333f23446ea723ce160,f1e358e99914563305428cece1b1595bc76a58643184407ec5b222162d650332,dependent_fold_pair,oof_shap/shap_stability_pairwise.csv,c1300316fe5baec24e789c06aec35dd4f283fa4843b71c7aab1edbf4818f8e91,no_salary_hike_no_attrition_no_department,xgboost,d483d8ddb93a47a99a2eab54fe3d138d8f614798dd418bca860ea3f20c813f51,,,,,,,2.0,10.0,118b396aebf864f54d3c710f9369e7f3bca879602cd413b3635155c73785be15,41fb35fd298060cb981116856f85ea7263468ab34089afb7f407917a058b31fa,10.0,0.8181818181818182,0.9428571428571428,,,,,,,,,,,,,,,,,,
canonical_v2_20260714T221501Z_483f96f,51415c2ce68c89d9ce2b042b0a7a811fe3e98180b72460006f9d0465f6bf49b7,06c507bee525ea1daca43b61249764007d4d8baaa05c9333f23446ea723ce160,f1e358e99914563305428cece1b1595bc76a58643184407ec5b222162d650332,dependent_fold_pair,oof_shap/shap_stability_pairwise.csv,c1300316fe5baec24e789c06aec35dd4f283fa4843b71c7aab1edbf4818f8e91,no_salary_hike_no_attrition_no_department,xgboost,d483d8ddb93a47a99a2eab54fe3d138d8f614798dd418bca860ea3f20c813f51,,,,,,,2.0,10.0,118b396aebf864f54d3c710f9369e7f3bca879602cd413b3635155c73785be15,41fb35fd298060cb981116856f85ea7263468ab34089afb7f407917a058b31fa,15.0,0.875,0.9428571428571428,,,,,,,,,,,,,,,,,,
canonical_v2_20260714T221501Z_483f96f,51415c2ce68c89d9ce2b042b0a7a811fe3e98180b72460006f9d0465f6bf49b7,06c507bee525ea1daca43b61249764007d4d8baaa05c9333f23446ea723ce160,f1e358e99914563305428cece1b1595bc76a58643184407ec5b222162d650332,dependent_fold_pair,oof_shap/shap_stability_pairwise.csv,c1300316fe5baec24e789c06aec35dd4f283fa4843b71c7aab1edbf4818f8e91,no_salary_hike_no_attrition_no_department,xgboost,d483d8ddb93a47a99a2eab54fe3d138d8f614798dd418bca860ea3f20c813f51,,,,,,,3.0,4.0,007c88008a166345b2a4fed769f757959ea781a0d940c62183f36babd34f734d,be6969fddf714e76873021a786ce6260ebc2f3c84ad1bb796e99969c806ff53c,5.0,1.0,0.8812030075187969,,,,,,,,,,,,,,,,,,
canonical_v2_20260714T221501Z_483f96f,51415c2ce68c89d9ce2b042b0a7a811fe3e98180b72460006f9d0465f6bf49b7,06c507bee525ea1daca43b61249764007d4d8baaa05c9333f23446ea723ce160,f1e358e99914563305428cece1b1595bc76a58643184407ec5b222162d650332,dependent_fold_pair,oof_shap/shap_stability_pairwise.csv,c1300316fe5baec24e789c06aec35dd4f283fa4843b71c7aab1edbf4818f8e91,no_salary_hike_no_attrition_no_department,xgboost,d483d8ddb93a47a99a2eab54fe3d138d8f614798dd418bca860ea3f20c813f51,,,,,,,3.0,4.0,007c88008a166345b2a4fed769f757959ea781a0d940c62183f36babd34f734d,be6969fddf714e76873021a786ce6260ebc2f3c84ad1bb796e99969c806ff53c,10.0,0.8181818181818182,0.8812030075187969,,,,,,,,,,,,,,,,,,
canonical_v2_20260714T221501Z_483f96f,51415c2ce68c89d9ce2b042b0a7a811fe3e98180b72460006f9d0465f6bf49b7,06c507bee525ea1daca43b61249764007d4d8baaa05c9333f23446ea723ce160,f1e358e99914563305428cece1b1595bc76a58643184407ec5b222162d650332,dependent_fold_pair,oof_shap/shap_stability_pairwise.csv,c1300316fe5baec24e789c06aec35dd4f283fa4843b71c7aab1edbf4818f8e91,no_salary_hike_no_attrition_no_department,xgboost,d483d8ddb93a47a99a2eab54fe3d138d8f614798dd418bca860ea3f20c813f51,,,,,,,3.0,4.0,007c88008a166345b2a4fed769f757959ea781a0d940c62183f36babd34f734d,be6969fddf714e76873021a786ce6260ebc2f3c84ad1bb796e99969c806ff53c,15.0,0.875,0.8812030075187969,,,,,,,,,,,,,,,,,,
canonical_v2_20260714T221501Z_483f96f,51415c2ce68c89d9ce2b042b0a7a811fe3e98180b72460006f9d0465f6bf49b7,06c507bee525ea1daca43b61249764007d4d8baaa05c9333f23446ea723ce160,f1e358e99914563305428cece1b1595bc76a58643184407ec5b222162d650332,dependent_fold_pair,oof_shap/shap_stability_pairwise.csv,c1300316fe5baec24e789c06aec35dd4f283fa4843b71c7aab1edbf4818f8e91,no_salary_hike_no_attrition_no_department,xgboost,d483d8ddb93a47a99a2eab54fe3d138d8f614798dd418bca860ea3f20c813f51,,,,,,,3.0,5.0,007c88008a166345b2a4fed769f757959ea781a0d940c62183f36babd34f734d,cf019554e674ac9501ba482e2ec99cb4d6a24ec98c0cfb8d307e3194edf34f23,5.0,1.0,0.9263157894736842,,,,,,,,,,,,,,,,,,
canonical_v2_20260714T221501Z_483f96f,51415c2ce68c89d9ce2b042b0a7a811fe3e98180b72460006f9d0465f6bf49b7,06c507bee525ea1daca43b61249764007d4d8baaa05c9333f23446ea723ce160,f1e358e99914563305428cece1b1595bc76a58643184407ec5b222162d650332,dependent_fold_pair,oof_shap/shap_stability_pairwise.csv,c1300316fe5baec24e789c06aec35dd4f283fa4843b71c7aab1edbf4818f8e91,no_salary_hike_no_attrition_no_department,xgboost,d483d8ddb93a47a99a2eab54fe3d138d8f614798dd418bca860ea3f20c813f51,,,,,,,3.0,5.0,007c88008a166345b2a4fed769f757959ea781a0d940c62183f36babd34f734d,cf019554e674ac9501ba482e2ec99cb4d6a24ec98c0cfb8d307e3194edf34f23,10.0,0.8181818181818182,0.9263157894736842,,,,,,,,,,,,,,,,,,
canonical_v2_20260714T221501Z_483f96f,51415c2ce68c89d9ce2b042b0a7a811fe3e98180b72460006f9d0465f6bf49b7,06c507bee525ea1daca43b61249764007d4d8baaa05c9333f23446ea723ce160,f1e358e99914563305428cece1b1595bc76a58643184407ec5b222162d650332,dependent_fold_pair,oof_shap/shap_stability_pairwise.csv,c1300316fe5baec24e789c06aec35dd4f283fa4843b71c7aab1edbf4818f8e91,no_salary_hike_no_attrition_no_department,xgboost,d483d8ddb93a47a99a2eab54fe3d138d8f614798dd418bca860ea3f20c813f51,,,,,,,3.0,5.0,007c88008a166345b2a4fed769f757959ea781a0d940c62183f36babd34f734d,cf019554e674ac9501ba482e2ec99cb4d6a24ec98c0cfb8d307e3194edf34f23,15.0,0.7647058823529411,0.9263157894736842,,,,,,,,,,,,,,,,,,
canonical_v2_20260714T221501Z_483f96f,51415c2ce68c89d9ce2b042b0a7a811fe3e98180b72460006f9d0465f6bf49b7,06c507bee525ea1daca43b61249764007d4d8baaa05c9333f23446ea723ce160,f1e358e99914563305428cece1b1595bc76a58643184407ec5b222162d650332,dependent_fold_pair,oof_shap/shap_stability_pairwise.csv,c1300316fe5baec24e789c06aec35dd4f283fa4843b71c7aab1edbf4818f8e91,no_salary_hike_no_attrition_no_department,xgboost,d483d8ddb93a47a99a2eab54fe3d138d8f614798dd418bca860ea3f20c813f51,,,,,,,3.0,6.0,007c88008a166345b2a4fed769f757959ea781a0d940c62183f36babd34f734d,fdcaad5d2151a1ca98f9f77a8b48f5489f499c5b0a319bb37d68ba0d4de231d5,5.0,1.0,0.9413533834586464,,,,,,,,,,,,,,,,,,
canonical_v2_20260714T221501Z_483f96f,51415c2ce68c89d9ce2b042b0a7a811fe3e98180b72460006f9d0465f6bf49b7,06c507bee525ea1daca43b61249764007d4d8baaa05c9333f23446ea723ce160,f1e358e99914563305428cece1b1595bc76a58643184407ec5b222162d650332,dependent_fold_pair,oof_shap/shap_stability_pairwise.csv,c1300316fe5baec24e789c06aec35dd4f283fa4843b71c7aab1edbf4818f8e91,no_salary_hike_no_attrition_no_department,xgboost,d483d8ddb93a47a99a2eab54fe3d138d8f614798dd418bca860ea3f20c813f51,,,,,,,3.0,6.0,007c88008a166345b2a4fed769f757959ea781a0d940c62183f36babd34f734d,fdcaad5d2151a1ca98f9f77a8b48f5489f499c5b0a319bb37d68ba0d4de231d5,10.0,0.8181818181818182,0.9413533834586464,,,,,,,,,,,,,,,,,,
canonical_v2_20260714T221501Z_483f96f,51415c2ce68c89d9ce2b042b0a7a811fe3e98180b72460006f9d0465f6bf49b7,06c507bee525ea1daca43b61249764007d4d8baaa05c9333f23446ea723ce160,f1e358e99914563305428cece1b1595bc76a58643184407ec5b222162d650332,dependent_fold_pair,oof_shap/shap_stability_pairwise.csv,c1300316fe5baec24e789c06aec35dd4f283fa4843b71c7aab1edbf4818f8e91,no_salary_hike_no_attrition_no_department,xgboost,d483d8ddb93a47a99a2eab54fe3d138d8f614798dd418bca860ea3f20c813f51,,,,,,,3.0,6.0,007c88008a166345b2a4fed769f757959ea781a0d940c62183f36babd34f734d,fdcaad5d2151a1ca98f9f77a8b48f5489f499c5b0a319bb37d68ba0d4de231d5,15.0,0.875,0.9413533834586464,,,,,,,,,,,,,,,,,,
canonical_v2_20260714T221501Z_483f96f,51415c2ce68c89d9ce2b042b0a7a811fe3e98180b72460006f9d0465f6bf49b7,06c507bee525ea1daca43b61249764007d4d8baaa05c9333f23446ea723ce160,f1e358e99914563305428cece1b1595bc76a58643184407ec5b222162d650332,dependent_fold_pair,oof_shap/shap_stability_pairwise.csv,c1300316fe5baec24e789c06aec35dd4f283fa4843b71c7aab1edbf4818f8e91,no_salary_hike_no_attrition_no_department,xgboost,d483d8ddb93a47a99a2eab54fe3d138d8f614798dd418bca860ea3f20c813f51,,,,,,,3.0,7.0,007c88008a166345b2a4fed769f757959ea781a0d940c62183f36babd34f734d,a1d147211856b75e9baa9a5147019cedefed6804c2673abc43c9d86cc22bfb32,5.0,1.0,0.9639097744360902,,,,,,,,,,,,,,,,,,
canonical_v2_20260714T221501Z_483f96f,51415c2ce68c89d9ce2b042b0a7a811fe3e98180b72460006f9d0465f6bf49b7,06c507bee525ea1daca43b61249764007d4d8baaa05c9333f23446ea723ce160,f1e358e99914563305428cece1b1595bc76a58643184407ec5b222162d650332,dependent_fold_pair,oof_shap/shap_stability_pairwise.csv,c1300316fe5baec24e789c06aec35dd4f283fa4843b71c7aab1edbf4818f8e91,no_salary_hike_no_attrition_no_department,xgboost,d483d8ddb93a47a99a2eab54fe3d138d8f614798dd418bca860ea3f20c813f51,,,,,,,3.0,7.0,007c88008a166345b2a4fed769f757959ea781a0d940c62183f36babd34f734d,a1d147211856b75e9baa9a5147019cedefed6804c2673abc43c9d86cc22bfb32,10.0,0.8181818181818182,0.9639097744360902,,,,,,,,,,,,,,,,,,
canonical_v2_20260714T221501Z_483f96f,51415c2ce68c89d9ce2b042b0a7a811fe3e98180b72460006f9d0465f6bf49b7,06c507bee525ea1daca43b61249764007d4d8baaa05c9333f23446ea723ce160,f1e358e99914563305428cece1b1595bc76a58643184407ec5b222162d650332,dependent_fold_pair,oof_shap/shap_stability_pairwise.csv,c1300316fe5baec24e789c06aec35dd4f283fa4843b71c7aab1edbf4818f8e91,no_salary_hike_no_attrition_no_department,xgboost,d483d8ddb93a47a99a2eab54fe3d138d8f614798dd418bca860ea3f20c813f51,,,,,,,3.0,7.0,007c88008a166345b2a4fed769f757959ea781a0d940c62183f36babd34f734d,a1d147211856b75e9baa9a5147019cedefed6804c2673abc43c9d86cc22bfb32,15.0,1.0,0.9639097744360902,,,,,,,,,,,,,,,,,,
canonical_v2_20260714T221501Z_483f96f,51415c2ce68c89d9ce2b042b0a7a811fe3e98180b72460006f9d0465f6bf49b7,06c507bee525ea1daca43b61249764007d4d8baaa05c9333f23446ea723ce160,f1e358e99914563305428cece1b1595bc76a58643184407ec5b222162d650332,dependent_fold_pair,oof_shap/shap_stability_pairwise.csv,c1300316fe5baec24e789c06aec35dd4f283fa4843b71c7aab1edbf4818f8e91,no_salary_hike_no_attrition_no_department,xgboost,d483d8ddb93a47a99a2eab54fe3d138d8f614798dd418bca860ea3f20c813f51,,,,,,,3.0,8.0,007c88008a166345b2a4fed769f757959ea781a0d940c62183f36babd34f734d,e65d6ebca2e1310d83df33558a5be214002b8b04116cefc7330946e7edd2166d,5.0,1.0,0.9353383458646616,,,,,,,,,,,,,,,,,,
canonical_v2_20260714T221501Z_483f96f,51415c2ce68c89d9ce2b042b0a7a811fe3e98180b72460006f9d0465f6bf49b7,06c507bee525ea1daca43b61249764007d4d8baaa05c9333f23446ea723ce160,f1e358e99914563305428cece1b1595bc76a58643184407ec5b222162d650332,dependent_fold_pair,oof_shap/shap_stability_pairwise.csv,c1300316fe5baec24e789c06aec35dd4f283fa4843b71c7aab1edbf4818f8e91,no_salary_hike_no_attrition_no_department,xgboost,d483d8ddb93a47a99a2eab54fe3d138d8f614798dd418bca860ea3f20c813f51,,,,,,,3.0,8.0,007c88008a166345b2a4fed769f757959ea781a0d940c62183f36babd34f734d,e65d6ebca2e1310d83df33558a5be214002b8b04116cefc7330946e7edd2166d,10.0,0.6666666666666666,0.9353383458646616,,,,,,,,,,,,,,,,,,
canonical_v2_20260714T221501Z_483f96f,51415c2ce68c89d9ce2b042b0a7a811fe3e98180b72460006f9d0465f6bf49b7,06c507bee525ea1daca43b61249764007d4d8baaa05c9333f23446ea723ce160,f1e358e99914563305428cece1b1595bc76a58643184407ec5b222162d650332,dependent_fold_pair,oof_shap/shap_stability_pairwise.csv,c1300316fe5baec24e789c06aec35dd4f283fa4843b71c7aab1edbf4818f8e91,no_salary_hike_no_attrition_no_department,xgboost,d483d8ddb93a47a99a2eab54fe3d138d8f614798dd418bca860ea3f20c813f51,,,,,,,3.0,8.0,007c88008a166345b2a4fed769f757959ea781a0d940c62183f36babd34f734d,e65d6ebca2e1310d83df33558a5be214002b8b04116cefc7330946e7edd2166d,15.0,0.875,0.9353383458646616,,,,,,,,,,,,,,,,,,
canonical_v2_20260714T221501Z_483f96f,51415c2ce68c89d9ce2b042b0a7a811fe3e98180b72460006f9d0465f6bf49b7,06c507bee525ea1daca43b61249764007d4d8baaa05c9333f23446ea723ce160,f1e358e99914563305428cece1b1595bc76a58643184407ec5b222162d650332,dependent_fold_pair,oof_shap/shap_stability_pairwise.csv,c1300316fe5baec24e789c06aec35dd4f283fa4843b71c7aab1edbf4818f8e91,no_salary_hike_no_attrition_no_department,xgboost,d483d8ddb93a47a99a2eab54fe3d138d8f614798dd418bca860ea3f20c813f51,,,,,,,3.0,9.0,007c88008a166345b2a4fed769f757959ea781a0d940c62183f36babd34f734d,0c40ac47f34a79f121be0f46703ff5d11586c84f7713225479891b3f13158f47,5.0,1.0,0.9157894736842104,,,,,,,,,,,,,,,,,,
canonical_v2_20260714T221501Z_483f96f,51415c2ce68c89d9ce2b042b0a7a811fe3e98180b72460006f9d0465f6bf49b7,06c507bee525ea1daca43b61249764007d4d8baaa05c9333f23446ea723ce160,f1e358e99914563305428cece1b1595bc76a58643184407ec5b222162d650332,dependent_fold_pair,oof_shap/shap_stability_pairwise.csv,c1300316fe5baec24e789c06aec35dd4f283fa4843b71c7aab1edbf4818f8e91,no_salary_hike_no_attrition_no_department,xgboost,d483d8ddb93a47a99a2eab54fe3d138d8f614798dd418bca860ea3f20c813f51,,,,,,,3.0,9.0,007c88008a166345b2a4fed769f757959ea781a0d940c62183f36babd34f734d,0c40ac47f34a79f121be0f46703ff5d11586c84f7713225479891b3f13158f47,10.0,0.8181818181818182,0.9157894736842104,,,,,,,,,,,,,,,,,,
canonical_v2_20260714T221501Z_483f96f,51415c2ce68c89d9ce2b042b0a7a811fe3e98180b72460006f9d0465f6bf49b7,06c507bee525ea1daca43b61249764007d4d8baaa05c9333f23446ea723ce160,f1e358e99914563305428cece1b1595bc76a58643184407ec5b222162d650332,dependent_fold_pair,oof_shap/shap_stability_pairwise.csv,c1300316fe5baec24e789c06aec35dd4f283fa4843b71c7aab1edbf4818f8e91,no_salary_hike_no_attrition_no_department,xgboost,d483d8ddb93a47a99a2eab54fe3d138d8f614798dd418bca860ea3f20c813f51,,,,,,,3.0,9.0,007c88008a166345b2a4fed769f757959ea781a0d940c62183f36babd34f734d,0c40ac47f34a79f121be0f46703ff5d11586c84f7713225479891b3f13158f47,15.0,0.7647058823529411,0.9157894736842104,,,,,,,,,,,,,,,,,,
canonical_v2_20260714T221501Z_483f96f,51415c2ce68c89d9ce2b042b0a7a811fe3e98180b72460006f9d0465f6bf49b7,06c507bee525ea1daca43b61249764007d4d8baaa05c9333f23446ea723ce160,f1e358e99914563305428cece1b1595bc76a58643184407ec5b222162d650332,dependent_fold_pair,oof_shap/shap_stability_pairwise.csv,c1300316fe5baec24e789c06aec35dd4f283fa4843b71c7aab1edbf4818f8e91,no_salary_hike_no_attrition_no_department,xgboost,d483d8ddb93a47a99a2eab54fe3d138d8f614798dd418bca860ea3f20c813f51,,,,,,,3.0,10.0,007c88008a166345b2a4fed769f757959ea781a0d940c62183f36babd34f734d,41fb35fd298060cb981116856f85ea7263468ab34089afb7f407917a058b31fa,5.0,1.0,0.8511278195488721,,,,,,,,,,,,,,,,,,
canonical_v2_20260714T221501Z_483f96f,51415c2ce68c89d9ce2b042b0a7a811fe3e98180b72460006f9d0465f6bf49b7,06c507bee525ea1daca43b61249764007d4d8baaa05c9333f23446ea723ce160,f1e358e99914563305428cece1b1595bc76a58643184407ec5b222162d650332,dependent_fold_pair,oof_shap/shap_stability_pairwise.csv,c1300316fe5baec24e789c06aec35dd4f283fa4843b71c7aab1edbf4818f8e91,no_salary_hike_no_attrition_no_department,xgboost,d483d8ddb93a47a99a2eab54fe3d138d8f614798dd418bca860ea3f20c813f51,,,,,,,3.0,10.0,007c88008a166345b2a4fed769f757959ea781a0d940c62183f36babd34f734d,41fb35fd298060cb981116856f85ea7263468ab34089afb7f407917a058b31fa,10.0,0.6666666666666666,0.8511278195488721,,,,,,,,,,,,,,,,,,
canonical_v2_20260714T221501Z_483f96f,51415c2ce68c89d9ce2b042b0a7a811fe3e98180b72460006f9d0465f6bf49b7,06c507bee525ea1daca43b61249764007d4d8baaa05c9333f23446ea723ce160,f1e358e99914563305428cece1b1595bc76a58643184407ec5b222162d650332,dependent_fold_pair,oof_shap/shap_stability_pairwise.csv,c1300316fe5baec24e789c06aec35dd4f283fa4843b71c7aab1edbf4818f8e91,no_salary_hike_no_attrition_no_department,xgboost,d483d8ddb93a47a99a2eab54fe3d138d8f614798dd418bca860ea3f20c813f51,,,,,,,3.0,10.0,007c88008a166345b2a4fed769f757959ea781a0d940c62183f36babd34f734d,41fb35fd298060cb981116856f85ea7263468ab34089afb7f407917a058b31fa,15.0,0.875,0.8511278195488721,,,,,,,,,,,,,,,,,,
canonical_v2_20260714T221501Z_483f96f,51415c2ce68c89d9ce2b042b0a7a811fe3e98180b72460006f9d0465f6bf49b7,06c507bee525ea1daca43b61249764007d4d8baaa05c9333f23446ea723ce160,f1e358e99914563305428cece1b1595bc76a58643184407ec5b222162d650332,dependent_fold_pair,oof_shap/shap_stability_pairwise.csv,c1300316fe5baec24e789c06aec35dd4f283fa4843b71c7aab1edbf4818f8e91,no_salary_hike_no_attrition_no_department,xgboost,d483d8ddb93a47a99a2eab54fe3d138d8f614798dd418bca860ea3f20c813f51,,,,,,,4.0,5.0,be6969fddf714e76873021a786ce6260ebc2f3c84ad1bb796e99969c806ff53c,cf019554e674ac9501ba482e2ec99cb4d6a24ec98c0cfb8d307e3194edf34f23,5.0,1.0,0.918796992481203,,,,,,,,,,,,,,,,,,
canonical_v2_20260714T221501Z_483f96f,51415c2ce68c89d9ce2b042b0a7a811fe3e98180b72460006f9d0465f6bf49b7,06c507bee525ea1daca43b61249764007d4d8baaa05c9333f23446ea723ce160,f1e358e99914563305428cece1b1595bc76a58643184407ec5b222162d650332,dependent_fold_pair,oof_shap/shap_stability_pairwise.csv,c1300316fe5baec24e789c06aec35dd4f283fa4843b71c7aab1edbf4818f8e91,no_salary_hike_no_attrition_no_department,xgboost,d483d8ddb93a47a99a2eab54fe3d138d8f614798dd418bca860ea3f20c813f51,,,,,,,4.0,5.0,be6969fddf714e76873021a786ce6260ebc2f3c84ad1bb796e99969c806ff53c,cf019554e674ac9501ba482e2ec99cb4d6a24ec98c0cfb8d307e3194edf34f23,10.0,0.8181818181818182,0.918796992481203,,,,,,,,,,,,,,,,,,
canonical_v2_20260714T221501Z_483f96f,51415c2ce68c89d9ce2b042b0a7a811fe3e98180b72460006f9d0465f6bf49b7,06c507bee525ea1daca43b61249764007d4d8baaa05c9333f23446ea723ce160,f1e358e99914563305428cece1b1595bc76a58643184407ec5b222162d650332,dependent_fold_pair,oof_shap/shap_stability_pairwise.csv,c1300316fe5baec24e789c06aec35dd4f283fa4843b71c7aab1edbf4818f8e91,no_salary_hike_no_attrition_no_department,xgboost,d483d8ddb93a47a99a2eab54fe3d138d8f614798dd418bca860ea3f20c813f51,,,,,,,4.0,5.0,be6969fddf714e76873021a786ce6260ebc2f3c84ad1bb796e99969c806ff53c,cf019554e674ac9501ba482e2ec99cb4d6a24ec98c0cfb8d307e3194edf34f23,15.0,0.875,0.918796992481203,,,,,,,,,,,,,,,,,,
canonical_v2_20260714T221501Z_483f96f,51415c2ce68c89d9ce2b042b0a7a811fe3e98180b72460006f9d0465f6bf49b7,06c507bee525ea1daca43b61249764007d4d8baaa05c9333f23446ea723ce160,f1e358e99914563305428cece1b1595bc76a58643184407ec5b222162d650332,dependent_fold_pair,oof_shap/shap_stability_pairwise.csv,c1300316fe5baec24e789c06aec35dd4f283fa4843b71c7aab1edbf4818f8e91,no_salary_hike_no_attrition_no_department,xgboost,d483d8ddb93a47a99a2eab54fe3d138d8f614798dd418bca860ea3f20c813f51,,,,,,,4.0,6.0,be6969fddf714e76873021a786ce6260ebc2f3c84ad1bb796e99969c806ff53c,fdcaad5d2151a1ca98f9f77a8b48f5489f499c5b0a319bb37d68ba0d4de231d5,5.0,1.0,0.9218045112781956,,,,,,,,,,,,,,,,,,
canonical_v2_20260714T221501Z_483f96f,51415c2ce68c89d9ce2b042b0a7a811fe3e98180b72460006f9d0465f6bf49b7,06c507bee525ea1daca43b61249764007d4d8baaa05c9333f23446ea723ce160,f1e358e99914563305428cece1b1595bc76a58643184407ec5b222162d650332,dependent_fold_pair,oof_shap/shap_stability_pairwise.csv,c1300316fe5baec24e789c06aec35dd4f283fa4843b71c7aab1edbf4818f8e91,no_salary_hike_no_attrition_no_department,xgboost,d483d8ddb93a47a99a2eab54fe3d138d8f614798dd418bca860ea3f20c813f51,,,,,,,4.0,6.0,be6969fddf714e76873021a786ce6260ebc2f3c84ad1bb796e99969c806ff53c,fdcaad5d2151a1ca98f9f77a8b48f5489f499c5b0a319bb37d68ba0d4de231d5,10.0,0.8181818181818182,0.9218045112781956,,,,,,,,,,,,,,,,,,
canonical_v2_20260714T221501Z_483f96f,51415c2ce68c89d9ce2b042b0a7a811fe3e98180b72460006f9d0465f6bf49b7,06c507bee525ea1daca43b61249764007d4d8baaa05c9333f23446ea723ce160,f1e358e99914563305428cece1b1595bc76a58643184407ec5b222162d650332,dependent_fold_pair,oof_shap/shap_stability_pairwise.csv,c1300316fe5baec24e789c06aec35dd4f283fa4843b71c7aab1edbf4818f8e91,no_salary_hike_no_attrition_no_department,xgboost,d483d8ddb93a47a99a2eab54fe3d138d8f614798dd418bca860ea3f20c813f51,,,,,,,4.0,6.0,be6969fddf714e76873021a786ce6260ebc2f3c84ad1bb796e99969c806ff53c,fdcaad5d2151a1ca98f9f77a8b48f5489f499c5b0a319bb37d68ba0d4de231d5,15.0,0.875,0.9218045112781956,,,,,,,,,,,,,,,,,,
canonical_v2_20260714T221501Z_483f96f,51415c2ce68c89d9ce2b042b0a7a811fe3e98180b72460006f9d0465f6bf49b7,06c507bee525ea1daca43b61249764007d4d8baaa05c9333f23446ea723ce160,f1e358e99914563305428cece1b1595bc76a58643184407ec5b222162d650332,dependent_fold_pair,oof_shap/shap_stability_pairwise.csv,c1300316fe5baec24e789c06aec35dd4f283fa4843b71c7aab1edbf4818f8e91,no_salary_hike_no_attrition_no_department,xgboost,d483d8ddb93a47a99a2eab54fe3d138d8f614798dd418bca860ea3f20c813f51,,,,,,,4.0,7.0,be6969fddf714e76873021a786ce6260ebc2f3c84ad1bb796e99969c806ff53c,a1d147211856b75e9baa9a5147019cedefed6804c2673abc43c9d86cc22bfb32,5.0,1.0,0.9278195488721804,,,,,,,,,,,,,,,,,,
canonical_v2_20260714T221501Z_483f96f,51415c2ce68c89d9ce2b042b0a7a811fe3e98180b72460006f9d0465f6bf49b7,06c507bee525ea1daca43b61249764007d4d8baaa05c9333f23446ea723ce160,f1e358e99914563305428cece1b1595bc76a58643184407ec5b222162d650332,dependent_fold_pair,oof_shap/shap_stability_pairwise.csv,c1300316fe5baec24e789c06aec35dd4f283fa4843b71c7aab1edbf4818f8e91,no_salary_hike_no_attrition_no_department,xgboost,d483d8ddb93a47a99a2eab54fe3d138d8f614798dd418bca860ea3f20c813f51,,,,,,,4.0,7.0,be6969fddf714e76873021a786ce6260ebc2f3c84ad1bb796e99969c806ff53c,a1d147211856b75e9baa9a5147019cedefed6804c2673abc43c9d86cc22bfb32,10.0,1.0,0.9278195488721804,,,,,,,,,,,,,,,,,,
canonical_v2_20260714T221501Z_483f96f,51415c2ce68c89d9ce2b042b0a7a811fe3e98180b72460006f9d0465f6bf49b7,06c507bee525ea1daca43b61249764007d4d8baaa05c9333f23446ea723ce160,f1e358e99914563305428cece1b1595bc76a58643184407ec5b222162d650332,dependent_fold_pair,oof_shap/shap_stability_pairwise.csv,c1300316fe5baec24e789c06aec35dd4f283fa4843b71c7aab1edbf4818f8e91,no_salary_hike_no_attrition_no_department,xgboost,d483d8ddb93a47a99a2eab54fe3d138d8f614798dd418bca860ea3f20c813f51,,,,,,,4.0,7.0,be6969fddf714e76873021a786ce6260ebc2f3c84ad1bb796e99969c806ff53c,a1d147211856b75e9baa9a5147019cedefed6804c2673abc43c9d86cc22bfb32,15.0,0.875,0.9278195488721804,,,,,,,,,,,,,,,,,,
canonical_v2_20260714T221501Z_483f96f,51415c2ce68c89d9ce2b042b0a7a811fe3e98180b72460006f9d0465f6bf49b7,06c507bee525ea1daca43b61249764007d4d8baaa05c9333f23446ea723ce160,f1e358e99914563305428cece1b1595bc76a58643184407ec5b222162d650332,dependent_fold_pair,oof_shap/shap_stability_pairwise.csv,c1300316fe5baec24e789c06aec35dd4f283fa4843b71c7aab1edbf4818f8e91,no_salary_hike_no_attrition_no_department,xgboost,d483d8ddb93a47a99a2eab54fe3d138d8f614798dd418bca860ea3f20c813f51,,,,,,,4.0,8.0,be6969fddf714e76873021a786ce6260ebc2f3c84ad1bb796e99969c806ff53c,e65d6ebca2e1310d83df33558a5be214002b8b04116cefc7330946e7edd2166d,5.0,1.0,0.8390977443609022,,,,,,,,,,,,,,,,,,
canonical_v2_20260714T221501Z_483f96f,51415c2ce68c89d9ce2b042b0a7a811fe3e98180b72460006f9d0465f6bf49b7,06c507bee525ea1daca43b61249764007d4d8baaa05c9333f23446ea723ce160,f1e358e99914563305428cece1b1595bc76a58643184407ec5b222162d650332,dependent_fold_pair,oof_shap/shap_stability_pairwise.csv,c1300316fe5baec24e789c06aec35dd4f283fa4843b71c7aab1edbf4818f8e91,no_salary_hike_no_attrition_no_department,xgboost,d483d8ddb93a47a99a2eab54fe3d138d8f614798dd418bca860ea3f20c813f51,,,,,,,4.0,8.0,be6969fddf714e76873021a786ce6260ebc2f3c84ad1bb796e99969c806ff53c,e65d6ebca2e1310d83df33558a5be214002b8b04116cefc7330946e7edd2166d,10.0,0.8181818181818182,0.8390977443609022,,,,,,,,,,,,,,,,,,
canonical_v2_20260714T221501Z_483f96f,51415c2ce68c89d9ce2b042b0a7a811fe3e98180b72460006f9d0465f6bf49b7,06c507bee525ea1daca43b61249764007d4d8baaa05c9333f23446ea723ce160,f1e358e99914563305428cece1b1595bc76a58643184407ec5b222162d650332,dependent_fold_pair,oof_shap/shap_stability_pairwise.csv,c1300316fe5baec24e789c06aec35dd4f283fa4843b71c7aab1edbf4818f8e91,no_salary_hike_no_attrition_no_department,xgboost,d483d8ddb93a47a99a2eab54fe3d138d8f614798dd418bca860ea3f20c813f51,,,,,,,4.0,8.0,be6969fddf714e76873021a786ce6260ebc2f3c84ad1bb796e99969c806ff53c,e65d6ebca2e1310d83df33558a5be214002b8b04116cefc7330946e7edd2166d,15.0,0.7647058823529411,0.8390977443609022,,,,,,,,,,,,,,,,,,
canonical_v2_20260714T221501Z_483f96f,51415c2ce68c89d9ce2b042b0a7a811fe3e98180b72460006f9d0465f6bf49b7,06c507bee525ea1daca43b61249764007d4d8baaa05c9333f23446ea723ce160,f1e358e99914563305428cece1b1595bc76a58643184407ec5b222162d650332,dependent_fold_pair,oof_shap/shap_stability_pairwise.csv,c1300316fe5baec24e789c06aec35dd4f283fa4843b71c7aab1edbf4818f8e91,no_salary_hike_no_attrition_no_department,xgboost,d483d8ddb93a47a99a2eab54fe3d138d8f614798dd418bca860ea3f20c813f51,,,,,,,4.0,9.0,be6969fddf714e76873021a786ce6260ebc2f3c84ad1bb796e99969c806ff53c,0c40ac47f34a79f121be0f46703ff5d11586c84f7713225479891b3f13158f47,5.0,1.0,0.8736842105263156,,,,,,,,,,,,,,,,,,
canonical_v2_20260714T221501Z_483f96f,51415c2ce68c89d9ce2b042b0a7a811fe3e98180b72460006f9d0465f6bf49b7,06c507bee525ea1daca43b61249764007d4d8baaa05c9333f23446ea723ce160,f1e358e99914563305428cece1b1595bc76a58643184407ec5b222162d650332,dependent_fold_pair,oof_shap/shap_stability_pairwise.csv,c1300316fe5baec24e789c06aec35dd4f283fa4843b71c7aab1edbf4818f8e91,no_salary_hike_no_attrition_no_department,xgboost,d483d8ddb93a47a99a2eab54fe3d138d8f614798dd418bca860ea3f20c813f51,,,,,,,4.0,9.0,be6969fddf714e76873021a786ce6260ebc2f3c84ad1bb796e99969c806ff53c,0c40ac47f34a79f121be0f46703ff5d11586c84f7713225479891b3f13158f47,10.0,1.0,0.8736842105263156,,,,,,,,,,,,,,,,,,
canonical_v2_20260714T221501Z_483f96f,51415c2ce68c89d9ce2b042b0a7a811fe3e98180b72460006f9d0465f6bf49b7,06c507bee525ea1daca43b61249764007d4d8baaa05c9333f23446ea723ce160,f1e358e99914563305428cece1b1595bc76a58643184407ec5b222162d650332,dependent_fold_pair,oof_shap/shap_stability_pairwise.csv,c1300316fe5baec24e789c06aec35dd4f283fa4843b71c7aab1edbf4818f8e91,no_salary_hike_no_attrition_no_department,xgboost,d483d8ddb93a47a99a2eab54fe3d138d8f614798dd418bca860ea3f20c813f51,,,,,,,4.0,9.0,be6969fddf714e76873021a786ce6260ebc2f3c84ad1bb796e99969c806ff53c,0c40ac47f34a79f121be0f46703ff5d11586c84f7713225479891b3f13158f47,15.0,0.6666666666666666,0.8736842105263156,,,,,,,,,,,,,,,,,,
canonical_v2_20260714T221501Z_483f96f,51415c2ce68c89d9ce2b042b0a7a811fe3e98180b72460006f9d0465f6bf49b7,06c507bee525ea1daca43b61249764007d4d8baaa05c9333f23446ea723ce160,f1e358e99914563305428cece1b1595bc76a58643184407ec5b222162d650332,dependent_fold_pair,oof_shap/shap_stability_pairwise.csv,c1300316fe5baec24e789c06aec35dd4f283fa4843b71c7aab1edbf4818f8e91,no_salary_hike_no_attrition_no_department,xgboost,d483d8ddb93a47a99a2eab54fe3d138d8f614798dd418bca860ea3f20c813f51,,,,,,,4.0,10.0,be6969fddf714e76873021a786ce6260ebc2f3c84ad1bb796e99969c806ff53c,41fb35fd298060cb981116856f85ea7263468ab34089afb7f407917a058b31fa,5.0,1.0,0.9142857142857144,,,,,,,,,,,,,,,,,,
canonical_v2_20260714T221501Z_483f96f,51415c2ce68c89d9ce2b042b0a7a811fe3e98180b72460006f9d0465f6bf49b7,06c507bee525ea1daca43b61249764007d4d8baaa05c9333f23446ea723ce160,f1e358e99914563305428cece1b1595bc76a58643184407ec5b222162d650332,dependent_fold_pair,oof_shap/shap_stability_pairwise.csv,c1300316fe5baec24e789c06aec35dd4f283fa4843b71c7aab1edbf4818f8e91,no_salary_hike_no_attrition_no_department,xgboost,d483d8ddb93a47a99a2eab54fe3d138d8f614798dd418bca860ea3f20c813f51,,,,,,,4.0,10.0,be6969fddf714e76873021a786ce6260ebc2f3c84ad1bb796e99969c806ff53c,41fb35fd298060cb981116856f85ea7263468ab34089afb7f407917a058b31fa,10.0,0.8181818181818182,0.9142857142857144,,,,,,,,,,,,,,,,,,
canonical_v2_20260714T221501Z_483f96f,51415c2ce68c89d9ce2b042b0a7a811fe3e98180b72460006f9d0465f6bf49b7,06c507bee525ea1daca43b61249764007d4d8baaa05c9333f23446ea723ce160,f1e358e99914563305428cece1b1595bc76a58643184407ec5b222162d650332,dependent_fold_pair,oof_shap/shap_stability_pairwise.csv,c1300316fe5baec24e789c06aec35dd4f283fa4843b71c7aab1edbf4818f8e91,no_salary_hike_no_attrition_no_department,xgboost,d483d8ddb93a47a99a2eab54fe3d138d8f614798dd418bca860ea3f20c813f51,,,,,,,4.0,10.0,be6969fddf714e76873021a786ce6260ebc2f3c84ad1bb796e99969c806ff53c,41fb35fd298060cb981116856f85ea7263468ab34089afb7f407917a058b31fa,15.0,0.875,0.9142857142857144,,,,,,,,,,,,,,,,,,
canonical_v2_20260714T221501Z_483f96f,51415c2ce68c89d9ce2b042b0a7a811fe3e98180b72460006f9d0465f6bf49b7,06c507bee525ea1daca43b61249764007d4d8baaa05c9333f23446ea723ce160,f1e358e99914563305428cece1b1595bc76a58643184407ec5b222162d650332,dependent_fold_pair,oof_shap/shap_stability_pairwise.csv,c1300316fe5baec24e789c06aec35dd4f283fa4843b71c7aab1edbf4818f8e91,no_salary_hike_no_attrition_no_department,xgboost,d483d8ddb93a47a99a2eab54fe3d138d8f614798dd418bca860ea3f20c813f51,,,,,,,5.0,6.0,cf019554e674ac9501ba482e2ec99cb4d6a24ec98c0cfb8d307e3194edf34f23,fdcaad5d2151a1ca98f9f77a8b48f5489f499c5b0a319bb37d68ba0d4de231d5,5.0,1.0,0.9368421052631578,,,,,,,,,,,,,,,,,,
canonical_v2_20260714T221501Z_483f96f,51415c2ce68c89d9ce2b042b0a7a811fe3e98180b72460006f9d0465f6bf49b7,06c507bee525ea1daca43b61249764007d4d8baaa05c9333f23446ea723ce160,f1e358e99914563305428cece1b1595bc76a58643184407ec5b222162d650332,dependent_fold_pair,oof_shap/shap_stability_pairwise.csv,c1300316fe5baec24e789c06aec35dd4f283fa4843b71c7aab1edbf4818f8e91,no_salary_hike_no_attrition_no_department,xgboost,d483d8ddb93a47a99a2eab54fe3d138d8f614798dd418bca860ea3f20c813f51,,,,,,,5.0,6.0,cf019554e674ac9501ba482e2ec99cb4d6a24ec98c0cfb8d307e3194edf34f23,fdcaad5d2151a1ca98f9f77a8b48f5489f499c5b0a319bb37d68ba0d4de231d5,10.0,1.0,0.9368421052631578,,,,,,,,,,,,,,,,,,
canonical_v2_20260714T221501Z_483f96f,51415c2ce68c89d9ce2b042b0a7a811fe3e98180b72460006f9d0465f6bf49b7,06c507bee525ea1daca43b61249764007d4d8baaa05c9333f23446ea723ce160,f1e358e99914563305428cece1b1595bc76a58643184407ec5b222162d650332,dependent_fold_pair,oof_shap/shap_stability_pairwise.csv,c1300316fe5baec24e789c06aec35dd4f283fa4843b71c7aab1edbf4818f8e91,no_salary_hike_no_attrition_no_department,xgboost,d483d8ddb93a47a99a2eab54fe3d138d8f614798dd418bca860ea3f20c813f51,,,,,,,5.0,6.0,cf019554e674ac9501ba482e2ec99cb4d6a24ec98c0cfb8d307e3194edf34f23,fdcaad5d2151a1ca98f9f77a8b48f5489f499c5b0a319bb37d68ba0d4de231d5,15.0,0.7647058823529411,0.9368421052631578,,,,,,,,,,,,,,,,,,
canonical_v2_20260714T221501Z_483f96f,51415c2ce68c89d9ce2b042b0a7a811fe3e98180b72460006f9d0465f6bf49b7,06c507bee525ea1daca43b61249764007d4d8baaa05c9333f23446ea723ce160,f1e358e99914563305428cece1b1595bc76a58643184407ec5b222162d650332,dependent_fold_pair,oof_shap/shap_stability_pairwise.csv,c1300316fe5baec24e789c06aec35dd4f283fa4843b71c7aab1edbf4818f8e91,no_salary_hike_no_attrition_no_department,xgboost,d483d8ddb93a47a99a2eab54fe3d138d8f614798dd418bca860ea3f20c813f51,,,,,,,5.0,7.0,cf019554e674ac9501ba482e2ec99cb4d6a24ec98c0cfb8d307e3194edf34f23,a1d147211856b75e9baa9a5147019cedefed6804c2673abc43c9d86cc22bfb32,5.0,1.0,0.9578947368421054,,,,,,,,,,,,,,,,,,
canonical_v2_20260714T221501Z_483f96f,51415c2ce68c89d9ce2b042b0a7a811fe3e98180b72460006f9d0465f6bf49b7,06c507bee525ea1daca43b61249764007d4d8baaa05c9333f23446ea723ce160,f1e358e99914563305428cece1b1595bc76a58643184407ec5b222162d650332,dependent_fold_pair,oof_shap/shap_stability_pairwise.csv,c1300316fe5baec24e789c06aec35dd4f283fa4843b71c7aab1edbf4818f8e91,no_salary_hike_no_attrition_no_department,xgboost,d483d8ddb93a47a99a2eab54fe3d138d8f614798dd418bca860ea3f20c813f51,,,,,,,5.0,7.0,cf019554e674ac9501ba482e2ec99cb4d6a24ec98c0cfb8d307e3194edf34f23,a1d147211856b75e9baa9a5147019cedefed6804c2673abc43c9d86cc22bfb32,10.0,0.8181818181818182,0.9578947368421054,,,,,,,,,,,,,,,,,,
canonical_v2_20260714T221501Z_483f96f,51415c2ce68c89d9ce2b042b0a7a811fe3e98180b72460006f9d0465f6bf49b7,06c507bee525ea1daca43b61249764007d4d8baaa05c9333f23446ea723ce160,f1e358e99914563305428cece1b1595bc76a58643184407ec5b222162d650332,dependent_fold_pair,oof_shap/shap_stability_pairwise.csv,c1300316fe5baec24e789c06aec35dd4f283fa4843b71c7aab1edbf4818f8e91,no_salary_hike_no_attrition_no_department,xgboost,d483d8ddb93a47a99a2eab54fe3d138d8f614798dd418bca860ea3f20c813f51,,,,,,,5.0,7.0,cf019554e674ac9501ba482e2ec99cb4d6a24ec98c0cfb8d307e3194edf34f23,a1d147211856b75e9baa9a5147019cedefed6804c2673abc43c9d86cc22bfb32,15.0,0.7647058823529411,0.9578947368421054,,,,,,,,,,,,,,,,,,
canonical_v2_20260714T221501Z_483f96f,51415c2ce68c89d9ce2b042b0a7a811fe3e98180b72460006f9d0465f6bf49b7,06c507bee525ea1daca43b61249764007d4d8baaa05c9333f23446ea723ce160,f1e358e99914563305428cece1b1595bc76a58643184407ec5b222162d650332,dependent_fold_pair,oof_shap/shap_stability_pairwise.csv,c1300316fe5baec24e789c06aec35dd4f283fa4843b71c7aab1edbf4818f8e91,no_salary_hike_no_attrition_no_department,xgboost,d483d8ddb93a47a99a2eab54fe3d138d8f614798dd418bca860ea3f20c813f51,,,,,,,5.0,8.0,cf019554e674ac9501ba482e2ec99cb4d6a24ec98c0cfb8d307e3194edf34f23,e65d6ebca2e1310d83df33558a5be214002b8b04116cefc7330946e7edd2166d,5.0,1.0,0.9022556390977444,,,,,,,,,,,,,,,,,,
canonical_v2_20260714T221501Z_483f96f,51415c2ce68c89d9ce2b042b0a7a811fe3e98180b72460006f9d0465f6bf49b7,06c507bee525ea1daca43b61249764007d4d8baaa05c9333f23446ea723ce160,f1e358e99914563305428cece1b1595bc76a58643184407ec5b222162d650332,dependent_fold_pair,oof_shap/shap_stability_pairwise.csv,c1300316fe5baec24e789c06aec35dd4f283fa4843b71c7aab1edbf4818f8e91,no_salary_hike_no_attrition_no_department,xgboost,d483d8ddb93a47a99a2eab54fe3d138d8f614798dd418bca860ea3f20c813f51,,,,,,,5.0,8.0,cf019554e674ac9501ba482e2ec99cb4d6a24ec98c0cfb8d307e3194edf34f23,e65d6ebca2e1310d83df33558a5be214002b8b04116cefc7330946e7edd2166d,10.0,0.8181818181818182,0.9022556390977444,,,,,,,,,,,,,,,,,,
canonical_v2_20260714T221501Z_483f96f,51415c2ce68c89d9ce2b042b0a7a811fe3e98180b72460006f9d0465f6bf49b7,06c507bee525ea1daca43b61249764007d4d8baaa05c9333f23446ea723ce160,f1e358e99914563305428cece1b1595bc76a58643184407ec5b222162d650332,dependent_fold_pair,oof_shap/shap_stability_pairwise.csv,c1300316fe5baec24e789c06aec35dd4f283fa4843b71c7aab1edbf4818f8e91,no_salary_hike_no_attrition_no_department,xgboost,d483d8ddb93a47a99a2eab54fe3d138d8f614798dd418bca860ea3f20c813f51,,,,,,,5.0,8.0,cf019554e674ac9501ba482e2ec99cb4d6a24ec98c0cfb8d307e3194edf34f23,e65d6ebca2e1310d83df33558a5be214002b8b04116cefc7330946e7edd2166d,15.0,0.6666666666666666,0.9022556390977444,,,,,,,,,,,,,,,,,,
canonical_v2_20260714T221501Z_483f96f,51415c2ce68c89d9ce2b042b0a7a811fe3e98180b72460006f9d0465f6bf49b7,06c507bee525ea1daca43b61249764007d4d8baaa05c9333f23446ea723ce160,f1e358e99914563305428cece1b1595bc76a58643184407ec5b222162d650332,dependent_fold_pair,oof_shap/shap_stability_pairwise.csv,c1300316fe5baec24e789c06aec35dd4f283fa4843b71c7aab1edbf4818f8e91,no_salary_hike_no_attrition_no_department,xgboost,d483d8ddb93a47a99a2eab54fe3d138d8f614798dd418bca860ea3f20c813f51,,,,,,,5.0,9.0,cf019554e674ac9501ba482e2ec99cb4d6a24ec98c0cfb8d307e3194edf34f23,0c40ac47f34a79f121be0f46703ff5d11586c84f7713225479891b3f13158f47,5.0,1.0,0.932330827067669,,,,,,,,,,,,,,,,,,
canonical_v2_20260714T221501Z_483f96f,51415c2ce68c89d9ce2b042b0a7a811fe3e98180b72460006f9d0465f6bf49b7,06c507bee525ea1daca43b61249764007d4d8baaa05c9333f23446ea723ce160,f1e358e99914563305428cece1b1595bc76a58643184407ec5b222162d650332,dependent_fold_pair,oof_shap/shap_stability_pairwise.csv,c1300316fe5baec24e789c06aec35dd4f283fa4843b71c7aab1edbf4818f8e91,no_salary_hike_no_attrition_no_department,xgboost,d483d8ddb93a47a99a2eab54fe3d138d8f614798dd418bca860ea3f20c813f51,,,,,,,5.0,9.0,cf019554e674ac9501ba482e2ec99cb4d6a24ec98c0cfb8d307e3194edf34f23,0c40ac47f34a79f121be0f46703ff5d11586c84f7713225479891b3f13158f47,10.0,0.8181818181818182,0.932330827067669,,,,,,,,,,,,,,,,,,
canonical_v2_20260714T221501Z_483f96f,51415c2ce68c89d9ce2b042b0a7a811fe3e98180b72460006f9d0465f6bf49b7,06c507bee525ea1daca43b61249764007d4d8baaa05c9333f23446ea723ce160,f1e358e99914563305428cece1b1595bc76a58643184407ec5b222162d650332,dependent_fold_pair,oof_shap/shap_stability_pairwise.csv,c1300316fe5baec24e789c06aec35dd4f283fa4843b71c7aab1edbf4818f8e91,no_salary_hike_no_attrition_no_department,xgboost,d483d8ddb93a47a99a2eab54fe3d138d8f614798dd418bca860ea3f20c813f51,,,,,,,5.0,9.0,cf019554e674ac9501ba482e2ec99cb4d6a24ec98c0cfb8d307e3194edf34f23,0c40ac47f34a79f121be0f46703ff5d11586c84f7713225479891b3f13158f47,15.0,0.7647058823529411,0.932330827067669,,,,,,,,,,,,,,,,,,
canonical_v2_20260714T221501Z_483f96f,51415c2ce68c89d9ce2b042b0a7a811fe3e98180b72460006f9d0465f6bf49b7,06c507bee525ea1daca43b61249764007d4d8baaa05c9333f23446ea723ce160,f1e358e99914563305428cece1b1595bc76a58643184407ec5b222162d650332,dependent_fold_pair,oof_shap/shap_stability_pairwise.csv,c1300316fe5baec24e789c06aec35dd4f283fa4843b71c7aab1edbf4818f8e91,no_salary_hike_no_attrition_no_department,xgboost,d483d8ddb93a47a99a2eab54fe3d138d8f614798dd418bca860ea3f20c813f51,,,,,,,5.0,10.0,cf019554e674ac9501ba482e2ec99cb4d6a24ec98c0cfb8d307e3194edf34f23,41fb35fd298060cb981116856f85ea7263468ab34089afb7f407917a058b31fa,5.0,1.0,0.8917293233082706,,,,,,,,,,,,,,,,,,
canonical_v2_20260714T221501Z_483f96f,51415c2ce68c89d9ce2b042b0a7a811fe3e98180b72460006f9d0465f6bf49b7,06c507bee525ea1daca43b61249764007d4d8baaa05c9333f23446ea723ce160,f1e358e99914563305428cece1b1595bc76a58643184407ec5b222162d650332,dependent_fold_pair,oof_shap/shap_stability_pairwise.csv,c1300316fe5baec24e789c06aec35dd4f283fa4843b71c7aab1edbf4818f8e91,no_salary_hike_no_attrition_no_department,xgboost,d483d8ddb93a47a99a2eab54fe3d138d8f614798dd418bca860ea3f20c813f51,,,,,,,5.0,10.0,cf019554e674ac9501ba482e2ec99cb4d6a24ec98c0cfb8d307e3194edf34f23,41fb35fd298060cb981116856f85ea7263468ab34089afb7f407917a058b31fa,10.0,0.8181818181818182,0.8917293233082706,,,,,,,,,,,,,,,,,,
canonical_v2_20260714T221501Z_483f96f,51415c2ce68c89d9ce2b042b0a7a811fe3e98180b72460006f9d0465f6bf49b7,06c507bee525ea1daca43b61249764007d4d8baaa05c9333f23446ea723ce160,f1e358e99914563305428cece1b1595bc76a58643184407ec5b222162d650332,dependent_fold_pair,oof_shap/shap_stability_pairwise.csv,c1300316fe5baec24e789c06aec35dd4f283fa4843b71c7aab1edbf4818f8e91,no_salary_hike_no_attrition_no_department,xgboost,d483d8ddb93a47a99a2eab54fe3d138d8f614798dd418bca860ea3f20c813f51,,,,,,,5.0,10.0,cf019554e674ac9501ba482e2ec99cb4d6a24ec98c0cfb8d307e3194edf34f23,41fb35fd298060cb981116856f85ea7263468ab34089afb7f407917a058b31fa,15.0,0.7647058823529411,0.8917293233082706,,,,,,,,,,,,,,,,,,
canonical_v2_20260714T221501Z_483f96f,51415c2ce68c89d9ce2b042b0a7a811fe3e98180b72460006f9d0465f6bf49b7,06c507bee525ea1daca43b61249764007d4d8baaa05c9333f23446ea723ce160,f1e358e99914563305428cece1b1595bc76a58643184407ec5b222162d650332,dependent_fold_pair,oof_shap/shap_stability_pairwise.csv,c1300316fe5baec24e789c06aec35dd4f283fa4843b71c7aab1edbf4818f8e91,no_salary_hike_no_attrition_no_department,xgboost,d483d8ddb93a47a99a2eab54fe3d138d8f614798dd418bca860ea3f20c813f51,,,,,,,6.0,7.0,fdcaad5d2151a1ca98f9f77a8b48f5489f499c5b0a319bb37d68ba0d4de231d5,a1d147211856b75e9baa9a5147019cedefed6804c2673abc43c9d86cc22bfb32,5.0,1.0,0.950375939849624,,,,,,,,,,,,,,,,,,
canonical_v2_20260714T221501Z_483f96f,51415c2ce68c89d9ce2b042b0a7a811fe3e98180b72460006f9d0465f6bf49b7,06c507bee525ea1daca43b61249764007d4d8baaa05c9333f23446ea723ce160,f1e358e99914563305428cece1b1595bc76a58643184407ec5b222162d650332,dependent_fold_pair,oof_shap/shap_stability_pairwise.csv,c1300316fe5baec24e789c06aec35dd4f283fa4843b71c7aab1edbf4818f8e91,no_salary_hike_no_attrition_no_department,xgboost,d483d8ddb93a47a99a2eab54fe3d138d8f614798dd418bca860ea3f20c813f51,,,,,,,6.0,7.0,fdcaad5d2151a1ca98f9f77a8b48f5489f499c5b0a319bb37d68ba0d4de231d5,a1d147211856b75e9baa9a5147019cedefed6804c2673abc43c9d86cc22bfb32,10.0,0.8181818181818182,0.950375939849624,,,,,,,,,,,,,,,,,,
canonical_v2_20260714T221501Z_483f96f,51415c2ce68c89d9ce2b042b0a7a811fe3e98180b72460006f9d0465f6bf49b7,06c507bee525ea1daca43b61249764007d4d8baaa05c9333f23446ea723ce160,f1e358e99914563305428cece1b1595bc76a58643184407ec5b222162d650332,dependent_fold_pair,oof_shap/shap_stability_pairwise.csv,c1300316fe5baec24e789c06aec35dd4f283fa4843b71c7aab1edbf4818f8e91,no_salary_hike_no_attrition_no_department,xgboost,d483d8ddb93a47a99a2eab54fe3d138d8f614798dd418bca860ea3f20c813f51,,,,,,,6.0,7.0,fdcaad5d2151a1ca98f9f77a8b48f5489f499c5b0a319bb37d68ba0d4de231d5,a1d147211856b75e9baa9a5147019cedefed6804c2673abc43c9d86cc22bfb32,15.0,0.875,0.950375939849624,,,,,,,,,,,,,,,,,,
canonical_v2_20260714T221501Z_483f96f,51415c2ce68c89d9ce2b042b0a7a811fe3e98180b72460006f9d0465f6bf49b7,06c507bee525ea1daca43b61249764007d4d8baaa05c9333f23446ea723ce160,f1e358e99914563305428cece1b1595bc76a58643184407ec5b222162d650332,dependent_fold_pair,oof_shap/shap_stability_pairwise.csv,c1300316fe5baec24e789c06aec35dd4f283fa4843b71c7aab1edbf4818f8e91,no_salary_hike_no_attrition_no_department,xgboost,d483d8ddb93a47a99a2eab54fe3d138d8f614798dd418bca860ea3f20c813f51,,,,,,,6.0,8.0,fdcaad5d2151a1ca98f9f77a8b48f5489f499c5b0a319bb37d68ba0d4de231d5,e65d6ebca2e1310d83df33558a5be214002b8b04116cefc7330946e7edd2166d,5.0,1.0,0.950375939849624,,,,,,,,,,,,,,,,,,
canonical_v2_20260714T221501Z_483f96f,51415c2ce68c89d9ce2b042b0a7a811fe3e98180b72460006f9d0465f6bf49b7,06c507bee525ea1daca43b61249764007d4d8baaa05c9333f23446ea723ce160,f1e358e99914563305428cece1b1595bc76a58643184407ec5b222162d650332,dependent_fold_pair,oof_shap/shap_stability_pairwise.csv,c1300316fe5baec24e789c06aec35dd4f283fa4843b71c7aab1edbf4818f8e91,no_salary_hike_no_attrition_no_department,xgboost,d483d8ddb93a47a99a2eab54fe3d138d8f614798dd418bca860ea3f20c813f51,,,,,,,6.0,8.0,fdcaad5d2151a1ca98f9f77a8b48f5489f499c5b0a319bb37d68ba0d4de231d5,e65d6ebca2e1310d83df33558a5be214002b8b04116cefc7330946e7edd2166d,10.0,0.8181818181818182,0.950375939849624,,,,,,,,,,,,,,,,,,
canonical_v2_20260714T221501Z_483f96f,51415c2ce68c89d9ce2b042b0a7a811fe3e98180b72460006f9d0465f6bf49b7,06c507bee525ea1daca43b61249764007d4d8baaa05c9333f23446ea723ce160,f1e358e99914563305428cece1b1595bc76a58643184407ec5b222162d650332,dependent_fold_pair,oof_shap/shap_stability_pairwise.csv,c1300316fe5baec24e789c06aec35dd4f283fa4843b71c7aab1edbf4818f8e91,no_salary_hike_no_attrition_no_department,xgboost,d483d8ddb93a47a99a2eab54fe3d138d8f614798dd418bca860ea3f20c813f51,,,,,,,6.0,8.0,fdcaad5d2151a1ca98f9f77a8b48f5489f499c5b0a319bb37d68ba0d4de231d5,e65d6ebca2e1310d83df33558a5be214002b8b04116cefc7330946e7edd2166d,15.0,0.875,0.950375939849624,,,,,,,,,,,,,,,,,,
canonical_v2_20260714T221501Z_483f96f,51415c2ce68c89d9ce2b042b0a7a811fe3e98180b72460006f9d0465f6bf49b7,06c507bee525ea1daca43b61249764007d4d8baaa05c9333f23446ea723ce160,f1e358e99914563305428cece1b1595bc76a58643184407ec5b222162d650332,dependent_fold_pair,oof_shap/shap_stability_pairwise.csv,c1300316fe5baec24e789c06aec35dd4f283fa4843b71c7aab1edbf4818f8e91,no_salary_hike_no_attrition_no_department,xgboost,d483d8ddb93a47a99a2eab54fe3d138d8f614798dd418bca860ea3f20c813f51,,,,,,,6.0,9.0,fdcaad5d2151a1ca98f9f77a8b48f5489f499c5b0a319bb37d68ba0d4de231d5,0c40ac47f34a79f121be0f46703ff5d11586c84f7713225479891b3f13158f47,5.0,1.0,0.9172932330827066,,,,,,,,,,,,,,,,,,
canonical_v2_20260714T221501Z_483f96f,51415c2ce68c89d9ce2b042b0a7a811fe3e98180b72460006f9d0465f6bf49b7,06c507bee525ea1daca43b61249764007d4d8baaa05c9333f23446ea723ce160,f1e358e99914563305428cece1b1595bc76a58643184407ec5b222162d650332,dependent_fold_pair,oof_shap/shap_stability_pairwise.csv,c1300316fe5baec24e789c06aec35dd4f283fa4843b71c7aab1edbf4818f8e91,no_salary_hike_no_attrition_no_department,xgboost,d483d8ddb93a47a99a2eab54fe3d138d8f614798dd418bca860ea3f20c813f51,,,,,,,6.0,9.0,fdcaad5d2151a1ca98f9f77a8b48f5489f499c5b0a319bb37d68ba0d4de231d5,0c40ac47f34a79f121be0f46703ff5d11586c84f7713225479891b3f13158f47,10.0,0.8181818181818182,0.9172932330827066,,,,,,,,,,,,,,,,,,
canonical_v2_20260714T221501Z_483f96f,51415c2ce68c89d9ce2b042b0a7a811fe3e98180b72460006f9d0465f6bf49b7,06c507bee525ea1daca43b61249764007d4d8baaa05c9333f23446ea723ce160,f1e358e99914563305428cece1b1595bc76a58643184407ec5b222162d650332,dependent_fold_pair,oof_shap/shap_stability_pairwise.csv,c1300316fe5baec24e789c06aec35dd4f283fa4843b71c7aab1edbf4818f8e91,no_salary_hike_no_attrition_no_department,xgboost,d483d8ddb93a47a99a2eab54fe3d138d8f614798dd418bca860ea3f20c813f51,,,,,,,6.0,9.0,fdcaad5d2151a1ca98f9f77a8b48f5489f499c5b0a319bb37d68ba0d4de231d5,0c40ac47f34a79f121be0f46703ff5d11586c84f7713225479891b3f13158f47,15.0,0.7647058823529411,0.9172932330827066,,,,,,,,,,,,,,,,,,
canonical_v2_20260714T221501Z_483f96f,51415c2ce68c89d9ce2b042b0a7a811fe3e98180b72460006f9d0465f6bf49b7,06c507bee525ea1daca43b61249764007d4d8baaa05c9333f23446ea723ce160,f1e358e99914563305428cece1b1595bc76a58643184407ec5b222162d650332,dependent_fold_pair,oof_shap/shap_stability_pairwise.csv,c1300316fe5baec24e789c06aec35dd4f283fa4843b71c7aab1edbf4818f8e91,no_salary_hike_no_attrition_no_department,xgboost,d483d8ddb93a47a99a2eab54fe3d138d8f614798dd418bca860ea3f20c813f51,,,,,,,6.0,10.0,fdcaad5d2151a1ca98f9f77a8b48f5489f499c5b0a319bb37d68ba0d4de231d5,41fb35fd298060cb981116856f85ea7263468ab34089afb7f407917a058b31fa,5.0,1.0,0.8766917293233082,,,,,,,,,,,,,,,,,,
canonical_v2_20260714T221501Z_483f96f,51415c2ce68c89d9ce2b042b0a7a811fe3e98180b72460006f9d0465f6bf49b7,06c507bee525ea1daca43b61249764007d4d8baaa05c9333f23446ea723ce160,f1e358e99914563305428cece1b1595bc76a58643184407ec5b222162d650332,dependent_fold_pair,oof_shap/shap_stability_pairwise.csv,c1300316fe5baec24e789c06aec35dd4f283fa4843b71c7aab1edbf4818f8e91,no_salary_hike_no_attrition_no_department,xgboost,d483d8ddb93a47a99a2eab54fe3d138d8f614798dd418bca860ea3f20c813f51,,,,,,,6.0,10.0,fdcaad5d2151a1ca98f9f77a8b48f5489f499c5b0a319bb37d68ba0d4de231d5,41fb35fd298060cb981116856f85ea7263468ab34089afb7f407917a058b31fa,10.0,0.8181818181818182,0.8766917293233082,,,,,,,,,,,,,,,,,,
canonical_v2_20260714T221501Z_483f96f,51415c2ce68c89d9ce2b042b0a7a811fe3e98180b72460006f9d0465f6bf49b7,06c507bee525ea1daca43b61249764007d4d8baaa05c9333f23446ea723ce160,f1e358e99914563305428cece1b1595bc76a58643184407ec5b222162d650332,dependent_fold_pair,oof_shap/shap_stability_pairwise.csv,c1300316fe5baec24e789c06aec35dd4f283fa4843b71c7aab1edbf4818f8e91,no_salary_hike_no_attrition_no_department,xgboost,d483d8ddb93a47a99a2eab54fe3d138d8f614798dd418bca860ea3f20c813f51,,,,,,,6.0,10.0,fdcaad5d2151a1ca98f9f77a8b48f5489f499c5b0a319bb37d68ba0d4de231d5,41fb35fd298060cb981116856f85ea7263468ab34089afb7f407917a058b31fa,15.0,0.7647058823529411,0.8766917293233082,,,,,,,,,,,,,,,,,,
canonical_v2_20260714T221501Z_483f96f,51415c2ce68c89d9ce2b042b0a7a811fe3e98180b72460006f9d0465f6bf49b7,06c507bee525ea1daca43b61249764007d4d8baaa05c9333f23446ea723ce160,f1e358e99914563305428cece1b1595bc76a58643184407ec5b222162d650332,dependent_fold_pair,oof_shap/shap_stability_pairwise.csv,c1300316fe5baec24e789c06aec35dd4f283fa4843b71c7aab1edbf4818f8e91,no_salary_hike_no_attrition_no_department,xgboost,d483d8ddb93a47a99a2eab54fe3d138d8f614798dd418bca860ea3f20c813f51,,,,,,,7.0,8.0,a1d147211856b75e9baa9a5147019cedefed6804c2673abc43c9d86cc22bfb32,e65d6ebca2e1310d83df33558a5be214002b8b04116cefc7330946e7edd2166d,5.0,1.0,0.9458646616541352,,,,,,,,,,,,,,,,,,
canonical_v2_20260714T221501Z_483f96f,51415c2ce68c89d9ce2b042b0a7a811fe3e98180b72460006f9d0465f6bf49b7,06c507bee525ea1daca43b61249764007d4d8baaa05c9333f23446ea723ce160,f1e358e99914563305428cece1b1595bc76a58643184407ec5b222162d650332,dependent_fold_pair,oof_shap/shap_stability_pairwise.csv,c1300316fe5baec24e789c06aec35dd4f283fa4843b71c7aab1edbf4818f8e91,no_salary_hike_no_attrition_no_department,xgboost,d483d8ddb93a47a99a2eab54fe3d138d8f614798dd418bca860ea3f20c813f51,,,,,,,7.0,8.0,a1d147211856b75e9baa9a5147019cedefed6804c2673abc43c9d86cc22bfb32,e65d6ebca2e1310d83df33558a5be214002b8b04116cefc7330946e7edd2166d,10.0,0.8181818181818182,0.9458646616541352,,,,,,,,,,,,,,,,,,
canonical_v2_20260714T221501Z_483f96f,51415c2ce68c89d9ce2b042b0a7a811fe3e98180b72460006f9d0465f6bf49b7,06c507bee525ea1daca43b61249764007d4d8baaa05c9333f23446ea723ce160,f1e358e99914563305428cece1b1595bc76a58643184407ec5b222162d650332,dependent_fold_pair,oof_shap/shap_stability_pairwise.csv,c1300316fe5baec24e789c06aec35dd4f283fa4843b71c7aab1edbf4818f8e91,no_salary_hike_no_attrition_no_department,xgboost,d483d8ddb93a47a99a2eab54fe3d138d8f614798dd418bca860ea3f20c813f51,,,,,,,7.0,8.0,a1d147211856b75e9baa9a5147019cedefed6804c2673abc43c9d86cc22bfb32,e65d6ebca2e1310d83df33558a5be214002b8b04116cefc7330946e7edd2166d,15.0,0.875,0.9458646616541352,,,,,,,,,,,,,,,,,,
canonical_v2_20260714T221501Z_483f96f,51415c2ce68c89d9ce2b042b0a7a811fe3e98180b72460006f9d0465f6bf49b7,06c507bee525ea1daca43b61249764007d4d8baaa05c9333f23446ea723ce160,f1e358e99914563305428cece1b1595bc76a58643184407ec5b222162d650332,dependent_fold_pair,oof_shap/shap_stability_pairwise.csv,c1300316fe5baec24e789c06aec35dd4f283fa4843b71c7aab1edbf4818f8e91,no_salary_hike_no_attrition_no_department,xgboost,d483d8ddb93a47a99a2eab54fe3d138d8f614798dd418bca860ea3f20c813f51,,,,,,,7.0,9.0,a1d147211856b75e9baa9a5147019cedefed6804c2673abc43c9d86cc22bfb32,0c40ac47f34a79f121be0f46703ff5d11586c84f7713225479891b3f13158f47,5.0,1.0,0.9533834586466164,,,,,,,,,,,,,,,,,,
canonical_v2_20260714T221501Z_483f96f,51415c2ce68c89d9ce2b042b0a7a811fe3e98180b72460006f9d0465f6bf49b7,06c507bee525ea1daca43b61249764007d4d8baaa05c9333f23446ea723ce160,f1e358e99914563305428cece1b1595bc76a58643184407ec5b222162d650332,dependent_fold_pair,oof_shap/shap_stability_pairwise.csv,c1300316fe5baec24e789c06aec35dd4f283fa4843b71c7aab1edbf4818f8e91,no_salary_hike_no_attrition_no_department,xgboost,d483d8ddb93a47a99a2eab54fe3d138d8f614798dd418bca860ea3f20c813f51,,,,,,,7.0,9.0,a1d147211856b75e9baa9a5147019cedefed6804c2673abc43c9d86cc22bfb32,0c40ac47f34a79f121be0f46703ff5d11586c84f7713225479891b3f13158f47,10.0,1.0,0.9533834586466164,,,,,,,,,,,,,,,,,,
canonical_v2_20260714T221501Z_483f96f,51415c2ce68c89d9ce2b042b0a7a811fe3e98180b72460006f9d0465f6bf49b7,06c507bee525ea1daca43b61249764007d4d8baaa05c9333f23446ea723ce160,f1e358e99914563305428cece1b1595bc76a58643184407ec5b222162d650332,dependent_fold_pair,oof_shap/shap_stability_pairwise.csv,c1300316fe5baec24e789c06aec35dd4f283fa4843b71c7aab1edbf4818f8e91,no_salary_hike_no_attrition_no_department,xgboost,d483d8ddb93a47a99a2eab54fe3d138d8f614798dd418bca860ea3f20c813f51,,,,,,,7.0,9.0,a1d147211856b75e9baa9a5147019cedefed6804c2673abc43c9d86cc22bfb32,0c40ac47f34a79f121be0f46703ff5d11586c84f7713225479891b3f13158f47,15.0,0.7647058823529411,0.9533834586466164,,,,,,,,,,,,,,,,,,
canonical_v2_20260714T221501Z_483f96f,51415c2ce68c89d9ce2b042b0a7a811fe3e98180b72460006f9d0465f6bf49b7,06c507bee525ea1daca43b61249764007d4d8baaa05c9333f23446ea723ce160,f1e358e99914563305428cece1b1595bc76a58643184407ec5b222162d650332,dependent_fold_pair,oof_shap/shap_stability_pairwise.csv,c1300316fe5baec24e789c06aec35dd4f283fa4843b71c7aab1edbf4818f8e91,no_salary_hike_no_attrition_no_department,xgboost,d483d8ddb93a47a99a2eab54fe3d138d8f614798dd418bca860ea3f20c813f51,,,,,,,7.0,10.0,a1d147211856b75e9baa9a5147019cedefed6804c2673abc43c9d86cc22bfb32,41fb35fd298060cb981116856f85ea7263468ab34089afb7f407917a058b31fa,5.0,1.0,0.938345864661654,,,,,,,,,,,,,,,,,,
canonical_v2_20260714T221501Z_483f96f,51415c2ce68c89d9ce2b042b0a7a811fe3e98180b72460006f9d0465f6bf49b7,06c507bee525ea1daca43b61249764007d4d8baaa05c9333f23446ea723ce160,f1e358e99914563305428cece1b1595bc76a58643184407ec5b222162d650332,dependent_fold_pair,oof_shap/shap_stability_pairwise.csv,c1300316fe5baec24e789c06aec35dd4f283fa4843b71c7aab1edbf4818f8e91,no_salary_hike_no_attrition_no_department,xgboost,d483d8ddb93a47a99a2eab54fe3d138d8f614798dd418bca860ea3f20c813f51,,,,,,,7.0,10.0,a1d147211856b75e9baa9a5147019cedefed6804c2673abc43c9d86cc22bfb32,41fb35fd298060cb981116856f85ea7263468ab34089afb7f407917a058b31fa,10.0,0.8181818181818182,0.938345864661654,,,,,,,,,,,,,,,,,,
canonical_v2_20260714T221501Z_483f96f,51415c2ce68c89d9ce2b042b0a7a811fe3e98180b72460006f9d0465f6bf49b7,06c507bee525ea1daca43b61249764007d4d8baaa05c9333f23446ea723ce160,f1e358e99914563305428cece1b1595bc76a58643184407ec5b222162d650332,dependent_fold_pair,oof_shap/shap_stability_pairwise.csv,c1300316fe5baec24e789c06aec35dd4f283fa4843b71c7aab1edbf4818f8e91,no_salary_hike_no_attrition_no_department,xgboost,d483d8ddb93a47a99a2eab54fe3d138d8f614798dd418bca860ea3f20c813f51,,,,,,,7.0,10.0,a1d147211856b75e9baa9a5147019cedefed6804c2673abc43c9d86cc22bfb32,41fb35fd298060cb981116856f85ea7263468ab34089afb7f407917a058b31fa,15.0,0.875,0.938345864661654,,,,,,,,,,,,,,,,,,
canonical_v2_20260714T221501Z_483f96f,51415c2ce68c89d9ce2b042b0a7a811fe3e98180b72460006f9d0465f6bf49b7,06c507bee525ea1daca43b61249764007d4d8baaa05c9333f23446ea723ce160,f1e358e99914563305428cece1b1595bc76a58643184407ec5b222162d650332,dependent_fold_pair,oof_shap/shap_stability_pairwise.csv,c1300316fe5baec24e789c06aec35dd4f283fa4843b71c7aab1edbf4818f8e91,no_salary_hike_no_attrition_no_department,xgboost,d483d8ddb93a47a99a2eab54fe3d138d8f614798dd418bca860ea3f20c813f51,,,,,,,8.0,9.0,e65d6ebca2e1310d83df33558a5be214002b8b04116cefc7330946e7edd2166d,0c40ac47f34a79f121be0f46703ff5d11586c84f7713225479891b3f13158f47,5.0,1.0,0.924812030075188,,,,,,,,,,,,,,,,,,
canonical_v2_20260714T221501Z_483f96f,51415c2ce68c89d9ce2b042b0a7a811fe3e98180b72460006f9d0465f6bf49b7,06c507bee525ea1daca43b61249764007d4d8baaa05c9333f23446ea723ce160,f1e358e99914563305428cece1b1595bc76a58643184407ec5b222162d650332,dependent_fold_pair,oof_shap/shap_stability_pairwise.csv,c1300316fe5baec24e789c06aec35dd4f283fa4843b71c7aab1edbf4818f8e91,no_salary_hike_no_attrition_no_department,xgboost,d483d8ddb93a47a99a2eab54fe3d138d8f614798dd418bca860ea3f20c813f51,,,,,,,8.0,9.0,e65d6ebca2e1310d83df33558a5be214002b8b04116cefc7330946e7edd2166d,0c40ac47f34a79f121be0f46703ff5d11586c84f7713225479891b3f13158f47,10.0,0.8181818181818182,0.924812030075188,,,,,,,,,,,,,,,,,,
canonical_v2_20260714T221501Z_483f96f,51415c2ce68c89d9ce2b042b0a7a811fe3e98180b72460006f9d0465f6bf49b7,06c507bee525ea1daca43b61249764007d4d8baaa05c9333f23446ea723ce160,f1e358e99914563305428cece1b1595bc76a58643184407ec5b222162d650332,dependent_fold_pair,oof_shap/shap_stability_pairwise.csv,c1300316fe5baec24e789c06aec35dd4f283fa4843b71c7aab1edbf4818f8e91,no_salary_hike_no_attrition_no_department,xgboost,d483d8ddb93a47a99a2eab54fe3d138d8f614798dd418bca860ea3f20c813f51,,,,,,,8.0,9.0,e65d6ebca2e1310d83df33558a5be214002b8b04116cefc7330946e7edd2166d,0c40ac47f34a79f121be0f46703ff5d11586c84f7713225479891b3f13158f47,15.0,0.875,0.924812030075188,,,,,,,,,,,,,,,,,,
canonical_v2_20260714T221501Z_483f96f,51415c2ce68c89d9ce2b042b0a7a811fe3e98180b72460006f9d0465f6bf49b7,06c507bee525ea1daca43b61249764007d4d8baaa05c9333f23446ea723ce160,f1e358e99914563305428cece1b1595bc76a58643184407ec5b222162d650332,dependent_fold_pair,oof_shap/shap_stability_pairwise.csv,c1300316fe5baec24e789c06aec35dd4f283fa4843b71c7aab1edbf4818f8e91,no_salary_hike_no_attrition_no_department,xgboost,d483d8ddb93a47a99a2eab54fe3d138d8f614798dd418bca860ea3f20c813f51,,,,,,,8.0,10.0,e65d6ebca2e1310d83df33558a5be214002b8b04116cefc7330946e7edd2166d,41fb35fd298060cb981116856f85ea7263468ab34089afb7f407917a058b31fa,5.0,1.0,0.882706766917293,,,,,,,,,,,,,,,,,,
canonical_v2_20260714T221501Z_483f96f,51415c2ce68c89d9ce2b042b0a7a811fe3e98180b72460006f9d0465f6bf49b7,06c507bee525ea1daca43b61249764007d4d8baaa05c9333f23446ea723ce160,f1e358e99914563305428cece1b1595bc76a58643184407ec5b222162d650332,dependent_fold_pair,oof_shap/shap_stability_pairwise.csv,c1300316fe5baec24e789c06aec35dd4f283fa4843b71c7aab1edbf4818f8e91,no_salary_hike_no_attrition_no_department,xgboost,d483d8ddb93a47a99a2eab54fe3d138d8f614798dd418bca860ea3f20c813f51,,,,,,,8.0,10.0,e65d6ebca2e1310d83df33558a5be214002b8b04116cefc7330946e7edd2166d,41fb35fd298060cb981116856f85ea7263468ab34089afb7f407917a058b31fa,10.0,0.8181818181818182,0.882706766917293,,,,,,,,,,,,,,,,,,
canonical_v2_20260714T221501Z_483f96f,51415c2ce68c89d9ce2b042b0a7a811fe3e98180b72460006f9d0465f6bf49b7,06c507bee525ea1daca43b61249764007d4d8baaa05c9333f23446ea723ce160,f1e358e99914563305428cece1b1595bc76a58643184407ec5b222162d650332,dependent_fold_pair,oof_shap/shap_stability_pairwise.csv,c1300316fe5baec24e789c06aec35dd4f283fa4843b71c7aab1edbf4818f8e91,no_salary_hike_no_attrition_no_department,xgboost,d483d8ddb93a47a99a2eab54fe3d138d8f614798dd418bca860ea3f20c813f51,,,,,,,8.0,10.0,e65d6ebca2e1310d83df33558a5be214002b8b04116cefc7330946e7edd2166d,41fb35fd298060cb981116856f85ea7263468ab34089afb7f407917a058b31fa,15.0,0.875,0.882706766917293,,,,,,,,,,,,,,,,,,
canonical_v2_20260714T221501Z_483f96f,51415c2ce68c89d9ce2b042b0a7a811fe3e98180b72460006f9d0465f6bf49b7,06c507bee525ea1daca43b61249764007d4d8baaa05c9333f23446ea723ce160,f1e358e99914563305428cece1b1595bc76a58643184407ec5b222162d650332,dependent_fold_pair,oof_shap/shap_stability_pairwise.csv,c1300316fe5baec24e789c06aec35dd4f283fa4843b71c7aab1edbf4818f8e91,no_salary_hike_no_attrition_no_department,xgboost,d483d8ddb93a47a99a2eab54fe3d138d8f614798dd418bca860ea3f20c813f51,,,,,,,9.0,10.0,0c40ac47f34a79f121be0f46703ff5d11586c84f7713225479891b3f13158f47,41fb35fd298060cb981116856f85ea7263468ab34089afb7f407917a058b31fa,5.0,1.0,0.918796992481203,,,,,,,,,,,,,,,,,,
canonical_v2_20260714T221501Z_483f96f,51415c2ce68c89d9ce2b042b0a7a811fe3e98180b72460006f9d0465f6bf49b7,06c507bee525ea1daca43b61249764007d4d8baaa05c9333f23446ea723ce160,f1e358e99914563305428cece1b1595bc76a58643184407ec5b222162d650332,dependent_fold_pair,oof_shap/shap_stability_pairwise.csv,c1300316fe5baec24e789c06aec35dd4f283fa4843b71c7aab1edbf4818f8e91,no_salary_hike_no_attrition_no_department,xgboost,d483d8ddb93a47a99a2eab54fe3d138d8f614798dd418bca860ea3f20c813f51,,,,,,,9.0,10.0,0c40ac47f34a79f121be0f46703ff5d11586c84f7713225479891b3f13158f47,41fb35fd298060cb981116856f85ea7263468ab34089afb7f407917a058b31fa,10.0,0.8181818181818182,0.918796992481203,,,,,,,,,,,,,,,,,,
canonical_v2_20260714T221501Z_483f96f,51415c2ce68c89d9ce2b042b0a7a811fe3e98180b72460006f9d0465f6bf49b7,06c507bee525ea1daca43b61249764007d4d8baaa05c9333f23446ea723ce160,f1e358e99914563305428cece1b1595bc76a58643184407ec5b222162d650332,dependent_fold_pair,oof_shap/shap_stability_pairwise.csv,c1300316fe5baec24e789c06aec35dd4f283fa4843b71c7aab1edbf4818f8e91,no_salary_hike_no_attrition_no_department,xgboost,d483d8ddb93a47a99a2eab54fe3d138d8f614798dd418bca860ea3f20c813f51,,,,,,,9.0,10.0,0c40ac47f34a79f121be0f46703ff5d11586c84f7713225479891b3f13158f47,41fb35fd298060cb981116856f85ea7263468ab34089afb7f407917a058b31fa,15.0,0.7647058823529411,0.918796992481203,,,,,,,,,,,,,,,,,,
canonical_v2_20260714T221501Z_483f96f,51415c2ce68c89d9ce2b042b0a7a811fe3e98180b72460006f9d0465f6bf49b7,06c507bee525ea1daca43b61249764007d4d8baaa05c9333f23446ea723ce160,f1e358e99914563305428cece1b1595bc76a58643184407ec5b222162d650332,descriptive_summary,oof_shap/shap_stability_summary.csv,c1300316fe5baec24e789c06aec35dd4f283fa4843b71c7aab1edbf4818f8e91,no_salary_hike_no_attrition_no_department,xgboost,d483d8ddb93a47a99a2eab54fe3d138d8f614798dd418bca860ea3f20c813f51,,,,,,,,,,,5.0,,,10,45.0,1.0,0.0,1.0,1.0,1.0,0.9066332497911448,0.041612711045273,0.9172932330827066,0.793984962406015,0.9774436090225564,False,False,descriptive_dependent_fold_pairs,,,
canonical_v2_20260714T221501Z_483f96f,51415c2ce68c89d9ce2b042b0a7a811fe3e98180b72460006f9d0465f6bf49b7,06c507bee525ea1daca43b61249764007d4d8baaa05c9333f23446ea723ce160,f1e358e99914563305428cece1b1595bc76a58643184407ec5b222162d650332,descriptive_summary,oof_shap/shap_stability_summary.csv,c1300316fe5baec24e789c06aec35dd4f283fa4843b71c7aab1edbf4818f8e91,no_salary_hike_no_attrition_no_department,xgboost,d483d8ddb93a47a99a2eab54fe3d138d8f614798dd418bca860ea3f20c813f51,,,,,,,,,,,10.0,,,10,45.0,0.7944573944573946,0.0970842041482714,0.8181818181818182,0.5384615384615384,1.0,0.9066332497911448,0.041612711045273,0.9172932330827066,0.793984962406015,0.9774436090225564,False,False,descriptive_dependent_fold_pairs,,,
canonical_v2_20260714T221501Z_483f96f,51415c2ce68c89d9ce2b042b0a7a811fe3e98180b72460006f9d0465f6bf49b7,06c507bee525ea1daca43b61249764007d4d8baaa05c9333f23446ea723ce160,f1e358e99914563305428cece1b1595bc76a58643184407ec5b222162d650332,descriptive_summary,oof_shap/shap_stability_summary.csv,c1300316fe5baec24e789c06aec35dd4f283fa4843b71c7aab1edbf4818f8e91,no_salary_hike_no_attrition_no_department,xgboost,d483d8ddb93a47a99a2eab54fe3d138d8f614798dd418bca860ea3f20c813f51,,,,,,,,,,,15.0,,,10,45.0,0.825,0.0762412146833934,0.875,0.6666666666666666,1.0,0.9066332497911448,0.041612711045273,0.9172932330827066,0.793984962406015,0.9774436090225564,False,False,descriptive_dependent_fold_pairs,,,
canonical_v2_20260714T221501Z_483f96f,51415c2ce68c89d9ce2b042b0a7a811fe3e98180b72460006f9d0465f6bf49b7,06c507bee525ea1daca43b61249764007d4d8baaa05c9333f23446ea723ce160,f1e358e99914563305428cece1b1595bc76a58643184407ec5b222162d650332,shap_metadata,oof_shap/shap_metadata.json,,,,d483d8ddb93a47a99a2eab54fe3d138d8f614798dd418bca860ea3f20c813f51,,,,,,,,,,,,,,,,,,,,,,,,,,,,,,,
