run_id,config_hash,scientific_input_hash,source_tree_hash,metric_schema_hash,table_id,dataset_identity,model_identity,evaluation_scope,denominator,uncertainty_method,source_artifact,source_sha256,source_record_type,source_row_number,fold_contract_hash,xgboost_model_set_sha256,dataset_sha256,task_type,policy,attribute,group_value,interpretation_category,n_samples,minimum_group_support_threshold,group_support_eligible,probability_source,metric,class_label,metric_value,metric_numerator,metric_denominator,minimum_metric_denominator_threshold,metric_denominator_eligible,eligible_for_gap,analysis_type,gap,ci_low,ci_high,confidence_level,n_groups_total,n_groups_included,included_groups_json,minimum_subgroup_support,minimum_metric_denominator,bootstrap_samples_requested,valid_bootstrap_samples,valid_bootstrap_fraction,resample_hash,bootstrap_method,eligibility_scope,estimate_status,headline_eligible,inference_scope,multiplicity_adjustment,bootstrap_batch_size,conditional_inference_note,limitations,_canonical_csv_row,estimand
canonical_v2_20260714T221501Z_483f96f,51415c2ce68c89d9ce2b042b0a7a811fe3e98180b72460006f9d0465f6bf49b7,06c507bee525ea1daca43b61249764007d4d8baaa05c9333f23446ea723ce160,f1e358e99914563305428cece1b1595bc76a58643184407ec5b222162d650332,98ae57b622a56983192975c5bff94374ed51322f13c76af633c3c96ceb198cdd,support_aware_subgroup_diagnostics,"{""dataset_sha256"":""b8deac0a615b97076622ae540f4cfd0d3c3f1e7acb83ba3ff6560470a9ccf60a""}","{""policy"":""no_salary_hike_no_attrition""}",support_gated_descriptive_oof_subgroup_diagnostics,not_applicable_or_resolved_by_source_contract,pointwise_paired_stratified_percentile_bootstrap_5000_draws,subgroup_proxy/fairness_disparity_uncertainty.csv,f67613b45f85dc20b9d6fc5a8d1da2a2dc0c1f560762d7465817b5b7b0d74006,fairness_disparity_uncertainty,1,c1300316fe5baec24e789c06aec35dd4f283fa4843b71c7aab1edbf4818f8e91,d483d8ddb93a47a99a2eab54fe3d138d8f614798dd418bca860ea3f20c813f51,b8deac0a615b97076622ae540f4cfd0d3c3f1e7acb83ba3ff6560470a9ccf60a,ordinal_multiclass_performance,no_salary_hike_no_attrition,Age,,protected_or_sensitive_descriptive_audit,,30,,policy_ablation_raw_uncalibrated_oof_probabilities,accuracy,,,,,30,,,support_aware_subgroup_disparity,0.078993681659502,0.0315691104027817,0.157698354392566,0.95,5.0,4.0,"[""18-29"",""30-39"",""40-49"",""50-59""]",137.0,137.0,5000.0,5000.0,1.0,3528e4377f9907c2a7c1b51806abf09e0ec2d5513da630618b0a0cb9950a37d0,paired_stratified_sample_level_percentile,fixed_from_complete_oof_before_resampling,support_sufficient_descriptive_estimate,True,pointwise_descriptive,none,200.0,Intervals condition on the observed employees and fixed fold/model-training protocol; they do not estimate model-training instability.,"Descriptive OOF subgroup audit only; gaps do not establish discrimination, fairness, or causality. Class-specific rows use their reported denominators. Intervals are pointwise; no multiplicity-adjusted or simultaneous inference.",1277,Age | accuracy
canonical_v2_20260714T221501Z_483f96f,51415c2ce68c89d9ce2b042b0a7a811fe3e98180b72460006f9d0465f6bf49b7,06c507bee525ea1daca43b61249764007d4d8baaa05c9333f23446ea723ce160,f1e358e99914563305428cece1b1595bc76a58643184407ec5b222162d650332,98ae57b622a56983192975c5bff94374ed51322f13c76af633c3c96ceb198cdd,support_aware_subgroup_diagnostics,"{""dataset_sha256"":""b8deac0a615b97076622ae540f4cfd0d3c3f1e7acb83ba3ff6560470a9ccf60a""}","{""policy"":""no_salary_hike_no_attrition""}",support_gated_descriptive_oof_subgroup_diagnostics,not_applicable_or_resolved_by_source_contract,pointwise_paired_stratified_percentile_bootstrap_5000_draws,subgroup_proxy/fairness_disparity_uncertainty.csv,f67613b45f85dc20b9d6fc5a8d1da2a2dc0c1f560762d7465817b5b7b0d74006,fairness_disparity_uncertainty,2,c1300316fe5baec24e789c06aec35dd4f283fa4843b71c7aab1edbf4818f8e91,d483d8ddb93a47a99a2eab54fe3d138d8f614798dd418bca860ea3f20c813f51,b8deac0a615b97076622ae540f4cfd0d3c3f1e7acb83ba3ff6560470a9ccf60a,ordinal_multiclass_performance,no_salary_hike_no_attrition,Age,,protected_or_sensitive_descriptive_audit,,30,,policy_ablation_raw_uncalibrated_oof_probabilities,false_positive_rate,2.0,,,,10,,,support_aware_subgroup_disparity,0.0233522996680891,0.0085695150534381,0.076202595547181,0.95,5.0,4.0,"[""18-29"",""30-39"",""40-49"",""50-59""]",137.0,111.0,5000.0,5000.0,1.0,3528e4377f9907c2a7c1b51806abf09e0ec2d5513da630618b0a0cb9950a37d0,paired_stratified_sample_level_percentile,fixed_from_complete_oof_before_resampling,support_sufficient_descriptive_estimate,True,pointwise_descriptive,none,200.0,Intervals condition on the observed employees and fixed fold/model-training protocol; they do not estimate model-training instability.,"Descriptive OOF subgroup audit only; gaps do not establish discrimination, fairness, or causality. Class-specific rows use their reported denominators. Intervals are pointwise; no multiplicity-adjusted or simultaneous inference.",1278,Age | false_positive_rate | class 2.0
canonical_v2_20260714T221501Z_483f96f,51415c2ce68c89d9ce2b042b0a7a811fe3e98180b72460006f9d0465f6bf49b7,06c507bee525ea1daca43b61249764007d4d8baaa05c9333f23446ea723ce160,f1e358e99914563305428cece1b1595bc76a58643184407ec5b222162d650332,98ae57b622a56983192975c5bff94374ed51322f13c76af633c3c96ceb198cdd,support_aware_subgroup_diagnostics,"{""dataset_sha256"":""b8deac0a615b97076622ae540f4cfd0d3c3f1e7acb83ba3ff6560470a9ccf60a""}","{""policy"":""no_salary_hike_no_attrition""}",support_gated_descriptive_oof_subgroup_diagnostics,not_applicable_or_resolved_by_source_contract,pointwise_paired_stratified_percentile_bootstrap_5000_draws,subgroup_proxy/fairness_disparity_uncertainty.csv,f67613b45f85dc20b9d6fc5a8d1da2a2dc0c1f560762d7465817b5b7b0d74006,fairness_disparity_uncertainty,3,c1300316fe5baec24e789c06aec35dd4f283fa4843b71c7aab1edbf4818f8e91,d483d8ddb93a47a99a2eab54fe3d138d8f614798dd418bca860ea3f20c813f51,b8deac0a615b97076622ae540f4cfd0d3c3f1e7acb83ba3ff6560470a9ccf60a,ordinal_multiclass_performance,no_salary_hike_no_attrition,Age,,protected_or_sensitive_descriptive_audit,,30,,policy_ablation_raw_uncalibrated_oof_probabilities,false_positive_rate,3.0,,,,10,,,support_aware_subgroup_disparity,0.0993022007514761,0.0516788451058245,0.2878872880275403,0.95,5.0,4.0,"[""18-29"",""30-39"",""40-49"",""50-59""]",137.0,40.0,5000.0,5000.0,1.0,3528e4377f9907c2a7c1b51806abf09e0ec2d5513da630618b0a0cb9950a37d0,paired_stratified_sample_level_percentile,fixed_from_complete_oof_before_resampling,support_sufficient_descriptive_estimate,True,pointwise_descriptive,none,200.0,Intervals condition on the observed employees and fixed fold/model-training protocol; they do not estimate model-training instability.,"Descriptive OOF subgroup audit only; gaps do not establish discrimination, fairness, or causality. Class-specific rows use their reported denominators. Intervals are pointwise; no multiplicity-adjusted or simultaneous inference.",1279,Age | false_positive_rate | class 3.0
canonical_v2_20260714T221501Z_483f96f,51415c2ce68c89d9ce2b042b0a7a811fe3e98180b72460006f9d0465f6bf49b7,06c507bee525ea1daca43b61249764007d4d8baaa05c9333f23446ea723ce160,f1e358e99914563305428cece1b1595bc76a58643184407ec5b222162d650332,98ae57b622a56983192975c5bff94374ed51322f13c76af633c3c96ceb198cdd,support_aware_subgroup_diagnostics,"{""dataset_sha256"":""b8deac0a615b97076622ae540f4cfd0d3c3f1e7acb83ba3ff6560470a9ccf60a""}","{""policy"":""no_salary_hike_no_attrition""}",support_gated_descriptive_oof_subgroup_diagnostics,not_applicable_or_resolved_by_source_contract,pointwise_paired_stratified_percentile_bootstrap_5000_draws,subgroup_proxy/fairness_disparity_uncertainty.csv,f67613b45f85dc20b9d6fc5a8d1da2a2dc0c1f560762d7465817b5b7b0d74006,fairness_disparity_uncertainty,4,c1300316fe5baec24e789c06aec35dd4f283fa4843b71c7aab1edbf4818f8e91,d483d8ddb93a47a99a2eab54fe3d138d8f614798dd418bca860ea3f20c813f51,b8deac0a615b97076622ae540f4cfd0d3c3f1e7acb83ba3ff6560470a9ccf60a,ordinal_multiclass_performance,no_salary_hike_no_attrition,Age,,protected_or_sensitive_descriptive_audit,,30,,policy_ablation_raw_uncalibrated_oof_probabilities,false_positive_rate,4.0,,,,10,,,support_aware_subgroup_disparity,0.0978861788617886,0.0551788619274801,0.1509023152127163,0.95,5.0,4.0,"[""18-29"",""30-39"",""40-49"",""50-59""]",137.0,123.0,5000.0,5000.0,1.0,3528e4377f9907c2a7c1b51806abf09e0ec2d5513da630618b0a0cb9950a37d0,paired_stratified_sample_level_percentile,fixed_from_complete_oof_before_resampling,support_sufficient_descriptive_estimate,True,pointwise_descriptive,none,200.0,Intervals condition on the observed employees and fixed fold/model-training protocol; they do not estimate model-training instability.,"Descriptive OOF subgroup audit only; gaps do not establish discrimination, fairness, or causality. Class-specific rows use their reported denominators. Intervals are pointwise; no multiplicity-adjusted or simultaneous inference.",1280,Age | false_positive_rate | class 4.0
canonical_v2_20260714T221501Z_483f96f,51415c2ce68c89d9ce2b042b0a7a811fe3e98180b72460006f9d0465f6bf49b7,06c507bee525ea1daca43b61249764007d4d8baaa05c9333f23446ea723ce160,f1e358e99914563305428cece1b1595bc76a58643184407ec5b222162d650332,98ae57b622a56983192975c5bff94374ed51322f13c76af633c3c96ceb198cdd,support_aware_subgroup_diagnostics,"{""dataset_sha256"":""b8deac0a615b97076622ae540f4cfd0d3c3f1e7acb83ba3ff6560470a9ccf60a""}","{""policy"":""no_salary_hike_no_attrition""}",support_gated_descriptive_oof_subgroup_diagnostics,not_applicable_or_resolved_by_source_contract,pointwise_paired_stratified_percentile_bootstrap_5000_draws,subgroup_proxy/fairness_disparity_uncertainty.csv,f67613b45f85dc20b9d6fc5a8d1da2a2dc0c1f560762d7465817b5b7b0d74006,fairness_disparity_uncertainty,5,c1300316fe5baec24e789c06aec35dd4f283fa4843b71c7aab1edbf4818f8e91,d483d8ddb93a47a99a2eab54fe3d138d8f614798dd418bca860ea3f20c813f51,b8deac0a615b97076622ae540f4cfd0d3c3f1e7acb83ba3ff6560470a9ccf60a,ordinal_multiclass_performance,no_salary_hike_no_attrition,Age,,protected_or_sensitive_descriptive_audit,,30,,policy_ablation_raw_uncalibrated_oof_probabilities,macro_f1,,,,,30,,,support_aware_subgroup_disparity,0.0292026435268997,0.019368132906963,0.1261747159898831,0.95,5.0,4.0,"[""18-29"",""30-39"",""40-49"",""50-59""]",137.0,137.0,5000.0,5000.0,1.0,3528e4377f9907c2a7c1b51806abf09e0ec2d5513da630618b0a0cb9950a37d0,paired_stratified_sample_level_percentile,fixed_from_complete_oof_before_resampling,support_sufficient_descriptive_estimate,True,pointwise_descriptive,none,200.0,Intervals condition on the observed employees and fixed fold/model-training protocol; they do not estimate model-training instability.,"Descriptive OOF subgroup audit only; gaps do not establish discrimination, fairness, or causality. Class-specific rows use their reported denominators. Intervals are pointwise; no multiplicity-adjusted or simultaneous inference.",1281,Age | macro_f1
canonical_v2_20260714T221501Z_483f96f,51415c2ce68c89d9ce2b042b0a7a811fe3e98180b72460006f9d0465f6bf49b7,06c507bee525ea1daca43b61249764007d4d8baaa05c9333f23446ea723ce160,f1e358e99914563305428cece1b1595bc76a58643184407ec5b222162d650332,98ae57b622a56983192975c5bff94374ed51322f13c76af633c3c96ceb198cdd,support_aware_subgroup_diagnostics,"{""dataset_sha256"":""b8deac0a615b97076622ae540f4cfd0d3c3f1e7acb83ba3ff6560470a9ccf60a""}","{""policy"":""no_salary_hike_no_attrition""}",support_gated_descriptive_oof_subgroup_diagnostics,not_applicable_or_resolved_by_source_contract,pointwise_paired_stratified_percentile_bootstrap_5000_draws,subgroup_proxy/fairness_disparity_uncertainty.csv,f67613b45f85dc20b9d6fc5a8d1da2a2dc0c1f560762d7465817b5b7b0d74006,fairness_disparity_uncertainty,6,c1300316fe5baec24e789c06aec35dd4f283fa4843b71c7aab1edbf4818f8e91,d483d8ddb93a47a99a2eab54fe3d138d8f614798dd418bca860ea3f20c813f51,b8deac0a615b97076622ae540f4cfd0d3c3f1e7acb83ba3ff6560470a9ccf60a,ordinal_multiclass_performance,no_salary_hike_no_attrition,Age,,protected_or_sensitive_descriptive_audit,,30,,policy_ablation_raw_uncalibrated_oof_probabilities,mean_predicted_probability,2.0,,,,30,,,support_aware_subgroup_disparity,0.0638649459671349,0.0248273978948013,0.1390419097317359,0.95,5.0,4.0,"[""18-29"",""30-39"",""40-49"",""50-59""]",137.0,137.0,5000.0,5000.0,1.0,3528e4377f9907c2a7c1b51806abf09e0ec2d5513da630618b0a0cb9950a37d0,paired_stratified_sample_level_percentile,fixed_from_complete_oof_before_resampling,support_sufficient_descriptive_estimate,True,pointwise_descriptive,none,200.0,Intervals condition on the observed employees and fixed fold/model-training protocol; they do not estimate model-training instability.,"Descriptive OOF subgroup audit only; gaps do not establish discrimination, fairness, or causality. Class-specific rows use their reported denominators. Intervals are pointwise; no multiplicity-adjusted or simultaneous inference.",1282,Age | mean_predicted_probability | class 2.0
canonical_v2_20260714T221501Z_483f96f,51415c2ce68c89d9ce2b042b0a7a811fe3e98180b72460006f9d0465f6bf49b7,06c507bee525ea1daca43b61249764007d4d8baaa05c9333f23446ea723ce160,f1e358e99914563305428cece1b1595bc76a58643184407ec5b222162d650332,98ae57b622a56983192975c5bff94374ed51322f13c76af633c3c96ceb198cdd,support_aware_subgroup_diagnostics,"{""dataset_sha256"":""b8deac0a615b97076622ae540f4cfd0d3c3f1e7acb83ba3ff6560470a9ccf60a""}","{""policy"":""no_salary_hike_no_attrition""}",support_gated_descriptive_oof_subgroup_diagnostics,not_applicable_or_resolved_by_source_contract,pointwise_paired_stratified_percentile_bootstrap_5000_draws,subgroup_proxy/fairness_disparity_uncertainty.csv,f67613b45f85dc20b9d6fc5a8d1da2a2dc0c1f560762d7465817b5b7b0d74006,fairness_disparity_uncertainty,7,c1300316fe5baec24e789c06aec35dd4f283fa4843b71c7aab1edbf4818f8e91,d483d8ddb93a47a99a2eab54fe3d138d8f614798dd418bca860ea3f20c813f51,b8deac0a615b97076622ae540f4cfd0d3c3f1e7acb83ba3ff6560470a9ccf60a,ordinal_multiclass_performance,no_salary_hike_no_attrition,Age,,protected_or_sensitive_descriptive_audit,,30,,policy_ablation_raw_uncalibrated_oof_probabilities,mean_predicted_probability,3.0,,,,30,,,support_aware_subgroup_disparity,0.0506778178471307,0.0222270771113668,0.106748846409282,0.95,5.0,4.0,"[""18-29"",""30-39"",""40-49"",""50-59""]",137.0,137.0,5000.0,5000.0,1.0,3528e4377f9907c2a7c1b51806abf09e0ec2d5513da630618b0a0cb9950a37d0,paired_stratified_sample_level_percentile,fixed_from_complete_oof_before_resampling,support_sufficient_descriptive_estimate,True,pointwise_descriptive,none,200.0,Intervals condition on the observed employees and fixed fold/model-training protocol; they do not estimate model-training instability.,"Descriptive OOF subgroup audit only; gaps do not establish discrimination, fairness, or causality. Class-specific rows use their reported denominators. Intervals are pointwise; no multiplicity-adjusted or simultaneous inference.",1283,Age | mean_predicted_probability | class 3.0
canonical_v2_20260714T221501Z_483f96f,51415c2ce68c89d9ce2b042b0a7a811fe3e98180b72460006f9d0465f6bf49b7,06c507bee525ea1daca43b61249764007d4d8baaa05c9333f23446ea723ce160,f1e358e99914563305428cece1b1595bc76a58643184407ec5b222162d650332,98ae57b622a56983192975c5bff94374ed51322f13c76af633c3c96ceb198cdd,support_aware_subgroup_diagnostics,"{""dataset_sha256"":""b8deac0a615b97076622ae540f4cfd0d3c3f1e7acb83ba3ff6560470a9ccf60a""}","{""policy"":""no_salary_hike_no_attrition""}",support_gated_descriptive_oof_subgroup_diagnostics,not_applicable_or_resolved_by_source_contract,pointwise_paired_stratified_percentile_bootstrap_5000_draws,subgroup_proxy/fairness_disparity_uncertainty.csv,f67613b45f85dc20b9d6fc5a8d1da2a2dc0c1f560762d7465817b5b7b0d74006,fairness_disparity_uncertainty,8,c1300316fe5baec24e789c06aec35dd4f283fa4843b71c7aab1edbf4818f8e91,d483d8ddb93a47a99a2eab54fe3d138d8f614798dd418bca860ea3f20c813f51,b8deac0a615b97076622ae540f4cfd0d3c3f1e7acb83ba3ff6560470a9ccf60a,ordinal_multiclass_performance,no_salary_hike_no_attrition,Age,,protected_or_sensitive_descriptive_audit,,30,,policy_ablation_raw_uncalibrated_oof_probabilities,mean_predicted_probability,4.0,,,,30,,,support_aware_subgroup_disparity,0.0713071788919614,0.0398848153449882,0.105786259601223,0.95,5.0,4.0,"[""18-29"",""30-39"",""40-49"",""50-59""]",137.0,137.0,5000.0,5000.0,1.0,3528e4377f9907c2a7c1b51806abf09e0ec2d5513da630618b0a0cb9950a37d0,paired_stratified_sample_level_percentile,fixed_from_complete_oof_before_resampling,support_sufficient_descriptive_estimate,True,pointwise_descriptive,none,200.0,Intervals condition on the observed employees and fixed fold/model-training protocol; they do not estimate model-training instability.,"Descriptive OOF subgroup audit only; gaps do not establish discrimination, fairness, or causality. Class-specific rows use their reported denominators. Intervals are pointwise; no multiplicity-adjusted or simultaneous inference.",1284,Age | mean_predicted_probability | class 4.0
canonical_v2_20260714T221501Z_483f96f,51415c2ce68c89d9ce2b042b0a7a811fe3e98180b72460006f9d0465f6bf49b7,06c507bee525ea1daca43b61249764007d4d8baaa05c9333f23446ea723ce160,f1e358e99914563305428cece1b1595bc76a58643184407ec5b222162d650332,98ae57b622a56983192975c5bff94374ed51322f13c76af633c3c96ceb198cdd,support_aware_subgroup_diagnostics,"{""dataset_sha256"":""b8deac0a615b97076622ae540f4cfd0d3c3f1e7acb83ba3ff6560470a9ccf60a""}","{""policy"":""no_salary_hike_no_attrition""}",support_gated_descriptive_oof_subgroup_diagnostics,not_applicable_or_resolved_by_source_contract,pointwise_paired_stratified_percentile_bootstrap_5000_draws,subgroup_proxy/fairness_disparity_uncertainty.csv,f67613b45f85dc20b9d6fc5a8d1da2a2dc0c1f560762d7465817b5b7b0d74006,fairness_disparity_uncertainty,9,c1300316fe5baec24e789c06aec35dd4f283fa4843b71c7aab1edbf4818f8e91,d483d8ddb93a47a99a2eab54fe3d138d8f614798dd418bca860ea3f20c813f51,b8deac0a615b97076622ae540f4cfd0d3c3f1e7acb83ba3ff6560470a9ccf60a,ordinal_multiclass_performance,no_salary_hike_no_attrition,Age,,protected_or_sensitive_descriptive_audit,,30,,policy_ablation_raw_uncalibrated_oof_probabilities,positive_prediction_rate,2.0,,,,30,,,support_aware_subgroup_disparity,0.069165368107384,0.0281986469296125,0.1513020571388367,0.95,5.0,4.0,"[""18-29"",""30-39"",""40-49"",""50-59""]",137.0,137.0,5000.0,5000.0,1.0,3528e4377f9907c2a7c1b51806abf09e0ec2d5513da630618b0a0cb9950a37d0,paired_stratified_sample_level_percentile,fixed_from_complete_oof_before_resampling,support_sufficient_descriptive_estimate,True,pointwise_descriptive,none,200.0,Intervals condition on the observed employees and fixed fold/model-training protocol; they do not estimate model-training instability.,"Descriptive OOF subgroup audit only; gaps do not establish discrimination, fairness, or causality. Class-specific rows use their reported denominators. Intervals are pointwise; no multiplicity-adjusted or simultaneous inference.",1285,Age | positive_prediction_rate | class 2.0
canonical_v2_20260714T221501Z_483f96f,51415c2ce68c89d9ce2b042b0a7a811fe3e98180b72460006f9d0465f6bf49b7,06c507bee525ea1daca43b61249764007d4d8baaa05c9333f23446ea723ce160,f1e358e99914563305428cece1b1595bc76a58643184407ec5b222162d650332,98ae57b622a56983192975c5bff94374ed51322f13c76af633c3c96ceb198cdd,support_aware_subgroup_diagnostics,"{""dataset_sha256"":""b8deac0a615b97076622ae540f4cfd0d3c3f1e7acb83ba3ff6560470a9ccf60a""}","{""policy"":""no_salary_hike_no_attrition""}",support_gated_descriptive_oof_subgroup_diagnostics,not_applicable_or_resolved_by_source_contract,pointwise_paired_stratified_percentile_bootstrap_5000_draws,subgroup_proxy/fairness_disparity_uncertainty.csv,f67613b45f85dc20b9d6fc5a8d1da2a2dc0c1f560762d7465817b5b7b0d74006,fairness_disparity_uncertainty,10,c1300316fe5baec24e789c06aec35dd4f283fa4843b71c7aab1edbf4818f8e91,d483d8ddb93a47a99a2eab54fe3d138d8f614798dd418bca860ea3f20c813f51,b8deac0a615b97076622ae540f4cfd0d3c3f1e7acb83ba3ff6560470a9ccf60a,ordinal_multiclass_performance,no_salary_hike_no_attrition,Age,,protected_or_sensitive_descriptive_audit,,30,,policy_ablation_raw_uncalibrated_oof_probabilities,positive_prediction_rate,3.0,,,,30,,,support_aware_subgroup_disparity,0.0683161727283404,0.0316236099838305,0.1638603745972285,0.95,5.0,4.0,"[""18-29"",""30-39"",""40-49"",""50-59""]",137.0,137.0,5000.0,5000.0,1.0,3528e4377f9907c2a7c1b51806abf09e0ec2d5513da630618b0a0cb9950a37d0,paired_stratified_sample_level_percentile,fixed_from_complete_oof_before_resampling,support_sufficient_descriptive_estimate,True,pointwise_descriptive,none,200.0,Intervals condition on the observed employees and fixed fold/model-training protocol; they do not estimate model-training instability.,"Descriptive OOF subgroup audit only; gaps do not establish discrimination, fairness, or causality. Class-specific rows use their reported denominators. Intervals are pointwise; no multiplicity-adjusted or simultaneous inference.",1286,Age | positive_prediction_rate | class 3.0
canonical_v2_20260714T221501Z_483f96f,51415c2ce68c89d9ce2b042b0a7a811fe3e98180b72460006f9d0465f6bf49b7,06c507bee525ea1daca43b61249764007d4d8baaa05c9333f23446ea723ce160,f1e358e99914563305428cece1b1595bc76a58643184407ec5b222162d650332,98ae57b622a56983192975c5bff94374ed51322f13c76af633c3c96ceb198cdd,support_aware_subgroup_diagnostics,"{""dataset_sha256"":""b8deac0a615b97076622ae540f4cfd0d3c3f1e7acb83ba3ff6560470a9ccf60a""}","{""policy"":""no_salary_hike_no_attrition""}",support_gated_descriptive_oof_subgroup_diagnostics,not_applicable_or_resolved_by_source_contract,pointwise_paired_stratified_percentile_bootstrap_5000_draws,subgroup_proxy/fairness_disparity_uncertainty.csv,f67613b45f85dc20b9d6fc5a8d1da2a2dc0c1f560762d7465817b5b7b0d74006,fairness_disparity_uncertainty,11,c1300316fe5baec24e789c06aec35dd4f283fa4843b71c7aab1edbf4818f8e91,d483d8ddb93a47a99a2eab54fe3d138d8f614798dd418bca860ea3f20c813f51,b8deac0a615b97076622ae540f4cfd0d3c3f1e7acb83ba3ff6560470a9ccf60a,ordinal_multiclass_performance,no_salary_hike_no_attrition,Age,,protected_or_sensitive_descriptive_audit,,30,,policy_ablation_raw_uncalibrated_oof_probabilities,positive_prediction_rate,4.0,,,,30,,,support_aware_subgroup_disparity,0.0971264533625688,0.0568947606201666,0.1487954761282521,0.95,5.0,4.0,"[""18-29"",""30-39"",""40-49"",""50-59""]",137.0,137.0,5000.0,5000.0,1.0,3528e4377f9907c2a7c1b51806abf09e0ec2d5513da630618b0a0cb9950a37d0,paired_stratified_sample_level_percentile,fixed_from_complete_oof_before_resampling,support_sufficient_descriptive_estimate,True,pointwise_descriptive,none,200.0,Intervals condition on the observed employees and fixed fold/model-training protocol; they do not estimate model-training instability.,"Descriptive OOF subgroup audit only; gaps do not establish discrimination, fairness, or causality. Class-specific rows use their reported denominators. Intervals are pointwise; no multiplicity-adjusted or simultaneous inference.",1287,Age | positive_prediction_rate | class 4.0
canonical_v2_20260714T221501Z_483f96f,51415c2ce68c89d9ce2b042b0a7a811fe3e98180b72460006f9d0465f6bf49b7,06c507bee525ea1daca43b61249764007d4d8baaa05c9333f23446ea723ce160,f1e358e99914563305428cece1b1595bc76a58643184407ec5b222162d650332,98ae57b622a56983192975c5bff94374ed51322f13c76af633c3c96ceb198cdd,support_aware_subgroup_diagnostics,"{""dataset_sha256"":""b8deac0a615b97076622ae540f4cfd0d3c3f1e7acb83ba3ff6560470a9ccf60a""}","{""policy"":""no_salary_hike_no_attrition""}",support_gated_descriptive_oof_subgroup_diagnostics,not_applicable_or_resolved_by_source_contract,pointwise_paired_stratified_percentile_bootstrap_5000_draws,subgroup_proxy/fairness_disparity_uncertainty.csv,f67613b45f85dc20b9d6fc5a8d1da2a2dc0c1f560762d7465817b5b7b0d74006,fairness_disparity_uncertainty,12,c1300316fe5baec24e789c06aec35dd4f283fa4843b71c7aab1edbf4818f8e91,d483d8ddb93a47a99a2eab54fe3d138d8f614798dd418bca860ea3f20c813f51,b8deac0a615b97076622ae540f4cfd0d3c3f1e7acb83ba3ff6560470a9ccf60a,ordinal_multiclass_performance,no_salary_hike_no_attrition,Age,,protected_or_sensitive_descriptive_audit,,30,,policy_ablation_raw_uncalibrated_oof_probabilities,precision,2.0,,,,10,,,support_aware_subgroup_disparity,0.0421052631578946,0.0327770467836257,0.2513234663234662,0.95,5.0,4.0,"[""18-29"",""30-39"",""40-49"",""50-59""]",137.0,30.0,5000.0,5000.0,1.0,3528e4377f9907c2a7c1b51806abf09e0ec2d5513da630618b0a0cb9950a37d0,paired_stratified_sample_level_percentile,fixed_from_complete_oof_before_resampling,support_sufficient_descriptive_estimate,True,pointwise_descriptive,none,200.0,Intervals condition on the observed employees and fixed fold/model-training protocol; they do not estimate model-training instability.,"Descriptive OOF subgroup audit only; gaps do not establish discrimination, fairness, or causality. Class-specific rows use their reported denominators. Intervals are pointwise; no multiplicity-adjusted or simultaneous inference.",1288,Age | precision | class 2.0
canonical_v2_20260714T221501Z_483f96f,51415c2ce68c89d9ce2b042b0a7a811fe3e98180b72460006f9d0465f6bf49b7,06c507bee525ea1daca43b61249764007d4d8baaa05c9333f23446ea723ce160,f1e358e99914563305428cece1b1595bc76a58643184407ec5b222162d650332,98ae57b622a56983192975c5bff94374ed51322f13c76af633c3c96ceb198cdd,support_aware_subgroup_diagnostics,"{""dataset_sha256"":""b8deac0a615b97076622ae540f4cfd0d3c3f1e7acb83ba3ff6560470a9ccf60a""}","{""policy"":""no_salary_hike_no_attrition""}",support_gated_descriptive_oof_subgroup_diagnostics,not_applicable_or_resolved_by_source_contract,pointwise_paired_stratified_percentile_bootstrap_5000_draws,subgroup_proxy/fairness_disparity_uncertainty.csv,f67613b45f85dc20b9d6fc5a8d1da2a2dc0c1f560762d7465817b5b7b0d74006,fairness_disparity_uncertainty,13,c1300316fe5baec24e789c06aec35dd4f283fa4843b71c7aab1edbf4818f8e91,d483d8ddb93a47a99a2eab54fe3d138d8f614798dd418bca860ea3f20c813f51,b8deac0a615b97076622ae540f4cfd0d3c3f1e7acb83ba3ff6560470a9ccf60a,ordinal_multiclass_performance,no_salary_hike_no_attrition,Age,,protected_or_sensitive_descriptive_audit,,30,,policy_ablation_raw_uncalibrated_oof_probabilities,precision,3.0,,,,10,,,support_aware_subgroup_disparity,0.0245411800394358,0.0178053864846915,0.1136048337378778,0.95,5.0,4.0,"[""18-29"",""30-39"",""40-49"",""50-59""]",137.0,100.0,5000.0,5000.0,1.0,3528e4377f9907c2a7c1b51806abf09e0ec2d5513da630618b0a0cb9950a37d0,paired_stratified_sample_level_percentile,fixed_from_complete_oof_before_resampling,support_sufficient_descriptive_estimate,True,pointwise_descriptive,none,200.0,Intervals condition on the observed employees and fixed fold/model-training protocol; they do not estimate model-training instability.,"Descriptive OOF subgroup audit only; gaps do not establish discrimination, fairness, or causality. Class-specific rows use their reported denominators. Intervals are pointwise; no multiplicity-adjusted or simultaneous inference.",1289,Age | precision | class 3.0
canonical_v2_20260714T221501Z_483f96f,51415c2ce68c89d9ce2b042b0a7a811fe3e98180b72460006f9d0465f6bf49b7,06c507bee525ea1daca43b61249764007d4d8baaa05c9333f23446ea723ce160,f1e358e99914563305428cece1b1595bc76a58643184407ec5b222162d650332,98ae57b622a56983192975c5bff94374ed51322f13c76af633c3c96ceb198cdd,support_aware_subgroup_diagnostics,"{""dataset_sha256"":""b8deac0a615b97076622ae540f4cfd0d3c3f1e7acb83ba3ff6560470a9ccf60a""}","{""policy"":""no_salary_hike_no_attrition""}",support_gated_descriptive_oof_subgroup_diagnostics,not_applicable_or_resolved_by_source_contract,pointwise_paired_stratified_percentile_bootstrap_5000_draws,subgroup_proxy/fairness_disparity_uncertainty.csv,f67613b45f85dc20b9d6fc5a8d1da2a2dc0c1f560762d7465817b5b7b0d74006,fairness_disparity_uncertainty,14,c1300316fe5baec24e789c06aec35dd4f283fa4843b71c7aab1edbf4818f8e91,d483d8ddb93a47a99a2eab54fe3d138d8f614798dd418bca860ea3f20c813f51,b8deac0a615b97076622ae540f4cfd0d3c3f1e7acb83ba3ff6560470a9ccf60a,ordinal_multiclass_performance,no_salary_hike_no_attrition,Age,,protected_or_sensitive_descriptive_audit,,30,,policy_ablation_raw_uncalibrated_oof_probabilities,precision,4.0,,,,10,,,support_aware_subgroup_disparity,0.0675,0.0190655798102606,0.2425031538658909,0.95,5.0,3.0,"[""18-29"",""30-39"",""40-49""]",267.0,32.0,5000.0,5000.0,1.0,3528e4377f9907c2a7c1b51806abf09e0ec2d5513da630618b0a0cb9950a37d0,paired_stratified_sample_level_percentile,fixed_from_complete_oof_before_resampling,support_sufficient_descriptive_estimate,True,pointwise_descriptive,none,200.0,Intervals condition on the observed employees and fixed fold/model-training protocol; they do not estimate model-training instability.,"Descriptive OOF subgroup audit only; gaps do not establish discrimination, fairness, or causality. Class-specific rows use their reported denominators. Intervals are pointwise; no multiplicity-adjusted or simultaneous inference.",1290,Age | precision | class 4.0
canonical_v2_20260714T221501Z_483f96f,51415c2ce68c89d9ce2b042b0a7a811fe3e98180b72460006f9d0465f6bf49b7,06c507bee525ea1daca43b61249764007d4d8baaa05c9333f23446ea723ce160,f1e358e99914563305428cece1b1595bc76a58643184407ec5b222162d650332,98ae57b622a56983192975c5bff94374ed51322f13c76af633c3c96ceb198cdd,support_aware_subgroup_diagnostics,"{""dataset_sha256"":""b8deac0a615b97076622ae540f4cfd0d3c3f1e7acb83ba3ff6560470a9ccf60a""}","{""policy"":""no_salary_hike_no_attrition""}",support_gated_descriptive_oof_subgroup_diagnostics,not_applicable_or_resolved_by_source_contract,pointwise_paired_stratified_percentile_bootstrap_5000_draws,subgroup_proxy/fairness_disparity_uncertainty.csv,f67613b45f85dc20b9d6fc5a8d1da2a2dc0c1f560762d7465817b5b7b0d74006,fairness_disparity_uncertainty,15,c1300316fe5baec24e789c06aec35dd4f283fa4843b71c7aab1edbf4818f8e91,d483d8ddb93a47a99a2eab54fe3d138d8f614798dd418bca860ea3f20c813f51,b8deac0a615b97076622ae540f4cfd0d3c3f1e7acb83ba3ff6560470a9ccf60a,ordinal_multiclass_performance,no_salary_hike_no_attrition,Age,,protected_or_sensitive_descriptive_audit,,30,,policy_ablation_raw_uncalibrated_oof_probabilities,true_positive_rate,2.0,,,,10,,,support_aware_subgroup_disparity,0.1138461538461538,0.0511078431372549,0.2500080645161289,0.95,5.0,4.0,"[""18-29"",""30-39"",""40-49"",""50-59""]",137.0,26.0,5000.0,5000.0,1.0,3528e4377f9907c2a7c1b51806abf09e0ec2d5513da630618b0a0cb9950a37d0,paired_stratified_sample_level_percentile,fixed_from_complete_oof_before_resampling,support_sufficient_descriptive_estimate,True,pointwise_descriptive,none,200.0,Intervals condition on the observed employees and fixed fold/model-training protocol; they do not estimate model-training instability.,"Descriptive OOF subgroup audit only; gaps do not establish discrimination, fairness, or causality. Class-specific rows use their reported denominators. Intervals are pointwise; no multiplicity-adjusted or simultaneous inference.",1291,Age | true_positive_rate | class 2.0
canonical_v2_20260714T221501Z_483f96f,51415c2ce68c89d9ce2b042b0a7a811fe3e98180b72460006f9d0465f6bf49b7,06c507bee525ea1daca43b61249764007d4d8baaa05c9333f23446ea723ce160,f1e358e99914563305428cece1b1595bc76a58643184407ec5b222162d650332,98ae57b622a56983192975c5bff94374ed51322f13c76af633c3c96ceb198cdd,support_aware_subgroup_diagnostics,"{""dataset_sha256"":""b8deac0a615b97076622ae540f4cfd0d3c3f1e7acb83ba3ff6560470a9ccf60a""}","{""policy"":""no_salary_hike_no_attrition""}",support_gated_descriptive_oof_subgroup_diagnostics,not_applicable_or_resolved_by_source_contract,pointwise_paired_stratified_percentile_bootstrap_5000_draws,subgroup_proxy/fairness_disparity_uncertainty.csv,f67613b45f85dc20b9d6fc5a8d1da2a2dc0c1f560762d7465817b5b7b0d74006,fairness_disparity_uncertainty,16,c1300316fe5baec24e789c06aec35dd4f283fa4843b71c7aab1edbf4818f8e91,d483d8ddb93a47a99a2eab54fe3d138d8f614798dd418bca860ea3f20c813f51,b8deac0a615b97076622ae540f4cfd0d3c3f1e7acb83ba3ff6560470a9ccf60a,ordinal_multiclass_performance,no_salary_hike_no_attrition,Age,,protected_or_sensitive_descriptive_audit,,30,,policy_ablation_raw_uncalibrated_oof_probabilities,true_positive_rate,3.0,,,,10,,,support_aware_subgroup_disparity,0.1022313613249228,0.046734406186647,0.1827894563064053,0.95,5.0,4.0,"[""18-29"",""30-39"",""40-49"",""50-59""]",137.0,97.0,5000.0,5000.0,1.0,3528e4377f9907c2a7c1b51806abf09e0ec2d5513da630618b0a0cb9950a37d0,paired_stratified_sample_level_percentile,fixed_from_complete_oof_before_resampling,support_sufficient_descriptive_estimate,True,pointwise_descriptive,none,200.0,Intervals condition on the observed employees and fixed fold/model-training protocol; they do not estimate model-training instability.,"Descriptive OOF subgroup audit only; gaps do not establish discrimination, fairness, or causality. Class-specific rows use their reported denominators. Intervals are pointwise; no multiplicity-adjusted or simultaneous inference.",1292,Age | true_positive_rate | class 3.0
canonical_v2_20260714T221501Z_483f96f,51415c2ce68c89d9ce2b042b0a7a811fe3e98180b72460006f9d0465f6bf49b7,06c507bee525ea1daca43b61249764007d4d8baaa05c9333f23446ea723ce160,f1e358e99914563305428cece1b1595bc76a58643184407ec5b222162d650332,98ae57b622a56983192975c5bff94374ed51322f13c76af633c3c96ceb198cdd,support_aware_subgroup_diagnostics,"{""dataset_sha256"":""b8deac0a615b97076622ae540f4cfd0d3c3f1e7acb83ba3ff6560470a9ccf60a""}","{""policy"":""no_salary_hike_no_attrition""}",support_gated_descriptive_oof_subgroup_diagnostics,not_applicable_or_resolved_by_source_contract,pointwise_paired_stratified_percentile_bootstrap_5000_draws,subgroup_proxy/fairness_disparity_uncertainty.csv,f67613b45f85dc20b9d6fc5a8d1da2a2dc0c1f560762d7465817b5b7b0d74006,fairness_disparity_uncertainty,17,c1300316fe5baec24e789c06aec35dd4f283fa4843b71c7aab1edbf4818f8e91,d483d8ddb93a47a99a2eab54fe3d138d8f614798dd418bca860ea3f20c813f51,b8deac0a615b97076622ae540f4cfd0d3c3f1e7acb83ba3ff6560470a9ccf60a,ordinal_multiclass_performance,no_salary_hike_no_attrition,Age,,protected_or_sensitive_descriptive_audit,,30,,policy_ablation_raw_uncalibrated_oof_probabilities,true_positive_rate,4.0,,,,10,,,support_aware_subgroup_disparity,0.1285714285714286,0.0558483483483483,0.3377440577249572,0.95,5.0,4.0,"[""18-29"",""30-39"",""40-49"",""50-59""]",137.0,14.0,5000.0,5000.0,1.0,3528e4377f9907c2a7c1b51806abf09e0ec2d5513da630618b0a0cb9950a37d0,paired_stratified_sample_level_percentile,fixed_from_complete_oof_before_resampling,support_sufficient_but_interval_wide,False,pointwise_descriptive,none,200.0,Intervals condition on the observed employees and fixed fold/model-training protocol; they do not estimate model-training instability.,"Descriptive OOF subgroup audit only; gaps do not establish discrimination, fairness, or causality. Class-specific rows use their reported denominators. Intervals are pointwise; no multiplicity-adjusted or simultaneous inference.",1293,Age | true_positive_rate | class 4.0
canonical_v2_20260714T221501Z_483f96f,51415c2ce68c89d9ce2b042b0a7a811fe3e98180b72460006f9d0465f6bf49b7,06c507bee525ea1daca43b61249764007d4d8baaa05c9333f23446ea723ce160,f1e358e99914563305428cece1b1595bc76a58643184407ec5b222162d650332,98ae57b622a56983192975c5bff94374ed51322f13c76af633c3c96ceb198cdd,support_aware_subgroup_diagnostics,"{""dataset_sha256"":""b8deac0a615b97076622ae540f4cfd0d3c3f1e7acb83ba3ff6560470a9ccf60a""}","{""policy"":""no_salary_hike_no_attrition""}",support_gated_descriptive_oof_subgroup_diagnostics,not_applicable_or_resolved_by_source_contract,pointwise_paired_stratified_percentile_bootstrap_5000_draws,subgroup_proxy/fairness_disparity_uncertainty.csv,f67613b45f85dc20b9d6fc5a8d1da2a2dc0c1f560762d7465817b5b7b0d74006,fairness_disparity_uncertainty,18,c1300316fe5baec24e789c06aec35dd4f283fa4843b71c7aab1edbf4818f8e91,d483d8ddb93a47a99a2eab54fe3d138d8f614798dd418bca860ea3f20c813f51,b8deac0a615b97076622ae540f4cfd0d3c3f1e7acb83ba3ff6560470a9ccf60a,ordinal_multiclass_performance,no_salary_hike_no_attrition,BusinessTravelFrequency,,exploratory_operational_subgroup_diagnostic,,30,,policy_ablation_raw_uncalibrated_oof_probabilities,accuracy,,,,,30,,,support_aware_subgroup_disparity,0.0532873298830745,0.0192098064319496,0.1373813064343339,0.95,3.0,3.0,"[""Non-Travel"",""Travel_Frequently"",""Travel_Rarely""]",132.0,132.0,5000.0,5000.0,1.0,3528e4377f9907c2a7c1b51806abf09e0ec2d5513da630618b0a0cb9950a37d0,paired_stratified_sample_level_percentile,fixed_from_complete_oof_before_resampling,support_sufficient_descriptive_estimate,True,pointwise_descriptive,none,200.0,Intervals condition on the observed employees and fixed fold/model-training protocol; they do not estimate model-training instability.,"Descriptive OOF subgroup audit only; gaps do not establish discrimination, fairness, or causality. Class-specific rows use their reported denominators. Intervals are pointwise; no multiplicity-adjusted or simultaneous inference.",1294,BusinessTravelFrequency | accuracy
canonical_v2_20260714T221501Z_483f96f,51415c2ce68c89d9ce2b042b0a7a811fe3e98180b72460006f9d0465f6bf49b7,06c507bee525ea1daca43b61249764007d4d8baaa05c9333f23446ea723ce160,f1e358e99914563305428cece1b1595bc76a58643184407ec5b222162d650332,98ae57b622a56983192975c5bff94374ed51322f13c76af633c3c96ceb198cdd,support_aware_subgroup_diagnostics,"{""dataset_sha256"":""b8deac0a615b97076622ae540f4cfd0d3c3f1e7acb83ba3ff6560470a9ccf60a""}","{""policy"":""no_salary_hike_no_attrition""}",support_gated_descriptive_oof_subgroup_diagnostics,not_applicable_or_resolved_by_source_contract,pointwise_paired_stratified_percentile_bootstrap_5000_draws,subgroup_proxy/fairness_disparity_uncertainty.csv,f67613b45f85dc20b9d6fc5a8d1da2a2dc0c1f560762d7465817b5b7b0d74006,fairness_disparity_uncertainty,19,c1300316fe5baec24e789c06aec35dd4f283fa4843b71c7aab1edbf4818f8e91,d483d8ddb93a47a99a2eab54fe3d138d8f614798dd418bca860ea3f20c813f51,b8deac0a615b97076622ae540f4cfd0d3c3f1e7acb83ba3ff6560470a9ccf60a,ordinal_multiclass_performance,no_salary_hike_no_attrition,BusinessTravelFrequency,,exploratory_operational_subgroup_diagnostic,,30,,policy_ablation_raw_uncalibrated_oof_probabilities,false_positive_rate,2.0,,,,10,,,support_aware_subgroup_disparity,0.0138180433955081,0.0054709585264171,0.0495645222867266,0.95,3.0,3.0,"[""Non-Travel"",""Travel_Frequently"",""Travel_Rarely""]",132.0,111.0,5000.0,5000.0,1.0,3528e4377f9907c2a7c1b51806abf09e0ec2d5513da630618b0a0cb9950a37d0,paired_stratified_sample_level_percentile,fixed_from_complete_oof_before_resampling,support_sufficient_descriptive_estimate,True,pointwise_descriptive,none,200.0,Intervals condition on the observed employees and fixed fold/model-training protocol; they do not estimate model-training instability.,"Descriptive OOF subgroup audit only; gaps do not establish discrimination, fairness, or causality. Class-specific rows use their reported denominators. Intervals are pointwise; no multiplicity-adjusted or simultaneous inference.",1295,BusinessTravelFrequency | false_positive_rate | class 2.0
canonical_v2_20260714T221501Z_483f96f,51415c2ce68c89d9ce2b042b0a7a811fe3e98180b72460006f9d0465f6bf49b7,06c507bee525ea1daca43b61249764007d4d8baaa05c9333f23446ea723ce160,f1e358e99914563305428cece1b1595bc76a58643184407ec5b222162d650332,98ae57b622a56983192975c5bff94374ed51322f13c76af633c3c96ceb198cdd,support_aware_subgroup_diagnostics,"{""dataset_sha256"":""b8deac0a615b97076622ae540f4cfd0d3c3f1e7acb83ba3ff6560470a9ccf60a""}","{""policy"":""no_salary_hike_no_attrition""}",support_gated_descriptive_oof_subgroup_diagnostics,not_applicable_or_resolved_by_source_contract,pointwise_paired_stratified_percentile_bootstrap_5000_draws,subgroup_proxy/fairness_disparity_uncertainty.csv,f67613b45f85dc20b9d6fc5a8d1da2a2dc0c1f560762d7465817b5b7b0d74006,fairness_disparity_uncertainty,20,c1300316fe5baec24e789c06aec35dd4f283fa4843b71c7aab1edbf4818f8e91,d483d8ddb93a47a99a2eab54fe3d138d8f614798dd418bca860ea3f20c813f51,b8deac0a615b97076622ae540f4cfd0d3c3f1e7acb83ba3ff6560470a9ccf60a,ordinal_multiclass_performance,no_salary_hike_no_attrition,BusinessTravelFrequency,,exploratory_operational_subgroup_diagnostic,,30,,policy_ablation_raw_uncalibrated_oof_probabilities,false_positive_rate,3.0,,,,10,,,support_aware_subgroup_disparity,0.1098576416868117,0.0324310272697369,0.2831307083991135,0.95,3.0,3.0,"[""Non-Travel"",""Travel_Frequently"",""Travel_Rarely""]",132.0,39.0,5000.0,5000.0,1.0,3528e4377f9907c2a7c1b51806abf09e0ec2d5513da630618b0a0cb9950a37d0,paired_stratified_sample_level_percentile,fixed_from_complete_oof_before_resampling,support_sufficient_but_interval_wide,False,pointwise_descriptive,none,200.0,Intervals condition on the observed employees and fixed fold/model-training protocol; they do not estimate model-training instability.,"Descriptive OOF subgroup audit only; gaps do not establish discrimination, fairness, or causality. Class-specific rows use their reported denominators. Intervals are pointwise; no multiplicity-adjusted or simultaneous inference.",1296,BusinessTravelFrequency | false_positive_rate | class 3.0
canonical_v2_20260714T221501Z_483f96f,51415c2ce68c89d9ce2b042b0a7a811fe3e98180b72460006f9d0465f6bf49b7,06c507bee525ea1daca43b61249764007d4d8baaa05c9333f23446ea723ce160,f1e358e99914563305428cece1b1595bc76a58643184407ec5b222162d650332,98ae57b622a56983192975c5bff94374ed51322f13c76af633c3c96ceb198cdd,support_aware_subgroup_diagnostics,"{""dataset_sha256"":""b8deac0a615b97076622ae540f4cfd0d3c3f1e7acb83ba3ff6560470a9ccf60a""}","{""policy"":""no_salary_hike_no_attrition""}",support_gated_descriptive_oof_subgroup_diagnostics,not_applicable_or_resolved_by_source_contract,pointwise_paired_stratified_percentile_bootstrap_5000_draws,subgroup_proxy/fairness_disparity_uncertainty.csv,f67613b45f85dc20b9d6fc5a8d1da2a2dc0c1f560762d7465817b5b7b0d74006,fairness_disparity_uncertainty,21,c1300316fe5baec24e789c06aec35dd4f283fa4843b71c7aab1edbf4818f8e91,d483d8ddb93a47a99a2eab54fe3d138d8f614798dd418bca860ea3f20c813f51,b8deac0a615b97076622ae540f4cfd0d3c3f1e7acb83ba3ff6560470a9ccf60a,ordinal_multiclass_performance,no_salary_hike_no_attrition,BusinessTravelFrequency,,exploratory_operational_subgroup_diagnostic,,30,,policy_ablation_raw_uncalibrated_oof_probabilities,false_positive_rate,4.0,,,,10,,,support_aware_subgroup_disparity,0.0526430755788553,0.0133281985023363,0.1290536479649382,0.95,3.0,3.0,"[""Non-Travel"",""Travel_Frequently"",""Travel_Rarely""]",132.0,114.0,5000.0,5000.0,1.0,3528e4377f9907c2a7c1b51806abf09e0ec2d5513da630618b0a0cb9950a37d0,paired_stratified_sample_level_percentile,fixed_from_complete_oof_before_resampling,support_sufficient_descriptive_estimate,True,pointwise_descriptive,none,200.0,Intervals condition on the observed employees and fixed fold/model-training protocol; they do not estimate model-training instability.,"Descriptive OOF subgroup audit only; gaps do not establish discrimination, fairness, or causality. Class-specific rows use their reported denominators. Intervals are pointwise; no multiplicity-adjusted or simultaneous inference.",1297,BusinessTravelFrequency | false_positive_rate | class 4.0
canonical_v2_20260714T221501Z_483f96f,51415c2ce68c89d9ce2b042b0a7a811fe3e98180b72460006f9d0465f6bf49b7,06c507bee525ea1daca43b61249764007d4d8baaa05c9333f23446ea723ce160,f1e358e99914563305428cece1b1595bc76a58643184407ec5b222162d650332,98ae57b622a56983192975c5bff94374ed51322f13c76af633c3c96ceb198cdd,support_aware_subgroup_diagnostics,"{""dataset_sha256"":""b8deac0a615b97076622ae540f4cfd0d3c3f1e7acb83ba3ff6560470a9ccf60a""}","{""policy"":""no_salary_hike_no_attrition""}",support_gated_descriptive_oof_subgroup_diagnostics,not_applicable_or_resolved_by_source_contract,pointwise_paired_stratified_percentile_bootstrap_5000_draws,subgroup_proxy/fairness_disparity_uncertainty.csv,f67613b45f85dc20b9d6fc5a8d1da2a2dc0c1f560762d7465817b5b7b0d74006,fairness_disparity_uncertainty,22,c1300316fe5baec24e789c06aec35dd4f283fa4843b71c7aab1edbf4818f8e91,d483d8ddb93a47a99a2eab54fe3d138d8f614798dd418bca860ea3f20c813f51,b8deac0a615b97076622ae540f4cfd0d3c3f1e7acb83ba3ff6560470a9ccf60a,ordinal_multiclass_performance,no_salary_hike_no_attrition,BusinessTravelFrequency,,exploratory_operational_subgroup_diagnostic,,30,,policy_ablation_raw_uncalibrated_oof_probabilities,macro_f1,,,,,30,,,support_aware_subgroup_disparity,0.0429442708497721,0.0124362422707363,0.124714962840179,0.95,3.0,3.0,"[""Non-Travel"",""Travel_Frequently"",""Travel_Rarely""]",132.0,132.0,5000.0,5000.0,1.0,3528e4377f9907c2a7c1b51806abf09e0ec2d5513da630618b0a0cb9950a37d0,paired_stratified_sample_level_percentile,fixed_from_complete_oof_before_resampling,support_sufficient_descriptive_estimate,True,pointwise_descriptive,none,200.0,Intervals condition on the observed employees and fixed fold/model-training protocol; they do not estimate model-training instability.,"Descriptive OOF subgroup audit only; gaps do not establish discrimination, fairness, or causality. Class-specific rows use their reported denominators. Intervals are pointwise; no multiplicity-adjusted or simultaneous inference.",1298,BusinessTravelFrequency | macro_f1
canonical_v2_20260714T221501Z_483f96f,51415c2ce68c89d9ce2b042b0a7a811fe3e98180b72460006f9d0465f6bf49b7,06c507bee525ea1daca43b61249764007d4d8baaa05c9333f23446ea723ce160,f1e358e99914563305428cece1b1595bc76a58643184407ec5b222162d650332,98ae57b622a56983192975c5bff94374ed51322f13c76af633c3c96ceb198cdd,support_aware_subgroup_diagnostics,"{""dataset_sha256"":""b8deac0a615b97076622ae540f4cfd0d3c3f1e7acb83ba3ff6560470a9ccf60a""}","{""policy"":""no_salary_hike_no_attrition""}",support_gated_descriptive_oof_subgroup_diagnostics,not_applicable_or_resolved_by_source_contract,pointwise_paired_stratified_percentile_bootstrap_5000_draws,subgroup_proxy/fairness_disparity_uncertainty.csv,f67613b45f85dc20b9d6fc5a8d1da2a2dc0c1f560762d7465817b5b7b0d74006,fairness_disparity_uncertainty,23,c1300316fe5baec24e789c06aec35dd4f283fa4843b71c7aab1edbf4818f8e91,d483d8ddb93a47a99a2eab54fe3d138d8f614798dd418bca860ea3f20c813f51,b8deac0a615b97076622ae540f4cfd0d3c3f1e7acb83ba3ff6560470a9ccf60a,ordinal_multiclass_performance,no_salary_hike_no_attrition,BusinessTravelFrequency,,exploratory_operational_subgroup_diagnostic,,30,,policy_ablation_raw_uncalibrated_oof_probabilities,mean_predicted_probability,2.0,,,,30,,,support_aware_subgroup_disparity,0.0020677675159537,0.0068899166133699,0.0869568739009179,0.95,3.0,3.0,"[""Non-Travel"",""Travel_Frequently"",""Travel_Rarely""]",132.0,132.0,5000.0,5000.0,1.0,3528e4377f9907c2a7c1b51806abf09e0ec2d5513da630618b0a0cb9950a37d0,paired_stratified_sample_level_percentile,fixed_from_complete_oof_before_resampling,support_sufficient_descriptive_estimate,True,pointwise_descriptive,none,200.0,Intervals condition on the observed employees and fixed fold/model-training protocol; they do not estimate model-training instability.,"Descriptive OOF subgroup audit only; gaps do not establish discrimination, fairness, or causality. Class-specific rows use their reported denominators. Intervals are pointwise; no multiplicity-adjusted or simultaneous inference.",1299,BusinessTravelFrequency | mean_predicted_probability | class 2.0
canonical_v2_20260714T221501Z_483f96f,51415c2ce68c89d9ce2b042b0a7a811fe3e98180b72460006f9d0465f6bf49b7,06c507bee525ea1daca43b61249764007d4d8baaa05c9333f23446ea723ce160,f1e358e99914563305428cece1b1595bc76a58643184407ec5b222162d650332,98ae57b622a56983192975c5bff94374ed51322f13c76af633c3c96ceb198cdd,support_aware_subgroup_diagnostics,"{""dataset_sha256"":""b8deac0a615b97076622ae540f4cfd0d3c3f1e7acb83ba3ff6560470a9ccf60a""}","{""policy"":""no_salary_hike_no_attrition""}",support_gated_descriptive_oof_subgroup_diagnostics,not_applicable_or_resolved_by_source_contract,pointwise_paired_stratified_percentile_bootstrap_5000_draws,subgroup_proxy/fairness_disparity_uncertainty.csv,f67613b45f85dc20b9d6fc5a8d1da2a2dc0c1f560762d7465817b5b7b0d74006,fairness_disparity_uncertainty,24,c1300316fe5baec24e789c06aec35dd4f283fa4843b71c7aab1edbf4818f8e91,d483d8ddb93a47a99a2eab54fe3d138d8f614798dd418bca860ea3f20c813f51,b8deac0a615b97076622ae540f4cfd0d3c3f1e7acb83ba3ff6560470a9ccf60a,ordinal_multiclass_performance,no_salary_hike_no_attrition,BusinessTravelFrequency,,exploratory_operational_subgroup_diagnostic,,30,,policy_ablation_raw_uncalibrated_oof_probabilities,mean_predicted_probability,3.0,,,,30,,,support_aware_subgroup_disparity,0.0270444077636509,0.0079799657073764,0.0868218160197929,0.95,3.0,3.0,"[""Non-Travel"",""Travel_Frequently"",""Travel_Rarely""]",132.0,132.0,5000.0,5000.0,1.0,3528e4377f9907c2a7c1b51806abf09e0ec2d5513da630618b0a0cb9950a37d0,paired_stratified_sample_level_percentile,fixed_from_complete_oof_before_resampling,support_sufficient_descriptive_estimate,True,pointwise_descriptive,none,200.0,Intervals condition on the observed employees and fixed fold/model-training protocol; they do not estimate model-training instability.,"Descriptive OOF subgroup audit only; gaps do not establish discrimination, fairness, or causality. Class-specific rows use their reported denominators. Intervals are pointwise; no multiplicity-adjusted or simultaneous inference.",1300,BusinessTravelFrequency | mean_predicted_probability | class 3.0
canonical_v2_20260714T221501Z_483f96f,51415c2ce68c89d9ce2b042b0a7a811fe3e98180b72460006f9d0465f6bf49b7,06c507bee525ea1daca43b61249764007d4d8baaa05c9333f23446ea723ce160,f1e358e99914563305428cece1b1595bc76a58643184407ec5b222162d650332,98ae57b622a56983192975c5bff94374ed51322f13c76af633c3c96ceb198cdd,support_aware_subgroup_diagnostics,"{""dataset_sha256"":""b8deac0a615b97076622ae540f4cfd0d3c3f1e7acb83ba3ff6560470a9ccf60a""}","{""policy"":""no_salary_hike_no_attrition""}",support_gated_descriptive_oof_subgroup_diagnostics,not_applicable_or_resolved_by_source_contract,pointwise_paired_stratified_percentile_bootstrap_5000_draws,subgroup_proxy/fairness_disparity_uncertainty.csv,f67613b45f85dc20b9d6fc5a8d1da2a2dc0c1f560762d7465817b5b7b0d74006,fairness_disparity_uncertainty,25,c1300316fe5baec24e789c06aec35dd4f283fa4843b71c7aab1edbf4818f8e91,d483d8ddb93a47a99a2eab54fe3d138d8f614798dd418bca860ea3f20c813f51,b8deac0a615b97076622ae540f4cfd0d3c3f1e7acb83ba3ff6560470a9ccf60a,ordinal_multiclass_performance,no_salary_hike_no_attrition,BusinessTravelFrequency,,exploratory_operational_subgroup_diagnostic,,30,,policy_ablation_raw_uncalibrated_oof_probabilities,mean_predicted_probability,4.0,,,,30,,,support_aware_subgroup_disparity,0.0275549682330259,0.0080320106185792,0.0678472686227686,0.95,3.0,3.0,"[""Non-Travel"",""Travel_Frequently"",""Travel_Rarely""]",132.0,132.0,5000.0,5000.0,1.0,3528e4377f9907c2a7c1b51806abf09e0ec2d5513da630618b0a0cb9950a37d0,paired_stratified_sample_level_percentile,fixed_from_complete_oof_before_resampling,support_sufficient_descriptive_estimate,True,pointwise_descriptive,none,200.0,Intervals condition on the observed employees and fixed fold/model-training protocol; they do not estimate model-training instability.,"Descriptive OOF subgroup audit only; gaps do not establish discrimination, fairness, or causality. Class-specific rows use their reported denominators. Intervals are pointwise; no multiplicity-adjusted or simultaneous inference.",1301,BusinessTravelFrequency | mean_predicted_probability | class 4.0
canonical_v2_20260714T221501Z_483f96f,51415c2ce68c89d9ce2b042b0a7a811fe3e98180b72460006f9d0465f6bf49b7,06c507bee525ea1daca43b61249764007d4d8baaa05c9333f23446ea723ce160,f1e358e99914563305428cece1b1595bc76a58643184407ec5b222162d650332,98ae57b622a56983192975c5bff94374ed51322f13c76af633c3c96ceb198cdd,support_aware_subgroup_diagnostics,"{""dataset_sha256"":""b8deac0a615b97076622ae540f4cfd0d3c3f1e7acb83ba3ff6560470a9ccf60a""}","{""policy"":""no_salary_hike_no_attrition""}",support_gated_descriptive_oof_subgroup_diagnostics,not_applicable_or_resolved_by_source_contract,pointwise_paired_stratified_percentile_bootstrap_5000_draws,subgroup_proxy/fairness_disparity_uncertainty.csv,f67613b45f85dc20b9d6fc5a8d1da2a2dc0c1f560762d7465817b5b7b0d74006,fairness_disparity_uncertainty,26,c1300316fe5baec24e789c06aec35dd4f283fa4843b71c7aab1edbf4818f8e91,d483d8ddb93a47a99a2eab54fe3d138d8f614798dd418bca860ea3f20c813f51,b8deac0a615b97076622ae540f4cfd0d3c3f1e7acb83ba3ff6560470a9ccf60a,ordinal_multiclass_performance,no_salary_hike_no_attrition,BusinessTravelFrequency,,exploratory_operational_subgroup_diagnostic,,30,,policy_ablation_raw_uncalibrated_oof_probabilities,positive_prediction_rate,2.0,,,,30,,,support_aware_subgroup_disparity,0.0106470106470106,0.0070606501061047,0.0977252702067669,0.95,3.0,3.0,"[""Non-Travel"",""Travel_Frequently"",""Travel_Rarely""]",132.0,132.0,5000.0,5000.0,1.0,3528e4377f9907c2a7c1b51806abf09e0ec2d5513da630618b0a0cb9950a37d0,paired_stratified_sample_level_percentile,fixed_from_complete_oof_before_resampling,support_sufficient_descriptive_estimate,True,pointwise_descriptive,none,200.0,Intervals condition on the observed employees and fixed fold/model-training protocol; they do not estimate model-training instability.,"Descriptive OOF subgroup audit only; gaps do not establish discrimination, fairness, or causality. Class-specific rows use their reported denominators. Intervals are pointwise; no multiplicity-adjusted or simultaneous inference.",1302,BusinessTravelFrequency | positive_prediction_rate | class 2.0
canonical_v2_20260714T221501Z_483f96f,51415c2ce68c89d9ce2b042b0a7a811fe3e98180b72460006f9d0465f6bf49b7,06c507bee525ea1daca43b61249764007d4d8baaa05c9333f23446ea723ce160,f1e358e99914563305428cece1b1595bc76a58643184407ec5b222162d650332,98ae57b622a56983192975c5bff94374ed51322f13c76af633c3c96ceb198cdd,support_aware_subgroup_diagnostics,"{""dataset_sha256"":""b8deac0a615b97076622ae540f4cfd0d3c3f1e7acb83ba3ff6560470a9ccf60a""}","{""policy"":""no_salary_hike_no_attrition""}",support_gated_descriptive_oof_subgroup_diagnostics,not_applicable_or_resolved_by_source_contract,pointwise_paired_stratified_percentile_bootstrap_5000_draws,subgroup_proxy/fairness_disparity_uncertainty.csv,f67613b45f85dc20b9d6fc5a8d1da2a2dc0c1f560762d7465817b5b7b0d74006,fairness_disparity_uncertainty,27,c1300316fe5baec24e789c06aec35dd4f283fa4843b71c7aab1edbf4818f8e91,d483d8ddb93a47a99a2eab54fe3d138d8f614798dd418bca860ea3f20c813f51,b8deac0a615b97076622ae540f4cfd0d3c3f1e7acb83ba3ff6560470a9ccf60a,ordinal_multiclass_performance,no_salary_hike_no_attrition,BusinessTravelFrequency,,exploratory_operational_subgroup_diagnostic,,30,,policy_ablation_raw_uncalibrated_oof_probabilities,positive_prediction_rate,3.0,,,,30,,,support_aware_subgroup_disparity,0.0511875511875512,0.0120854625673675,0.1534175554593745,0.95,3.0,3.0,"[""Non-Travel"",""Travel_Frequently"",""Travel_Rarely""]",132.0,132.0,5000.0,5000.0,1.0,3528e4377f9907c2a7c1b51806abf09e0ec2d5513da630618b0a0cb9950a37d0,paired_stratified_sample_level_percentile,fixed_from_complete_oof_before_resampling,support_sufficient_descriptive_estimate,True,pointwise_descriptive,none,200.0,Intervals condition on the observed employees and fixed fold/model-training protocol; they do not estimate model-training instability.,"Descriptive OOF subgroup audit only; gaps do not establish discrimination, fairness, or causality. Class-specific rows use their reported denominators. Intervals are pointwise; no multiplicity-adjusted or simultaneous inference.",1303,BusinessTravelFrequency | positive_prediction_rate | class 3.0
canonical_v2_20260714T221501Z_483f96f,51415c2ce68c89d9ce2b042b0a7a811fe3e98180b72460006f9d0465f6bf49b7,06c507bee525ea1daca43b61249764007d4d8baaa05c9333f23446ea723ce160,f1e358e99914563305428cece1b1595bc76a58643184407ec5b222162d650332,98ae57b622a56983192975c5bff94374ed51322f13c76af633c3c96ceb198cdd,support_aware_subgroup_diagnostics,"{""dataset_sha256"":""b8deac0a615b97076622ae540f4cfd0d3c3f1e7acb83ba3ff6560470a9ccf60a""}","{""policy"":""no_salary_hike_no_attrition""}",support_gated_descriptive_oof_subgroup_diagnostics,not_applicable_or_resolved_by_source_contract,pointwise_paired_stratified_percentile_bootstrap_5000_draws,subgroup_proxy/fairness_disparity_uncertainty.csv,f67613b45f85dc20b9d6fc5a8d1da2a2dc0c1f560762d7465817b5b7b0d74006,fairness_disparity_uncertainty,28,c1300316fe5baec24e789c06aec35dd4f283fa4843b71c7aab1edbf4818f8e91,d483d8ddb93a47a99a2eab54fe3d138d8f614798dd418bca860ea3f20c813f51,b8deac0a615b97076622ae540f4cfd0d3c3f1e7acb83ba3ff6560470a9ccf60a,ordinal_multiclass_performance,no_salary_hike_no_attrition,BusinessTravelFrequency,,exploratory_operational_subgroup_diagnostic,,30,,policy_ablation_raw_uncalibrated_oof_probabilities,positive_prediction_rate,4.0,,,,30,,,support_aware_subgroup_disparity,0.0437352245862884,0.0094582791859747,0.1210126892582388,0.95,3.0,3.0,"[""Non-Travel"",""Travel_Frequently"",""Travel_Rarely""]",132.0,132.0,5000.0,5000.0,1.0,3528e4377f9907c2a7c1b51806abf09e0ec2d5513da630618b0a0cb9950a37d0,paired_stratified_sample_level_percentile,fixed_from_complete_oof_before_resampling,support_sufficient_descriptive_estimate,True,pointwise_descriptive,none,200.0,Intervals condition on the observed employees and fixed fold/model-training protocol; they do not estimate model-training instability.,"Descriptive OOF subgroup audit only; gaps do not establish discrimination, fairness, or causality. Class-specific rows use their reported denominators. Intervals are pointwise; no multiplicity-adjusted or simultaneous inference.",1304,BusinessTravelFrequency | positive_prediction_rate | class 4.0
canonical_v2_20260714T221501Z_483f96f,51415c2ce68c89d9ce2b042b0a7a811fe3e98180b72460006f9d0465f6bf49b7,06c507bee525ea1daca43b61249764007d4d8baaa05c9333f23446ea723ce160,f1e358e99914563305428cece1b1595bc76a58643184407ec5b222162d650332,98ae57b622a56983192975c5bff94374ed51322f13c76af633c3c96ceb198cdd,support_aware_subgroup_diagnostics,"{""dataset_sha256"":""b8deac0a615b97076622ae540f4cfd0d3c3f1e7acb83ba3ff6560470a9ccf60a""}","{""policy"":""no_salary_hike_no_attrition""}",support_gated_descriptive_oof_subgroup_diagnostics,not_applicable_or_resolved_by_source_contract,pointwise_paired_stratified_percentile_bootstrap_5000_draws,subgroup_proxy/fairness_disparity_uncertainty.csv,f67613b45f85dc20b9d6fc5a8d1da2a2dc0c1f560762d7465817b5b7b0d74006,fairness_disparity_uncertainty,29,c1300316fe5baec24e789c06aec35dd4f283fa4843b71c7aab1edbf4818f8e91,d483d8ddb93a47a99a2eab54fe3d138d8f614798dd418bca860ea3f20c813f51,b8deac0a615b97076622ae540f4cfd0d3c3f1e7acb83ba3ff6560470a9ccf60a,ordinal_multiclass_performance,no_salary_hike_no_attrition,BusinessTravelFrequency,,exploratory_operational_subgroup_diagnostic,,30,,policy_ablation_raw_uncalibrated_oof_probabilities,precision,2.0,,,,10,,,support_aware_subgroup_disparity,0.0683333333333333,0.0232975773972503,0.2237823342503144,0.95,3.0,3.0,"[""Non-Travel"",""Travel_Frequently"",""Travel_Rarely""]",132.0,24.0,5000.0,5000.0,1.0,3528e4377f9907c2a7c1b51806abf09e0ec2d5513da630618b0a0cb9950a37d0,paired_stratified_sample_level_percentile,fixed_from_complete_oof_before_resampling,support_sufficient_descriptive_estimate,True,pointwise_descriptive,none,200.0,Intervals condition on the observed employees and fixed fold/model-training protocol; they do not estimate model-training instability.,"Descriptive OOF subgroup audit only; gaps do not establish discrimination, fairness, or causality. Class-specific rows use their reported denominators. Intervals are pointwise; no multiplicity-adjusted or simultaneous inference.",1305,BusinessTravelFrequency | precision | class 2.0
canonical_v2_20260714T221501Z_483f96f,51415c2ce68c89d9ce2b042b0a7a811fe3e98180b72460006f9d0465f6bf49b7,06c507bee525ea1daca43b61249764007d4d8baaa05c9333f23446ea723ce160,f1e358e99914563305428cece1b1595bc76a58643184407ec5b222162d650332,98ae57b622a56983192975c5bff94374ed51322f13c76af633c3c96ceb198cdd,support_aware_subgroup_diagnostics,"{""dataset_sha256"":""b8deac0a615b97076622ae540f4cfd0d3c3f1e7acb83ba3ff6560470a9ccf60a""}","{""policy"":""no_salary_hike_no_attrition""}",support_gated_descriptive_oof_subgroup_diagnostics,not_applicable_or_resolved_by_source_contract,pointwise_paired_stratified_percentile_bootstrap_5000_draws,subgroup_proxy/fairness_disparity_uncertainty.csv,f67613b45f85dc20b9d6fc5a8d1da2a2dc0c1f560762d7465817b5b7b0d74006,fairness_disparity_uncertainty,30,c1300316fe5baec24e789c06aec35dd4f283fa4843b71c7aab1edbf4818f8e91,d483d8ddb93a47a99a2eab54fe3d138d8f614798dd418bca860ea3f20c813f51,b8deac0a615b97076622ae540f4cfd0d3c3f1e7acb83ba3ff6560470a9ccf60a,ordinal_multiclass_performance,no_salary_hike_no_attrition,BusinessTravelFrequency,,exploratory_operational_subgroup_diagnostic,,30,,policy_ablation_raw_uncalibrated_oof_probabilities,precision,3.0,,,,10,,,support_aware_subgroup_disparity,0.0716822591822592,0.0267886887127409,0.14882773679748,0.95,3.0,3.0,"[""Non-Travel"",""Travel_Frequently"",""Travel_Rarely""]",132.0,86.0,5000.0,5000.0,1.0,3528e4377f9907c2a7c1b51806abf09e0ec2d5513da630618b0a0cb9950a37d0,paired_stratified_sample_level_percentile,fixed_from_complete_oof_before_resampling,support_sufficient_descriptive_estimate,True,pointwise_descriptive,none,200.0,Intervals condition on the observed employees and fixed fold/model-training protocol; they do not estimate model-training instability.,"Descriptive OOF subgroup audit only; gaps do not establish discrimination, fairness, or causality. Class-specific rows use their reported denominators. Intervals are pointwise; no multiplicity-adjusted or simultaneous inference.",1306,BusinessTravelFrequency | precision | class 3.0
canonical_v2_20260714T221501Z_483f96f,51415c2ce68c89d9ce2b042b0a7a811fe3e98180b72460006f9d0465f6bf49b7,06c507bee525ea1daca43b61249764007d4d8baaa05c9333f23446ea723ce160,f1e358e99914563305428cece1b1595bc76a58643184407ec5b222162d650332,98ae57b622a56983192975c5bff94374ed51322f13c76af633c3c96ceb198cdd,support_aware_subgroup_diagnostics,"{""dataset_sha256"":""b8deac0a615b97076622ae540f4cfd0d3c3f1e7acb83ba3ff6560470a9ccf60a""}","{""policy"":""no_salary_hike_no_attrition""}",support_gated_descriptive_oof_subgroup_diagnostics,not_applicable_or_resolved_by_source_contract,pointwise_paired_stratified_percentile_bootstrap_5000_draws,subgroup_proxy/fairness_disparity_uncertainty.csv,f67613b45f85dc20b9d6fc5a8d1da2a2dc0c1f560762d7465817b5b7b0d74006,fairness_disparity_uncertainty,31,c1300316fe5baec24e789c06aec35dd4f283fa4843b71c7aab1edbf4818f8e91,d483d8ddb93a47a99a2eab54fe3d138d8f614798dd418bca860ea3f20c813f51,b8deac0a615b97076622ae540f4cfd0d3c3f1e7acb83ba3ff6560470a9ccf60a,ordinal_multiclass_performance,no_salary_hike_no_attrition,BusinessTravelFrequency,,exploratory_operational_subgroup_diagnostic,,30,,policy_ablation_raw_uncalibrated_oof_probabilities,precision,4.0,,,,10,,,support_aware_subgroup_disparity,0.092032967032967,0.0283118227674679,0.2544752275910362,0.95,3.0,3.0,"[""Non-Travel"",""Travel_Frequently"",""Travel_Rarely""]",132.0,22.0,5000.0,5000.0,1.0,3528e4377f9907c2a7c1b51806abf09e0ec2d5513da630618b0a0cb9950a37d0,paired_stratified_sample_level_percentile,fixed_from_complete_oof_before_resampling,support_sufficient_descriptive_estimate,True,pointwise_descriptive,none,200.0,Intervals condition on the observed employees and fixed fold/model-training protocol; they do not estimate model-training instability.,"Descriptive OOF subgroup audit only; gaps do not establish discrimination, fairness, or causality. Class-specific rows use their reported denominators. Intervals are pointwise; no multiplicity-adjusted or simultaneous inference.",1307,BusinessTravelFrequency | precision | class 4.0
canonical_v2_20260714T221501Z_483f96f,51415c2ce68c89d9ce2b042b0a7a811fe3e98180b72460006f9d0465f6bf49b7,06c507bee525ea1daca43b61249764007d4d8baaa05c9333f23446ea723ce160,f1e358e99914563305428cece1b1595bc76a58643184407ec5b222162d650332,98ae57b622a56983192975c5bff94374ed51322f13c76af633c3c96ceb198cdd,support_aware_subgroup_diagnostics,"{""dataset_sha256"":""b8deac0a615b97076622ae540f4cfd0d3c3f1e7acb83ba3ff6560470a9ccf60a""}","{""policy"":""no_salary_hike_no_attrition""}",support_gated_descriptive_oof_subgroup_diagnostics,not_applicable_or_resolved_by_source_contract,pointwise_paired_stratified_percentile_bootstrap_5000_draws,subgroup_proxy/fairness_disparity_uncertainty.csv,f67613b45f85dc20b9d6fc5a8d1da2a2dc0c1f560762d7465817b5b7b0d74006,fairness_disparity_uncertainty,32,c1300316fe5baec24e789c06aec35dd4f283fa4843b71c7aab1edbf4818f8e91,d483d8ddb93a47a99a2eab54fe3d138d8f614798dd418bca860ea3f20c813f51,b8deac0a615b97076622ae540f4cfd0d3c3f1e7acb83ba3ff6560470a9ccf60a,ordinal_multiclass_performance,no_salary_hike_no_attrition,BusinessTravelFrequency,,exploratory_operational_subgroup_diagnostic,,30,,policy_ablation_raw_uncalibrated_oof_probabilities,true_positive_rate,2.0,,,,10,,,support_aware_subgroup_disparity,0.1102941176470588,0.0769230769230768,0.2143339768339761,0.95,3.0,3.0,"[""Non-Travel"",""Travel_Frequently"",""Travel_Rarely""]",132.0,21.0,5000.0,5000.0,1.0,3528e4377f9907c2a7c1b51806abf09e0ec2d5513da630618b0a0cb9950a37d0,paired_stratified_sample_level_percentile,fixed_from_complete_oof_before_resampling,support_sufficient_descriptive_estimate,True,pointwise_descriptive,none,200.0,Intervals condition on the observed employees and fixed fold/model-training protocol; they do not estimate model-training instability.,"Descriptive OOF subgroup audit only; gaps do not establish discrimination, fairness, or causality. Class-specific rows use their reported denominators. Intervals are pointwise; no multiplicity-adjusted or simultaneous inference.",1308,BusinessTravelFrequency | true_positive_rate | class 2.0
canonical_v2_20260714T221501Z_483f96f,51415c2ce68c89d9ce2b042b0a7a811fe3e98180b72460006f9d0465f6bf49b7,06c507bee525ea1daca43b61249764007d4d8baaa05c9333f23446ea723ce160,f1e358e99914563305428cece1b1595bc76a58643184407ec5b222162d650332,98ae57b622a56983192975c5bff94374ed51322f13c76af633c3c96ceb198cdd,support_aware_subgroup_diagnostics,"{""dataset_sha256"":""b8deac0a615b97076622ae540f4cfd0d3c3f1e7acb83ba3ff6560470a9ccf60a""}","{""policy"":""no_salary_hike_no_attrition""}",support_gated_descriptive_oof_subgroup_diagnostics,not_applicable_or_resolved_by_source_contract,pointwise_paired_stratified_percentile_bootstrap_5000_draws,subgroup_proxy/fairness_disparity_uncertainty.csv,f67613b45f85dc20b9d6fc5a8d1da2a2dc0c1f560762d7465817b5b7b0d74006,fairness_disparity_uncertainty,33,c1300316fe5baec24e789c06aec35dd4f283fa4843b71c7aab1edbf4818f8e91,d483d8ddb93a47a99a2eab54fe3d138d8f614798dd418bca860ea3f20c813f51,b8deac0a615b97076622ae540f4cfd0d3c3f1e7acb83ba3ff6560470a9ccf60a,ordinal_multiclass_performance,no_salary_hike_no_attrition,BusinessTravelFrequency,,exploratory_operational_subgroup_diagnostic,,30,,policy_ablation_raw_uncalibrated_oof_probabilities,true_positive_rate,3.0,,,,10,,,support_aware_subgroup_disparity,0.0547409579667644,0.0130030686970257,0.155377534255856,0.95,3.0,3.0,"[""Non-Travel"",""Travel_Frequently"",""Travel_Rarely""]",132.0,93.0,5000.0,5000.0,1.0,3528e4377f9907c2a7c1b51806abf09e0ec2d5513da630618b0a0cb9950a37d0,paired_stratified_sample_level_percentile,fixed_from_complete_oof_before_resampling,support_sufficient_descriptive_estimate,True,pointwise_descriptive,none,200.0,Intervals condition on the observed employees and fixed fold/model-training protocol; they do not estimate model-training instability.,"Descriptive OOF subgroup audit only; gaps do not establish discrimination, fairness, or causality. Class-specific rows use their reported denominators. Intervals are pointwise; no multiplicity-adjusted or simultaneous inference.",1309,BusinessTravelFrequency | true_positive_rate | class 3.0
canonical_v2_20260714T221501Z_483f96f,51415c2ce68c89d9ce2b042b0a7a811fe3e98180b72460006f9d0465f6bf49b7,06c507bee525ea1daca43b61249764007d4d8baaa05c9333f23446ea723ce160,f1e358e99914563305428cece1b1595bc76a58643184407ec5b222162d650332,98ae57b622a56983192975c5bff94374ed51322f13c76af633c3c96ceb198cdd,support_aware_subgroup_diagnostics,"{""dataset_sha256"":""b8deac0a615b97076622ae540f4cfd0d3c3f1e7acb83ba3ff6560470a9ccf60a""}","{""policy"":""no_salary_hike_no_attrition""}",support_gated_descriptive_oof_subgroup_diagnostics,not_applicable_or_resolved_by_source_contract,pointwise_paired_stratified_percentile_bootstrap_5000_draws,subgroup_proxy/fairness_disparity_uncertainty.csv,f67613b45f85dc20b9d6fc5a8d1da2a2dc0c1f560762d7465817b5b7b0d74006,fairness_disparity_uncertainty,34,c1300316fe5baec24e789c06aec35dd4f283fa4843b71c7aab1edbf4818f8e91,d483d8ddb93a47a99a2eab54fe3d138d8f614798dd418bca860ea3f20c813f51,b8deac0a615b97076622ae540f4cfd0d3c3f1e7acb83ba3ff6560470a9ccf60a,ordinal_multiclass_performance,no_salary_hike_no_attrition,BusinessTravelFrequency,,exploratory_operational_subgroup_diagnostic,,30,,policy_ablation_raw_uncalibrated_oof_probabilities,true_positive_rate,4.0,,,,10,,,support_aware_subgroup_disparity,0.1403031480761756,0.055640456287008,0.3125,0.95,3.0,3.0,"[""Non-Travel"",""Travel_Frequently"",""Travel_Rarely""]",132.0,18.0,5000.0,5000.0,1.0,3528e4377f9907c2a7c1b51806abf09e0ec2d5513da630618b0a0cb9950a37d0,paired_stratified_sample_level_percentile,fixed_from_complete_oof_before_resampling,support_sufficient_but_interval_wide,False,pointwise_descriptive,none,200.0,Intervals condition on the observed employees and fixed fold/model-training protocol; they do not estimate model-training instability.,"Descriptive OOF subgroup audit only; gaps do not establish discrimination, fairness, or causality. Class-specific rows use their reported denominators. Intervals are pointwise; no multiplicity-adjusted or simultaneous inference.",1310,BusinessTravelFrequency | true_positive_rate | class 4.0
canonical_v2_20260714T221501Z_483f96f,51415c2ce68c89d9ce2b042b0a7a811fe3e98180b72460006f9d0465f6bf49b7,06c507bee525ea1daca43b61249764007d4d8baaa05c9333f23446ea723ce160,f1e358e99914563305428cece1b1595bc76a58643184407ec5b222162d650332,98ae57b622a56983192975c5bff94374ed51322f13c76af633c3c96ceb198cdd,support_aware_subgroup_diagnostics,"{""dataset_sha256"":""b8deac0a615b97076622ae540f4cfd0d3c3f1e7acb83ba3ff6560470a9ccf60a""}","{""policy"":""no_salary_hike_no_attrition""}",support_gated_descriptive_oof_subgroup_diagnostics,not_applicable_or_resolved_by_source_contract,pointwise_paired_stratified_percentile_bootstrap_5000_draws,subgroup_proxy/fairness_disparity_uncertainty.csv,f67613b45f85dc20b9d6fc5a8d1da2a2dc0c1f560762d7465817b5b7b0d74006,fairness_disparity_uncertainty,35,c1300316fe5baec24e789c06aec35dd4f283fa4843b71c7aab1edbf4818f8e91,d483d8ddb93a47a99a2eab54fe3d138d8f614798dd418bca860ea3f20c813f51,b8deac0a615b97076622ae540f4cfd0d3c3f1e7acb83ba3ff6560470a9ccf60a,ordinal_multiclass_performance,no_salary_hike_no_attrition,EducationBackground,,exploratory_operational_subgroup_diagnostic,,30,,policy_ablation_raw_uncalibrated_oof_probabilities,accuracy,,,,,30,,,support_aware_subgroup_disparity,0.093030303030303,0.0532007920582024,0.2307754511406196,0.95,6.0,5.0,"[""Life Sciences"",""Marketing"",""Medical"",""Other"",""Technical Degree""]",66.0,66.0,5000.0,5000.0,1.0,3528e4377f9907c2a7c1b51806abf09e0ec2d5513da630618b0a0cb9950a37d0,paired_stratified_sample_level_percentile,fixed_from_complete_oof_before_resampling,support_sufficient_descriptive_estimate,True,pointwise_descriptive,none,200.0,Intervals condition on the observed employees and fixed fold/model-training protocol; they do not estimate model-training instability.,"Descriptive OOF subgroup audit only; gaps do not establish discrimination, fairness, or causality. Class-specific rows use their reported denominators. Intervals are pointwise; no multiplicity-adjusted or simultaneous inference.",1311,EducationBackground | accuracy
canonical_v2_20260714T221501Z_483f96f,51415c2ce68c89d9ce2b042b0a7a811fe3e98180b72460006f9d0465f6bf49b7,06c507bee525ea1daca43b61249764007d4d8baaa05c9333f23446ea723ce160,f1e358e99914563305428cece1b1595bc76a58643184407ec5b222162d650332,98ae57b622a56983192975c5bff94374ed51322f13c76af633c3c96ceb198cdd,support_aware_subgroup_diagnostics,"{""dataset_sha256"":""b8deac0a615b97076622ae540f4cfd0d3c3f1e7acb83ba3ff6560470a9ccf60a""}","{""policy"":""no_salary_hike_no_attrition""}",support_gated_descriptive_oof_subgroup_diagnostics,not_applicable_or_resolved_by_source_contract,pointwise_paired_stratified_percentile_bootstrap_5000_draws,subgroup_proxy/fairness_disparity_uncertainty.csv,f67613b45f85dc20b9d6fc5a8d1da2a2dc0c1f560762d7465817b5b7b0d74006,fairness_disparity_uncertainty,36,c1300316fe5baec24e789c06aec35dd4f283fa4843b71c7aab1edbf4818f8e91,d483d8ddb93a47a99a2eab54fe3d138d8f614798dd418bca860ea3f20c813f51,b8deac0a615b97076622ae540f4cfd0d3c3f1e7acb83ba3ff6560470a9ccf60a,ordinal_multiclass_performance,no_salary_hike_no_attrition,EducationBackground,,exploratory_operational_subgroup_diagnostic,,30,,policy_ablation_raw_uncalibrated_oof_probabilities,false_positive_rate,2.0,,,,10,,,support_aware_subgroup_disparity,0.0489417989417989,0.0238635046901658,0.1091427119628336,0.95,6.0,5.0,"[""Life Sciences"",""Marketing"",""Medical"",""Other"",""Technical Degree""]",66.0,63.0,5000.0,5000.0,1.0,3528e4377f9907c2a7c1b51806abf09e0ec2d5513da630618b0a0cb9950a37d0,paired_stratified_sample_level_percentile,fixed_from_complete_oof_before_resampling,support_sufficient_descriptive_estimate,True,pointwise_descriptive,none,200.0,Intervals condition on the observed employees and fixed fold/model-training protocol; they do not estimate model-training instability.,"Descriptive OOF subgroup audit only; gaps do not establish discrimination, fairness, or causality. Class-specific rows use their reported denominators. Intervals are pointwise; no multiplicity-adjusted or simultaneous inference.",1312,EducationBackground | false_positive_rate | class 2.0
canonical_v2_20260714T221501Z_483f96f,51415c2ce68c89d9ce2b042b0a7a811fe3e98180b72460006f9d0465f6bf49b7,06c507bee525ea1daca43b61249764007d4d8baaa05c9333f23446ea723ce160,f1e358e99914563305428cece1b1595bc76a58643184407ec5b222162d650332,98ae57b622a56983192975c5bff94374ed51322f13c76af633c3c96ceb198cdd,support_aware_subgroup_diagnostics,"{""dataset_sha256"":""b8deac0a615b97076622ae540f4cfd0d3c3f1e7acb83ba3ff6560470a9ccf60a""}","{""policy"":""no_salary_hike_no_attrition""}",support_gated_descriptive_oof_subgroup_diagnostics,not_applicable_or_resolved_by_source_contract,pointwise_paired_stratified_percentile_bootstrap_5000_draws,subgroup_proxy/fairness_disparity_uncertainty.csv,f67613b45f85dc20b9d6fc5a8d1da2a2dc0c1f560762d7465817b5b7b0d74006,fairness_disparity_uncertainty,37,c1300316fe5baec24e789c06aec35dd4f283fa4843b71c7aab1edbf4818f8e91,d483d8ddb93a47a99a2eab54fe3d138d8f614798dd418bca860ea3f20c813f51,b8deac0a615b97076622ae540f4cfd0d3c3f1e7acb83ba3ff6560470a9ccf60a,ordinal_multiclass_performance,no_salary_hike_no_attrition,EducationBackground,,exploratory_operational_subgroup_diagnostic,,30,,policy_ablation_raw_uncalibrated_oof_probabilities,false_positive_rate,3.0,,,,10,,,support_aware_subgroup_disparity,0.3209302325581395,0.1209264420349928,0.6742468287526427,0.95,6.0,5.0,"[""Life Sciences"",""Marketing"",""Medical"",""Other"",""Technical Degree""]",66.0,10.0,5000.0,5000.0,1.0,3528e4377f9907c2a7c1b51806abf09e0ec2d5513da630618b0a0cb9950a37d0,paired_stratified_sample_level_percentile,fixed_from_complete_oof_before_resampling,support_sufficient_but_interval_wide,False,pointwise_descriptive,none,200.0,Intervals condition on the observed employees and fixed fold/model-training protocol; they do not estimate model-training instability.,"Descriptive OOF subgroup audit only; gaps do not establish discrimination, fairness, or causality. Class-specific rows use their reported denominators. Intervals are pointwise; no multiplicity-adjusted or simultaneous inference.",1313,EducationBackground | false_positive_rate | class 3.0
canonical_v2_20260714T221501Z_483f96f,51415c2ce68c89d9ce2b042b0a7a811fe3e98180b72460006f9d0465f6bf49b7,06c507bee525ea1daca43b61249764007d4d8baaa05c9333f23446ea723ce160,f1e358e99914563305428cece1b1595bc76a58643184407ec5b222162d650332,98ae57b622a56983192975c5bff94374ed51322f13c76af633c3c96ceb198cdd,support_aware_subgroup_diagnostics,"{""dataset_sha256"":""b8deac0a615b97076622ae540f4cfd0d3c3f1e7acb83ba3ff6560470a9ccf60a""}","{""policy"":""no_salary_hike_no_attrition""}",support_gated_descriptive_oof_subgroup_diagnostics,not_applicable_or_resolved_by_source_contract,pointwise_paired_stratified_percentile_bootstrap_5000_draws,subgroup_proxy/fairness_disparity_uncertainty.csv,f67613b45f85dc20b9d6fc5a8d1da2a2dc0c1f560762d7465817b5b7b0d74006,fairness_disparity_uncertainty,38,c1300316fe5baec24e789c06aec35dd4f283fa4843b71c7aab1edbf4818f8e91,d483d8ddb93a47a99a2eab54fe3d138d8f614798dd418bca860ea3f20c813f51,b8deac0a615b97076622ae540f4cfd0d3c3f1e7acb83ba3ff6560470a9ccf60a,ordinal_multiclass_performance,no_salary_hike_no_attrition,EducationBackground,,exploratory_operational_subgroup_diagnostic,,30,,policy_ablation_raw_uncalibrated_oof_probabilities,false_positive_rate,4.0,,,,10,,,support_aware_subgroup_disparity,0.0745565410199556,0.0454922309833024,0.1708222490026938,0.95,6.0,5.0,"[""Life Sciences"",""Marketing"",""Medical"",""Other"",""Technical Degree""]",66.0,59.0,5000.0,5000.0,1.0,3528e4377f9907c2a7c1b51806abf09e0ec2d5513da630618b0a0cb9950a37d0,paired_stratified_sample_level_percentile,fixed_from_complete_oof_before_resampling,support_sufficient_descriptive_estimate,True,pointwise_descriptive,none,200.0,Intervals condition on the observed employees and fixed fold/model-training protocol; they do not estimate model-training instability.,"Descriptive OOF subgroup audit only; gaps do not establish discrimination, fairness, or causality. Class-specific rows use their reported denominators. Intervals are pointwise; no multiplicity-adjusted or simultaneous inference.",1314,EducationBackground | false_positive_rate | class 4.0
canonical_v2_20260714T221501Z_483f96f,51415c2ce68c89d9ce2b042b0a7a811fe3e98180b72460006f9d0465f6bf49b7,06c507bee525ea1daca43b61249764007d4d8baaa05c9333f23446ea723ce160,f1e358e99914563305428cece1b1595bc76a58643184407ec5b222162d650332,98ae57b622a56983192975c5bff94374ed51322f13c76af633c3c96ceb198cdd,support_aware_subgroup_diagnostics,"{""dataset_sha256"":""b8deac0a615b97076622ae540f4cfd0d3c3f1e7acb83ba3ff6560470a9ccf60a""}","{""policy"":""no_salary_hike_no_attrition""}",support_gated_descriptive_oof_subgroup_diagnostics,not_applicable_or_resolved_by_source_contract,pointwise_paired_stratified_percentile_bootstrap_5000_draws,subgroup_proxy/fairness_disparity_uncertainty.csv,f67613b45f85dc20b9d6fc5a8d1da2a2dc0c1f560762d7465817b5b7b0d74006,fairness_disparity_uncertainty,39,c1300316fe5baec24e789c06aec35dd4f283fa4843b71c7aab1edbf4818f8e91,d483d8ddb93a47a99a2eab54fe3d138d8f614798dd418bca860ea3f20c813f51,b8deac0a615b97076622ae540f4cfd0d3c3f1e7acb83ba3ff6560470a9ccf60a,ordinal_multiclass_performance,no_salary_hike_no_attrition,EducationBackground,,exploratory_operational_subgroup_diagnostic,,30,,policy_ablation_raw_uncalibrated_oof_probabilities,macro_f1,,,,,30,,,support_aware_subgroup_disparity,0.0453258160120906,0.0367779174872779,0.3240680176821821,0.95,6.0,5.0,"[""Life Sciences"",""Marketing"",""Medical"",""Other"",""Technical Degree""]",66.0,66.0,5000.0,5000.0,1.0,3528e4377f9907c2a7c1b51806abf09e0ec2d5513da630618b0a0cb9950a37d0,paired_stratified_sample_level_percentile,fixed_from_complete_oof_before_resampling,support_sufficient_but_interval_wide,False,pointwise_descriptive,none,200.0,Intervals condition on the observed employees and fixed fold/model-training protocol; they do not estimate model-training instability.,"Descriptive OOF subgroup audit only; gaps do not establish discrimination, fairness, or causality. Class-specific rows use their reported denominators. Intervals are pointwise; no multiplicity-adjusted or simultaneous inference.",1315,EducationBackground | macro_f1
canonical_v2_20260714T221501Z_483f96f,51415c2ce68c89d9ce2b042b0a7a811fe3e98180b72460006f9d0465f6bf49b7,06c507bee525ea1daca43b61249764007d4d8baaa05c9333f23446ea723ce160,f1e358e99914563305428cece1b1595bc76a58643184407ec5b222162d650332,98ae57b622a56983192975c5bff94374ed51322f13c76af633c3c96ceb198cdd,support_aware_subgroup_diagnostics,"{""dataset_sha256"":""b8deac0a615b97076622ae540f4cfd0d3c3f1e7acb83ba3ff6560470a9ccf60a""}","{""policy"":""no_salary_hike_no_attrition""}",support_gated_descriptive_oof_subgroup_diagnostics,not_applicable_or_resolved_by_source_contract,pointwise_paired_stratified_percentile_bootstrap_5000_draws,subgroup_proxy/fairness_disparity_uncertainty.csv,f67613b45f85dc20b9d6fc5a8d1da2a2dc0c1f560762d7465817b5b7b0d74006,fairness_disparity_uncertainty,40,c1300316fe5baec24e789c06aec35dd4f283fa4843b71c7aab1edbf4818f8e91,d483d8ddb93a47a99a2eab54fe3d138d8f614798dd418bca860ea3f20c813f51,b8deac0a615b97076622ae540f4cfd0d3c3f1e7acb83ba3ff6560470a9ccf60a,ordinal_multiclass_performance,no_salary_hike_no_attrition,EducationBackground,,exploratory_operational_subgroup_diagnostic,,30,,policy_ablation_raw_uncalibrated_oof_probabilities,mean_predicted_probability,2.0,,,,30,,,support_aware_subgroup_disparity,0.1753145015110824,0.1002915636866799,0.2603064088072634,0.95,6.0,5.0,"[""Life Sciences"",""Marketing"",""Medical"",""Other"",""Technical Degree""]",66.0,66.0,5000.0,5000.0,1.0,3528e4377f9907c2a7c1b51806abf09e0ec2d5513da630618b0a0cb9950a37d0,paired_stratified_sample_level_percentile,fixed_from_complete_oof_before_resampling,support_sufficient_descriptive_estimate,True,pointwise_descriptive,none,200.0,Intervals condition on the observed employees and fixed fold/model-training protocol; they do not estimate model-training instability.,"Descriptive OOF subgroup audit only; gaps do not establish discrimination, fairness, or causality. Class-specific rows use their reported denominators. Intervals are pointwise; no multiplicity-adjusted or simultaneous inference.",1316,EducationBackground | mean_predicted_probability | class 2.0
canonical_v2_20260714T221501Z_483f96f,51415c2ce68c89d9ce2b042b0a7a811fe3e98180b72460006f9d0465f6bf49b7,06c507bee525ea1daca43b61249764007d4d8baaa05c9333f23446ea723ce160,f1e358e99914563305428cece1b1595bc76a58643184407ec5b222162d650332,98ae57b622a56983192975c5bff94374ed51322f13c76af633c3c96ceb198cdd,support_aware_subgroup_diagnostics,"{""dataset_sha256"":""b8deac0a615b97076622ae540f4cfd0d3c3f1e7acb83ba3ff6560470a9ccf60a""}","{""policy"":""no_salary_hike_no_attrition""}",support_gated_descriptive_oof_subgroup_diagnostics,not_applicable_or_resolved_by_source_contract,pointwise_paired_stratified_percentile_bootstrap_5000_draws,subgroup_proxy/fairness_disparity_uncertainty.csv,f67613b45f85dc20b9d6fc5a8d1da2a2dc0c1f560762d7465817b5b7b0d74006,fairness_disparity_uncertainty,41,c1300316fe5baec24e789c06aec35dd4f283fa4843b71c7aab1edbf4818f8e91,d483d8ddb93a47a99a2eab54fe3d138d8f614798dd418bca860ea3f20c813f51,b8deac0a615b97076622ae540f4cfd0d3c3f1e7acb83ba3ff6560470a9ccf60a,ordinal_multiclass_performance,no_salary_hike_no_attrition,EducationBackground,,exploratory_operational_subgroup_diagnostic,,30,,policy_ablation_raw_uncalibrated_oof_probabilities,mean_predicted_probability,3.0,,,,30,,,support_aware_subgroup_disparity,0.1315796918597445,0.0835733707665728,0.2248683190134103,0.95,6.0,5.0,"[""Life Sciences"",""Marketing"",""Medical"",""Other"",""Technical Degree""]",66.0,66.0,5000.0,5000.0,1.0,3528e4377f9907c2a7c1b51806abf09e0ec2d5513da630618b0a0cb9950a37d0,paired_stratified_sample_level_percentile,fixed_from_complete_oof_before_resampling,support_sufficient_descriptive_estimate,True,pointwise_descriptive,none,200.0,Intervals condition on the observed employees and fixed fold/model-training protocol; they do not estimate model-training instability.,"Descriptive OOF subgroup audit only; gaps do not establish discrimination, fairness, or causality. Class-specific rows use their reported denominators. Intervals are pointwise; no multiplicity-adjusted or simultaneous inference.",1317,EducationBackground | mean_predicted_probability | class 3.0
canonical_v2_20260714T221501Z_483f96f,51415c2ce68c89d9ce2b042b0a7a811fe3e98180b72460006f9d0465f6bf49b7,06c507bee525ea1daca43b61249764007d4d8baaa05c9333f23446ea723ce160,f1e358e99914563305428cece1b1595bc76a58643184407ec5b222162d650332,98ae57b622a56983192975c5bff94374ed51322f13c76af633c3c96ceb198cdd,support_aware_subgroup_diagnostics,"{""dataset_sha256"":""b8deac0a615b97076622ae540f4cfd0d3c3f1e7acb83ba3ff6560470a9ccf60a""}","{""policy"":""no_salary_hike_no_attrition""}",support_gated_descriptive_oof_subgroup_diagnostics,not_applicable_or_resolved_by_source_contract,pointwise_paired_stratified_percentile_bootstrap_5000_draws,subgroup_proxy/fairness_disparity_uncertainty.csv,f67613b45f85dc20b9d6fc5a8d1da2a2dc0c1f560762d7465817b5b7b0d74006,fairness_disparity_uncertainty,42,c1300316fe5baec24e789c06aec35dd4f283fa4843b71c7aab1edbf4818f8e91,d483d8ddb93a47a99a2eab54fe3d138d8f614798dd418bca860ea3f20c813f51,b8deac0a615b97076622ae540f4cfd0d3c3f1e7acb83ba3ff6560470a9ccf60a,ordinal_multiclass_performance,no_salary_hike_no_attrition,EducationBackground,,exploratory_operational_subgroup_diagnostic,,30,,policy_ablation_raw_uncalibrated_oof_probabilities,mean_predicted_probability,4.0,,,,30,,,support_aware_subgroup_disparity,0.0587224909090334,0.0348701040741451,0.1115953738293702,0.95,6.0,5.0,"[""Life Sciences"",""Marketing"",""Medical"",""Other"",""Technical Degree""]",66.0,66.0,5000.0,5000.0,1.0,3528e4377f9907c2a7c1b51806abf09e0ec2d5513da630618b0a0cb9950a37d0,paired_stratified_sample_level_percentile,fixed_from_complete_oof_before_resampling,support_sufficient_descriptive_estimate,True,pointwise_descriptive,none,200.0,Intervals condition on the observed employees and fixed fold/model-training protocol; they do not estimate model-training instability.,"Descriptive OOF subgroup audit only; gaps do not establish discrimination, fairness, or causality. Class-specific rows use their reported denominators. Intervals are pointwise; no multiplicity-adjusted or simultaneous inference.",1318,EducationBackground | mean_predicted_probability | class 4.0
canonical_v2_20260714T221501Z_483f96f,51415c2ce68c89d9ce2b042b0a7a811fe3e98180b72460006f9d0465f6bf49b7,06c507bee525ea1daca43b61249764007d4d8baaa05c9333f23446ea723ce160,f1e358e99914563305428cece1b1595bc76a58643184407ec5b222162d650332,98ae57b622a56983192975c5bff94374ed51322f13c76af633c3c96ceb198cdd,support_aware_subgroup_diagnostics,"{""dataset_sha256"":""b8deac0a615b97076622ae540f4cfd0d3c3f1e7acb83ba3ff6560470a9ccf60a""}","{""policy"":""no_salary_hike_no_attrition""}",support_gated_descriptive_oof_subgroup_diagnostics,not_applicable_or_resolved_by_source_contract,pointwise_paired_stratified_percentile_bootstrap_5000_draws,subgroup_proxy/fairness_disparity_uncertainty.csv,f67613b45f85dc20b9d6fc5a8d1da2a2dc0c1f560762d7465817b5b7b0d74006,fairness_disparity_uncertainty,43,c1300316fe5baec24e789c06aec35dd4f283fa4843b71c7aab1edbf4818f8e91,d483d8ddb93a47a99a2eab54fe3d138d8f614798dd418bca860ea3f20c813f51,b8deac0a615b97076622ae540f4cfd0d3c3f1e7acb83ba3ff6560470a9ccf60a,ordinal_multiclass_performance,no_salary_hike_no_attrition,EducationBackground,,exploratory_operational_subgroup_diagnostic,,30,,policy_ablation_raw_uncalibrated_oof_probabilities,positive_prediction_rate,2.0,,,,30,,,support_aware_subgroup_disparity,0.1948683919486839,0.1125627899536074,0.2845421553203661,0.95,6.0,5.0,"[""Life Sciences"",""Marketing"",""Medical"",""Other"",""Technical Degree""]",66.0,66.0,5000.0,5000.0,1.0,3528e4377f9907c2a7c1b51806abf09e0ec2d5513da630618b0a0cb9950a37d0,paired_stratified_sample_level_percentile,fixed_from_complete_oof_before_resampling,support_sufficient_descriptive_estimate,True,pointwise_descriptive,none,200.0,Intervals condition on the observed employees and fixed fold/model-training protocol; they do not estimate model-training instability.,"Descriptive OOF subgroup audit only; gaps do not establish discrimination, fairness, or causality. Class-specific rows use their reported denominators. Intervals are pointwise; no multiplicity-adjusted or simultaneous inference.",1319,EducationBackground | positive_prediction_rate | class 2.0
canonical_v2_20260714T221501Z_483f96f,51415c2ce68c89d9ce2b042b0a7a811fe3e98180b72460006f9d0465f6bf49b7,06c507bee525ea1daca43b61249764007d4d8baaa05c9333f23446ea723ce160,f1e358e99914563305428cece1b1595bc76a58643184407ec5b222162d650332,98ae57b622a56983192975c5bff94374ed51322f13c76af633c3c96ceb198cdd,support_aware_subgroup_diagnostics,"{""dataset_sha256"":""b8deac0a615b97076622ae540f4cfd0d3c3f1e7acb83ba3ff6560470a9ccf60a""}","{""policy"":""no_salary_hike_no_attrition""}",support_gated_descriptive_oof_subgroup_diagnostics,not_applicable_or_resolved_by_source_contract,pointwise_paired_stratified_percentile_bootstrap_5000_draws,subgroup_proxy/fairness_disparity_uncertainty.csv,f67613b45f85dc20b9d6fc5a8d1da2a2dc0c1f560762d7465817b5b7b0d74006,fairness_disparity_uncertainty,44,c1300316fe5baec24e789c06aec35dd4f283fa4843b71c7aab1edbf4818f8e91,d483d8ddb93a47a99a2eab54fe3d138d8f614798dd418bca860ea3f20c813f51,b8deac0a615b97076622ae540f4cfd0d3c3f1e7acb83ba3ff6560470a9ccf60a,ordinal_multiclass_performance,no_salary_hike_no_attrition,EducationBackground,,exploratory_operational_subgroup_diagnostic,,30,,policy_ablation_raw_uncalibrated_oof_probabilities,positive_prediction_rate,3.0,,,,30,,,support_aware_subgroup_disparity,0.1733333333333333,0.092456353998311,0.3066323905880624,0.95,6.0,5.0,"[""Life Sciences"",""Marketing"",""Medical"",""Other"",""Technical Degree""]",66.0,66.0,5000.0,5000.0,1.0,3528e4377f9907c2a7c1b51806abf09e0ec2d5513da630618b0a0cb9950a37d0,paired_stratified_sample_level_percentile,fixed_from_complete_oof_before_resampling,support_sufficient_descriptive_estimate,True,pointwise_descriptive,none,200.0,Intervals condition on the observed employees and fixed fold/model-training protocol; they do not estimate model-training instability.,"Descriptive OOF subgroup audit only; gaps do not establish discrimination, fairness, or causality. Class-specific rows use their reported denominators. Intervals are pointwise; no multiplicity-adjusted or simultaneous inference.",1320,EducationBackground | positive_prediction_rate | class 3.0
canonical_v2_20260714T221501Z_483f96f,51415c2ce68c89d9ce2b042b0a7a811fe3e98180b72460006f9d0465f6bf49b7,06c507bee525ea1daca43b61249764007d4d8baaa05c9333f23446ea723ce160,f1e358e99914563305428cece1b1595bc76a58643184407ec5b222162d650332,98ae57b622a56983192975c5bff94374ed51322f13c76af633c3c96ceb198cdd,support_aware_subgroup_diagnostics,"{""dataset_sha256"":""b8deac0a615b97076622ae540f4cfd0d3c3f1e7acb83ba3ff6560470a9ccf60a""}","{""policy"":""no_salary_hike_no_attrition""}",support_gated_descriptive_oof_subgroup_diagnostics,not_applicable_or_resolved_by_source_contract,pointwise_paired_stratified_percentile_bootstrap_5000_draws,subgroup_proxy/fairness_disparity_uncertainty.csv,f67613b45f85dc20b9d6fc5a8d1da2a2dc0c1f560762d7465817b5b7b0d74006,fairness_disparity_uncertainty,45,c1300316fe5baec24e789c06aec35dd4f283fa4843b71c7aab1edbf4818f8e91,d483d8ddb93a47a99a2eab54fe3d138d8f614798dd418bca860ea3f20c813f51,b8deac0a615b97076622ae540f4cfd0d3c3f1e7acb83ba3ff6560470a9ccf60a,ordinal_multiclass_performance,no_salary_hike_no_attrition,EducationBackground,,exploratory_operational_subgroup_diagnostic,,30,,policy_ablation_raw_uncalibrated_oof_probabilities,positive_prediction_rate,4.0,,,,30,,,support_aware_subgroup_disparity,0.0721470535873241,0.0436094430435417,0.1621464093821993,0.95,6.0,5.0,"[""Life Sciences"",""Marketing"",""Medical"",""Other"",""Technical Degree""]",66.0,66.0,5000.0,5000.0,1.0,3528e4377f9907c2a7c1b51806abf09e0ec2d5513da630618b0a0cb9950a37d0,paired_stratified_sample_level_percentile,fixed_from_complete_oof_before_resampling,support_sufficient_descriptive_estimate,True,pointwise_descriptive,none,200.0,Intervals condition on the observed employees and fixed fold/model-training protocol; they do not estimate model-training instability.,"Descriptive OOF subgroup audit only; gaps do not establish discrimination, fairness, or causality. Class-specific rows use their reported denominators. Intervals are pointwise; no multiplicity-adjusted or simultaneous inference.",1321,EducationBackground | positive_prediction_rate | class 4.0
canonical_v2_20260714T221501Z_483f96f,51415c2ce68c89d9ce2b042b0a7a811fe3e98180b72460006f9d0465f6bf49b7,06c507bee525ea1daca43b61249764007d4d8baaa05c9333f23446ea723ce160,f1e358e99914563305428cece1b1595bc76a58643184407ec5b222162d650332,98ae57b622a56983192975c5bff94374ed51322f13c76af633c3c96ceb198cdd,support_aware_subgroup_diagnostics,"{""dataset_sha256"":""b8deac0a615b97076622ae540f4cfd0d3c3f1e7acb83ba3ff6560470a9ccf60a""}","{""policy"":""no_salary_hike_no_attrition""}",support_gated_descriptive_oof_subgroup_diagnostics,not_applicable_or_resolved_by_source_contract,pointwise_paired_stratified_percentile_bootstrap_5000_draws,subgroup_proxy/fairness_disparity_uncertainty.csv,f67613b45f85dc20b9d6fc5a8d1da2a2dc0c1f560762d7465817b5b7b0d74006,fairness_disparity_uncertainty,46,c1300316fe5baec24e789c06aec35dd4f283fa4843b71c7aab1edbf4818f8e91,d483d8ddb93a47a99a2eab54fe3d138d8f614798dd418bca860ea3f20c813f51,b8deac0a615b97076622ae540f4cfd0d3c3f1e7acb83ba3ff6560470a9ccf60a,ordinal_multiclass_performance,no_salary_hike_no_attrition,EducationBackground,,exploratory_operational_subgroup_diagnostic,,30,,policy_ablation_raw_uncalibrated_oof_probabilities,precision,2.0,,,,10,,,support_aware_subgroup_disparity,0.1011513157894736,0.0531900359243129,0.3275559317335865,0.95,6.0,4.0,"[""Life Sciences"",""Marketing"",""Medical"",""Technical Degree""]",100.0,19.0,5000.0,5000.0,1.0,3528e4377f9907c2a7c1b51806abf09e0ec2d5513da630618b0a0cb9950a37d0,paired_stratified_sample_level_percentile,fixed_from_complete_oof_before_resampling,support_sufficient_but_interval_wide,False,pointwise_descriptive,none,200.0,Intervals condition on the observed employees and fixed fold/model-training protocol; they do not estimate model-training instability.,"Descriptive OOF subgroup audit only; gaps do not establish discrimination, fairness, or causality. Class-specific rows use their reported denominators. Intervals are pointwise; no multiplicity-adjusted or simultaneous inference.",1322,EducationBackground | precision | class 2.0
canonical_v2_20260714T221501Z_483f96f,51415c2ce68c89d9ce2b042b0a7a811fe3e98180b72460006f9d0465f6bf49b7,06c507bee525ea1daca43b61249764007d4d8baaa05c9333f23446ea723ce160,f1e358e99914563305428cece1b1595bc76a58643184407ec5b222162d650332,98ae57b622a56983192975c5bff94374ed51322f13c76af633c3c96ceb198cdd,support_aware_subgroup_diagnostics,"{""dataset_sha256"":""b8deac0a615b97076622ae540f4cfd0d3c3f1e7acb83ba3ff6560470a9ccf60a""}","{""policy"":""no_salary_hike_no_attrition""}",support_gated_descriptive_oof_subgroup_diagnostics,not_applicable_or_resolved_by_source_contract,pointwise_paired_stratified_percentile_bootstrap_5000_draws,subgroup_proxy/fairness_disparity_uncertainty.csv,f67613b45f85dc20b9d6fc5a8d1da2a2dc0c1f560762d7465817b5b7b0d74006,fairness_disparity_uncertainty,47,c1300316fe5baec24e789c06aec35dd4f283fa4843b71c7aab1edbf4818f8e91,d483d8ddb93a47a99a2eab54fe3d138d8f614798dd418bca860ea3f20c813f51,b8deac0a615b97076622ae540f4cfd0d3c3f1e7acb83ba3ff6560470a9ccf60a,ordinal_multiclass_performance,no_salary_hike_no_attrition,EducationBackground,,exploratory_operational_subgroup_diagnostic,,30,,policy_ablation_raw_uncalibrated_oof_probabilities,precision,3.0,,,,10,,,support_aware_subgroup_disparity,0.0727272727272726,0.0384590586718246,0.2007432664767957,0.95,6.0,5.0,"[""Life Sciences"",""Marketing"",""Medical"",""Other"",""Technical Degree""]",66.0,55.0,5000.0,5000.0,1.0,3528e4377f9907c2a7c1b51806abf09e0ec2d5513da630618b0a0cb9950a37d0,paired_stratified_sample_level_percentile,fixed_from_complete_oof_before_resampling,support_sufficient_descriptive_estimate,True,pointwise_descriptive,none,200.0,Intervals condition on the observed employees and fixed fold/model-training protocol; they do not estimate model-training instability.,"Descriptive OOF subgroup audit only; gaps do not establish discrimination, fairness, or causality. Class-specific rows use their reported denominators. Intervals are pointwise; no multiplicity-adjusted or simultaneous inference.",1323,EducationBackground | precision | class 3.0
canonical_v2_20260714T221501Z_483f96f,51415c2ce68c89d9ce2b042b0a7a811fe3e98180b72460006f9d0465f6bf49b7,06c507bee525ea1daca43b61249764007d4d8baaa05c9333f23446ea723ce160,f1e358e99914563305428cece1b1595bc76a58643184407ec5b222162d650332,98ae57b622a56983192975c5bff94374ed51322f13c76af633c3c96ceb198cdd,support_aware_subgroup_diagnostics,"{""dataset_sha256"":""b8deac0a615b97076622ae540f4cfd0d3c3f1e7acb83ba3ff6560470a9ccf60a""}","{""policy"":""no_salary_hike_no_attrition""}",support_gated_descriptive_oof_subgroup_diagnostics,not_applicable_or_resolved_by_source_contract,pointwise_paired_stratified_percentile_bootstrap_5000_draws,subgroup_proxy/fairness_disparity_uncertainty.csv,f67613b45f85dc20b9d6fc5a8d1da2a2dc0c1f560762d7465817b5b7b0d74006,fairness_disparity_uncertainty,48,c1300316fe5baec24e789c06aec35dd4f283fa4843b71c7aab1edbf4818f8e91,d483d8ddb93a47a99a2eab54fe3d138d8f614798dd418bca860ea3f20c813f51,b8deac0a615b97076622ae540f4cfd0d3c3f1e7acb83ba3ff6560470a9ccf60a,ordinal_multiclass_performance,no_salary_hike_no_attrition,EducationBackground,,exploratory_operational_subgroup_diagnostic,,30,,policy_ablation_raw_uncalibrated_oof_probabilities,precision,4.0,,,,10,,,support_aware_subgroup_disparity,0.0513833992094861,0.0427350427350427,0.3780526891807379,0.95,6.0,4.0,"[""Life Sciences"",""Marketing"",""Medical"",""Technical Degree""]",100.0,11.0,5000.0,5000.0,1.0,3528e4377f9907c2a7c1b51806abf09e0ec2d5513da630618b0a0cb9950a37d0,paired_stratified_sample_level_percentile,fixed_from_complete_oof_before_resampling,support_sufficient_but_interval_wide,False,pointwise_descriptive,none,200.0,Intervals condition on the observed employees and fixed fold/model-training protocol; they do not estimate model-training instability.,"Descriptive OOF subgroup audit only; gaps do not establish discrimination, fairness, or causality. Class-specific rows use their reported denominators. Intervals are pointwise; no multiplicity-adjusted or simultaneous inference.",1324,EducationBackground | precision | class 4.0
canonical_v2_20260714T221501Z_483f96f,51415c2ce68c89d9ce2b042b0a7a811fe3e98180b72460006f9d0465f6bf49b7,06c507bee525ea1daca43b61249764007d4d8baaa05c9333f23446ea723ce160,f1e358e99914563305428cece1b1595bc76a58643184407ec5b222162d650332,98ae57b622a56983192975c5bff94374ed51322f13c76af633c3c96ceb198cdd,support_aware_subgroup_diagnostics,"{""dataset_sha256"":""b8deac0a615b97076622ae540f4cfd0d3c3f1e7acb83ba3ff6560470a9ccf60a""}","{""policy"":""no_salary_hike_no_attrition""}",support_gated_descriptive_oof_subgroup_diagnostics,not_applicable_or_resolved_by_source_contract,pointwise_paired_stratified_percentile_bootstrap_5000_draws,subgroup_proxy/fairness_disparity_uncertainty.csv,f67613b45f85dc20b9d6fc5a8d1da2a2dc0c1f560762d7465817b5b7b0d74006,fairness_disparity_uncertainty,49,c1300316fe5baec24e789c06aec35dd4f283fa4843b71c7aab1edbf4818f8e91,d483d8ddb93a47a99a2eab54fe3d138d8f614798dd418bca860ea3f20c813f51,b8deac0a615b97076622ae540f4cfd0d3c3f1e7acb83ba3ff6560470a9ccf60a,ordinal_multiclass_performance,no_salary_hike_no_attrition,EducationBackground,,exploratory_operational_subgroup_diagnostic,,30,,policy_ablation_raw_uncalibrated_oof_probabilities,true_positive_rate,2.0,,,,10,,,support_aware_subgroup_disparity,0.132183908045977,0.0465925944652307,0.3333333333333333,0.95,6.0,4.0,"[""Life Sciences"",""Marketing"",""Medical"",""Technical Degree""]",100.0,18.0,5000.0,5000.0,1.0,3528e4377f9907c2a7c1b51806abf09e0ec2d5513da630618b0a0cb9950a37d0,paired_stratified_sample_level_percentile,fixed_from_complete_oof_before_resampling,support_sufficient_but_interval_wide,False,pointwise_descriptive,none,200.0,Intervals condition on the observed employees and fixed fold/model-training protocol; they do not estimate model-training instability.,"Descriptive OOF subgroup audit only; gaps do not establish discrimination, fairness, or causality. Class-specific rows use their reported denominators. Intervals are pointwise; no multiplicity-adjusted or simultaneous inference.",1325,EducationBackground | true_positive_rate | class 2.0
canonical_v2_20260714T221501Z_483f96f,51415c2ce68c89d9ce2b042b0a7a811fe3e98180b72460006f9d0465f6bf49b7,06c507bee525ea1daca43b61249764007d4d8baaa05c9333f23446ea723ce160,f1e358e99914563305428cece1b1595bc76a58643184407ec5b222162d650332,98ae57b622a56983192975c5bff94374ed51322f13c76af633c3c96ceb198cdd,support_aware_subgroup_diagnostics,"{""dataset_sha256"":""b8deac0a615b97076622ae540f4cfd0d3c3f1e7acb83ba3ff6560470a9ccf60a""}","{""policy"":""no_salary_hike_no_attrition""}",support_gated_descriptive_oof_subgroup_diagnostics,not_applicable_or_resolved_by_source_contract,pointwise_paired_stratified_percentile_bootstrap_5000_draws,subgroup_proxy/fairness_disparity_uncertainty.csv,f67613b45f85dc20b9d6fc5a8d1da2a2dc0c1f560762d7465817b5b7b0d74006,fairness_disparity_uncertainty,50,c1300316fe5baec24e789c06aec35dd4f283fa4843b71c7aab1edbf4818f8e91,d483d8ddb93a47a99a2eab54fe3d138d8f614798dd418bca860ea3f20c813f51,b8deac0a615b97076622ae540f4cfd0d3c3f1e7acb83ba3ff6560470a9ccf60a,ordinal_multiclass_performance,no_salary_hike_no_attrition,EducationBackground,,exploratory_operational_subgroup_diagnostic,,30,,policy_ablation_raw_uncalibrated_oof_probabilities,true_positive_rate,3.0,,,,10,,,support_aware_subgroup_disparity,0.1035714285714285,0.057434451078017,0.2381588328289166,0.95,6.0,5.0,"[""Life Sciences"",""Marketing"",""Medical"",""Other"",""Technical Degree""]",66.0,56.0,5000.0,5000.0,1.0,3528e4377f9907c2a7c1b51806abf09e0ec2d5513da630618b0a0cb9950a37d0,paired_stratified_sample_level_percentile,fixed_from_complete_oof_before_resampling,support_sufficient_descriptive_estimate,True,pointwise_descriptive,none,200.0,Intervals condition on the observed employees and fixed fold/model-training protocol; they do not estimate model-training instability.,"Descriptive OOF subgroup audit only; gaps do not establish discrimination, fairness, or causality. Class-specific rows use their reported denominators. Intervals are pointwise; no multiplicity-adjusted or simultaneous inference.",1326,EducationBackground | true_positive_rate | class 3.0
canonical_v2_20260714T221501Z_483f96f,51415c2ce68c89d9ce2b042b0a7a811fe3e98180b72460006f9d0465f6bf49b7,06c507bee525ea1daca43b61249764007d4d8baaa05c9333f23446ea723ce160,f1e358e99914563305428cece1b1595bc76a58643184407ec5b222162d650332,98ae57b622a56983192975c5bff94374ed51322f13c76af633c3c96ceb198cdd,support_aware_subgroup_diagnostics,"{""dataset_sha256"":""b8deac0a615b97076622ae540f4cfd0d3c3f1e7acb83ba3ff6560470a9ccf60a""}","{""policy"":""no_salary_hike_no_attrition""}",support_gated_descriptive_oof_subgroup_diagnostics,not_applicable_or_resolved_by_source_contract,pointwise_paired_stratified_percentile_bootstrap_5000_draws,subgroup_proxy/fairness_disparity_uncertainty.csv,f67613b45f85dc20b9d6fc5a8d1da2a2dc0c1f560762d7465817b5b7b0d74006,fairness_disparity_uncertainty,51,c1300316fe5baec24e789c06aec35dd4f283fa4843b71c7aab1edbf4818f8e91,d483d8ddb93a47a99a2eab54fe3d138d8f614798dd418bca860ea3f20c813f51,b8deac0a615b97076622ae540f4cfd0d3c3f1e7acb83ba3ff6560470a9ccf60a,ordinal_multiclass_performance,no_salary_hike_no_attrition,EducationBackground,,exploratory_operational_subgroup_diagnostic,,30,,policy_ablation_raw_uncalibrated_oof_probabilities,true_positive_rate,4.0,,,,10,,,support_aware_subgroup_disparity,0.050125313283208,0.0499999999999999,0.35,0.95,6.0,4.0,"[""Life Sciences"",""Marketing"",""Medical"",""Technical Degree""]",100.0,12.0,5000.0,5000.0,1.0,3528e4377f9907c2a7c1b51806abf09e0ec2d5513da630618b0a0cb9950a37d0,paired_stratified_sample_level_percentile,fixed_from_complete_oof_before_resampling,support_sufficient_but_interval_wide,False,pointwise_descriptive,none,200.0,Intervals condition on the observed employees and fixed fold/model-training protocol; they do not estimate model-training instability.,"Descriptive OOF subgroup audit only; gaps do not establish discrimination, fairness, or causality. Class-specific rows use their reported denominators. Intervals are pointwise; no multiplicity-adjusted or simultaneous inference.",1327,EducationBackground | true_positive_rate | class 4.0
canonical_v2_20260714T221501Z_483f96f,51415c2ce68c89d9ce2b042b0a7a811fe3e98180b72460006f9d0465f6bf49b7,06c507bee525ea1daca43b61249764007d4d8baaa05c9333f23446ea723ce160,f1e358e99914563305428cece1b1595bc76a58643184407ec5b222162d650332,98ae57b622a56983192975c5bff94374ed51322f13c76af633c3c96ceb198cdd,support_aware_subgroup_diagnostics,"{""dataset_sha256"":""b8deac0a615b97076622ae540f4cfd0d3c3f1e7acb83ba3ff6560470a9ccf60a""}","{""policy"":""no_salary_hike_no_attrition""}",support_gated_descriptive_oof_subgroup_diagnostics,not_applicable_or_resolved_by_source_contract,pointwise_paired_stratified_percentile_bootstrap_5000_draws,subgroup_proxy/fairness_disparity_uncertainty.csv,f67613b45f85dc20b9d6fc5a8d1da2a2dc0c1f560762d7465817b5b7b0d74006,fairness_disparity_uncertainty,52,c1300316fe5baec24e789c06aec35dd4f283fa4843b71c7aab1edbf4818f8e91,d483d8ddb93a47a99a2eab54fe3d138d8f614798dd418bca860ea3f20c813f51,b8deac0a615b97076622ae540f4cfd0d3c3f1e7acb83ba3ff6560470a9ccf60a,ordinal_multiclass_performance,no_salary_hike_no_attrition,EmpDepartment,,exploratory_operational_subgroup_diagnostic,,30,,policy_ablation_raw_uncalibrated_oof_probabilities,accuracy,,,,,30,,,support_aware_subgroup_disparity,0.150771666007123,0.0731538521543667,0.279640362969808,0.95,6.0,5.0,"[""Development"",""Finance"",""Human Resources"",""Research & Development"",""Sales""]",49.0,49.0,5000.0,5000.0,1.0,3528e4377f9907c2a7c1b51806abf09e0ec2d5513da630618b0a0cb9950a37d0,paired_stratified_sample_level_percentile,fixed_from_complete_oof_before_resampling,support_sufficient_descriptive_estimate,True,pointwise_descriptive,none,200.0,Intervals condition on the observed employees and fixed fold/model-training protocol; they do not estimate model-training instability.,"Descriptive OOF subgroup audit only; gaps do not establish discrimination, fairness, or causality. Class-specific rows use their reported denominators. Intervals are pointwise; no multiplicity-adjusted or simultaneous inference.",1328,EmpDepartment | accuracy
canonical_v2_20260714T221501Z_483f96f,51415c2ce68c89d9ce2b042b0a7a811fe3e98180b72460006f9d0465f6bf49b7,06c507bee525ea1daca43b61249764007d4d8baaa05c9333f23446ea723ce160,f1e358e99914563305428cece1b1595bc76a58643184407ec5b222162d650332,98ae57b622a56983192975c5bff94374ed51322f13c76af633c3c96ceb198cdd,support_aware_subgroup_diagnostics,"{""dataset_sha256"":""b8deac0a615b97076622ae540f4cfd0d3c3f1e7acb83ba3ff6560470a9ccf60a""}","{""policy"":""no_salary_hike_no_attrition""}",support_gated_descriptive_oof_subgroup_diagnostics,not_applicable_or_resolved_by_source_contract,pointwise_paired_stratified_percentile_bootstrap_5000_draws,subgroup_proxy/fairness_disparity_uncertainty.csv,f67613b45f85dc20b9d6fc5a8d1da2a2dc0c1f560762d7465817b5b7b0d74006,fairness_disparity_uncertainty,53,c1300316fe5baec24e789c06aec35dd4f283fa4843b71c7aab1edbf4818f8e91,d483d8ddb93a47a99a2eab54fe3d138d8f614798dd418bca860ea3f20c813f51,b8deac0a615b97076622ae540f4cfd0d3c3f1e7acb83ba3ff6560470a9ccf60a,ordinal_multiclass_performance,no_salary_hike_no_attrition,EmpDepartment,,exploratory_operational_subgroup_diagnostic,,30,,policy_ablation_raw_uncalibrated_oof_probabilities,false_positive_rate,2.0,,,,10,,,support_aware_subgroup_disparity,0.0524475524475524,0.0355871886120996,0.1136363636363636,0.95,6.0,5.0,"[""Development"",""Finance"",""Human Resources"",""Research & Development"",""Sales""]",49.0,34.0,5000.0,5000.0,1.0,3528e4377f9907c2a7c1b51806abf09e0ec2d5513da630618b0a0cb9950a37d0,paired_stratified_sample_level_percentile,fixed_from_complete_oof_before_resampling,support_sufficient_descriptive_estimate,True,pointwise_descriptive,none,200.0,Intervals condition on the observed employees and fixed fold/model-training protocol; they do not estimate model-training instability.,"Descriptive OOF subgroup audit only; gaps do not establish discrimination, fairness, or causality. Class-specific rows use their reported denominators. Intervals are pointwise; no multiplicity-adjusted or simultaneous inference.",1329,EmpDepartment | false_positive_rate | class 2.0
canonical_v2_20260714T221501Z_483f96f,51415c2ce68c89d9ce2b042b0a7a811fe3e98180b72460006f9d0465f6bf49b7,06c507bee525ea1daca43b61249764007d4d8baaa05c9333f23446ea723ce160,f1e358e99914563305428cece1b1595bc76a58643184407ec5b222162d650332,98ae57b622a56983192975c5bff94374ed51322f13c76af633c3c96ceb198cdd,support_aware_subgroup_diagnostics,"{""dataset_sha256"":""b8deac0a615b97076622ae540f4cfd0d3c3f1e7acb83ba3ff6560470a9ccf60a""}","{""policy"":""no_salary_hike_no_attrition""}",support_gated_descriptive_oof_subgroup_diagnostics,not_applicable_or_resolved_by_source_contract,pointwise_paired_stratified_percentile_bootstrap_5000_draws,subgroup_proxy/fairness_disparity_uncertainty.csv,f67613b45f85dc20b9d6fc5a8d1da2a2dc0c1f560762d7465817b5b7b0d74006,fairness_disparity_uncertainty,54,c1300316fe5baec24e789c06aec35dd4f283fa4843b71c7aab1edbf4818f8e91,d483d8ddb93a47a99a2eab54fe3d138d8f614798dd418bca860ea3f20c813f51,b8deac0a615b97076622ae540f4cfd0d3c3f1e7acb83ba3ff6560470a9ccf60a,ordinal_multiclass_performance,no_salary_hike_no_attrition,EmpDepartment,,exploratory_operational_subgroup_diagnostic,,30,,policy_ablation_raw_uncalibrated_oof_probabilities,false_positive_rate,3.0,,,,10,,,support_aware_subgroup_disparity,0.631578947368421,0.4758026463891945,0.8064516129032258,0.95,6.0,5.0,"[""Development"",""Finance"",""Human Resources"",""Research & Development"",""Sales""]",49.0,16.0,5000.0,5000.0,1.0,3528e4377f9907c2a7c1b51806abf09e0ec2d5513da630618b0a0cb9950a37d0,paired_stratified_sample_level_percentile,fixed_from_complete_oof_before_resampling,support_sufficient_but_interval_wide,False,pointwise_descriptive,none,200.0,Intervals condition on the observed employees and fixed fold/model-training protocol; they do not estimate model-training instability.,"Descriptive OOF subgroup audit only; gaps do not establish discrimination, fairness, or causality. Class-specific rows use their reported denominators. Intervals are pointwise; no multiplicity-adjusted or simultaneous inference.",1330,EmpDepartment | false_positive_rate | class 3.0
canonical_v2_20260714T221501Z_483f96f,51415c2ce68c89d9ce2b042b0a7a811fe3e98180b72460006f9d0465f6bf49b7,06c507bee525ea1daca43b61249764007d4d8baaa05c9333f23446ea723ce160,f1e358e99914563305428cece1b1595bc76a58643184407ec5b222162d650332,98ae57b622a56983192975c5bff94374ed51322f13c76af633c3c96ceb198cdd,support_aware_subgroup_diagnostics,"{""dataset_sha256"":""b8deac0a615b97076622ae540f4cfd0d3c3f1e7acb83ba3ff6560470a9ccf60a""}","{""policy"":""no_salary_hike_no_attrition""}",support_gated_descriptive_oof_subgroup_diagnostics,not_applicable_or_resolved_by_source_contract,pointwise_paired_stratified_percentile_bootstrap_5000_draws,subgroup_proxy/fairness_disparity_uncertainty.csv,f67613b45f85dc20b9d6fc5a8d1da2a2dc0c1f560762d7465817b5b7b0d74006,fairness_disparity_uncertainty,55,c1300316fe5baec24e789c06aec35dd4f283fa4843b71c7aab1edbf4818f8e91,d483d8ddb93a47a99a2eab54fe3d138d8f614798dd418bca860ea3f20c813f51,b8deac0a615b97076622ae540f4cfd0d3c3f1e7acb83ba3ff6560470a9ccf60a,ordinal_multiclass_performance,no_salary_hike_no_attrition,EmpDepartment,,exploratory_operational_subgroup_diagnostic,,30,,policy_ablation_raw_uncalibrated_oof_probabilities,false_positive_rate,4.0,,,,10,,,support_aware_subgroup_disparity,0.0719943918682089,0.0482019689760402,0.1787282231754115,0.95,6.0,5.0,"[""Development"",""Finance"",""Human Resources"",""Research & Development"",""Sales""]",49.0,45.0,5000.0,5000.0,1.0,3528e4377f9907c2a7c1b51806abf09e0ec2d5513da630618b0a0cb9950a37d0,paired_stratified_sample_level_percentile,fixed_from_complete_oof_before_resampling,support_sufficient_descriptive_estimate,True,pointwise_descriptive,none,200.0,Intervals condition on the observed employees and fixed fold/model-training protocol; they do not estimate model-training instability.,"Descriptive OOF subgroup audit only; gaps do not establish discrimination, fairness, or causality. Class-specific rows use their reported denominators. Intervals are pointwise; no multiplicity-adjusted or simultaneous inference.",1331,EmpDepartment | false_positive_rate | class 4.0
canonical_v2_20260714T221501Z_483f96f,51415c2ce68c89d9ce2b042b0a7a811fe3e98180b72460006f9d0465f6bf49b7,06c507bee525ea1daca43b61249764007d4d8baaa05c9333f23446ea723ce160,f1e358e99914563305428cece1b1595bc76a58643184407ec5b222162d650332,98ae57b622a56983192975c5bff94374ed51322f13c76af633c3c96ceb198cdd,support_aware_subgroup_diagnostics,"{""dataset_sha256"":""b8deac0a615b97076622ae540f4cfd0d3c3f1e7acb83ba3ff6560470a9ccf60a""}","{""policy"":""no_salary_hike_no_attrition""}",support_gated_descriptive_oof_subgroup_diagnostics,not_applicable_or_resolved_by_source_contract,pointwise_paired_stratified_percentile_bootstrap_5000_draws,subgroup_proxy/fairness_disparity_uncertainty.csv,f67613b45f85dc20b9d6fc5a8d1da2a2dc0c1f560762d7465817b5b7b0d74006,fairness_disparity_uncertainty,56,c1300316fe5baec24e789c06aec35dd4f283fa4843b71c7aab1edbf4818f8e91,d483d8ddb93a47a99a2eab54fe3d138d8f614798dd418bca860ea3f20c813f51,b8deac0a615b97076622ae540f4cfd0d3c3f1e7acb83ba3ff6560470a9ccf60a,ordinal_multiclass_performance,no_salary_hike_no_attrition,EmpDepartment,,exploratory_operational_subgroup_diagnostic,,30,,policy_ablation_raw_uncalibrated_oof_probabilities,macro_f1,,,,,30,,,support_aware_subgroup_disparity,0.2929286848778374,0.1763289594926957,0.4546278544287597,0.95,6.0,5.0,"[""Development"",""Finance"",""Human Resources"",""Research & Development"",""Sales""]",49.0,49.0,5000.0,5000.0,1.0,3528e4377f9907c2a7c1b51806abf09e0ec2d5513da630618b0a0cb9950a37d0,paired_stratified_sample_level_percentile,fixed_from_complete_oof_before_resampling,support_sufficient_but_interval_wide,False,pointwise_descriptive,none,200.0,Intervals condition on the observed employees and fixed fold/model-training protocol; they do not estimate model-training instability.,"Descriptive OOF subgroup audit only; gaps do not establish discrimination, fairness, or causality. Class-specific rows use their reported denominators. Intervals are pointwise; no multiplicity-adjusted or simultaneous inference.",1332,EmpDepartment | macro_f1
canonical_v2_20260714T221501Z_483f96f,51415c2ce68c89d9ce2b042b0a7a811fe3e98180b72460006f9d0465f6bf49b7,06c507bee525ea1daca43b61249764007d4d8baaa05c9333f23446ea723ce160,f1e358e99914563305428cece1b1595bc76a58643184407ec5b222162d650332,98ae57b622a56983192975c5bff94374ed51322f13c76af633c3c96ceb198cdd,support_aware_subgroup_diagnostics,"{""dataset_sha256"":""b8deac0a615b97076622ae540f4cfd0d3c3f1e7acb83ba3ff6560470a9ccf60a""}","{""policy"":""no_salary_hike_no_attrition""}",support_gated_descriptive_oof_subgroup_diagnostics,not_applicable_or_resolved_by_source_contract,pointwise_paired_stratified_percentile_bootstrap_5000_draws,subgroup_proxy/fairness_disparity_uncertainty.csv,f67613b45f85dc20b9d6fc5a8d1da2a2dc0c1f560762d7465817b5b7b0d74006,fairness_disparity_uncertainty,57,c1300316fe5baec24e789c06aec35dd4f283fa4843b71c7aab1edbf4818f8e91,d483d8ddb93a47a99a2eab54fe3d138d8f614798dd418bca860ea3f20c813f51,b8deac0a615b97076622ae540f4cfd0d3c3f1e7acb83ba3ff6560470a9ccf60a,ordinal_multiclass_performance,no_salary_hike_no_attrition,EmpDepartment,,exploratory_operational_subgroup_diagnostic,,30,,policy_ablation_raw_uncalibrated_oof_probabilities,mean_predicted_probability,2.0,,,,30,,,support_aware_subgroup_disparity,0.2303804279024073,0.1769929901692643,0.3482482213120037,0.95,6.0,5.0,"[""Development"",""Finance"",""Human Resources"",""Research & Development"",""Sales""]",49.0,49.0,5000.0,5000.0,1.0,3528e4377f9907c2a7c1b51806abf09e0ec2d5513da630618b0a0cb9950a37d0,paired_stratified_sample_level_percentile,fixed_from_complete_oof_before_resampling,support_sufficient_descriptive_estimate,True,pointwise_descriptive,none,200.0,Intervals condition on the observed employees and fixed fold/model-training protocol; they do not estimate model-training instability.,"Descriptive OOF subgroup audit only; gaps do not establish discrimination, fairness, or causality. Class-specific rows use their reported denominators. Intervals are pointwise; no multiplicity-adjusted or simultaneous inference.",1333,EmpDepartment | mean_predicted_probability | class 2.0
canonical_v2_20260714T221501Z_483f96f,51415c2ce68c89d9ce2b042b0a7a811fe3e98180b72460006f9d0465f6bf49b7,06c507bee525ea1daca43b61249764007d4d8baaa05c9333f23446ea723ce160,f1e358e99914563305428cece1b1595bc76a58643184407ec5b222162d650332,98ae57b622a56983192975c5bff94374ed51322f13c76af633c3c96ceb198cdd,support_aware_subgroup_diagnostics,"{""dataset_sha256"":""b8deac0a615b97076622ae540f4cfd0d3c3f1e7acb83ba3ff6560470a9ccf60a""}","{""policy"":""no_salary_hike_no_attrition""}",support_gated_descriptive_oof_subgroup_diagnostics,not_applicable_or_resolved_by_source_contract,pointwise_paired_stratified_percentile_bootstrap_5000_draws,subgroup_proxy/fairness_disparity_uncertainty.csv,f67613b45f85dc20b9d6fc5a8d1da2a2dc0c1f560762d7465817b5b7b0d74006,fairness_disparity_uncertainty,58,c1300316fe5baec24e789c06aec35dd4f283fa4843b71c7aab1edbf4818f8e91,d483d8ddb93a47a99a2eab54fe3d138d8f614798dd418bca860ea3f20c813f51,b8deac0a615b97076622ae540f4cfd0d3c3f1e7acb83ba3ff6560470a9ccf60a,ordinal_multiclass_performance,no_salary_hike_no_attrition,EmpDepartment,,exploratory_operational_subgroup_diagnostic,,30,,policy_ablation_raw_uncalibrated_oof_probabilities,mean_predicted_probability,3.0,,,,30,,,support_aware_subgroup_disparity,0.1705527107345376,0.1259612998246284,0.2686577691938789,0.95,6.0,5.0,"[""Development"",""Finance"",""Human Resources"",""Research & Development"",""Sales""]",49.0,49.0,5000.0,5000.0,1.0,3528e4377f9907c2a7c1b51806abf09e0ec2d5513da630618b0a0cb9950a37d0,paired_stratified_sample_level_percentile,fixed_from_complete_oof_before_resampling,support_sufficient_descriptive_estimate,True,pointwise_descriptive,none,200.0,Intervals condition on the observed employees and fixed fold/model-training protocol; they do not estimate model-training instability.,"Descriptive OOF subgroup audit only; gaps do not establish discrimination, fairness, or causality. Class-specific rows use their reported denominators. Intervals are pointwise; no multiplicity-adjusted or simultaneous inference.",1334,EmpDepartment | mean_predicted_probability | class 3.0
canonical_v2_20260714T221501Z_483f96f,51415c2ce68c89d9ce2b042b0a7a811fe3e98180b72460006f9d0465f6bf49b7,06c507bee525ea1daca43b61249764007d4d8baaa05c9333f23446ea723ce160,f1e358e99914563305428cece1b1595bc76a58643184407ec5b222162d650332,98ae57b622a56983192975c5bff94374ed51322f13c76af633c3c96ceb198cdd,support_aware_subgroup_diagnostics,"{""dataset_sha256"":""b8deac0a615b97076622ae540f4cfd0d3c3f1e7acb83ba3ff6560470a9ccf60a""}","{""policy"":""no_salary_hike_no_attrition""}",support_gated_descriptive_oof_subgroup_diagnostics,not_applicable_or_resolved_by_source_contract,pointwise_paired_stratified_percentile_bootstrap_5000_draws,subgroup_proxy/fairness_disparity_uncertainty.csv,f67613b45f85dc20b9d6fc5a8d1da2a2dc0c1f560762d7465817b5b7b0d74006,fairness_disparity_uncertainty,59,c1300316fe5baec24e789c06aec35dd4f283fa4843b71c7aab1edbf4818f8e91,d483d8ddb93a47a99a2eab54fe3d138d8f614798dd418bca860ea3f20c813f51,b8deac0a615b97076622ae540f4cfd0d3c3f1e7acb83ba3ff6560470a9ccf60a,ordinal_multiclass_performance,no_salary_hike_no_attrition,EmpDepartment,,exploratory_operational_subgroup_diagnostic,,30,,policy_ablation_raw_uncalibrated_oof_probabilities,mean_predicted_probability,4.0,,,,30,,,support_aware_subgroup_disparity,0.0598277171678698,0.0424740634710009,0.1223076233579867,0.95,6.0,5.0,"[""Development"",""Finance"",""Human Resources"",""Research & Development"",""Sales""]",49.0,49.0,5000.0,5000.0,1.0,3528e4377f9907c2a7c1b51806abf09e0ec2d5513da630618b0a0cb9950a37d0,paired_stratified_sample_level_percentile,fixed_from_complete_oof_before_resampling,support_sufficient_descriptive_estimate,True,pointwise_descriptive,none,200.0,Intervals condition on the observed employees and fixed fold/model-training protocol; they do not estimate model-training instability.,"Descriptive OOF subgroup audit only; gaps do not establish discrimination, fairness, or causality. Class-specific rows use their reported denominators. Intervals are pointwise; no multiplicity-adjusted or simultaneous inference.",1335,EmpDepartment | mean_predicted_probability | class 4.0
canonical_v2_20260714T221501Z_483f96f,51415c2ce68c89d9ce2b042b0a7a811fe3e98180b72460006f9d0465f6bf49b7,06c507bee525ea1daca43b61249764007d4d8baaa05c9333f23446ea723ce160,f1e358e99914563305428cece1b1595bc76a58643184407ec5b222162d650332,98ae57b622a56983192975c5bff94374ed51322f13c76af633c3c96ceb198cdd,support_aware_subgroup_diagnostics,"{""dataset_sha256"":""b8deac0a615b97076622ae540f4cfd0d3c3f1e7acb83ba3ff6560470a9ccf60a""}","{""policy"":""no_salary_hike_no_attrition""}",support_gated_descriptive_oof_subgroup_diagnostics,not_applicable_or_resolved_by_source_contract,pointwise_paired_stratified_percentile_bootstrap_5000_draws,subgroup_proxy/fairness_disparity_uncertainty.csv,f67613b45f85dc20b9d6fc5a8d1da2a2dc0c1f560762d7465817b5b7b0d74006,fairness_disparity_uncertainty,60,c1300316fe5baec24e789c06aec35dd4f283fa4843b71c7aab1edbf4818f8e91,d483d8ddb93a47a99a2eab54fe3d138d8f614798dd418bca860ea3f20c813f51,b8deac0a615b97076622ae540f4cfd0d3c3f1e7acb83ba3ff6560470a9ccf60a,ordinal_multiclass_performance,no_salary_hike_no_attrition,EmpDepartment,,exploratory_operational_subgroup_diagnostic,,30,,policy_ablation_raw_uncalibrated_oof_probabilities,positive_prediction_rate,2.0,,,,30,,,support_aware_subgroup_disparity,0.2701113686471819,0.2067536945903805,0.4003965151314781,0.95,6.0,5.0,"[""Development"",""Finance"",""Human Resources"",""Research & Development"",""Sales""]",49.0,49.0,5000.0,5000.0,1.0,3528e4377f9907c2a7c1b51806abf09e0ec2d5513da630618b0a0cb9950a37d0,paired_stratified_sample_level_percentile,fixed_from_complete_oof_before_resampling,support_sufficient_descriptive_estimate,True,pointwise_descriptive,none,200.0,Intervals condition on the observed employees and fixed fold/model-training protocol; they do not estimate model-training instability.,"Descriptive OOF subgroup audit only; gaps do not establish discrimination, fairness, or causality. Class-specific rows use their reported denominators. Intervals are pointwise; no multiplicity-adjusted or simultaneous inference.",1336,EmpDepartment | positive_prediction_rate | class 2.0
canonical_v2_20260714T221501Z_483f96f,51415c2ce68c89d9ce2b042b0a7a811fe3e98180b72460006f9d0465f6bf49b7,06c507bee525ea1daca43b61249764007d4d8baaa05c9333f23446ea723ce160,f1e358e99914563305428cece1b1595bc76a58643184407ec5b222162d650332,98ae57b622a56983192975c5bff94374ed51322f13c76af633c3c96ceb198cdd,support_aware_subgroup_diagnostics,"{""dataset_sha256"":""b8deac0a615b97076622ae540f4cfd0d3c3f1e7acb83ba3ff6560470a9ccf60a""}","{""policy"":""no_salary_hike_no_attrition""}",support_gated_descriptive_oof_subgroup_diagnostics,not_applicable_or_resolved_by_source_contract,pointwise_paired_stratified_percentile_bootstrap_5000_draws,subgroup_proxy/fairness_disparity_uncertainty.csv,f67613b45f85dc20b9d6fc5a8d1da2a2dc0c1f560762d7465817b5b7b0d74006,fairness_disparity_uncertainty,61,c1300316fe5baec24e789c06aec35dd4f283fa4843b71c7aab1edbf4818f8e91,d483d8ddb93a47a99a2eab54fe3d138d8f614798dd418bca860ea3f20c813f51,b8deac0a615b97076622ae540f4cfd0d3c3f1e7acb83ba3ff6560470a9ccf60a,ordinal_multiclass_performance,no_salary_hike_no_attrition,EmpDepartment,,exploratory_operational_subgroup_diagnostic,,30,,policy_ablation_raw_uncalibrated_oof_probabilities,positive_prediction_rate,3.0,,,,30,,,support_aware_subgroup_disparity,0.205947198824128,0.1359743706083364,0.3527782849299847,0.95,6.0,5.0,"[""Development"",""Finance"",""Human Resources"",""Research & Development"",""Sales""]",49.0,49.0,5000.0,5000.0,1.0,3528e4377f9907c2a7c1b51806abf09e0ec2d5513da630618b0a0cb9950a37d0,paired_stratified_sample_level_percentile,fixed_from_complete_oof_before_resampling,support_sufficient_descriptive_estimate,True,pointwise_descriptive,none,200.0,Intervals condition on the observed employees and fixed fold/model-training protocol; they do not estimate model-training instability.,"Descriptive OOF subgroup audit only; gaps do not establish discrimination, fairness, or causality. Class-specific rows use their reported denominators. Intervals are pointwise; no multiplicity-adjusted or simultaneous inference.",1337,EmpDepartment | positive_prediction_rate | class 3.0
canonical_v2_20260714T221501Z_483f96f,51415c2ce68c89d9ce2b042b0a7a811fe3e98180b72460006f9d0465f6bf49b7,06c507bee525ea1daca43b61249764007d4d8baaa05c9333f23446ea723ce160,f1e358e99914563305428cece1b1595bc76a58643184407ec5b222162d650332,98ae57b622a56983192975c5bff94374ed51322f13c76af633c3c96ceb198cdd,support_aware_subgroup_diagnostics,"{""dataset_sha256"":""b8deac0a615b97076622ae540f4cfd0d3c3f1e7acb83ba3ff6560470a9ccf60a""}","{""policy"":""no_salary_hike_no_attrition""}",support_gated_descriptive_oof_subgroup_diagnostics,not_applicable_or_resolved_by_source_contract,pointwise_paired_stratified_percentile_bootstrap_5000_draws,subgroup_proxy/fairness_disparity_uncertainty.csv,f67613b45f85dc20b9d6fc5a8d1da2a2dc0c1f560762d7465817b5b7b0d74006,fairness_disparity_uncertainty,62,c1300316fe5baec24e789c06aec35dd4f283fa4843b71c7aab1edbf4818f8e91,d483d8ddb93a47a99a2eab54fe3d138d8f614798dd418bca860ea3f20c813f51,b8deac0a615b97076622ae540f4cfd0d3c3f1e7acb83ba3ff6560470a9ccf60a,ordinal_multiclass_performance,no_salary_hike_no_attrition,EmpDepartment,,exploratory_operational_subgroup_diagnostic,,30,,policy_ablation_raw_uncalibrated_oof_probabilities,positive_prediction_rate,4.0,,,,30,,,support_aware_subgroup_disparity,0.0750521711361796,0.0514919118436372,0.168234439824154,0.95,6.0,5.0,"[""Development"",""Finance"",""Human Resources"",""Research & Development"",""Sales""]",49.0,49.0,5000.0,5000.0,1.0,3528e4377f9907c2a7c1b51806abf09e0ec2d5513da630618b0a0cb9950a37d0,paired_stratified_sample_level_percentile,fixed_from_complete_oof_before_resampling,support_sufficient_descriptive_estimate,True,pointwise_descriptive,none,200.0,Intervals condition on the observed employees and fixed fold/model-training protocol; they do not estimate model-training instability.,"Descriptive OOF subgroup audit only; gaps do not establish discrimination, fairness, or causality. Class-specific rows use their reported denominators. Intervals are pointwise; no multiplicity-adjusted or simultaneous inference.",1338,EmpDepartment | positive_prediction_rate | class 4.0
canonical_v2_20260714T221501Z_483f96f,51415c2ce68c89d9ce2b042b0a7a811fe3e98180b72460006f9d0465f6bf49b7,06c507bee525ea1daca43b61249764007d4d8baaa05c9333f23446ea723ce160,f1e358e99914563305428cece1b1595bc76a58643184407ec5b222162d650332,98ae57b622a56983192975c5bff94374ed51322f13c76af633c3c96ceb198cdd,support_aware_subgroup_diagnostics,"{""dataset_sha256"":""b8deac0a615b97076622ae540f4cfd0d3c3f1e7acb83ba3ff6560470a9ccf60a""}","{""policy"":""no_salary_hike_no_attrition""}",support_gated_descriptive_oof_subgroup_diagnostics,not_applicable_or_resolved_by_source_contract,pointwise_paired_stratified_percentile_bootstrap_5000_draws,subgroup_proxy/fairness_disparity_uncertainty.csv,f67613b45f85dc20b9d6fc5a8d1da2a2dc0c1f560762d7465817b5b7b0d74006,fairness_disparity_uncertainty,63,c1300316fe5baec24e789c06aec35dd4f283fa4843b71c7aab1edbf4818f8e91,d483d8ddb93a47a99a2eab54fe3d138d8f614798dd418bca860ea3f20c813f51,b8deac0a615b97076622ae540f4cfd0d3c3f1e7acb83ba3ff6560470a9ccf60a,ordinal_multiclass_performance,no_salary_hike_no_attrition,EmpDepartment,,exploratory_operational_subgroup_diagnostic,,30,,policy_ablation_raw_uncalibrated_oof_probabilities,precision,2.0,,,,10,,,support_aware_subgroup_disparity,0.7692307692307692,0.5,1.0,0.95,6.0,5.0,"[""Development"",""Finance"",""Human Resources"",""Research & Development"",""Sales""]",49.0,11.0,5000.0,5000.0,1.0,3528e4377f9907c2a7c1b51806abf09e0ec2d5513da630618b0a0cb9950a37d0,paired_stratified_sample_level_percentile,fixed_from_complete_oof_before_resampling,support_sufficient_but_interval_wide,False,pointwise_descriptive,none,200.0,Intervals condition on the observed employees and fixed fold/model-training protocol; they do not estimate model-training instability.,"Descriptive OOF subgroup audit only; gaps do not establish discrimination, fairness, or causality. Class-specific rows use their reported denominators. Intervals are pointwise; no multiplicity-adjusted or simultaneous inference.",1339,EmpDepartment | precision | class 2.0
canonical_v2_20260714T221501Z_483f96f,51415c2ce68c89d9ce2b042b0a7a811fe3e98180b72460006f9d0465f6bf49b7,06c507bee525ea1daca43b61249764007d4d8baaa05c9333f23446ea723ce160,f1e358e99914563305428cece1b1595bc76a58643184407ec5b222162d650332,98ae57b622a56983192975c5bff94374ed51322f13c76af633c3c96ceb198cdd,support_aware_subgroup_diagnostics,"{""dataset_sha256"":""b8deac0a615b97076622ae540f4cfd0d3c3f1e7acb83ba3ff6560470a9ccf60a""}","{""policy"":""no_salary_hike_no_attrition""}",support_gated_descriptive_oof_subgroup_diagnostics,not_applicable_or_resolved_by_source_contract,pointwise_paired_stratified_percentile_bootstrap_5000_draws,subgroup_proxy/fairness_disparity_uncertainty.csv,f67613b45f85dc20b9d6fc5a8d1da2a2dc0c1f560762d7465817b5b7b0d74006,fairness_disparity_uncertainty,64,c1300316fe5baec24e789c06aec35dd4f283fa4843b71c7aab1edbf4818f8e91,d483d8ddb93a47a99a2eab54fe3d138d8f614798dd418bca860ea3f20c813f51,b8deac0a615b97076622ae540f4cfd0d3c3f1e7acb83ba3ff6560470a9ccf60a,ordinal_multiclass_performance,no_salary_hike_no_attrition,EmpDepartment,,exploratory_operational_subgroup_diagnostic,,30,,policy_ablation_raw_uncalibrated_oof_probabilities,precision,3.0,,,,10,,,support_aware_subgroup_disparity,0.0632183908045976,0.033970060910646,0.2307952182952179,0.95,6.0,5.0,"[""Development"",""Finance"",""Human Resources"",""Research & Development"",""Sales""]",49.0,29.0,5000.0,5000.0,1.0,3528e4377f9907c2a7c1b51806abf09e0ec2d5513da630618b0a0cb9950a37d0,paired_stratified_sample_level_percentile,fixed_from_complete_oof_before_resampling,support_sufficient_descriptive_estimate,True,pointwise_descriptive,none,200.0,Intervals condition on the observed employees and fixed fold/model-training protocol; they do not estimate model-training instability.,"Descriptive OOF subgroup audit only; gaps do not establish discrimination, fairness, or causality. Class-specific rows use their reported denominators. Intervals are pointwise; no multiplicity-adjusted or simultaneous inference.",1340,EmpDepartment | precision | class 3.0
canonical_v2_20260714T221501Z_483f96f,51415c2ce68c89d9ce2b042b0a7a811fe3e98180b72460006f9d0465f6bf49b7,06c507bee525ea1daca43b61249764007d4d8baaa05c9333f23446ea723ce160,f1e358e99914563305428cece1b1595bc76a58643184407ec5b222162d650332,98ae57b622a56983192975c5bff94374ed51322f13c76af633c3c96ceb198cdd,support_aware_subgroup_diagnostics,"{""dataset_sha256"":""b8deac0a615b97076622ae540f4cfd0d3c3f1e7acb83ba3ff6560470a9ccf60a""}","{""policy"":""no_salary_hike_no_attrition""}",support_gated_descriptive_oof_subgroup_diagnostics,not_applicable_or_resolved_by_source_contract,pointwise_paired_stratified_percentile_bootstrap_5000_draws,subgroup_proxy/fairness_disparity_uncertainty.csv,f67613b45f85dc20b9d6fc5a8d1da2a2dc0c1f560762d7465817b5b7b0d74006,fairness_disparity_uncertainty,65,c1300316fe5baec24e789c06aec35dd4f283fa4843b71c7aab1edbf4818f8e91,d483d8ddb93a47a99a2eab54fe3d138d8f614798dd418bca860ea3f20c813f51,b8deac0a615b97076622ae540f4cfd0d3c3f1e7acb83ba3ff6560470a9ccf60a,ordinal_multiclass_performance,no_salary_hike_no_attrition,EmpDepartment,,exploratory_operational_subgroup_diagnostic,,30,,policy_ablation_raw_uncalibrated_oof_probabilities,precision,4.0,,,,10,,,support_aware_subgroup_disparity,0.0784313725490195,0.0212757266026978,0.2270837371583639,0.95,6.0,3.0,"[""Development"",""Research & Development"",""Sales""]",343.0,34.0,5000.0,5000.0,1.0,3528e4377f9907c2a7c1b51806abf09e0ec2d5513da630618b0a0cb9950a37d0,paired_stratified_sample_level_percentile,fixed_from_complete_oof_before_resampling,support_sufficient_descriptive_estimate,True,pointwise_descriptive,none,200.0,Intervals condition on the observed employees and fixed fold/model-training protocol; they do not estimate model-training instability.,"Descriptive OOF subgroup audit only; gaps do not establish discrimination, fairness, or causality. Class-specific rows use their reported denominators. Intervals are pointwise; no multiplicity-adjusted or simultaneous inference.",1341,EmpDepartment | precision | class 4.0
canonical_v2_20260714T221501Z_483f96f,51415c2ce68c89d9ce2b042b0a7a811fe3e98180b72460006f9d0465f6bf49b7,06c507bee525ea1daca43b61249764007d4d8baaa05c9333f23446ea723ce160,f1e358e99914563305428cece1b1595bc76a58643184407ec5b222162d650332,98ae57b622a56983192975c5bff94374ed51322f13c76af633c3c96ceb198cdd,support_aware_subgroup_diagnostics,"{""dataset_sha256"":""b8deac0a615b97076622ae540f4cfd0d3c3f1e7acb83ba3ff6560470a9ccf60a""}","{""policy"":""no_salary_hike_no_attrition""}",support_gated_descriptive_oof_subgroup_diagnostics,not_applicable_or_resolved_by_source_contract,pointwise_paired_stratified_percentile_bootstrap_5000_draws,subgroup_proxy/fairness_disparity_uncertainty.csv,f67613b45f85dc20b9d6fc5a8d1da2a2dc0c1f560762d7465817b5b7b0d74006,fairness_disparity_uncertainty,66,c1300316fe5baec24e789c06aec35dd4f283fa4843b71c7aab1edbf4818f8e91,d483d8ddb93a47a99a2eab54fe3d138d8f614798dd418bca860ea3f20c813f51,b8deac0a615b97076622ae540f4cfd0d3c3f1e7acb83ba3ff6560470a9ccf60a,ordinal_multiclass_performance,no_salary_hike_no_attrition,EmpDepartment,,exploratory_operational_subgroup_diagnostic,,30,,policy_ablation_raw_uncalibrated_oof_probabilities,true_positive_rate,2.0,,,,10,,,support_aware_subgroup_disparity,0.7692307692307692,0.5,1.0,0.95,6.0,5.0,"[""Development"",""Finance"",""Human Resources"",""Research & Development"",""Sales""]",49.0,10.0,5000.0,5000.0,1.0,3528e4377f9907c2a7c1b51806abf09e0ec2d5513da630618b0a0cb9950a37d0,paired_stratified_sample_level_percentile,fixed_from_complete_oof_before_resampling,support_sufficient_but_interval_wide,False,pointwise_descriptive,none,200.0,Intervals condition on the observed employees and fixed fold/model-training protocol; they do not estimate model-training instability.,"Descriptive OOF subgroup audit only; gaps do not establish discrimination, fairness, or causality. Class-specific rows use their reported denominators. Intervals are pointwise; no multiplicity-adjusted or simultaneous inference.",1342,EmpDepartment | true_positive_rate | class 2.0
canonical_v2_20260714T221501Z_483f96f,51415c2ce68c89d9ce2b042b0a7a811fe3e98180b72460006f9d0465f6bf49b7,06c507bee525ea1daca43b61249764007d4d8baaa05c9333f23446ea723ce160,f1e358e99914563305428cece1b1595bc76a58643184407ec5b222162d650332,98ae57b622a56983192975c5bff94374ed51322f13c76af633c3c96ceb198cdd,support_aware_subgroup_diagnostics,"{""dataset_sha256"":""b8deac0a615b97076622ae540f4cfd0d3c3f1e7acb83ba3ff6560470a9ccf60a""}","{""policy"":""no_salary_hike_no_attrition""}",support_gated_descriptive_oof_subgroup_diagnostics,not_applicable_or_resolved_by_source_contract,pointwise_paired_stratified_percentile_bootstrap_5000_draws,subgroup_proxy/fairness_disparity_uncertainty.csv,f67613b45f85dc20b9d6fc5a8d1da2a2dc0c1f560762d7465817b5b7b0d74006,fairness_disparity_uncertainty,67,c1300316fe5baec24e789c06aec35dd4f283fa4843b71c7aab1edbf4818f8e91,d483d8ddb93a47a99a2eab54fe3d138d8f614798dd418bca860ea3f20c813f51,b8deac0a615b97076622ae540f4cfd0d3c3f1e7acb83ba3ff6560470a9ccf60a,ordinal_multiclass_performance,no_salary_hike_no_attrition,EmpDepartment,,exploratory_operational_subgroup_diagnostic,,30,,policy_ablation_raw_uncalibrated_oof_probabilities,true_positive_rate,3.0,,,,10,,,support_aware_subgroup_disparity,0.0771929824561403,0.0404792291382494,0.2596158722109533,0.95,6.0,5.0,"[""Development"",""Finance"",""Human Resources"",""Research & Development"",""Sales""]",49.0,30.0,5000.0,5000.0,1.0,3528e4377f9907c2a7c1b51806abf09e0ec2d5513da630618b0a0cb9950a37d0,paired_stratified_sample_level_percentile,fixed_from_complete_oof_before_resampling,support_sufficient_descriptive_estimate,True,pointwise_descriptive,none,200.0,Intervals condition on the observed employees and fixed fold/model-training protocol; they do not estimate model-training instability.,"Descriptive OOF subgroup audit only; gaps do not establish discrimination, fairness, or causality. Class-specific rows use their reported denominators. Intervals are pointwise; no multiplicity-adjusted or simultaneous inference.",1343,EmpDepartment | true_positive_rate | class 3.0
canonical_v2_20260714T221501Z_483f96f,51415c2ce68c89d9ce2b042b0a7a811fe3e98180b72460006f9d0465f6bf49b7,06c507bee525ea1daca43b61249764007d4d8baaa05c9333f23446ea723ce160,f1e358e99914563305428cece1b1595bc76a58643184407ec5b222162d650332,98ae57b622a56983192975c5bff94374ed51322f13c76af633c3c96ceb198cdd,support_aware_subgroup_diagnostics,"{""dataset_sha256"":""b8deac0a615b97076622ae540f4cfd0d3c3f1e7acb83ba3ff6560470a9ccf60a""}","{""policy"":""no_salary_hike_no_attrition""}",support_gated_descriptive_oof_subgroup_diagnostics,not_applicable_or_resolved_by_source_contract,pointwise_paired_stratified_percentile_bootstrap_5000_draws,subgroup_proxy/fairness_disparity_uncertainty.csv,f67613b45f85dc20b9d6fc5a8d1da2a2dc0c1f560762d7465817b5b7b0d74006,fairness_disparity_uncertainty,68,c1300316fe5baec24e789c06aec35dd4f283fa4843b71c7aab1edbf4818f8e91,d483d8ddb93a47a99a2eab54fe3d138d8f614798dd418bca860ea3f20c813f51,b8deac0a615b97076622ae540f4cfd0d3c3f1e7acb83ba3ff6560470a9ccf60a,ordinal_multiclass_performance,no_salary_hike_no_attrition,EmpDepartment,,exploratory_operational_subgroup_diagnostic,,30,,policy_ablation_raw_uncalibrated_oof_probabilities,true_positive_rate,4.0,,,,10,,,support_aware_subgroup_disparity,0.1188311688311688,0.0349339053607346,0.2862078468420296,0.95,6.0,3.0,"[""Development"",""Research & Development"",""Sales""]",343.0,35.0,5000.0,5000.0,1.0,3528e4377f9907c2a7c1b51806abf09e0ec2d5513da630618b0a0cb9950a37d0,paired_stratified_sample_level_percentile,fixed_from_complete_oof_before_resampling,support_sufficient_but_interval_wide,False,pointwise_descriptive,none,200.0,Intervals condition on the observed employees and fixed fold/model-training protocol; they do not estimate model-training instability.,"Descriptive OOF subgroup audit only; gaps do not establish discrimination, fairness, or causality. Class-specific rows use their reported denominators. Intervals are pointwise; no multiplicity-adjusted or simultaneous inference.",1344,EmpDepartment | true_positive_rate | class 4.0
canonical_v2_20260714T221501Z_483f96f,51415c2ce68c89d9ce2b042b0a7a811fe3e98180b72460006f9d0465f6bf49b7,06c507bee525ea1daca43b61249764007d4d8baaa05c9333f23446ea723ce160,f1e358e99914563305428cece1b1595bc76a58643184407ec5b222162d650332,98ae57b622a56983192975c5bff94374ed51322f13c76af633c3c96ceb198cdd,support_aware_subgroup_diagnostics,"{""dataset_sha256"":""b8deac0a615b97076622ae540f4cfd0d3c3f1e7acb83ba3ff6560470a9ccf60a""}","{""policy"":""no_salary_hike_no_attrition""}",support_gated_descriptive_oof_subgroup_diagnostics,not_applicable_or_resolved_by_source_contract,pointwise_paired_stratified_percentile_bootstrap_5000_draws,subgroup_proxy/fairness_disparity_uncertainty.csv,f67613b45f85dc20b9d6fc5a8d1da2a2dc0c1f560762d7465817b5b7b0d74006,fairness_disparity_uncertainty,69,c1300316fe5baec24e789c06aec35dd4f283fa4843b71c7aab1edbf4818f8e91,d483d8ddb93a47a99a2eab54fe3d138d8f614798dd418bca860ea3f20c813f51,b8deac0a615b97076622ae540f4cfd0d3c3f1e7acb83ba3ff6560470a9ccf60a,ordinal_multiclass_performance,no_salary_hike_no_attrition,Gender,,protected_or_sensitive_descriptive_audit,,30,,policy_ablation_raw_uncalibrated_oof_probabilities,accuracy,,,,,30,,,support_aware_subgroup_disparity,0.051470054446461,0.0062500038766227,0.1007004147028184,0.95,2.0,2.0,"[""Female"",""Male""]",475.0,475.0,5000.0,5000.0,1.0,3528e4377f9907c2a7c1b51806abf09e0ec2d5513da630618b0a0cb9950a37d0,paired_stratified_sample_level_percentile,fixed_from_complete_oof_before_resampling,support_sufficient_descriptive_estimate,True,pointwise_descriptive,none,200.0,Intervals condition on the observed employees and fixed fold/model-training protocol; they do not estimate model-training instability.,"Descriptive OOF subgroup audit only; gaps do not establish discrimination, fairness, or causality. Class-specific rows use their reported denominators. Intervals are pointwise; no multiplicity-adjusted or simultaneous inference.",1345,Gender | accuracy
canonical_v2_20260714T221501Z_483f96f,51415c2ce68c89d9ce2b042b0a7a811fe3e98180b72460006f9d0465f6bf49b7,06c507bee525ea1daca43b61249764007d4d8baaa05c9333f23446ea723ce160,f1e358e99914563305428cece1b1595bc76a58643184407ec5b222162d650332,98ae57b622a56983192975c5bff94374ed51322f13c76af633c3c96ceb198cdd,support_aware_subgroup_diagnostics,"{""dataset_sha256"":""b8deac0a615b97076622ae540f4cfd0d3c3f1e7acb83ba3ff6560470a9ccf60a""}","{""policy"":""no_salary_hike_no_attrition""}",support_gated_descriptive_oof_subgroup_diagnostics,not_applicable_or_resolved_by_source_contract,pointwise_paired_stratified_percentile_bootstrap_5000_draws,subgroup_proxy/fairness_disparity_uncertainty.csv,f67613b45f85dc20b9d6fc5a8d1da2a2dc0c1f560762d7465817b5b7b0d74006,fairness_disparity_uncertainty,70,c1300316fe5baec24e789c06aec35dd4f283fa4843b71c7aab1edbf4818f8e91,d483d8ddb93a47a99a2eab54fe3d138d8f614798dd418bca860ea3f20c813f51,b8deac0a615b97076622ae540f4cfd0d3c3f1e7acb83ba3ff6560470a9ccf60a,ordinal_multiclass_performance,no_salary_hike_no_attrition,Gender,,protected_or_sensitive_descriptive_audit,,30,,policy_ablation_raw_uncalibrated_oof_probabilities,false_positive_rate,2.0,,,,10,,,support_aware_subgroup_disparity,0.0237046204620462,0.0028808589013168,0.0449892862048149,0.95,2.0,2.0,"[""Female"",""Male""]",475.0,400.0,5000.0,5000.0,1.0,3528e4377f9907c2a7c1b51806abf09e0ec2d5513da630618b0a0cb9950a37d0,paired_stratified_sample_level_percentile,fixed_from_complete_oof_before_resampling,support_sufficient_descriptive_estimate,True,pointwise_descriptive,none,200.0,Intervals condition on the observed employees and fixed fold/model-training protocol; they do not estimate model-training instability.,"Descriptive OOF subgroup audit only; gaps do not establish discrimination, fairness, or causality. Class-specific rows use their reported denominators. Intervals are pointwise; no multiplicity-adjusted or simultaneous inference.",1346,Gender | false_positive_rate | class 2.0
canonical_v2_20260714T221501Z_483f96f,51415c2ce68c89d9ce2b042b0a7a811fe3e98180b72460006f9d0465f6bf49b7,06c507bee525ea1daca43b61249764007d4d8baaa05c9333f23446ea723ce160,f1e358e99914563305428cece1b1595bc76a58643184407ec5b222162d650332,98ae57b622a56983192975c5bff94374ed51322f13c76af633c3c96ceb198cdd,support_aware_subgroup_diagnostics,"{""dataset_sha256"":""b8deac0a615b97076622ae540f4cfd0d3c3f1e7acb83ba3ff6560470a9ccf60a""}","{""policy"":""no_salary_hike_no_attrition""}",support_gated_descriptive_oof_subgroup_diagnostics,not_applicable_or_resolved_by_source_contract,pointwise_paired_stratified_percentile_bootstrap_5000_draws,subgroup_proxy/fairness_disparity_uncertainty.csv,f67613b45f85dc20b9d6fc5a8d1da2a2dc0c1f560762d7465817b5b7b0d74006,fairness_disparity_uncertainty,71,c1300316fe5baec24e789c06aec35dd4f283fa4843b71c7aab1edbf4818f8e91,d483d8ddb93a47a99a2eab54fe3d138d8f614798dd418bca860ea3f20c813f51,b8deac0a615b97076622ae540f4cfd0d3c3f1e7acb83ba3ff6560470a9ccf60a,ordinal_multiclass_performance,no_salary_hike_no_attrition,Gender,,protected_or_sensitive_descriptive_audit,,30,,policy_ablation_raw_uncalibrated_oof_probabilities,false_positive_rate,3.0,,,,10,,,support_aware_subgroup_disparity,0.0219841269841269,0.0018739169637965,0.1283640203391628,0.95,2.0,2.0,"[""Female"",""Male""]",475.0,126.0,5000.0,5000.0,1.0,3528e4377f9907c2a7c1b51806abf09e0ec2d5513da630618b0a0cb9950a37d0,paired_stratified_sample_level_percentile,fixed_from_complete_oof_before_resampling,support_sufficient_descriptive_estimate,True,pointwise_descriptive,none,200.0,Intervals condition on the observed employees and fixed fold/model-training protocol; they do not estimate model-training instability.,"Descriptive OOF subgroup audit only; gaps do not establish discrimination, fairness, or causality. Class-specific rows use their reported denominators. Intervals are pointwise; no multiplicity-adjusted or simultaneous inference.",1347,Gender | false_positive_rate | class 3.0
canonical_v2_20260714T221501Z_483f96f,51415c2ce68c89d9ce2b042b0a7a811fe3e98180b72460006f9d0465f6bf49b7,06c507bee525ea1daca43b61249764007d4d8baaa05c9333f23446ea723ce160,f1e358e99914563305428cece1b1595bc76a58643184407ec5b222162d650332,98ae57b622a56983192975c5bff94374ed51322f13c76af633c3c96ceb198cdd,support_aware_subgroup_diagnostics,"{""dataset_sha256"":""b8deac0a615b97076622ae540f4cfd0d3c3f1e7acb83ba3ff6560470a9ccf60a""}","{""policy"":""no_salary_hike_no_attrition""}",support_gated_descriptive_oof_subgroup_diagnostics,not_applicable_or_resolved_by_source_contract,pointwise_paired_stratified_percentile_bootstrap_5000_draws,subgroup_proxy/fairness_disparity_uncertainty.csv,f67613b45f85dc20b9d6fc5a8d1da2a2dc0c1f560762d7465817b5b7b0d74006,fairness_disparity_uncertainty,72,c1300316fe5baec24e789c06aec35dd4f283fa4843b71c7aab1edbf4818f8e91,d483d8ddb93a47a99a2eab54fe3d138d8f614798dd418bca860ea3f20c813f51,b8deac0a615b97076622ae540f4cfd0d3c3f1e7acb83ba3ff6560470a9ccf60a,ordinal_multiclass_performance,no_salary_hike_no_attrition,Gender,,protected_or_sensitive_descriptive_audit,,30,,policy_ablation_raw_uncalibrated_oof_probabilities,false_positive_rate,4.0,,,,10,,,support_aware_subgroup_disparity,0.0250498066330716,0.0012792273650076,0.0640206682350706,0.95,2.0,2.0,"[""Female"",""Male""]",475.0,424.0,5000.0,5000.0,1.0,3528e4377f9907c2a7c1b51806abf09e0ec2d5513da630618b0a0cb9950a37d0,paired_stratified_sample_level_percentile,fixed_from_complete_oof_before_resampling,support_sufficient_descriptive_estimate,True,pointwise_descriptive,none,200.0,Intervals condition on the observed employees and fixed fold/model-training protocol; they do not estimate model-training instability.,"Descriptive OOF subgroup audit only; gaps do not establish discrimination, fairness, or causality. Class-specific rows use their reported denominators. Intervals are pointwise; no multiplicity-adjusted or simultaneous inference.",1348,Gender | false_positive_rate | class 4.0
canonical_v2_20260714T221501Z_483f96f,51415c2ce68c89d9ce2b042b0a7a811fe3e98180b72460006f9d0465f6bf49b7,06c507bee525ea1daca43b61249764007d4d8baaa05c9333f23446ea723ce160,f1e358e99914563305428cece1b1595bc76a58643184407ec5b222162d650332,98ae57b622a56983192975c5bff94374ed51322f13c76af633c3c96ceb198cdd,support_aware_subgroup_diagnostics,"{""dataset_sha256"":""b8deac0a615b97076622ae540f4cfd0d3c3f1e7acb83ba3ff6560470a9ccf60a""}","{""policy"":""no_salary_hike_no_attrition""}",support_gated_descriptive_oof_subgroup_diagnostics,not_applicable_or_resolved_by_source_contract,pointwise_paired_stratified_percentile_bootstrap_5000_draws,subgroup_proxy/fairness_disparity_uncertainty.csv,f67613b45f85dc20b9d6fc5a8d1da2a2dc0c1f560762d7465817b5b7b0d74006,fairness_disparity_uncertainty,73,c1300316fe5baec24e789c06aec35dd4f283fa4843b71c7aab1edbf4818f8e91,d483d8ddb93a47a99a2eab54fe3d138d8f614798dd418bca860ea3f20c813f51,b8deac0a615b97076622ae540f4cfd0d3c3f1e7acb83ba3ff6560470a9ccf60a,ordinal_multiclass_performance,no_salary_hike_no_attrition,Gender,,protected_or_sensitive_descriptive_audit,,30,,policy_ablation_raw_uncalibrated_oof_probabilities,macro_f1,,,,,30,,,support_aware_subgroup_disparity,0.0436750982009662,0.0032035775785291,0.0927341073334683,0.95,2.0,2.0,"[""Female"",""Male""]",475.0,475.0,5000.0,5000.0,1.0,3528e4377f9907c2a7c1b51806abf09e0ec2d5513da630618b0a0cb9950a37d0,paired_stratified_sample_level_percentile,fixed_from_complete_oof_before_resampling,support_sufficient_descriptive_estimate,True,pointwise_descriptive,none,200.0,Intervals condition on the observed employees and fixed fold/model-training protocol; they do not estimate model-training instability.,"Descriptive OOF subgroup audit only; gaps do not establish discrimination, fairness, or causality. Class-specific rows use their reported denominators. Intervals are pointwise; no multiplicity-adjusted or simultaneous inference.",1349,Gender | macro_f1
canonical_v2_20260714T221501Z_483f96f,51415c2ce68c89d9ce2b042b0a7a811fe3e98180b72460006f9d0465f6bf49b7,06c507bee525ea1daca43b61249764007d4d8baaa05c9333f23446ea723ce160,f1e358e99914563305428cece1b1595bc76a58643184407ec5b222162d650332,98ae57b622a56983192975c5bff94374ed51322f13c76af633c3c96ceb198cdd,support_aware_subgroup_diagnostics,"{""dataset_sha256"":""b8deac0a615b97076622ae540f4cfd0d3c3f1e7acb83ba3ff6560470a9ccf60a""}","{""policy"":""no_salary_hike_no_attrition""}",support_gated_descriptive_oof_subgroup_diagnostics,not_applicable_or_resolved_by_source_contract,pointwise_paired_stratified_percentile_bootstrap_5000_draws,subgroup_proxy/fairness_disparity_uncertainty.csv,f67613b45f85dc20b9d6fc5a8d1da2a2dc0c1f560762d7465817b5b7b0d74006,fairness_disparity_uncertainty,74,c1300316fe5baec24e789c06aec35dd4f283fa4843b71c7aab1edbf4818f8e91,d483d8ddb93a47a99a2eab54fe3d138d8f614798dd418bca860ea3f20c813f51,b8deac0a615b97076622ae540f4cfd0d3c3f1e7acb83ba3ff6560470a9ccf60a,ordinal_multiclass_performance,no_salary_hike_no_attrition,Gender,,protected_or_sensitive_descriptive_audit,,30,,policy_ablation_raw_uncalibrated_oof_probabilities,mean_predicted_probability,2.0,,,,30,,,support_aware_subgroup_disparity,0.0111334134722119,0.0008627648669448,0.0498017740946801,0.95,2.0,2.0,"[""Female"",""Male""]",475.0,475.0,5000.0,5000.0,1.0,3528e4377f9907c2a7c1b51806abf09e0ec2d5513da630618b0a0cb9950a37d0,paired_stratified_sample_level_percentile,fixed_from_complete_oof_before_resampling,support_sufficient_descriptive_estimate,True,pointwise_descriptive,none,200.0,Intervals condition on the observed employees and fixed fold/model-training protocol; they do not estimate model-training instability.,"Descriptive OOF subgroup audit only; gaps do not establish discrimination, fairness, or causality. Class-specific rows use their reported denominators. Intervals are pointwise; no multiplicity-adjusted or simultaneous inference.",1350,Gender | mean_predicted_probability | class 2.0
canonical_v2_20260714T221501Z_483f96f,51415c2ce68c89d9ce2b042b0a7a811fe3e98180b72460006f9d0465f6bf49b7,06c507bee525ea1daca43b61249764007d4d8baaa05c9333f23446ea723ce160,f1e358e99914563305428cece1b1595bc76a58643184407ec5b222162d650332,98ae57b622a56983192975c5bff94374ed51322f13c76af633c3c96ceb198cdd,support_aware_subgroup_diagnostics,"{""dataset_sha256"":""b8deac0a615b97076622ae540f4cfd0d3c3f1e7acb83ba3ff6560470a9ccf60a""}","{""policy"":""no_salary_hike_no_attrition""}",support_gated_descriptive_oof_subgroup_diagnostics,not_applicable_or_resolved_by_source_contract,pointwise_paired_stratified_percentile_bootstrap_5000_draws,subgroup_proxy/fairness_disparity_uncertainty.csv,f67613b45f85dc20b9d6fc5a8d1da2a2dc0c1f560762d7465817b5b7b0d74006,fairness_disparity_uncertainty,75,c1300316fe5baec24e789c06aec35dd4f283fa4843b71c7aab1edbf4818f8e91,d483d8ddb93a47a99a2eab54fe3d138d8f614798dd418bca860ea3f20c813f51,b8deac0a615b97076622ae540f4cfd0d3c3f1e7acb83ba3ff6560470a9ccf60a,ordinal_multiclass_performance,no_salary_hike_no_attrition,Gender,,protected_or_sensitive_descriptive_audit,,30,,policy_ablation_raw_uncalibrated_oof_probabilities,mean_predicted_probability,3.0,,,,30,,,support_aware_subgroup_disparity,0.0187364489555899,0.0009952805215859,0.0524102727147143,0.95,2.0,2.0,"[""Female"",""Male""]",475.0,475.0,5000.0,5000.0,1.0,3528e4377f9907c2a7c1b51806abf09e0ec2d5513da630618b0a0cb9950a37d0,paired_stratified_sample_level_percentile,fixed_from_complete_oof_before_resampling,support_sufficient_descriptive_estimate,True,pointwise_descriptive,none,200.0,Intervals condition on the observed employees and fixed fold/model-training protocol; they do not estimate model-training instability.,"Descriptive OOF subgroup audit only; gaps do not establish discrimination, fairness, or causality. Class-specific rows use their reported denominators. Intervals are pointwise; no multiplicity-adjusted or simultaneous inference.",1351,Gender | mean_predicted_probability | class 3.0
canonical_v2_20260714T221501Z_483f96f,51415c2ce68c89d9ce2b042b0a7a811fe3e98180b72460006f9d0465f6bf49b7,06c507bee525ea1daca43b61249764007d4d8baaa05c9333f23446ea723ce160,f1e358e99914563305428cece1b1595bc76a58643184407ec5b222162d650332,98ae57b622a56983192975c5bff94374ed51322f13c76af633c3c96ceb198cdd,support_aware_subgroup_diagnostics,"{""dataset_sha256"":""b8deac0a615b97076622ae540f4cfd0d3c3f1e7acb83ba3ff6560470a9ccf60a""}","{""policy"":""no_salary_hike_no_attrition""}",support_gated_descriptive_oof_subgroup_diagnostics,not_applicable_or_resolved_by_source_contract,pointwise_paired_stratified_percentile_bootstrap_5000_draws,subgroup_proxy/fairness_disparity_uncertainty.csv,f67613b45f85dc20b9d6fc5a8d1da2a2dc0c1f560762d7465817b5b7b0d74006,fairness_disparity_uncertainty,76,c1300316fe5baec24e789c06aec35dd4f283fa4843b71c7aab1edbf4818f8e91,d483d8ddb93a47a99a2eab54fe3d138d8f614798dd418bca860ea3f20c813f51,b8deac0a615b97076622ae540f4cfd0d3c3f1e7acb83ba3ff6560470a9ccf60a,ordinal_multiclass_performance,no_salary_hike_no_attrition,Gender,,protected_or_sensitive_descriptive_audit,,30,,policy_ablation_raw_uncalibrated_oof_probabilities,mean_predicted_probability,4.0,,,,30,,,support_aware_subgroup_disparity,0.0076030354833779,0.0004546213288507,0.0303259298091657,0.95,2.0,2.0,"[""Female"",""Male""]",475.0,475.0,5000.0,5000.0,1.0,3528e4377f9907c2a7c1b51806abf09e0ec2d5513da630618b0a0cb9950a37d0,paired_stratified_sample_level_percentile,fixed_from_complete_oof_before_resampling,support_sufficient_descriptive_estimate,True,pointwise_descriptive,none,200.0,Intervals condition on the observed employees and fixed fold/model-training protocol; they do not estimate model-training instability.,"Descriptive OOF subgroup audit only; gaps do not establish discrimination, fairness, or causality. Class-specific rows use their reported denominators. Intervals are pointwise; no multiplicity-adjusted or simultaneous inference.",1352,Gender | mean_predicted_probability | class 4.0
canonical_v2_20260714T221501Z_483f96f,51415c2ce68c89d9ce2b042b0a7a811fe3e98180b72460006f9d0465f6bf49b7,06c507bee525ea1daca43b61249764007d4d8baaa05c9333f23446ea723ce160,f1e358e99914563305428cece1b1595bc76a58643184407ec5b222162d650332,98ae57b622a56983192975c5bff94374ed51322f13c76af633c3c96ceb198cdd,support_aware_subgroup_diagnostics,"{""dataset_sha256"":""b8deac0a615b97076622ae540f4cfd0d3c3f1e7acb83ba3ff6560470a9ccf60a""}","{""policy"":""no_salary_hike_no_attrition""}",support_gated_descriptive_oof_subgroup_diagnostics,not_applicable_or_resolved_by_source_contract,pointwise_paired_stratified_percentile_bootstrap_5000_draws,subgroup_proxy/fairness_disparity_uncertainty.csv,f67613b45f85dc20b9d6fc5a8d1da2a2dc0c1f560762d7465817b5b7b0d74006,fairness_disparity_uncertainty,77,c1300316fe5baec24e789c06aec35dd4f283fa4843b71c7aab1edbf4818f8e91,d483d8ddb93a47a99a2eab54fe3d138d8f614798dd418bca860ea3f20c813f51,b8deac0a615b97076622ae540f4cfd0d3c3f1e7acb83ba3ff6560470a9ccf60a,ordinal_multiclass_performance,no_salary_hike_no_attrition,Gender,,protected_or_sensitive_descriptive_audit,,30,,policy_ablation_raw_uncalibrated_oof_probabilities,positive_prediction_rate,2.0,,,,30,,,support_aware_subgroup_disparity,0.020617059891107,0.00119063448566,0.0624543197151424,0.95,2.0,2.0,"[""Female"",""Male""]",475.0,475.0,5000.0,5000.0,1.0,3528e4377f9907c2a7c1b51806abf09e0ec2d5513da630618b0a0cb9950a37d0,paired_stratified_sample_level_percentile,fixed_from_complete_oof_before_resampling,support_sufficient_descriptive_estimate,True,pointwise_descriptive,none,200.0,Intervals condition on the observed employees and fixed fold/model-training protocol; they do not estimate model-training instability.,"Descriptive OOF subgroup audit only; gaps do not establish discrimination, fairness, or causality. Class-specific rows use their reported denominators. Intervals are pointwise; no multiplicity-adjusted or simultaneous inference.",1353,Gender | positive_prediction_rate | class 2.0
canonical_v2_20260714T221501Z_483f96f,51415c2ce68c89d9ce2b042b0a7a811fe3e98180b72460006f9d0465f6bf49b7,06c507bee525ea1daca43b61249764007d4d8baaa05c9333f23446ea723ce160,f1e358e99914563305428cece1b1595bc76a58643184407ec5b222162d650332,98ae57b622a56983192975c5bff94374ed51322f13c76af633c3c96ceb198cdd,support_aware_subgroup_diagnostics,"{""dataset_sha256"":""b8deac0a615b97076622ae540f4cfd0d3c3f1e7acb83ba3ff6560470a9ccf60a""}","{""policy"":""no_salary_hike_no_attrition""}",support_gated_descriptive_oof_subgroup_diagnostics,not_applicable_or_resolved_by_source_contract,pointwise_paired_stratified_percentile_bootstrap_5000_draws,subgroup_proxy/fairness_disparity_uncertainty.csv,f67613b45f85dc20b9d6fc5a8d1da2a2dc0c1f560762d7465817b5b7b0d74006,fairness_disparity_uncertainty,78,c1300316fe5baec24e789c06aec35dd4f283fa4843b71c7aab1edbf4818f8e91,d483d8ddb93a47a99a2eab54fe3d138d8f614798dd418bca860ea3f20c813f51,b8deac0a615b97076622ae540f4cfd0d3c3f1e7acb83ba3ff6560470a9ccf60a,ordinal_multiclass_performance,no_salary_hike_no_attrition,Gender,,protected_or_sensitive_descriptive_audit,,30,,policy_ablation_raw_uncalibrated_oof_probabilities,positive_prediction_rate,3.0,,,,30,,,support_aware_subgroup_disparity,0.0413793103448275,0.0028399096643144,0.0933947129181477,0.95,2.0,2.0,"[""Female"",""Male""]",475.0,475.0,5000.0,5000.0,1.0,3528e4377f9907c2a7c1b51806abf09e0ec2d5513da630618b0a0cb9950a37d0,paired_stratified_sample_level_percentile,fixed_from_complete_oof_before_resampling,support_sufficient_descriptive_estimate,True,pointwise_descriptive,none,200.0,Intervals condition on the observed employees and fixed fold/model-training protocol; they do not estimate model-training instability.,"Descriptive OOF subgroup audit only; gaps do not establish discrimination, fairness, or causality. Class-specific rows use their reported denominators. Intervals are pointwise; no multiplicity-adjusted or simultaneous inference.",1354,Gender | positive_prediction_rate | class 3.0
canonical_v2_20260714T221501Z_483f96f,51415c2ce68c89d9ce2b042b0a7a811fe3e98180b72460006f9d0465f6bf49b7,06c507bee525ea1daca43b61249764007d4d8baaa05c9333f23446ea723ce160,f1e358e99914563305428cece1b1595bc76a58643184407ec5b222162d650332,98ae57b622a56983192975c5bff94374ed51322f13c76af633c3c96ceb198cdd,support_aware_subgroup_diagnostics,"{""dataset_sha256"":""b8deac0a615b97076622ae540f4cfd0d3c3f1e7acb83ba3ff6560470a9ccf60a""}","{""policy"":""no_salary_hike_no_attrition""}",support_gated_descriptive_oof_subgroup_diagnostics,not_applicable_or_resolved_by_source_contract,pointwise_paired_stratified_percentile_bootstrap_5000_draws,subgroup_proxy/fairness_disparity_uncertainty.csv,f67613b45f85dc20b9d6fc5a8d1da2a2dc0c1f560762d7465817b5b7b0d74006,fairness_disparity_uncertainty,79,c1300316fe5baec24e789c06aec35dd4f283fa4843b71c7aab1edbf4818f8e91,d483d8ddb93a47a99a2eab54fe3d138d8f614798dd418bca860ea3f20c813f51,b8deac0a615b97076622ae540f4cfd0d3c3f1e7acb83ba3ff6560470a9ccf60a,ordinal_multiclass_performance,no_salary_hike_no_attrition,Gender,,protected_or_sensitive_descriptive_audit,,30,,policy_ablation_raw_uncalibrated_oof_probabilities,positive_prediction_rate,4.0,,,,30,,,support_aware_subgroup_disparity,0.0207622504537205,0.0011075463924295,0.0581096725879606,0.95,2.0,2.0,"[""Female"",""Male""]",475.0,475.0,5000.0,5000.0,1.0,3528e4377f9907c2a7c1b51806abf09e0ec2d5513da630618b0a0cb9950a37d0,paired_stratified_sample_level_percentile,fixed_from_complete_oof_before_resampling,support_sufficient_descriptive_estimate,True,pointwise_descriptive,none,200.0,Intervals condition on the observed employees and fixed fold/model-training protocol; they do not estimate model-training instability.,"Descriptive OOF subgroup audit only; gaps do not establish discrimination, fairness, or causality. Class-specific rows use their reported denominators. Intervals are pointwise; no multiplicity-adjusted or simultaneous inference.",1355,Gender | positive_prediction_rate | class 4.0
canonical_v2_20260714T221501Z_483f96f,51415c2ce68c89d9ce2b042b0a7a811fe3e98180b72460006f9d0465f6bf49b7,06c507bee525ea1daca43b61249764007d4d8baaa05c9333f23446ea723ce160,f1e358e99914563305428cece1b1595bc76a58643184407ec5b222162d650332,98ae57b622a56983192975c5bff94374ed51322f13c76af633c3c96ceb198cdd,support_aware_subgroup_diagnostics,"{""dataset_sha256"":""b8deac0a615b97076622ae540f4cfd0d3c3f1e7acb83ba3ff6560470a9ccf60a""}","{""policy"":""no_salary_hike_no_attrition""}",support_gated_descriptive_oof_subgroup_diagnostics,not_applicable_or_resolved_by_source_contract,pointwise_paired_stratified_percentile_bootstrap_5000_draws,subgroup_proxy/fairness_disparity_uncertainty.csv,f67613b45f85dc20b9d6fc5a8d1da2a2dc0c1f560762d7465817b5b7b0d74006,fairness_disparity_uncertainty,80,c1300316fe5baec24e789c06aec35dd4f283fa4843b71c7aab1edbf4818f8e91,d483d8ddb93a47a99a2eab54fe3d138d8f614798dd418bca860ea3f20c813f51,b8deac0a615b97076622ae540f4cfd0d3c3f1e7acb83ba3ff6560470a9ccf60a,ordinal_multiclass_performance,no_salary_hike_no_attrition,Gender,,protected_or_sensitive_descriptive_audit,,30,,policy_ablation_raw_uncalibrated_oof_probabilities,precision,2.0,,,,10,,,support_aware_subgroup_disparity,0.0935706084959816,0.0090111649498508,0.1898511107313738,0.95,2.0,2.0,"[""Female"",""Male""]",475.0,78.0,5000.0,5000.0,1.0,3528e4377f9907c2a7c1b51806abf09e0ec2d5513da630618b0a0cb9950a37d0,paired_stratified_sample_level_percentile,fixed_from_complete_oof_before_resampling,support_sufficient_descriptive_estimate,True,pointwise_descriptive,none,200.0,Intervals condition on the observed employees and fixed fold/model-training protocol; they do not estimate model-training instability.,"Descriptive OOF subgroup audit only; gaps do not establish discrimination, fairness, or causality. Class-specific rows use their reported denominators. Intervals are pointwise; no multiplicity-adjusted or simultaneous inference.",1356,Gender | precision | class 2.0
canonical_v2_20260714T221501Z_483f96f,51415c2ce68c89d9ce2b042b0a7a811fe3e98180b72460006f9d0465f6bf49b7,06c507bee525ea1daca43b61249764007d4d8baaa05c9333f23446ea723ce160,f1e358e99914563305428cece1b1595bc76a58643184407ec5b222162d650332,98ae57b622a56983192975c5bff94374ed51322f13c76af633c3c96ceb198cdd,support_aware_subgroup_diagnostics,"{""dataset_sha256"":""b8deac0a615b97076622ae540f4cfd0d3c3f1e7acb83ba3ff6560470a9ccf60a""}","{""policy"":""no_salary_hike_no_attrition""}",support_gated_descriptive_oof_subgroup_diagnostics,not_applicable_or_resolved_by_source_contract,pointwise_paired_stratified_percentile_bootstrap_5000_draws,subgroup_proxy/fairness_disparity_uncertainty.csv,f67613b45f85dc20b9d6fc5a8d1da2a2dc0c1f560762d7465817b5b7b0d74006,fairness_disparity_uncertainty,81,c1300316fe5baec24e789c06aec35dd4f283fa4843b71c7aab1edbf4818f8e91,d483d8ddb93a47a99a2eab54fe3d138d8f614798dd418bca860ea3f20c813f51,b8deac0a615b97076622ae540f4cfd0d3c3f1e7acb83ba3ff6560470a9ccf60a,ordinal_multiclass_performance,no_salary_hike_no_attrition,Gender,,protected_or_sensitive_descriptive_audit,,30,,policy_ablation_raw_uncalibrated_oof_probabilities,precision,3.0,,,,10,,,support_aware_subgroup_disparity,0.0231422051062615,0.0011800160817704,0.0697643402600119,0.95,2.0,2.0,"[""Female"",""Male""]",475.0,342.0,5000.0,5000.0,1.0,3528e4377f9907c2a7c1b51806abf09e0ec2d5513da630618b0a0cb9950a37d0,paired_stratified_sample_level_percentile,fixed_from_complete_oof_before_resampling,support_sufficient_descriptive_estimate,True,pointwise_descriptive,none,200.0,Intervals condition on the observed employees and fixed fold/model-training protocol; they do not estimate model-training instability.,"Descriptive OOF subgroup audit only; gaps do not establish discrimination, fairness, or causality. Class-specific rows use their reported denominators. Intervals are pointwise; no multiplicity-adjusted or simultaneous inference.",1357,Gender | precision | class 3.0
canonical_v2_20260714T221501Z_483f96f,51415c2ce68c89d9ce2b042b0a7a811fe3e98180b72460006f9d0465f6bf49b7,06c507bee525ea1daca43b61249764007d4d8baaa05c9333f23446ea723ce160,f1e358e99914563305428cece1b1595bc76a58643184407ec5b222162d650332,98ae57b622a56983192975c5bff94374ed51322f13c76af633c3c96ceb198cdd,support_aware_subgroup_diagnostics,"{""dataset_sha256"":""b8deac0a615b97076622ae540f4cfd0d3c3f1e7acb83ba3ff6560470a9ccf60a""}","{""policy"":""no_salary_hike_no_attrition""}",support_gated_descriptive_oof_subgroup_diagnostics,not_applicable_or_resolved_by_source_contract,pointwise_paired_stratified_percentile_bootstrap_5000_draws,subgroup_proxy/fairness_disparity_uncertainty.csv,f67613b45f85dc20b9d6fc5a8d1da2a2dc0c1f560762d7465817b5b7b0d74006,fairness_disparity_uncertainty,82,c1300316fe5baec24e789c06aec35dd4f283fa4843b71c7aab1edbf4818f8e91,d483d8ddb93a47a99a2eab54fe3d138d8f614798dd418bca860ea3f20c813f51,b8deac0a615b97076622ae540f4cfd0d3c3f1e7acb83ba3ff6560470a9ccf60a,ordinal_multiclass_performance,no_salary_hike_no_attrition,Gender,,protected_or_sensitive_descriptive_audit,,30,,policy_ablation_raw_uncalibrated_oof_probabilities,precision,4.0,,,,10,,,support_aware_subgroup_disparity,0.0323232323232323,0.0019946069966326,0.1410023946599219,0.95,2.0,2.0,"[""Female"",""Male""]",475.0,55.0,5000.0,5000.0,1.0,3528e4377f9907c2a7c1b51806abf09e0ec2d5513da630618b0a0cb9950a37d0,paired_stratified_sample_level_percentile,fixed_from_complete_oof_before_resampling,support_sufficient_descriptive_estimate,True,pointwise_descriptive,none,200.0,Intervals condition on the observed employees and fixed fold/model-training protocol; they do not estimate model-training instability.,"Descriptive OOF subgroup audit only; gaps do not establish discrimination, fairness, or causality. Class-specific rows use their reported denominators. Intervals are pointwise; no multiplicity-adjusted or simultaneous inference.",1358,Gender | precision | class 4.0
canonical_v2_20260714T221501Z_483f96f,51415c2ce68c89d9ce2b042b0a7a811fe3e98180b72460006f9d0465f6bf49b7,06c507bee525ea1daca43b61249764007d4d8baaa05c9333f23446ea723ce160,f1e358e99914563305428cece1b1595bc76a58643184407ec5b222162d650332,98ae57b622a56983192975c5bff94374ed51322f13c76af633c3c96ceb198cdd,support_aware_subgroup_diagnostics,"{""dataset_sha256"":""b8deac0a615b97076622ae540f4cfd0d3c3f1e7acb83ba3ff6560470a9ccf60a""}","{""policy"":""no_salary_hike_no_attrition""}",support_gated_descriptive_oof_subgroup_diagnostics,not_applicable_or_resolved_by_source_contract,pointwise_paired_stratified_percentile_bootstrap_5000_draws,subgroup_proxy/fairness_disparity_uncertainty.csv,f67613b45f85dc20b9d6fc5a8d1da2a2dc0c1f560762d7465817b5b7b0d74006,fairness_disparity_uncertainty,83,c1300316fe5baec24e789c06aec35dd4f283fa4843b71c7aab1edbf4818f8e91,d483d8ddb93a47a99a2eab54fe3d138d8f614798dd418bca860ea3f20c813f51,b8deac0a615b97076622ae540f4cfd0d3c3f1e7acb83ba3ff6560470a9ccf60a,ordinal_multiclass_performance,no_salary_hike_no_attrition,Gender,,protected_or_sensitive_descriptive_audit,,30,,policy_ablation_raw_uncalibrated_oof_probabilities,true_positive_rate,2.0,,,,10,,,support_aware_subgroup_disparity,0.0292436974789915,0.0015408538027788,0.1063434217955956,0.95,2.0,2.0,"[""Female"",""Male""]",475.0,75.0,5000.0,5000.0,1.0,3528e4377f9907c2a7c1b51806abf09e0ec2d5513da630618b0a0cb9950a37d0,paired_stratified_sample_level_percentile,fixed_from_complete_oof_before_resampling,support_sufficient_descriptive_estimate,True,pointwise_descriptive,none,200.0,Intervals condition on the observed employees and fixed fold/model-training protocol; they do not estimate model-training instability.,"Descriptive OOF subgroup audit only; gaps do not establish discrimination, fairness, or causality. Class-specific rows use their reported denominators. Intervals are pointwise; no multiplicity-adjusted or simultaneous inference.",1359,Gender | true_positive_rate | class 2.0
canonical_v2_20260714T221501Z_483f96f,51415c2ce68c89d9ce2b042b0a7a811fe3e98180b72460006f9d0465f6bf49b7,06c507bee525ea1daca43b61249764007d4d8baaa05c9333f23446ea723ce160,f1e358e99914563305428cece1b1595bc76a58643184407ec5b222162d650332,98ae57b622a56983192975c5bff94374ed51322f13c76af633c3c96ceb198cdd,support_aware_subgroup_diagnostics,"{""dataset_sha256"":""b8deac0a615b97076622ae540f4cfd0d3c3f1e7acb83ba3ff6560470a9ccf60a""}","{""policy"":""no_salary_hike_no_attrition""}",support_gated_descriptive_oof_subgroup_diagnostics,not_applicable_or_resolved_by_source_contract,pointwise_paired_stratified_percentile_bootstrap_5000_draws,subgroup_proxy/fairness_disparity_uncertainty.csv,f67613b45f85dc20b9d6fc5a8d1da2a2dc0c1f560762d7465817b5b7b0d74006,fairness_disparity_uncertainty,84,c1300316fe5baec24e789c06aec35dd4f283fa4843b71c7aab1edbf4818f8e91,d483d8ddb93a47a99a2eab54fe3d138d8f614798dd418bca860ea3f20c813f51,b8deac0a615b97076622ae540f4cfd0d3c3f1e7acb83ba3ff6560470a9ccf60a,ordinal_multiclass_performance,no_salary_hike_no_attrition,Gender,,protected_or_sensitive_descriptive_audit,,30,,policy_ablation_raw_uncalibrated_oof_probabilities,true_positive_rate,3.0,,,,10,,,support_aware_subgroup_disparity,0.0586055396370582,0.0097056720083035,0.1108576273769618,0.95,2.0,2.0,"[""Female"",""Male""]",475.0,349.0,5000.0,5000.0,1.0,3528e4377f9907c2a7c1b51806abf09e0ec2d5513da630618b0a0cb9950a37d0,paired_stratified_sample_level_percentile,fixed_from_complete_oof_before_resampling,support_sufficient_descriptive_estimate,True,pointwise_descriptive,none,200.0,Intervals condition on the observed employees and fixed fold/model-training protocol; they do not estimate model-training instability.,"Descriptive OOF subgroup audit only; gaps do not establish discrimination, fairness, or causality. Class-specific rows use their reported denominators. Intervals are pointwise; no multiplicity-adjusted or simultaneous inference.",1360,Gender | true_positive_rate | class 3.0
canonical_v2_20260714T221501Z_483f96f,51415c2ce68c89d9ce2b042b0a7a811fe3e98180b72460006f9d0465f6bf49b7,06c507bee525ea1daca43b61249764007d4d8baaa05c9333f23446ea723ce160,f1e358e99914563305428cece1b1595bc76a58643184407ec5b222162d650332,98ae57b622a56983192975c5bff94374ed51322f13c76af633c3c96ceb198cdd,support_aware_subgroup_diagnostics,"{""dataset_sha256"":""b8deac0a615b97076622ae540f4cfd0d3c3f1e7acb83ba3ff6560470a9ccf60a""}","{""policy"":""no_salary_hike_no_attrition""}",support_gated_descriptive_oof_subgroup_diagnostics,not_applicable_or_resolved_by_source_contract,pointwise_paired_stratified_percentile_bootstrap_5000_draws,subgroup_proxy/fairness_disparity_uncertainty.csv,f67613b45f85dc20b9d6fc5a8d1da2a2dc0c1f560762d7465817b5b7b0d74006,fairness_disparity_uncertainty,85,c1300316fe5baec24e789c06aec35dd4f283fa4843b71c7aab1edbf4818f8e91,d483d8ddb93a47a99a2eab54fe3d138d8f614798dd418bca860ea3f20c813f51,b8deac0a615b97076622ae540f4cfd0d3c3f1e7acb83ba3ff6560470a9ccf60a,ordinal_multiclass_performance,no_salary_hike_no_attrition,Gender,,protected_or_sensitive_descriptive_audit,,30,,policy_ablation_raw_uncalibrated_oof_probabilities,true_positive_rate,4.0,,,,10,,,support_aware_subgroup_disparity,0.0159767610748003,0.0019230769230769,0.1446526457321635,0.95,2.0,2.0,"[""Female"",""Male""]",475.0,51.0,5000.0,5000.0,1.0,3528e4377f9907c2a7c1b51806abf09e0ec2d5513da630618b0a0cb9950a37d0,paired_stratified_sample_level_percentile,fixed_from_complete_oof_before_resampling,support_sufficient_descriptive_estimate,True,pointwise_descriptive,none,200.0,Intervals condition on the observed employees and fixed fold/model-training protocol; they do not estimate model-training instability.,"Descriptive OOF subgroup audit only; gaps do not establish discrimination, fairness, or causality. Class-specific rows use their reported denominators. Intervals are pointwise; no multiplicity-adjusted or simultaneous inference.",1361,Gender | true_positive_rate | class 4.0
canonical_v2_20260714T221501Z_483f96f,51415c2ce68c89d9ce2b042b0a7a811fe3e98180b72460006f9d0465f6bf49b7,06c507bee525ea1daca43b61249764007d4d8baaa05c9333f23446ea723ce160,f1e358e99914563305428cece1b1595bc76a58643184407ec5b222162d650332,98ae57b622a56983192975c5bff94374ed51322f13c76af633c3c96ceb198cdd,support_aware_subgroup_diagnostics,"{""dataset_sha256"":""b8deac0a615b97076622ae540f4cfd0d3c3f1e7acb83ba3ff6560470a9ccf60a""}","{""policy"":""no_salary_hike_no_attrition""}",support_gated_descriptive_oof_subgroup_diagnostics,not_applicable_or_resolved_by_source_contract,pointwise_paired_stratified_percentile_bootstrap_5000_draws,subgroup_proxy/fairness_disparity_uncertainty.csv,f67613b45f85dc20b9d6fc5a8d1da2a2dc0c1f560762d7465817b5b7b0d74006,fairness_disparity_uncertainty,86,c1300316fe5baec24e789c06aec35dd4f283fa4843b71c7aab1edbf4818f8e91,d483d8ddb93a47a99a2eab54fe3d138d8f614798dd418bca860ea3f20c813f51,b8deac0a615b97076622ae540f4cfd0d3c3f1e7acb83ba3ff6560470a9ccf60a,ordinal_multiclass_performance,no_salary_hike_no_attrition,MaritalStatus,,protected_or_sensitive_descriptive_audit,,30,,policy_ablation_raw_uncalibrated_oof_probabilities,accuracy,,,,,30,,,support_aware_subgroup_disparity,0.0302235401459853,0.0091833932953637,0.0993598148488635,0.95,3.0,3.0,"[""Divorced"",""Married"",""Single""]",268.0,268.0,5000.0,5000.0,1.0,3528e4377f9907c2a7c1b51806abf09e0ec2d5513da630618b0a0cb9950a37d0,paired_stratified_sample_level_percentile,fixed_from_complete_oof_before_resampling,support_sufficient_descriptive_estimate,True,pointwise_descriptive,none,200.0,Intervals condition on the observed employees and fixed fold/model-training protocol; they do not estimate model-training instability.,"Descriptive OOF subgroup audit only; gaps do not establish discrimination, fairness, or causality. Class-specific rows use their reported denominators. Intervals are pointwise; no multiplicity-adjusted or simultaneous inference.",1362,MaritalStatus | accuracy
canonical_v2_20260714T221501Z_483f96f,51415c2ce68c89d9ce2b042b0a7a811fe3e98180b72460006f9d0465f6bf49b7,06c507bee525ea1daca43b61249764007d4d8baaa05c9333f23446ea723ce160,f1e358e99914563305428cece1b1595bc76a58643184407ec5b222162d650332,98ae57b622a56983192975c5bff94374ed51322f13c76af633c3c96ceb198cdd,support_aware_subgroup_diagnostics,"{""dataset_sha256"":""b8deac0a615b97076622ae540f4cfd0d3c3f1e7acb83ba3ff6560470a9ccf60a""}","{""policy"":""no_salary_hike_no_attrition""}",support_gated_descriptive_oof_subgroup_diagnostics,not_applicable_or_resolved_by_source_contract,pointwise_paired_stratified_percentile_bootstrap_5000_draws,subgroup_proxy/fairness_disparity_uncertainty.csv,f67613b45f85dc20b9d6fc5a8d1da2a2dc0c1f560762d7465817b5b7b0d74006,fairness_disparity_uncertainty,87,c1300316fe5baec24e789c06aec35dd4f283fa4843b71c7aab1edbf4818f8e91,d483d8ddb93a47a99a2eab54fe3d138d8f614798dd418bca860ea3f20c813f51,b8deac0a615b97076622ae540f4cfd0d3c3f1e7acb83ba3ff6560470a9ccf60a,ordinal_multiclass_performance,no_salary_hike_no_attrition,MaritalStatus,,protected_or_sensitive_descriptive_audit,,30,,policy_ablation_raw_uncalibrated_oof_probabilities,false_positive_rate,2.0,,,,10,,,support_aware_subgroup_disparity,0.0317911255411255,0.0110991441127021,0.0576358898055712,0.95,3.0,3.0,"[""Divorced"",""Married"",""Single""]",268.0,231.0,5000.0,5000.0,1.0,3528e4377f9907c2a7c1b51806abf09e0ec2d5513da630618b0a0cb9950a37d0,paired_stratified_sample_level_percentile,fixed_from_complete_oof_before_resampling,support_sufficient_descriptive_estimate,True,pointwise_descriptive,none,200.0,Intervals condition on the observed employees and fixed fold/model-training protocol; they do not estimate model-training instability.,"Descriptive OOF subgroup audit only; gaps do not establish discrimination, fairness, or causality. Class-specific rows use their reported denominators. Intervals are pointwise; no multiplicity-adjusted or simultaneous inference.",1363,MaritalStatus | false_positive_rate | class 2.0
canonical_v2_20260714T221501Z_483f96f,51415c2ce68c89d9ce2b042b0a7a811fe3e98180b72460006f9d0465f6bf49b7,06c507bee525ea1daca43b61249764007d4d8baaa05c9333f23446ea723ce160,f1e358e99914563305428cece1b1595bc76a58643184407ec5b222162d650332,98ae57b622a56983192975c5bff94374ed51322f13c76af633c3c96ceb198cdd,support_aware_subgroup_diagnostics,"{""dataset_sha256"":""b8deac0a615b97076622ae540f4cfd0d3c3f1e7acb83ba3ff6560470a9ccf60a""}","{""policy"":""no_salary_hike_no_attrition""}",support_gated_descriptive_oof_subgroup_diagnostics,not_applicable_or_resolved_by_source_contract,pointwise_paired_stratified_percentile_bootstrap_5000_draws,subgroup_proxy/fairness_disparity_uncertainty.csv,f67613b45f85dc20b9d6fc5a8d1da2a2dc0c1f560762d7465817b5b7b0d74006,fairness_disparity_uncertainty,88,c1300316fe5baec24e789c06aec35dd4f283fa4843b71c7aab1edbf4818f8e91,d483d8ddb93a47a99a2eab54fe3d138d8f614798dd418bca860ea3f20c813f51,b8deac0a615b97076622ae540f4cfd0d3c3f1e7acb83ba3ff6560470a9ccf60a,ordinal_multiclass_performance,no_salary_hike_no_attrition,MaritalStatus,,protected_or_sensitive_descriptive_audit,,30,,policy_ablation_raw_uncalibrated_oof_probabilities,false_positive_rate,3.0,,,,10,,,support_aware_subgroup_disparity,0.0775388291517323,0.0228994985891863,0.2246486411389556,0.95,3.0,3.0,"[""Divorced"",""Married"",""Single""]",268.0,63.0,5000.0,5000.0,1.0,3528e4377f9907c2a7c1b51806abf09e0ec2d5513da630618b0a0cb9950a37d0,paired_stratified_sample_level_percentile,fixed_from_complete_oof_before_resampling,support_sufficient_descriptive_estimate,True,pointwise_descriptive,none,200.0,Intervals condition on the observed employees and fixed fold/model-training protocol; they do not estimate model-training instability.,"Descriptive OOF subgroup audit only; gaps do not establish discrimination, fairness, or causality. Class-specific rows use their reported denominators. Intervals are pointwise; no multiplicity-adjusted or simultaneous inference.",1364,MaritalStatus | false_positive_rate | class 3.0
canonical_v2_20260714T221501Z_483f96f,51415c2ce68c89d9ce2b042b0a7a811fe3e98180b72460006f9d0465f6bf49b7,06c507bee525ea1daca43b61249764007d4d8baaa05c9333f23446ea723ce160,f1e358e99914563305428cece1b1595bc76a58643184407ec5b222162d650332,98ae57b622a56983192975c5bff94374ed51322f13c76af633c3c96ceb198cdd,support_aware_subgroup_diagnostics,"{""dataset_sha256"":""b8deac0a615b97076622ae540f4cfd0d3c3f1e7acb83ba3ff6560470a9ccf60a""}","{""policy"":""no_salary_hike_no_attrition""}",support_gated_descriptive_oof_subgroup_diagnostics,not_applicable_or_resolved_by_source_contract,pointwise_paired_stratified_percentile_bootstrap_5000_draws,subgroup_proxy/fairness_disparity_uncertainty.csv,f67613b45f85dc20b9d6fc5a8d1da2a2dc0c1f560762d7465817b5b7b0d74006,fairness_disparity_uncertainty,89,c1300316fe5baec24e789c06aec35dd4f283fa4843b71c7aab1edbf4818f8e91,d483d8ddb93a47a99a2eab54fe3d138d8f614798dd418bca860ea3f20c813f51,b8deac0a615b97076622ae540f4cfd0d3c3f1e7acb83ba3ff6560470a9ccf60a,ordinal_multiclass_performance,no_salary_hike_no_attrition,MaritalStatus,,protected_or_sensitive_descriptive_audit,,30,,policy_ablation_raw_uncalibrated_oof_probabilities,false_positive_rate,4.0,,,,10,,,support_aware_subgroup_disparity,0.0329907967746802,0.0093885296606146,0.0892684393624062,0.95,3.0,3.0,"[""Divorced"",""Married"",""Single""]",268.0,242.0,5000.0,5000.0,1.0,3528e4377f9907c2a7c1b51806abf09e0ec2d5513da630618b0a0cb9950a37d0,paired_stratified_sample_level_percentile,fixed_from_complete_oof_before_resampling,support_sufficient_descriptive_estimate,True,pointwise_descriptive,none,200.0,Intervals condition on the observed employees and fixed fold/model-training protocol; they do not estimate model-training instability.,"Descriptive OOF subgroup audit only; gaps do not establish discrimination, fairness, or causality. Class-specific rows use their reported denominators. Intervals are pointwise; no multiplicity-adjusted or simultaneous inference.",1365,MaritalStatus | false_positive_rate | class 4.0
canonical_v2_20260714T221501Z_483f96f,51415c2ce68c89d9ce2b042b0a7a811fe3e98180b72460006f9d0465f6bf49b7,06c507bee525ea1daca43b61249764007d4d8baaa05c9333f23446ea723ce160,f1e358e99914563305428cece1b1595bc76a58643184407ec5b222162d650332,98ae57b622a56983192975c5bff94374ed51322f13c76af633c3c96ceb198cdd,support_aware_subgroup_diagnostics,"{""dataset_sha256"":""b8deac0a615b97076622ae540f4cfd0d3c3f1e7acb83ba3ff6560470a9ccf60a""}","{""policy"":""no_salary_hike_no_attrition""}",support_gated_descriptive_oof_subgroup_diagnostics,not_applicable_or_resolved_by_source_contract,pointwise_paired_stratified_percentile_bootstrap_5000_draws,subgroup_proxy/fairness_disparity_uncertainty.csv,f67613b45f85dc20b9d6fc5a8d1da2a2dc0c1f560762d7465817b5b7b0d74006,fairness_disparity_uncertainty,90,c1300316fe5baec24e789c06aec35dd4f283fa4843b71c7aab1edbf4818f8e91,d483d8ddb93a47a99a2eab54fe3d138d8f614798dd418bca860ea3f20c813f51,b8deac0a615b97076622ae540f4cfd0d3c3f1e7acb83ba3ff6560470a9ccf60a,ordinal_multiclass_performance,no_salary_hike_no_attrition,MaritalStatus,,protected_or_sensitive_descriptive_audit,,30,,policy_ablation_raw_uncalibrated_oof_probabilities,macro_f1,,,,,30,,,support_aware_subgroup_disparity,0.0108106291407903,0.0075510929695124,0.0876134724881069,0.95,3.0,3.0,"[""Divorced"",""Married"",""Single""]",268.0,268.0,5000.0,5000.0,1.0,3528e4377f9907c2a7c1b51806abf09e0ec2d5513da630618b0a0cb9950a37d0,paired_stratified_sample_level_percentile,fixed_from_complete_oof_before_resampling,support_sufficient_descriptive_estimate,True,pointwise_descriptive,none,200.0,Intervals condition on the observed employees and fixed fold/model-training protocol; they do not estimate model-training instability.,"Descriptive OOF subgroup audit only; gaps do not establish discrimination, fairness, or causality. Class-specific rows use their reported denominators. Intervals are pointwise; no multiplicity-adjusted or simultaneous inference.",1366,MaritalStatus | macro_f1
canonical_v2_20260714T221501Z_483f96f,51415c2ce68c89d9ce2b042b0a7a811fe3e98180b72460006f9d0465f6bf49b7,06c507bee525ea1daca43b61249764007d4d8baaa05c9333f23446ea723ce160,f1e358e99914563305428cece1b1595bc76a58643184407ec5b222162d650332,98ae57b622a56983192975c5bff94374ed51322f13c76af633c3c96ceb198cdd,support_aware_subgroup_diagnostics,"{""dataset_sha256"":""b8deac0a615b97076622ae540f4cfd0d3c3f1e7acb83ba3ff6560470a9ccf60a""}","{""policy"":""no_salary_hike_no_attrition""}",support_gated_descriptive_oof_subgroup_diagnostics,not_applicable_or_resolved_by_source_contract,pointwise_paired_stratified_percentile_bootstrap_5000_draws,subgroup_proxy/fairness_disparity_uncertainty.csv,f67613b45f85dc20b9d6fc5a8d1da2a2dc0c1f560762d7465817b5b7b0d74006,fairness_disparity_uncertainty,91,c1300316fe5baec24e789c06aec35dd4f283fa4843b71c7aab1edbf4818f8e91,d483d8ddb93a47a99a2eab54fe3d138d8f614798dd418bca860ea3f20c813f51,b8deac0a615b97076622ae540f4cfd0d3c3f1e7acb83ba3ff6560470a9ccf60a,ordinal_multiclass_performance,no_salary_hike_no_attrition,MaritalStatus,,protected_or_sensitive_descriptive_audit,,30,,policy_ablation_raw_uncalibrated_oof_probabilities,mean_predicted_probability,2.0,,,,30,,,support_aware_subgroup_disparity,0.068378034427566,0.0274729082046011,0.1146319482237278,0.95,3.0,3.0,"[""Divorced"",""Married"",""Single""]",268.0,268.0,5000.0,5000.0,1.0,3528e4377f9907c2a7c1b51806abf09e0ec2d5513da630618b0a0cb9950a37d0,paired_stratified_sample_level_percentile,fixed_from_complete_oof_before_resampling,support_sufficient_descriptive_estimate,True,pointwise_descriptive,none,200.0,Intervals condition on the observed employees and fixed fold/model-training protocol; they do not estimate model-training instability.,"Descriptive OOF subgroup audit only; gaps do not establish discrimination, fairness, or causality. Class-specific rows use their reported denominators. Intervals are pointwise; no multiplicity-adjusted or simultaneous inference.",1367,MaritalStatus | mean_predicted_probability | class 2.0
canonical_v2_20260714T221501Z_483f96f,51415c2ce68c89d9ce2b042b0a7a811fe3e98180b72460006f9d0465f6bf49b7,06c507bee525ea1daca43b61249764007d4d8baaa05c9333f23446ea723ce160,f1e358e99914563305428cece1b1595bc76a58643184407ec5b222162d650332,98ae57b622a56983192975c5bff94374ed51322f13c76af633c3c96ceb198cdd,support_aware_subgroup_diagnostics,"{""dataset_sha256"":""b8deac0a615b97076622ae540f4cfd0d3c3f1e7acb83ba3ff6560470a9ccf60a""}","{""policy"":""no_salary_hike_no_attrition""}",support_gated_descriptive_oof_subgroup_diagnostics,not_applicable_or_resolved_by_source_contract,pointwise_paired_stratified_percentile_bootstrap_5000_draws,subgroup_proxy/fairness_disparity_uncertainty.csv,f67613b45f85dc20b9d6fc5a8d1da2a2dc0c1f560762d7465817b5b7b0d74006,fairness_disparity_uncertainty,92,c1300316fe5baec24e789c06aec35dd4f283fa4843b71c7aab1edbf4818f8e91,d483d8ddb93a47a99a2eab54fe3d138d8f614798dd418bca860ea3f20c813f51,b8deac0a615b97076622ae540f4cfd0d3c3f1e7acb83ba3ff6560470a9ccf60a,ordinal_multiclass_performance,no_salary_hike_no_attrition,MaritalStatus,,protected_or_sensitive_descriptive_audit,,30,,policy_ablation_raw_uncalibrated_oof_probabilities,mean_predicted_probability,3.0,,,,30,,,support_aware_subgroup_disparity,0.0419890462458475,0.0135073238364967,0.084516135012982,0.95,3.0,3.0,"[""Divorced"",""Married"",""Single""]",268.0,268.0,5000.0,5000.0,1.0,3528e4377f9907c2a7c1b51806abf09e0ec2d5513da630618b0a0cb9950a37d0,paired_stratified_sample_level_percentile,fixed_from_complete_oof_before_resampling,support_sufficient_descriptive_estimate,True,pointwise_descriptive,none,200.0,Intervals condition on the observed employees and fixed fold/model-training protocol; they do not estimate model-training instability.,"Descriptive OOF subgroup audit only; gaps do not establish discrimination, fairness, or causality. Class-specific rows use their reported denominators. Intervals are pointwise; no multiplicity-adjusted or simultaneous inference.",1368,MaritalStatus | mean_predicted_probability | class 3.0
canonical_v2_20260714T221501Z_483f96f,51415c2ce68c89d9ce2b042b0a7a811fe3e98180b72460006f9d0465f6bf49b7,06c507bee525ea1daca43b61249764007d4d8baaa05c9333f23446ea723ce160,f1e358e99914563305428cece1b1595bc76a58643184407ec5b222162d650332,98ae57b622a56983192975c5bff94374ed51322f13c76af633c3c96ceb198cdd,support_aware_subgroup_diagnostics,"{""dataset_sha256"":""b8deac0a615b97076622ae540f4cfd0d3c3f1e7acb83ba3ff6560470a9ccf60a""}","{""policy"":""no_salary_hike_no_attrition""}",support_gated_descriptive_oof_subgroup_diagnostics,not_applicable_or_resolved_by_source_contract,pointwise_paired_stratified_percentile_bootstrap_5000_draws,subgroup_proxy/fairness_disparity_uncertainty.csv,f67613b45f85dc20b9d6fc5a8d1da2a2dc0c1f560762d7465817b5b7b0d74006,fairness_disparity_uncertainty,93,c1300316fe5baec24e789c06aec35dd4f283fa4843b71c7aab1edbf4818f8e91,d483d8ddb93a47a99a2eab54fe3d138d8f614798dd418bca860ea3f20c813f51,b8deac0a615b97076622ae540f4cfd0d3c3f1e7acb83ba3ff6560470a9ccf60a,ordinal_multiclass_performance,no_salary_hike_no_attrition,MaritalStatus,,protected_or_sensitive_descriptive_audit,,30,,policy_ablation_raw_uncalibrated_oof_probabilities,mean_predicted_probability,4.0,,,,30,,,support_aware_subgroup_disparity,0.0263889881817185,0.0071367250011719,0.0569153073575201,0.95,3.0,3.0,"[""Divorced"",""Married"",""Single""]",268.0,268.0,5000.0,5000.0,1.0,3528e4377f9907c2a7c1b51806abf09e0ec2d5513da630618b0a0cb9950a37d0,paired_stratified_sample_level_percentile,fixed_from_complete_oof_before_resampling,support_sufficient_descriptive_estimate,True,pointwise_descriptive,none,200.0,Intervals condition on the observed employees and fixed fold/model-training protocol; they do not estimate model-training instability.,"Descriptive OOF subgroup audit only; gaps do not establish discrimination, fairness, or causality. Class-specific rows use their reported denominators. Intervals are pointwise; no multiplicity-adjusted or simultaneous inference.",1369,MaritalStatus | mean_predicted_probability | class 4.0
canonical_v2_20260714T221501Z_483f96f,51415c2ce68c89d9ce2b042b0a7a811fe3e98180b72460006f9d0465f6bf49b7,06c507bee525ea1daca43b61249764007d4d8baaa05c9333f23446ea723ce160,f1e358e99914563305428cece1b1595bc76a58643184407ec5b222162d650332,98ae57b622a56983192975c5bff94374ed51322f13c76af633c3c96ceb198cdd,support_aware_subgroup_diagnostics,"{""dataset_sha256"":""b8deac0a615b97076622ae540f4cfd0d3c3f1e7acb83ba3ff6560470a9ccf60a""}","{""policy"":""no_salary_hike_no_attrition""}",support_gated_descriptive_oof_subgroup_diagnostics,not_applicable_or_resolved_by_source_contract,pointwise_paired_stratified_percentile_bootstrap_5000_draws,subgroup_proxy/fairness_disparity_uncertainty.csv,f67613b45f85dc20b9d6fc5a8d1da2a2dc0c1f560762d7465817b5b7b0d74006,fairness_disparity_uncertainty,94,c1300316fe5baec24e789c06aec35dd4f283fa4843b71c7aab1edbf4818f8e91,d483d8ddb93a47a99a2eab54fe3d138d8f614798dd418bca860ea3f20c813f51,b8deac0a615b97076622ae540f4cfd0d3c3f1e7acb83ba3ff6560470a9ccf60a,ordinal_multiclass_performance,no_salary_hike_no_attrition,MaritalStatus,,protected_or_sensitive_descriptive_audit,,30,,policy_ablation_raw_uncalibrated_oof_probabilities,positive_prediction_rate,2.0,,,,30,,,support_aware_subgroup_disparity,0.0700512038348404,0.0244713998705406,0.1204211456573803,0.95,3.0,3.0,"[""Divorced"",""Married"",""Single""]",268.0,268.0,5000.0,5000.0,1.0,3528e4377f9907c2a7c1b51806abf09e0ec2d5513da630618b0a0cb9950a37d0,paired_stratified_sample_level_percentile,fixed_from_complete_oof_before_resampling,support_sufficient_descriptive_estimate,True,pointwise_descriptive,none,200.0,Intervals condition on the observed employees and fixed fold/model-training protocol; they do not estimate model-training instability.,"Descriptive OOF subgroup audit only; gaps do not establish discrimination, fairness, or causality. Class-specific rows use their reported denominators. Intervals are pointwise; no multiplicity-adjusted or simultaneous inference.",1370,MaritalStatus | positive_prediction_rate | class 2.0
canonical_v2_20260714T221501Z_483f96f,51415c2ce68c89d9ce2b042b0a7a811fe3e98180b72460006f9d0465f6bf49b7,06c507bee525ea1daca43b61249764007d4d8baaa05c9333f23446ea723ce160,f1e358e99914563305428cece1b1595bc76a58643184407ec5b222162d650332,98ae57b622a56983192975c5bff94374ed51322f13c76af633c3c96ceb198cdd,support_aware_subgroup_diagnostics,"{""dataset_sha256"":""b8deac0a615b97076622ae540f4cfd0d3c3f1e7acb83ba3ff6560470a9ccf60a""}","{""policy"":""no_salary_hike_no_attrition""}",support_gated_descriptive_oof_subgroup_diagnostics,not_applicable_or_resolved_by_source_contract,pointwise_paired_stratified_percentile_bootstrap_5000_draws,subgroup_proxy/fairness_disparity_uncertainty.csv,f67613b45f85dc20b9d6fc5a8d1da2a2dc0c1f560762d7465817b5b7b0d74006,fairness_disparity_uncertainty,95,c1300316fe5baec24e789c06aec35dd4f283fa4843b71c7aab1edbf4818f8e91,d483d8ddb93a47a99a2eab54fe3d138d8f614798dd418bca860ea3f20c813f51,b8deac0a615b97076622ae540f4cfd0d3c3f1e7acb83ba3ff6560470a9ccf60a,ordinal_multiclass_performance,no_salary_hike_no_attrition,MaritalStatus,,protected_or_sensitive_descriptive_audit,,30,,policy_ablation_raw_uncalibrated_oof_probabilities,positive_prediction_rate,3.0,,,,30,,,support_aware_subgroup_disparity,0.0376675019065257,0.0100863102022617,0.1078792345726917,0.95,3.0,3.0,"[""Divorced"",""Married"",""Single""]",268.0,268.0,5000.0,5000.0,1.0,3528e4377f9907c2a7c1b51806abf09e0ec2d5513da630618b0a0cb9950a37d0,paired_stratified_sample_level_percentile,fixed_from_complete_oof_before_resampling,support_sufficient_descriptive_estimate,True,pointwise_descriptive,none,200.0,Intervals condition on the observed employees and fixed fold/model-training protocol; they do not estimate model-training instability.,"Descriptive OOF subgroup audit only; gaps do not establish discrimination, fairness, or causality. Class-specific rows use their reported denominators. Intervals are pointwise; no multiplicity-adjusted or simultaneous inference.",1371,MaritalStatus | positive_prediction_rate | class 3.0
canonical_v2_20260714T221501Z_483f96f,51415c2ce68c89d9ce2b042b0a7a811fe3e98180b72460006f9d0465f6bf49b7,06c507bee525ea1daca43b61249764007d4d8baaa05c9333f23446ea723ce160,f1e358e99914563305428cece1b1595bc76a58643184407ec5b222162d650332,98ae57b622a56983192975c5bff94374ed51322f13c76af633c3c96ceb198cdd,support_aware_subgroup_diagnostics,"{""dataset_sha256"":""b8deac0a615b97076622ae540f4cfd0d3c3f1e7acb83ba3ff6560470a9ccf60a""}","{""policy"":""no_salary_hike_no_attrition""}",support_gated_descriptive_oof_subgroup_diagnostics,not_applicable_or_resolved_by_source_contract,pointwise_paired_stratified_percentile_bootstrap_5000_draws,subgroup_proxy/fairness_disparity_uncertainty.csv,f67613b45f85dc20b9d6fc5a8d1da2a2dc0c1f560762d7465817b5b7b0d74006,fairness_disparity_uncertainty,96,c1300316fe5baec24e789c06aec35dd4f283fa4843b71c7aab1edbf4818f8e91,d483d8ddb93a47a99a2eab54fe3d138d8f614798dd418bca860ea3f20c813f51,b8deac0a615b97076622ae540f4cfd0d3c3f1e7acb83ba3ff6560470a9ccf60a,ordinal_multiclass_performance,no_salary_hike_no_attrition,MaritalStatus,,protected_or_sensitive_descriptive_audit,,30,,policy_ablation_raw_uncalibrated_oof_probabilities,positive_prediction_rate,4.0,,,,30,,,support_aware_subgroup_disparity,0.0323837019283146,0.0081043001383936,0.0848530329469184,0.95,3.0,3.0,"[""Divorced"",""Married"",""Single""]",268.0,268.0,5000.0,5000.0,1.0,3528e4377f9907c2a7c1b51806abf09e0ec2d5513da630618b0a0cb9950a37d0,paired_stratified_sample_level_percentile,fixed_from_complete_oof_before_resampling,support_sufficient_descriptive_estimate,True,pointwise_descriptive,none,200.0,Intervals condition on the observed employees and fixed fold/model-training protocol; they do not estimate model-training instability.,"Descriptive OOF subgroup audit only; gaps do not establish discrimination, fairness, or causality. Class-specific rows use their reported denominators. Intervals are pointwise; no multiplicity-adjusted or simultaneous inference.",1372,MaritalStatus | positive_prediction_rate | class 4.0
canonical_v2_20260714T221501Z_483f96f,51415c2ce68c89d9ce2b042b0a7a811fe3e98180b72460006f9d0465f6bf49b7,06c507bee525ea1daca43b61249764007d4d8baaa05c9333f23446ea723ce160,f1e358e99914563305428cece1b1595bc76a58643184407ec5b222162d650332,98ae57b622a56983192975c5bff94374ed51322f13c76af633c3c96ceb198cdd,support_aware_subgroup_diagnostics,"{""dataset_sha256"":""b8deac0a615b97076622ae540f4cfd0d3c3f1e7acb83ba3ff6560470a9ccf60a""}","{""policy"":""no_salary_hike_no_attrition""}",support_gated_descriptive_oof_subgroup_diagnostics,not_applicable_or_resolved_by_source_contract,pointwise_paired_stratified_percentile_bootstrap_5000_draws,subgroup_proxy/fairness_disparity_uncertainty.csv,f67613b45f85dc20b9d6fc5a8d1da2a2dc0c1f560762d7465817b5b7b0d74006,fairness_disparity_uncertainty,97,c1300316fe5baec24e789c06aec35dd4f283fa4843b71c7aab1edbf4818f8e91,d483d8ddb93a47a99a2eab54fe3d138d8f614798dd418bca860ea3f20c813f51,b8deac0a615b97076622ae540f4cfd0d3c3f1e7acb83ba3ff6560470a9ccf60a,ordinal_multiclass_performance,no_salary_hike_no_attrition,MaritalStatus,,protected_or_sensitive_descriptive_audit,,30,,policy_ablation_raw_uncalibrated_oof_probabilities,precision,2.0,,,,10,,,support_aware_subgroup_disparity,0.0853174603174602,0.0212493812861329,0.2149499272231769,0.95,3.0,3.0,"[""Divorced"",""Married"",""Single""]",268.0,36.0,5000.0,5000.0,1.0,3528e4377f9907c2a7c1b51806abf09e0ec2d5513da630618b0a0cb9950a37d0,paired_stratified_sample_level_percentile,fixed_from_complete_oof_before_resampling,support_sufficient_descriptive_estimate,True,pointwise_descriptive,none,200.0,Intervals condition on the observed employees and fixed fold/model-training protocol; they do not estimate model-training instability.,"Descriptive OOF subgroup audit only; gaps do not establish discrimination, fairness, or causality. Class-specific rows use their reported denominators. Intervals are pointwise; no multiplicity-adjusted or simultaneous inference.",1373,MaritalStatus | precision | class 2.0
canonical_v2_20260714T221501Z_483f96f,51415c2ce68c89d9ce2b042b0a7a811fe3e98180b72460006f9d0465f6bf49b7,06c507bee525ea1daca43b61249764007d4d8baaa05c9333f23446ea723ce160,f1e358e99914563305428cece1b1595bc76a58643184407ec5b222162d650332,98ae57b622a56983192975c5bff94374ed51322f13c76af633c3c96ceb198cdd,support_aware_subgroup_diagnostics,"{""dataset_sha256"":""b8deac0a615b97076622ae540f4cfd0d3c3f1e7acb83ba3ff6560470a9ccf60a""}","{""policy"":""no_salary_hike_no_attrition""}",support_gated_descriptive_oof_subgroup_diagnostics,not_applicable_or_resolved_by_source_contract,pointwise_paired_stratified_percentile_bootstrap_5000_draws,subgroup_proxy/fairness_disparity_uncertainty.csv,f67613b45f85dc20b9d6fc5a8d1da2a2dc0c1f560762d7465817b5b7b0d74006,fairness_disparity_uncertainty,98,c1300316fe5baec24e789c06aec35dd4f283fa4843b71c7aab1edbf4818f8e91,d483d8ddb93a47a99a2eab54fe3d138d8f614798dd418bca860ea3f20c813f51,b8deac0a615b97076622ae540f4cfd0d3c3f1e7acb83ba3ff6560470a9ccf60a,ordinal_multiclass_performance,no_salary_hike_no_attrition,MaritalStatus,,protected_or_sensitive_descriptive_audit,,30,,policy_ablation_raw_uncalibrated_oof_probabilities,precision,3.0,,,,10,,,support_aware_subgroup_disparity,0.0375696182880207,0.0089577449333291,0.1033825715347454,0.95,3.0,3.0,"[""Divorced"",""Married"",""Single""]",268.0,193.0,5000.0,5000.0,1.0,3528e4377f9907c2a7c1b51806abf09e0ec2d5513da630618b0a0cb9950a37d0,paired_stratified_sample_level_percentile,fixed_from_complete_oof_before_resampling,support_sufficient_descriptive_estimate,True,pointwise_descriptive,none,200.0,Intervals condition on the observed employees and fixed fold/model-training protocol; they do not estimate model-training instability.,"Descriptive OOF subgroup audit only; gaps do not establish discrimination, fairness, or causality. Class-specific rows use their reported denominators. Intervals are pointwise; no multiplicity-adjusted or simultaneous inference.",1374,MaritalStatus | precision | class 3.0
canonical_v2_20260714T221501Z_483f96f,51415c2ce68c89d9ce2b042b0a7a811fe3e98180b72460006f9d0465f6bf49b7,06c507bee525ea1daca43b61249764007d4d8baaa05c9333f23446ea723ce160,f1e358e99914563305428cece1b1595bc76a58643184407ec5b222162d650332,98ae57b622a56983192975c5bff94374ed51322f13c76af633c3c96ceb198cdd,support_aware_subgroup_diagnostics,"{""dataset_sha256"":""b8deac0a615b97076622ae540f4cfd0d3c3f1e7acb83ba3ff6560470a9ccf60a""}","{""policy"":""no_salary_hike_no_attrition""}",support_gated_descriptive_oof_subgroup_diagnostics,not_applicable_or_resolved_by_source_contract,pointwise_paired_stratified_percentile_bootstrap_5000_draws,subgroup_proxy/fairness_disparity_uncertainty.csv,f67613b45f85dc20b9d6fc5a8d1da2a2dc0c1f560762d7465817b5b7b0d74006,fairness_disparity_uncertainty,99,c1300316fe5baec24e789c06aec35dd4f283fa4843b71c7aab1edbf4818f8e91,d483d8ddb93a47a99a2eab54fe3d138d8f614798dd418bca860ea3f20c813f51,b8deac0a615b97076622ae540f4cfd0d3c3f1e7acb83ba3ff6560470a9ccf60a,ordinal_multiclass_performance,no_salary_hike_no_attrition,MaritalStatus,,protected_or_sensitive_descriptive_audit,,30,,policy_ablation_raw_uncalibrated_oof_probabilities,precision,4.0,,,,10,,,support_aware_subgroup_disparity,0.0227382680212868,0.0148287842968694,0.1804698434397679,0.95,3.0,3.0,"[""Divorced"",""Married"",""Single""]",268.0,39.0,5000.0,5000.0,1.0,3528e4377f9907c2a7c1b51806abf09e0ec2d5513da630618b0a0cb9950a37d0,paired_stratified_sample_level_percentile,fixed_from_complete_oof_before_resampling,support_sufficient_descriptive_estimate,True,pointwise_descriptive,none,200.0,Intervals condition on the observed employees and fixed fold/model-training protocol; they do not estimate model-training instability.,"Descriptive OOF subgroup audit only; gaps do not establish discrimination, fairness, or causality. Class-specific rows use their reported denominators. Intervals are pointwise; no multiplicity-adjusted or simultaneous inference.",1375,MaritalStatus | precision | class 4.0
canonical_v2_20260714T221501Z_483f96f,51415c2ce68c89d9ce2b042b0a7a811fe3e98180b72460006f9d0465f6bf49b7,06c507bee525ea1daca43b61249764007d4d8baaa05c9333f23446ea723ce160,f1e358e99914563305428cece1b1595bc76a58643184407ec5b222162d650332,98ae57b622a56983192975c5bff94374ed51322f13c76af633c3c96ceb198cdd,support_aware_subgroup_diagnostics,"{""dataset_sha256"":""b8deac0a615b97076622ae540f4cfd0d3c3f1e7acb83ba3ff6560470a9ccf60a""}","{""policy"":""no_salary_hike_no_attrition""}",support_gated_descriptive_oof_subgroup_diagnostics,not_applicable_or_resolved_by_source_contract,pointwise_paired_stratified_percentile_bootstrap_5000_draws,subgroup_proxy/fairness_disparity_uncertainty.csv,f67613b45f85dc20b9d6fc5a8d1da2a2dc0c1f560762d7465817b5b7b0d74006,fairness_disparity_uncertainty,100,c1300316fe5baec24e789c06aec35dd4f283fa4843b71c7aab1edbf4818f8e91,d483d8ddb93a47a99a2eab54fe3d138d8f614798dd418bca860ea3f20c813f51,b8deac0a615b97076622ae540f4cfd0d3c3f1e7acb83ba3ff6560470a9ccf60a,ordinal_multiclass_performance,no_salary_hike_no_attrition,MaritalStatus,,protected_or_sensitive_descriptive_audit,,30,,policy_ablation_raw_uncalibrated_oof_probabilities,true_positive_rate,2.0,,,,10,,,support_aware_subgroup_disparity,0.0649596965386438,0.0147404693584751,0.2051282051282051,0.95,3.0,3.0,"[""Divorced"",""Married"",""Single""]",268.0,37.0,5000.0,5000.0,1.0,3528e4377f9907c2a7c1b51806abf09e0ec2d5513da630618b0a0cb9950a37d0,paired_stratified_sample_level_percentile,fixed_from_complete_oof_before_resampling,support_sufficient_descriptive_estimate,True,pointwise_descriptive,none,200.0,Intervals condition on the observed employees and fixed fold/model-training protocol; they do not estimate model-training instability.,"Descriptive OOF subgroup audit only; gaps do not establish discrimination, fairness, or causality. Class-specific rows use their reported denominators. Intervals are pointwise; no multiplicity-adjusted or simultaneous inference.",1376,MaritalStatus | true_positive_rate | class 2.0
canonical_v2_20260714T221501Z_483f96f,51415c2ce68c89d9ce2b042b0a7a811fe3e98180b72460006f9d0465f6bf49b7,06c507bee525ea1daca43b61249764007d4d8baaa05c9333f23446ea723ce160,f1e358e99914563305428cece1b1595bc76a58643184407ec5b222162d650332,98ae57b622a56983192975c5bff94374ed51322f13c76af633c3c96ceb198cdd,support_aware_subgroup_diagnostics,"{""dataset_sha256"":""b8deac0a615b97076622ae540f4cfd0d3c3f1e7acb83ba3ff6560470a9ccf60a""}","{""policy"":""no_salary_hike_no_attrition""}",support_gated_descriptive_oof_subgroup_diagnostics,not_applicable_or_resolved_by_source_contract,pointwise_paired_stratified_percentile_bootstrap_5000_draws,subgroup_proxy/fairness_disparity_uncertainty.csv,f67613b45f85dc20b9d6fc5a8d1da2a2dc0c1f560762d7465817b5b7b0d74006,fairness_disparity_uncertainty,101,c1300316fe5baec24e789c06aec35dd4f283fa4843b71c7aab1edbf4818f8e91,d483d8ddb93a47a99a2eab54fe3d138d8f614798dd418bca860ea3f20c813f51,b8deac0a615b97076622ae540f4cfd0d3c3f1e7acb83ba3ff6560470a9ccf60a,ordinal_multiclass_performance,no_salary_hike_no_attrition,MaritalStatus,,protected_or_sensitive_descriptive_audit,,30,,policy_ablation_raw_uncalibrated_oof_probabilities,true_positive_rate,3.0,,,,10,,,support_aware_subgroup_disparity,0.0139095086603039,0.0073414568251803,0.0932770972067908,0.95,3.0,3.0,"[""Divorced"",""Married"",""Single""]",268.0,205.0,5000.0,5000.0,1.0,3528e4377f9907c2a7c1b51806abf09e0ec2d5513da630618b0a0cb9950a37d0,paired_stratified_sample_level_percentile,fixed_from_complete_oof_before_resampling,support_sufficient_descriptive_estimate,True,pointwise_descriptive,none,200.0,Intervals condition on the observed employees and fixed fold/model-training protocol; they do not estimate model-training instability.,"Descriptive OOF subgroup audit only; gaps do not establish discrimination, fairness, or causality. Class-specific rows use their reported denominators. Intervals are pointwise; no multiplicity-adjusted or simultaneous inference.",1377,MaritalStatus | true_positive_rate | class 3.0
canonical_v2_20260714T221501Z_483f96f,51415c2ce68c89d9ce2b042b0a7a811fe3e98180b72460006f9d0465f6bf49b7,06c507bee525ea1daca43b61249764007d4d8baaa05c9333f23446ea723ce160,f1e358e99914563305428cece1b1595bc76a58643184407ec5b222162d650332,98ae57b622a56983192975c5bff94374ed51322f13c76af633c3c96ceb198cdd,support_aware_subgroup_diagnostics,"{""dataset_sha256"":""b8deac0a615b97076622ae540f4cfd0d3c3f1e7acb83ba3ff6560470a9ccf60a""}","{""policy"":""no_salary_hike_no_attrition""}",support_gated_descriptive_oof_subgroup_diagnostics,not_applicable_or_resolved_by_source_contract,pointwise_paired_stratified_percentile_bootstrap_5000_draws,subgroup_proxy/fairness_disparity_uncertainty.csv,f67613b45f85dc20b9d6fc5a8d1da2a2dc0c1f560762d7465817b5b7b0d74006,fairness_disparity_uncertainty,102,c1300316fe5baec24e789c06aec35dd4f283fa4843b71c7aab1edbf4818f8e91,d483d8ddb93a47a99a2eab54fe3d138d8f614798dd418bca860ea3f20c813f51,b8deac0a615b97076622ae540f4cfd0d3c3f1e7acb83ba3ff6560470a9ccf60a,ordinal_multiclass_performance,no_salary_hike_no_attrition,MaritalStatus,,protected_or_sensitive_descriptive_audit,,30,,policy_ablation_raw_uncalibrated_oof_probabilities,true_positive_rate,4.0,,,,10,,,support_aware_subgroup_disparity,0.0354449472096531,0.0178571428571428,0.2319191900898289,0.95,3.0,3.0,"[""Divorced"",""Married"",""Single""]",268.0,26.0,5000.0,5000.0,1.0,3528e4377f9907c2a7c1b51806abf09e0ec2d5513da630618b0a0cb9950a37d0,paired_stratified_sample_level_percentile,fixed_from_complete_oof_before_resampling,support_sufficient_descriptive_estimate,True,pointwise_descriptive,none,200.0,Intervals condition on the observed employees and fixed fold/model-training protocol; they do not estimate model-training instability.,"Descriptive OOF subgroup audit only; gaps do not establish discrimination, fairness, or causality. Class-specific rows use their reported denominators. Intervals are pointwise; no multiplicity-adjusted or simultaneous inference.",1378,MaritalStatus | true_positive_rate | class 4.0
canonical_v2_20260714T221501Z_483f96f,51415c2ce68c89d9ce2b042b0a7a811fe3e98180b72460006f9d0465f6bf49b7,06c507bee525ea1daca43b61249764007d4d8baaa05c9333f23446ea723ce160,f1e358e99914563305428cece1b1595bc76a58643184407ec5b222162d650332,98ae57b622a56983192975c5bff94374ed51322f13c76af633c3c96ceb198cdd,support_aware_subgroup_diagnostics,"{""dataset_sha256"":""b8deac0a615b97076622ae540f4cfd0d3c3f1e7acb83ba3ff6560470a9ccf60a""}","{""policy"":""no_salary_hike_no_attrition_no_department""}",support_gated_descriptive_oof_subgroup_diagnostics,not_applicable_or_resolved_by_source_contract,pointwise_paired_stratified_percentile_bootstrap_5000_draws,subgroup_proxy/fairness_disparity_uncertainty.csv,f67613b45f85dc20b9d6fc5a8d1da2a2dc0c1f560762d7465817b5b7b0d74006,fairness_disparity_uncertainty,103,c1300316fe5baec24e789c06aec35dd4f283fa4843b71c7aab1edbf4818f8e91,d483d8ddb93a47a99a2eab54fe3d138d8f614798dd418bca860ea3f20c813f51,b8deac0a615b97076622ae540f4cfd0d3c3f1e7acb83ba3ff6560470a9ccf60a,ordinal_multiclass_performance,no_salary_hike_no_attrition_no_department,Age,,protected_or_sensitive_descriptive_audit,,30,,policy_ablation_raw_uncalibrated_oof_probabilities,accuracy,,,,,30,,,support_aware_subgroup_disparity,0.0843166671475145,0.0342287903437052,0.1624761290660581,0.95,5.0,4.0,"[""18-29"",""30-39"",""40-49"",""50-59""]",137.0,137.0,5000.0,5000.0,1.0,3528e4377f9907c2a7c1b51806abf09e0ec2d5513da630618b0a0cb9950a37d0,paired_stratified_sample_level_percentile,fixed_from_complete_oof_before_resampling,support_sufficient_descriptive_estimate,True,pointwise_descriptive,none,200.0,Intervals condition on the observed employees and fixed fold/model-training protocol; they do not estimate model-training instability.,"Descriptive OOF subgroup audit only; gaps do not establish discrimination, fairness, or causality. Class-specific rows use their reported denominators. Intervals are pointwise; no multiplicity-adjusted or simultaneous inference.",1379,Age | accuracy
canonical_v2_20260714T221501Z_483f96f,51415c2ce68c89d9ce2b042b0a7a811fe3e98180b72460006f9d0465f6bf49b7,06c507bee525ea1daca43b61249764007d4d8baaa05c9333f23446ea723ce160,f1e358e99914563305428cece1b1595bc76a58643184407ec5b222162d650332,98ae57b622a56983192975c5bff94374ed51322f13c76af633c3c96ceb198cdd,support_aware_subgroup_diagnostics,"{""dataset_sha256"":""b8deac0a615b97076622ae540f4cfd0d3c3f1e7acb83ba3ff6560470a9ccf60a""}","{""policy"":""no_salary_hike_no_attrition_no_department""}",support_gated_descriptive_oof_subgroup_diagnostics,not_applicable_or_resolved_by_source_contract,pointwise_paired_stratified_percentile_bootstrap_5000_draws,subgroup_proxy/fairness_disparity_uncertainty.csv,f67613b45f85dc20b9d6fc5a8d1da2a2dc0c1f560762d7465817b5b7b0d74006,fairness_disparity_uncertainty,104,c1300316fe5baec24e789c06aec35dd4f283fa4843b71c7aab1edbf4818f8e91,d483d8ddb93a47a99a2eab54fe3d138d8f614798dd418bca860ea3f20c813f51,b8deac0a615b97076622ae540f4cfd0d3c3f1e7acb83ba3ff6560470a9ccf60a,ordinal_multiclass_performance,no_salary_hike_no_attrition_no_department,Age,,protected_or_sensitive_descriptive_audit,,30,,policy_ablation_raw_uncalibrated_oof_probabilities,false_positive_rate,2.0,,,,10,,,support_aware_subgroup_disparity,0.0143432906590801,0.0086375742840238,0.0636328096522563,0.95,5.0,4.0,"[""18-29"",""30-39"",""40-49"",""50-59""]",137.0,111.0,5000.0,5000.0,1.0,3528e4377f9907c2a7c1b51806abf09e0ec2d5513da630618b0a0cb9950a37d0,paired_stratified_sample_level_percentile,fixed_from_complete_oof_before_resampling,support_sufficient_descriptive_estimate,True,pointwise_descriptive,none,200.0,Intervals condition on the observed employees and fixed fold/model-training protocol; they do not estimate model-training instability.,"Descriptive OOF subgroup audit only; gaps do not establish discrimination, fairness, or causality. Class-specific rows use their reported denominators. Intervals are pointwise; no multiplicity-adjusted or simultaneous inference.",1380,Age | false_positive_rate | class 2.0
canonical_v2_20260714T221501Z_483f96f,51415c2ce68c89d9ce2b042b0a7a811fe3e98180b72460006f9d0465f6bf49b7,06c507bee525ea1daca43b61249764007d4d8baaa05c9333f23446ea723ce160,f1e358e99914563305428cece1b1595bc76a58643184407ec5b222162d650332,98ae57b622a56983192975c5bff94374ed51322f13c76af633c3c96ceb198cdd,support_aware_subgroup_diagnostics,"{""dataset_sha256"":""b8deac0a615b97076622ae540f4cfd0d3c3f1e7acb83ba3ff6560470a9ccf60a""}","{""policy"":""no_salary_hike_no_attrition_no_department""}",support_gated_descriptive_oof_subgroup_diagnostics,not_applicable_or_resolved_by_source_contract,pointwise_paired_stratified_percentile_bootstrap_5000_draws,subgroup_proxy/fairness_disparity_uncertainty.csv,f67613b45f85dc20b9d6fc5a8d1da2a2dc0c1f560762d7465817b5b7b0d74006,fairness_disparity_uncertainty,105,c1300316fe5baec24e789c06aec35dd4f283fa4843b71c7aab1edbf4818f8e91,d483d8ddb93a47a99a2eab54fe3d138d8f614798dd418bca860ea3f20c813f51,b8deac0a615b97076622ae540f4cfd0d3c3f1e7acb83ba3ff6560470a9ccf60a,ordinal_multiclass_performance,no_salary_hike_no_attrition_no_department,Age,,protected_or_sensitive_descriptive_audit,,30,,policy_ablation_raw_uncalibrated_oof_probabilities,false_positive_rate,3.0,,,,10,,,support_aware_subgroup_disparity,0.0716049382716049,0.0411878630105231,0.2640463843272831,0.95,5.0,4.0,"[""18-29"",""30-39"",""40-49"",""50-59""]",137.0,40.0,5000.0,5000.0,1.0,3528e4377f9907c2a7c1b51806abf09e0ec2d5513da630618b0a0cb9950a37d0,paired_stratified_sample_level_percentile,fixed_from_complete_oof_before_resampling,support_sufficient_descriptive_estimate,True,pointwise_descriptive,none,200.0,Intervals condition on the observed employees and fixed fold/model-training protocol; they do not estimate model-training instability.,"Descriptive OOF subgroup audit only; gaps do not establish discrimination, fairness, or causality. Class-specific rows use their reported denominators. Intervals are pointwise; no multiplicity-adjusted or simultaneous inference.",1381,Age | false_positive_rate | class 3.0
canonical_v2_20260714T221501Z_483f96f,51415c2ce68c89d9ce2b042b0a7a811fe3e98180b72460006f9d0465f6bf49b7,06c507bee525ea1daca43b61249764007d4d8baaa05c9333f23446ea723ce160,f1e358e99914563305428cece1b1595bc76a58643184407ec5b222162d650332,98ae57b622a56983192975c5bff94374ed51322f13c76af633c3c96ceb198cdd,support_aware_subgroup_diagnostics,"{""dataset_sha256"":""b8deac0a615b97076622ae540f4cfd0d3c3f1e7acb83ba3ff6560470a9ccf60a""}","{""policy"":""no_salary_hike_no_attrition_no_department""}",support_gated_descriptive_oof_subgroup_diagnostics,not_applicable_or_resolved_by_source_contract,pointwise_paired_stratified_percentile_bootstrap_5000_draws,subgroup_proxy/fairness_disparity_uncertainty.csv,f67613b45f85dc20b9d6fc5a8d1da2a2dc0c1f560762d7465817b5b7b0d74006,fairness_disparity_uncertainty,106,c1300316fe5baec24e789c06aec35dd4f283fa4843b71c7aab1edbf4818f8e91,d483d8ddb93a47a99a2eab54fe3d138d8f614798dd418bca860ea3f20c813f51,b8deac0a615b97076622ae540f4cfd0d3c3f1e7acb83ba3ff6560470a9ccf60a,ordinal_multiclass_performance,no_salary_hike_no_attrition_no_department,Age,,protected_or_sensitive_descriptive_audit,,30,,policy_ablation_raw_uncalibrated_oof_probabilities,false_positive_rate,4.0,,,,10,,,support_aware_subgroup_disparity,0.0956639566395663,0.0515893472408828,0.1462128831633667,0.95,5.0,4.0,"[""18-29"",""30-39"",""40-49"",""50-59""]",137.0,123.0,5000.0,5000.0,1.0,3528e4377f9907c2a7c1b51806abf09e0ec2d5513da630618b0a0cb9950a37d0,paired_stratified_sample_level_percentile,fixed_from_complete_oof_before_resampling,support_sufficient_descriptive_estimate,True,pointwise_descriptive,none,200.0,Intervals condition on the observed employees and fixed fold/model-training protocol; they do not estimate model-training instability.,"Descriptive OOF subgroup audit only; gaps do not establish discrimination, fairness, or causality. Class-specific rows use their reported denominators. Intervals are pointwise; no multiplicity-adjusted or simultaneous inference.",1382,Age | false_positive_rate | class 4.0
canonical_v2_20260714T221501Z_483f96f,51415c2ce68c89d9ce2b042b0a7a811fe3e98180b72460006f9d0465f6bf49b7,06c507bee525ea1daca43b61249764007d4d8baaa05c9333f23446ea723ce160,f1e358e99914563305428cece1b1595bc76a58643184407ec5b222162d650332,98ae57b622a56983192975c5bff94374ed51322f13c76af633c3c96ceb198cdd,support_aware_subgroup_diagnostics,"{""dataset_sha256"":""b8deac0a615b97076622ae540f4cfd0d3c3f1e7acb83ba3ff6560470a9ccf60a""}","{""policy"":""no_salary_hike_no_attrition_no_department""}",support_gated_descriptive_oof_subgroup_diagnostics,not_applicable_or_resolved_by_source_contract,pointwise_paired_stratified_percentile_bootstrap_5000_draws,subgroup_proxy/fairness_disparity_uncertainty.csv,f67613b45f85dc20b9d6fc5a8d1da2a2dc0c1f560762d7465817b5b7b0d74006,fairness_disparity_uncertainty,107,c1300316fe5baec24e789c06aec35dd4f283fa4843b71c7aab1edbf4818f8e91,d483d8ddb93a47a99a2eab54fe3d138d8f614798dd418bca860ea3f20c813f51,b8deac0a615b97076622ae540f4cfd0d3c3f1e7acb83ba3ff6560470a9ccf60a,ordinal_multiclass_performance,no_salary_hike_no_attrition_no_department,Age,,protected_or_sensitive_descriptive_audit,,30,,policy_ablation_raw_uncalibrated_oof_probabilities,macro_f1,,,,,30,,,support_aware_subgroup_disparity,0.0300952607810995,0.019823295147815,0.1254568817732602,0.95,5.0,4.0,"[""18-29"",""30-39"",""40-49"",""50-59""]",137.0,137.0,5000.0,5000.0,1.0,3528e4377f9907c2a7c1b51806abf09e0ec2d5513da630618b0a0cb9950a37d0,paired_stratified_sample_level_percentile,fixed_from_complete_oof_before_resampling,support_sufficient_descriptive_estimate,True,pointwise_descriptive,none,200.0,Intervals condition on the observed employees and fixed fold/model-training protocol; they do not estimate model-training instability.,"Descriptive OOF subgroup audit only; gaps do not establish discrimination, fairness, or causality. Class-specific rows use their reported denominators. Intervals are pointwise; no multiplicity-adjusted or simultaneous inference.",1383,Age | macro_f1
canonical_v2_20260714T221501Z_483f96f,51415c2ce68c89d9ce2b042b0a7a811fe3e98180b72460006f9d0465f6bf49b7,06c507bee525ea1daca43b61249764007d4d8baaa05c9333f23446ea723ce160,f1e358e99914563305428cece1b1595bc76a58643184407ec5b222162d650332,98ae57b622a56983192975c5bff94374ed51322f13c76af633c3c96ceb198cdd,support_aware_subgroup_diagnostics,"{""dataset_sha256"":""b8deac0a615b97076622ae540f4cfd0d3c3f1e7acb83ba3ff6560470a9ccf60a""}","{""policy"":""no_salary_hike_no_attrition_no_department""}",support_gated_descriptive_oof_subgroup_diagnostics,not_applicable_or_resolved_by_source_contract,pointwise_paired_stratified_percentile_bootstrap_5000_draws,subgroup_proxy/fairness_disparity_uncertainty.csv,f67613b45f85dc20b9d6fc5a8d1da2a2dc0c1f560762d7465817b5b7b0d74006,fairness_disparity_uncertainty,108,c1300316fe5baec24e789c06aec35dd4f283fa4843b71c7aab1edbf4818f8e91,d483d8ddb93a47a99a2eab54fe3d138d8f614798dd418bca860ea3f20c813f51,b8deac0a615b97076622ae540f4cfd0d3c3f1e7acb83ba3ff6560470a9ccf60a,ordinal_multiclass_performance,no_salary_hike_no_attrition_no_department,Age,,protected_or_sensitive_descriptive_audit,,30,,policy_ablation_raw_uncalibrated_oof_probabilities,mean_predicted_probability,2.0,,,,30,,,support_aware_subgroup_disparity,0.0595504407959114,0.021744898197455,0.1340703321345737,0.95,5.0,4.0,"[""18-29"",""30-39"",""40-49"",""50-59""]",137.0,137.0,5000.0,5000.0,1.0,3528e4377f9907c2a7c1b51806abf09e0ec2d5513da630618b0a0cb9950a37d0,paired_stratified_sample_level_percentile,fixed_from_complete_oof_before_resampling,support_sufficient_descriptive_estimate,True,pointwise_descriptive,none,200.0,Intervals condition on the observed employees and fixed fold/model-training protocol; they do not estimate model-training instability.,"Descriptive OOF subgroup audit only; gaps do not establish discrimination, fairness, or causality. Class-specific rows use their reported denominators. Intervals are pointwise; no multiplicity-adjusted or simultaneous inference.",1384,Age | mean_predicted_probability | class 2.0
canonical_v2_20260714T221501Z_483f96f,51415c2ce68c89d9ce2b042b0a7a811fe3e98180b72460006f9d0465f6bf49b7,06c507bee525ea1daca43b61249764007d4d8baaa05c9333f23446ea723ce160,f1e358e99914563305428cece1b1595bc76a58643184407ec5b222162d650332,98ae57b622a56983192975c5bff94374ed51322f13c76af633c3c96ceb198cdd,support_aware_subgroup_diagnostics,"{""dataset_sha256"":""b8deac0a615b97076622ae540f4cfd0d3c3f1e7acb83ba3ff6560470a9ccf60a""}","{""policy"":""no_salary_hike_no_attrition_no_department""}",support_gated_descriptive_oof_subgroup_diagnostics,not_applicable_or_resolved_by_source_contract,pointwise_paired_stratified_percentile_bootstrap_5000_draws,subgroup_proxy/fairness_disparity_uncertainty.csv,f67613b45f85dc20b9d6fc5a8d1da2a2dc0c1f560762d7465817b5b7b0d74006,fairness_disparity_uncertainty,109,c1300316fe5baec24e789c06aec35dd4f283fa4843b71c7aab1edbf4818f8e91,d483d8ddb93a47a99a2eab54fe3d138d8f614798dd418bca860ea3f20c813f51,b8deac0a615b97076622ae540f4cfd0d3c3f1e7acb83ba3ff6560470a9ccf60a,ordinal_multiclass_performance,no_salary_hike_no_attrition_no_department,Age,,protected_or_sensitive_descriptive_audit,,30,,policy_ablation_raw_uncalibrated_oof_probabilities,mean_predicted_probability,3.0,,,,30,,,support_aware_subgroup_disparity,0.0471324309717463,0.0221730104038171,0.1061612676550236,0.95,5.0,4.0,"[""18-29"",""30-39"",""40-49"",""50-59""]",137.0,137.0,5000.0,5000.0,1.0,3528e4377f9907c2a7c1b51806abf09e0ec2d5513da630618b0a0cb9950a37d0,paired_stratified_sample_level_percentile,fixed_from_complete_oof_before_resampling,support_sufficient_descriptive_estimate,True,pointwise_descriptive,none,200.0,Intervals condition on the observed employees and fixed fold/model-training protocol; they do not estimate model-training instability.,"Descriptive OOF subgroup audit only; gaps do not establish discrimination, fairness, or causality. Class-specific rows use their reported denominators. Intervals are pointwise; no multiplicity-adjusted or simultaneous inference.",1385,Age | mean_predicted_probability | class 3.0
canonical_v2_20260714T221501Z_483f96f,51415c2ce68c89d9ce2b042b0a7a811fe3e98180b72460006f9d0465f6bf49b7,06c507bee525ea1daca43b61249764007d4d8baaa05c9333f23446ea723ce160,f1e358e99914563305428cece1b1595bc76a58643184407ec5b222162d650332,98ae57b622a56983192975c5bff94374ed51322f13c76af633c3c96ceb198cdd,support_aware_subgroup_diagnostics,"{""dataset_sha256"":""b8deac0a615b97076622ae540f4cfd0d3c3f1e7acb83ba3ff6560470a9ccf60a""}","{""policy"":""no_salary_hike_no_attrition_no_department""}",support_gated_descriptive_oof_subgroup_diagnostics,not_applicable_or_resolved_by_source_contract,pointwise_paired_stratified_percentile_bootstrap_5000_draws,subgroup_proxy/fairness_disparity_uncertainty.csv,f67613b45f85dc20b9d6fc5a8d1da2a2dc0c1f560762d7465817b5b7b0d74006,fairness_disparity_uncertainty,110,c1300316fe5baec24e789c06aec35dd4f283fa4843b71c7aab1edbf4818f8e91,d483d8ddb93a47a99a2eab54fe3d138d8f614798dd418bca860ea3f20c813f51,b8deac0a615b97076622ae540f4cfd0d3c3f1e7acb83ba3ff6560470a9ccf60a,ordinal_multiclass_performance,no_salary_hike_no_attrition_no_department,Age,,protected_or_sensitive_descriptive_audit,,30,,policy_ablation_raw_uncalibrated_oof_probabilities,mean_predicted_probability,4.0,,,,30,,,support_aware_subgroup_disparity,0.0690327908427651,0.0385443705091564,0.1033483960745337,0.95,5.0,4.0,"[""18-29"",""30-39"",""40-49"",""50-59""]",137.0,137.0,5000.0,5000.0,1.0,3528e4377f9907c2a7c1b51806abf09e0ec2d5513da630618b0a0cb9950a37d0,paired_stratified_sample_level_percentile,fixed_from_complete_oof_before_resampling,support_sufficient_descriptive_estimate,True,pointwise_descriptive,none,200.0,Intervals condition on the observed employees and fixed fold/model-training protocol; they do not estimate model-training instability.,"Descriptive OOF subgroup audit only; gaps do not establish discrimination, fairness, or causality. Class-specific rows use their reported denominators. Intervals are pointwise; no multiplicity-adjusted or simultaneous inference.",1386,Age | mean_predicted_probability | class 4.0
canonical_v2_20260714T221501Z_483f96f,51415c2ce68c89d9ce2b042b0a7a811fe3e98180b72460006f9d0465f6bf49b7,06c507bee525ea1daca43b61249764007d4d8baaa05c9333f23446ea723ce160,f1e358e99914563305428cece1b1595bc76a58643184407ec5b222162d650332,98ae57b622a56983192975c5bff94374ed51322f13c76af633c3c96ceb198cdd,support_aware_subgroup_diagnostics,"{""dataset_sha256"":""b8deac0a615b97076622ae540f4cfd0d3c3f1e7acb83ba3ff6560470a9ccf60a""}","{""policy"":""no_salary_hike_no_attrition_no_department""}",support_gated_descriptive_oof_subgroup_diagnostics,not_applicable_or_resolved_by_source_contract,pointwise_paired_stratified_percentile_bootstrap_5000_draws,subgroup_proxy/fairness_disparity_uncertainty.csv,f67613b45f85dc20b9d6fc5a8d1da2a2dc0c1f560762d7465817b5b7b0d74006,fairness_disparity_uncertainty,111,c1300316fe5baec24e789c06aec35dd4f283fa4843b71c7aab1edbf4818f8e91,d483d8ddb93a47a99a2eab54fe3d138d8f614798dd418bca860ea3f20c813f51,b8deac0a615b97076622ae540f4cfd0d3c3f1e7acb83ba3ff6560470a9ccf60a,ordinal_multiclass_performance,no_salary_hike_no_attrition_no_department,Age,,protected_or_sensitive_descriptive_audit,,30,,policy_ablation_raw_uncalibrated_oof_probabilities,positive_prediction_rate,2.0,,,,30,,,support_aware_subgroup_disparity,0.0543754613302714,0.0217870465055325,0.1370432892871015,0.95,5.0,4.0,"[""18-29"",""30-39"",""40-49"",""50-59""]",137.0,137.0,5000.0,5000.0,1.0,3528e4377f9907c2a7c1b51806abf09e0ec2d5513da630618b0a0cb9950a37d0,paired_stratified_sample_level_percentile,fixed_from_complete_oof_before_resampling,support_sufficient_descriptive_estimate,True,pointwise_descriptive,none,200.0,Intervals condition on the observed employees and fixed fold/model-training protocol; they do not estimate model-training instability.,"Descriptive OOF subgroup audit only; gaps do not establish discrimination, fairness, or causality. Class-specific rows use their reported denominators. Intervals are pointwise; no multiplicity-adjusted or simultaneous inference.",1387,Age | positive_prediction_rate | class 2.0
canonical_v2_20260714T221501Z_483f96f,51415c2ce68c89d9ce2b042b0a7a811fe3e98180b72460006f9d0465f6bf49b7,06c507bee525ea1daca43b61249764007d4d8baaa05c9333f23446ea723ce160,f1e358e99914563305428cece1b1595bc76a58643184407ec5b222162d650332,98ae57b622a56983192975c5bff94374ed51322f13c76af633c3c96ceb198cdd,support_aware_subgroup_diagnostics,"{""dataset_sha256"":""b8deac0a615b97076622ae540f4cfd0d3c3f1e7acb83ba3ff6560470a9ccf60a""}","{""policy"":""no_salary_hike_no_attrition_no_department""}",support_gated_descriptive_oof_subgroup_diagnostics,not_applicable_or_resolved_by_source_contract,pointwise_paired_stratified_percentile_bootstrap_5000_draws,subgroup_proxy/fairness_disparity_uncertainty.csv,f67613b45f85dc20b9d6fc5a8d1da2a2dc0c1f560762d7465817b5b7b0d74006,fairness_disparity_uncertainty,112,c1300316fe5baec24e789c06aec35dd4f283fa4843b71c7aab1edbf4818f8e91,d483d8ddb93a47a99a2eab54fe3d138d8f614798dd418bca860ea3f20c813f51,b8deac0a615b97076622ae540f4cfd0d3c3f1e7acb83ba3ff6560470a9ccf60a,ordinal_multiclass_performance,no_salary_hike_no_attrition_no_department,Age,,protected_or_sensitive_descriptive_audit,,30,,policy_ablation_raw_uncalibrated_oof_probabilities,positive_prediction_rate,3.0,,,,30,,,support_aware_subgroup_disparity,0.0647524097764439,0.029391332076706,0.1615082178560447,0.95,5.0,4.0,"[""18-29"",""30-39"",""40-49"",""50-59""]",137.0,137.0,5000.0,5000.0,1.0,3528e4377f9907c2a7c1b51806abf09e0ec2d5513da630618b0a0cb9950a37d0,paired_stratified_sample_level_percentile,fixed_from_complete_oof_before_resampling,support_sufficient_descriptive_estimate,True,pointwise_descriptive,none,200.0,Intervals condition on the observed employees and fixed fold/model-training protocol; they do not estimate model-training instability.,"Descriptive OOF subgroup audit only; gaps do not establish discrimination, fairness, or causality. Class-specific rows use their reported denominators. Intervals are pointwise; no multiplicity-adjusted or simultaneous inference.",1388,Age | positive_prediction_rate | class 3.0
canonical_v2_20260714T221501Z_483f96f,51415c2ce68c89d9ce2b042b0a7a811fe3e98180b72460006f9d0465f6bf49b7,06c507bee525ea1daca43b61249764007d4d8baaa05c9333f23446ea723ce160,f1e358e99914563305428cece1b1595bc76a58643184407ec5b222162d650332,98ae57b622a56983192975c5bff94374ed51322f13c76af633c3c96ceb198cdd,support_aware_subgroup_diagnostics,"{""dataset_sha256"":""b8deac0a615b97076622ae540f4cfd0d3c3f1e7acb83ba3ff6560470a9ccf60a""}","{""policy"":""no_salary_hike_no_attrition_no_department""}",support_gated_descriptive_oof_subgroup_diagnostics,not_applicable_or_resolved_by_source_contract,pointwise_paired_stratified_percentile_bootstrap_5000_draws,subgroup_proxy/fairness_disparity_uncertainty.csv,f67613b45f85dc20b9d6fc5a8d1da2a2dc0c1f560762d7465817b5b7b0d74006,fairness_disparity_uncertainty,113,c1300316fe5baec24e789c06aec35dd4f283fa4843b71c7aab1edbf4818f8e91,d483d8ddb93a47a99a2eab54fe3d138d8f614798dd418bca860ea3f20c813f51,b8deac0a615b97076622ae540f4cfd0d3c3f1e7acb83ba3ff6560470a9ccf60a,ordinal_multiclass_performance,no_salary_hike_no_attrition_no_department,Age,,protected_or_sensitive_descriptive_audit,,30,,policy_ablation_raw_uncalibrated_oof_probabilities,positive_prediction_rate,4.0,,,,30,,,support_aware_subgroup_disparity,0.0971264533625688,0.0562507186850014,0.1453093910015791,0.95,5.0,4.0,"[""18-29"",""30-39"",""40-49"",""50-59""]",137.0,137.0,5000.0,5000.0,1.0,3528e4377f9907c2a7c1b51806abf09e0ec2d5513da630618b0a0cb9950a37d0,paired_stratified_sample_level_percentile,fixed_from_complete_oof_before_resampling,support_sufficient_descriptive_estimate,True,pointwise_descriptive,none,200.0,Intervals condition on the observed employees and fixed fold/model-training protocol; they do not estimate model-training instability.,"Descriptive OOF subgroup audit only; gaps do not establish discrimination, fairness, or causality. Class-specific rows use their reported denominators. Intervals are pointwise; no multiplicity-adjusted or simultaneous inference.",1389,Age | positive_prediction_rate | class 4.0
canonical_v2_20260714T221501Z_483f96f,51415c2ce68c89d9ce2b042b0a7a811fe3e98180b72460006f9d0465f6bf49b7,06c507bee525ea1daca43b61249764007d4d8baaa05c9333f23446ea723ce160,f1e358e99914563305428cece1b1595bc76a58643184407ec5b222162d650332,98ae57b622a56983192975c5bff94374ed51322f13c76af633c3c96ceb198cdd,support_aware_subgroup_diagnostics,"{""dataset_sha256"":""b8deac0a615b97076622ae540f4cfd0d3c3f1e7acb83ba3ff6560470a9ccf60a""}","{""policy"":""no_salary_hike_no_attrition_no_department""}",support_gated_descriptive_oof_subgroup_diagnostics,not_applicable_or_resolved_by_source_contract,pointwise_paired_stratified_percentile_bootstrap_5000_draws,subgroup_proxy/fairness_disparity_uncertainty.csv,f67613b45f85dc20b9d6fc5a8d1da2a2dc0c1f560762d7465817b5b7b0d74006,fairness_disparity_uncertainty,114,c1300316fe5baec24e789c06aec35dd4f283fa4843b71c7aab1edbf4818f8e91,d483d8ddb93a47a99a2eab54fe3d138d8f614798dd418bca860ea3f20c813f51,b8deac0a615b97076622ae540f4cfd0d3c3f1e7acb83ba3ff6560470a9ccf60a,ordinal_multiclass_performance,no_salary_hike_no_attrition_no_department,Age,,protected_or_sensitive_descriptive_audit,,30,,policy_ablation_raw_uncalibrated_oof_probabilities,precision,2.0,,,,10,,,support_aware_subgroup_disparity,0.0331164991129508,0.0337686660029865,0.2323823937341926,0.95,5.0,4.0,"[""18-29"",""30-39"",""40-49"",""50-59""]",137.0,29.0,5000.0,5000.0,1.0,3528e4377f9907c2a7c1b51806abf09e0ec2d5513da630618b0a0cb9950a37d0,paired_stratified_sample_level_percentile,fixed_from_complete_oof_before_resampling,support_sufficient_descriptive_estimate,True,pointwise_descriptive,none,200.0,Intervals condition on the observed employees and fixed fold/model-training protocol; they do not estimate model-training instability.,"Descriptive OOF subgroup audit only; gaps do not establish discrimination, fairness, or causality. Class-specific rows use their reported denominators. Intervals are pointwise; no multiplicity-adjusted or simultaneous inference.",1390,Age | precision | class 2.0
canonical_v2_20260714T221501Z_483f96f,51415c2ce68c89d9ce2b042b0a7a811fe3e98180b72460006f9d0465f6bf49b7,06c507bee525ea1daca43b61249764007d4d8baaa05c9333f23446ea723ce160,f1e358e99914563305428cece1b1595bc76a58643184407ec5b222162d650332,98ae57b622a56983192975c5bff94374ed51322f13c76af633c3c96ceb198cdd,support_aware_subgroup_diagnostics,"{""dataset_sha256"":""b8deac0a615b97076622ae540f4cfd0d3c3f1e7acb83ba3ff6560470a9ccf60a""}","{""policy"":""no_salary_hike_no_attrition_no_department""}",support_gated_descriptive_oof_subgroup_diagnostics,not_applicable_or_resolved_by_source_contract,pointwise_paired_stratified_percentile_bootstrap_5000_draws,subgroup_proxy/fairness_disparity_uncertainty.csv,f67613b45f85dc20b9d6fc5a8d1da2a2dc0c1f560762d7465817b5b7b0d74006,fairness_disparity_uncertainty,115,c1300316fe5baec24e789c06aec35dd4f283fa4843b71c7aab1edbf4818f8e91,d483d8ddb93a47a99a2eab54fe3d138d8f614798dd418bca860ea3f20c813f51,b8deac0a615b97076622ae540f4cfd0d3c3f1e7acb83ba3ff6560470a9ccf60a,ordinal_multiclass_performance,no_salary_hike_no_attrition_no_department,Age,,protected_or_sensitive_descriptive_audit,,30,,policy_ablation_raw_uncalibrated_oof_probabilities,precision,3.0,,,,10,,,support_aware_subgroup_disparity,0.0202557343271823,0.0167002410656721,0.1096759986173607,0.95,5.0,4.0,"[""18-29"",""30-39"",""40-49"",""50-59""]",137.0,101.0,5000.0,5000.0,1.0,3528e4377f9907c2a7c1b51806abf09e0ec2d5513da630618b0a0cb9950a37d0,paired_stratified_sample_level_percentile,fixed_from_complete_oof_before_resampling,support_sufficient_descriptive_estimate,True,pointwise_descriptive,none,200.0,Intervals condition on the observed employees and fixed fold/model-training protocol; they do not estimate model-training instability.,"Descriptive OOF subgroup audit only; gaps do not establish discrimination, fairness, or causality. Class-specific rows use their reported denominators. Intervals are pointwise; no multiplicity-adjusted or simultaneous inference.",1391,Age | precision | class 3.0
canonical_v2_20260714T221501Z_483f96f,51415c2ce68c89d9ce2b042b0a7a811fe3e98180b72460006f9d0465f6bf49b7,06c507bee525ea1daca43b61249764007d4d8baaa05c9333f23446ea723ce160,f1e358e99914563305428cece1b1595bc76a58643184407ec5b222162d650332,98ae57b622a56983192975c5bff94374ed51322f13c76af633c3c96ceb198cdd,support_aware_subgroup_diagnostics,"{""dataset_sha256"":""b8deac0a615b97076622ae540f4cfd0d3c3f1e7acb83ba3ff6560470a9ccf60a""}","{""policy"":""no_salary_hike_no_attrition_no_department""}",support_gated_descriptive_oof_subgroup_diagnostics,not_applicable_or_resolved_by_source_contract,pointwise_paired_stratified_percentile_bootstrap_5000_draws,subgroup_proxy/fairness_disparity_uncertainty.csv,f67613b45f85dc20b9d6fc5a8d1da2a2dc0c1f560762d7465817b5b7b0d74006,fairness_disparity_uncertainty,116,c1300316fe5baec24e789c06aec35dd4f283fa4843b71c7aab1edbf4818f8e91,d483d8ddb93a47a99a2eab54fe3d138d8f614798dd418bca860ea3f20c813f51,b8deac0a615b97076622ae540f4cfd0d3c3f1e7acb83ba3ff6560470a9ccf60a,ordinal_multiclass_performance,no_salary_hike_no_attrition_no_department,Age,,protected_or_sensitive_descriptive_audit,,30,,policy_ablation_raw_uncalibrated_oof_probabilities,precision,4.0,,,,10,,,support_aware_subgroup_disparity,0.0484848484848484,0.0186684661524351,0.2317430178822584,0.95,5.0,3.0,"[""18-29"",""30-39"",""40-49""]",267.0,33.0,5000.0,5000.0,1.0,3528e4377f9907c2a7c1b51806abf09e0ec2d5513da630618b0a0cb9950a37d0,paired_stratified_sample_level_percentile,fixed_from_complete_oof_before_resampling,support_sufficient_descriptive_estimate,True,pointwise_descriptive,none,200.0,Intervals condition on the observed employees and fixed fold/model-training protocol; they do not estimate model-training instability.,"Descriptive OOF subgroup audit only; gaps do not establish discrimination, fairness, or causality. Class-specific rows use their reported denominators. Intervals are pointwise; no multiplicity-adjusted or simultaneous inference.",1392,Age | precision | class 4.0
canonical_v2_20260714T221501Z_483f96f,51415c2ce68c89d9ce2b042b0a7a811fe3e98180b72460006f9d0465f6bf49b7,06c507bee525ea1daca43b61249764007d4d8baaa05c9333f23446ea723ce160,f1e358e99914563305428cece1b1595bc76a58643184407ec5b222162d650332,98ae57b622a56983192975c5bff94374ed51322f13c76af633c3c96ceb198cdd,support_aware_subgroup_diagnostics,"{""dataset_sha256"":""b8deac0a615b97076622ae540f4cfd0d3c3f1e7acb83ba3ff6560470a9ccf60a""}","{""policy"":""no_salary_hike_no_attrition_no_department""}",support_gated_descriptive_oof_subgroup_diagnostics,not_applicable_or_resolved_by_source_contract,pointwise_paired_stratified_percentile_bootstrap_5000_draws,subgroup_proxy/fairness_disparity_uncertainty.csv,f67613b45f85dc20b9d6fc5a8d1da2a2dc0c1f560762d7465817b5b7b0d74006,fairness_disparity_uncertainty,117,c1300316fe5baec24e789c06aec35dd4f283fa4843b71c7aab1edbf4818f8e91,d483d8ddb93a47a99a2eab54fe3d138d8f614798dd418bca860ea3f20c813f51,b8deac0a615b97076622ae540f4cfd0d3c3f1e7acb83ba3ff6560470a9ccf60a,ordinal_multiclass_performance,no_salary_hike_no_attrition_no_department,Age,,protected_or_sensitive_descriptive_audit,,30,,policy_ablation_raw_uncalibrated_oof_probabilities,true_positive_rate,2.0,,,,10,,,support_aware_subgroup_disparity,0.0625641025641025,0.030349977837466,0.19565607088899,0.95,5.0,4.0,"[""18-29"",""30-39"",""40-49"",""50-59""]",137.0,26.0,5000.0,5000.0,1.0,3528e4377f9907c2a7c1b51806abf09e0ec2d5513da630618b0a0cb9950a37d0,paired_stratified_sample_level_percentile,fixed_from_complete_oof_before_resampling,support_sufficient_descriptive_estimate,True,pointwise_descriptive,none,200.0,Intervals condition on the observed employees and fixed fold/model-training protocol; they do not estimate model-training instability.,"Descriptive OOF subgroup audit only; gaps do not establish discrimination, fairness, or causality. Class-specific rows use their reported denominators. Intervals are pointwise; no multiplicity-adjusted or simultaneous inference.",1393,Age | true_positive_rate | class 2.0
canonical_v2_20260714T221501Z_483f96f,51415c2ce68c89d9ce2b042b0a7a811fe3e98180b72460006f9d0465f6bf49b7,06c507bee525ea1daca43b61249764007d4d8baaa05c9333f23446ea723ce160,f1e358e99914563305428cece1b1595bc76a58643184407ec5b222162d650332,98ae57b622a56983192975c5bff94374ed51322f13c76af633c3c96ceb198cdd,support_aware_subgroup_diagnostics,"{""dataset_sha256"":""b8deac0a615b97076622ae540f4cfd0d3c3f1e7acb83ba3ff6560470a9ccf60a""}","{""policy"":""no_salary_hike_no_attrition_no_department""}",support_gated_descriptive_oof_subgroup_diagnostics,not_applicable_or_resolved_by_source_contract,pointwise_paired_stratified_percentile_bootstrap_5000_draws,subgroup_proxy/fairness_disparity_uncertainty.csv,f67613b45f85dc20b9d6fc5a8d1da2a2dc0c1f560762d7465817b5b7b0d74006,fairness_disparity_uncertainty,118,c1300316fe5baec24e789c06aec35dd4f283fa4843b71c7aab1edbf4818f8e91,d483d8ddb93a47a99a2eab54fe3d138d8f614798dd418bca860ea3f20c813f51,b8deac0a615b97076622ae540f4cfd0d3c3f1e7acb83ba3ff6560470a9ccf60a,ordinal_multiclass_performance,no_salary_hike_no_attrition_no_department,Age,,protected_or_sensitive_descriptive_audit,,30,,policy_ablation_raw_uncalibrated_oof_probabilities,true_positive_rate,3.0,,,,10,,,support_aware_subgroup_disparity,0.1179314752549531,0.0546856180827057,0.1928005103739783,0.95,5.0,4.0,"[""18-29"",""30-39"",""40-49"",""50-59""]",137.0,97.0,5000.0,5000.0,1.0,3528e4377f9907c2a7c1b51806abf09e0ec2d5513da630618b0a0cb9950a37d0,paired_stratified_sample_level_percentile,fixed_from_complete_oof_before_resampling,support_sufficient_descriptive_estimate,True,pointwise_descriptive,none,200.0,Intervals condition on the observed employees and fixed fold/model-training protocol; they do not estimate model-training instability.,"Descriptive OOF subgroup audit only; gaps do not establish discrimination, fairness, or causality. Class-specific rows use their reported denominators. Intervals are pointwise; no multiplicity-adjusted or simultaneous inference.",1394,Age | true_positive_rate | class 3.0
canonical_v2_20260714T221501Z_483f96f,51415c2ce68c89d9ce2b042b0a7a811fe3e98180b72460006f9d0465f6bf49b7,06c507bee525ea1daca43b61249764007d4d8baaa05c9333f23446ea723ce160,f1e358e99914563305428cece1b1595bc76a58643184407ec5b222162d650332,98ae57b622a56983192975c5bff94374ed51322f13c76af633c3c96ceb198cdd,support_aware_subgroup_diagnostics,"{""dataset_sha256"":""b8deac0a615b97076622ae540f4cfd0d3c3f1e7acb83ba3ff6560470a9ccf60a""}","{""policy"":""no_salary_hike_no_attrition_no_department""}",support_gated_descriptive_oof_subgroup_diagnostics,not_applicable_or_resolved_by_source_contract,pointwise_paired_stratified_percentile_bootstrap_5000_draws,subgroup_proxy/fairness_disparity_uncertainty.csv,f67613b45f85dc20b9d6fc5a8d1da2a2dc0c1f560762d7465817b5b7b0d74006,fairness_disparity_uncertainty,119,c1300316fe5baec24e789c06aec35dd4f283fa4843b71c7aab1edbf4818f8e91,d483d8ddb93a47a99a2eab54fe3d138d8f614798dd418bca860ea3f20c813f51,b8deac0a615b97076622ae540f4cfd0d3c3f1e7acb83ba3ff6560470a9ccf60a,ordinal_multiclass_performance,no_salary_hike_no_attrition_no_department,Age,,protected_or_sensitive_descriptive_audit,,30,,policy_ablation_raw_uncalibrated_oof_probabilities,true_positive_rate,4.0,,,,10,,,support_aware_subgroup_disparity,0.1285714285714286,0.055615807687554,0.3423768472906401,0.95,5.0,4.0,"[""18-29"",""30-39"",""40-49"",""50-59""]",137.0,14.0,5000.0,5000.0,1.0,3528e4377f9907c2a7c1b51806abf09e0ec2d5513da630618b0a0cb9950a37d0,paired_stratified_sample_level_percentile,fixed_from_complete_oof_before_resampling,support_sufficient_but_interval_wide,False,pointwise_descriptive,none,200.0,Intervals condition on the observed employees and fixed fold/model-training protocol; they do not estimate model-training instability.,"Descriptive OOF subgroup audit only; gaps do not establish discrimination, fairness, or causality. Class-specific rows use their reported denominators. Intervals are pointwise; no multiplicity-adjusted or simultaneous inference.",1395,Age | true_positive_rate | class 4.0
canonical_v2_20260714T221501Z_483f96f,51415c2ce68c89d9ce2b042b0a7a811fe3e98180b72460006f9d0465f6bf49b7,06c507bee525ea1daca43b61249764007d4d8baaa05c9333f23446ea723ce160,f1e358e99914563305428cece1b1595bc76a58643184407ec5b222162d650332,98ae57b622a56983192975c5bff94374ed51322f13c76af633c3c96ceb198cdd,support_aware_subgroup_diagnostics,"{""dataset_sha256"":""b8deac0a615b97076622ae540f4cfd0d3c3f1e7acb83ba3ff6560470a9ccf60a""}","{""policy"":""no_salary_hike_no_attrition_no_department""}",support_gated_descriptive_oof_subgroup_diagnostics,not_applicable_or_resolved_by_source_contract,pointwise_paired_stratified_percentile_bootstrap_5000_draws,subgroup_proxy/fairness_disparity_uncertainty.csv,f67613b45f85dc20b9d6fc5a8d1da2a2dc0c1f560762d7465817b5b7b0d74006,fairness_disparity_uncertainty,120,c1300316fe5baec24e789c06aec35dd4f283fa4843b71c7aab1edbf4818f8e91,d483d8ddb93a47a99a2eab54fe3d138d8f614798dd418bca860ea3f20c813f51,b8deac0a615b97076622ae540f4cfd0d3c3f1e7acb83ba3ff6560470a9ccf60a,ordinal_multiclass_performance,no_salary_hike_no_attrition_no_department,BusinessTravelFrequency,,exploratory_operational_subgroup_diagnostic,,30,,policy_ablation_raw_uncalibrated_oof_probabilities,accuracy,,,,,30,,,support_aware_subgroup_disparity,0.0591974953677081,0.020243324147222,0.1385899038700032,0.95,3.0,3.0,"[""Non-Travel"",""Travel_Frequently"",""Travel_Rarely""]",132.0,132.0,5000.0,5000.0,1.0,3528e4377f9907c2a7c1b51806abf09e0ec2d5513da630618b0a0cb9950a37d0,paired_stratified_sample_level_percentile,fixed_from_complete_oof_before_resampling,support_sufficient_descriptive_estimate,True,pointwise_descriptive,none,200.0,Intervals condition on the observed employees and fixed fold/model-training protocol; they do not estimate model-training instability.,"Descriptive OOF subgroup audit only; gaps do not establish discrimination, fairness, or causality. Class-specific rows use their reported denominators. Intervals are pointwise; no multiplicity-adjusted or simultaneous inference.",1396,BusinessTravelFrequency | accuracy
canonical_v2_20260714T221501Z_483f96f,51415c2ce68c89d9ce2b042b0a7a811fe3e98180b72460006f9d0465f6bf49b7,06c507bee525ea1daca43b61249764007d4d8baaa05c9333f23446ea723ce160,f1e358e99914563305428cece1b1595bc76a58643184407ec5b222162d650332,98ae57b622a56983192975c5bff94374ed51322f13c76af633c3c96ceb198cdd,support_aware_subgroup_diagnostics,"{""dataset_sha256"":""b8deac0a615b97076622ae540f4cfd0d3c3f1e7acb83ba3ff6560470a9ccf60a""}","{""policy"":""no_salary_hike_no_attrition_no_department""}",support_gated_descriptive_oof_subgroup_diagnostics,not_applicable_or_resolved_by_source_contract,pointwise_paired_stratified_percentile_bootstrap_5000_draws,subgroup_proxy/fairness_disparity_uncertainty.csv,f67613b45f85dc20b9d6fc5a8d1da2a2dc0c1f560762d7465817b5b7b0d74006,fairness_disparity_uncertainty,121,c1300316fe5baec24e789c06aec35dd4f283fa4843b71c7aab1edbf4818f8e91,d483d8ddb93a47a99a2eab54fe3d138d8f614798dd418bca860ea3f20c813f51,b8deac0a615b97076622ae540f4cfd0d3c3f1e7acb83ba3ff6560470a9ccf60a,ordinal_multiclass_performance,no_salary_hike_no_attrition_no_department,BusinessTravelFrequency,,exploratory_operational_subgroup_diagnostic,,30,,policy_ablation_raw_uncalibrated_oof_probabilities,false_positive_rate,2.0,,,,10,,,support_aware_subgroup_disparity,0.0034005836822738,0.0042597861171795,0.0524565743336678,0.95,3.0,3.0,"[""Non-Travel"",""Travel_Frequently"",""Travel_Rarely""]",132.0,111.0,5000.0,5000.0,1.0,3528e4377f9907c2a7c1b51806abf09e0ec2d5513da630618b0a0cb9950a37d0,paired_stratified_sample_level_percentile,fixed_from_complete_oof_before_resampling,support_sufficient_descriptive_estimate,True,pointwise_descriptive,none,200.0,Intervals condition on the observed employees and fixed fold/model-training protocol; they do not estimate model-training instability.,"Descriptive OOF subgroup audit only; gaps do not establish discrimination, fairness, or causality. Class-specific rows use their reported denominators. Intervals are pointwise; no multiplicity-adjusted or simultaneous inference.",1397,BusinessTravelFrequency | false_positive_rate | class 2.0
canonical_v2_20260714T221501Z_483f96f,51415c2ce68c89d9ce2b042b0a7a811fe3e98180b72460006f9d0465f6bf49b7,06c507bee525ea1daca43b61249764007d4d8baaa05c9333f23446ea723ce160,f1e358e99914563305428cece1b1595bc76a58643184407ec5b222162d650332,98ae57b622a56983192975c5bff94374ed51322f13c76af633c3c96ceb198cdd,support_aware_subgroup_diagnostics,"{""dataset_sha256"":""b8deac0a615b97076622ae540f4cfd0d3c3f1e7acb83ba3ff6560470a9ccf60a""}","{""policy"":""no_salary_hike_no_attrition_no_department""}",support_gated_descriptive_oof_subgroup_diagnostics,not_applicable_or_resolved_by_source_contract,pointwise_paired_stratified_percentile_bootstrap_5000_draws,subgroup_proxy/fairness_disparity_uncertainty.csv,f67613b45f85dc20b9d6fc5a8d1da2a2dc0c1f560762d7465817b5b7b0d74006,fairness_disparity_uncertainty,122,c1300316fe5baec24e789c06aec35dd4f283fa4843b71c7aab1edbf4818f8e91,d483d8ddb93a47a99a2eab54fe3d138d8f614798dd418bca860ea3f20c813f51,b8deac0a615b97076622ae540f4cfd0d3c3f1e7acb83ba3ff6560470a9ccf60a,ordinal_multiclass_performance,no_salary_hike_no_attrition_no_department,BusinessTravelFrequency,,exploratory_operational_subgroup_diagnostic,,30,,policy_ablation_raw_uncalibrated_oof_probabilities,false_positive_rate,3.0,,,,10,,,support_aware_subgroup_disparity,0.1134165995165189,0.0329409804180446,0.2711267605633802,0.95,3.0,3.0,"[""Non-Travel"",""Travel_Frequently"",""Travel_Rarely""]",132.0,39.0,5000.0,5000.0,1.0,3528e4377f9907c2a7c1b51806abf09e0ec2d5513da630618b0a0cb9950a37d0,paired_stratified_sample_level_percentile,fixed_from_complete_oof_before_resampling,support_sufficient_descriptive_estimate,True,pointwise_descriptive,none,200.0,Intervals condition on the observed employees and fixed fold/model-training protocol; they do not estimate model-training instability.,"Descriptive OOF subgroup audit only; gaps do not establish discrimination, fairness, or causality. Class-specific rows use their reported denominators. Intervals are pointwise; no multiplicity-adjusted or simultaneous inference.",1398,BusinessTravelFrequency | false_positive_rate | class 3.0
canonical_v2_20260714T221501Z_483f96f,51415c2ce68c89d9ce2b042b0a7a811fe3e98180b72460006f9d0465f6bf49b7,06c507bee525ea1daca43b61249764007d4d8baaa05c9333f23446ea723ce160,f1e358e99914563305428cece1b1595bc76a58643184407ec5b222162d650332,98ae57b622a56983192975c5bff94374ed51322f13c76af633c3c96ceb198cdd,support_aware_subgroup_diagnostics,"{""dataset_sha256"":""b8deac0a615b97076622ae540f4cfd0d3c3f1e7acb83ba3ff6560470a9ccf60a""}","{""policy"":""no_salary_hike_no_attrition_no_department""}",support_gated_descriptive_oof_subgroup_diagnostics,not_applicable_or_resolved_by_source_contract,pointwise_paired_stratified_percentile_bootstrap_5000_draws,subgroup_proxy/fairness_disparity_uncertainty.csv,f67613b45f85dc20b9d6fc5a8d1da2a2dc0c1f560762d7465817b5b7b0d74006,fairness_disparity_uncertainty,123,c1300316fe5baec24e789c06aec35dd4f283fa4843b71c7aab1edbf4818f8e91,d483d8ddb93a47a99a2eab54fe3d138d8f614798dd418bca860ea3f20c813f51,b8deac0a615b97076622ae540f4cfd0d3c3f1e7acb83ba3ff6560470a9ccf60a,ordinal_multiclass_performance,no_salary_hike_no_attrition_no_department,BusinessTravelFrequency,,exploratory_operational_subgroup_diagnostic,,30,,policy_ablation_raw_uncalibrated_oof_probabilities,false_positive_rate,4.0,,,,10,,,support_aware_subgroup_disparity,0.0350992159297325,0.0083970502039491,0.1088901226610138,0.95,3.0,3.0,"[""Non-Travel"",""Travel_Frequently"",""Travel_Rarely""]",132.0,114.0,5000.0,5000.0,1.0,3528e4377f9907c2a7c1b51806abf09e0ec2d5513da630618b0a0cb9950a37d0,paired_stratified_sample_level_percentile,fixed_from_complete_oof_before_resampling,support_sufficient_descriptive_estimate,True,pointwise_descriptive,none,200.0,Intervals condition on the observed employees and fixed fold/model-training protocol; they do not estimate model-training instability.,"Descriptive OOF subgroup audit only; gaps do not establish discrimination, fairness, or causality. Class-specific rows use their reported denominators. Intervals are pointwise; no multiplicity-adjusted or simultaneous inference.",1399,BusinessTravelFrequency | false_positive_rate | class 4.0
canonical_v2_20260714T221501Z_483f96f,51415c2ce68c89d9ce2b042b0a7a811fe3e98180b72460006f9d0465f6bf49b7,06c507bee525ea1daca43b61249764007d4d8baaa05c9333f23446ea723ce160,f1e358e99914563305428cece1b1595bc76a58643184407ec5b222162d650332,98ae57b622a56983192975c5bff94374ed51322f13c76af633c3c96ceb198cdd,support_aware_subgroup_diagnostics,"{""dataset_sha256"":""b8deac0a615b97076622ae540f4cfd0d3c3f1e7acb83ba3ff6560470a9ccf60a""}","{""policy"":""no_salary_hike_no_attrition_no_department""}",support_gated_descriptive_oof_subgroup_diagnostics,not_applicable_or_resolved_by_source_contract,pointwise_paired_stratified_percentile_bootstrap_5000_draws,subgroup_proxy/fairness_disparity_uncertainty.csv,f67613b45f85dc20b9d6fc5a8d1da2a2dc0c1f560762d7465817b5b7b0d74006,fairness_disparity_uncertainty,124,c1300316fe5baec24e789c06aec35dd4f283fa4843b71c7aab1edbf4818f8e91,d483d8ddb93a47a99a2eab54fe3d138d8f614798dd418bca860ea3f20c813f51,b8deac0a615b97076622ae540f4cfd0d3c3f1e7acb83ba3ff6560470a9ccf60a,ordinal_multiclass_performance,no_salary_hike_no_attrition_no_department,BusinessTravelFrequency,,exploratory_operational_subgroup_diagnostic,,30,,policy_ablation_raw_uncalibrated_oof_probabilities,macro_f1,,,,,30,,,support_aware_subgroup_disparity,0.0528445073059314,0.0175435126660449,0.1298737573862913,0.95,3.0,3.0,"[""Non-Travel"",""Travel_Frequently"",""Travel_Rarely""]",132.0,132.0,5000.0,5000.0,1.0,3528e4377f9907c2a7c1b51806abf09e0ec2d5513da630618b0a0cb9950a37d0,paired_stratified_sample_level_percentile,fixed_from_complete_oof_before_resampling,support_sufficient_descriptive_estimate,True,pointwise_descriptive,none,200.0,Intervals condition on the observed employees and fixed fold/model-training protocol; they do not estimate model-training instability.,"Descriptive OOF subgroup audit only; gaps do not establish discrimination, fairness, or causality. Class-specific rows use their reported denominators. Intervals are pointwise; no multiplicity-adjusted or simultaneous inference.",1400,BusinessTravelFrequency | macro_f1
canonical_v2_20260714T221501Z_483f96f,51415c2ce68c89d9ce2b042b0a7a811fe3e98180b72460006f9d0465f6bf49b7,06c507bee525ea1daca43b61249764007d4d8baaa05c9333f23446ea723ce160,f1e358e99914563305428cece1b1595bc76a58643184407ec5b222162d650332,98ae57b622a56983192975c5bff94374ed51322f13c76af633c3c96ceb198cdd,support_aware_subgroup_diagnostics,"{""dataset_sha256"":""b8deac0a615b97076622ae540f4cfd0d3c3f1e7acb83ba3ff6560470a9ccf60a""}","{""policy"":""no_salary_hike_no_attrition_no_department""}",support_gated_descriptive_oof_subgroup_diagnostics,not_applicable_or_resolved_by_source_contract,pointwise_paired_stratified_percentile_bootstrap_5000_draws,subgroup_proxy/fairness_disparity_uncertainty.csv,f67613b45f85dc20b9d6fc5a8d1da2a2dc0c1f560762d7465817b5b7b0d74006,fairness_disparity_uncertainty,125,c1300316fe5baec24e789c06aec35dd4f283fa4843b71c7aab1edbf4818f8e91,d483d8ddb93a47a99a2eab54fe3d138d8f614798dd418bca860ea3f20c813f51,b8deac0a615b97076622ae540f4cfd0d3c3f1e7acb83ba3ff6560470a9ccf60a,ordinal_multiclass_performance,no_salary_hike_no_attrition_no_department,BusinessTravelFrequency,,exploratory_operational_subgroup_diagnostic,,30,,policy_ablation_raw_uncalibrated_oof_probabilities,mean_predicted_probability,2.0,,,,30,,,support_aware_subgroup_disparity,0.003975763683381,0.0067828450603187,0.0890477278182638,0.95,3.0,3.0,"[""Non-Travel"",""Travel_Frequently"",""Travel_Rarely""]",132.0,132.0,5000.0,5000.0,1.0,3528e4377f9907c2a7c1b51806abf09e0ec2d5513da630618b0a0cb9950a37d0,paired_stratified_sample_level_percentile,fixed_from_complete_oof_before_resampling,support_sufficient_descriptive_estimate,True,pointwise_descriptive,none,200.0,Intervals condition on the observed employees and fixed fold/model-training protocol; they do not estimate model-training instability.,"Descriptive OOF subgroup audit only; gaps do not establish discrimination, fairness, or causality. Class-specific rows use their reported denominators. Intervals are pointwise; no multiplicity-adjusted or simultaneous inference.",1401,BusinessTravelFrequency | mean_predicted_probability | class 2.0
canonical_v2_20260714T221501Z_483f96f,51415c2ce68c89d9ce2b042b0a7a811fe3e98180b72460006f9d0465f6bf49b7,06c507bee525ea1daca43b61249764007d4d8baaa05c9333f23446ea723ce160,f1e358e99914563305428cece1b1595bc76a58643184407ec5b222162d650332,98ae57b622a56983192975c5bff94374ed51322f13c76af633c3c96ceb198cdd,support_aware_subgroup_diagnostics,"{""dataset_sha256"":""b8deac0a615b97076622ae540f4cfd0d3c3f1e7acb83ba3ff6560470a9ccf60a""}","{""policy"":""no_salary_hike_no_attrition_no_department""}",support_gated_descriptive_oof_subgroup_diagnostics,not_applicable_or_resolved_by_source_contract,pointwise_paired_stratified_percentile_bootstrap_5000_draws,subgroup_proxy/fairness_disparity_uncertainty.csv,f67613b45f85dc20b9d6fc5a8d1da2a2dc0c1f560762d7465817b5b7b0d74006,fairness_disparity_uncertainty,126,c1300316fe5baec24e789c06aec35dd4f283fa4843b71c7aab1edbf4818f8e91,d483d8ddb93a47a99a2eab54fe3d138d8f614798dd418bca860ea3f20c813f51,b8deac0a615b97076622ae540f4cfd0d3c3f1e7acb83ba3ff6560470a9ccf60a,ordinal_multiclass_performance,no_salary_hike_no_attrition_no_department,BusinessTravelFrequency,,exploratory_operational_subgroup_diagnostic,,30,,policy_ablation_raw_uncalibrated_oof_probabilities,mean_predicted_probability,3.0,,,,30,,,support_aware_subgroup_disparity,0.0322020891522513,0.0093352284467537,0.0890162773666424,0.95,3.0,3.0,"[""Non-Travel"",""Travel_Frequently"",""Travel_Rarely""]",132.0,132.0,5000.0,5000.0,1.0,3528e4377f9907c2a7c1b51806abf09e0ec2d5513da630618b0a0cb9950a37d0,paired_stratified_sample_level_percentile,fixed_from_complete_oof_before_resampling,support_sufficient_descriptive_estimate,True,pointwise_descriptive,none,200.0,Intervals condition on the observed employees and fixed fold/model-training protocol; they do not estimate model-training instability.,"Descriptive OOF subgroup audit only; gaps do not establish discrimination, fairness, or causality. Class-specific rows use their reported denominators. Intervals are pointwise; no multiplicity-adjusted or simultaneous inference.",1402,BusinessTravelFrequency | mean_predicted_probability | class 3.0
canonical_v2_20260714T221501Z_483f96f,51415c2ce68c89d9ce2b042b0a7a811fe3e98180b72460006f9d0465f6bf49b7,06c507bee525ea1daca43b61249764007d4d8baaa05c9333f23446ea723ce160,f1e358e99914563305428cece1b1595bc76a58643184407ec5b222162d650332,98ae57b622a56983192975c5bff94374ed51322f13c76af633c3c96ceb198cdd,support_aware_subgroup_diagnostics,"{""dataset_sha256"":""b8deac0a615b97076622ae540f4cfd0d3c3f1e7acb83ba3ff6560470a9ccf60a""}","{""policy"":""no_salary_hike_no_attrition_no_department""}",support_gated_descriptive_oof_subgroup_diagnostics,not_applicable_or_resolved_by_source_contract,pointwise_paired_stratified_percentile_bootstrap_5000_draws,subgroup_proxy/fairness_disparity_uncertainty.csv,f67613b45f85dc20b9d6fc5a8d1da2a2dc0c1f560762d7465817b5b7b0d74006,fairness_disparity_uncertainty,127,c1300316fe5baec24e789c06aec35dd4f283fa4843b71c7aab1edbf4818f8e91,d483d8ddb93a47a99a2eab54fe3d138d8f614798dd418bca860ea3f20c813f51,b8deac0a615b97076622ae540f4cfd0d3c3f1e7acb83ba3ff6560470a9ccf60a,ordinal_multiclass_performance,no_salary_hike_no_attrition_no_department,BusinessTravelFrequency,,exploratory_operational_subgroup_diagnostic,,30,,policy_ablation_raw_uncalibrated_oof_probabilities,mean_predicted_probability,4.0,,,,30,,,support_aware_subgroup_disparity,0.0282263254688703,0.0079869623752304,0.0688939045886512,0.95,3.0,3.0,"[""Non-Travel"",""Travel_Frequently"",""Travel_Rarely""]",132.0,132.0,5000.0,5000.0,1.0,3528e4377f9907c2a7c1b51806abf09e0ec2d5513da630618b0a0cb9950a37d0,paired_stratified_sample_level_percentile,fixed_from_complete_oof_before_resampling,support_sufficient_descriptive_estimate,True,pointwise_descriptive,none,200.0,Intervals condition on the observed employees and fixed fold/model-training protocol; they do not estimate model-training instability.,"Descriptive OOF subgroup audit only; gaps do not establish discrimination, fairness, or causality. Class-specific rows use their reported denominators. Intervals are pointwise; no multiplicity-adjusted or simultaneous inference.",1403,BusinessTravelFrequency | mean_predicted_probability | class 4.0
canonical_v2_20260714T221501Z_483f96f,51415c2ce68c89d9ce2b042b0a7a811fe3e98180b72460006f9d0465f6bf49b7,06c507bee525ea1daca43b61249764007d4d8baaa05c9333f23446ea723ce160,f1e358e99914563305428cece1b1595bc76a58643184407ec5b222162d650332,98ae57b622a56983192975c5bff94374ed51322f13c76af633c3c96ceb198cdd,support_aware_subgroup_diagnostics,"{""dataset_sha256"":""b8deac0a615b97076622ae540f4cfd0d3c3f1e7acb83ba3ff6560470a9ccf60a""}","{""policy"":""no_salary_hike_no_attrition_no_department""}",support_gated_descriptive_oof_subgroup_diagnostics,not_applicable_or_resolved_by_source_contract,pointwise_paired_stratified_percentile_bootstrap_5000_draws,subgroup_proxy/fairness_disparity_uncertainty.csv,f67613b45f85dc20b9d6fc5a8d1da2a2dc0c1f560762d7465817b5b7b0d74006,fairness_disparity_uncertainty,128,c1300316fe5baec24e789c06aec35dd4f283fa4843b71c7aab1edbf4818f8e91,d483d8ddb93a47a99a2eab54fe3d138d8f614798dd418bca860ea3f20c813f51,b8deac0a615b97076622ae540f4cfd0d3c3f1e7acb83ba3ff6560470a9ccf60a,ordinal_multiclass_performance,no_salary_hike_no_attrition_no_department,BusinessTravelFrequency,,exploratory_operational_subgroup_diagnostic,,30,,policy_ablation_raw_uncalibrated_oof_probabilities,positive_prediction_rate,2.0,,,,30,,,support_aware_subgroup_disparity,0.0097249086610788,0.0073520762459506,0.1003821840937674,0.95,3.0,3.0,"[""Non-Travel"",""Travel_Frequently"",""Travel_Rarely""]",132.0,132.0,5000.0,5000.0,1.0,3528e4377f9907c2a7c1b51806abf09e0ec2d5513da630618b0a0cb9950a37d0,paired_stratified_sample_level_percentile,fixed_from_complete_oof_before_resampling,support_sufficient_descriptive_estimate,True,pointwise_descriptive,none,200.0,Intervals condition on the observed employees and fixed fold/model-training protocol; they do not estimate model-training instability.,"Descriptive OOF subgroup audit only; gaps do not establish discrimination, fairness, or causality. Class-specific rows use their reported denominators. Intervals are pointwise; no multiplicity-adjusted or simultaneous inference.",1404,BusinessTravelFrequency | positive_prediction_rate | class 2.0
canonical_v2_20260714T221501Z_483f96f,51415c2ce68c89d9ce2b042b0a7a811fe3e98180b72460006f9d0465f6bf49b7,06c507bee525ea1daca43b61249764007d4d8baaa05c9333f23446ea723ce160,f1e358e99914563305428cece1b1595bc76a58643184407ec5b222162d650332,98ae57b622a56983192975c5bff94374ed51322f13c76af633c3c96ceb198cdd,support_aware_subgroup_diagnostics,"{""dataset_sha256"":""b8deac0a615b97076622ae540f4cfd0d3c3f1e7acb83ba3ff6560470a9ccf60a""}","{""policy"":""no_salary_hike_no_attrition_no_department""}",support_gated_descriptive_oof_subgroup_diagnostics,not_applicable_or_resolved_by_source_contract,pointwise_paired_stratified_percentile_bootstrap_5000_draws,subgroup_proxy/fairness_disparity_uncertainty.csv,f67613b45f85dc20b9d6fc5a8d1da2a2dc0c1f560762d7465817b5b7b0d74006,fairness_disparity_uncertainty,129,c1300316fe5baec24e789c06aec35dd4f283fa4843b71c7aab1edbf4818f8e91,d483d8ddb93a47a99a2eab54fe3d138d8f614798dd418bca860ea3f20c813f51,b8deac0a615b97076622ae540f4cfd0d3c3f1e7acb83ba3ff6560470a9ccf60a,ordinal_multiclass_performance,no_salary_hike_no_attrition_no_department,BusinessTravelFrequency,,exploratory_operational_subgroup_diagnostic,,30,,policy_ablation_raw_uncalibrated_oof_probabilities,positive_prediction_rate,3.0,,,,30,,,support_aware_subgroup_disparity,0.0371265849989254,0.0104692781027438,0.1379983677524661,0.95,3.0,3.0,"[""Non-Travel"",""Travel_Frequently"",""Travel_Rarely""]",132.0,132.0,5000.0,5000.0,1.0,3528e4377f9907c2a7c1b51806abf09e0ec2d5513da630618b0a0cb9950a37d0,paired_stratified_sample_level_percentile,fixed_from_complete_oof_before_resampling,support_sufficient_descriptive_estimate,True,pointwise_descriptive,none,200.0,Intervals condition on the observed employees and fixed fold/model-training protocol; they do not estimate model-training instability.,"Descriptive OOF subgroup audit only; gaps do not establish discrimination, fairness, or causality. Class-specific rows use their reported denominators. Intervals are pointwise; no multiplicity-adjusted or simultaneous inference.",1405,BusinessTravelFrequency | positive_prediction_rate | class 3.0
canonical_v2_20260714T221501Z_483f96f,51415c2ce68c89d9ce2b042b0a7a811fe3e98180b72460006f9d0465f6bf49b7,06c507bee525ea1daca43b61249764007d4d8baaa05c9333f23446ea723ce160,f1e358e99914563305428cece1b1595bc76a58643184407ec5b222162d650332,98ae57b622a56983192975c5bff94374ed51322f13c76af633c3c96ceb198cdd,support_aware_subgroup_diagnostics,"{""dataset_sha256"":""b8deac0a615b97076622ae540f4cfd0d3c3f1e7acb83ba3ff6560470a9ccf60a""}","{""policy"":""no_salary_hike_no_attrition_no_department""}",support_gated_descriptive_oof_subgroup_diagnostics,not_applicable_or_resolved_by_source_contract,pointwise_paired_stratified_percentile_bootstrap_5000_draws,subgroup_proxy/fairness_disparity_uncertainty.csv,f67613b45f85dc20b9d6fc5a8d1da2a2dc0c1f560762d7465817b5b7b0d74006,fairness_disparity_uncertainty,130,c1300316fe5baec24e789c06aec35dd4f283fa4843b71c7aab1edbf4818f8e91,d483d8ddb93a47a99a2eab54fe3d138d8f614798dd418bca860ea3f20c813f51,b8deac0a615b97076622ae540f4cfd0d3c3f1e7acb83ba3ff6560470a9ccf60a,ordinal_multiclass_performance,no_salary_hike_no_attrition_no_department,BusinessTravelFrequency,,exploratory_operational_subgroup_diagnostic,,30,,policy_ablation_raw_uncalibrated_oof_probabilities,positive_prediction_rate,4.0,,,,30,,,support_aware_subgroup_disparity,0.0298935298935298,0.0078193726503759,0.1063602333615698,0.95,3.0,3.0,"[""Non-Travel"",""Travel_Frequently"",""Travel_Rarely""]",132.0,132.0,5000.0,5000.0,1.0,3528e4377f9907c2a7c1b51806abf09e0ec2d5513da630618b0a0cb9950a37d0,paired_stratified_sample_level_percentile,fixed_from_complete_oof_before_resampling,support_sufficient_descriptive_estimate,True,pointwise_descriptive,none,200.0,Intervals condition on the observed employees and fixed fold/model-training protocol; they do not estimate model-training instability.,"Descriptive OOF subgroup audit only; gaps do not establish discrimination, fairness, or causality. Class-specific rows use their reported denominators. Intervals are pointwise; no multiplicity-adjusted or simultaneous inference.",1406,BusinessTravelFrequency | positive_prediction_rate | class 4.0
canonical_v2_20260714T221501Z_483f96f,51415c2ce68c89d9ce2b042b0a7a811fe3e98180b72460006f9d0465f6bf49b7,06c507bee525ea1daca43b61249764007d4d8baaa05c9333f23446ea723ce160,f1e358e99914563305428cece1b1595bc76a58643184407ec5b222162d650332,98ae57b622a56983192975c5bff94374ed51322f13c76af633c3c96ceb198cdd,support_aware_subgroup_diagnostics,"{""dataset_sha256"":""b8deac0a615b97076622ae540f4cfd0d3c3f1e7acb83ba3ff6560470a9ccf60a""}","{""policy"":""no_salary_hike_no_attrition_no_department""}",support_gated_descriptive_oof_subgroup_diagnostics,not_applicable_or_resolved_by_source_contract,pointwise_paired_stratified_percentile_bootstrap_5000_draws,subgroup_proxy/fairness_disparity_uncertainty.csv,f67613b45f85dc20b9d6fc5a8d1da2a2dc0c1f560762d7465817b5b7b0d74006,fairness_disparity_uncertainty,131,c1300316fe5baec24e789c06aec35dd4f283fa4843b71c7aab1edbf4818f8e91,d483d8ddb93a47a99a2eab54fe3d138d8f614798dd418bca860ea3f20c813f51,b8deac0a615b97076622ae540f4cfd0d3c3f1e7acb83ba3ff6560470a9ccf60a,ordinal_multiclass_performance,no_salary_hike_no_attrition_no_department,BusinessTravelFrequency,,exploratory_operational_subgroup_diagnostic,,30,,policy_ablation_raw_uncalibrated_oof_probabilities,precision,2.0,,,,10,,,support_aware_subgroup_disparity,0.0242105263157894,0.0177252048669356,0.219047619047619,0.95,3.0,3.0,"[""Non-Travel"",""Travel_Frequently"",""Travel_Rarely""]",132.0,25.0,5000.0,5000.0,1.0,3528e4377f9907c2a7c1b51806abf09e0ec2d5513da630618b0a0cb9950a37d0,paired_stratified_sample_level_percentile,fixed_from_complete_oof_before_resampling,support_sufficient_descriptive_estimate,True,pointwise_descriptive,none,200.0,Intervals condition on the observed employees and fixed fold/model-training protocol; they do not estimate model-training instability.,"Descriptive OOF subgroup audit only; gaps do not establish discrimination, fairness, or causality. Class-specific rows use their reported denominators. Intervals are pointwise; no multiplicity-adjusted or simultaneous inference.",1407,BusinessTravelFrequency | precision | class 2.0
canonical_v2_20260714T221501Z_483f96f,51415c2ce68c89d9ce2b042b0a7a811fe3e98180b72460006f9d0465f6bf49b7,06c507bee525ea1daca43b61249764007d4d8baaa05c9333f23446ea723ce160,f1e358e99914563305428cece1b1595bc76a58643184407ec5b222162d650332,98ae57b622a56983192975c5bff94374ed51322f13c76af633c3c96ceb198cdd,support_aware_subgroup_diagnostics,"{""dataset_sha256"":""b8deac0a615b97076622ae540f4cfd0d3c3f1e7acb83ba3ff6560470a9ccf60a""}","{""policy"":""no_salary_hike_no_attrition_no_department""}",support_gated_descriptive_oof_subgroup_diagnostics,not_applicable_or_resolved_by_source_contract,pointwise_paired_stratified_percentile_bootstrap_5000_draws,subgroup_proxy/fairness_disparity_uncertainty.csv,f67613b45f85dc20b9d6fc5a8d1da2a2dc0c1f560762d7465817b5b7b0d74006,fairness_disparity_uncertainty,132,c1300316fe5baec24e789c06aec35dd4f283fa4843b71c7aab1edbf4818f8e91,d483d8ddb93a47a99a2eab54fe3d138d8f614798dd418bca860ea3f20c813f51,b8deac0a615b97076622ae540f4cfd0d3c3f1e7acb83ba3ff6560470a9ccf60a,ordinal_multiclass_performance,no_salary_hike_no_attrition_no_department,BusinessTravelFrequency,,exploratory_operational_subgroup_diagnostic,,30,,policy_ablation_raw_uncalibrated_oof_probabilities,precision,3.0,,,,10,,,support_aware_subgroup_disparity,0.0739642361034551,0.0267516546606737,0.1505091509550997,0.95,3.0,3.0,"[""Non-Travel"",""Travel_Frequently"",""Travel_Rarely""]",132.0,87.0,5000.0,5000.0,1.0,3528e4377f9907c2a7c1b51806abf09e0ec2d5513da630618b0a0cb9950a37d0,paired_stratified_sample_level_percentile,fixed_from_complete_oof_before_resampling,support_sufficient_descriptive_estimate,True,pointwise_descriptive,none,200.0,Intervals condition on the observed employees and fixed fold/model-training protocol; they do not estimate model-training instability.,"Descriptive OOF subgroup audit only; gaps do not establish discrimination, fairness, or causality. Class-specific rows use their reported denominators. Intervals are pointwise; no multiplicity-adjusted or simultaneous inference.",1408,BusinessTravelFrequency | precision | class 3.0
canonical_v2_20260714T221501Z_483f96f,51415c2ce68c89d9ce2b042b0a7a811fe3e98180b72460006f9d0465f6bf49b7,06c507bee525ea1daca43b61249764007d4d8baaa05c9333f23446ea723ce160,f1e358e99914563305428cece1b1595bc76a58643184407ec5b222162d650332,98ae57b622a56983192975c5bff94374ed51322f13c76af633c3c96ceb198cdd,support_aware_subgroup_diagnostics,"{""dataset_sha256"":""b8deac0a615b97076622ae540f4cfd0d3c3f1e7acb83ba3ff6560470a9ccf60a""}","{""policy"":""no_salary_hike_no_attrition_no_department""}",support_gated_descriptive_oof_subgroup_diagnostics,not_applicable_or_resolved_by_source_contract,pointwise_paired_stratified_percentile_bootstrap_5000_draws,subgroup_proxy/fairness_disparity_uncertainty.csv,f67613b45f85dc20b9d6fc5a8d1da2a2dc0c1f560762d7465817b5b7b0d74006,fairness_disparity_uncertainty,133,c1300316fe5baec24e789c06aec35dd4f283fa4843b71c7aab1edbf4818f8e91,d483d8ddb93a47a99a2eab54fe3d138d8f614798dd418bca860ea3f20c813f51,b8deac0a615b97076622ae540f4cfd0d3c3f1e7acb83ba3ff6560470a9ccf60a,ordinal_multiclass_performance,no_salary_hike_no_attrition_no_department,BusinessTravelFrequency,,exploratory_operational_subgroup_diagnostic,,30,,policy_ablation_raw_uncalibrated_oof_probabilities,precision,4.0,,,,10,,,support_aware_subgroup_disparity,0.0973544973544973,0.0317460317460317,0.2623150858704134,0.95,3.0,3.0,"[""Non-Travel"",""Travel_Frequently"",""Travel_Rarely""]",132.0,20.0,5000.0,5000.0,1.0,3528e4377f9907c2a7c1b51806abf09e0ec2d5513da630618b0a0cb9950a37d0,paired_stratified_sample_level_percentile,fixed_from_complete_oof_before_resampling,support_sufficient_descriptive_estimate,True,pointwise_descriptive,none,200.0,Intervals condition on the observed employees and fixed fold/model-training protocol; they do not estimate model-training instability.,"Descriptive OOF subgroup audit only; gaps do not establish discrimination, fairness, or causality. Class-specific rows use their reported denominators. Intervals are pointwise; no multiplicity-adjusted or simultaneous inference.",1409,BusinessTravelFrequency | precision | class 4.0
canonical_v2_20260714T221501Z_483f96f,51415c2ce68c89d9ce2b042b0a7a811fe3e98180b72460006f9d0465f6bf49b7,06c507bee525ea1daca43b61249764007d4d8baaa05c9333f23446ea723ce160,f1e358e99914563305428cece1b1595bc76a58643184407ec5b222162d650332,98ae57b622a56983192975c5bff94374ed51322f13c76af633c3c96ceb198cdd,support_aware_subgroup_diagnostics,"{""dataset_sha256"":""b8deac0a615b97076622ae540f4cfd0d3c3f1e7acb83ba3ff6560470a9ccf60a""}","{""policy"":""no_salary_hike_no_attrition_no_department""}",support_gated_descriptive_oof_subgroup_diagnostics,not_applicable_or_resolved_by_source_contract,pointwise_paired_stratified_percentile_bootstrap_5000_draws,subgroup_proxy/fairness_disparity_uncertainty.csv,f67613b45f85dc20b9d6fc5a8d1da2a2dc0c1f560762d7465817b5b7b0d74006,fairness_disparity_uncertainty,134,c1300316fe5baec24e789c06aec35dd4f283fa4843b71c7aab1edbf4818f8e91,d483d8ddb93a47a99a2eab54fe3d138d8f614798dd418bca860ea3f20c813f51,b8deac0a615b97076622ae540f4cfd0d3c3f1e7acb83ba3ff6560470a9ccf60a,ordinal_multiclass_performance,no_salary_hike_no_attrition_no_department,BusinessTravelFrequency,,exploratory_operational_subgroup_diagnostic,,30,,policy_ablation_raw_uncalibrated_oof_probabilities,true_positive_rate,2.0,,,,10,,,support_aware_subgroup_disparity,0.088235294117647,0.0563295774647888,0.1764705882352941,0.95,3.0,3.0,"[""Non-Travel"",""Travel_Frequently"",""Travel_Rarely""]",132.0,21.0,5000.0,5000.0,1.0,3528e4377f9907c2a7c1b51806abf09e0ec2d5513da630618b0a0cb9950a37d0,paired_stratified_sample_level_percentile,fixed_from_complete_oof_before_resampling,support_sufficient_descriptive_estimate,True,pointwise_descriptive,none,200.0,Intervals condition on the observed employees and fixed fold/model-training protocol; they do not estimate model-training instability.,"Descriptive OOF subgroup audit only; gaps do not establish discrimination, fairness, or causality. Class-specific rows use their reported denominators. Intervals are pointwise; no multiplicity-adjusted or simultaneous inference.",1410,BusinessTravelFrequency | true_positive_rate | class 2.0
canonical_v2_20260714T221501Z_483f96f,51415c2ce68c89d9ce2b042b0a7a811fe3e98180b72460006f9d0465f6bf49b7,06c507bee525ea1daca43b61249764007d4d8baaa05c9333f23446ea723ce160,f1e358e99914563305428cece1b1595bc76a58643184407ec5b222162d650332,98ae57b622a56983192975c5bff94374ed51322f13c76af633c3c96ceb198cdd,support_aware_subgroup_diagnostics,"{""dataset_sha256"":""b8deac0a615b97076622ae540f4cfd0d3c3f1e7acb83ba3ff6560470a9ccf60a""}","{""policy"":""no_salary_hike_no_attrition_no_department""}",support_gated_descriptive_oof_subgroup_diagnostics,not_applicable_or_resolved_by_source_contract,pointwise_paired_stratified_percentile_bootstrap_5000_draws,subgroup_proxy/fairness_disparity_uncertainty.csv,f67613b45f85dc20b9d6fc5a8d1da2a2dc0c1f560762d7465817b5b7b0d74006,fairness_disparity_uncertainty,135,c1300316fe5baec24e789c06aec35dd4f283fa4843b71c7aab1edbf4818f8e91,d483d8ddb93a47a99a2eab54fe3d138d8f614798dd418bca860ea3f20c813f51,b8deac0a615b97076622ae540f4cfd0d3c3f1e7acb83ba3ff6560470a9ccf60a,ordinal_multiclass_performance,no_salary_hike_no_attrition_no_department,BusinessTravelFrequency,,exploratory_operational_subgroup_diagnostic,,30,,policy_ablation_raw_uncalibrated_oof_probabilities,true_positive_rate,3.0,,,,10,,,support_aware_subgroup_disparity,0.0455831661264598,0.0114326460459395,0.1450983813219549,0.95,3.0,3.0,"[""Non-Travel"",""Travel_Frequently"",""Travel_Rarely""]",132.0,93.0,5000.0,5000.0,1.0,3528e4377f9907c2a7c1b51806abf09e0ec2d5513da630618b0a0cb9950a37d0,paired_stratified_sample_level_percentile,fixed_from_complete_oof_before_resampling,support_sufficient_descriptive_estimate,True,pointwise_descriptive,none,200.0,Intervals condition on the observed employees and fixed fold/model-training protocol; they do not estimate model-training instability.,"Descriptive OOF subgroup audit only; gaps do not establish discrimination, fairness, or causality. Class-specific rows use their reported denominators. Intervals are pointwise; no multiplicity-adjusted or simultaneous inference.",1411,BusinessTravelFrequency | true_positive_rate | class 3.0
canonical_v2_20260714T221501Z_483f96f,51415c2ce68c89d9ce2b042b0a7a811fe3e98180b72460006f9d0465f6bf49b7,06c507bee525ea1daca43b61249764007d4d8baaa05c9333f23446ea723ce160,f1e358e99914563305428cece1b1595bc76a58643184407ec5b222162d650332,98ae57b622a56983192975c5bff94374ed51322f13c76af633c3c96ceb198cdd,support_aware_subgroup_diagnostics,"{""dataset_sha256"":""b8deac0a615b97076622ae540f4cfd0d3c3f1e7acb83ba3ff6560470a9ccf60a""}","{""policy"":""no_salary_hike_no_attrition_no_department""}",support_gated_descriptive_oof_subgroup_diagnostics,not_applicable_or_resolved_by_source_contract,pointwise_paired_stratified_percentile_bootstrap_5000_draws,subgroup_proxy/fairness_disparity_uncertainty.csv,f67613b45f85dc20b9d6fc5a8d1da2a2dc0c1f560762d7465817b5b7b0d74006,fairness_disparity_uncertainty,136,c1300316fe5baec24e789c06aec35dd4f283fa4843b71c7aab1edbf4818f8e91,d483d8ddb93a47a99a2eab54fe3d138d8f614798dd418bca860ea3f20c813f51,b8deac0a615b97076622ae540f4cfd0d3c3f1e7acb83ba3ff6560470a9ccf60a,ordinal_multiclass_performance,no_salary_hike_no_attrition_no_department,BusinessTravelFrequency,,exploratory_operational_subgroup_diagnostic,,30,,policy_ablation_raw_uncalibrated_oof_probabilities,true_positive_rate,4.0,,,,10,,,support_aware_subgroup_disparity,0.15235134084726,0.0609833365164247,0.3063063063063063,0.95,3.0,3.0,"[""Non-Travel"",""Travel_Frequently"",""Travel_Rarely""]",132.0,18.0,5000.0,5000.0,1.0,3528e4377f9907c2a7c1b51806abf09e0ec2d5513da630618b0a0cb9950a37d0,paired_stratified_sample_level_percentile,fixed_from_complete_oof_before_resampling,support_sufficient_descriptive_estimate,True,pointwise_descriptive,none,200.0,Intervals condition on the observed employees and fixed fold/model-training protocol; they do not estimate model-training instability.,"Descriptive OOF subgroup audit only; gaps do not establish discrimination, fairness, or causality. Class-specific rows use their reported denominators. Intervals are pointwise; no multiplicity-adjusted or simultaneous inference.",1412,BusinessTravelFrequency | true_positive_rate | class 4.0
canonical_v2_20260714T221501Z_483f96f,51415c2ce68c89d9ce2b042b0a7a811fe3e98180b72460006f9d0465f6bf49b7,06c507bee525ea1daca43b61249764007d4d8baaa05c9333f23446ea723ce160,f1e358e99914563305428cece1b1595bc76a58643184407ec5b222162d650332,98ae57b622a56983192975c5bff94374ed51322f13c76af633c3c96ceb198cdd,support_aware_subgroup_diagnostics,"{""dataset_sha256"":""b8deac0a615b97076622ae540f4cfd0d3c3f1e7acb83ba3ff6560470a9ccf60a""}","{""policy"":""no_salary_hike_no_attrition_no_department""}",support_gated_descriptive_oof_subgroup_diagnostics,not_applicable_or_resolved_by_source_contract,pointwise_paired_stratified_percentile_bootstrap_5000_draws,subgroup_proxy/fairness_disparity_uncertainty.csv,f67613b45f85dc20b9d6fc5a8d1da2a2dc0c1f560762d7465817b5b7b0d74006,fairness_disparity_uncertainty,137,c1300316fe5baec24e789c06aec35dd4f283fa4843b71c7aab1edbf4818f8e91,d483d8ddb93a47a99a2eab54fe3d138d8f614798dd418bca860ea3f20c813f51,b8deac0a615b97076622ae540f4cfd0d3c3f1e7acb83ba3ff6560470a9ccf60a,ordinal_multiclass_performance,no_salary_hike_no_attrition_no_department,EducationBackground,,exploratory_operational_subgroup_diagnostic,,30,,policy_ablation_raw_uncalibrated_oof_probabilities,accuracy,,,,,30,,,support_aware_subgroup_disparity,0.0790625,0.0501828951524691,0.2176135877869947,0.95,6.0,5.0,"[""Life Sciences"",""Marketing"",""Medical"",""Other"",""Technical Degree""]",66.0,66.0,5000.0,5000.0,1.0,3528e4377f9907c2a7c1b51806abf09e0ec2d5513da630618b0a0cb9950a37d0,paired_stratified_sample_level_percentile,fixed_from_complete_oof_before_resampling,support_sufficient_descriptive_estimate,True,pointwise_descriptive,none,200.0,Intervals condition on the observed employees and fixed fold/model-training protocol; they do not estimate model-training instability.,"Descriptive OOF subgroup audit only; gaps do not establish discrimination, fairness, or causality. Class-specific rows use their reported denominators. Intervals are pointwise; no multiplicity-adjusted or simultaneous inference.",1413,EducationBackground | accuracy
canonical_v2_20260714T221501Z_483f96f,51415c2ce68c89d9ce2b042b0a7a811fe3e98180b72460006f9d0465f6bf49b7,06c507bee525ea1daca43b61249764007d4d8baaa05c9333f23446ea723ce160,f1e358e99914563305428cece1b1595bc76a58643184407ec5b222162d650332,98ae57b622a56983192975c5bff94374ed51322f13c76af633c3c96ceb198cdd,support_aware_subgroup_diagnostics,"{""dataset_sha256"":""b8deac0a615b97076622ae540f4cfd0d3c3f1e7acb83ba3ff6560470a9ccf60a""}","{""policy"":""no_salary_hike_no_attrition_no_department""}",support_gated_descriptive_oof_subgroup_diagnostics,not_applicable_or_resolved_by_source_contract,pointwise_paired_stratified_percentile_bootstrap_5000_draws,subgroup_proxy/fairness_disparity_uncertainty.csv,f67613b45f85dc20b9d6fc5a8d1da2a2dc0c1f560762d7465817b5b7b0d74006,fairness_disparity_uncertainty,138,c1300316fe5baec24e789c06aec35dd4f283fa4843b71c7aab1edbf4818f8e91,d483d8ddb93a47a99a2eab54fe3d138d8f614798dd418bca860ea3f20c813f51,b8deac0a615b97076622ae540f4cfd0d3c3f1e7acb83ba3ff6560470a9ccf60a,ordinal_multiclass_performance,no_salary_hike_no_attrition_no_department,EducationBackground,,exploratory_operational_subgroup_diagnostic,,30,,policy_ablation_raw_uncalibrated_oof_probabilities,false_positive_rate,2.0,,,,10,,,support_aware_subgroup_disparity,0.0398926964347525,0.0210618875616908,0.1033635178209214,0.95,6.0,5.0,"[""Life Sciences"",""Marketing"",""Medical"",""Other"",""Technical Degree""]",66.0,63.0,5000.0,5000.0,1.0,3528e4377f9907c2a7c1b51806abf09e0ec2d5513da630618b0a0cb9950a37d0,paired_stratified_sample_level_percentile,fixed_from_complete_oof_before_resampling,support_sufficient_descriptive_estimate,True,pointwise_descriptive,none,200.0,Intervals condition on the observed employees and fixed fold/model-training protocol; they do not estimate model-training instability.,"Descriptive OOF subgroup audit only; gaps do not establish discrimination, fairness, or causality. Class-specific rows use their reported denominators. Intervals are pointwise; no multiplicity-adjusted or simultaneous inference.",1414,EducationBackground | false_positive_rate | class 2.0
canonical_v2_20260714T221501Z_483f96f,51415c2ce68c89d9ce2b042b0a7a811fe3e98180b72460006f9d0465f6bf49b7,06c507bee525ea1daca43b61249764007d4d8baaa05c9333f23446ea723ce160,f1e358e99914563305428cece1b1595bc76a58643184407ec5b222162d650332,98ae57b622a56983192975c5bff94374ed51322f13c76af633c3c96ceb198cdd,support_aware_subgroup_diagnostics,"{""dataset_sha256"":""b8deac0a615b97076622ae540f4cfd0d3c3f1e7acb83ba3ff6560470a9ccf60a""}","{""policy"":""no_salary_hike_no_attrition_no_department""}",support_gated_descriptive_oof_subgroup_diagnostics,not_applicable_or_resolved_by_source_contract,pointwise_paired_stratified_percentile_bootstrap_5000_draws,subgroup_proxy/fairness_disparity_uncertainty.csv,f67613b45f85dc20b9d6fc5a8d1da2a2dc0c1f560762d7465817b5b7b0d74006,fairness_disparity_uncertainty,139,c1300316fe5baec24e789c06aec35dd4f283fa4843b71c7aab1edbf4818f8e91,d483d8ddb93a47a99a2eab54fe3d138d8f614798dd418bca860ea3f20c813f51,b8deac0a615b97076622ae540f4cfd0d3c3f1e7acb83ba3ff6560470a9ccf60a,ordinal_multiclass_performance,no_salary_hike_no_attrition_no_department,EducationBackground,,exploratory_operational_subgroup_diagnostic,,30,,policy_ablation_raw_uncalibrated_oof_probabilities,false_positive_rate,3.0,,,,10,,,support_aware_subgroup_disparity,0.3209302325581395,0.120930074570273,0.6742613636363635,0.95,6.0,5.0,"[""Life Sciences"",""Marketing"",""Medical"",""Other"",""Technical Degree""]",66.0,10.0,5000.0,5000.0,1.0,3528e4377f9907c2a7c1b51806abf09e0ec2d5513da630618b0a0cb9950a37d0,paired_stratified_sample_level_percentile,fixed_from_complete_oof_before_resampling,support_sufficient_but_interval_wide,False,pointwise_descriptive,none,200.0,Intervals condition on the observed employees and fixed fold/model-training protocol; they do not estimate model-training instability.,"Descriptive OOF subgroup audit only; gaps do not establish discrimination, fairness, or causality. Class-specific rows use their reported denominators. Intervals are pointwise; no multiplicity-adjusted or simultaneous inference.",1415,EducationBackground | false_positive_rate | class 3.0
canonical_v2_20260714T221501Z_483f96f,51415c2ce68c89d9ce2b042b0a7a811fe3e98180b72460006f9d0465f6bf49b7,06c507bee525ea1daca43b61249764007d4d8baaa05c9333f23446ea723ce160,f1e358e99914563305428cece1b1595bc76a58643184407ec5b222162d650332,98ae57b622a56983192975c5bff94374ed51322f13c76af633c3c96ceb198cdd,support_aware_subgroup_diagnostics,"{""dataset_sha256"":""b8deac0a615b97076622ae540f4cfd0d3c3f1e7acb83ba3ff6560470a9ccf60a""}","{""policy"":""no_salary_hike_no_attrition_no_department""}",support_gated_descriptive_oof_subgroup_diagnostics,not_applicable_or_resolved_by_source_contract,pointwise_paired_stratified_percentile_bootstrap_5000_draws,subgroup_proxy/fairness_disparity_uncertainty.csv,f67613b45f85dc20b9d6fc5a8d1da2a2dc0c1f560762d7465817b5b7b0d74006,fairness_disparity_uncertainty,140,c1300316fe5baec24e789c06aec35dd4f283fa4843b71c7aab1edbf4818f8e91,d483d8ddb93a47a99a2eab54fe3d138d8f614798dd418bca860ea3f20c813f51,b8deac0a615b97076622ae540f4cfd0d3c3f1e7acb83ba3ff6560470a9ccf60a,ordinal_multiclass_performance,no_salary_hike_no_attrition_no_department,EducationBackground,,exploratory_operational_subgroup_diagnostic,,30,,policy_ablation_raw_uncalibrated_oof_probabilities,false_positive_rate,4.0,,,,10,,,support_aware_subgroup_disparity,0.069660014781966,0.0421030926900175,0.1785788868161069,0.95,6.0,5.0,"[""Life Sciences"",""Marketing"",""Medical"",""Other"",""Technical Degree""]",66.0,59.0,5000.0,5000.0,1.0,3528e4377f9907c2a7c1b51806abf09e0ec2d5513da630618b0a0cb9950a37d0,paired_stratified_sample_level_percentile,fixed_from_complete_oof_before_resampling,support_sufficient_descriptive_estimate,True,pointwise_descriptive,none,200.0,Intervals condition on the observed employees and fixed fold/model-training protocol; they do not estimate model-training instability.,"Descriptive OOF subgroup audit only; gaps do not establish discrimination, fairness, or causality. Class-specific rows use their reported denominators. Intervals are pointwise; no multiplicity-adjusted or simultaneous inference.",1416,EducationBackground | false_positive_rate | class 4.0
canonical_v2_20260714T221501Z_483f96f,51415c2ce68c89d9ce2b042b0a7a811fe3e98180b72460006f9d0465f6bf49b7,06c507bee525ea1daca43b61249764007d4d8baaa05c9333f23446ea723ce160,f1e358e99914563305428cece1b1595bc76a58643184407ec5b222162d650332,98ae57b622a56983192975c5bff94374ed51322f13c76af633c3c96ceb198cdd,support_aware_subgroup_diagnostics,"{""dataset_sha256"":""b8deac0a615b97076622ae540f4cfd0d3c3f1e7acb83ba3ff6560470a9ccf60a""}","{""policy"":""no_salary_hike_no_attrition_no_department""}",support_gated_descriptive_oof_subgroup_diagnostics,not_applicable_or_resolved_by_source_contract,pointwise_paired_stratified_percentile_bootstrap_5000_draws,subgroup_proxy/fairness_disparity_uncertainty.csv,f67613b45f85dc20b9d6fc5a8d1da2a2dc0c1f560762d7465817b5b7b0d74006,fairness_disparity_uncertainty,141,c1300316fe5baec24e789c06aec35dd4f283fa4843b71c7aab1edbf4818f8e91,d483d8ddb93a47a99a2eab54fe3d138d8f614798dd418bca860ea3f20c813f51,b8deac0a615b97076622ae540f4cfd0d3c3f1e7acb83ba3ff6560470a9ccf60a,ordinal_multiclass_performance,no_salary_hike_no_attrition_no_department,EducationBackground,,exploratory_operational_subgroup_diagnostic,,30,,policy_ablation_raw_uncalibrated_oof_probabilities,macro_f1,,,,,30,,,support_aware_subgroup_disparity,0.0412628535236719,0.0357310454917486,0.3284922062433055,0.95,6.0,5.0,"[""Life Sciences"",""Marketing"",""Medical"",""Other"",""Technical Degree""]",66.0,66.0,5000.0,5000.0,1.0,3528e4377f9907c2a7c1b51806abf09e0ec2d5513da630618b0a0cb9950a37d0,paired_stratified_sample_level_percentile,fixed_from_complete_oof_before_resampling,support_sufficient_but_interval_wide,False,pointwise_descriptive,none,200.0,Intervals condition on the observed employees and fixed fold/model-training protocol; they do not estimate model-training instability.,"Descriptive OOF subgroup audit only; gaps do not establish discrimination, fairness, or causality. Class-specific rows use their reported denominators. Intervals are pointwise; no multiplicity-adjusted or simultaneous inference.",1417,EducationBackground | macro_f1
canonical_v2_20260714T221501Z_483f96f,51415c2ce68c89d9ce2b042b0a7a811fe3e98180b72460006f9d0465f6bf49b7,06c507bee525ea1daca43b61249764007d4d8baaa05c9333f23446ea723ce160,f1e358e99914563305428cece1b1595bc76a58643184407ec5b222162d650332,98ae57b622a56983192975c5bff94374ed51322f13c76af633c3c96ceb198cdd,support_aware_subgroup_diagnostics,"{""dataset_sha256"":""b8deac0a615b97076622ae540f4cfd0d3c3f1e7acb83ba3ff6560470a9ccf60a""}","{""policy"":""no_salary_hike_no_attrition_no_department""}",support_gated_descriptive_oof_subgroup_diagnostics,not_applicable_or_resolved_by_source_contract,pointwise_paired_stratified_percentile_bootstrap_5000_draws,subgroup_proxy/fairness_disparity_uncertainty.csv,f67613b45f85dc20b9d6fc5a8d1da2a2dc0c1f560762d7465817b5b7b0d74006,fairness_disparity_uncertainty,142,c1300316fe5baec24e789c06aec35dd4f283fa4843b71c7aab1edbf4818f8e91,d483d8ddb93a47a99a2eab54fe3d138d8f614798dd418bca860ea3f20c813f51,b8deac0a615b97076622ae540f4cfd0d3c3f1e7acb83ba3ff6560470a9ccf60a,ordinal_multiclass_performance,no_salary_hike_no_attrition_no_department,EducationBackground,,exploratory_operational_subgroup_diagnostic,,30,,policy_ablation_raw_uncalibrated_oof_probabilities,mean_predicted_probability,2.0,,,,30,,,support_aware_subgroup_disparity,0.1674339367701998,0.0937111265618383,0.253142207122765,0.95,6.0,5.0,"[""Life Sciences"",""Marketing"",""Medical"",""Other"",""Technical Degree""]",66.0,66.0,5000.0,5000.0,1.0,3528e4377f9907c2a7c1b51806abf09e0ec2d5513da630618b0a0cb9950a37d0,paired_stratified_sample_level_percentile,fixed_from_complete_oof_before_resampling,support_sufficient_descriptive_estimate,True,pointwise_descriptive,none,200.0,Intervals condition on the observed employees and fixed fold/model-training protocol; they do not estimate model-training instability.,"Descriptive OOF subgroup audit only; gaps do not establish discrimination, fairness, or causality. Class-specific rows use their reported denominators. Intervals are pointwise; no multiplicity-adjusted or simultaneous inference.",1418,EducationBackground | mean_predicted_probability | class 2.0
canonical_v2_20260714T221501Z_483f96f,51415c2ce68c89d9ce2b042b0a7a811fe3e98180b72460006f9d0465f6bf49b7,06c507bee525ea1daca43b61249764007d4d8baaa05c9333f23446ea723ce160,f1e358e99914563305428cece1b1595bc76a58643184407ec5b222162d650332,98ae57b622a56983192975c5bff94374ed51322f13c76af633c3c96ceb198cdd,support_aware_subgroup_diagnostics,"{""dataset_sha256"":""b8deac0a615b97076622ae540f4cfd0d3c3f1e7acb83ba3ff6560470a9ccf60a""}","{""policy"":""no_salary_hike_no_attrition_no_department""}",support_gated_descriptive_oof_subgroup_diagnostics,not_applicable_or_resolved_by_source_contract,pointwise_paired_stratified_percentile_bootstrap_5000_draws,subgroup_proxy/fairness_disparity_uncertainty.csv,f67613b45f85dc20b9d6fc5a8d1da2a2dc0c1f560762d7465817b5b7b0d74006,fairness_disparity_uncertainty,143,c1300316fe5baec24e789c06aec35dd4f283fa4843b71c7aab1edbf4818f8e91,d483d8ddb93a47a99a2eab54fe3d138d8f614798dd418bca860ea3f20c813f51,b8deac0a615b97076622ae540f4cfd0d3c3f1e7acb83ba3ff6560470a9ccf60a,ordinal_multiclass_performance,no_salary_hike_no_attrition_no_department,EducationBackground,,exploratory_operational_subgroup_diagnostic,,30,,policy_ablation_raw_uncalibrated_oof_probabilities,mean_predicted_probability,3.0,,,,30,,,support_aware_subgroup_disparity,0.1241827600337404,0.0743735715266992,0.214711571631374,0.95,6.0,5.0,"[""Life Sciences"",""Marketing"",""Medical"",""Other"",""Technical Degree""]",66.0,66.0,5000.0,5000.0,1.0,3528e4377f9907c2a7c1b51806abf09e0ec2d5513da630618b0a0cb9950a37d0,paired_stratified_sample_level_percentile,fixed_from_complete_oof_before_resampling,support_sufficient_descriptive_estimate,True,pointwise_descriptive,none,200.0,Intervals condition on the observed employees and fixed fold/model-training protocol; they do not estimate model-training instability.,"Descriptive OOF subgroup audit only; gaps do not establish discrimination, fairness, or causality. Class-specific rows use their reported denominators. Intervals are pointwise; no multiplicity-adjusted or simultaneous inference.",1419,EducationBackground | mean_predicted_probability | class 3.0
canonical_v2_20260714T221501Z_483f96f,51415c2ce68c89d9ce2b042b0a7a811fe3e98180b72460006f9d0465f6bf49b7,06c507bee525ea1daca43b61249764007d4d8baaa05c9333f23446ea723ce160,f1e358e99914563305428cece1b1595bc76a58643184407ec5b222162d650332,98ae57b622a56983192975c5bff94374ed51322f13c76af633c3c96ceb198cdd,support_aware_subgroup_diagnostics,"{""dataset_sha256"":""b8deac0a615b97076622ae540f4cfd0d3c3f1e7acb83ba3ff6560470a9ccf60a""}","{""policy"":""no_salary_hike_no_attrition_no_department""}",support_gated_descriptive_oof_subgroup_diagnostics,not_applicable_or_resolved_by_source_contract,pointwise_paired_stratified_percentile_bootstrap_5000_draws,subgroup_proxy/fairness_disparity_uncertainty.csv,f67613b45f85dc20b9d6fc5a8d1da2a2dc0c1f560762d7465817b5b7b0d74006,fairness_disparity_uncertainty,144,c1300316fe5baec24e789c06aec35dd4f283fa4843b71c7aab1edbf4818f8e91,d483d8ddb93a47a99a2eab54fe3d138d8f614798dd418bca860ea3f20c813f51,b8deac0a615b97076622ae540f4cfd0d3c3f1e7acb83ba3ff6560470a9ccf60a,ordinal_multiclass_performance,no_salary_hike_no_attrition_no_department,EducationBackground,,exploratory_operational_subgroup_diagnostic,,30,,policy_ablation_raw_uncalibrated_oof_probabilities,mean_predicted_probability,4.0,,,,30,,,support_aware_subgroup_disparity,0.0544045178121254,0.0320750554620362,0.1113239524773001,0.95,6.0,5.0,"[""Life Sciences"",""Marketing"",""Medical"",""Other"",""Technical Degree""]",66.0,66.0,5000.0,5000.0,1.0,3528e4377f9907c2a7c1b51806abf09e0ec2d5513da630618b0a0cb9950a37d0,paired_stratified_sample_level_percentile,fixed_from_complete_oof_before_resampling,support_sufficient_descriptive_estimate,True,pointwise_descriptive,none,200.0,Intervals condition on the observed employees and fixed fold/model-training protocol; they do not estimate model-training instability.,"Descriptive OOF subgroup audit only; gaps do not establish discrimination, fairness, or causality. Class-specific rows use their reported denominators. Intervals are pointwise; no multiplicity-adjusted or simultaneous inference.",1420,EducationBackground | mean_predicted_probability | class 4.0
canonical_v2_20260714T221501Z_483f96f,51415c2ce68c89d9ce2b042b0a7a811fe3e98180b72460006f9d0465f6bf49b7,06c507bee525ea1daca43b61249764007d4d8baaa05c9333f23446ea723ce160,f1e358e99914563305428cece1b1595bc76a58643184407ec5b222162d650332,98ae57b622a56983192975c5bff94374ed51322f13c76af633c3c96ceb198cdd,support_aware_subgroup_diagnostics,"{""dataset_sha256"":""b8deac0a615b97076622ae540f4cfd0d3c3f1e7acb83ba3ff6560470a9ccf60a""}","{""policy"":""no_salary_hike_no_attrition_no_department""}",support_gated_descriptive_oof_subgroup_diagnostics,not_applicable_or_resolved_by_source_contract,pointwise_paired_stratified_percentile_bootstrap_5000_draws,subgroup_proxy/fairness_disparity_uncertainty.csv,f67613b45f85dc20b9d6fc5a8d1da2a2dc0c1f560762d7465817b5b7b0d74006,fairness_disparity_uncertainty,145,c1300316fe5baec24e789c06aec35dd4f283fa4843b71c7aab1edbf4818f8e91,d483d8ddb93a47a99a2eab54fe3d138d8f614798dd418bca860ea3f20c813f51,b8deac0a615b97076622ae540f4cfd0d3c3f1e7acb83ba3ff6560470a9ccf60a,ordinal_multiclass_performance,no_salary_hike_no_attrition_no_department,EducationBackground,,exploratory_operational_subgroup_diagnostic,,30,,policy_ablation_raw_uncalibrated_oof_probabilities,positive_prediction_rate,2.0,,,,30,,,support_aware_subgroup_disparity,0.1797168767971688,0.0959613564436849,0.2727642715277366,0.95,6.0,5.0,"[""Life Sciences"",""Marketing"",""Medical"",""Other"",""Technical Degree""]",66.0,66.0,5000.0,5000.0,1.0,3528e4377f9907c2a7c1b51806abf09e0ec2d5513da630618b0a0cb9950a37d0,paired_stratified_sample_level_percentile,fixed_from_complete_oof_before_resampling,support_sufficient_descriptive_estimate,True,pointwise_descriptive,none,200.0,Intervals condition on the observed employees and fixed fold/model-training protocol; they do not estimate model-training instability.,"Descriptive OOF subgroup audit only; gaps do not establish discrimination, fairness, or causality. Class-specific rows use their reported denominators. Intervals are pointwise; no multiplicity-adjusted or simultaneous inference.",1421,EducationBackground | positive_prediction_rate | class 2.0
canonical_v2_20260714T221501Z_483f96f,51415c2ce68c89d9ce2b042b0a7a811fe3e98180b72460006f9d0465f6bf49b7,06c507bee525ea1daca43b61249764007d4d8baaa05c9333f23446ea723ce160,f1e358e99914563305428cece1b1595bc76a58643184407ec5b222162d650332,98ae57b622a56983192975c5bff94374ed51322f13c76af633c3c96ceb198cdd,support_aware_subgroup_diagnostics,"{""dataset_sha256"":""b8deac0a615b97076622ae540f4cfd0d3c3f1e7acb83ba3ff6560470a9ccf60a""}","{""policy"":""no_salary_hike_no_attrition_no_department""}",support_gated_descriptive_oof_subgroup_diagnostics,not_applicable_or_resolved_by_source_contract,pointwise_paired_stratified_percentile_bootstrap_5000_draws,subgroup_proxy/fairness_disparity_uncertainty.csv,f67613b45f85dc20b9d6fc5a8d1da2a2dc0c1f560762d7465817b5b7b0d74006,fairness_disparity_uncertainty,146,c1300316fe5baec24e789c06aec35dd4f283fa4843b71c7aab1edbf4818f8e91,d483d8ddb93a47a99a2eab54fe3d138d8f614798dd418bca860ea3f20c813f51,b8deac0a615b97076622ae540f4cfd0d3c3f1e7acb83ba3ff6560470a9ccf60a,ordinal_multiclass_performance,no_salary_hike_no_attrition_no_department,EducationBackground,,exploratory_operational_subgroup_diagnostic,,30,,policy_ablation_raw_uncalibrated_oof_probabilities,positive_prediction_rate,3.0,,,,30,,,support_aware_subgroup_disparity,0.1685467816854678,0.0887033137520557,0.3011527918192044,0.95,6.0,5.0,"[""Life Sciences"",""Marketing"",""Medical"",""Other"",""Technical Degree""]",66.0,66.0,5000.0,5000.0,1.0,3528e4377f9907c2a7c1b51806abf09e0ec2d5513da630618b0a0cb9950a37d0,paired_stratified_sample_level_percentile,fixed_from_complete_oof_before_resampling,support_sufficient_descriptive_estimate,True,pointwise_descriptive,none,200.0,Intervals condition on the observed employees and fixed fold/model-training protocol; they do not estimate model-training instability.,"Descriptive OOF subgroup audit only; gaps do not establish discrimination, fairness, or causality. Class-specific rows use their reported denominators. Intervals are pointwise; no multiplicity-adjusted or simultaneous inference.",1422,EducationBackground | positive_prediction_rate | class 3.0
canonical_v2_20260714T221501Z_483f96f,51415c2ce68c89d9ce2b042b0a7a811fe3e98180b72460006f9d0465f6bf49b7,06c507bee525ea1daca43b61249764007d4d8baaa05c9333f23446ea723ce160,f1e358e99914563305428cece1b1595bc76a58643184407ec5b222162d650332,98ae57b622a56983192975c5bff94374ed51322f13c76af633c3c96ceb198cdd,support_aware_subgroup_diagnostics,"{""dataset_sha256"":""b8deac0a615b97076622ae540f4cfd0d3c3f1e7acb83ba3ff6560470a9ccf60a""}","{""policy"":""no_salary_hike_no_attrition_no_department""}",support_gated_descriptive_oof_subgroup_diagnostics,not_applicable_or_resolved_by_source_contract,pointwise_paired_stratified_percentile_bootstrap_5000_draws,subgroup_proxy/fairness_disparity_uncertainty.csv,f67613b45f85dc20b9d6fc5a8d1da2a2dc0c1f560762d7465817b5b7b0d74006,fairness_disparity_uncertainty,147,c1300316fe5baec24e789c06aec35dd4f283fa4843b71c7aab1edbf4818f8e91,d483d8ddb93a47a99a2eab54fe3d138d8f614798dd418bca860ea3f20c813f51,b8deac0a615b97076622ae540f4cfd0d3c3f1e7acb83ba3ff6560470a9ccf60a,ordinal_multiclass_performance,no_salary_hike_no_attrition_no_department,EducationBackground,,exploratory_operational_subgroup_diagnostic,,30,,policy_ablation_raw_uncalibrated_oof_probabilities,positive_prediction_rate,4.0,,,,30,,,support_aware_subgroup_disparity,0.0651094890510949,0.0451355720748722,0.1670333880678708,0.95,6.0,5.0,"[""Life Sciences"",""Marketing"",""Medical"",""Other"",""Technical Degree""]",66.0,66.0,5000.0,5000.0,1.0,3528e4377f9907c2a7c1b51806abf09e0ec2d5513da630618b0a0cb9950a37d0,paired_stratified_sample_level_percentile,fixed_from_complete_oof_before_resampling,support_sufficient_descriptive_estimate,True,pointwise_descriptive,none,200.0,Intervals condition on the observed employees and fixed fold/model-training protocol; they do not estimate model-training instability.,"Descriptive OOF subgroup audit only; gaps do not establish discrimination, fairness, or causality. Class-specific rows use their reported denominators. Intervals are pointwise; no multiplicity-adjusted or simultaneous inference.",1423,EducationBackground | positive_prediction_rate | class 4.0
canonical_v2_20260714T221501Z_483f96f,51415c2ce68c89d9ce2b042b0a7a811fe3e98180b72460006f9d0465f6bf49b7,06c507bee525ea1daca43b61249764007d4d8baaa05c9333f23446ea723ce160,f1e358e99914563305428cece1b1595bc76a58643184407ec5b222162d650332,98ae57b622a56983192975c5bff94374ed51322f13c76af633c3c96ceb198cdd,support_aware_subgroup_diagnostics,"{""dataset_sha256"":""b8deac0a615b97076622ae540f4cfd0d3c3f1e7acb83ba3ff6560470a9ccf60a""}","{""policy"":""no_salary_hike_no_attrition_no_department""}",support_gated_descriptive_oof_subgroup_diagnostics,not_applicable_or_resolved_by_source_contract,pointwise_paired_stratified_percentile_bootstrap_5000_draws,subgroup_proxy/fairness_disparity_uncertainty.csv,f67613b45f85dc20b9d6fc5a8d1da2a2dc0c1f560762d7465817b5b7b0d74006,fairness_disparity_uncertainty,148,c1300316fe5baec24e789c06aec35dd4f283fa4843b71c7aab1edbf4818f8e91,d483d8ddb93a47a99a2eab54fe3d138d8f614798dd418bca860ea3f20c813f51,b8deac0a615b97076622ae540f4cfd0d3c3f1e7acb83ba3ff6560470a9ccf60a,ordinal_multiclass_performance,no_salary_hike_no_attrition_no_department,EducationBackground,,exploratory_operational_subgroup_diagnostic,,30,,policy_ablation_raw_uncalibrated_oof_probabilities,precision,2.0,,,,10,,,support_aware_subgroup_disparity,0.0828442059366091,0.0502332535885167,0.2923546971412948,0.95,6.0,4.0,"[""Life Sciences"",""Marketing"",""Medical"",""Technical Degree""]",100.0,18.0,5000.0,5000.0,1.0,3528e4377f9907c2a7c1b51806abf09e0ec2d5513da630618b0a0cb9950a37d0,paired_stratified_sample_level_percentile,fixed_from_complete_oof_before_resampling,support_sufficient_descriptive_estimate,True,pointwise_descriptive,none,200.0,Intervals condition on the observed employees and fixed fold/model-training protocol; they do not estimate model-training instability.,"Descriptive OOF subgroup audit only; gaps do not establish discrimination, fairness, or causality. Class-specific rows use their reported denominators. Intervals are pointwise; no multiplicity-adjusted or simultaneous inference.",1424,EducationBackground | precision | class 2.0
canonical_v2_20260714T221501Z_483f96f,51415c2ce68c89d9ce2b042b0a7a811fe3e98180b72460006f9d0465f6bf49b7,06c507bee525ea1daca43b61249764007d4d8baaa05c9333f23446ea723ce160,f1e358e99914563305428cece1b1595bc76a58643184407ec5b222162d650332,98ae57b622a56983192975c5bff94374ed51322f13c76af633c3c96ceb198cdd,support_aware_subgroup_diagnostics,"{""dataset_sha256"":""b8deac0a615b97076622ae540f4cfd0d3c3f1e7acb83ba3ff6560470a9ccf60a""}","{""policy"":""no_salary_hike_no_attrition_no_department""}",support_gated_descriptive_oof_subgroup_diagnostics,not_applicable_or_resolved_by_source_contract,pointwise_paired_stratified_percentile_bootstrap_5000_draws,subgroup_proxy/fairness_disparity_uncertainty.csv,f67613b45f85dc20b9d6fc5a8d1da2a2dc0c1f560762d7465817b5b7b0d74006,fairness_disparity_uncertainty,149,c1300316fe5baec24e789c06aec35dd4f283fa4843b71c7aab1edbf4818f8e91,d483d8ddb93a47a99a2eab54fe3d138d8f614798dd418bca860ea3f20c813f51,b8deac0a615b97076622ae540f4cfd0d3c3f1e7acb83ba3ff6560470a9ccf60a,ordinal_multiclass_performance,no_salary_hike_no_attrition_no_department,EducationBackground,,exploratory_operational_subgroup_diagnostic,,30,,policy_ablation_raw_uncalibrated_oof_probabilities,precision,3.0,,,,10,,,support_aware_subgroup_disparity,0.0707070707070706,0.0355012871679431,0.1993427598130844,0.95,6.0,5.0,"[""Life Sciences"",""Marketing"",""Medical"",""Other"",""Technical Degree""]",66.0,54.0,5000.0,5000.0,1.0,3528e4377f9907c2a7c1b51806abf09e0ec2d5513da630618b0a0cb9950a37d0,paired_stratified_sample_level_percentile,fixed_from_complete_oof_before_resampling,support_sufficient_descriptive_estimate,True,pointwise_descriptive,none,200.0,Intervals condition on the observed employees and fixed fold/model-training protocol; they do not estimate model-training instability.,"Descriptive OOF subgroup audit only; gaps do not establish discrimination, fairness, or causality. Class-specific rows use their reported denominators. Intervals are pointwise; no multiplicity-adjusted or simultaneous inference.",1425,EducationBackground | precision | class 3.0
canonical_v2_20260714T221501Z_483f96f,51415c2ce68c89d9ce2b042b0a7a811fe3e98180b72460006f9d0465f6bf49b7,06c507bee525ea1daca43b61249764007d4d8baaa05c9333f23446ea723ce160,f1e358e99914563305428cece1b1595bc76a58643184407ec5b222162d650332,98ae57b622a56983192975c5bff94374ed51322f13c76af633c3c96ceb198cdd,support_aware_subgroup_diagnostics,"{""dataset_sha256"":""b8deac0a615b97076622ae540f4cfd0d3c3f1e7acb83ba3ff6560470a9ccf60a""}","{""policy"":""no_salary_hike_no_attrition_no_department""}",support_gated_descriptive_oof_subgroup_diagnostics,not_applicable_or_resolved_by_source_contract,pointwise_paired_stratified_percentile_bootstrap_5000_draws,subgroup_proxy/fairness_disparity_uncertainty.csv,f67613b45f85dc20b9d6fc5a8d1da2a2dc0c1f560762d7465817b5b7b0d74006,fairness_disparity_uncertainty,150,c1300316fe5baec24e789c06aec35dd4f283fa4843b71c7aab1edbf4818f8e91,d483d8ddb93a47a99a2eab54fe3d138d8f614798dd418bca860ea3f20c813f51,b8deac0a615b97076622ae540f4cfd0d3c3f1e7acb83ba3ff6560470a9ccf60a,ordinal_multiclass_performance,no_salary_hike_no_attrition_no_department,EducationBackground,,exploratory_operational_subgroup_diagnostic,,30,,policy_ablation_raw_uncalibrated_oof_probabilities,precision,4.0,,,,10,,,support_aware_subgroup_disparity,0.0460526315789473,0.0469923372015329,0.3284348739495797,0.95,6.0,4.0,"[""Life Sciences"",""Marketing"",""Medical"",""Technical Degree""]",100.0,13.0,5000.0,5000.0,1.0,3528e4377f9907c2a7c1b51806abf09e0ec2d5513da630618b0a0cb9950a37d0,paired_stratified_sample_level_percentile,fixed_from_complete_oof_before_resampling,support_sufficient_but_interval_wide,False,pointwise_descriptive,none,200.0,Intervals condition on the observed employees and fixed fold/model-training protocol; they do not estimate model-training instability.,"Descriptive OOF subgroup audit only; gaps do not establish discrimination, fairness, or causality. Class-specific rows use their reported denominators. Intervals are pointwise; no multiplicity-adjusted or simultaneous inference.",1426,EducationBackground | precision | class 4.0
canonical_v2_20260714T221501Z_483f96f,51415c2ce68c89d9ce2b042b0a7a811fe3e98180b72460006f9d0465f6bf49b7,06c507bee525ea1daca43b61249764007d4d8baaa05c9333f23446ea723ce160,f1e358e99914563305428cece1b1595bc76a58643184407ec5b222162d650332,98ae57b622a56983192975c5bff94374ed51322f13c76af633c3c96ceb198cdd,support_aware_subgroup_diagnostics,"{""dataset_sha256"":""b8deac0a615b97076622ae540f4cfd0d3c3f1e7acb83ba3ff6560470a9ccf60a""}","{""policy"":""no_salary_hike_no_attrition_no_department""}",support_gated_descriptive_oof_subgroup_diagnostics,not_applicable_or_resolved_by_source_contract,pointwise_paired_stratified_percentile_bootstrap_5000_draws,subgroup_proxy/fairness_disparity_uncertainty.csv,f67613b45f85dc20b9d6fc5a8d1da2a2dc0c1f560762d7465817b5b7b0d74006,fairness_disparity_uncertainty,151,c1300316fe5baec24e789c06aec35dd4f283fa4843b71c7aab1edbf4818f8e91,d483d8ddb93a47a99a2eab54fe3d138d8f614798dd418bca860ea3f20c813f51,b8deac0a615b97076622ae540f4cfd0d3c3f1e7acb83ba3ff6560470a9ccf60a,ordinal_multiclass_performance,no_salary_hike_no_attrition_no_department,EducationBackground,,exploratory_operational_subgroup_diagnostic,,30,,policy_ablation_raw_uncalibrated_oof_probabilities,true_positive_rate,2.0,,,,10,,,support_aware_subgroup_disparity,0.132183908045977,0.0402336686256781,0.3371908503898633,0.95,6.0,4.0,"[""Life Sciences"",""Marketing"",""Medical"",""Technical Degree""]",100.0,18.0,5000.0,5000.0,1.0,3528e4377f9907c2a7c1b51806abf09e0ec2d5513da630618b0a0cb9950a37d0,paired_stratified_sample_level_percentile,fixed_from_complete_oof_before_resampling,support_sufficient_but_interval_wide,False,pointwise_descriptive,none,200.0,Intervals condition on the observed employees and fixed fold/model-training protocol; they do not estimate model-training instability.,"Descriptive OOF subgroup audit only; gaps do not establish discrimination, fairness, or causality. Class-specific rows use their reported denominators. Intervals are pointwise; no multiplicity-adjusted or simultaneous inference.",1427,EducationBackground | true_positive_rate | class 2.0
canonical_v2_20260714T221501Z_483f96f,51415c2ce68c89d9ce2b042b0a7a811fe3e98180b72460006f9d0465f6bf49b7,06c507bee525ea1daca43b61249764007d4d8baaa05c9333f23446ea723ce160,f1e358e99914563305428cece1b1595bc76a58643184407ec5b222162d650332,98ae57b622a56983192975c5bff94374ed51322f13c76af633c3c96ceb198cdd,support_aware_subgroup_diagnostics,"{""dataset_sha256"":""b8deac0a615b97076622ae540f4cfd0d3c3f1e7acb83ba3ff6560470a9ccf60a""}","{""policy"":""no_salary_hike_no_attrition_no_department""}",support_gated_descriptive_oof_subgroup_diagnostics,not_applicable_or_resolved_by_source_contract,pointwise_paired_stratified_percentile_bootstrap_5000_draws,subgroup_proxy/fairness_disparity_uncertainty.csv,f67613b45f85dc20b9d6fc5a8d1da2a2dc0c1f560762d7465817b5b7b0d74006,fairness_disparity_uncertainty,152,c1300316fe5baec24e789c06aec35dd4f283fa4843b71c7aab1edbf4818f8e91,d483d8ddb93a47a99a2eab54fe3d138d8f614798dd418bca860ea3f20c813f51,b8deac0a615b97076622ae540f4cfd0d3c3f1e7acb83ba3ff6560470a9ccf60a,ordinal_multiclass_performance,no_salary_hike_no_attrition_no_department,EducationBackground,,exploratory_operational_subgroup_diagnostic,,30,,policy_ablation_raw_uncalibrated_oof_probabilities,true_positive_rate,3.0,,,,10,,,support_aware_subgroup_disparity,0.0857142857142856,0.0594370215362577,0.2270283255347593,0.95,6.0,5.0,"[""Life Sciences"",""Marketing"",""Medical"",""Other"",""Technical Degree""]",66.0,56.0,5000.0,5000.0,1.0,3528e4377f9907c2a7c1b51806abf09e0ec2d5513da630618b0a0cb9950a37d0,paired_stratified_sample_level_percentile,fixed_from_complete_oof_before_resampling,support_sufficient_descriptive_estimate,True,pointwise_descriptive,none,200.0,Intervals condition on the observed employees and fixed fold/model-training protocol; they do not estimate model-training instability.,"Descriptive OOF subgroup audit only; gaps do not establish discrimination, fairness, or causality. Class-specific rows use their reported denominators. Intervals are pointwise; no multiplicity-adjusted or simultaneous inference.",1428,EducationBackground | true_positive_rate | class 3.0
canonical_v2_20260714T221501Z_483f96f,51415c2ce68c89d9ce2b042b0a7a811fe3e98180b72460006f9d0465f6bf49b7,06c507bee525ea1daca43b61249764007d4d8baaa05c9333f23446ea723ce160,f1e358e99914563305428cece1b1595bc76a58643184407ec5b222162d650332,98ae57b622a56983192975c5bff94374ed51322f13c76af633c3c96ceb198cdd,support_aware_subgroup_diagnostics,"{""dataset_sha256"":""b8deac0a615b97076622ae540f4cfd0d3c3f1e7acb83ba3ff6560470a9ccf60a""}","{""policy"":""no_salary_hike_no_attrition_no_department""}",support_gated_descriptive_oof_subgroup_diagnostics,not_applicable_or_resolved_by_source_contract,pointwise_paired_stratified_percentile_bootstrap_5000_draws,subgroup_proxy/fairness_disparity_uncertainty.csv,f67613b45f85dc20b9d6fc5a8d1da2a2dc0c1f560762d7465817b5b7b0d74006,fairness_disparity_uncertainty,153,c1300316fe5baec24e789c06aec35dd4f283fa4843b71c7aab1edbf4818f8e91,d483d8ddb93a47a99a2eab54fe3d138d8f614798dd418bca860ea3f20c813f51,b8deac0a615b97076622ae540f4cfd0d3c3f1e7acb83ba3ff6560470a9ccf60a,ordinal_multiclass_performance,no_salary_hike_no_attrition_no_department,EducationBackground,,exploratory_operational_subgroup_diagnostic,,30,,policy_ablation_raw_uncalibrated_oof_probabilities,true_positive_rate,4.0,,,,10,,,support_aware_subgroup_disparity,0.1030701754385964,0.0611111111111111,0.3636363636363636,0.95,6.0,4.0,"[""Life Sciences"",""Marketing"",""Medical"",""Technical Degree""]",100.0,12.0,5000.0,5000.0,1.0,3528e4377f9907c2a7c1b51806abf09e0ec2d5513da630618b0a0cb9950a37d0,paired_stratified_sample_level_percentile,fixed_from_complete_oof_before_resampling,support_sufficient_but_interval_wide,False,pointwise_descriptive,none,200.0,Intervals condition on the observed employees and fixed fold/model-training protocol; they do not estimate model-training instability.,"Descriptive OOF subgroup audit only; gaps do not establish discrimination, fairness, or causality. Class-specific rows use their reported denominators. Intervals are pointwise; no multiplicity-adjusted or simultaneous inference.",1429,EducationBackground | true_positive_rate | class 4.0
canonical_v2_20260714T221501Z_483f96f,51415c2ce68c89d9ce2b042b0a7a811fe3e98180b72460006f9d0465f6bf49b7,06c507bee525ea1daca43b61249764007d4d8baaa05c9333f23446ea723ce160,f1e358e99914563305428cece1b1595bc76a58643184407ec5b222162d650332,98ae57b622a56983192975c5bff94374ed51322f13c76af633c3c96ceb198cdd,support_aware_subgroup_diagnostics,"{""dataset_sha256"":""b8deac0a615b97076622ae540f4cfd0d3c3f1e7acb83ba3ff6560470a9ccf60a""}","{""policy"":""no_salary_hike_no_attrition_no_department""}",support_gated_descriptive_oof_subgroup_diagnostics,not_applicable_or_resolved_by_source_contract,pointwise_paired_stratified_percentile_bootstrap_5000_draws,subgroup_proxy/fairness_disparity_uncertainty.csv,f67613b45f85dc20b9d6fc5a8d1da2a2dc0c1f560762d7465817b5b7b0d74006,fairness_disparity_uncertainty,154,c1300316fe5baec24e789c06aec35dd4f283fa4843b71c7aab1edbf4818f8e91,d483d8ddb93a47a99a2eab54fe3d138d8f614798dd418bca860ea3f20c813f51,b8deac0a615b97076622ae540f4cfd0d3c3f1e7acb83ba3ff6560470a9ccf60a,ordinal_multiclass_performance,no_salary_hike_no_attrition_no_department,EmpDepartment,,exploratory_operational_subgroup_diagnostic,,30,,policy_ablation_raw_uncalibrated_oof_probabilities,accuracy,,,,,30,,,support_aware_subgroup_disparity,0.1192831703318446,0.0564841498559077,0.2444107372678799,0.95,6.0,5.0,"[""Development"",""Finance"",""Human Resources"",""Research & Development"",""Sales""]",49.0,49.0,5000.0,5000.0,1.0,3528e4377f9907c2a7c1b51806abf09e0ec2d5513da630618b0a0cb9950a37d0,paired_stratified_sample_level_percentile,fixed_from_complete_oof_before_resampling,support_sufficient_descriptive_estimate,True,pointwise_descriptive,none,200.0,Intervals condition on the observed employees and fixed fold/model-training protocol; they do not estimate model-training instability.,"Descriptive OOF subgroup audit only; gaps do not establish discrimination, fairness, or causality. Class-specific rows use their reported denominators. Intervals are pointwise; no multiplicity-adjusted or simultaneous inference.",1430,EmpDepartment | accuracy
canonical_v2_20260714T221501Z_483f96f,51415c2ce68c89d9ce2b042b0a7a811fe3e98180b72460006f9d0465f6bf49b7,06c507bee525ea1daca43b61249764007d4d8baaa05c9333f23446ea723ce160,f1e358e99914563305428cece1b1595bc76a58643184407ec5b222162d650332,98ae57b622a56983192975c5bff94374ed51322f13c76af633c3c96ceb198cdd,support_aware_subgroup_diagnostics,"{""dataset_sha256"":""b8deac0a615b97076622ae540f4cfd0d3c3f1e7acb83ba3ff6560470a9ccf60a""}","{""policy"":""no_salary_hike_no_attrition_no_department""}",support_gated_descriptive_oof_subgroup_diagnostics,not_applicable_or_resolved_by_source_contract,pointwise_paired_stratified_percentile_bootstrap_5000_draws,subgroup_proxy/fairness_disparity_uncertainty.csv,f67613b45f85dc20b9d6fc5a8d1da2a2dc0c1f560762d7465817b5b7b0d74006,fairness_disparity_uncertainty,155,c1300316fe5baec24e789c06aec35dd4f283fa4843b71c7aab1edbf4818f8e91,d483d8ddb93a47a99a2eab54fe3d138d8f614798dd418bca860ea3f20c813f51,b8deac0a615b97076622ae540f4cfd0d3c3f1e7acb83ba3ff6560470a9ccf60a,ordinal_multiclass_performance,no_salary_hike_no_attrition_no_department,EmpDepartment,,exploratory_operational_subgroup_diagnostic,,30,,policy_ablation_raw_uncalibrated_oof_probabilities,false_positive_rate,2.0,,,,10,,,support_aware_subgroup_disparity,0.0489510489510489,0.0358303758082551,0.0816326530612244,0.95,6.0,5.0,"[""Development"",""Finance"",""Human Resources"",""Research & Development"",""Sales""]",49.0,34.0,5000.0,5000.0,1.0,3528e4377f9907c2a7c1b51806abf09e0ec2d5513da630618b0a0cb9950a37d0,paired_stratified_sample_level_percentile,fixed_from_complete_oof_before_resampling,support_sufficient_descriptive_estimate,True,pointwise_descriptive,none,200.0,Intervals condition on the observed employees and fixed fold/model-training protocol; they do not estimate model-training instability.,"Descriptive OOF subgroup audit only; gaps do not establish discrimination, fairness, or causality. Class-specific rows use their reported denominators. Intervals are pointwise; no multiplicity-adjusted or simultaneous inference.",1431,EmpDepartment | false_positive_rate | class 2.0
canonical_v2_20260714T221501Z_483f96f,51415c2ce68c89d9ce2b042b0a7a811fe3e98180b72460006f9d0465f6bf49b7,06c507bee525ea1daca43b61249764007d4d8baaa05c9333f23446ea723ce160,f1e358e99914563305428cece1b1595bc76a58643184407ec5b222162d650332,98ae57b622a56983192975c5bff94374ed51322f13c76af633c3c96ceb198cdd,support_aware_subgroup_diagnostics,"{""dataset_sha256"":""b8deac0a615b97076622ae540f4cfd0d3c3f1e7acb83ba3ff6560470a9ccf60a""}","{""policy"":""no_salary_hike_no_attrition_no_department""}",support_gated_descriptive_oof_subgroup_diagnostics,not_applicable_or_resolved_by_source_contract,pointwise_paired_stratified_percentile_bootstrap_5000_draws,subgroup_proxy/fairness_disparity_uncertainty.csv,f67613b45f85dc20b9d6fc5a8d1da2a2dc0c1f560762d7465817b5b7b0d74006,fairness_disparity_uncertainty,156,c1300316fe5baec24e789c06aec35dd4f283fa4843b71c7aab1edbf4818f8e91,d483d8ddb93a47a99a2eab54fe3d138d8f614798dd418bca860ea3f20c813f51,b8deac0a615b97076622ae540f4cfd0d3c3f1e7acb83ba3ff6560470a9ccf60a,ordinal_multiclass_performance,no_salary_hike_no_attrition_no_department,EmpDepartment,,exploratory_operational_subgroup_diagnostic,,30,,policy_ablation_raw_uncalibrated_oof_probabilities,false_positive_rate,3.0,,,,10,,,support_aware_subgroup_disparity,0.5614035087719298,0.3966769865841073,0.7413793103448276,0.95,6.0,5.0,"[""Development"",""Finance"",""Human Resources"",""Research & Development"",""Sales""]",49.0,16.0,5000.0,5000.0,1.0,3528e4377f9907c2a7c1b51806abf09e0ec2d5513da630618b0a0cb9950a37d0,paired_stratified_sample_level_percentile,fixed_from_complete_oof_before_resampling,support_sufficient_but_interval_wide,False,pointwise_descriptive,none,200.0,Intervals condition on the observed employees and fixed fold/model-training protocol; they do not estimate model-training instability.,"Descriptive OOF subgroup audit only; gaps do not establish discrimination, fairness, or causality. Class-specific rows use their reported denominators. Intervals are pointwise; no multiplicity-adjusted or simultaneous inference.",1432,EmpDepartment | false_positive_rate | class 3.0
canonical_v2_20260714T221501Z_483f96f,51415c2ce68c89d9ce2b042b0a7a811fe3e98180b72460006f9d0465f6bf49b7,06c507bee525ea1daca43b61249764007d4d8baaa05c9333f23446ea723ce160,f1e358e99914563305428cece1b1595bc76a58643184407ec5b222162d650332,98ae57b622a56983192975c5bff94374ed51322f13c76af633c3c96ceb198cdd,support_aware_subgroup_diagnostics,"{""dataset_sha256"":""b8deac0a615b97076622ae540f4cfd0d3c3f1e7acb83ba3ff6560470a9ccf60a""}","{""policy"":""no_salary_hike_no_attrition_no_department""}",support_gated_descriptive_oof_subgroup_diagnostics,not_applicable_or_resolved_by_source_contract,pointwise_paired_stratified_percentile_bootstrap_5000_draws,subgroup_proxy/fairness_disparity_uncertainty.csv,f67613b45f85dc20b9d6fc5a8d1da2a2dc0c1f560762d7465817b5b7b0d74006,fairness_disparity_uncertainty,157,c1300316fe5baec24e789c06aec35dd4f283fa4843b71c7aab1edbf4818f8e91,d483d8ddb93a47a99a2eab54fe3d138d8f614798dd418bca860ea3f20c813f51,b8deac0a615b97076622ae540f4cfd0d3c3f1e7acb83ba3ff6560470a9ccf60a,ordinal_multiclass_performance,no_salary_hike_no_attrition_no_department,EmpDepartment,,exploratory_operational_subgroup_diagnostic,,30,,policy_ablation_raw_uncalibrated_oof_probabilities,false_positive_rate,4.0,,,,10,,,support_aware_subgroup_disparity,0.0504358538816194,0.038310895671266,0.1719005738585585,0.95,6.0,5.0,"[""Development"",""Finance"",""Human Resources"",""Research & Development"",""Sales""]",49.0,45.0,5000.0,5000.0,1.0,3528e4377f9907c2a7c1b51806abf09e0ec2d5513da630618b0a0cb9950a37d0,paired_stratified_sample_level_percentile,fixed_from_complete_oof_before_resampling,support_sufficient_descriptive_estimate,True,pointwise_descriptive,none,200.0,Intervals condition on the observed employees and fixed fold/model-training protocol; they do not estimate model-training instability.,"Descriptive OOF subgroup audit only; gaps do not establish discrimination, fairness, or causality. Class-specific rows use their reported denominators. Intervals are pointwise; no multiplicity-adjusted or simultaneous inference.",1433,EmpDepartment | false_positive_rate | class 4.0
canonical_v2_20260714T221501Z_483f96f,51415c2ce68c89d9ce2b042b0a7a811fe3e98180b72460006f9d0465f6bf49b7,06c507bee525ea1daca43b61249764007d4d8baaa05c9333f23446ea723ce160,f1e358e99914563305428cece1b1595bc76a58643184407ec5b222162d650332,98ae57b622a56983192975c5bff94374ed51322f13c76af633c3c96ceb198cdd,support_aware_subgroup_diagnostics,"{""dataset_sha256"":""b8deac0a615b97076622ae540f4cfd0d3c3f1e7acb83ba3ff6560470a9ccf60a""}","{""policy"":""no_salary_hike_no_attrition_no_department""}",support_gated_descriptive_oof_subgroup_diagnostics,not_applicable_or_resolved_by_source_contract,pointwise_paired_stratified_percentile_bootstrap_5000_draws,subgroup_proxy/fairness_disparity_uncertainty.csv,f67613b45f85dc20b9d6fc5a8d1da2a2dc0c1f560762d7465817b5b7b0d74006,fairness_disparity_uncertainty,158,c1300316fe5baec24e789c06aec35dd4f283fa4843b71c7aab1edbf4818f8e91,d483d8ddb93a47a99a2eab54fe3d138d8f614798dd418bca860ea3f20c813f51,b8deac0a615b97076622ae540f4cfd0d3c3f1e7acb83ba3ff6560470a9ccf60a,ordinal_multiclass_performance,no_salary_hike_no_attrition_no_department,EmpDepartment,,exploratory_operational_subgroup_diagnostic,,30,,policy_ablation_raw_uncalibrated_oof_probabilities,macro_f1,,,,,30,,,support_aware_subgroup_disparity,0.2179067238180538,0.1323343459068269,0.3787434303295506,0.95,6.0,5.0,"[""Development"",""Finance"",""Human Resources"",""Research & Development"",""Sales""]",49.0,49.0,5000.0,5000.0,1.0,3528e4377f9907c2a7c1b51806abf09e0ec2d5513da630618b0a0cb9950a37d0,paired_stratified_sample_level_percentile,fixed_from_complete_oof_before_resampling,support_sufficient_descriptive_estimate,True,pointwise_descriptive,none,200.0,Intervals condition on the observed employees and fixed fold/model-training protocol; they do not estimate model-training instability.,"Descriptive OOF subgroup audit only; gaps do not establish discrimination, fairness, or causality. Class-specific rows use their reported denominators. Intervals are pointwise; no multiplicity-adjusted or simultaneous inference.",1434,EmpDepartment | macro_f1
canonical_v2_20260714T221501Z_483f96f,51415c2ce68c89d9ce2b042b0a7a811fe3e98180b72460006f9d0465f6bf49b7,06c507bee525ea1daca43b61249764007d4d8baaa05c9333f23446ea723ce160,f1e358e99914563305428cece1b1595bc76a58643184407ec5b222162d650332,98ae57b622a56983192975c5bff94374ed51322f13c76af633c3c96ceb198cdd,support_aware_subgroup_diagnostics,"{""dataset_sha256"":""b8deac0a615b97076622ae540f4cfd0d3c3f1e7acb83ba3ff6560470a9ccf60a""}","{""policy"":""no_salary_hike_no_attrition_no_department""}",support_gated_descriptive_oof_subgroup_diagnostics,not_applicable_or_resolved_by_source_contract,pointwise_paired_stratified_percentile_bootstrap_5000_draws,subgroup_proxy/fairness_disparity_uncertainty.csv,f67613b45f85dc20b9d6fc5a8d1da2a2dc0c1f560762d7465817b5b7b0d74006,fairness_disparity_uncertainty,159,c1300316fe5baec24e789c06aec35dd4f283fa4843b71c7aab1edbf4818f8e91,d483d8ddb93a47a99a2eab54fe3d138d8f614798dd418bca860ea3f20c813f51,b8deac0a615b97076622ae540f4cfd0d3c3f1e7acb83ba3ff6560470a9ccf60a,ordinal_multiclass_performance,no_salary_hike_no_attrition_no_department,EmpDepartment,,exploratory_operational_subgroup_diagnostic,,30,,policy_ablation_raw_uncalibrated_oof_probabilities,mean_predicted_probability,2.0,,,,30,,,support_aware_subgroup_disparity,0.2036676844688023,0.1459146221507177,0.3237917362891916,0.95,6.0,5.0,"[""Development"",""Finance"",""Human Resources"",""Research & Development"",""Sales""]",49.0,49.0,5000.0,5000.0,1.0,3528e4377f9907c2a7c1b51806abf09e0ec2d5513da630618b0a0cb9950a37d0,paired_stratified_sample_level_percentile,fixed_from_complete_oof_before_resampling,support_sufficient_descriptive_estimate,True,pointwise_descriptive,none,200.0,Intervals condition on the observed employees and fixed fold/model-training protocol; they do not estimate model-training instability.,"Descriptive OOF subgroup audit only; gaps do not establish discrimination, fairness, or causality. Class-specific rows use their reported denominators. Intervals are pointwise; no multiplicity-adjusted or simultaneous inference.",1435,EmpDepartment | mean_predicted_probability | class 2.0
canonical_v2_20260714T221501Z_483f96f,51415c2ce68c89d9ce2b042b0a7a811fe3e98180b72460006f9d0465f6bf49b7,06c507bee525ea1daca43b61249764007d4d8baaa05c9333f23446ea723ce160,f1e358e99914563305428cece1b1595bc76a58643184407ec5b222162d650332,98ae57b622a56983192975c5bff94374ed51322f13c76af633c3c96ceb198cdd,support_aware_subgroup_diagnostics,"{""dataset_sha256"":""b8deac0a615b97076622ae540f4cfd0d3c3f1e7acb83ba3ff6560470a9ccf60a""}","{""policy"":""no_salary_hike_no_attrition_no_department""}",support_gated_descriptive_oof_subgroup_diagnostics,not_applicable_or_resolved_by_source_contract,pointwise_paired_stratified_percentile_bootstrap_5000_draws,subgroup_proxy/fairness_disparity_uncertainty.csv,f67613b45f85dc20b9d6fc5a8d1da2a2dc0c1f560762d7465817b5b7b0d74006,fairness_disparity_uncertainty,160,c1300316fe5baec24e789c06aec35dd4f283fa4843b71c7aab1edbf4818f8e91,d483d8ddb93a47a99a2eab54fe3d138d8f614798dd418bca860ea3f20c813f51,b8deac0a615b97076622ae540f4cfd0d3c3f1e7acb83ba3ff6560470a9ccf60a,ordinal_multiclass_performance,no_salary_hike_no_attrition_no_department,EmpDepartment,,exploratory_operational_subgroup_diagnostic,,30,,policy_ablation_raw_uncalibrated_oof_probabilities,mean_predicted_probability,3.0,,,,30,,,support_aware_subgroup_disparity,0.1421030920658502,0.1000914019135693,0.2407819843066564,0.95,6.0,5.0,"[""Development"",""Finance"",""Human Resources"",""Research & Development"",""Sales""]",49.0,49.0,5000.0,5000.0,1.0,3528e4377f9907c2a7c1b51806abf09e0ec2d5513da630618b0a0cb9950a37d0,paired_stratified_sample_level_percentile,fixed_from_complete_oof_before_resampling,support_sufficient_descriptive_estimate,True,pointwise_descriptive,none,200.0,Intervals condition on the observed employees and fixed fold/model-training protocol; they do not estimate model-training instability.,"Descriptive OOF subgroup audit only; gaps do not establish discrimination, fairness, or causality. Class-specific rows use their reported denominators. Intervals are pointwise; no multiplicity-adjusted or simultaneous inference.",1436,EmpDepartment | mean_predicted_probability | class 3.0
canonical_v2_20260714T221501Z_483f96f,51415c2ce68c89d9ce2b042b0a7a811fe3e98180b72460006f9d0465f6bf49b7,06c507bee525ea1daca43b61249764007d4d8baaa05c9333f23446ea723ce160,f1e358e99914563305428cece1b1595bc76a58643184407ec5b222162d650332,98ae57b622a56983192975c5bff94374ed51322f13c76af633c3c96ceb198cdd,support_aware_subgroup_diagnostics,"{""dataset_sha256"":""b8deac0a615b97076622ae540f4cfd0d3c3f1e7acb83ba3ff6560470a9ccf60a""}","{""policy"":""no_salary_hike_no_attrition_no_department""}",support_gated_descriptive_oof_subgroup_diagnostics,not_applicable_or_resolved_by_source_contract,pointwise_paired_stratified_percentile_bootstrap_5000_draws,subgroup_proxy/fairness_disparity_uncertainty.csv,f67613b45f85dc20b9d6fc5a8d1da2a2dc0c1f560762d7465817b5b7b0d74006,fairness_disparity_uncertainty,161,c1300316fe5baec24e789c06aec35dd4f283fa4843b71c7aab1edbf4818f8e91,d483d8ddb93a47a99a2eab54fe3d138d8f614798dd418bca860ea3f20c813f51,b8deac0a615b97076622ae540f4cfd0d3c3f1e7acb83ba3ff6560470a9ccf60a,ordinal_multiclass_performance,no_salary_hike_no_attrition_no_department,EmpDepartment,,exploratory_operational_subgroup_diagnostic,,30,,policy_ablation_raw_uncalibrated_oof_probabilities,mean_predicted_probability,4.0,,,,30,,,support_aware_subgroup_disparity,0.061564592402952,0.0396603892422188,0.1304603376727742,0.95,6.0,5.0,"[""Development"",""Finance"",""Human Resources"",""Research & Development"",""Sales""]",49.0,49.0,5000.0,5000.0,1.0,3528e4377f9907c2a7c1b51806abf09e0ec2d5513da630618b0a0cb9950a37d0,paired_stratified_sample_level_percentile,fixed_from_complete_oof_before_resampling,support_sufficient_descriptive_estimate,True,pointwise_descriptive,none,200.0,Intervals condition on the observed employees and fixed fold/model-training protocol; they do not estimate model-training instability.,"Descriptive OOF subgroup audit only; gaps do not establish discrimination, fairness, or causality. Class-specific rows use their reported denominators. Intervals are pointwise; no multiplicity-adjusted or simultaneous inference.",1437,EmpDepartment | mean_predicted_probability | class 4.0
canonical_v2_20260714T221501Z_483f96f,51415c2ce68c89d9ce2b042b0a7a811fe3e98180b72460006f9d0465f6bf49b7,06c507bee525ea1daca43b61249764007d4d8baaa05c9333f23446ea723ce160,f1e358e99914563305428cece1b1595bc76a58643184407ec5b222162d650332,98ae57b622a56983192975c5bff94374ed51322f13c76af633c3c96ceb198cdd,support_aware_subgroup_diagnostics,"{""dataset_sha256"":""b8deac0a615b97076622ae540f4cfd0d3c3f1e7acb83ba3ff6560470a9ccf60a""}","{""policy"":""no_salary_hike_no_attrition_no_department""}",support_gated_descriptive_oof_subgroup_diagnostics,not_applicable_or_resolved_by_source_contract,pointwise_paired_stratified_percentile_bootstrap_5000_draws,subgroup_proxy/fairness_disparity_uncertainty.csv,f67613b45f85dc20b9d6fc5a8d1da2a2dc0c1f560762d7465817b5b7b0d74006,fairness_disparity_uncertainty,162,c1300316fe5baec24e789c06aec35dd4f283fa4843b71c7aab1edbf4818f8e91,d483d8ddb93a47a99a2eab54fe3d138d8f614798dd418bca860ea3f20c813f51,b8deac0a615b97076622ae540f4cfd0d3c3f1e7acb83ba3ff6560470a9ccf60a,ordinal_multiclass_performance,no_salary_hike_no_attrition_no_department,EmpDepartment,,exploratory_operational_subgroup_diagnostic,,30,,policy_ablation_raw_uncalibrated_oof_probabilities,positive_prediction_rate,2.0,,,,30,,,support_aware_subgroup_disparity,0.2451806207247442,0.1751254335358023,0.3773450595485952,0.95,6.0,5.0,"[""Development"",""Finance"",""Human Resources"",""Research & Development"",""Sales""]",49.0,49.0,5000.0,5000.0,1.0,3528e4377f9907c2a7c1b51806abf09e0ec2d5513da630618b0a0cb9950a37d0,paired_stratified_sample_level_percentile,fixed_from_complete_oof_before_resampling,support_sufficient_descriptive_estimate,True,pointwise_descriptive,none,200.0,Intervals condition on the observed employees and fixed fold/model-training protocol; they do not estimate model-training instability.,"Descriptive OOF subgroup audit only; gaps do not establish discrimination, fairness, or causality. Class-specific rows use their reported denominators. Intervals are pointwise; no multiplicity-adjusted or simultaneous inference.",1438,EmpDepartment | positive_prediction_rate | class 2.0
canonical_v2_20260714T221501Z_483f96f,51415c2ce68c89d9ce2b042b0a7a811fe3e98180b72460006f9d0465f6bf49b7,06c507bee525ea1daca43b61249764007d4d8baaa05c9333f23446ea723ce160,f1e358e99914563305428cece1b1595bc76a58643184407ec5b222162d650332,98ae57b622a56983192975c5bff94374ed51322f13c76af633c3c96ceb198cdd,support_aware_subgroup_diagnostics,"{""dataset_sha256"":""b8deac0a615b97076622ae540f4cfd0d3c3f1e7acb83ba3ff6560470a9ccf60a""}","{""policy"":""no_salary_hike_no_attrition_no_department""}",support_gated_descriptive_oof_subgroup_diagnostics,not_applicable_or_resolved_by_source_contract,pointwise_paired_stratified_percentile_bootstrap_5000_draws,subgroup_proxy/fairness_disparity_uncertainty.csv,f67613b45f85dc20b9d6fc5a8d1da2a2dc0c1f560762d7465817b5b7b0d74006,fairness_disparity_uncertainty,163,c1300316fe5baec24e789c06aec35dd4f283fa4843b71c7aab1edbf4818f8e91,d483d8ddb93a47a99a2eab54fe3d138d8f614798dd418bca860ea3f20c813f51,b8deac0a615b97076622ae540f4cfd0d3c3f1e7acb83ba3ff6560470a9ccf60a,ordinal_multiclass_performance,no_salary_hike_no_attrition_no_department,EmpDepartment,,exploratory_operational_subgroup_diagnostic,,30,,policy_ablation_raw_uncalibrated_oof_probabilities,positive_prediction_rate,3.0,,,,30,,,support_aware_subgroup_disparity,0.2152750296794618,0.1294056076571203,0.3609111617067662,0.95,6.0,5.0,"[""Development"",""Finance"",""Human Resources"",""Research & Development"",""Sales""]",49.0,49.0,5000.0,5000.0,1.0,3528e4377f9907c2a7c1b51806abf09e0ec2d5513da630618b0a0cb9950a37d0,paired_stratified_sample_level_percentile,fixed_from_complete_oof_before_resampling,support_sufficient_descriptive_estimate,True,pointwise_descriptive,none,200.0,Intervals condition on the observed employees and fixed fold/model-training protocol; they do not estimate model-training instability.,"Descriptive OOF subgroup audit only; gaps do not establish discrimination, fairness, or causality. Class-specific rows use their reported denominators. Intervals are pointwise; no multiplicity-adjusted or simultaneous inference.",1439,EmpDepartment | positive_prediction_rate | class 3.0
canonical_v2_20260714T221501Z_483f96f,51415c2ce68c89d9ce2b042b0a7a811fe3e98180b72460006f9d0465f6bf49b7,06c507bee525ea1daca43b61249764007d4d8baaa05c9333f23446ea723ce160,f1e358e99914563305428cece1b1595bc76a58643184407ec5b222162d650332,98ae57b622a56983192975c5bff94374ed51322f13c76af633c3c96ceb198cdd,support_aware_subgroup_diagnostics,"{""dataset_sha256"":""b8deac0a615b97076622ae540f4cfd0d3c3f1e7acb83ba3ff6560470a9ccf60a""}","{""policy"":""no_salary_hike_no_attrition_no_department""}",support_gated_descriptive_oof_subgroup_diagnostics,not_applicable_or_resolved_by_source_contract,pointwise_paired_stratified_percentile_bootstrap_5000_draws,subgroup_proxy/fairness_disparity_uncertainty.csv,f67613b45f85dc20b9d6fc5a8d1da2a2dc0c1f560762d7465817b5b7b0d74006,fairness_disparity_uncertainty,164,c1300316fe5baec24e789c06aec35dd4f283fa4843b71c7aab1edbf4818f8e91,d483d8ddb93a47a99a2eab54fe3d138d8f614798dd418bca860ea3f20c813f51,b8deac0a615b97076622ae540f4cfd0d3c3f1e7acb83ba3ff6560470a9ccf60a,ordinal_multiclass_performance,no_salary_hike_no_attrition_no_department,EmpDepartment,,exploratory_operational_subgroup_diagnostic,,30,,policy_ablation_raw_uncalibrated_oof_probabilities,positive_prediction_rate,4.0,,,,30,,,support_aware_subgroup_disparity,0.0612017556237142,0.0455179967925621,0.164151135935016,0.95,6.0,5.0,"[""Development"",""Finance"",""Human Resources"",""Research & Development"",""Sales""]",49.0,49.0,5000.0,5000.0,1.0,3528e4377f9907c2a7c1b51806abf09e0ec2d5513da630618b0a0cb9950a37d0,paired_stratified_sample_level_percentile,fixed_from_complete_oof_before_resampling,support_sufficient_descriptive_estimate,True,pointwise_descriptive,none,200.0,Intervals condition on the observed employees and fixed fold/model-training protocol; they do not estimate model-training instability.,"Descriptive OOF subgroup audit only; gaps do not establish discrimination, fairness, or causality. Class-specific rows use their reported denominators. Intervals are pointwise; no multiplicity-adjusted or simultaneous inference.",1440,EmpDepartment | positive_prediction_rate | class 4.0
canonical_v2_20260714T221501Z_483f96f,51415c2ce68c89d9ce2b042b0a7a811fe3e98180b72460006f9d0465f6bf49b7,06c507bee525ea1daca43b61249764007d4d8baaa05c9333f23446ea723ce160,f1e358e99914563305428cece1b1595bc76a58643184407ec5b222162d650332,98ae57b622a56983192975c5bff94374ed51322f13c76af633c3c96ceb198cdd,support_aware_subgroup_diagnostics,"{""dataset_sha256"":""b8deac0a615b97076622ae540f4cfd0d3c3f1e7acb83ba3ff6560470a9ccf60a""}","{""policy"":""no_salary_hike_no_attrition_no_department""}",support_gated_descriptive_oof_subgroup_diagnostics,not_applicable_or_resolved_by_source_contract,pointwise_paired_stratified_percentile_bootstrap_5000_draws,subgroup_proxy/fairness_disparity_uncertainty.csv,f67613b45f85dc20b9d6fc5a8d1da2a2dc0c1f560762d7465817b5b7b0d74006,fairness_disparity_uncertainty,165,c1300316fe5baec24e789c06aec35dd4f283fa4843b71c7aab1edbf4818f8e91,d483d8ddb93a47a99a2eab54fe3d138d8f614798dd418bca860ea3f20c813f51,b8deac0a615b97076622ae540f4cfd0d3c3f1e7acb83ba3ff6560470a9ccf60a,ordinal_multiclass_performance,no_salary_hike_no_attrition_no_department,EmpDepartment,,exploratory_operational_subgroup_diagnostic,,30,,policy_ablation_raw_uncalibrated_oof_probabilities,precision,2.0,,,,10,,,support_aware_subgroup_disparity,0.6818181818181819,0.4782608695652174,0.8697010869565197,0.95,6.0,5.0,"[""Development"",""Finance"",""Human Resources"",""Research & Development"",""Sales""]",49.0,10.0,5000.0,5000.0,1.0,3528e4377f9907c2a7c1b51806abf09e0ec2d5513da630618b0a0cb9950a37d0,paired_stratified_sample_level_percentile,fixed_from_complete_oof_before_resampling,support_sufficient_but_interval_wide,False,pointwise_descriptive,none,200.0,Intervals condition on the observed employees and fixed fold/model-training protocol; they do not estimate model-training instability.,"Descriptive OOF subgroup audit only; gaps do not establish discrimination, fairness, or causality. Class-specific rows use their reported denominators. Intervals are pointwise; no multiplicity-adjusted or simultaneous inference.",1441,EmpDepartment | precision | class 2.0
canonical_v2_20260714T221501Z_483f96f,51415c2ce68c89d9ce2b042b0a7a811fe3e98180b72460006f9d0465f6bf49b7,06c507bee525ea1daca43b61249764007d4d8baaa05c9333f23446ea723ce160,f1e358e99914563305428cece1b1595bc76a58643184407ec5b222162d650332,98ae57b622a56983192975c5bff94374ed51322f13c76af633c3c96ceb198cdd,support_aware_subgroup_diagnostics,"{""dataset_sha256"":""b8deac0a615b97076622ae540f4cfd0d3c3f1e7acb83ba3ff6560470a9ccf60a""}","{""policy"":""no_salary_hike_no_attrition_no_department""}",support_gated_descriptive_oof_subgroup_diagnostics,not_applicable_or_resolved_by_source_contract,pointwise_paired_stratified_percentile_bootstrap_5000_draws,subgroup_proxy/fairness_disparity_uncertainty.csv,f67613b45f85dc20b9d6fc5a8d1da2a2dc0c1f560762d7465817b5b7b0d74006,fairness_disparity_uncertainty,166,c1300316fe5baec24e789c06aec35dd4f283fa4843b71c7aab1edbf4818f8e91,d483d8ddb93a47a99a2eab54fe3d138d8f614798dd418bca860ea3f20c813f51,b8deac0a615b97076622ae540f4cfd0d3c3f1e7acb83ba3ff6560470a9ccf60a,ordinal_multiclass_performance,no_salary_hike_no_attrition_no_department,EmpDepartment,,exploratory_operational_subgroup_diagnostic,,30,,policy_ablation_raw_uncalibrated_oof_probabilities,precision,3.0,,,,10,,,support_aware_subgroup_disparity,0.055019305019305,0.0317913523706897,0.2228361285985964,0.95,6.0,5.0,"[""Development"",""Finance"",""Human Resources"",""Research & Development"",""Sales""]",49.0,28.0,5000.0,5000.0,1.0,3528e4377f9907c2a7c1b51806abf09e0ec2d5513da630618b0a0cb9950a37d0,paired_stratified_sample_level_percentile,fixed_from_complete_oof_before_resampling,support_sufficient_descriptive_estimate,True,pointwise_descriptive,none,200.0,Intervals condition on the observed employees and fixed fold/model-training protocol; they do not estimate model-training instability.,"Descriptive OOF subgroup audit only; gaps do not establish discrimination, fairness, or causality. Class-specific rows use their reported denominators. Intervals are pointwise; no multiplicity-adjusted or simultaneous inference.",1442,EmpDepartment | precision | class 3.0
canonical_v2_20260714T221501Z_483f96f,51415c2ce68c89d9ce2b042b0a7a811fe3e98180b72460006f9d0465f6bf49b7,06c507bee525ea1daca43b61249764007d4d8baaa05c9333f23446ea723ce160,f1e358e99914563305428cece1b1595bc76a58643184407ec5b222162d650332,98ae57b622a56983192975c5bff94374ed51322f13c76af633c3c96ceb198cdd,support_aware_subgroup_diagnostics,"{""dataset_sha256"":""b8deac0a615b97076622ae540f4cfd0d3c3f1e7acb83ba3ff6560470a9ccf60a""}","{""policy"":""no_salary_hike_no_attrition_no_department""}",support_gated_descriptive_oof_subgroup_diagnostics,not_applicable_or_resolved_by_source_contract,pointwise_paired_stratified_percentile_bootstrap_5000_draws,subgroup_proxy/fairness_disparity_uncertainty.csv,f67613b45f85dc20b9d6fc5a8d1da2a2dc0c1f560762d7465817b5b7b0d74006,fairness_disparity_uncertainty,167,c1300316fe5baec24e789c06aec35dd4f283fa4843b71c7aab1edbf4818f8e91,d483d8ddb93a47a99a2eab54fe3d138d8f614798dd418bca860ea3f20c813f51,b8deac0a615b97076622ae540f4cfd0d3c3f1e7acb83ba3ff6560470a9ccf60a,ordinal_multiclass_performance,no_salary_hike_no_attrition_no_department,EmpDepartment,,exploratory_operational_subgroup_diagnostic,,30,,policy_ablation_raw_uncalibrated_oof_probabilities,precision,4.0,,,,10,,,support_aware_subgroup_disparity,0.1411764705882353,0.045614988475214,0.2790908865036769,0.95,6.0,3.0,"[""Development"",""Research & Development"",""Sales""]",343.0,34.0,5000.0,5000.0,1.0,3528e4377f9907c2a7c1b51806abf09e0ec2d5513da630618b0a0cb9950a37d0,paired_stratified_sample_level_percentile,fixed_from_complete_oof_before_resampling,support_sufficient_descriptive_estimate,True,pointwise_descriptive,none,200.0,Intervals condition on the observed employees and fixed fold/model-training protocol; they do not estimate model-training instability.,"Descriptive OOF subgroup audit only; gaps do not establish discrimination, fairness, or causality. Class-specific rows use their reported denominators. Intervals are pointwise; no multiplicity-adjusted or simultaneous inference.",1443,EmpDepartment | precision | class 4.0
canonical_v2_20260714T221501Z_483f96f,51415c2ce68c89d9ce2b042b0a7a811fe3e98180b72460006f9d0465f6bf49b7,06c507bee525ea1daca43b61249764007d4d8baaa05c9333f23446ea723ce160,f1e358e99914563305428cece1b1595bc76a58643184407ec5b222162d650332,98ae57b622a56983192975c5bff94374ed51322f13c76af633c3c96ceb198cdd,support_aware_subgroup_diagnostics,"{""dataset_sha256"":""b8deac0a615b97076622ae540f4cfd0d3c3f1e7acb83ba3ff6560470a9ccf60a""}","{""policy"":""no_salary_hike_no_attrition_no_department""}",support_gated_descriptive_oof_subgroup_diagnostics,not_applicable_or_resolved_by_source_contract,pointwise_paired_stratified_percentile_bootstrap_5000_draws,subgroup_proxy/fairness_disparity_uncertainty.csv,f67613b45f85dc20b9d6fc5a8d1da2a2dc0c1f560762d7465817b5b7b0d74006,fairness_disparity_uncertainty,168,c1300316fe5baec24e789c06aec35dd4f283fa4843b71c7aab1edbf4818f8e91,d483d8ddb93a47a99a2eab54fe3d138d8f614798dd418bca860ea3f20c813f51,b8deac0a615b97076622ae540f4cfd0d3c3f1e7acb83ba3ff6560470a9ccf60a,ordinal_multiclass_performance,no_salary_hike_no_attrition_no_department,EmpDepartment,,exploratory_operational_subgroup_diagnostic,,30,,policy_ablation_raw_uncalibrated_oof_probabilities,true_positive_rate,2.0,,,,10,,,support_aware_subgroup_disparity,0.4615384615384615,0.1999999999999999,0.75,0.95,6.0,5.0,"[""Development"",""Finance"",""Human Resources"",""Research & Development"",""Sales""]",49.0,10.0,5000.0,5000.0,1.0,3528e4377f9907c2a7c1b51806abf09e0ec2d5513da630618b0a0cb9950a37d0,paired_stratified_sample_level_percentile,fixed_from_complete_oof_before_resampling,support_sufficient_but_interval_wide,False,pointwise_descriptive,none,200.0,Intervals condition on the observed employees and fixed fold/model-training protocol; they do not estimate model-training instability.,"Descriptive OOF subgroup audit only; gaps do not establish discrimination, fairness, or causality. Class-specific rows use their reported denominators. Intervals are pointwise; no multiplicity-adjusted or simultaneous inference.",1444,EmpDepartment | true_positive_rate | class 2.0
canonical_v2_20260714T221501Z_483f96f,51415c2ce68c89d9ce2b042b0a7a811fe3e98180b72460006f9d0465f6bf49b7,06c507bee525ea1daca43b61249764007d4d8baaa05c9333f23446ea723ce160,f1e358e99914563305428cece1b1595bc76a58643184407ec5b222162d650332,98ae57b622a56983192975c5bff94374ed51322f13c76af633c3c96ceb198cdd,support_aware_subgroup_diagnostics,"{""dataset_sha256"":""b8deac0a615b97076622ae540f4cfd0d3c3f1e7acb83ba3ff6560470a9ccf60a""}","{""policy"":""no_salary_hike_no_attrition_no_department""}",support_gated_descriptive_oof_subgroup_diagnostics,not_applicable_or_resolved_by_source_contract,pointwise_paired_stratified_percentile_bootstrap_5000_draws,subgroup_proxy/fairness_disparity_uncertainty.csv,f67613b45f85dc20b9d6fc5a8d1da2a2dc0c1f560762d7465817b5b7b0d74006,fairness_disparity_uncertainty,169,c1300316fe5baec24e789c06aec35dd4f283fa4843b71c7aab1edbf4818f8e91,d483d8ddb93a47a99a2eab54fe3d138d8f614798dd418bca860ea3f20c813f51,b8deac0a615b97076622ae540f4cfd0d3c3f1e7acb83ba3ff6560470a9ccf60a,ordinal_multiclass_performance,no_salary_hike_no_attrition_no_department,EmpDepartment,,exploratory_operational_subgroup_diagnostic,,30,,policy_ablation_raw_uncalibrated_oof_probabilities,true_positive_rate,3.0,,,,10,,,support_aware_subgroup_disparity,0.0339912280701755,0.0351677738075253,0.2240026785714285,0.95,6.0,5.0,"[""Development"",""Finance"",""Human Resources"",""Research & Development"",""Sales""]",49.0,30.0,5000.0,5000.0,1.0,3528e4377f9907c2a7c1b51806abf09e0ec2d5513da630618b0a0cb9950a37d0,paired_stratified_sample_level_percentile,fixed_from_complete_oof_before_resampling,support_sufficient_descriptive_estimate,True,pointwise_descriptive,none,200.0,Intervals condition on the observed employees and fixed fold/model-training protocol; they do not estimate model-training instability.,"Descriptive OOF subgroup audit only; gaps do not establish discrimination, fairness, or causality. Class-specific rows use their reported denominators. Intervals are pointwise; no multiplicity-adjusted or simultaneous inference.",1445,EmpDepartment | true_positive_rate | class 3.0
canonical_v2_20260714T221501Z_483f96f,51415c2ce68c89d9ce2b042b0a7a811fe3e98180b72460006f9d0465f6bf49b7,06c507bee525ea1daca43b61249764007d4d8baaa05c9333f23446ea723ce160,f1e358e99914563305428cece1b1595bc76a58643184407ec5b222162d650332,98ae57b622a56983192975c5bff94374ed51322f13c76af633c3c96ceb198cdd,support_aware_subgroup_diagnostics,"{""dataset_sha256"":""b8deac0a615b97076622ae540f4cfd0d3c3f1e7acb83ba3ff6560470a9ccf60a""}","{""policy"":""no_salary_hike_no_attrition_no_department""}",support_gated_descriptive_oof_subgroup_diagnostics,not_applicable_or_resolved_by_source_contract,pointwise_paired_stratified_percentile_bootstrap_5000_draws,subgroup_proxy/fairness_disparity_uncertainty.csv,f67613b45f85dc20b9d6fc5a8d1da2a2dc0c1f560762d7465817b5b7b0d74006,fairness_disparity_uncertainty,170,c1300316fe5baec24e789c06aec35dd4f283fa4843b71c7aab1edbf4818f8e91,d483d8ddb93a47a99a2eab54fe3d138d8f614798dd418bca860ea3f20c813f51,b8deac0a615b97076622ae540f4cfd0d3c3f1e7acb83ba3ff6560470a9ccf60a,ordinal_multiclass_performance,no_salary_hike_no_attrition_no_department,EmpDepartment,,exploratory_operational_subgroup_diagnostic,,30,,policy_ablation_raw_uncalibrated_oof_probabilities,true_positive_rate,4.0,,,,10,,,support_aware_subgroup_disparity,0.1867595818815331,0.0768218018914883,0.3425396817197477,0.95,6.0,3.0,"[""Development"",""Research & Development"",""Sales""]",343.0,35.0,5000.0,5000.0,1.0,3528e4377f9907c2a7c1b51806abf09e0ec2d5513da630618b0a0cb9950a37d0,paired_stratified_sample_level_percentile,fixed_from_complete_oof_before_resampling,support_sufficient_but_interval_wide,False,pointwise_descriptive,none,200.0,Intervals condition on the observed employees and fixed fold/model-training protocol; they do not estimate model-training instability.,"Descriptive OOF subgroup audit only; gaps do not establish discrimination, fairness, or causality. Class-specific rows use their reported denominators. Intervals are pointwise; no multiplicity-adjusted or simultaneous inference.",1446,EmpDepartment | true_positive_rate | class 4.0
canonical_v2_20260714T221501Z_483f96f,51415c2ce68c89d9ce2b042b0a7a811fe3e98180b72460006f9d0465f6bf49b7,06c507bee525ea1daca43b61249764007d4d8baaa05c9333f23446ea723ce160,f1e358e99914563305428cece1b1595bc76a58643184407ec5b222162d650332,98ae57b622a56983192975c5bff94374ed51322f13c76af633c3c96ceb198cdd,support_aware_subgroup_diagnostics,"{""dataset_sha256"":""b8deac0a615b97076622ae540f4cfd0d3c3f1e7acb83ba3ff6560470a9ccf60a""}","{""policy"":""no_salary_hike_no_attrition_no_department""}",support_gated_descriptive_oof_subgroup_diagnostics,not_applicable_or_resolved_by_source_contract,pointwise_paired_stratified_percentile_bootstrap_5000_draws,subgroup_proxy/fairness_disparity_uncertainty.csv,f67613b45f85dc20b9d6fc5a8d1da2a2dc0c1f560762d7465817b5b7b0d74006,fairness_disparity_uncertainty,171,c1300316fe5baec24e789c06aec35dd4f283fa4843b71c7aab1edbf4818f8e91,d483d8ddb93a47a99a2eab54fe3d138d8f614798dd418bca860ea3f20c813f51,b8deac0a615b97076622ae540f4cfd0d3c3f1e7acb83ba3ff6560470a9ccf60a,ordinal_multiclass_performance,no_salary_hike_no_attrition_no_department,Gender,,protected_or_sensitive_descriptive_audit,,30,,policy_ablation_raw_uncalibrated_oof_probabilities,accuracy,,,,,30,,,support_aware_subgroup_disparity,0.0501633393829401,0.0059388280645434,0.0981628920804355,0.95,2.0,2.0,"[""Female"",""Male""]",475.0,475.0,5000.0,5000.0,1.0,3528e4377f9907c2a7c1b51806abf09e0ec2d5513da630618b0a0cb9950a37d0,paired_stratified_sample_level_percentile,fixed_from_complete_oof_before_resampling,support_sufficient_descriptive_estimate,True,pointwise_descriptive,none,200.0,Intervals condition on the observed employees and fixed fold/model-training protocol; they do not estimate model-training instability.,"Descriptive OOF subgroup audit only; gaps do not establish discrimination, fairness, or causality. Class-specific rows use their reported denominators. Intervals are pointwise; no multiplicity-adjusted or simultaneous inference.",1447,Gender | accuracy
canonical_v2_20260714T221501Z_483f96f,51415c2ce68c89d9ce2b042b0a7a811fe3e98180b72460006f9d0465f6bf49b7,06c507bee525ea1daca43b61249764007d4d8baaa05c9333f23446ea723ce160,f1e358e99914563305428cece1b1595bc76a58643184407ec5b222162d650332,98ae57b622a56983192975c5bff94374ed51322f13c76af633c3c96ceb198cdd,support_aware_subgroup_diagnostics,"{""dataset_sha256"":""b8deac0a615b97076622ae540f4cfd0d3c3f1e7acb83ba3ff6560470a9ccf60a""}","{""policy"":""no_salary_hike_no_attrition_no_department""}",support_gated_descriptive_oof_subgroup_diagnostics,not_applicable_or_resolved_by_source_contract,pointwise_paired_stratified_percentile_bootstrap_5000_draws,subgroup_proxy/fairness_disparity_uncertainty.csv,f67613b45f85dc20b9d6fc5a8d1da2a2dc0c1f560762d7465817b5b7b0d74006,fairness_disparity_uncertainty,172,c1300316fe5baec24e789c06aec35dd4f283fa4843b71c7aab1edbf4818f8e91,d483d8ddb93a47a99a2eab54fe3d138d8f614798dd418bca860ea3f20c813f51,b8deac0a615b97076622ae540f4cfd0d3c3f1e7acb83ba3ff6560470a9ccf60a,ordinal_multiclass_performance,no_salary_hike_no_attrition_no_department,Gender,,protected_or_sensitive_descriptive_audit,,30,,policy_ablation_raw_uncalibrated_oof_probabilities,false_positive_rate,2.0,,,,10,,,support_aware_subgroup_disparity,0.0145544554455445,0.0008502742188291,0.0378080943905335,0.95,2.0,2.0,"[""Female"",""Male""]",475.0,400.0,5000.0,5000.0,1.0,3528e4377f9907c2a7c1b51806abf09e0ec2d5513da630618b0a0cb9950a37d0,paired_stratified_sample_level_percentile,fixed_from_complete_oof_before_resampling,support_sufficient_descriptive_estimate,True,pointwise_descriptive,none,200.0,Intervals condition on the observed employees and fixed fold/model-training protocol; they do not estimate model-training instability.,"Descriptive OOF subgroup audit only; gaps do not establish discrimination, fairness, or causality. Class-specific rows use their reported denominators. Intervals are pointwise; no multiplicity-adjusted or simultaneous inference.",1448,Gender | false_positive_rate | class 2.0
canonical_v2_20260714T221501Z_483f96f,51415c2ce68c89d9ce2b042b0a7a811fe3e98180b72460006f9d0465f6bf49b7,06c507bee525ea1daca43b61249764007d4d8baaa05c9333f23446ea723ce160,f1e358e99914563305428cece1b1595bc76a58643184407ec5b222162d650332,98ae57b622a56983192975c5bff94374ed51322f13c76af633c3c96ceb198cdd,support_aware_subgroup_diagnostics,"{""dataset_sha256"":""b8deac0a615b97076622ae540f4cfd0d3c3f1e7acb83ba3ff6560470a9ccf60a""}","{""policy"":""no_salary_hike_no_attrition_no_department""}",support_gated_descriptive_oof_subgroup_diagnostics,not_applicable_or_resolved_by_source_contract,pointwise_paired_stratified_percentile_bootstrap_5000_draws,subgroup_proxy/fairness_disparity_uncertainty.csv,f67613b45f85dc20b9d6fc5a8d1da2a2dc0c1f560762d7465817b5b7b0d74006,fairness_disparity_uncertainty,173,c1300316fe5baec24e789c06aec35dd4f283fa4843b71c7aab1edbf4818f8e91,d483d8ddb93a47a99a2eab54fe3d138d8f614798dd418bca860ea3f20c813f51,b8deac0a615b97076622ae540f4cfd0d3c3f1e7acb83ba3ff6560470a9ccf60a,ordinal_multiclass_performance,no_salary_hike_no_attrition_no_department,Gender,,protected_or_sensitive_descriptive_audit,,30,,policy_ablation_raw_uncalibrated_oof_probabilities,false_positive_rate,3.0,,,,10,,,support_aware_subgroup_disparity,0.0228571428571428,0.001883830455259,0.1256218905472637,0.95,2.0,2.0,"[""Female"",""Male""]",475.0,126.0,5000.0,5000.0,1.0,3528e4377f9907c2a7c1b51806abf09e0ec2d5513da630618b0a0cb9950a37d0,paired_stratified_sample_level_percentile,fixed_from_complete_oof_before_resampling,support_sufficient_descriptive_estimate,True,pointwise_descriptive,none,200.0,Intervals condition on the observed employees and fixed fold/model-training protocol; they do not estimate model-training instability.,"Descriptive OOF subgroup audit only; gaps do not establish discrimination, fairness, or causality. Class-specific rows use their reported denominators. Intervals are pointwise; no multiplicity-adjusted or simultaneous inference.",1449,Gender | false_positive_rate | class 3.0
canonical_v2_20260714T221501Z_483f96f,51415c2ce68c89d9ce2b042b0a7a811fe3e98180b72460006f9d0465f6bf49b7,06c507bee525ea1daca43b61249764007d4d8baaa05c9333f23446ea723ce160,f1e358e99914563305428cece1b1595bc76a58643184407ec5b222162d650332,98ae57b622a56983192975c5bff94374ed51322f13c76af633c3c96ceb198cdd,support_aware_subgroup_diagnostics,"{""dataset_sha256"":""b8deac0a615b97076622ae540f4cfd0d3c3f1e7acb83ba3ff6560470a9ccf60a""}","{""policy"":""no_salary_hike_no_attrition_no_department""}",support_gated_descriptive_oof_subgroup_diagnostics,not_applicable_or_resolved_by_source_contract,pointwise_paired_stratified_percentile_bootstrap_5000_draws,subgroup_proxy/fairness_disparity_uncertainty.csv,f67613b45f85dc20b9d6fc5a8d1da2a2dc0c1f560762d7465817b5b7b0d74006,fairness_disparity_uncertainty,174,c1300316fe5baec24e789c06aec35dd4f283fa4843b71c7aab1edbf4818f8e91,d483d8ddb93a47a99a2eab54fe3d138d8f614798dd418bca860ea3f20c813f51,b8deac0a615b97076622ae540f4cfd0d3c3f1e7acb83ba3ff6560470a9ccf60a,ordinal_multiclass_performance,no_salary_hike_no_attrition_no_department,Gender,,protected_or_sensitive_descriptive_audit,,30,,policy_ablation_raw_uncalibrated_oof_probabilities,false_positive_rate,4.0,,,,10,,,support_aware_subgroup_disparity,0.0321252783311848,0.0025000649422003,0.0706800011088933,0.95,2.0,2.0,"[""Female"",""Male""]",475.0,424.0,5000.0,5000.0,1.0,3528e4377f9907c2a7c1b51806abf09e0ec2d5513da630618b0a0cb9950a37d0,paired_stratified_sample_level_percentile,fixed_from_complete_oof_before_resampling,support_sufficient_descriptive_estimate,True,pointwise_descriptive,none,200.0,Intervals condition on the observed employees and fixed fold/model-training protocol; they do not estimate model-training instability.,"Descriptive OOF subgroup audit only; gaps do not establish discrimination, fairness, or causality. Class-specific rows use their reported denominators. Intervals are pointwise; no multiplicity-adjusted or simultaneous inference.",1450,Gender | false_positive_rate | class 4.0
canonical_v2_20260714T221501Z_483f96f,51415c2ce68c89d9ce2b042b0a7a811fe3e98180b72460006f9d0465f6bf49b7,06c507bee525ea1daca43b61249764007d4d8baaa05c9333f23446ea723ce160,f1e358e99914563305428cece1b1595bc76a58643184407ec5b222162d650332,98ae57b622a56983192975c5bff94374ed51322f13c76af633c3c96ceb198cdd,support_aware_subgroup_diagnostics,"{""dataset_sha256"":""b8deac0a615b97076622ae540f4cfd0d3c3f1e7acb83ba3ff6560470a9ccf60a""}","{""policy"":""no_salary_hike_no_attrition_no_department""}",support_gated_descriptive_oof_subgroup_diagnostics,not_applicable_or_resolved_by_source_contract,pointwise_paired_stratified_percentile_bootstrap_5000_draws,subgroup_proxy/fairness_disparity_uncertainty.csv,f67613b45f85dc20b9d6fc5a8d1da2a2dc0c1f560762d7465817b5b7b0d74006,fairness_disparity_uncertainty,175,c1300316fe5baec24e789c06aec35dd4f283fa4843b71c7aab1edbf4818f8e91,d483d8ddb93a47a99a2eab54fe3d138d8f614798dd418bca860ea3f20c813f51,b8deac0a615b97076622ae540f4cfd0d3c3f1e7acb83ba3ff6560470a9ccf60a,ordinal_multiclass_performance,no_salary_hike_no_attrition_no_department,Gender,,protected_or_sensitive_descriptive_audit,,30,,policy_ablation_raw_uncalibrated_oof_probabilities,macro_f1,,,,,30,,,support_aware_subgroup_disparity,0.0363171921364677,0.0022058330684275,0.0862173029706534,0.95,2.0,2.0,"[""Female"",""Male""]",475.0,475.0,5000.0,5000.0,1.0,3528e4377f9907c2a7c1b51806abf09e0ec2d5513da630618b0a0cb9950a37d0,paired_stratified_sample_level_percentile,fixed_from_complete_oof_before_resampling,support_sufficient_descriptive_estimate,True,pointwise_descriptive,none,200.0,Intervals condition on the observed employees and fixed fold/model-training protocol; they do not estimate model-training instability.,"Descriptive OOF subgroup audit only; gaps do not establish discrimination, fairness, or causality. Class-specific rows use their reported denominators. Intervals are pointwise; no multiplicity-adjusted or simultaneous inference.",1451,Gender | macro_f1
canonical_v2_20260714T221501Z_483f96f,51415c2ce68c89d9ce2b042b0a7a811fe3e98180b72460006f9d0465f6bf49b7,06c507bee525ea1daca43b61249764007d4d8baaa05c9333f23446ea723ce160,f1e358e99914563305428cece1b1595bc76a58643184407ec5b222162d650332,98ae57b622a56983192975c5bff94374ed51322f13c76af633c3c96ceb198cdd,support_aware_subgroup_diagnostics,"{""dataset_sha256"":""b8deac0a615b97076622ae540f4cfd0d3c3f1e7acb83ba3ff6560470a9ccf60a""}","{""policy"":""no_salary_hike_no_attrition_no_department""}",support_gated_descriptive_oof_subgroup_diagnostics,not_applicable_or_resolved_by_source_contract,pointwise_paired_stratified_percentile_bootstrap_5000_draws,subgroup_proxy/fairness_disparity_uncertainty.csv,f67613b45f85dc20b9d6fc5a8d1da2a2dc0c1f560762d7465817b5b7b0d74006,fairness_disparity_uncertainty,176,c1300316fe5baec24e789c06aec35dd4f283fa4843b71c7aab1edbf4818f8e91,d483d8ddb93a47a99a2eab54fe3d138d8f614798dd418bca860ea3f20c813f51,b8deac0a615b97076622ae540f4cfd0d3c3f1e7acb83ba3ff6560470a9ccf60a,ordinal_multiclass_performance,no_salary_hike_no_attrition_no_department,Gender,,protected_or_sensitive_descriptive_audit,,30,,policy_ablation_raw_uncalibrated_oof_probabilities,mean_predicted_probability,2.0,,,,30,,,support_aware_subgroup_disparity,0.0090119129974409,0.0007542481595769,0.0482083878774246,0.95,2.0,2.0,"[""Female"",""Male""]",475.0,475.0,5000.0,5000.0,1.0,3528e4377f9907c2a7c1b51806abf09e0ec2d5513da630618b0a0cb9950a37d0,paired_stratified_sample_level_percentile,fixed_from_complete_oof_before_resampling,support_sufficient_descriptive_estimate,True,pointwise_descriptive,none,200.0,Intervals condition on the observed employees and fixed fold/model-training protocol; they do not estimate model-training instability.,"Descriptive OOF subgroup audit only; gaps do not establish discrimination, fairness, or causality. Class-specific rows use their reported denominators. Intervals are pointwise; no multiplicity-adjusted or simultaneous inference.",1452,Gender | mean_predicted_probability | class 2.0
canonical_v2_20260714T221501Z_483f96f,51415c2ce68c89d9ce2b042b0a7a811fe3e98180b72460006f9d0465f6bf49b7,06c507bee525ea1daca43b61249764007d4d8baaa05c9333f23446ea723ce160,f1e358e99914563305428cece1b1595bc76a58643184407ec5b222162d650332,98ae57b622a56983192975c5bff94374ed51322f13c76af633c3c96ceb198cdd,support_aware_subgroup_diagnostics,"{""dataset_sha256"":""b8deac0a615b97076622ae540f4cfd0d3c3f1e7acb83ba3ff6560470a9ccf60a""}","{""policy"":""no_salary_hike_no_attrition_no_department""}",support_gated_descriptive_oof_subgroup_diagnostics,not_applicable_or_resolved_by_source_contract,pointwise_paired_stratified_percentile_bootstrap_5000_draws,subgroup_proxy/fairness_disparity_uncertainty.csv,f67613b45f85dc20b9d6fc5a8d1da2a2dc0c1f560762d7465817b5b7b0d74006,fairness_disparity_uncertainty,177,c1300316fe5baec24e789c06aec35dd4f283fa4843b71c7aab1edbf4818f8e91,d483d8ddb93a47a99a2eab54fe3d138d8f614798dd418bca860ea3f20c813f51,b8deac0a615b97076622ae540f4cfd0d3c3f1e7acb83ba3ff6560470a9ccf60a,ordinal_multiclass_performance,no_salary_hike_no_attrition_no_department,Gender,,protected_or_sensitive_descriptive_audit,,30,,policy_ablation_raw_uncalibrated_oof_probabilities,mean_predicted_probability,3.0,,,,30,,,support_aware_subgroup_disparity,0.0161567519227767,0.0008449949454175,0.0491093667360211,0.95,2.0,2.0,"[""Female"",""Male""]",475.0,475.0,5000.0,5000.0,1.0,3528e4377f9907c2a7c1b51806abf09e0ec2d5513da630618b0a0cb9950a37d0,paired_stratified_sample_level_percentile,fixed_from_complete_oof_before_resampling,support_sufficient_descriptive_estimate,True,pointwise_descriptive,none,200.0,Intervals condition on the observed employees and fixed fold/model-training protocol; they do not estimate model-training instability.,"Descriptive OOF subgroup audit only; gaps do not establish discrimination, fairness, or causality. Class-specific rows use their reported denominators. Intervals are pointwise; no multiplicity-adjusted or simultaneous inference.",1453,Gender | mean_predicted_probability | class 3.0
canonical_v2_20260714T221501Z_483f96f,51415c2ce68c89d9ce2b042b0a7a811fe3e98180b72460006f9d0465f6bf49b7,06c507bee525ea1daca43b61249764007d4d8baaa05c9333f23446ea723ce160,f1e358e99914563305428cece1b1595bc76a58643184407ec5b222162d650332,98ae57b622a56983192975c5bff94374ed51322f13c76af633c3c96ceb198cdd,support_aware_subgroup_diagnostics,"{""dataset_sha256"":""b8deac0a615b97076622ae540f4cfd0d3c3f1e7acb83ba3ff6560470a9ccf60a""}","{""policy"":""no_salary_hike_no_attrition_no_department""}",support_gated_descriptive_oof_subgroup_diagnostics,not_applicable_or_resolved_by_source_contract,pointwise_paired_stratified_percentile_bootstrap_5000_draws,subgroup_proxy/fairness_disparity_uncertainty.csv,f67613b45f85dc20b9d6fc5a8d1da2a2dc0c1f560762d7465817b5b7b0d74006,fairness_disparity_uncertainty,178,c1300316fe5baec24e789c06aec35dd4f283fa4843b71c7aab1edbf4818f8e91,d483d8ddb93a47a99a2eab54fe3d138d8f614798dd418bca860ea3f20c813f51,b8deac0a615b97076622ae540f4cfd0d3c3f1e7acb83ba3ff6560470a9ccf60a,ordinal_multiclass_performance,no_salary_hike_no_attrition_no_department,Gender,,protected_or_sensitive_descriptive_audit,,30,,policy_ablation_raw_uncalibrated_oof_probabilities,mean_predicted_probability,4.0,,,,30,,,support_aware_subgroup_disparity,0.0071448389253356,0.0004512454610185,0.0302795878084239,0.95,2.0,2.0,"[""Female"",""Male""]",475.0,475.0,5000.0,5000.0,1.0,3528e4377f9907c2a7c1b51806abf09e0ec2d5513da630618b0a0cb9950a37d0,paired_stratified_sample_level_percentile,fixed_from_complete_oof_before_resampling,support_sufficient_descriptive_estimate,True,pointwise_descriptive,none,200.0,Intervals condition on the observed employees and fixed fold/model-training protocol; they do not estimate model-training instability.,"Descriptive OOF subgroup audit only; gaps do not establish discrimination, fairness, or causality. Class-specific rows use their reported denominators. Intervals are pointwise; no multiplicity-adjusted or simultaneous inference.",1454,Gender | mean_predicted_probability | class 4.0
canonical_v2_20260714T221501Z_483f96f,51415c2ce68c89d9ce2b042b0a7a811fe3e98180b72460006f9d0465f6bf49b7,06c507bee525ea1daca43b61249764007d4d8baaa05c9333f23446ea723ce160,f1e358e99914563305428cece1b1595bc76a58643184407ec5b222162d650332,98ae57b622a56983192975c5bff94374ed51322f13c76af633c3c96ceb198cdd,support_aware_subgroup_diagnostics,"{""dataset_sha256"":""b8deac0a615b97076622ae540f4cfd0d3c3f1e7acb83ba3ff6560470a9ccf60a""}","{""policy"":""no_salary_hike_no_attrition_no_department""}",support_gated_descriptive_oof_subgroup_diagnostics,not_applicable_or_resolved_by_source_contract,pointwise_paired_stratified_percentile_bootstrap_5000_draws,subgroup_proxy/fairness_disparity_uncertainty.csv,f67613b45f85dc20b9d6fc5a8d1da2a2dc0c1f560762d7465817b5b7b0d74006,fairness_disparity_uncertainty,179,c1300316fe5baec24e789c06aec35dd4f283fa4843b71c7aab1edbf4818f8e91,d483d8ddb93a47a99a2eab54fe3d138d8f614798dd418bca860ea3f20c813f51,b8deac0a615b97076622ae540f4cfd0d3c3f1e7acb83ba3ff6560470a9ccf60a,ordinal_multiclass_performance,no_salary_hike_no_attrition_no_department,Gender,,protected_or_sensitive_descriptive_audit,,30,,policy_ablation_raw_uncalibrated_oof_probabilities,positive_prediction_rate,2.0,,,,30,,,support_aware_subgroup_disparity,0.0114700544464609,0.0008166005686539,0.0540064064358827,0.95,2.0,2.0,"[""Female"",""Male""]",475.0,475.0,5000.0,5000.0,1.0,3528e4377f9907c2a7c1b51806abf09e0ec2d5513da630618b0a0cb9950a37d0,paired_stratified_sample_level_percentile,fixed_from_complete_oof_before_resampling,support_sufficient_descriptive_estimate,True,pointwise_descriptive,none,200.0,Intervals condition on the observed employees and fixed fold/model-training protocol; they do not estimate model-training instability.,"Descriptive OOF subgroup audit only; gaps do not establish discrimination, fairness, or causality. Class-specific rows use their reported denominators. Intervals are pointwise; no multiplicity-adjusted or simultaneous inference.",1455,Gender | positive_prediction_rate | class 2.0
canonical_v2_20260714T221501Z_483f96f,51415c2ce68c89d9ce2b042b0a7a811fe3e98180b72460006f9d0465f6bf49b7,06c507bee525ea1daca43b61249764007d4d8baaa05c9333f23446ea723ce160,f1e358e99914563305428cece1b1595bc76a58643184407ec5b222162d650332,98ae57b622a56983192975c5bff94374ed51322f13c76af633c3c96ceb198cdd,support_aware_subgroup_diagnostics,"{""dataset_sha256"":""b8deac0a615b97076622ae540f4cfd0d3c3f1e7acb83ba3ff6560470a9ccf60a""}","{""policy"":""no_salary_hike_no_attrition_no_department""}",support_gated_descriptive_oof_subgroup_diagnostics,not_applicable_or_resolved_by_source_contract,pointwise_paired_stratified_percentile_bootstrap_5000_draws,subgroup_proxy/fairness_disparity_uncertainty.csv,f67613b45f85dc20b9d6fc5a8d1da2a2dc0c1f560762d7465817b5b7b0d74006,fairness_disparity_uncertainty,180,c1300316fe5baec24e789c06aec35dd4f283fa4843b71c7aab1edbf4818f8e91,d483d8ddb93a47a99a2eab54fe3d138d8f614798dd418bca860ea3f20c813f51,b8deac0a615b97076622ae540f4cfd0d3c3f1e7acb83ba3ff6560470a9ccf60a,ordinal_multiclass_performance,no_salary_hike_no_attrition_no_department,Gender,,protected_or_sensitive_descriptive_audit,,30,,policy_ablation_raw_uncalibrated_oof_probabilities,positive_prediction_rate,3.0,,,,30,,,support_aware_subgroup_disparity,0.0399274047186932,0.0023596210410101,0.0904023010259138,0.95,2.0,2.0,"[""Female"",""Male""]",475.0,475.0,5000.0,5000.0,1.0,3528e4377f9907c2a7c1b51806abf09e0ec2d5513da630618b0a0cb9950a37d0,paired_stratified_sample_level_percentile,fixed_from_complete_oof_before_resampling,support_sufficient_descriptive_estimate,True,pointwise_descriptive,none,200.0,Intervals condition on the observed employees and fixed fold/model-training protocol; they do not estimate model-training instability.,"Descriptive OOF subgroup audit only; gaps do not establish discrimination, fairness, or causality. Class-specific rows use their reported denominators. Intervals are pointwise; no multiplicity-adjusted or simultaneous inference.",1456,Gender | positive_prediction_rate | class 3.0
canonical_v2_20260714T221501Z_483f96f,51415c2ce68c89d9ce2b042b0a7a811fe3e98180b72460006f9d0465f6bf49b7,06c507bee525ea1daca43b61249764007d4d8baaa05c9333f23446ea723ce160,f1e358e99914563305428cece1b1595bc76a58643184407ec5b222162d650332,98ae57b622a56983192975c5bff94374ed51322f13c76af633c3c96ceb198cdd,support_aware_subgroup_diagnostics,"{""dataset_sha256"":""b8deac0a615b97076622ae540f4cfd0d3c3f1e7acb83ba3ff6560470a9ccf60a""}","{""policy"":""no_salary_hike_no_attrition_no_department""}",support_gated_descriptive_oof_subgroup_diagnostics,not_applicable_or_resolved_by_source_contract,pointwise_paired_stratified_percentile_bootstrap_5000_draws,subgroup_proxy/fairness_disparity_uncertainty.csv,f67613b45f85dc20b9d6fc5a8d1da2a2dc0c1f560762d7465817b5b7b0d74006,fairness_disparity_uncertainty,181,c1300316fe5baec24e789c06aec35dd4f283fa4843b71c7aab1edbf4818f8e91,d483d8ddb93a47a99a2eab54fe3d138d8f614798dd418bca860ea3f20c813f51,b8deac0a615b97076622ae540f4cfd0d3c3f1e7acb83ba3ff6560470a9ccf60a,ordinal_multiclass_performance,no_salary_hike_no_attrition_no_department,Gender,,protected_or_sensitive_descriptive_audit,,30,,policy_ablation_raw_uncalibrated_oof_probabilities,positive_prediction_rate,4.0,,,,30,,,support_aware_subgroup_disparity,0.0284573502722323,0.0016442760761927,0.065822802823315,0.95,2.0,2.0,"[""Female"",""Male""]",475.0,475.0,5000.0,5000.0,1.0,3528e4377f9907c2a7c1b51806abf09e0ec2d5513da630618b0a0cb9950a37d0,paired_stratified_sample_level_percentile,fixed_from_complete_oof_before_resampling,support_sufficient_descriptive_estimate,True,pointwise_descriptive,none,200.0,Intervals condition on the observed employees and fixed fold/model-training protocol; they do not estimate model-training instability.,"Descriptive OOF subgroup audit only; gaps do not establish discrimination, fairness, or causality. Class-specific rows use their reported denominators. Intervals are pointwise; no multiplicity-adjusted or simultaneous inference.",1457,Gender | positive_prediction_rate | class 4.0
canonical_v2_20260714T221501Z_483f96f,51415c2ce68c89d9ce2b042b0a7a811fe3e98180b72460006f9d0465f6bf49b7,06c507bee525ea1daca43b61249764007d4d8baaa05c9333f23446ea723ce160,f1e358e99914563305428cece1b1595bc76a58643184407ec5b222162d650332,98ae57b622a56983192975c5bff94374ed51322f13c76af633c3c96ceb198cdd,support_aware_subgroup_diagnostics,"{""dataset_sha256"":""b8deac0a615b97076622ae540f4cfd0d3c3f1e7acb83ba3ff6560470a9ccf60a""}","{""policy"":""no_salary_hike_no_attrition_no_department""}",support_gated_descriptive_oof_subgroup_diagnostics,not_applicable_or_resolved_by_source_contract,pointwise_paired_stratified_percentile_bootstrap_5000_draws,subgroup_proxy/fairness_disparity_uncertainty.csv,f67613b45f85dc20b9d6fc5a8d1da2a2dc0c1f560762d7465817b5b7b0d74006,fairness_disparity_uncertainty,182,c1300316fe5baec24e789c06aec35dd4f283fa4843b71c7aab1edbf4818f8e91,d483d8ddb93a47a99a2eab54fe3d138d8f614798dd418bca860ea3f20c813f51,b8deac0a615b97076622ae540f4cfd0d3c3f1e7acb83ba3ff6560470a9ccf60a,ordinal_multiclass_performance,no_salary_hike_no_attrition_no_department,Gender,,protected_or_sensitive_descriptive_audit,,30,,policy_ablation_raw_uncalibrated_oof_probabilities,precision,2.0,,,,10,,,support_aware_subgroup_disparity,0.0554216867469878,0.0027368581503323,0.1565005417315046,0.95,2.0,2.0,"[""Female"",""Male""]",475.0,83.0,5000.0,5000.0,1.0,3528e4377f9907c2a7c1b51806abf09e0ec2d5513da630618b0a0cb9950a37d0,paired_stratified_sample_level_percentile,fixed_from_complete_oof_before_resampling,support_sufficient_descriptive_estimate,True,pointwise_descriptive,none,200.0,Intervals condition on the observed employees and fixed fold/model-training protocol; they do not estimate model-training instability.,"Descriptive OOF subgroup audit only; gaps do not establish discrimination, fairness, or causality. Class-specific rows use their reported denominators. Intervals are pointwise; no multiplicity-adjusted or simultaneous inference.",1458,Gender | precision | class 2.0
canonical_v2_20260714T221501Z_483f96f,51415c2ce68c89d9ce2b042b0a7a811fe3e98180b72460006f9d0465f6bf49b7,06c507bee525ea1daca43b61249764007d4d8baaa05c9333f23446ea723ce160,f1e358e99914563305428cece1b1595bc76a58643184407ec5b222162d650332,98ae57b622a56983192975c5bff94374ed51322f13c76af633c3c96ceb198cdd,support_aware_subgroup_diagnostics,"{""dataset_sha256"":""b8deac0a615b97076622ae540f4cfd0d3c3f1e7acb83ba3ff6560470a9ccf60a""}","{""policy"":""no_salary_hike_no_attrition_no_department""}",support_gated_descriptive_oof_subgroup_diagnostics,not_applicable_or_resolved_by_source_contract,pointwise_paired_stratified_percentile_bootstrap_5000_draws,subgroup_proxy/fairness_disparity_uncertainty.csv,f67613b45f85dc20b9d6fc5a8d1da2a2dc0c1f560762d7465817b5b7b0d74006,fairness_disparity_uncertainty,183,c1300316fe5baec24e789c06aec35dd4f283fa4843b71c7aab1edbf4818f8e91,d483d8ddb93a47a99a2eab54fe3d138d8f614798dd418bca860ea3f20c813f51,b8deac0a615b97076622ae540f4cfd0d3c3f1e7acb83ba3ff6560470a9ccf60a,ordinal_multiclass_performance,no_salary_hike_no_attrition_no_department,Gender,,protected_or_sensitive_descriptive_audit,,30,,policy_ablation_raw_uncalibrated_oof_probabilities,precision,3.0,,,,10,,,support_aware_subgroup_disparity,0.0227490996398559,0.0012900510582086,0.0689505038622856,0.95,2.0,2.0,"[""Female"",""Male""]",475.0,340.0,5000.0,5000.0,1.0,3528e4377f9907c2a7c1b51806abf09e0ec2d5513da630618b0a0cb9950a37d0,paired_stratified_sample_level_percentile,fixed_from_complete_oof_before_resampling,support_sufficient_descriptive_estimate,True,pointwise_descriptive,none,200.0,Intervals condition on the observed employees and fixed fold/model-training protocol; they do not estimate model-training instability.,"Descriptive OOF subgroup audit only; gaps do not establish discrimination, fairness, or causality. Class-specific rows use their reported denominators. Intervals are pointwise; no multiplicity-adjusted or simultaneous inference.",1459,Gender | precision | class 3.0
canonical_v2_20260714T221501Z_483f96f,51415c2ce68c89d9ce2b042b0a7a811fe3e98180b72460006f9d0465f6bf49b7,06c507bee525ea1daca43b61249764007d4d8baaa05c9333f23446ea723ce160,f1e358e99914563305428cece1b1595bc76a58643184407ec5b222162d650332,98ae57b622a56983192975c5bff94374ed51322f13c76af633c3c96ceb198cdd,support_aware_subgroup_diagnostics,"{""dataset_sha256"":""b8deac0a615b97076622ae540f4cfd0d3c3f1e7acb83ba3ff6560470a9ccf60a""}","{""policy"":""no_salary_hike_no_attrition_no_department""}",support_gated_descriptive_oof_subgroup_diagnostics,not_applicable_or_resolved_by_source_contract,pointwise_paired_stratified_percentile_bootstrap_5000_draws,subgroup_proxy/fairness_disparity_uncertainty.csv,f67613b45f85dc20b9d6fc5a8d1da2a2dc0c1f560762d7465817b5b7b0d74006,fairness_disparity_uncertainty,184,c1300316fe5baec24e789c06aec35dd4f283fa4843b71c7aab1edbf4818f8e91,d483d8ddb93a47a99a2eab54fe3d138d8f614798dd418bca860ea3f20c813f51,b8deac0a615b97076622ae540f4cfd0d3c3f1e7acb83ba3ff6560470a9ccf60a,ordinal_multiclass_performance,no_salary_hike_no_attrition_no_department,Gender,,protected_or_sensitive_descriptive_audit,,30,,policy_ablation_raw_uncalibrated_oof_probabilities,precision,4.0,,,,10,,,support_aware_subgroup_disparity,0.033076923076923,0.0024038461538461,0.1477833686540188,0.95,2.0,2.0,"[""Female"",""Male""]",475.0,52.0,5000.0,5000.0,1.0,3528e4377f9907c2a7c1b51806abf09e0ec2d5513da630618b0a0cb9950a37d0,paired_stratified_sample_level_percentile,fixed_from_complete_oof_before_resampling,support_sufficient_descriptive_estimate,True,pointwise_descriptive,none,200.0,Intervals condition on the observed employees and fixed fold/model-training protocol; they do not estimate model-training instability.,"Descriptive OOF subgroup audit only; gaps do not establish discrimination, fairness, or causality. Class-specific rows use their reported denominators. Intervals are pointwise; no multiplicity-adjusted or simultaneous inference.",1460,Gender | precision | class 4.0
canonical_v2_20260714T221501Z_483f96f,51415c2ce68c89d9ce2b042b0a7a811fe3e98180b72460006f9d0465f6bf49b7,06c507bee525ea1daca43b61249764007d4d8baaa05c9333f23446ea723ce160,f1e358e99914563305428cece1b1595bc76a58643184407ec5b222162d650332,98ae57b622a56983192975c5bff94374ed51322f13c76af633c3c96ceb198cdd,support_aware_subgroup_diagnostics,"{""dataset_sha256"":""b8deac0a615b97076622ae540f4cfd0d3c3f1e7acb83ba3ff6560470a9ccf60a""}","{""policy"":""no_salary_hike_no_attrition_no_department""}",support_gated_descriptive_oof_subgroup_diagnostics,not_applicable_or_resolved_by_source_contract,pointwise_paired_stratified_percentile_bootstrap_5000_draws,subgroup_proxy/fairness_disparity_uncertainty.csv,f67613b45f85dc20b9d6fc5a8d1da2a2dc0c1f560762d7465817b5b7b0d74006,fairness_disparity_uncertainty,185,c1300316fe5baec24e789c06aec35dd4f283fa4843b71c7aab1edbf4818f8e91,d483d8ddb93a47a99a2eab54fe3d138d8f614798dd418bca860ea3f20c813f51,b8deac0a615b97076622ae540f4cfd0d3c3f1e7acb83ba3ff6560470a9ccf60a,ordinal_multiclass_performance,no_salary_hike_no_attrition_no_department,Gender,,protected_or_sensitive_descriptive_audit,,30,,policy_ablation_raw_uncalibrated_oof_probabilities,true_positive_rate,2.0,,,,10,,,support_aware_subgroup_disparity,0.0391036414565826,0.0023115024766098,0.1103231370444072,0.95,2.0,2.0,"[""Female"",""Male""]",475.0,75.0,5000.0,5000.0,1.0,3528e4377f9907c2a7c1b51806abf09e0ec2d5513da630618b0a0cb9950a37d0,paired_stratified_sample_level_percentile,fixed_from_complete_oof_before_resampling,support_sufficient_descriptive_estimate,True,pointwise_descriptive,none,200.0,Intervals condition on the observed employees and fixed fold/model-training protocol; they do not estimate model-training instability.,"Descriptive OOF subgroup audit only; gaps do not establish discrimination, fairness, or causality. Class-specific rows use their reported denominators. Intervals are pointwise; no multiplicity-adjusted or simultaneous inference.",1461,Gender | true_positive_rate | class 2.0
canonical_v2_20260714T221501Z_483f96f,51415c2ce68c89d9ce2b042b0a7a811fe3e98180b72460006f9d0465f6bf49b7,06c507bee525ea1daca43b61249764007d4d8baaa05c9333f23446ea723ce160,f1e358e99914563305428cece1b1595bc76a58643184407ec5b222162d650332,98ae57b622a56983192975c5bff94374ed51322f13c76af633c3c96ceb198cdd,support_aware_subgroup_diagnostics,"{""dataset_sha256"":""b8deac0a615b97076622ae540f4cfd0d3c3f1e7acb83ba3ff6560470a9ccf60a""}","{""policy"":""no_salary_hike_no_attrition_no_department""}",support_gated_descriptive_oof_subgroup_diagnostics,not_applicable_or_resolved_by_source_contract,pointwise_paired_stratified_percentile_bootstrap_5000_draws,subgroup_proxy/fairness_disparity_uncertainty.csv,f67613b45f85dc20b9d6fc5a8d1da2a2dc0c1f560762d7465817b5b7b0d74006,fairness_disparity_uncertainty,186,c1300316fe5baec24e789c06aec35dd4f283fa4843b71c7aab1edbf4818f8e91,d483d8ddb93a47a99a2eab54fe3d138d8f614798dd418bca860ea3f20c813f51,b8deac0a615b97076622ae540f4cfd0d3c3f1e7acb83ba3ff6560470a9ccf60a,ordinal_multiclass_performance,no_salary_hike_no_attrition_no_department,Gender,,protected_or_sensitive_descriptive_audit,,30,,policy_ablation_raw_uncalibrated_oof_probabilities,true_positive_rate,3.0,,,,10,,,support_aware_subgroup_disparity,0.0567007777322963,0.0080213003548891,0.108585908351414,0.95,2.0,2.0,"[""Female"",""Male""]",475.0,349.0,5000.0,5000.0,1.0,3528e4377f9907c2a7c1b51806abf09e0ec2d5513da630618b0a0cb9950a37d0,paired_stratified_sample_level_percentile,fixed_from_complete_oof_before_resampling,support_sufficient_descriptive_estimate,True,pointwise_descriptive,none,200.0,Intervals condition on the observed employees and fixed fold/model-training protocol; they do not estimate model-training instability.,"Descriptive OOF subgroup audit only; gaps do not establish discrimination, fairness, or causality. Class-specific rows use their reported denominators. Intervals are pointwise; no multiplicity-adjusted or simultaneous inference.",1462,Gender | true_positive_rate | class 3.0
canonical_v2_20260714T221501Z_483f96f,51415c2ce68c89d9ce2b042b0a7a811fe3e98180b72460006f9d0465f6bf49b7,06c507bee525ea1daca43b61249764007d4d8baaa05c9333f23446ea723ce160,f1e358e99914563305428cece1b1595bc76a58643184407ec5b222162d650332,98ae57b622a56983192975c5bff94374ed51322f13c76af633c3c96ceb198cdd,support_aware_subgroup_diagnostics,"{""dataset_sha256"":""b8deac0a615b97076622ae540f4cfd0d3c3f1e7acb83ba3ff6560470a9ccf60a""}","{""policy"":""no_salary_hike_no_attrition_no_department""}",support_gated_descriptive_oof_subgroup_diagnostics,not_applicable_or_resolved_by_source_contract,pointwise_paired_stratified_percentile_bootstrap_5000_draws,subgroup_proxy/fairness_disparity_uncertainty.csv,f67613b45f85dc20b9d6fc5a8d1da2a2dc0c1f560762d7465817b5b7b0d74006,fairness_disparity_uncertainty,187,c1300316fe5baec24e789c06aec35dd4f283fa4843b71c7aab1edbf4818f8e91,d483d8ddb93a47a99a2eab54fe3d138d8f614798dd418bca860ea3f20c813f51,b8deac0a615b97076622ae540f4cfd0d3c3f1e7acb83ba3ff6560470a9ccf60a,ordinal_multiclass_performance,no_salary_hike_no_attrition_no_department,Gender,,protected_or_sensitive_descriptive_audit,,30,,policy_ablation_raw_uncalibrated_oof_probabilities,true_positive_rate,4.0,,,,10,,,support_aware_subgroup_disparity,0.0036310820624546,0.0019666560717734,0.140155128864251,0.95,2.0,2.0,"[""Female"",""Male""]",475.0,51.0,5000.0,5000.0,1.0,3528e4377f9907c2a7c1b51806abf09e0ec2d5513da630618b0a0cb9950a37d0,paired_stratified_sample_level_percentile,fixed_from_complete_oof_before_resampling,support_sufficient_descriptive_estimate,True,pointwise_descriptive,none,200.0,Intervals condition on the observed employees and fixed fold/model-training protocol; they do not estimate model-training instability.,"Descriptive OOF subgroup audit only; gaps do not establish discrimination, fairness, or causality. Class-specific rows use their reported denominators. Intervals are pointwise; no multiplicity-adjusted or simultaneous inference.",1463,Gender | true_positive_rate | class 4.0
canonical_v2_20260714T221501Z_483f96f,51415c2ce68c89d9ce2b042b0a7a811fe3e98180b72460006f9d0465f6bf49b7,06c507bee525ea1daca43b61249764007d4d8baaa05c9333f23446ea723ce160,f1e358e99914563305428cece1b1595bc76a58643184407ec5b222162d650332,98ae57b622a56983192975c5bff94374ed51322f13c76af633c3c96ceb198cdd,support_aware_subgroup_diagnostics,"{""dataset_sha256"":""b8deac0a615b97076622ae540f4cfd0d3c3f1e7acb83ba3ff6560470a9ccf60a""}","{""policy"":""no_salary_hike_no_attrition_no_department""}",support_gated_descriptive_oof_subgroup_diagnostics,not_applicable_or_resolved_by_source_contract,pointwise_paired_stratified_percentile_bootstrap_5000_draws,subgroup_proxy/fairness_disparity_uncertainty.csv,f67613b45f85dc20b9d6fc5a8d1da2a2dc0c1f560762d7465817b5b7b0d74006,fairness_disparity_uncertainty,188,c1300316fe5baec24e789c06aec35dd4f283fa4843b71c7aab1edbf4818f8e91,d483d8ddb93a47a99a2eab54fe3d138d8f614798dd418bca860ea3f20c813f51,b8deac0a615b97076622ae540f4cfd0d3c3f1e7acb83ba3ff6560470a9ccf60a,ordinal_multiclass_performance,no_salary_hike_no_attrition_no_department,MaritalStatus,,protected_or_sensitive_descriptive_audit,,30,,policy_ablation_raw_uncalibrated_oof_probabilities,accuracy,,,,,30,,,support_aware_subgroup_disparity,0.0264692164179104,0.0085042125406074,0.095789853350328,0.95,3.0,3.0,"[""Divorced"",""Married"",""Single""]",268.0,268.0,5000.0,5000.0,1.0,3528e4377f9907c2a7c1b51806abf09e0ec2d5513da630618b0a0cb9950a37d0,paired_stratified_sample_level_percentile,fixed_from_complete_oof_before_resampling,support_sufficient_descriptive_estimate,True,pointwise_descriptive,none,200.0,Intervals condition on the observed employees and fixed fold/model-training protocol; they do not estimate model-training instability.,"Descriptive OOF subgroup audit only; gaps do not establish discrimination, fairness, or causality. Class-specific rows use their reported denominators. Intervals are pointwise; no multiplicity-adjusted or simultaneous inference.",1464,MaritalStatus | accuracy
canonical_v2_20260714T221501Z_483f96f,51415c2ce68c89d9ce2b042b0a7a811fe3e98180b72460006f9d0465f6bf49b7,06c507bee525ea1daca43b61249764007d4d8baaa05c9333f23446ea723ce160,f1e358e99914563305428cece1b1595bc76a58643184407ec5b222162d650332,98ae57b622a56983192975c5bff94374ed51322f13c76af633c3c96ceb198cdd,support_aware_subgroup_diagnostics,"{""dataset_sha256"":""b8deac0a615b97076622ae540f4cfd0d3c3f1e7acb83ba3ff6560470a9ccf60a""}","{""policy"":""no_salary_hike_no_attrition_no_department""}",support_gated_descriptive_oof_subgroup_diagnostics,not_applicable_or_resolved_by_source_contract,pointwise_paired_stratified_percentile_bootstrap_5000_draws,subgroup_proxy/fairness_disparity_uncertainty.csv,f67613b45f85dc20b9d6fc5a8d1da2a2dc0c1f560762d7465817b5b7b0d74006,fairness_disparity_uncertainty,189,c1300316fe5baec24e789c06aec35dd4f283fa4843b71c7aab1edbf4818f8e91,d483d8ddb93a47a99a2eab54fe3d138d8f614798dd418bca860ea3f20c813f51,b8deac0a615b97076622ae540f4cfd0d3c3f1e7acb83ba3ff6560470a9ccf60a,ordinal_multiclass_performance,no_salary_hike_no_attrition_no_department,MaritalStatus,,protected_or_sensitive_descriptive_audit,,30,,policy_ablation_raw_uncalibrated_oof_probabilities,false_positive_rate,2.0,,,,10,,,support_aware_subgroup_disparity,0.0317911255411255,0.0117931134909133,0.058855313602436,0.95,3.0,3.0,"[""Divorced"",""Married"",""Single""]",268.0,231.0,5000.0,5000.0,1.0,3528e4377f9907c2a7c1b51806abf09e0ec2d5513da630618b0a0cb9950a37d0,paired_stratified_sample_level_percentile,fixed_from_complete_oof_before_resampling,support_sufficient_descriptive_estimate,True,pointwise_descriptive,none,200.0,Intervals condition on the observed employees and fixed fold/model-training protocol; they do not estimate model-training instability.,"Descriptive OOF subgroup audit only; gaps do not establish discrimination, fairness, or causality. Class-specific rows use their reported denominators. Intervals are pointwise; no multiplicity-adjusted or simultaneous inference.",1465,MaritalStatus | false_positive_rate | class 2.0
canonical_v2_20260714T221501Z_483f96f,51415c2ce68c89d9ce2b042b0a7a811fe3e98180b72460006f9d0465f6bf49b7,06c507bee525ea1daca43b61249764007d4d8baaa05c9333f23446ea723ce160,f1e358e99914563305428cece1b1595bc76a58643184407ec5b222162d650332,98ae57b622a56983192975c5bff94374ed51322f13c76af633c3c96ceb198cdd,support_aware_subgroup_diagnostics,"{""dataset_sha256"":""b8deac0a615b97076622ae540f4cfd0d3c3f1e7acb83ba3ff6560470a9ccf60a""}","{""policy"":""no_salary_hike_no_attrition_no_department""}",support_gated_descriptive_oof_subgroup_diagnostics,not_applicable_or_resolved_by_source_contract,pointwise_paired_stratified_percentile_bootstrap_5000_draws,subgroup_proxy/fairness_disparity_uncertainty.csv,f67613b45f85dc20b9d6fc5a8d1da2a2dc0c1f560762d7465817b5b7b0d74006,fairness_disparity_uncertainty,190,c1300316fe5baec24e789c06aec35dd4f283fa4843b71c7aab1edbf4818f8e91,d483d8ddb93a47a99a2eab54fe3d138d8f614798dd418bca860ea3f20c813f51,b8deac0a615b97076622ae540f4cfd0d3c3f1e7acb83ba3ff6560470a9ccf60a,ordinal_multiclass_performance,no_salary_hike_no_attrition_no_department,MaritalStatus,,protected_or_sensitive_descriptive_audit,,30,,policy_ablation_raw_uncalibrated_oof_probabilities,false_positive_rate,3.0,,,,10,,,support_aware_subgroup_disparity,0.0719235364396654,0.0213729863113441,0.2171401747025242,0.95,3.0,3.0,"[""Divorced"",""Married"",""Single""]",268.0,63.0,5000.0,5000.0,1.0,3528e4377f9907c2a7c1b51806abf09e0ec2d5513da630618b0a0cb9950a37d0,paired_stratified_sample_level_percentile,fixed_from_complete_oof_before_resampling,support_sufficient_descriptive_estimate,True,pointwise_descriptive,none,200.0,Intervals condition on the observed employees and fixed fold/model-training protocol; they do not estimate model-training instability.,"Descriptive OOF subgroup audit only; gaps do not establish discrimination, fairness, or causality. Class-specific rows use their reported denominators. Intervals are pointwise; no multiplicity-adjusted or simultaneous inference.",1466,MaritalStatus | false_positive_rate | class 3.0
canonical_v2_20260714T221501Z_483f96f,51415c2ce68c89d9ce2b042b0a7a811fe3e98180b72460006f9d0465f6bf49b7,06c507bee525ea1daca43b61249764007d4d8baaa05c9333f23446ea723ce160,f1e358e99914563305428cece1b1595bc76a58643184407ec5b222162d650332,98ae57b622a56983192975c5bff94374ed51322f13c76af633c3c96ceb198cdd,support_aware_subgroup_diagnostics,"{""dataset_sha256"":""b8deac0a615b97076622ae540f4cfd0d3c3f1e7acb83ba3ff6560470a9ccf60a""}","{""policy"":""no_salary_hike_no_attrition_no_department""}",support_gated_descriptive_oof_subgroup_diagnostics,not_applicable_or_resolved_by_source_contract,pointwise_paired_stratified_percentile_bootstrap_5000_draws,subgroup_proxy/fairness_disparity_uncertainty.csv,f67613b45f85dc20b9d6fc5a8d1da2a2dc0c1f560762d7465817b5b7b0d74006,fairness_disparity_uncertainty,191,c1300316fe5baec24e789c06aec35dd4f283fa4843b71c7aab1edbf4818f8e91,d483d8ddb93a47a99a2eab54fe3d138d8f614798dd418bca860ea3f20c813f51,b8deac0a615b97076622ae540f4cfd0d3c3f1e7acb83ba3ff6560470a9ccf60a,ordinal_multiclass_performance,no_salary_hike_no_attrition_no_department,MaritalStatus,,protected_or_sensitive_descriptive_audit,,30,,policy_ablation_raw_uncalibrated_oof_probabilities,false_positive_rate,4.0,,,,10,,,support_aware_subgroup_disparity,0.0268301678037986,0.0071322945567525,0.0827326776898762,0.95,3.0,3.0,"[""Divorced"",""Married"",""Single""]",268.0,242.0,5000.0,5000.0,1.0,3528e4377f9907c2a7c1b51806abf09e0ec2d5513da630618b0a0cb9950a37d0,paired_stratified_sample_level_percentile,fixed_from_complete_oof_before_resampling,support_sufficient_descriptive_estimate,True,pointwise_descriptive,none,200.0,Intervals condition on the observed employees and fixed fold/model-training protocol; they do not estimate model-training instability.,"Descriptive OOF subgroup audit only; gaps do not establish discrimination, fairness, or causality. Class-specific rows use their reported denominators. Intervals are pointwise; no multiplicity-adjusted or simultaneous inference.",1467,MaritalStatus | false_positive_rate | class 4.0
canonical_v2_20260714T221501Z_483f96f,51415c2ce68c89d9ce2b042b0a7a811fe3e98180b72460006f9d0465f6bf49b7,06c507bee525ea1daca43b61249764007d4d8baaa05c9333f23446ea723ce160,f1e358e99914563305428cece1b1595bc76a58643184407ec5b222162d650332,98ae57b622a56983192975c5bff94374ed51322f13c76af633c3c96ceb198cdd,support_aware_subgroup_diagnostics,"{""dataset_sha256"":""b8deac0a615b97076622ae540f4cfd0d3c3f1e7acb83ba3ff6560470a9ccf60a""}","{""policy"":""no_salary_hike_no_attrition_no_department""}",support_gated_descriptive_oof_subgroup_diagnostics,not_applicable_or_resolved_by_source_contract,pointwise_paired_stratified_percentile_bootstrap_5000_draws,subgroup_proxy/fairness_disparity_uncertainty.csv,f67613b45f85dc20b9d6fc5a8d1da2a2dc0c1f560762d7465817b5b7b0d74006,fairness_disparity_uncertainty,192,c1300316fe5baec24e789c06aec35dd4f283fa4843b71c7aab1edbf4818f8e91,d483d8ddb93a47a99a2eab54fe3d138d8f614798dd418bca860ea3f20c813f51,b8deac0a615b97076622ae540f4cfd0d3c3f1e7acb83ba3ff6560470a9ccf60a,ordinal_multiclass_performance,no_salary_hike_no_attrition_no_department,MaritalStatus,,protected_or_sensitive_descriptive_audit,,30,,policy_ablation_raw_uncalibrated_oof_probabilities,macro_f1,,,,,30,,,support_aware_subgroup_disparity,0.0101459693845041,0.0069557993018138,0.0840699040478759,0.95,3.0,3.0,"[""Divorced"",""Married"",""Single""]",268.0,268.0,5000.0,5000.0,1.0,3528e4377f9907c2a7c1b51806abf09e0ec2d5513da630618b0a0cb9950a37d0,paired_stratified_sample_level_percentile,fixed_from_complete_oof_before_resampling,support_sufficient_descriptive_estimate,True,pointwise_descriptive,none,200.0,Intervals condition on the observed employees and fixed fold/model-training protocol; they do not estimate model-training instability.,"Descriptive OOF subgroup audit only; gaps do not establish discrimination, fairness, or causality. Class-specific rows use their reported denominators. Intervals are pointwise; no multiplicity-adjusted or simultaneous inference.",1468,MaritalStatus | macro_f1
canonical_v2_20260714T221501Z_483f96f,51415c2ce68c89d9ce2b042b0a7a811fe3e98180b72460006f9d0465f6bf49b7,06c507bee525ea1daca43b61249764007d4d8baaa05c9333f23446ea723ce160,f1e358e99914563305428cece1b1595bc76a58643184407ec5b222162d650332,98ae57b622a56983192975c5bff94374ed51322f13c76af633c3c96ceb198cdd,support_aware_subgroup_diagnostics,"{""dataset_sha256"":""b8deac0a615b97076622ae540f4cfd0d3c3f1e7acb83ba3ff6560470a9ccf60a""}","{""policy"":""no_salary_hike_no_attrition_no_department""}",support_gated_descriptive_oof_subgroup_diagnostics,not_applicable_or_resolved_by_source_contract,pointwise_paired_stratified_percentile_bootstrap_5000_draws,subgroup_proxy/fairness_disparity_uncertainty.csv,f67613b45f85dc20b9d6fc5a8d1da2a2dc0c1f560762d7465817b5b7b0d74006,fairness_disparity_uncertainty,193,c1300316fe5baec24e789c06aec35dd4f283fa4843b71c7aab1edbf4818f8e91,d483d8ddb93a47a99a2eab54fe3d138d8f614798dd418bca860ea3f20c813f51,b8deac0a615b97076622ae540f4cfd0d3c3f1e7acb83ba3ff6560470a9ccf60a,ordinal_multiclass_performance,no_salary_hike_no_attrition_no_department,MaritalStatus,,protected_or_sensitive_descriptive_audit,,30,,policy_ablation_raw_uncalibrated_oof_probabilities,mean_predicted_probability,2.0,,,,30,,,support_aware_subgroup_disparity,0.0655403664586159,0.0245455594780564,0.1128321018023517,0.95,3.0,3.0,"[""Divorced"",""Married"",""Single""]",268.0,268.0,5000.0,5000.0,1.0,3528e4377f9907c2a7c1b51806abf09e0ec2d5513da630618b0a0cb9950a37d0,paired_stratified_sample_level_percentile,fixed_from_complete_oof_before_resampling,support_sufficient_descriptive_estimate,True,pointwise_descriptive,none,200.0,Intervals condition on the observed employees and fixed fold/model-training protocol; they do not estimate model-training instability.,"Descriptive OOF subgroup audit only; gaps do not establish discrimination, fairness, or causality. Class-specific rows use their reported denominators. Intervals are pointwise; no multiplicity-adjusted or simultaneous inference.",1469,MaritalStatus | mean_predicted_probability | class 2.0
canonical_v2_20260714T221501Z_483f96f,51415c2ce68c89d9ce2b042b0a7a811fe3e98180b72460006f9d0465f6bf49b7,06c507bee525ea1daca43b61249764007d4d8baaa05c9333f23446ea723ce160,f1e358e99914563305428cece1b1595bc76a58643184407ec5b222162d650332,98ae57b622a56983192975c5bff94374ed51322f13c76af633c3c96ceb198cdd,support_aware_subgroup_diagnostics,"{""dataset_sha256"":""b8deac0a615b97076622ae540f4cfd0d3c3f1e7acb83ba3ff6560470a9ccf60a""}","{""policy"":""no_salary_hike_no_attrition_no_department""}",support_gated_descriptive_oof_subgroup_diagnostics,not_applicable_or_resolved_by_source_contract,pointwise_paired_stratified_percentile_bootstrap_5000_draws,subgroup_proxy/fairness_disparity_uncertainty.csv,f67613b45f85dc20b9d6fc5a8d1da2a2dc0c1f560762d7465817b5b7b0d74006,fairness_disparity_uncertainty,194,c1300316fe5baec24e789c06aec35dd4f283fa4843b71c7aab1edbf4818f8e91,d483d8ddb93a47a99a2eab54fe3d138d8f614798dd418bca860ea3f20c813f51,b8deac0a615b97076622ae540f4cfd0d3c3f1e7acb83ba3ff6560470a9ccf60a,ordinal_multiclass_performance,no_salary_hike_no_attrition_no_department,MaritalStatus,,protected_or_sensitive_descriptive_audit,,30,,policy_ablation_raw_uncalibrated_oof_probabilities,mean_predicted_probability,3.0,,,,30,,,support_aware_subgroup_disparity,0.0433750964856439,0.0137065378085656,0.0865298410424233,0.95,3.0,3.0,"[""Divorced"",""Married"",""Single""]",268.0,268.0,5000.0,5000.0,1.0,3528e4377f9907c2a7c1b51806abf09e0ec2d5513da630618b0a0cb9950a37d0,paired_stratified_sample_level_percentile,fixed_from_complete_oof_before_resampling,support_sufficient_descriptive_estimate,True,pointwise_descriptive,none,200.0,Intervals condition on the observed employees and fixed fold/model-training protocol; they do not estimate model-training instability.,"Descriptive OOF subgroup audit only; gaps do not establish discrimination, fairness, or causality. Class-specific rows use their reported denominators. Intervals are pointwise; no multiplicity-adjusted or simultaneous inference.",1470,MaritalStatus | mean_predicted_probability | class 3.0
canonical_v2_20260714T221501Z_483f96f,51415c2ce68c89d9ce2b042b0a7a811fe3e98180b72460006f9d0465f6bf49b7,06c507bee525ea1daca43b61249764007d4d8baaa05c9333f23446ea723ce160,f1e358e99914563305428cece1b1595bc76a58643184407ec5b222162d650332,98ae57b622a56983192975c5bff94374ed51322f13c76af633c3c96ceb198cdd,support_aware_subgroup_diagnostics,"{""dataset_sha256"":""b8deac0a615b97076622ae540f4cfd0d3c3f1e7acb83ba3ff6560470a9ccf60a""}","{""policy"":""no_salary_hike_no_attrition_no_department""}",support_gated_descriptive_oof_subgroup_diagnostics,not_applicable_or_resolved_by_source_contract,pointwise_paired_stratified_percentile_bootstrap_5000_draws,subgroup_proxy/fairness_disparity_uncertainty.csv,f67613b45f85dc20b9d6fc5a8d1da2a2dc0c1f560762d7465817b5b7b0d74006,fairness_disparity_uncertainty,195,c1300316fe5baec24e789c06aec35dd4f283fa4843b71c7aab1edbf4818f8e91,d483d8ddb93a47a99a2eab54fe3d138d8f614798dd418bca860ea3f20c813f51,b8deac0a615b97076622ae540f4cfd0d3c3f1e7acb83ba3ff6560470a9ccf60a,ordinal_multiclass_performance,no_salary_hike_no_attrition_no_department,MaritalStatus,,protected_or_sensitive_descriptive_audit,,30,,policy_ablation_raw_uncalibrated_oof_probabilities,mean_predicted_probability,4.0,,,,30,,,support_aware_subgroup_disparity,0.0221652699729721,0.0056265394742272,0.0526593148338419,0.95,3.0,3.0,"[""Divorced"",""Married"",""Single""]",268.0,268.0,5000.0,5000.0,1.0,3528e4377f9907c2a7c1b51806abf09e0ec2d5513da630618b0a0cb9950a37d0,paired_stratified_sample_level_percentile,fixed_from_complete_oof_before_resampling,support_sufficient_descriptive_estimate,True,pointwise_descriptive,none,200.0,Intervals condition on the observed employees and fixed fold/model-training protocol; they do not estimate model-training instability.,"Descriptive OOF subgroup audit only; gaps do not establish discrimination, fairness, or causality. Class-specific rows use their reported denominators. Intervals are pointwise; no multiplicity-adjusted or simultaneous inference.",1471,MaritalStatus | mean_predicted_probability | class 4.0
canonical_v2_20260714T221501Z_483f96f,51415c2ce68c89d9ce2b042b0a7a811fe3e98180b72460006f9d0465f6bf49b7,06c507bee525ea1daca43b61249764007d4d8baaa05c9333f23446ea723ce160,f1e358e99914563305428cece1b1595bc76a58643184407ec5b222162d650332,98ae57b622a56983192975c5bff94374ed51322f13c76af633c3c96ceb198cdd,support_aware_subgroup_diagnostics,"{""dataset_sha256"":""b8deac0a615b97076622ae540f4cfd0d3c3f1e7acb83ba3ff6560470a9ccf60a""}","{""policy"":""no_salary_hike_no_attrition_no_department""}",support_gated_descriptive_oof_subgroup_diagnostics,not_applicable_or_resolved_by_source_contract,pointwise_paired_stratified_percentile_bootstrap_5000_draws,subgroup_proxy/fairness_disparity_uncertainty.csv,f67613b45f85dc20b9d6fc5a8d1da2a2dc0c1f560762d7465817b5b7b0d74006,fairness_disparity_uncertainty,196,c1300316fe5baec24e789c06aec35dd4f283fa4843b71c7aab1edbf4818f8e91,d483d8ddb93a47a99a2eab54fe3d138d8f614798dd418bca860ea3f20c813f51,b8deac0a615b97076622ae540f4cfd0d3c3f1e7acb83ba3ff6560470a9ccf60a,ordinal_multiclass_performance,no_salary_hike_no_attrition_no_department,MaritalStatus,,protected_or_sensitive_descriptive_audit,,30,,policy_ablation_raw_uncalibrated_oof_probabilities,positive_prediction_rate,2.0,,,,30,,,support_aware_subgroup_disparity,0.0662381523041725,0.0214283423171724,0.1191427945787385,0.95,3.0,3.0,"[""Divorced"",""Married"",""Single""]",268.0,268.0,5000.0,5000.0,1.0,3528e4377f9907c2a7c1b51806abf09e0ec2d5513da630618b0a0cb9950a37d0,paired_stratified_sample_level_percentile,fixed_from_complete_oof_before_resampling,support_sufficient_descriptive_estimate,True,pointwise_descriptive,none,200.0,Intervals condition on the observed employees and fixed fold/model-training protocol; they do not estimate model-training instability.,"Descriptive OOF subgroup audit only; gaps do not establish discrimination, fairness, or causality. Class-specific rows use their reported denominators. Intervals are pointwise; no multiplicity-adjusted or simultaneous inference.",1472,MaritalStatus | positive_prediction_rate | class 2.0
canonical_v2_20260714T221501Z_483f96f,51415c2ce68c89d9ce2b042b0a7a811fe3e98180b72460006f9d0465f6bf49b7,06c507bee525ea1daca43b61249764007d4d8baaa05c9333f23446ea723ce160,f1e358e99914563305428cece1b1595bc76a58643184407ec5b222162d650332,98ae57b622a56983192975c5bff94374ed51322f13c76af633c3c96ceb198cdd,support_aware_subgroup_diagnostics,"{""dataset_sha256"":""b8deac0a615b97076622ae540f4cfd0d3c3f1e7acb83ba3ff6560470a9ccf60a""}","{""policy"":""no_salary_hike_no_attrition_no_department""}",support_gated_descriptive_oof_subgroup_diagnostics,not_applicable_or_resolved_by_source_contract,pointwise_paired_stratified_percentile_bootstrap_5000_draws,subgroup_proxy/fairness_disparity_uncertainty.csv,f67613b45f85dc20b9d6fc5a8d1da2a2dc0c1f560762d7465817b5b7b0d74006,fairness_disparity_uncertainty,197,c1300316fe5baec24e789c06aec35dd4f283fa4843b71c7aab1edbf4818f8e91,d483d8ddb93a47a99a2eab54fe3d138d8f614798dd418bca860ea3f20c813f51,b8deac0a615b97076622ae540f4cfd0d3c3f1e7acb83ba3ff6560470a9ccf60a,ordinal_multiclass_performance,no_salary_hike_no_attrition_no_department,MaritalStatus,,protected_or_sensitive_descriptive_audit,,30,,policy_ablation_raw_uncalibrated_oof_probabilities,positive_prediction_rate,3.0,,,,30,,,support_aware_subgroup_disparity,0.0431419544612703,0.0109107002907695,0.1128184508977085,0.95,3.0,3.0,"[""Divorced"",""Married"",""Single""]",268.0,268.0,5000.0,5000.0,1.0,3528e4377f9907c2a7c1b51806abf09e0ec2d5513da630618b0a0cb9950a37d0,paired_stratified_sample_level_percentile,fixed_from_complete_oof_before_resampling,support_sufficient_descriptive_estimate,True,pointwise_descriptive,none,200.0,Intervals condition on the observed employees and fixed fold/model-training protocol; they do not estimate model-training instability.,"Descriptive OOF subgroup audit only; gaps do not establish discrimination, fairness, or causality. Class-specific rows use their reported denominators. Intervals are pointwise; no multiplicity-adjusted or simultaneous inference.",1473,MaritalStatus | positive_prediction_rate | class 3.0
canonical_v2_20260714T221501Z_483f96f,51415c2ce68c89d9ce2b042b0a7a811fe3e98180b72460006f9d0465f6bf49b7,06c507bee525ea1daca43b61249764007d4d8baaa05c9333f23446ea723ce160,f1e358e99914563305428cece1b1595bc76a58643184407ec5b222162d650332,98ae57b622a56983192975c5bff94374ed51322f13c76af633c3c96ceb198cdd,support_aware_subgroup_diagnostics,"{""dataset_sha256"":""b8deac0a615b97076622ae540f4cfd0d3c3f1e7acb83ba3ff6560470a9ccf60a""}","{""policy"":""no_salary_hike_no_attrition_no_department""}",support_gated_descriptive_oof_subgroup_diagnostics,not_applicable_or_resolved_by_source_contract,pointwise_paired_stratified_percentile_bootstrap_5000_draws,subgroup_proxy/fairness_disparity_uncertainty.csv,f67613b45f85dc20b9d6fc5a8d1da2a2dc0c1f560762d7465817b5b7b0d74006,fairness_disparity_uncertainty,198,c1300316fe5baec24e789c06aec35dd4f283fa4843b71c7aab1edbf4818f8e91,d483d8ddb93a47a99a2eab54fe3d138d8f614798dd418bca860ea3f20c813f51,b8deac0a615b97076622ae540f4cfd0d3c3f1e7acb83ba3ff6560470a9ccf60a,ordinal_multiclass_performance,no_salary_hike_no_attrition_no_department,MaritalStatus,,protected_or_sensitive_descriptive_audit,,30,,policy_ablation_raw_uncalibrated_oof_probabilities,positive_prediction_rate,4.0,,,,30,,,support_aware_subgroup_disparity,0.0230961978429022,0.0065806588380546,0.0773601043976848,0.95,3.0,3.0,"[""Divorced"",""Married"",""Single""]",268.0,268.0,5000.0,5000.0,1.0,3528e4377f9907c2a7c1b51806abf09e0ec2d5513da630618b0a0cb9950a37d0,paired_stratified_sample_level_percentile,fixed_from_complete_oof_before_resampling,support_sufficient_descriptive_estimate,True,pointwise_descriptive,none,200.0,Intervals condition on the observed employees and fixed fold/model-training protocol; they do not estimate model-training instability.,"Descriptive OOF subgroup audit only; gaps do not establish discrimination, fairness, or causality. Class-specific rows use their reported denominators. Intervals are pointwise; no multiplicity-adjusted or simultaneous inference.",1474,MaritalStatus | positive_prediction_rate | class 4.0
canonical_v2_20260714T221501Z_483f96f,51415c2ce68c89d9ce2b042b0a7a811fe3e98180b72460006f9d0465f6bf49b7,06c507bee525ea1daca43b61249764007d4d8baaa05c9333f23446ea723ce160,f1e358e99914563305428cece1b1595bc76a58643184407ec5b222162d650332,98ae57b622a56983192975c5bff94374ed51322f13c76af633c3c96ceb198cdd,support_aware_subgroup_diagnostics,"{""dataset_sha256"":""b8deac0a615b97076622ae540f4cfd0d3c3f1e7acb83ba3ff6560470a9ccf60a""}","{""policy"":""no_salary_hike_no_attrition_no_department""}",support_gated_descriptive_oof_subgroup_diagnostics,not_applicable_or_resolved_by_source_contract,pointwise_paired_stratified_percentile_bootstrap_5000_draws,subgroup_proxy/fairness_disparity_uncertainty.csv,f67613b45f85dc20b9d6fc5a8d1da2a2dc0c1f560762d7465817b5b7b0d74006,fairness_disparity_uncertainty,199,c1300316fe5baec24e789c06aec35dd4f283fa4843b71c7aab1edbf4818f8e91,d483d8ddb93a47a99a2eab54fe3d138d8f614798dd418bca860ea3f20c813f51,b8deac0a615b97076622ae540f4cfd0d3c3f1e7acb83ba3ff6560470a9ccf60a,ordinal_multiclass_performance,no_salary_hike_no_attrition_no_department,MaritalStatus,,protected_or_sensitive_descriptive_audit,,30,,policy_ablation_raw_uncalibrated_oof_probabilities,precision,2.0,,,,10,,,support_aware_subgroup_disparity,0.0917065390749601,0.0221174242424243,0.228678992457956,0.95,3.0,3.0,"[""Divorced"",""Married"",""Single""]",268.0,38.0,5000.0,5000.0,1.0,3528e4377f9907c2a7c1b51806abf09e0ec2d5513da630618b0a0cb9950a37d0,paired_stratified_sample_level_percentile,fixed_from_complete_oof_before_resampling,support_sufficient_descriptive_estimate,True,pointwise_descriptive,none,200.0,Intervals condition on the observed employees and fixed fold/model-training protocol; they do not estimate model-training instability.,"Descriptive OOF subgroup audit only; gaps do not establish discrimination, fairness, or causality. Class-specific rows use their reported denominators. Intervals are pointwise; no multiplicity-adjusted or simultaneous inference.",1475,MaritalStatus | precision | class 2.0
canonical_v2_20260714T221501Z_483f96f,51415c2ce68c89d9ce2b042b0a7a811fe3e98180b72460006f9d0465f6bf49b7,06c507bee525ea1daca43b61249764007d4d8baaa05c9333f23446ea723ce160,f1e358e99914563305428cece1b1595bc76a58643184407ec5b222162d650332,98ae57b622a56983192975c5bff94374ed51322f13c76af633c3c96ceb198cdd,support_aware_subgroup_diagnostics,"{""dataset_sha256"":""b8deac0a615b97076622ae540f4cfd0d3c3f1e7acb83ba3ff6560470a9ccf60a""}","{""policy"":""no_salary_hike_no_attrition_no_department""}",support_gated_descriptive_oof_subgroup_diagnostics,not_applicable_or_resolved_by_source_contract,pointwise_paired_stratified_percentile_bootstrap_5000_draws,subgroup_proxy/fairness_disparity_uncertainty.csv,f67613b45f85dc20b9d6fc5a8d1da2a2dc0c1f560762d7465817b5b7b0d74006,fairness_disparity_uncertainty,200,c1300316fe5baec24e789c06aec35dd4f283fa4843b71c7aab1edbf4818f8e91,d483d8ddb93a47a99a2eab54fe3d138d8f614798dd418bca860ea3f20c813f51,b8deac0a615b97076622ae540f4cfd0d3c3f1e7acb83ba3ff6560470a9ccf60a,ordinal_multiclass_performance,no_salary_hike_no_attrition_no_department,MaritalStatus,,protected_or_sensitive_descriptive_audit,,30,,policy_ablation_raw_uncalibrated_oof_probabilities,precision,3.0,,,,10,,,support_aware_subgroup_disparity,0.0358798550781097,0.0087568835289644,0.0986258443153509,0.95,3.0,3.0,"[""Divorced"",""Married"",""Single""]",268.0,193.0,5000.0,5000.0,1.0,3528e4377f9907c2a7c1b51806abf09e0ec2d5513da630618b0a0cb9950a37d0,paired_stratified_sample_level_percentile,fixed_from_complete_oof_before_resampling,support_sufficient_descriptive_estimate,True,pointwise_descriptive,none,200.0,Intervals condition on the observed employees and fixed fold/model-training protocol; they do not estimate model-training instability.,"Descriptive OOF subgroup audit only; gaps do not establish discrimination, fairness, or causality. Class-specific rows use their reported denominators. Intervals are pointwise; no multiplicity-adjusted or simultaneous inference.",1476,MaritalStatus | precision | class 3.0
canonical_v2_20260714T221501Z_483f96f,51415c2ce68c89d9ce2b042b0a7a811fe3e98180b72460006f9d0465f6bf49b7,06c507bee525ea1daca43b61249764007d4d8baaa05c9333f23446ea723ce160,f1e358e99914563305428cece1b1595bc76a58643184407ec5b222162d650332,98ae57b622a56983192975c5bff94374ed51322f13c76af633c3c96ceb198cdd,support_aware_subgroup_diagnostics,"{""dataset_sha256"":""b8deac0a615b97076622ae540f4cfd0d3c3f1e7acb83ba3ff6560470a9ccf60a""}","{""policy"":""no_salary_hike_no_attrition_no_department""}",support_gated_descriptive_oof_subgroup_diagnostics,not_applicable_or_resolved_by_source_contract,pointwise_paired_stratified_percentile_bootstrap_5000_draws,subgroup_proxy/fairness_disparity_uncertainty.csv,f67613b45f85dc20b9d6fc5a8d1da2a2dc0c1f560762d7465817b5b7b0d74006,fairness_disparity_uncertainty,201,c1300316fe5baec24e789c06aec35dd4f283fa4843b71c7aab1edbf4818f8e91,d483d8ddb93a47a99a2eab54fe3d138d8f614798dd418bca860ea3f20c813f51,b8deac0a615b97076622ae540f4cfd0d3c3f1e7acb83ba3ff6560470a9ccf60a,ordinal_multiclass_performance,no_salary_hike_no_attrition_no_department,MaritalStatus,,protected_or_sensitive_descriptive_audit,,30,,policy_ablation_raw_uncalibrated_oof_probabilities,precision,4.0,,,,10,,,support_aware_subgroup_disparity,0.0841995841995842,0.0211338265460901,0.2270084011150566,0.95,3.0,3.0,"[""Divorced"",""Married"",""Single""]",268.0,37.0,5000.0,5000.0,1.0,3528e4377f9907c2a7c1b51806abf09e0ec2d5513da630618b0a0cb9950a37d0,paired_stratified_sample_level_percentile,fixed_from_complete_oof_before_resampling,support_sufficient_descriptive_estimate,True,pointwise_descriptive,none,200.0,Intervals condition on the observed employees and fixed fold/model-training protocol; they do not estimate model-training instability.,"Descriptive OOF subgroup audit only; gaps do not establish discrimination, fairness, or causality. Class-specific rows use their reported denominators. Intervals are pointwise; no multiplicity-adjusted or simultaneous inference.",1477,MaritalStatus | precision | class 4.0
canonical_v2_20260714T221501Z_483f96f,51415c2ce68c89d9ce2b042b0a7a811fe3e98180b72460006f9d0465f6bf49b7,06c507bee525ea1daca43b61249764007d4d8baaa05c9333f23446ea723ce160,f1e358e99914563305428cece1b1595bc76a58643184407ec5b222162d650332,98ae57b622a56983192975c5bff94374ed51322f13c76af633c3c96ceb198cdd,support_aware_subgroup_diagnostics,"{""dataset_sha256"":""b8deac0a615b97076622ae540f4cfd0d3c3f1e7acb83ba3ff6560470a9ccf60a""}","{""policy"":""no_salary_hike_no_attrition_no_department""}",support_gated_descriptive_oof_subgroup_diagnostics,not_applicable_or_resolved_by_source_contract,pointwise_paired_stratified_percentile_bootstrap_5000_draws,subgroup_proxy/fairness_disparity_uncertainty.csv,f67613b45f85dc20b9d6fc5a8d1da2a2dc0c1f560762d7465817b5b7b0d74006,fairness_disparity_uncertainty,202,c1300316fe5baec24e789c06aec35dd4f283fa4843b71c7aab1edbf4818f8e91,d483d8ddb93a47a99a2eab54fe3d138d8f614798dd418bca860ea3f20c813f51,b8deac0a615b97076622ae540f4cfd0d3c3f1e7acb83ba3ff6560470a9ccf60a,ordinal_multiclass_performance,no_salary_hike_no_attrition_no_department,MaritalStatus,,protected_or_sensitive_descriptive_audit,,30,,policy_ablation_raw_uncalibrated_oof_probabilities,true_positive_rate,2.0,,,,10,,,support_aware_subgroup_disparity,0.0109056424845898,0.0103189155069284,0.1351351351351351,0.95,3.0,3.0,"[""Divorced"",""Married"",""Single""]",268.0,37.0,5000.0,5000.0,1.0,3528e4377f9907c2a7c1b51806abf09e0ec2d5513da630618b0a0cb9950a37d0,paired_stratified_sample_level_percentile,fixed_from_complete_oof_before_resampling,support_sufficient_descriptive_estimate,True,pointwise_descriptive,none,200.0,Intervals condition on the observed employees and fixed fold/model-training protocol; they do not estimate model-training instability.,"Descriptive OOF subgroup audit only; gaps do not establish discrimination, fairness, or causality. Class-specific rows use their reported denominators. Intervals are pointwise; no multiplicity-adjusted or simultaneous inference.",1478,MaritalStatus | true_positive_rate | class 2.0
canonical_v2_20260714T221501Z_483f96f,51415c2ce68c89d9ce2b042b0a7a811fe3e98180b72460006f9d0465f6bf49b7,06c507bee525ea1daca43b61249764007d4d8baaa05c9333f23446ea723ce160,f1e358e99914563305428cece1b1595bc76a58643184407ec5b222162d650332,98ae57b622a56983192975c5bff94374ed51322f13c76af633c3c96ceb198cdd,support_aware_subgroup_diagnostics,"{""dataset_sha256"":""b8deac0a615b97076622ae540f4cfd0d3c3f1e7acb83ba3ff6560470a9ccf60a""}","{""policy"":""no_salary_hike_no_attrition_no_department""}",support_gated_descriptive_oof_subgroup_diagnostics,not_applicable_or_resolved_by_source_contract,pointwise_paired_stratified_percentile_bootstrap_5000_draws,subgroup_proxy/fairness_disparity_uncertainty.csv,f67613b45f85dc20b9d6fc5a8d1da2a2dc0c1f560762d7465817b5b7b0d74006,fairness_disparity_uncertainty,203,c1300316fe5baec24e789c06aec35dd4f283fa4843b71c7aab1edbf4818f8e91,d483d8ddb93a47a99a2eab54fe3d138d8f614798dd418bca860ea3f20c813f51,b8deac0a615b97076622ae540f4cfd0d3c3f1e7acb83ba3ff6560470a9ccf60a,ordinal_multiclass_performance,no_salary_hike_no_attrition_no_department,MaritalStatus,,protected_or_sensitive_descriptive_audit,,30,,policy_ablation_raw_uncalibrated_oof_probabilities,true_positive_rate,3.0,,,,10,,,support_aware_subgroup_disparity,0.0151643690349946,0.0079117828010023,0.0925084726700913,0.95,3.0,3.0,"[""Divorced"",""Married"",""Single""]",268.0,205.0,5000.0,5000.0,1.0,3528e4377f9907c2a7c1b51806abf09e0ec2d5513da630618b0a0cb9950a37d0,paired_stratified_sample_level_percentile,fixed_from_complete_oof_before_resampling,support_sufficient_descriptive_estimate,True,pointwise_descriptive,none,200.0,Intervals condition on the observed employees and fixed fold/model-training protocol; they do not estimate model-training instability.,"Descriptive OOF subgroup audit only; gaps do not establish discrimination, fairness, or causality. Class-specific rows use their reported denominators. Intervals are pointwise; no multiplicity-adjusted or simultaneous inference.",1479,MaritalStatus | true_positive_rate | class 3.0
canonical_v2_20260714T221501Z_483f96f,51415c2ce68c89d9ce2b042b0a7a811fe3e98180b72460006f9d0465f6bf49b7,06c507bee525ea1daca43b61249764007d4d8baaa05c9333f23446ea723ce160,f1e358e99914563305428cece1b1595bc76a58643184407ec5b222162d650332,98ae57b622a56983192975c5bff94374ed51322f13c76af633c3c96ceb198cdd,support_aware_subgroup_diagnostics,"{""dataset_sha256"":""b8deac0a615b97076622ae540f4cfd0d3c3f1e7acb83ba3ff6560470a9ccf60a""}","{""policy"":""no_salary_hike_no_attrition_no_department""}",support_gated_descriptive_oof_subgroup_diagnostics,not_applicable_or_resolved_by_source_contract,pointwise_paired_stratified_percentile_bootstrap_5000_draws,subgroup_proxy/fairness_disparity_uncertainty.csv,f67613b45f85dc20b9d6fc5a8d1da2a2dc0c1f560762d7465817b5b7b0d74006,fairness_disparity_uncertainty,204,c1300316fe5baec24e789c06aec35dd4f283fa4843b71c7aab1edbf4818f8e91,d483d8ddb93a47a99a2eab54fe3d138d8f614798dd418bca860ea3f20c813f51,b8deac0a615b97076622ae540f4cfd0d3c3f1e7acb83ba3ff6560470a9ccf60a,ordinal_multiclass_performance,no_salary_hike_no_attrition_no_department,MaritalStatus,,protected_or_sensitive_descriptive_audit,,30,,policy_ablation_raw_uncalibrated_oof_probabilities,true_positive_rate,4.0,,,,10,,,support_aware_subgroup_disparity,0.0422322775263951,0.019188421220891,0.2227963814836278,0.95,3.0,3.0,"[""Divorced"",""Married"",""Single""]",268.0,26.0,5000.0,5000.0,1.0,3528e4377f9907c2a7c1b51806abf09e0ec2d5513da630618b0a0cb9950a37d0,paired_stratified_sample_level_percentile,fixed_from_complete_oof_before_resampling,support_sufficient_descriptive_estimate,True,pointwise_descriptive,none,200.0,Intervals condition on the observed employees and fixed fold/model-training protocol; they do not estimate model-training instability.,"Descriptive OOF subgroup audit only; gaps do not establish discrimination, fairness, or causality. Class-specific rows use their reported denominators. Intervals are pointwise; no multiplicity-adjusted or simultaneous inference.",1480,MaritalStatus | true_positive_rate | class 4.0
canonical_v2_20260714T221501Z_483f96f,51415c2ce68c89d9ce2b042b0a7a811fe3e98180b72460006f9d0465f6bf49b7,06c507bee525ea1daca43b61249764007d4d8baaa05c9333f23446ea723ce160,f1e358e99914563305428cece1b1595bc76a58643184407ec5b222162d650332,98ae57b622a56983192975c5bff94374ed51322f13c76af633c3c96ceb198cdd,support_aware_subgroup_diagnostics,"{""dataset_sha256"":""b8deac0a615b97076622ae540f4cfd0d3c3f1e7acb83ba3ff6560470a9ccf60a""}","{""policy"":""no_salary_hike_no_attrition_no_department_no_job_role""}",support_gated_descriptive_oof_subgroup_diagnostics,not_applicable_or_resolved_by_source_contract,pointwise_paired_stratified_percentile_bootstrap_5000_draws,subgroup_proxy/fairness_disparity_uncertainty.csv,f67613b45f85dc20b9d6fc5a8d1da2a2dc0c1f560762d7465817b5b7b0d74006,fairness_disparity_uncertainty,205,c1300316fe5baec24e789c06aec35dd4f283fa4843b71c7aab1edbf4818f8e91,d483d8ddb93a47a99a2eab54fe3d138d8f614798dd418bca860ea3f20c813f51,b8deac0a615b97076622ae540f4cfd0d3c3f1e7acb83ba3ff6560470a9ccf60a,ordinal_multiclass_performance,no_salary_hike_no_attrition_no_department_no_job_role,Age,,protected_or_sensitive_descriptive_audit,,30,,policy_ablation_raw_uncalibrated_oof_probabilities,accuracy,,,,,30,,,support_aware_subgroup_disparity,0.087951876749084,0.04703174995924,0.1700715053472857,0.95,5.0,4.0,"[""18-29"",""30-39"",""40-49"",""50-59""]",137.0,137.0,5000.0,5000.0,1.0,3528e4377f9907c2a7c1b51806abf09e0ec2d5513da630618b0a0cb9950a37d0,paired_stratified_sample_level_percentile,fixed_from_complete_oof_before_resampling,support_sufficient_descriptive_estimate,True,pointwise_descriptive,none,200.0,Intervals condition on the observed employees and fixed fold/model-training protocol; they do not estimate model-training instability.,"Descriptive OOF subgroup audit only; gaps do not establish discrimination, fairness, or causality. Class-specific rows use their reported denominators. Intervals are pointwise; no multiplicity-adjusted or simultaneous inference.",1481,Age | accuracy
canonical_v2_20260714T221501Z_483f96f,51415c2ce68c89d9ce2b042b0a7a811fe3e98180b72460006f9d0465f6bf49b7,06c507bee525ea1daca43b61249764007d4d8baaa05c9333f23446ea723ce160,f1e358e99914563305428cece1b1595bc76a58643184407ec5b222162d650332,98ae57b622a56983192975c5bff94374ed51322f13c76af633c3c96ceb198cdd,support_aware_subgroup_diagnostics,"{""dataset_sha256"":""b8deac0a615b97076622ae540f4cfd0d3c3f1e7acb83ba3ff6560470a9ccf60a""}","{""policy"":""no_salary_hike_no_attrition_no_department_no_job_role""}",support_gated_descriptive_oof_subgroup_diagnostics,not_applicable_or_resolved_by_source_contract,pointwise_paired_stratified_percentile_bootstrap_5000_draws,subgroup_proxy/fairness_disparity_uncertainty.csv,f67613b45f85dc20b9d6fc5a8d1da2a2dc0c1f560762d7465817b5b7b0d74006,fairness_disparity_uncertainty,206,c1300316fe5baec24e789c06aec35dd4f283fa4843b71c7aab1edbf4818f8e91,d483d8ddb93a47a99a2eab54fe3d138d8f614798dd418bca860ea3f20c813f51,b8deac0a615b97076622ae540f4cfd0d3c3f1e7acb83ba3ff6560470a9ccf60a,ordinal_multiclass_performance,no_salary_hike_no_attrition_no_department_no_job_role,Age,,protected_or_sensitive_descriptive_audit,,30,,policy_ablation_raw_uncalibrated_oof_probabilities,false_positive_rate,2.0,,,,10,,,support_aware_subgroup_disparity,0.0358079598585927,0.0139400427514723,0.1063796072557902,0.95,5.0,4.0,"[""18-29"",""30-39"",""40-49"",""50-59""]",137.0,111.0,5000.0,5000.0,1.0,3528e4377f9907c2a7c1b51806abf09e0ec2d5513da630618b0a0cb9950a37d0,paired_stratified_sample_level_percentile,fixed_from_complete_oof_before_resampling,support_sufficient_descriptive_estimate,True,pointwise_descriptive,none,200.0,Intervals condition on the observed employees and fixed fold/model-training protocol; they do not estimate model-training instability.,"Descriptive OOF subgroup audit only; gaps do not establish discrimination, fairness, or causality. Class-specific rows use their reported denominators. Intervals are pointwise; no multiplicity-adjusted or simultaneous inference.",1482,Age | false_positive_rate | class 2.0
canonical_v2_20260714T221501Z_483f96f,51415c2ce68c89d9ce2b042b0a7a811fe3e98180b72460006f9d0465f6bf49b7,06c507bee525ea1daca43b61249764007d4d8baaa05c9333f23446ea723ce160,f1e358e99914563305428cece1b1595bc76a58643184407ec5b222162d650332,98ae57b622a56983192975c5bff94374ed51322f13c76af633c3c96ceb198cdd,support_aware_subgroup_diagnostics,"{""dataset_sha256"":""b8deac0a615b97076622ae540f4cfd0d3c3f1e7acb83ba3ff6560470a9ccf60a""}","{""policy"":""no_salary_hike_no_attrition_no_department_no_job_role""}",support_gated_descriptive_oof_subgroup_diagnostics,not_applicable_or_resolved_by_source_contract,pointwise_paired_stratified_percentile_bootstrap_5000_draws,subgroup_proxy/fairness_disparity_uncertainty.csv,f67613b45f85dc20b9d6fc5a8d1da2a2dc0c1f560762d7465817b5b7b0d74006,fairness_disparity_uncertainty,207,c1300316fe5baec24e789c06aec35dd4f283fa4843b71c7aab1edbf4818f8e91,d483d8ddb93a47a99a2eab54fe3d138d8f614798dd418bca860ea3f20c813f51,b8deac0a615b97076622ae540f4cfd0d3c3f1e7acb83ba3ff6560470a9ccf60a,ordinal_multiclass_performance,no_salary_hike_no_attrition_no_department_no_job_role,Age,,protected_or_sensitive_descriptive_audit,,30,,policy_ablation_raw_uncalibrated_oof_probabilities,false_positive_rate,3.0,,,,10,,,support_aware_subgroup_disparity,0.1239935587761674,0.0487114750842381,0.2972054804372842,0.95,5.0,4.0,"[""18-29"",""30-39"",""40-49"",""50-59""]",137.0,40.0,5000.0,5000.0,1.0,3528e4377f9907c2a7c1b51806abf09e0ec2d5513da630618b0a0cb9950a37d0,paired_stratified_sample_level_percentile,fixed_from_complete_oof_before_resampling,support_sufficient_descriptive_estimate,True,pointwise_descriptive,none,200.0,Intervals condition on the observed employees and fixed fold/model-training protocol; they do not estimate model-training instability.,"Descriptive OOF subgroup audit only; gaps do not establish discrimination, fairness, or causality. Class-specific rows use their reported denominators. Intervals are pointwise; no multiplicity-adjusted or simultaneous inference.",1483,Age | false_positive_rate | class 3.0
canonical_v2_20260714T221501Z_483f96f,51415c2ce68c89d9ce2b042b0a7a811fe3e98180b72460006f9d0465f6bf49b7,06c507bee525ea1daca43b61249764007d4d8baaa05c9333f23446ea723ce160,f1e358e99914563305428cece1b1595bc76a58643184407ec5b222162d650332,98ae57b622a56983192975c5bff94374ed51322f13c76af633c3c96ceb198cdd,support_aware_subgroup_diagnostics,"{""dataset_sha256"":""b8deac0a615b97076622ae540f4cfd0d3c3f1e7acb83ba3ff6560470a9ccf60a""}","{""policy"":""no_salary_hike_no_attrition_no_department_no_job_role""}",support_gated_descriptive_oof_subgroup_diagnostics,not_applicable_or_resolved_by_source_contract,pointwise_paired_stratified_percentile_bootstrap_5000_draws,subgroup_proxy/fairness_disparity_uncertainty.csv,f67613b45f85dc20b9d6fc5a8d1da2a2dc0c1f560762d7465817b5b7b0d74006,fairness_disparity_uncertainty,208,c1300316fe5baec24e789c06aec35dd4f283fa4843b71c7aab1edbf4818f8e91,d483d8ddb93a47a99a2eab54fe3d138d8f614798dd418bca860ea3f20c813f51,b8deac0a615b97076622ae540f4cfd0d3c3f1e7acb83ba3ff6560470a9ccf60a,ordinal_multiclass_performance,no_salary_hike_no_attrition_no_department_no_job_role,Age,,protected_or_sensitive_descriptive_audit,,30,,policy_ablation_raw_uncalibrated_oof_probabilities,false_positive_rate,4.0,,,,10,,,support_aware_subgroup_disparity,0.1245528455284552,0.0731878991861319,0.1741323223597913,0.95,5.0,4.0,"[""18-29"",""30-39"",""40-49"",""50-59""]",137.0,123.0,5000.0,5000.0,1.0,3528e4377f9907c2a7c1b51806abf09e0ec2d5513da630618b0a0cb9950a37d0,paired_stratified_sample_level_percentile,fixed_from_complete_oof_before_resampling,support_sufficient_descriptive_estimate,True,pointwise_descriptive,none,200.0,Intervals condition on the observed employees and fixed fold/model-training protocol; they do not estimate model-training instability.,"Descriptive OOF subgroup audit only; gaps do not establish discrimination, fairness, or causality. Class-specific rows use their reported denominators. Intervals are pointwise; no multiplicity-adjusted or simultaneous inference.",1484,Age | false_positive_rate | class 4.0
canonical_v2_20260714T221501Z_483f96f,51415c2ce68c89d9ce2b042b0a7a811fe3e98180b72460006f9d0465f6bf49b7,06c507bee525ea1daca43b61249764007d4d8baaa05c9333f23446ea723ce160,f1e358e99914563305428cece1b1595bc76a58643184407ec5b222162d650332,98ae57b622a56983192975c5bff94374ed51322f13c76af633c3c96ceb198cdd,support_aware_subgroup_diagnostics,"{""dataset_sha256"":""b8deac0a615b97076622ae540f4cfd0d3c3f1e7acb83ba3ff6560470a9ccf60a""}","{""policy"":""no_salary_hike_no_attrition_no_department_no_job_role""}",support_gated_descriptive_oof_subgroup_diagnostics,not_applicable_or_resolved_by_source_contract,pointwise_paired_stratified_percentile_bootstrap_5000_draws,subgroup_proxy/fairness_disparity_uncertainty.csv,f67613b45f85dc20b9d6fc5a8d1da2a2dc0c1f560762d7465817b5b7b0d74006,fairness_disparity_uncertainty,209,c1300316fe5baec24e789c06aec35dd4f283fa4843b71c7aab1edbf4818f8e91,d483d8ddb93a47a99a2eab54fe3d138d8f614798dd418bca860ea3f20c813f51,b8deac0a615b97076622ae540f4cfd0d3c3f1e7acb83ba3ff6560470a9ccf60a,ordinal_multiclass_performance,no_salary_hike_no_attrition_no_department_no_job_role,Age,,protected_or_sensitive_descriptive_audit,,30,,policy_ablation_raw_uncalibrated_oof_probabilities,macro_f1,,,,,30,,,support_aware_subgroup_disparity,0.0609158034617268,0.0302812728273746,0.1598484673696248,0.95,5.0,4.0,"[""18-29"",""30-39"",""40-49"",""50-59""]",137.0,137.0,5000.0,5000.0,1.0,3528e4377f9907c2a7c1b51806abf09e0ec2d5513da630618b0a0cb9950a37d0,paired_stratified_sample_level_percentile,fixed_from_complete_oof_before_resampling,support_sufficient_descriptive_estimate,True,pointwise_descriptive,none,200.0,Intervals condition on the observed employees and fixed fold/model-training protocol; they do not estimate model-training instability.,"Descriptive OOF subgroup audit only; gaps do not establish discrimination, fairness, or causality. Class-specific rows use their reported denominators. Intervals are pointwise; no multiplicity-adjusted or simultaneous inference.",1485,Age | macro_f1
canonical_v2_20260714T221501Z_483f96f,51415c2ce68c89d9ce2b042b0a7a811fe3e98180b72460006f9d0465f6bf49b7,06c507bee525ea1daca43b61249764007d4d8baaa05c9333f23446ea723ce160,f1e358e99914563305428cece1b1595bc76a58643184407ec5b222162d650332,98ae57b622a56983192975c5bff94374ed51322f13c76af633c3c96ceb198cdd,support_aware_subgroup_diagnostics,"{""dataset_sha256"":""b8deac0a615b97076622ae540f4cfd0d3c3f1e7acb83ba3ff6560470a9ccf60a""}","{""policy"":""no_salary_hike_no_attrition_no_department_no_job_role""}",support_gated_descriptive_oof_subgroup_diagnostics,not_applicable_or_resolved_by_source_contract,pointwise_paired_stratified_percentile_bootstrap_5000_draws,subgroup_proxy/fairness_disparity_uncertainty.csv,f67613b45f85dc20b9d6fc5a8d1da2a2dc0c1f560762d7465817b5b7b0d74006,fairness_disparity_uncertainty,210,c1300316fe5baec24e789c06aec35dd4f283fa4843b71c7aab1edbf4818f8e91,d483d8ddb93a47a99a2eab54fe3d138d8f614798dd418bca860ea3f20c813f51,b8deac0a615b97076622ae540f4cfd0d3c3f1e7acb83ba3ff6560470a9ccf60a,ordinal_multiclass_performance,no_salary_hike_no_attrition_no_department_no_job_role,Age,,protected_or_sensitive_descriptive_audit,,30,,policy_ablation_raw_uncalibrated_oof_probabilities,mean_predicted_probability,2.0,,,,30,,,support_aware_subgroup_disparity,0.0487911855382722,0.0185061002817113,0.1239739712489746,0.95,5.0,4.0,"[""18-29"",""30-39"",""40-49"",""50-59""]",137.0,137.0,5000.0,5000.0,1.0,3528e4377f9907c2a7c1b51806abf09e0ec2d5513da630618b0a0cb9950a37d0,paired_stratified_sample_level_percentile,fixed_from_complete_oof_before_resampling,support_sufficient_descriptive_estimate,True,pointwise_descriptive,none,200.0,Intervals condition on the observed employees and fixed fold/model-training protocol; they do not estimate model-training instability.,"Descriptive OOF subgroup audit only; gaps do not establish discrimination, fairness, or causality. Class-specific rows use their reported denominators. Intervals are pointwise; no multiplicity-adjusted or simultaneous inference.",1486,Age | mean_predicted_probability | class 2.0
canonical_v2_20260714T221501Z_483f96f,51415c2ce68c89d9ce2b042b0a7a811fe3e98180b72460006f9d0465f6bf49b7,06c507bee525ea1daca43b61249764007d4d8baaa05c9333f23446ea723ce160,f1e358e99914563305428cece1b1595bc76a58643184407ec5b222162d650332,98ae57b622a56983192975c5bff94374ed51322f13c76af633c3c96ceb198cdd,support_aware_subgroup_diagnostics,"{""dataset_sha256"":""b8deac0a615b97076622ae540f4cfd0d3c3f1e7acb83ba3ff6560470a9ccf60a""}","{""policy"":""no_salary_hike_no_attrition_no_department_no_job_role""}",support_gated_descriptive_oof_subgroup_diagnostics,not_applicable_or_resolved_by_source_contract,pointwise_paired_stratified_percentile_bootstrap_5000_draws,subgroup_proxy/fairness_disparity_uncertainty.csv,f67613b45f85dc20b9d6fc5a8d1da2a2dc0c1f560762d7465817b5b7b0d74006,fairness_disparity_uncertainty,211,c1300316fe5baec24e789c06aec35dd4f283fa4843b71c7aab1edbf4818f8e91,d483d8ddb93a47a99a2eab54fe3d138d8f614798dd418bca860ea3f20c813f51,b8deac0a615b97076622ae540f4cfd0d3c3f1e7acb83ba3ff6560470a9ccf60a,ordinal_multiclass_performance,no_salary_hike_no_attrition_no_department_no_job_role,Age,,protected_or_sensitive_descriptive_audit,,30,,policy_ablation_raw_uncalibrated_oof_probabilities,mean_predicted_probability,3.0,,,,30,,,support_aware_subgroup_disparity,0.0381681848308939,0.0184105107718406,0.1009418264227649,0.95,5.0,4.0,"[""18-29"",""30-39"",""40-49"",""50-59""]",137.0,137.0,5000.0,5000.0,1.0,3528e4377f9907c2a7c1b51806abf09e0ec2d5513da630618b0a0cb9950a37d0,paired_stratified_sample_level_percentile,fixed_from_complete_oof_before_resampling,support_sufficient_descriptive_estimate,True,pointwise_descriptive,none,200.0,Intervals condition on the observed employees and fixed fold/model-training protocol; they do not estimate model-training instability.,"Descriptive OOF subgroup audit only; gaps do not establish discrimination, fairness, or causality. Class-specific rows use their reported denominators. Intervals are pointwise; no multiplicity-adjusted or simultaneous inference.",1487,Age | mean_predicted_probability | class 3.0
canonical_v2_20260714T221501Z_483f96f,51415c2ce68c89d9ce2b042b0a7a811fe3e98180b72460006f9d0465f6bf49b7,06c507bee525ea1daca43b61249764007d4d8baaa05c9333f23446ea723ce160,f1e358e99914563305428cece1b1595bc76a58643184407ec5b222162d650332,98ae57b622a56983192975c5bff94374ed51322f13c76af633c3c96ceb198cdd,support_aware_subgroup_diagnostics,"{""dataset_sha256"":""b8deac0a615b97076622ae540f4cfd0d3c3f1e7acb83ba3ff6560470a9ccf60a""}","{""policy"":""no_salary_hike_no_attrition_no_department_no_job_role""}",support_gated_descriptive_oof_subgroup_diagnostics,not_applicable_or_resolved_by_source_contract,pointwise_paired_stratified_percentile_bootstrap_5000_draws,subgroup_proxy/fairness_disparity_uncertainty.csv,f67613b45f85dc20b9d6fc5a8d1da2a2dc0c1f560762d7465817b5b7b0d74006,fairness_disparity_uncertainty,212,c1300316fe5baec24e789c06aec35dd4f283fa4843b71c7aab1edbf4818f8e91,d483d8ddb93a47a99a2eab54fe3d138d8f614798dd418bca860ea3f20c813f51,b8deac0a615b97076622ae540f4cfd0d3c3f1e7acb83ba3ff6560470a9ccf60a,ordinal_multiclass_performance,no_salary_hike_no_attrition_no_department_no_job_role,Age,,protected_or_sensitive_descriptive_audit,,30,,policy_ablation_raw_uncalibrated_oof_probabilities,mean_predicted_probability,4.0,,,,30,,,support_aware_subgroup_disparity,0.0709995023108394,0.0393692022645827,0.1055544798240201,0.95,5.0,4.0,"[""18-29"",""30-39"",""40-49"",""50-59""]",137.0,137.0,5000.0,5000.0,1.0,3528e4377f9907c2a7c1b51806abf09e0ec2d5513da630618b0a0cb9950a37d0,paired_stratified_sample_level_percentile,fixed_from_complete_oof_before_resampling,support_sufficient_descriptive_estimate,True,pointwise_descriptive,none,200.0,Intervals condition on the observed employees and fixed fold/model-training protocol; they do not estimate model-training instability.,"Descriptive OOF subgroup audit only; gaps do not establish discrimination, fairness, or causality. Class-specific rows use their reported denominators. Intervals are pointwise; no multiplicity-adjusted or simultaneous inference.",1488,Age | mean_predicted_probability | class 4.0
canonical_v2_20260714T221501Z_483f96f,51415c2ce68c89d9ce2b042b0a7a811fe3e98180b72460006f9d0465f6bf49b7,06c507bee525ea1daca43b61249764007d4d8baaa05c9333f23446ea723ce160,f1e358e99914563305428cece1b1595bc76a58643184407ec5b222162d650332,98ae57b622a56983192975c5bff94374ed51322f13c76af633c3c96ceb198cdd,support_aware_subgroup_diagnostics,"{""dataset_sha256"":""b8deac0a615b97076622ae540f4cfd0d3c3f1e7acb83ba3ff6560470a9ccf60a""}","{""policy"":""no_salary_hike_no_attrition_no_department_no_job_role""}",support_gated_descriptive_oof_subgroup_diagnostics,not_applicable_or_resolved_by_source_contract,pointwise_paired_stratified_percentile_bootstrap_5000_draws,subgroup_proxy/fairness_disparity_uncertainty.csv,f67613b45f85dc20b9d6fc5a8d1da2a2dc0c1f560762d7465817b5b7b0d74006,fairness_disparity_uncertainty,213,c1300316fe5baec24e789c06aec35dd4f283fa4843b71c7aab1edbf4818f8e91,d483d8ddb93a47a99a2eab54fe3d138d8f614798dd418bca860ea3f20c813f51,b8deac0a615b97076622ae540f4cfd0d3c3f1e7acb83ba3ff6560470a9ccf60a,ordinal_multiclass_performance,no_salary_hike_no_attrition_no_department_no_job_role,Age,,protected_or_sensitive_descriptive_audit,,30,,policy_ablation_raw_uncalibrated_oof_probabilities,positive_prediction_rate,2.0,,,,30,,,support_aware_subgroup_disparity,0.0644632165996883,0.0222465668479075,0.1524418046463698,0.95,5.0,4.0,"[""18-29"",""30-39"",""40-49"",""50-59""]",137.0,137.0,5000.0,5000.0,1.0,3528e4377f9907c2a7c1b51806abf09e0ec2d5513da630618b0a0cb9950a37d0,paired_stratified_sample_level_percentile,fixed_from_complete_oof_before_resampling,support_sufficient_descriptive_estimate,True,pointwise_descriptive,none,200.0,Intervals condition on the observed employees and fixed fold/model-training protocol; they do not estimate model-training instability.,"Descriptive OOF subgroup audit only; gaps do not establish discrimination, fairness, or causality. Class-specific rows use their reported denominators. Intervals are pointwise; no multiplicity-adjusted or simultaneous inference.",1489,Age | positive_prediction_rate | class 2.0
canonical_v2_20260714T221501Z_483f96f,51415c2ce68c89d9ce2b042b0a7a811fe3e98180b72460006f9d0465f6bf49b7,06c507bee525ea1daca43b61249764007d4d8baaa05c9333f23446ea723ce160,f1e358e99914563305428cece1b1595bc76a58643184407ec5b222162d650332,98ae57b622a56983192975c5bff94374ed51322f13c76af633c3c96ceb198cdd,support_aware_subgroup_diagnostics,"{""dataset_sha256"":""b8deac0a615b97076622ae540f4cfd0d3c3f1e7acb83ba3ff6560470a9ccf60a""}","{""policy"":""no_salary_hike_no_attrition_no_department_no_job_role""}",support_gated_descriptive_oof_subgroup_diagnostics,not_applicable_or_resolved_by_source_contract,pointwise_paired_stratified_percentile_bootstrap_5000_draws,subgroup_proxy/fairness_disparity_uncertainty.csv,f67613b45f85dc20b9d6fc5a8d1da2a2dc0c1f560762d7465817b5b7b0d74006,fairness_disparity_uncertainty,214,c1300316fe5baec24e789c06aec35dd4f283fa4843b71c7aab1edbf4818f8e91,d483d8ddb93a47a99a2eab54fe3d138d8f614798dd418bca860ea3f20c813f51,b8deac0a615b97076622ae540f4cfd0d3c3f1e7acb83ba3ff6560470a9ccf60a,ordinal_multiclass_performance,no_salary_hike_no_attrition_no_department_no_job_role,Age,,protected_or_sensitive_descriptive_audit,,30,,policy_ablation_raw_uncalibrated_oof_probabilities,positive_prediction_rate,3.0,,,,30,,,support_aware_subgroup_disparity,0.0827587201754133,0.0454092786187522,0.1728848945137569,0.95,5.0,4.0,"[""18-29"",""30-39"",""40-49"",""50-59""]",137.0,137.0,5000.0,5000.0,1.0,3528e4377f9907c2a7c1b51806abf09e0ec2d5513da630618b0a0cb9950a37d0,paired_stratified_sample_level_percentile,fixed_from_complete_oof_before_resampling,support_sufficient_descriptive_estimate,True,pointwise_descriptive,none,200.0,Intervals condition on the observed employees and fixed fold/model-training protocol; they do not estimate model-training instability.,"Descriptive OOF subgroup audit only; gaps do not establish discrimination, fairness, or causality. Class-specific rows use their reported denominators. Intervals are pointwise; no multiplicity-adjusted or simultaneous inference.",1490,Age | positive_prediction_rate | class 3.0
canonical_v2_20260714T221501Z_483f96f,51415c2ce68c89d9ce2b042b0a7a811fe3e98180b72460006f9d0465f6bf49b7,06c507bee525ea1daca43b61249764007d4d8baaa05c9333f23446ea723ce160,f1e358e99914563305428cece1b1595bc76a58643184407ec5b222162d650332,98ae57b622a56983192975c5bff94374ed51322f13c76af633c3c96ceb198cdd,support_aware_subgroup_diagnostics,"{""dataset_sha256"":""b8deac0a615b97076622ae540f4cfd0d3c3f1e7acb83ba3ff6560470a9ccf60a""}","{""policy"":""no_salary_hike_no_attrition_no_department_no_job_role""}",support_gated_descriptive_oof_subgroup_diagnostics,not_applicable_or_resolved_by_source_contract,pointwise_paired_stratified_percentile_bootstrap_5000_draws,subgroup_proxy/fairness_disparity_uncertainty.csv,f67613b45f85dc20b9d6fc5a8d1da2a2dc0c1f560762d7465817b5b7b0d74006,fairness_disparity_uncertainty,215,c1300316fe5baec24e789c06aec35dd4f283fa4843b71c7aab1edbf4818f8e91,d483d8ddb93a47a99a2eab54fe3d138d8f614798dd418bca860ea3f20c813f51,b8deac0a615b97076622ae540f4cfd0d3c3f1e7acb83ba3ff6560470a9ccf60a,ordinal_multiclass_performance,no_salary_hike_no_attrition_no_department_no_job_role,Age,,protected_or_sensitive_descriptive_audit,,30,,policy_ablation_raw_uncalibrated_oof_probabilities,positive_prediction_rate,4.0,,,,30,,,support_aware_subgroup_disparity,0.1247944375522922,0.0756506535684291,0.1722867326060123,0.95,5.0,4.0,"[""18-29"",""30-39"",""40-49"",""50-59""]",137.0,137.0,5000.0,5000.0,1.0,3528e4377f9907c2a7c1b51806abf09e0ec2d5513da630618b0a0cb9950a37d0,paired_stratified_sample_level_percentile,fixed_from_complete_oof_before_resampling,support_sufficient_descriptive_estimate,True,pointwise_descriptive,none,200.0,Intervals condition on the observed employees and fixed fold/model-training protocol; they do not estimate model-training instability.,"Descriptive OOF subgroup audit only; gaps do not establish discrimination, fairness, or causality. Class-specific rows use their reported denominators. Intervals are pointwise; no multiplicity-adjusted or simultaneous inference.",1491,Age | positive_prediction_rate | class 4.0
canonical_v2_20260714T221501Z_483f96f,51415c2ce68c89d9ce2b042b0a7a811fe3e98180b72460006f9d0465f6bf49b7,06c507bee525ea1daca43b61249764007d4d8baaa05c9333f23446ea723ce160,f1e358e99914563305428cece1b1595bc76a58643184407ec5b222162d650332,98ae57b622a56983192975c5bff94374ed51322f13c76af633c3c96ceb198cdd,support_aware_subgroup_diagnostics,"{""dataset_sha256"":""b8deac0a615b97076622ae540f4cfd0d3c3f1e7acb83ba3ff6560470a9ccf60a""}","{""policy"":""no_salary_hike_no_attrition_no_department_no_job_role""}",support_gated_descriptive_oof_subgroup_diagnostics,not_applicable_or_resolved_by_source_contract,pointwise_paired_stratified_percentile_bootstrap_5000_draws,subgroup_proxy/fairness_disparity_uncertainty.csv,f67613b45f85dc20b9d6fc5a8d1da2a2dc0c1f560762d7465817b5b7b0d74006,fairness_disparity_uncertainty,216,c1300316fe5baec24e789c06aec35dd4f283fa4843b71c7aab1edbf4818f8e91,d483d8ddb93a47a99a2eab54fe3d138d8f614798dd418bca860ea3f20c813f51,b8deac0a615b97076622ae540f4cfd0d3c3f1e7acb83ba3ff6560470a9ccf60a,ordinal_multiclass_performance,no_salary_hike_no_attrition_no_department_no_job_role,Age,,protected_or_sensitive_descriptive_audit,,30,,policy_ablation_raw_uncalibrated_oof_probabilities,precision,2.0,,,,10,,,support_aware_subgroup_disparity,0.0799107142857142,0.047076305884381,0.2880519551544982,0.95,5.0,4.0,"[""18-29"",""30-39"",""40-49"",""50-59""]",137.0,35.0,5000.0,5000.0,1.0,3528e4377f9907c2a7c1b51806abf09e0ec2d5513da630618b0a0cb9950a37d0,paired_stratified_sample_level_percentile,fixed_from_complete_oof_before_resampling,support_sufficient_descriptive_estimate,True,pointwise_descriptive,none,200.0,Intervals condition on the observed employees and fixed fold/model-training protocol; they do not estimate model-training instability.,"Descriptive OOF subgroup audit only; gaps do not establish discrimination, fairness, or causality. Class-specific rows use their reported denominators. Intervals are pointwise; no multiplicity-adjusted or simultaneous inference.",1492,Age | precision | class 2.0
canonical_v2_20260714T221501Z_483f96f,51415c2ce68c89d9ce2b042b0a7a811fe3e98180b72460006f9d0465f6bf49b7,06c507bee525ea1daca43b61249764007d4d8baaa05c9333f23446ea723ce160,f1e358e99914563305428cece1b1595bc76a58643184407ec5b222162d650332,98ae57b622a56983192975c5bff94374ed51322f13c76af633c3c96ceb198cdd,support_aware_subgroup_diagnostics,"{""dataset_sha256"":""b8deac0a615b97076622ae540f4cfd0d3c3f1e7acb83ba3ff6560470a9ccf60a""}","{""policy"":""no_salary_hike_no_attrition_no_department_no_job_role""}",support_gated_descriptive_oof_subgroup_diagnostics,not_applicable_or_resolved_by_source_contract,pointwise_paired_stratified_percentile_bootstrap_5000_draws,subgroup_proxy/fairness_disparity_uncertainty.csv,f67613b45f85dc20b9d6fc5a8d1da2a2dc0c1f560762d7465817b5b7b0d74006,fairness_disparity_uncertainty,217,c1300316fe5baec24e789c06aec35dd4f283fa4843b71c7aab1edbf4818f8e91,d483d8ddb93a47a99a2eab54fe3d138d8f614798dd418bca860ea3f20c813f51,b8deac0a615b97076622ae540f4cfd0d3c3f1e7acb83ba3ff6560470a9ccf60a,ordinal_multiclass_performance,no_salary_hike_no_attrition_no_department_no_job_role,Age,,protected_or_sensitive_descriptive_audit,,30,,policy_ablation_raw_uncalibrated_oof_probabilities,precision,3.0,,,,10,,,support_aware_subgroup_disparity,0.0290971822886716,0.0190137924106303,0.1209933864926721,0.95,5.0,4.0,"[""18-29"",""30-39"",""40-49"",""50-59""]",137.0,95.0,5000.0,5000.0,1.0,3528e4377f9907c2a7c1b51806abf09e0ec2d5513da630618b0a0cb9950a37d0,paired_stratified_sample_level_percentile,fixed_from_complete_oof_before_resampling,support_sufficient_descriptive_estimate,True,pointwise_descriptive,none,200.0,Intervals condition on the observed employees and fixed fold/model-training protocol; they do not estimate model-training instability.,"Descriptive OOF subgroup audit only; gaps do not establish discrimination, fairness, or causality. Class-specific rows use their reported denominators. Intervals are pointwise; no multiplicity-adjusted or simultaneous inference.",1493,Age | precision | class 3.0
canonical_v2_20260714T221501Z_483f96f,51415c2ce68c89d9ce2b042b0a7a811fe3e98180b72460006f9d0465f6bf49b7,06c507bee525ea1daca43b61249764007d4d8baaa05c9333f23446ea723ce160,f1e358e99914563305428cece1b1595bc76a58643184407ec5b222162d650332,98ae57b622a56983192975c5bff94374ed51322f13c76af633c3c96ceb198cdd,support_aware_subgroup_diagnostics,"{""dataset_sha256"":""b8deac0a615b97076622ae540f4cfd0d3c3f1e7acb83ba3ff6560470a9ccf60a""}","{""policy"":""no_salary_hike_no_attrition_no_department_no_job_role""}",support_gated_descriptive_oof_subgroup_diagnostics,not_applicable_or_resolved_by_source_contract,pointwise_paired_stratified_percentile_bootstrap_5000_draws,subgroup_proxy/fairness_disparity_uncertainty.csv,f67613b45f85dc20b9d6fc5a8d1da2a2dc0c1f560762d7465817b5b7b0d74006,fairness_disparity_uncertainty,218,c1300316fe5baec24e789c06aec35dd4f283fa4843b71c7aab1edbf4818f8e91,d483d8ddb93a47a99a2eab54fe3d138d8f614798dd418bca860ea3f20c813f51,b8deac0a615b97076622ae540f4cfd0d3c3f1e7acb83ba3ff6560470a9ccf60a,ordinal_multiclass_performance,no_salary_hike_no_attrition_no_department_no_job_role,Age,,protected_or_sensitive_descriptive_audit,,30,,policy_ablation_raw_uncalibrated_oof_probabilities,precision,4.0,,,,10,,,support_aware_subgroup_disparity,0.0764044943820224,0.0211076779026217,0.2592605363984674,0.95,5.0,3.0,"[""18-29"",""30-39"",""40-49""]",267.0,31.0,5000.0,5000.0,1.0,3528e4377f9907c2a7c1b51806abf09e0ec2d5513da630618b0a0cb9950a37d0,paired_stratified_sample_level_percentile,fixed_from_complete_oof_before_resampling,support_sufficient_descriptive_estimate,True,pointwise_descriptive,none,200.0,Intervals condition on the observed employees and fixed fold/model-training protocol; they do not estimate model-training instability.,"Descriptive OOF subgroup audit only; gaps do not establish discrimination, fairness, or causality. Class-specific rows use their reported denominators. Intervals are pointwise; no multiplicity-adjusted or simultaneous inference.",1494,Age | precision | class 4.0
canonical_v2_20260714T221501Z_483f96f,51415c2ce68c89d9ce2b042b0a7a811fe3e98180b72460006f9d0465f6bf49b7,06c507bee525ea1daca43b61249764007d4d8baaa05c9333f23446ea723ce160,f1e358e99914563305428cece1b1595bc76a58643184407ec5b222162d650332,98ae57b622a56983192975c5bff94374ed51322f13c76af633c3c96ceb198cdd,support_aware_subgroup_diagnostics,"{""dataset_sha256"":""b8deac0a615b97076622ae540f4cfd0d3c3f1e7acb83ba3ff6560470a9ccf60a""}","{""policy"":""no_salary_hike_no_attrition_no_department_no_job_role""}",support_gated_descriptive_oof_subgroup_diagnostics,not_applicable_or_resolved_by_source_contract,pointwise_paired_stratified_percentile_bootstrap_5000_draws,subgroup_proxy/fairness_disparity_uncertainty.csv,f67613b45f85dc20b9d6fc5a8d1da2a2dc0c1f560762d7465817b5b7b0d74006,fairness_disparity_uncertainty,219,c1300316fe5baec24e789c06aec35dd4f283fa4843b71c7aab1edbf4818f8e91,d483d8ddb93a47a99a2eab54fe3d138d8f614798dd418bca860ea3f20c813f51,b8deac0a615b97076622ae540f4cfd0d3c3f1e7acb83ba3ff6560470a9ccf60a,ordinal_multiclass_performance,no_salary_hike_no_attrition_no_department_no_job_role,Age,,protected_or_sensitive_descriptive_audit,,30,,policy_ablation_raw_uncalibrated_oof_probabilities,true_positive_rate,2.0,,,,10,,,support_aware_subgroup_disparity,0.0825641025641025,0.0347211597307221,0.2083333333333333,0.95,5.0,4.0,"[""18-29"",""30-39"",""40-49"",""50-59""]",137.0,26.0,5000.0,5000.0,1.0,3528e4377f9907c2a7c1b51806abf09e0ec2d5513da630618b0a0cb9950a37d0,paired_stratified_sample_level_percentile,fixed_from_complete_oof_before_resampling,support_sufficient_descriptive_estimate,True,pointwise_descriptive,none,200.0,Intervals condition on the observed employees and fixed fold/model-training protocol; they do not estimate model-training instability.,"Descriptive OOF subgroup audit only; gaps do not establish discrimination, fairness, or causality. Class-specific rows use their reported denominators. Intervals are pointwise; no multiplicity-adjusted or simultaneous inference.",1495,Age | true_positive_rate | class 2.0
canonical_v2_20260714T221501Z_483f96f,51415c2ce68c89d9ce2b042b0a7a811fe3e98180b72460006f9d0465f6bf49b7,06c507bee525ea1daca43b61249764007d4d8baaa05c9333f23446ea723ce160,f1e358e99914563305428cece1b1595bc76a58643184407ec5b222162d650332,98ae57b622a56983192975c5bff94374ed51322f13c76af633c3c96ceb198cdd,support_aware_subgroup_diagnostics,"{""dataset_sha256"":""b8deac0a615b97076622ae540f4cfd0d3c3f1e7acb83ba3ff6560470a9ccf60a""}","{""policy"":""no_salary_hike_no_attrition_no_department_no_job_role""}",support_gated_descriptive_oof_subgroup_diagnostics,not_applicable_or_resolved_by_source_contract,pointwise_paired_stratified_percentile_bootstrap_5000_draws,subgroup_proxy/fairness_disparity_uncertainty.csv,f67613b45f85dc20b9d6fc5a8d1da2a2dc0c1f560762d7465817b5b7b0d74006,fairness_disparity_uncertainty,220,c1300316fe5baec24e789c06aec35dd4f283fa4843b71c7aab1edbf4818f8e91,d483d8ddb93a47a99a2eab54fe3d138d8f614798dd418bca860ea3f20c813f51,b8deac0a615b97076622ae540f4cfd0d3c3f1e7acb83ba3ff6560470a9ccf60a,ordinal_multiclass_performance,no_salary_hike_no_attrition_no_department_no_job_role,Age,,protected_or_sensitive_descriptive_audit,,30,,policy_ablation_raw_uncalibrated_oof_probabilities,true_positive_rate,3.0,,,,10,,,support_aware_subgroup_disparity,0.1315475032650679,0.0681322083062296,0.2175797956020648,0.95,5.0,4.0,"[""18-29"",""30-39"",""40-49"",""50-59""]",137.0,97.0,5000.0,5000.0,1.0,3528e4377f9907c2a7c1b51806abf09e0ec2d5513da630618b0a0cb9950a37d0,paired_stratified_sample_level_percentile,fixed_from_complete_oof_before_resampling,support_sufficient_descriptive_estimate,True,pointwise_descriptive,none,200.0,Intervals condition on the observed employees and fixed fold/model-training protocol; they do not estimate model-training instability.,"Descriptive OOF subgroup audit only; gaps do not establish discrimination, fairness, or causality. Class-specific rows use their reported denominators. Intervals are pointwise; no multiplicity-adjusted or simultaneous inference.",1496,Age | true_positive_rate | class 3.0
canonical_v2_20260714T221501Z_483f96f,51415c2ce68c89d9ce2b042b0a7a811fe3e98180b72460006f9d0465f6bf49b7,06c507bee525ea1daca43b61249764007d4d8baaa05c9333f23446ea723ce160,f1e358e99914563305428cece1b1595bc76a58643184407ec5b222162d650332,98ae57b622a56983192975c5bff94374ed51322f13c76af633c3c96ceb198cdd,support_aware_subgroup_diagnostics,"{""dataset_sha256"":""b8deac0a615b97076622ae540f4cfd0d3c3f1e7acb83ba3ff6560470a9ccf60a""}","{""policy"":""no_salary_hike_no_attrition_no_department_no_job_role""}",support_gated_descriptive_oof_subgroup_diagnostics,not_applicable_or_resolved_by_source_contract,pointwise_paired_stratified_percentile_bootstrap_5000_draws,subgroup_proxy/fairness_disparity_uncertainty.csv,f67613b45f85dc20b9d6fc5a8d1da2a2dc0c1f560762d7465817b5b7b0d74006,fairness_disparity_uncertainty,221,c1300316fe5baec24e789c06aec35dd4f283fa4843b71c7aab1edbf4818f8e91,d483d8ddb93a47a99a2eab54fe3d138d8f614798dd418bca860ea3f20c813f51,b8deac0a615b97076622ae540f4cfd0d3c3f1e7acb83ba3ff6560470a9ccf60a,ordinal_multiclass_performance,no_salary_hike_no_attrition_no_department_no_job_role,Age,,protected_or_sensitive_descriptive_audit,,30,,policy_ablation_raw_uncalibrated_oof_probabilities,true_positive_rate,4.0,,,,10,,,support_aware_subgroup_disparity,0.1543778801843318,0.0669847722831673,0.3504504504504501,0.95,5.0,4.0,"[""18-29"",""30-39"",""40-49"",""50-59""]",137.0,14.0,5000.0,5000.0,1.0,3528e4377f9907c2a7c1b51806abf09e0ec2d5513da630618b0a0cb9950a37d0,paired_stratified_sample_level_percentile,fixed_from_complete_oof_before_resampling,support_sufficient_but_interval_wide,False,pointwise_descriptive,none,200.0,Intervals condition on the observed employees and fixed fold/model-training protocol; they do not estimate model-training instability.,"Descriptive OOF subgroup audit only; gaps do not establish discrimination, fairness, or causality. Class-specific rows use their reported denominators. Intervals are pointwise; no multiplicity-adjusted or simultaneous inference.",1497,Age | true_positive_rate | class 4.0
canonical_v2_20260714T221501Z_483f96f,51415c2ce68c89d9ce2b042b0a7a811fe3e98180b72460006f9d0465f6bf49b7,06c507bee525ea1daca43b61249764007d4d8baaa05c9333f23446ea723ce160,f1e358e99914563305428cece1b1595bc76a58643184407ec5b222162d650332,98ae57b622a56983192975c5bff94374ed51322f13c76af633c3c96ceb198cdd,support_aware_subgroup_diagnostics,"{""dataset_sha256"":""b8deac0a615b97076622ae540f4cfd0d3c3f1e7acb83ba3ff6560470a9ccf60a""}","{""policy"":""no_salary_hike_no_attrition_no_department_no_job_role""}",support_gated_descriptive_oof_subgroup_diagnostics,not_applicable_or_resolved_by_source_contract,pointwise_paired_stratified_percentile_bootstrap_5000_draws,subgroup_proxy/fairness_disparity_uncertainty.csv,f67613b45f85dc20b9d6fc5a8d1da2a2dc0c1f560762d7465817b5b7b0d74006,fairness_disparity_uncertainty,222,c1300316fe5baec24e789c06aec35dd4f283fa4843b71c7aab1edbf4818f8e91,d483d8ddb93a47a99a2eab54fe3d138d8f614798dd418bca860ea3f20c813f51,b8deac0a615b97076622ae540f4cfd0d3c3f1e7acb83ba3ff6560470a9ccf60a,ordinal_multiclass_performance,no_salary_hike_no_attrition_no_department_no_job_role,BusinessTravelFrequency,,exploratory_operational_subgroup_diagnostic,,30,,policy_ablation_raw_uncalibrated_oof_probabilities,accuracy,,,,,30,,,support_aware_subgroup_disparity,0.0971953578336557,0.0302763737006697,0.1880562175286194,0.95,3.0,3.0,"[""Non-Travel"",""Travel_Frequently"",""Travel_Rarely""]",132.0,132.0,5000.0,5000.0,1.0,3528e4377f9907c2a7c1b51806abf09e0ec2d5513da630618b0a0cb9950a37d0,paired_stratified_sample_level_percentile,fixed_from_complete_oof_before_resampling,support_sufficient_descriptive_estimate,True,pointwise_descriptive,none,200.0,Intervals condition on the observed employees and fixed fold/model-training protocol; they do not estimate model-training instability.,"Descriptive OOF subgroup audit only; gaps do not establish discrimination, fairness, or causality. Class-specific rows use their reported denominators. Intervals are pointwise; no multiplicity-adjusted or simultaneous inference.",1498,BusinessTravelFrequency | accuracy
canonical_v2_20260714T221501Z_483f96f,51415c2ce68c89d9ce2b042b0a7a811fe3e98180b72460006f9d0465f6bf49b7,06c507bee525ea1daca43b61249764007d4d8baaa05c9333f23446ea723ce160,f1e358e99914563305428cece1b1595bc76a58643184407ec5b222162d650332,98ae57b622a56983192975c5bff94374ed51322f13c76af633c3c96ceb198cdd,support_aware_subgroup_diagnostics,"{""dataset_sha256"":""b8deac0a615b97076622ae540f4cfd0d3c3f1e7acb83ba3ff6560470a9ccf60a""}","{""policy"":""no_salary_hike_no_attrition_no_department_no_job_role""}",support_gated_descriptive_oof_subgroup_diagnostics,not_applicable_or_resolved_by_source_contract,pointwise_paired_stratified_percentile_bootstrap_5000_draws,subgroup_proxy/fairness_disparity_uncertainty.csv,f67613b45f85dc20b9d6fc5a8d1da2a2dc0c1f560762d7465817b5b7b0d74006,fairness_disparity_uncertainty,223,c1300316fe5baec24e789c06aec35dd4f283fa4843b71c7aab1edbf4818f8e91,d483d8ddb93a47a99a2eab54fe3d138d8f614798dd418bca860ea3f20c813f51,b8deac0a615b97076622ae540f4cfd0d3c3f1e7acb83ba3ff6560470a9ccf60a,ordinal_multiclass_performance,no_salary_hike_no_attrition_no_department_no_job_role,BusinessTravelFrequency,,exploratory_operational_subgroup_diagnostic,,30,,policy_ablation_raw_uncalibrated_oof_probabilities,false_positive_rate,2.0,,,,10,,,support_aware_subgroup_disparity,0.0168506534703717,0.005748309790164,0.0841157512073682,0.95,3.0,3.0,"[""Non-Travel"",""Travel_Frequently"",""Travel_Rarely""]",132.0,111.0,5000.0,5000.0,1.0,3528e4377f9907c2a7c1b51806abf09e0ec2d5513da630618b0a0cb9950a37d0,paired_stratified_sample_level_percentile,fixed_from_complete_oof_before_resampling,support_sufficient_descriptive_estimate,True,pointwise_descriptive,none,200.0,Intervals condition on the observed employees and fixed fold/model-training protocol; they do not estimate model-training instability.,"Descriptive OOF subgroup audit only; gaps do not establish discrimination, fairness, or causality. Class-specific rows use their reported denominators. Intervals are pointwise; no multiplicity-adjusted or simultaneous inference.",1499,BusinessTravelFrequency | false_positive_rate | class 2.0
canonical_v2_20260714T221501Z_483f96f,51415c2ce68c89d9ce2b042b0a7a811fe3e98180b72460006f9d0465f6bf49b7,06c507bee525ea1daca43b61249764007d4d8baaa05c9333f23446ea723ce160,f1e358e99914563305428cece1b1595bc76a58643184407ec5b222162d650332,98ae57b622a56983192975c5bff94374ed51322f13c76af633c3c96ceb198cdd,support_aware_subgroup_diagnostics,"{""dataset_sha256"":""b8deac0a615b97076622ae540f4cfd0d3c3f1e7acb83ba3ff6560470a9ccf60a""}","{""policy"":""no_salary_hike_no_attrition_no_department_no_job_role""}",support_gated_descriptive_oof_subgroup_diagnostics,not_applicable_or_resolved_by_source_contract,pointwise_paired_stratified_percentile_bootstrap_5000_draws,subgroup_proxy/fairness_disparity_uncertainty.csv,f67613b45f85dc20b9d6fc5a8d1da2a2dc0c1f560762d7465817b5b7b0d74006,fairness_disparity_uncertainty,224,c1300316fe5baec24e789c06aec35dd4f283fa4843b71c7aab1edbf4818f8e91,d483d8ddb93a47a99a2eab54fe3d138d8f614798dd418bca860ea3f20c813f51,b8deac0a615b97076622ae540f4cfd0d3c3f1e7acb83ba3ff6560470a9ccf60a,ordinal_multiclass_performance,no_salary_hike_no_attrition_no_department_no_job_role,BusinessTravelFrequency,,exploratory_operational_subgroup_diagnostic,,30,,policy_ablation_raw_uncalibrated_oof_probabilities,false_positive_rate,3.0,,,,10,,,support_aware_subgroup_disparity,0.1116965226554267,0.0378862459744812,0.2852950443637828,0.95,3.0,3.0,"[""Non-Travel"",""Travel_Frequently"",""Travel_Rarely""]",132.0,39.0,5000.0,5000.0,1.0,3528e4377f9907c2a7c1b51806abf09e0ec2d5513da630618b0a0cb9950a37d0,paired_stratified_sample_level_percentile,fixed_from_complete_oof_before_resampling,support_sufficient_descriptive_estimate,True,pointwise_descriptive,none,200.0,Intervals condition on the observed employees and fixed fold/model-training protocol; they do not estimate model-training instability.,"Descriptive OOF subgroup audit only; gaps do not establish discrimination, fairness, or causality. Class-specific rows use their reported denominators. Intervals are pointwise; no multiplicity-adjusted or simultaneous inference.",1500,BusinessTravelFrequency | false_positive_rate | class 3.0
canonical_v2_20260714T221501Z_483f96f,51415c2ce68c89d9ce2b042b0a7a811fe3e98180b72460006f9d0465f6bf49b7,06c507bee525ea1daca43b61249764007d4d8baaa05c9333f23446ea723ce160,f1e358e99914563305428cece1b1595bc76a58643184407ec5b222162d650332,98ae57b622a56983192975c5bff94374ed51322f13c76af633c3c96ceb198cdd,support_aware_subgroup_diagnostics,"{""dataset_sha256"":""b8deac0a615b97076622ae540f4cfd0d3c3f1e7acb83ba3ff6560470a9ccf60a""}","{""policy"":""no_salary_hike_no_attrition_no_department_no_job_role""}",support_gated_descriptive_oof_subgroup_diagnostics,not_applicable_or_resolved_by_source_contract,pointwise_paired_stratified_percentile_bootstrap_5000_draws,subgroup_proxy/fairness_disparity_uncertainty.csv,f67613b45f85dc20b9d6fc5a8d1da2a2dc0c1f560762d7465817b5b7b0d74006,fairness_disparity_uncertainty,225,c1300316fe5baec24e789c06aec35dd4f283fa4843b71c7aab1edbf4818f8e91,d483d8ddb93a47a99a2eab54fe3d138d8f614798dd418bca860ea3f20c813f51,b8deac0a615b97076622ae540f4cfd0d3c3f1e7acb83ba3ff6560470a9ccf60a,ordinal_multiclass_performance,no_salary_hike_no_attrition_no_department_no_job_role,BusinessTravelFrequency,,exploratory_operational_subgroup_diagnostic,,30,,policy_ablation_raw_uncalibrated_oof_probabilities,false_positive_rate,4.0,,,,10,,,support_aware_subgroup_disparity,0.0550197483236887,0.0113376452943382,0.1438391433237162,0.95,3.0,3.0,"[""Non-Travel"",""Travel_Frequently"",""Travel_Rarely""]",132.0,114.0,5000.0,5000.0,1.0,3528e4377f9907c2a7c1b51806abf09e0ec2d5513da630618b0a0cb9950a37d0,paired_stratified_sample_level_percentile,fixed_from_complete_oof_before_resampling,support_sufficient_descriptive_estimate,True,pointwise_descriptive,none,200.0,Intervals condition on the observed employees and fixed fold/model-training protocol; they do not estimate model-training instability.,"Descriptive OOF subgroup audit only; gaps do not establish discrimination, fairness, or causality. Class-specific rows use their reported denominators. Intervals are pointwise; no multiplicity-adjusted or simultaneous inference.",1501,BusinessTravelFrequency | false_positive_rate | class 4.0
canonical_v2_20260714T221501Z_483f96f,51415c2ce68c89d9ce2b042b0a7a811fe3e98180b72460006f9d0465f6bf49b7,06c507bee525ea1daca43b61249764007d4d8baaa05c9333f23446ea723ce160,f1e358e99914563305428cece1b1595bc76a58643184407ec5b222162d650332,98ae57b622a56983192975c5bff94374ed51322f13c76af633c3c96ceb198cdd,support_aware_subgroup_diagnostics,"{""dataset_sha256"":""b8deac0a615b97076622ae540f4cfd0d3c3f1e7acb83ba3ff6560470a9ccf60a""}","{""policy"":""no_salary_hike_no_attrition_no_department_no_job_role""}",support_gated_descriptive_oof_subgroup_diagnostics,not_applicable_or_resolved_by_source_contract,pointwise_paired_stratified_percentile_bootstrap_5000_draws,subgroup_proxy/fairness_disparity_uncertainty.csv,f67613b45f85dc20b9d6fc5a8d1da2a2dc0c1f560762d7465817b5b7b0d74006,fairness_disparity_uncertainty,226,c1300316fe5baec24e789c06aec35dd4f283fa4843b71c7aab1edbf4818f8e91,d483d8ddb93a47a99a2eab54fe3d138d8f614798dd418bca860ea3f20c813f51,b8deac0a615b97076622ae540f4cfd0d3c3f1e7acb83ba3ff6560470a9ccf60a,ordinal_multiclass_performance,no_salary_hike_no_attrition_no_department_no_job_role,BusinessTravelFrequency,,exploratory_operational_subgroup_diagnostic,,30,,policy_ablation_raw_uncalibrated_oof_probabilities,macro_f1,,,,,30,,,support_aware_subgroup_disparity,0.062635899221265,0.0176585665490363,0.1472456055499145,0.95,3.0,3.0,"[""Non-Travel"",""Travel_Frequently"",""Travel_Rarely""]",132.0,132.0,5000.0,5000.0,1.0,3528e4377f9907c2a7c1b51806abf09e0ec2d5513da630618b0a0cb9950a37d0,paired_stratified_sample_level_percentile,fixed_from_complete_oof_before_resampling,support_sufficient_descriptive_estimate,True,pointwise_descriptive,none,200.0,Intervals condition on the observed employees and fixed fold/model-training protocol; they do not estimate model-training instability.,"Descriptive OOF subgroup audit only; gaps do not establish discrimination, fairness, or causality. Class-specific rows use their reported denominators. Intervals are pointwise; no multiplicity-adjusted or simultaneous inference.",1502,BusinessTravelFrequency | macro_f1
canonical_v2_20260714T221501Z_483f96f,51415c2ce68c89d9ce2b042b0a7a811fe3e98180b72460006f9d0465f6bf49b7,06c507bee525ea1daca43b61249764007d4d8baaa05c9333f23446ea723ce160,f1e358e99914563305428cece1b1595bc76a58643184407ec5b222162d650332,98ae57b622a56983192975c5bff94374ed51322f13c76af633c3c96ceb198cdd,support_aware_subgroup_diagnostics,"{""dataset_sha256"":""b8deac0a615b97076622ae540f4cfd0d3c3f1e7acb83ba3ff6560470a9ccf60a""}","{""policy"":""no_salary_hike_no_attrition_no_department_no_job_role""}",support_gated_descriptive_oof_subgroup_diagnostics,not_applicable_or_resolved_by_source_contract,pointwise_paired_stratified_percentile_bootstrap_5000_draws,subgroup_proxy/fairness_disparity_uncertainty.csv,f67613b45f85dc20b9d6fc5a8d1da2a2dc0c1f560762d7465817b5b7b0d74006,fairness_disparity_uncertainty,227,c1300316fe5baec24e789c06aec35dd4f283fa4843b71c7aab1edbf4818f8e91,d483d8ddb93a47a99a2eab54fe3d138d8f614798dd418bca860ea3f20c813f51,b8deac0a615b97076622ae540f4cfd0d3c3f1e7acb83ba3ff6560470a9ccf60a,ordinal_multiclass_performance,no_salary_hike_no_attrition_no_department_no_job_role,BusinessTravelFrequency,,exploratory_operational_subgroup_diagnostic,,30,,policy_ablation_raw_uncalibrated_oof_probabilities,mean_predicted_probability,2.0,,,,30,,,support_aware_subgroup_disparity,0.0128153801687716,0.0067730263671731,0.0936543733787832,0.95,3.0,3.0,"[""Non-Travel"",""Travel_Frequently"",""Travel_Rarely""]",132.0,132.0,5000.0,5000.0,1.0,3528e4377f9907c2a7c1b51806abf09e0ec2d5513da630618b0a0cb9950a37d0,paired_stratified_sample_level_percentile,fixed_from_complete_oof_before_resampling,support_sufficient_descriptive_estimate,True,pointwise_descriptive,none,200.0,Intervals condition on the observed employees and fixed fold/model-training protocol; they do not estimate model-training instability.,"Descriptive OOF subgroup audit only; gaps do not establish discrimination, fairness, or causality. Class-specific rows use their reported denominators. Intervals are pointwise; no multiplicity-adjusted or simultaneous inference.",1503,BusinessTravelFrequency | mean_predicted_probability | class 2.0
canonical_v2_20260714T221501Z_483f96f,51415c2ce68c89d9ce2b042b0a7a811fe3e98180b72460006f9d0465f6bf49b7,06c507bee525ea1daca43b61249764007d4d8baaa05c9333f23446ea723ce160,f1e358e99914563305428cece1b1595bc76a58643184407ec5b222162d650332,98ae57b622a56983192975c5bff94374ed51322f13c76af633c3c96ceb198cdd,support_aware_subgroup_diagnostics,"{""dataset_sha256"":""b8deac0a615b97076622ae540f4cfd0d3c3f1e7acb83ba3ff6560470a9ccf60a""}","{""policy"":""no_salary_hike_no_attrition_no_department_no_job_role""}",support_gated_descriptive_oof_subgroup_diagnostics,not_applicable_or_resolved_by_source_contract,pointwise_paired_stratified_percentile_bootstrap_5000_draws,subgroup_proxy/fairness_disparity_uncertainty.csv,f67613b45f85dc20b9d6fc5a8d1da2a2dc0c1f560762d7465817b5b7b0d74006,fairness_disparity_uncertainty,228,c1300316fe5baec24e789c06aec35dd4f283fa4843b71c7aab1edbf4818f8e91,d483d8ddb93a47a99a2eab54fe3d138d8f614798dd418bca860ea3f20c813f51,b8deac0a615b97076622ae540f4cfd0d3c3f1e7acb83ba3ff6560470a9ccf60a,ordinal_multiclass_performance,no_salary_hike_no_attrition_no_department_no_job_role,BusinessTravelFrequency,,exploratory_operational_subgroup_diagnostic,,30,,policy_ablation_raw_uncalibrated_oof_probabilities,mean_predicted_probability,3.0,,,,30,,,support_aware_subgroup_disparity,0.0407644885036007,0.0117258074608637,0.0981292476676107,0.95,3.0,3.0,"[""Non-Travel"",""Travel_Frequently"",""Travel_Rarely""]",132.0,132.0,5000.0,5000.0,1.0,3528e4377f9907c2a7c1b51806abf09e0ec2d5513da630618b0a0cb9950a37d0,paired_stratified_sample_level_percentile,fixed_from_complete_oof_before_resampling,support_sufficient_descriptive_estimate,True,pointwise_descriptive,none,200.0,Intervals condition on the observed employees and fixed fold/model-training protocol; they do not estimate model-training instability.,"Descriptive OOF subgroup audit only; gaps do not establish discrimination, fairness, or causality. Class-specific rows use their reported denominators. Intervals are pointwise; no multiplicity-adjusted or simultaneous inference.",1504,BusinessTravelFrequency | mean_predicted_probability | class 3.0
canonical_v2_20260714T221501Z_483f96f,51415c2ce68c89d9ce2b042b0a7a811fe3e98180b72460006f9d0465f6bf49b7,06c507bee525ea1daca43b61249764007d4d8baaa05c9333f23446ea723ce160,f1e358e99914563305428cece1b1595bc76a58643184407ec5b222162d650332,98ae57b622a56983192975c5bff94374ed51322f13c76af633c3c96ceb198cdd,support_aware_subgroup_diagnostics,"{""dataset_sha256"":""b8deac0a615b97076622ae540f4cfd0d3c3f1e7acb83ba3ff6560470a9ccf60a""}","{""policy"":""no_salary_hike_no_attrition_no_department_no_job_role""}",support_gated_descriptive_oof_subgroup_diagnostics,not_applicable_or_resolved_by_source_contract,pointwise_paired_stratified_percentile_bootstrap_5000_draws,subgroup_proxy/fairness_disparity_uncertainty.csv,f67613b45f85dc20b9d6fc5a8d1da2a2dc0c1f560762d7465817b5b7b0d74006,fairness_disparity_uncertainty,229,c1300316fe5baec24e789c06aec35dd4f283fa4843b71c7aab1edbf4818f8e91,d483d8ddb93a47a99a2eab54fe3d138d8f614798dd418bca860ea3f20c813f51,b8deac0a615b97076622ae540f4cfd0d3c3f1e7acb83ba3ff6560470a9ccf60a,ordinal_multiclass_performance,no_salary_hike_no_attrition_no_department_no_job_role,BusinessTravelFrequency,,exploratory_operational_subgroup_diagnostic,,30,,policy_ablation_raw_uncalibrated_oof_probabilities,mean_predicted_probability,4.0,,,,30,,,support_aware_subgroup_disparity,0.027949108334829,0.0069487236768955,0.070476429351317,0.95,3.0,3.0,"[""Non-Travel"",""Travel_Frequently"",""Travel_Rarely""]",132.0,132.0,5000.0,5000.0,1.0,3528e4377f9907c2a7c1b51806abf09e0ec2d5513da630618b0a0cb9950a37d0,paired_stratified_sample_level_percentile,fixed_from_complete_oof_before_resampling,support_sufficient_descriptive_estimate,True,pointwise_descriptive,none,200.0,Intervals condition on the observed employees and fixed fold/model-training protocol; they do not estimate model-training instability.,"Descriptive OOF subgroup audit only; gaps do not establish discrimination, fairness, or causality. Class-specific rows use their reported denominators. Intervals are pointwise; no multiplicity-adjusted or simultaneous inference.",1505,BusinessTravelFrequency | mean_predicted_probability | class 4.0
canonical_v2_20260714T221501Z_483f96f,51415c2ce68c89d9ce2b042b0a7a811fe3e98180b72460006f9d0465f6bf49b7,06c507bee525ea1daca43b61249764007d4d8baaa05c9333f23446ea723ce160,f1e358e99914563305428cece1b1595bc76a58643184407ec5b222162d650332,98ae57b622a56983192975c5bff94374ed51322f13c76af633c3c96ceb198cdd,support_aware_subgroup_diagnostics,"{""dataset_sha256"":""b8deac0a615b97076622ae540f4cfd0d3c3f1e7acb83ba3ff6560470a9ccf60a""}","{""policy"":""no_salary_hike_no_attrition_no_department_no_job_role""}",support_gated_descriptive_oof_subgroup_diagnostics,not_applicable_or_resolved_by_source_contract,pointwise_paired_stratified_percentile_bootstrap_5000_draws,subgroup_proxy/fairness_disparity_uncertainty.csv,f67613b45f85dc20b9d6fc5a8d1da2a2dc0c1f560762d7465817b5b7b0d74006,fairness_disparity_uncertainty,230,c1300316fe5baec24e789c06aec35dd4f283fa4843b71c7aab1edbf4818f8e91,d483d8ddb93a47a99a2eab54fe3d138d8f614798dd418bca860ea3f20c813f51,b8deac0a615b97076622ae540f4cfd0d3c3f1e7acb83ba3ff6560470a9ccf60a,ordinal_multiclass_performance,no_salary_hike_no_attrition_no_department_no_job_role,BusinessTravelFrequency,,exploratory_operational_subgroup_diagnostic,,30,,policy_ablation_raw_uncalibrated_oof_probabilities,positive_prediction_rate,2.0,,,,30,,,support_aware_subgroup_disparity,0.0145067698259187,0.0077060667603316,0.1071917954824832,0.95,3.0,3.0,"[""Non-Travel"",""Travel_Frequently"",""Travel_Rarely""]",132.0,132.0,5000.0,5000.0,1.0,3528e4377f9907c2a7c1b51806abf09e0ec2d5513da630618b0a0cb9950a37d0,paired_stratified_sample_level_percentile,fixed_from_complete_oof_before_resampling,support_sufficient_descriptive_estimate,True,pointwise_descriptive,none,200.0,Intervals condition on the observed employees and fixed fold/model-training protocol; they do not estimate model-training instability.,"Descriptive OOF subgroup audit only; gaps do not establish discrimination, fairness, or causality. Class-specific rows use their reported denominators. Intervals are pointwise; no multiplicity-adjusted or simultaneous inference.",1506,BusinessTravelFrequency | positive_prediction_rate | class 2.0
canonical_v2_20260714T221501Z_483f96f,51415c2ce68c89d9ce2b042b0a7a811fe3e98180b72460006f9d0465f6bf49b7,06c507bee525ea1daca43b61249764007d4d8baaa05c9333f23446ea723ce160,f1e358e99914563305428cece1b1595bc76a58643184407ec5b222162d650332,98ae57b622a56983192975c5bff94374ed51322f13c76af633c3c96ceb198cdd,support_aware_subgroup_diagnostics,"{""dataset_sha256"":""b8deac0a615b97076622ae540f4cfd0d3c3f1e7acb83ba3ff6560470a9ccf60a""}","{""policy"":""no_salary_hike_no_attrition_no_department_no_job_role""}",support_gated_descriptive_oof_subgroup_diagnostics,not_applicable_or_resolved_by_source_contract,pointwise_paired_stratified_percentile_bootstrap_5000_draws,subgroup_proxy/fairness_disparity_uncertainty.csv,f67613b45f85dc20b9d6fc5a8d1da2a2dc0c1f560762d7465817b5b7b0d74006,fairness_disparity_uncertainty,231,c1300316fe5baec24e789c06aec35dd4f283fa4843b71c7aab1edbf4818f8e91,d483d8ddb93a47a99a2eab54fe3d138d8f614798dd418bca860ea3f20c813f51,b8deac0a615b97076622ae540f4cfd0d3c3f1e7acb83ba3ff6560470a9ccf60a,ordinal_multiclass_performance,no_salary_hike_no_attrition_no_department_no_job_role,BusinessTravelFrequency,,exploratory_operational_subgroup_diagnostic,,30,,policy_ablation_raw_uncalibrated_oof_probabilities,positive_prediction_rate,3.0,,,,30,,,support_aware_subgroup_disparity,0.0476036965398667,0.0112735175423232,0.1576852000770376,0.95,3.0,3.0,"[""Non-Travel"",""Travel_Frequently"",""Travel_Rarely""]",132.0,132.0,5000.0,5000.0,1.0,3528e4377f9907c2a7c1b51806abf09e0ec2d5513da630618b0a0cb9950a37d0,paired_stratified_sample_level_percentile,fixed_from_complete_oof_before_resampling,support_sufficient_descriptive_estimate,True,pointwise_descriptive,none,200.0,Intervals condition on the observed employees and fixed fold/model-training protocol; they do not estimate model-training instability.,"Descriptive OOF subgroup audit only; gaps do not establish discrimination, fairness, or causality. Class-specific rows use their reported denominators. Intervals are pointwise; no multiplicity-adjusted or simultaneous inference.",1507,BusinessTravelFrequency | positive_prediction_rate | class 3.0
canonical_v2_20260714T221501Z_483f96f,51415c2ce68c89d9ce2b042b0a7a811fe3e98180b72460006f9d0465f6bf49b7,06c507bee525ea1daca43b61249764007d4d8baaa05c9333f23446ea723ce160,f1e358e99914563305428cece1b1595bc76a58643184407ec5b222162d650332,98ae57b622a56983192975c5bff94374ed51322f13c76af633c3c96ceb198cdd,support_aware_subgroup_diagnostics,"{""dataset_sha256"":""b8deac0a615b97076622ae540f4cfd0d3c3f1e7acb83ba3ff6560470a9ccf60a""}","{""policy"":""no_salary_hike_no_attrition_no_department_no_job_role""}",support_gated_descriptive_oof_subgroup_diagnostics,not_applicable_or_resolved_by_source_contract,pointwise_paired_stratified_percentile_bootstrap_5000_draws,subgroup_proxy/fairness_disparity_uncertainty.csv,f67613b45f85dc20b9d6fc5a8d1da2a2dc0c1f560762d7465817b5b7b0d74006,fairness_disparity_uncertainty,232,c1300316fe5baec24e789c06aec35dd4f283fa4843b71c7aab1edbf4818f8e91,d483d8ddb93a47a99a2eab54fe3d138d8f614798dd418bca860ea3f20c813f51,b8deac0a615b97076622ae540f4cfd0d3c3f1e7acb83ba3ff6560470a9ccf60a,ordinal_multiclass_performance,no_salary_hike_no_attrition_no_department_no_job_role,BusinessTravelFrequency,,exploratory_operational_subgroup_diagnostic,,30,,policy_ablation_raw_uncalibrated_oof_probabilities,positive_prediction_rate,4.0,,,,30,,,support_aware_subgroup_disparity,0.045045045045045,0.0088684106124473,0.1232932342690941,0.95,3.0,3.0,"[""Non-Travel"",""Travel_Frequently"",""Travel_Rarely""]",132.0,132.0,5000.0,5000.0,1.0,3528e4377f9907c2a7c1b51806abf09e0ec2d5513da630618b0a0cb9950a37d0,paired_stratified_sample_level_percentile,fixed_from_complete_oof_before_resampling,support_sufficient_descriptive_estimate,True,pointwise_descriptive,none,200.0,Intervals condition on the observed employees and fixed fold/model-training protocol; they do not estimate model-training instability.,"Descriptive OOF subgroup audit only; gaps do not establish discrimination, fairness, or causality. Class-specific rows use their reported denominators. Intervals are pointwise; no multiplicity-adjusted or simultaneous inference.",1508,BusinessTravelFrequency | positive_prediction_rate | class 4.0
canonical_v2_20260714T221501Z_483f96f,51415c2ce68c89d9ce2b042b0a7a811fe3e98180b72460006f9d0465f6bf49b7,06c507bee525ea1daca43b61249764007d4d8baaa05c9333f23446ea723ce160,f1e358e99914563305428cece1b1595bc76a58643184407ec5b222162d650332,98ae57b622a56983192975c5bff94374ed51322f13c76af633c3c96ceb198cdd,support_aware_subgroup_diagnostics,"{""dataset_sha256"":""b8deac0a615b97076622ae540f4cfd0d3c3f1e7acb83ba3ff6560470a9ccf60a""}","{""policy"":""no_salary_hike_no_attrition_no_department_no_job_role""}",support_gated_descriptive_oof_subgroup_diagnostics,not_applicable_or_resolved_by_source_contract,pointwise_paired_stratified_percentile_bootstrap_5000_draws,subgroup_proxy/fairness_disparity_uncertainty.csv,f67613b45f85dc20b9d6fc5a8d1da2a2dc0c1f560762d7465817b5b7b0d74006,fairness_disparity_uncertainty,233,c1300316fe5baec24e789c06aec35dd4f283fa4843b71c7aab1edbf4818f8e91,d483d8ddb93a47a99a2eab54fe3d138d8f614798dd418bca860ea3f20c813f51,b8deac0a615b97076622ae540f4cfd0d3c3f1e7acb83ba3ff6560470a9ccf60a,ordinal_multiclass_performance,no_salary_hike_no_attrition_no_department_no_job_role,BusinessTravelFrequency,,exploratory_operational_subgroup_diagnostic,,30,,policy_ablation_raw_uncalibrated_oof_probabilities,precision,2.0,,,,10,,,support_aware_subgroup_disparity,0.0444444444444445,0.0217123756337474,0.2631944299454783,0.95,3.0,3.0,"[""Non-Travel"",""Travel_Frequently"",""Travel_Rarely""]",132.0,30.0,5000.0,5000.0,1.0,3528e4377f9907c2a7c1b51806abf09e0ec2d5513da630618b0a0cb9950a37d0,paired_stratified_sample_level_percentile,fixed_from_complete_oof_before_resampling,support_sufficient_descriptive_estimate,True,pointwise_descriptive,none,200.0,Intervals condition on the observed employees and fixed fold/model-training protocol; they do not estimate model-training instability.,"Descriptive OOF subgroup audit only; gaps do not establish discrimination, fairness, or causality. Class-specific rows use their reported denominators. Intervals are pointwise; no multiplicity-adjusted or simultaneous inference.",1509,BusinessTravelFrequency | precision | class 2.0
canonical_v2_20260714T221501Z_483f96f,51415c2ce68c89d9ce2b042b0a7a811fe3e98180b72460006f9d0465f6bf49b7,06c507bee525ea1daca43b61249764007d4d8baaa05c9333f23446ea723ce160,f1e358e99914563305428cece1b1595bc76a58643184407ec5b222162d650332,98ae57b622a56983192975c5bff94374ed51322f13c76af633c3c96ceb198cdd,support_aware_subgroup_diagnostics,"{""dataset_sha256"":""b8deac0a615b97076622ae540f4cfd0d3c3f1e7acb83ba3ff6560470a9ccf60a""}","{""policy"":""no_salary_hike_no_attrition_no_department_no_job_role""}",support_gated_descriptive_oof_subgroup_diagnostics,not_applicable_or_resolved_by_source_contract,pointwise_paired_stratified_percentile_bootstrap_5000_draws,subgroup_proxy/fairness_disparity_uncertainty.csv,f67613b45f85dc20b9d6fc5a8d1da2a2dc0c1f560762d7465817b5b7b0d74006,fairness_disparity_uncertainty,234,c1300316fe5baec24e789c06aec35dd4f283fa4843b71c7aab1edbf4818f8e91,d483d8ddb93a47a99a2eab54fe3d138d8f614798dd418bca860ea3f20c813f51,b8deac0a615b97076622ae540f4cfd0d3c3f1e7acb83ba3ff6560470a9ccf60a,ordinal_multiclass_performance,no_salary_hike_no_attrition_no_department_no_job_role,BusinessTravelFrequency,,exploratory_operational_subgroup_diagnostic,,30,,policy_ablation_raw_uncalibrated_oof_probabilities,precision,3.0,,,,10,,,support_aware_subgroup_disparity,0.0841094032549728,0.0308639413934477,0.1816914224693273,0.95,3.0,3.0,"[""Non-Travel"",""Travel_Frequently"",""Travel_Rarely""]",132.0,80.0,5000.0,5000.0,1.0,3528e4377f9907c2a7c1b51806abf09e0ec2d5513da630618b0a0cb9950a37d0,paired_stratified_sample_level_percentile,fixed_from_complete_oof_before_resampling,support_sufficient_descriptive_estimate,True,pointwise_descriptive,none,200.0,Intervals condition on the observed employees and fixed fold/model-training protocol; they do not estimate model-training instability.,"Descriptive OOF subgroup audit only; gaps do not establish discrimination, fairness, or causality. Class-specific rows use their reported denominators. Intervals are pointwise; no multiplicity-adjusted or simultaneous inference.",1510,BusinessTravelFrequency | precision | class 3.0
canonical_v2_20260714T221501Z_483f96f,51415c2ce68c89d9ce2b042b0a7a811fe3e98180b72460006f9d0465f6bf49b7,06c507bee525ea1daca43b61249764007d4d8baaa05c9333f23446ea723ce160,f1e358e99914563305428cece1b1595bc76a58643184407ec5b222162d650332,98ae57b622a56983192975c5bff94374ed51322f13c76af633c3c96ceb198cdd,support_aware_subgroup_diagnostics,"{""dataset_sha256"":""b8deac0a615b97076622ae540f4cfd0d3c3f1e7acb83ba3ff6560470a9ccf60a""}","{""policy"":""no_salary_hike_no_attrition_no_department_no_job_role""}",support_gated_descriptive_oof_subgroup_diagnostics,not_applicable_or_resolved_by_source_contract,pointwise_paired_stratified_percentile_bootstrap_5000_draws,subgroup_proxy/fairness_disparity_uncertainty.csv,f67613b45f85dc20b9d6fc5a8d1da2a2dc0c1f560762d7465817b5b7b0d74006,fairness_disparity_uncertainty,235,c1300316fe5baec24e789c06aec35dd4f283fa4843b71c7aab1edbf4818f8e91,d483d8ddb93a47a99a2eab54fe3d138d8f614798dd418bca860ea3f20c813f51,b8deac0a615b97076622ae540f4cfd0d3c3f1e7acb83ba3ff6560470a9ccf60a,ordinal_multiclass_performance,no_salary_hike_no_attrition_no_department_no_job_role,BusinessTravelFrequency,,exploratory_operational_subgroup_diagnostic,,30,,policy_ablation_raw_uncalibrated_oof_probabilities,precision,4.0,,,,10,,,support_aware_subgroup_disparity,0.0595333869670152,0.020832530816641,0.2390592105263154,0.95,3.0,3.0,"[""Non-Travel"",""Travel_Frequently"",""Travel_Rarely""]",132.0,22.0,5000.0,5000.0,1.0,3528e4377f9907c2a7c1b51806abf09e0ec2d5513da630618b0a0cb9950a37d0,paired_stratified_sample_level_percentile,fixed_from_complete_oof_before_resampling,support_sufficient_descriptive_estimate,True,pointwise_descriptive,none,200.0,Intervals condition on the observed employees and fixed fold/model-training protocol; they do not estimate model-training instability.,"Descriptive OOF subgroup audit only; gaps do not establish discrimination, fairness, or causality. Class-specific rows use their reported denominators. Intervals are pointwise; no multiplicity-adjusted or simultaneous inference.",1511,BusinessTravelFrequency | precision | class 4.0
canonical_v2_20260714T221501Z_483f96f,51415c2ce68c89d9ce2b042b0a7a811fe3e98180b72460006f9d0465f6bf49b7,06c507bee525ea1daca43b61249764007d4d8baaa05c9333f23446ea723ce160,f1e358e99914563305428cece1b1595bc76a58643184407ec5b222162d650332,98ae57b622a56983192975c5bff94374ed51322f13c76af633c3c96ceb198cdd,support_aware_subgroup_diagnostics,"{""dataset_sha256"":""b8deac0a615b97076622ae540f4cfd0d3c3f1e7acb83ba3ff6560470a9ccf60a""}","{""policy"":""no_salary_hike_no_attrition_no_department_no_job_role""}",support_gated_descriptive_oof_subgroup_diagnostics,not_applicable_or_resolved_by_source_contract,pointwise_paired_stratified_percentile_bootstrap_5000_draws,subgroup_proxy/fairness_disparity_uncertainty.csv,f67613b45f85dc20b9d6fc5a8d1da2a2dc0c1f560762d7465817b5b7b0d74006,fairness_disparity_uncertainty,236,c1300316fe5baec24e789c06aec35dd4f283fa4843b71c7aab1edbf4818f8e91,d483d8ddb93a47a99a2eab54fe3d138d8f614798dd418bca860ea3f20c813f51,b8deac0a615b97076622ae540f4cfd0d3c3f1e7acb83ba3ff6560470a9ccf60a,ordinal_multiclass_performance,no_salary_hike_no_attrition_no_department_no_job_role,BusinessTravelFrequency,,exploratory_operational_subgroup_diagnostic,,30,,policy_ablation_raw_uncalibrated_oof_probabilities,true_positive_rate,2.0,,,,10,,,support_aware_subgroup_disparity,0.011204481792717,0.0111076280041797,0.1428571428571429,0.95,3.0,3.0,"[""Non-Travel"",""Travel_Frequently"",""Travel_Rarely""]",132.0,21.0,5000.0,5000.0,1.0,3528e4377f9907c2a7c1b51806abf09e0ec2d5513da630618b0a0cb9950a37d0,paired_stratified_sample_level_percentile,fixed_from_complete_oof_before_resampling,support_sufficient_descriptive_estimate,True,pointwise_descriptive,none,200.0,Intervals condition on the observed employees and fixed fold/model-training protocol; they do not estimate model-training instability.,"Descriptive OOF subgroup audit only; gaps do not establish discrimination, fairness, or causality. Class-specific rows use their reported denominators. Intervals are pointwise; no multiplicity-adjusted or simultaneous inference.",1512,BusinessTravelFrequency | true_positive_rate | class 2.0
canonical_v2_20260714T221501Z_483f96f,51415c2ce68c89d9ce2b042b0a7a811fe3e98180b72460006f9d0465f6bf49b7,06c507bee525ea1daca43b61249764007d4d8baaa05c9333f23446ea723ce160,f1e358e99914563305428cece1b1595bc76a58643184407ec5b222162d650332,98ae57b622a56983192975c5bff94374ed51322f13c76af633c3c96ceb198cdd,support_aware_subgroup_diagnostics,"{""dataset_sha256"":""b8deac0a615b97076622ae540f4cfd0d3c3f1e7acb83ba3ff6560470a9ccf60a""}","{""policy"":""no_salary_hike_no_attrition_no_department_no_job_role""}",support_gated_descriptive_oof_subgroup_diagnostics,not_applicable_or_resolved_by_source_contract,pointwise_paired_stratified_percentile_bootstrap_5000_draws,subgroup_proxy/fairness_disparity_uncertainty.csv,f67613b45f85dc20b9d6fc5a8d1da2a2dc0c1f560762d7465817b5b7b0d74006,fairness_disparity_uncertainty,237,c1300316fe5baec24e789c06aec35dd4f283fa4843b71c7aab1edbf4818f8e91,d483d8ddb93a47a99a2eab54fe3d138d8f614798dd418bca860ea3f20c813f51,b8deac0a615b97076622ae540f4cfd0d3c3f1e7acb83ba3ff6560470a9ccf60a,ordinal_multiclass_performance,no_salary_hike_no_attrition_no_department_no_job_role,BusinessTravelFrequency,,exploratory_operational_subgroup_diagnostic,,30,,policy_ablation_raw_uncalibrated_oof_probabilities,true_positive_rate,3.0,,,,10,,,support_aware_subgroup_disparity,0.0913206770592169,0.0222670528313193,0.2081916427862949,0.95,3.0,3.0,"[""Non-Travel"",""Travel_Frequently"",""Travel_Rarely""]",132.0,93.0,5000.0,5000.0,1.0,3528e4377f9907c2a7c1b51806abf09e0ec2d5513da630618b0a0cb9950a37d0,paired_stratified_sample_level_percentile,fixed_from_complete_oof_before_resampling,support_sufficient_descriptive_estimate,True,pointwise_descriptive,none,200.0,Intervals condition on the observed employees and fixed fold/model-training protocol; they do not estimate model-training instability.,"Descriptive OOF subgroup audit only; gaps do not establish discrimination, fairness, or causality. Class-specific rows use their reported denominators. Intervals are pointwise; no multiplicity-adjusted or simultaneous inference.",1513,BusinessTravelFrequency | true_positive_rate | class 3.0
canonical_v2_20260714T221501Z_483f96f,51415c2ce68c89d9ce2b042b0a7a811fe3e98180b72460006f9d0465f6bf49b7,06c507bee525ea1daca43b61249764007d4d8baaa05c9333f23446ea723ce160,f1e358e99914563305428cece1b1595bc76a58643184407ec5b222162d650332,98ae57b622a56983192975c5bff94374ed51322f13c76af633c3c96ceb198cdd,support_aware_subgroup_diagnostics,"{""dataset_sha256"":""b8deac0a615b97076622ae540f4cfd0d3c3f1e7acb83ba3ff6560470a9ccf60a""}","{""policy"":""no_salary_hike_no_attrition_no_department_no_job_role""}",support_gated_descriptive_oof_subgroup_diagnostics,not_applicable_or_resolved_by_source_contract,pointwise_paired_stratified_percentile_bootstrap_5000_draws,subgroup_proxy/fairness_disparity_uncertainty.csv,f67613b45f85dc20b9d6fc5a8d1da2a2dc0c1f560762d7465817b5b7b0d74006,fairness_disparity_uncertainty,238,c1300316fe5baec24e789c06aec35dd4f283fa4843b71c7aab1edbf4818f8e91,d483d8ddb93a47a99a2eab54fe3d138d8f614798dd418bca860ea3f20c813f51,b8deac0a615b97076622ae540f4cfd0d3c3f1e7acb83ba3ff6560470a9ccf60a,ordinal_multiclass_performance,no_salary_hike_no_attrition_no_department_no_job_role,BusinessTravelFrequency,,exploratory_operational_subgroup_diagnostic,,30,,policy_ablation_raw_uncalibrated_oof_probabilities,true_positive_rate,4.0,,,,10,,,support_aware_subgroup_disparity,0.0937081659973226,0.0333333333333333,0.2584368803701254,0.95,3.0,3.0,"[""Non-Travel"",""Travel_Frequently"",""Travel_Rarely""]",132.0,18.0,5000.0,5000.0,1.0,3528e4377f9907c2a7c1b51806abf09e0ec2d5513da630618b0a0cb9950a37d0,paired_stratified_sample_level_percentile,fixed_from_complete_oof_before_resampling,support_sufficient_descriptive_estimate,True,pointwise_descriptive,none,200.0,Intervals condition on the observed employees and fixed fold/model-training protocol; they do not estimate model-training instability.,"Descriptive OOF subgroup audit only; gaps do not establish discrimination, fairness, or causality. Class-specific rows use their reported denominators. Intervals are pointwise; no multiplicity-adjusted or simultaneous inference.",1514,BusinessTravelFrequency | true_positive_rate | class 4.0
canonical_v2_20260714T221501Z_483f96f,51415c2ce68c89d9ce2b042b0a7a811fe3e98180b72460006f9d0465f6bf49b7,06c507bee525ea1daca43b61249764007d4d8baaa05c9333f23446ea723ce160,f1e358e99914563305428cece1b1595bc76a58643184407ec5b222162d650332,98ae57b622a56983192975c5bff94374ed51322f13c76af633c3c96ceb198cdd,support_aware_subgroup_diagnostics,"{""dataset_sha256"":""b8deac0a615b97076622ae540f4cfd0d3c3f1e7acb83ba3ff6560470a9ccf60a""}","{""policy"":""no_salary_hike_no_attrition_no_department_no_job_role""}",support_gated_descriptive_oof_subgroup_diagnostics,not_applicable_or_resolved_by_source_contract,pointwise_paired_stratified_percentile_bootstrap_5000_draws,subgroup_proxy/fairness_disparity_uncertainty.csv,f67613b45f85dc20b9d6fc5a8d1da2a2dc0c1f560762d7465817b5b7b0d74006,fairness_disparity_uncertainty,239,c1300316fe5baec24e789c06aec35dd4f283fa4843b71c7aab1edbf4818f8e91,d483d8ddb93a47a99a2eab54fe3d138d8f614798dd418bca860ea3f20c813f51,b8deac0a615b97076622ae540f4cfd0d3c3f1e7acb83ba3ff6560470a9ccf60a,ordinal_multiclass_performance,no_salary_hike_no_attrition_no_department_no_job_role,EducationBackground,,exploratory_operational_subgroup_diagnostic,,30,,policy_ablation_raw_uncalibrated_oof_probabilities,accuracy,,,,,30,,,support_aware_subgroup_disparity,0.0927568366592757,0.0564575949845184,0.2140285285749598,0.95,6.0,5.0,"[""Life Sciences"",""Marketing"",""Medical"",""Other"",""Technical Degree""]",66.0,66.0,5000.0,5000.0,1.0,3528e4377f9907c2a7c1b51806abf09e0ec2d5513da630618b0a0cb9950a37d0,paired_stratified_sample_level_percentile,fixed_from_complete_oof_before_resampling,support_sufficient_descriptive_estimate,True,pointwise_descriptive,none,200.0,Intervals condition on the observed employees and fixed fold/model-training protocol; they do not estimate model-training instability.,"Descriptive OOF subgroup audit only; gaps do not establish discrimination, fairness, or causality. Class-specific rows use their reported denominators. Intervals are pointwise; no multiplicity-adjusted or simultaneous inference.",1515,EducationBackground | accuracy
canonical_v2_20260714T221501Z_483f96f,51415c2ce68c89d9ce2b042b0a7a811fe3e98180b72460006f9d0465f6bf49b7,06c507bee525ea1daca43b61249764007d4d8baaa05c9333f23446ea723ce160,f1e358e99914563305428cece1b1595bc76a58643184407ec5b222162d650332,98ae57b622a56983192975c5bff94374ed51322f13c76af633c3c96ceb198cdd,support_aware_subgroup_diagnostics,"{""dataset_sha256"":""b8deac0a615b97076622ae540f4cfd0d3c3f1e7acb83ba3ff6560470a9ccf60a""}","{""policy"":""no_salary_hike_no_attrition_no_department_no_job_role""}",support_gated_descriptive_oof_subgroup_diagnostics,not_applicable_or_resolved_by_source_contract,pointwise_paired_stratified_percentile_bootstrap_5000_draws,subgroup_proxy/fairness_disparity_uncertainty.csv,f67613b45f85dc20b9d6fc5a8d1da2a2dc0c1f560762d7465817b5b7b0d74006,fairness_disparity_uncertainty,240,c1300316fe5baec24e789c06aec35dd4f283fa4843b71c7aab1edbf4818f8e91,d483d8ddb93a47a99a2eab54fe3d138d8f614798dd418bca860ea3f20c813f51,b8deac0a615b97076622ae540f4cfd0d3c3f1e7acb83ba3ff6560470a9ccf60a,ordinal_multiclass_performance,no_salary_hike_no_attrition_no_department_no_job_role,EducationBackground,,exploratory_operational_subgroup_diagnostic,,30,,policy_ablation_raw_uncalibrated_oof_probabilities,false_positive_rate,2.0,,,,10,,,support_aware_subgroup_disparity,0.0417529330572808,0.0265144952428382,0.1053014314419237,0.95,6.0,5.0,"[""Life Sciences"",""Marketing"",""Medical"",""Other"",""Technical Degree""]",66.0,63.0,5000.0,5000.0,1.0,3528e4377f9907c2a7c1b51806abf09e0ec2d5513da630618b0a0cb9950a37d0,paired_stratified_sample_level_percentile,fixed_from_complete_oof_before_resampling,support_sufficient_descriptive_estimate,True,pointwise_descriptive,none,200.0,Intervals condition on the observed employees and fixed fold/model-training protocol; they do not estimate model-training instability.,"Descriptive OOF subgroup audit only; gaps do not establish discrimination, fairness, or causality. Class-specific rows use their reported denominators. Intervals are pointwise; no multiplicity-adjusted or simultaneous inference.",1516,EducationBackground | false_positive_rate | class 2.0
canonical_v2_20260714T221501Z_483f96f,51415c2ce68c89d9ce2b042b0a7a811fe3e98180b72460006f9d0465f6bf49b7,06c507bee525ea1daca43b61249764007d4d8baaa05c9333f23446ea723ce160,f1e358e99914563305428cece1b1595bc76a58643184407ec5b222162d650332,98ae57b622a56983192975c5bff94374ed51322f13c76af633c3c96ceb198cdd,support_aware_subgroup_diagnostics,"{""dataset_sha256"":""b8deac0a615b97076622ae540f4cfd0d3c3f1e7acb83ba3ff6560470a9ccf60a""}","{""policy"":""no_salary_hike_no_attrition_no_department_no_job_role""}",support_gated_descriptive_oof_subgroup_diagnostics,not_applicable_or_resolved_by_source_contract,pointwise_paired_stratified_percentile_bootstrap_5000_draws,subgroup_proxy/fairness_disparity_uncertainty.csv,f67613b45f85dc20b9d6fc5a8d1da2a2dc0c1f560762d7465817b5b7b0d74006,fairness_disparity_uncertainty,241,c1300316fe5baec24e789c06aec35dd4f283fa4843b71c7aab1edbf4818f8e91,d483d8ddb93a47a99a2eab54fe3d138d8f614798dd418bca860ea3f20c813f51,b8deac0a615b97076622ae540f4cfd0d3c3f1e7acb83ba3ff6560470a9ccf60a,ordinal_multiclass_performance,no_salary_hike_no_attrition_no_department_no_job_role,EducationBackground,,exploratory_operational_subgroup_diagnostic,,30,,policy_ablation_raw_uncalibrated_oof_probabilities,false_positive_rate,3.0,,,,10,,,support_aware_subgroup_disparity,0.3209302325581395,0.1118699897663313,0.6833928571428562,0.95,6.0,5.0,"[""Life Sciences"",""Marketing"",""Medical"",""Other"",""Technical Degree""]",66.0,10.0,5000.0,5000.0,1.0,3528e4377f9907c2a7c1b51806abf09e0ec2d5513da630618b0a0cb9950a37d0,paired_stratified_sample_level_percentile,fixed_from_complete_oof_before_resampling,support_sufficient_but_interval_wide,False,pointwise_descriptive,none,200.0,Intervals condition on the observed employees and fixed fold/model-training protocol; they do not estimate model-training instability.,"Descriptive OOF subgroup audit only; gaps do not establish discrimination, fairness, or causality. Class-specific rows use their reported denominators. Intervals are pointwise; no multiplicity-adjusted or simultaneous inference.",1517,EducationBackground | false_positive_rate | class 3.0
canonical_v2_20260714T221501Z_483f96f,51415c2ce68c89d9ce2b042b0a7a811fe3e98180b72460006f9d0465f6bf49b7,06c507bee525ea1daca43b61249764007d4d8baaa05c9333f23446ea723ce160,f1e358e99914563305428cece1b1595bc76a58643184407ec5b222162d650332,98ae57b622a56983192975c5bff94374ed51322f13c76af633c3c96ceb198cdd,support_aware_subgroup_diagnostics,"{""dataset_sha256"":""b8deac0a615b97076622ae540f4cfd0d3c3f1e7acb83ba3ff6560470a9ccf60a""}","{""policy"":""no_salary_hike_no_attrition_no_department_no_job_role""}",support_gated_descriptive_oof_subgroup_diagnostics,not_applicable_or_resolved_by_source_contract,pointwise_paired_stratified_percentile_bootstrap_5000_draws,subgroup_proxy/fairness_disparity_uncertainty.csv,f67613b45f85dc20b9d6fc5a8d1da2a2dc0c1f560762d7465817b5b7b0d74006,fairness_disparity_uncertainty,242,c1300316fe5baec24e789c06aec35dd4f283fa4843b71c7aab1edbf4818f8e91,d483d8ddb93a47a99a2eab54fe3d138d8f614798dd418bca860ea3f20c813f51,b8deac0a615b97076622ae540f4cfd0d3c3f1e7acb83ba3ff6560470a9ccf60a,ordinal_multiclass_performance,no_salary_hike_no_attrition_no_department_no_job_role,EducationBackground,,exploratory_operational_subgroup_diagnostic,,30,,policy_ablation_raw_uncalibrated_oof_probabilities,false_positive_rate,4.0,,,,10,,,support_aware_subgroup_disparity,0.06697837521917,0.0407181138933267,0.15844521091487,0.95,6.0,5.0,"[""Life Sciences"",""Marketing"",""Medical"",""Other"",""Technical Degree""]",66.0,59.0,5000.0,5000.0,1.0,3528e4377f9907c2a7c1b51806abf09e0ec2d5513da630618b0a0cb9950a37d0,paired_stratified_sample_level_percentile,fixed_from_complete_oof_before_resampling,support_sufficient_descriptive_estimate,True,pointwise_descriptive,none,200.0,Intervals condition on the observed employees and fixed fold/model-training protocol; they do not estimate model-training instability.,"Descriptive OOF subgroup audit only; gaps do not establish discrimination, fairness, or causality. Class-specific rows use their reported denominators. Intervals are pointwise; no multiplicity-adjusted or simultaneous inference.",1518,EducationBackground | false_positive_rate | class 4.0
canonical_v2_20260714T221501Z_483f96f,51415c2ce68c89d9ce2b042b0a7a811fe3e98180b72460006f9d0465f6bf49b7,06c507bee525ea1daca43b61249764007d4d8baaa05c9333f23446ea723ce160,f1e358e99914563305428cece1b1595bc76a58643184407ec5b222162d650332,98ae57b622a56983192975c5bff94374ed51322f13c76af633c3c96ceb198cdd,support_aware_subgroup_diagnostics,"{""dataset_sha256"":""b8deac0a615b97076622ae540f4cfd0d3c3f1e7acb83ba3ff6560470a9ccf60a""}","{""policy"":""no_salary_hike_no_attrition_no_department_no_job_role""}",support_gated_descriptive_oof_subgroup_diagnostics,not_applicable_or_resolved_by_source_contract,pointwise_paired_stratified_percentile_bootstrap_5000_draws,subgroup_proxy/fairness_disparity_uncertainty.csv,f67613b45f85dc20b9d6fc5a8d1da2a2dc0c1f560762d7465817b5b7b0d74006,fairness_disparity_uncertainty,243,c1300316fe5baec24e789c06aec35dd4f283fa4843b71c7aab1edbf4818f8e91,d483d8ddb93a47a99a2eab54fe3d138d8f614798dd418bca860ea3f20c813f51,b8deac0a615b97076622ae540f4cfd0d3c3f1e7acb83ba3ff6560470a9ccf60a,ordinal_multiclass_performance,no_salary_hike_no_attrition_no_department_no_job_role,EducationBackground,,exploratory_operational_subgroup_diagnostic,,30,,policy_ablation_raw_uncalibrated_oof_probabilities,macro_f1,,,,,30,,,support_aware_subgroup_disparity,0.0571460365176211,0.0376062958223542,0.3106981497460648,0.95,6.0,5.0,"[""Life Sciences"",""Marketing"",""Medical"",""Other"",""Technical Degree""]",66.0,66.0,5000.0,5000.0,1.0,3528e4377f9907c2a7c1b51806abf09e0ec2d5513da630618b0a0cb9950a37d0,paired_stratified_sample_level_percentile,fixed_from_complete_oof_before_resampling,support_sufficient_but_interval_wide,False,pointwise_descriptive,none,200.0,Intervals condition on the observed employees and fixed fold/model-training protocol; they do not estimate model-training instability.,"Descriptive OOF subgroup audit only; gaps do not establish discrimination, fairness, or causality. Class-specific rows use their reported denominators. Intervals are pointwise; no multiplicity-adjusted or simultaneous inference.",1519,EducationBackground | macro_f1
canonical_v2_20260714T221501Z_483f96f,51415c2ce68c89d9ce2b042b0a7a811fe3e98180b72460006f9d0465f6bf49b7,06c507bee525ea1daca43b61249764007d4d8baaa05c9333f23446ea723ce160,f1e358e99914563305428cece1b1595bc76a58643184407ec5b222162d650332,98ae57b622a56983192975c5bff94374ed51322f13c76af633c3c96ceb198cdd,support_aware_subgroup_diagnostics,"{""dataset_sha256"":""b8deac0a615b97076622ae540f4cfd0d3c3f1e7acb83ba3ff6560470a9ccf60a""}","{""policy"":""no_salary_hike_no_attrition_no_department_no_job_role""}",support_gated_descriptive_oof_subgroup_diagnostics,not_applicable_or_resolved_by_source_contract,pointwise_paired_stratified_percentile_bootstrap_5000_draws,subgroup_proxy/fairness_disparity_uncertainty.csv,f67613b45f85dc20b9d6fc5a8d1da2a2dc0c1f560762d7465817b5b7b0d74006,fairness_disparity_uncertainty,244,c1300316fe5baec24e789c06aec35dd4f283fa4843b71c7aab1edbf4818f8e91,d483d8ddb93a47a99a2eab54fe3d138d8f614798dd418bca860ea3f20c813f51,b8deac0a615b97076622ae540f4cfd0d3c3f1e7acb83ba3ff6560470a9ccf60a,ordinal_multiclass_performance,no_salary_hike_no_attrition_no_department_no_job_role,EducationBackground,,exploratory_operational_subgroup_diagnostic,,30,,policy_ablation_raw_uncalibrated_oof_probabilities,mean_predicted_probability,2.0,,,,30,,,support_aware_subgroup_disparity,0.1449882459736324,0.0808181220311549,0.2313974377793128,0.95,6.0,5.0,"[""Life Sciences"",""Marketing"",""Medical"",""Other"",""Technical Degree""]",66.0,66.0,5000.0,5000.0,1.0,3528e4377f9907c2a7c1b51806abf09e0ec2d5513da630618b0a0cb9950a37d0,paired_stratified_sample_level_percentile,fixed_from_complete_oof_before_resampling,support_sufficient_descriptive_estimate,True,pointwise_descriptive,none,200.0,Intervals condition on the observed employees and fixed fold/model-training protocol; they do not estimate model-training instability.,"Descriptive OOF subgroup audit only; gaps do not establish discrimination, fairness, or causality. Class-specific rows use their reported denominators. Intervals are pointwise; no multiplicity-adjusted or simultaneous inference.",1520,EducationBackground | mean_predicted_probability | class 2.0
canonical_v2_20260714T221501Z_483f96f,51415c2ce68c89d9ce2b042b0a7a811fe3e98180b72460006f9d0465f6bf49b7,06c507bee525ea1daca43b61249764007d4d8baaa05c9333f23446ea723ce160,f1e358e99914563305428cece1b1595bc76a58643184407ec5b222162d650332,98ae57b622a56983192975c5bff94374ed51322f13c76af633c3c96ceb198cdd,support_aware_subgroup_diagnostics,"{""dataset_sha256"":""b8deac0a615b97076622ae540f4cfd0d3c3f1e7acb83ba3ff6560470a9ccf60a""}","{""policy"":""no_salary_hike_no_attrition_no_department_no_job_role""}",support_gated_descriptive_oof_subgroup_diagnostics,not_applicable_or_resolved_by_source_contract,pointwise_paired_stratified_percentile_bootstrap_5000_draws,subgroup_proxy/fairness_disparity_uncertainty.csv,f67613b45f85dc20b9d6fc5a8d1da2a2dc0c1f560762d7465817b5b7b0d74006,fairness_disparity_uncertainty,245,c1300316fe5baec24e789c06aec35dd4f283fa4843b71c7aab1edbf4818f8e91,d483d8ddb93a47a99a2eab54fe3d138d8f614798dd418bca860ea3f20c813f51,b8deac0a615b97076622ae540f4cfd0d3c3f1e7acb83ba3ff6560470a9ccf60a,ordinal_multiclass_performance,no_salary_hike_no_attrition_no_department_no_job_role,EducationBackground,,exploratory_operational_subgroup_diagnostic,,30,,policy_ablation_raw_uncalibrated_oof_probabilities,mean_predicted_probability,3.0,,,,30,,,support_aware_subgroup_disparity,0.1366060387306236,0.0823452860934151,0.21670836978712,0.95,6.0,5.0,"[""Life Sciences"",""Marketing"",""Medical"",""Other"",""Technical Degree""]",66.0,66.0,5000.0,5000.0,1.0,3528e4377f9907c2a7c1b51806abf09e0ec2d5513da630618b0a0cb9950a37d0,paired_stratified_sample_level_percentile,fixed_from_complete_oof_before_resampling,support_sufficient_descriptive_estimate,True,pointwise_descriptive,none,200.0,Intervals condition on the observed employees and fixed fold/model-training protocol; they do not estimate model-training instability.,"Descriptive OOF subgroup audit only; gaps do not establish discrimination, fairness, or causality. Class-specific rows use their reported denominators. Intervals are pointwise; no multiplicity-adjusted or simultaneous inference.",1521,EducationBackground | mean_predicted_probability | class 3.0
canonical_v2_20260714T221501Z_483f96f,51415c2ce68c89d9ce2b042b0a7a811fe3e98180b72460006f9d0465f6bf49b7,06c507bee525ea1daca43b61249764007d4d8baaa05c9333f23446ea723ce160,f1e358e99914563305428cece1b1595bc76a58643184407ec5b222162d650332,98ae57b622a56983192975c5bff94374ed51322f13c76af633c3c96ceb198cdd,support_aware_subgroup_diagnostics,"{""dataset_sha256"":""b8deac0a615b97076622ae540f4cfd0d3c3f1e7acb83ba3ff6560470a9ccf60a""}","{""policy"":""no_salary_hike_no_attrition_no_department_no_job_role""}",support_gated_descriptive_oof_subgroup_diagnostics,not_applicable_or_resolved_by_source_contract,pointwise_paired_stratified_percentile_bootstrap_5000_draws,subgroup_proxy/fairness_disparity_uncertainty.csv,f67613b45f85dc20b9d6fc5a8d1da2a2dc0c1f560762d7465817b5b7b0d74006,fairness_disparity_uncertainty,246,c1300316fe5baec24e789c06aec35dd4f283fa4843b71c7aab1edbf4818f8e91,d483d8ddb93a47a99a2eab54fe3d138d8f614798dd418bca860ea3f20c813f51,b8deac0a615b97076622ae540f4cfd0d3c3f1e7acb83ba3ff6560470a9ccf60a,ordinal_multiclass_performance,no_salary_hike_no_attrition_no_department_no_job_role,EducationBackground,,exploratory_operational_subgroup_diagnostic,,30,,policy_ablation_raw_uncalibrated_oof_probabilities,mean_predicted_probability,4.0,,,,30,,,support_aware_subgroup_disparity,0.0551336865018009,0.0272846281356257,0.1094456394989692,0.95,6.0,5.0,"[""Life Sciences"",""Marketing"",""Medical"",""Other"",""Technical Degree""]",66.0,66.0,5000.0,5000.0,1.0,3528e4377f9907c2a7c1b51806abf09e0ec2d5513da630618b0a0cb9950a37d0,paired_stratified_sample_level_percentile,fixed_from_complete_oof_before_resampling,support_sufficient_descriptive_estimate,True,pointwise_descriptive,none,200.0,Intervals condition on the observed employees and fixed fold/model-training protocol; they do not estimate model-training instability.,"Descriptive OOF subgroup audit only; gaps do not establish discrimination, fairness, or causality. Class-specific rows use their reported denominators. Intervals are pointwise; no multiplicity-adjusted or simultaneous inference.",1522,EducationBackground | mean_predicted_probability | class 4.0
canonical_v2_20260714T221501Z_483f96f,51415c2ce68c89d9ce2b042b0a7a811fe3e98180b72460006f9d0465f6bf49b7,06c507bee525ea1daca43b61249764007d4d8baaa05c9333f23446ea723ce160,f1e358e99914563305428cece1b1595bc76a58643184407ec5b222162d650332,98ae57b622a56983192975c5bff94374ed51322f13c76af633c3c96ceb198cdd,support_aware_subgroup_diagnostics,"{""dataset_sha256"":""b8deac0a615b97076622ae540f4cfd0d3c3f1e7acb83ba3ff6560470a9ccf60a""}","{""policy"":""no_salary_hike_no_attrition_no_department_no_job_role""}",support_gated_descriptive_oof_subgroup_diagnostics,not_applicable_or_resolved_by_source_contract,pointwise_paired_stratified_percentile_bootstrap_5000_draws,subgroup_proxy/fairness_disparity_uncertainty.csv,f67613b45f85dc20b9d6fc5a8d1da2a2dc0c1f560762d7465817b5b7b0d74006,fairness_disparity_uncertainty,247,c1300316fe5baec24e789c06aec35dd4f283fa4843b71c7aab1edbf4818f8e91,d483d8ddb93a47a99a2eab54fe3d138d8f614798dd418bca860ea3f20c813f51,b8deac0a615b97076622ae540f4cfd0d3c3f1e7acb83ba3ff6560470a9ccf60a,ordinal_multiclass_performance,no_salary_hike_no_attrition_no_department_no_job_role,EducationBackground,,exploratory_operational_subgroup_diagnostic,,30,,policy_ablation_raw_uncalibrated_oof_probabilities,positive_prediction_rate,2.0,,,,30,,,support_aware_subgroup_disparity,0.1645653616456536,0.0918796101159114,0.262909409471851,0.95,6.0,5.0,"[""Life Sciences"",""Marketing"",""Medical"",""Other"",""Technical Degree""]",66.0,66.0,5000.0,5000.0,1.0,3528e4377f9907c2a7c1b51806abf09e0ec2d5513da630618b0a0cb9950a37d0,paired_stratified_sample_level_percentile,fixed_from_complete_oof_before_resampling,support_sufficient_descriptive_estimate,True,pointwise_descriptive,none,200.0,Intervals condition on the observed employees and fixed fold/model-training protocol; they do not estimate model-training instability.,"Descriptive OOF subgroup audit only; gaps do not establish discrimination, fairness, or causality. Class-specific rows use their reported denominators. Intervals are pointwise; no multiplicity-adjusted or simultaneous inference.",1523,EducationBackground | positive_prediction_rate | class 2.0
canonical_v2_20260714T221501Z_483f96f,51415c2ce68c89d9ce2b042b0a7a811fe3e98180b72460006f9d0465f6bf49b7,06c507bee525ea1daca43b61249764007d4d8baaa05c9333f23446ea723ce160,f1e358e99914563305428cece1b1595bc76a58643184407ec5b222162d650332,98ae57b622a56983192975c5bff94374ed51322f13c76af633c3c96ceb198cdd,support_aware_subgroup_diagnostics,"{""dataset_sha256"":""b8deac0a615b97076622ae540f4cfd0d3c3f1e7acb83ba3ff6560470a9ccf60a""}","{""policy"":""no_salary_hike_no_attrition_no_department_no_job_role""}",support_gated_descriptive_oof_subgroup_diagnostics,not_applicable_or_resolved_by_source_contract,pointwise_paired_stratified_percentile_bootstrap_5000_draws,subgroup_proxy/fairness_disparity_uncertainty.csv,f67613b45f85dc20b9d6fc5a8d1da2a2dc0c1f560762d7465817b5b7b0d74006,fairness_disparity_uncertainty,248,c1300316fe5baec24e789c06aec35dd4f283fa4843b71c7aab1edbf4818f8e91,d483d8ddb93a47a99a2eab54fe3d138d8f614798dd418bca860ea3f20c813f51,b8deac0a615b97076622ae540f4cfd0d3c3f1e7acb83ba3ff6560470a9ccf60a,ordinal_multiclass_performance,no_salary_hike_no_attrition_no_department_no_job_role,EducationBackground,,exploratory_operational_subgroup_diagnostic,,30,,policy_ablation_raw_uncalibrated_oof_probabilities,positive_prediction_rate,3.0,,,,30,,,support_aware_subgroup_disparity,0.2043606799704361,0.1138618174992994,0.3128522059041355,0.95,6.0,5.0,"[""Life Sciences"",""Marketing"",""Medical"",""Other"",""Technical Degree""]",66.0,66.0,5000.0,5000.0,1.0,3528e4377f9907c2a7c1b51806abf09e0ec2d5513da630618b0a0cb9950a37d0,paired_stratified_sample_level_percentile,fixed_from_complete_oof_before_resampling,support_sufficient_descriptive_estimate,True,pointwise_descriptive,none,200.0,Intervals condition on the observed employees and fixed fold/model-training protocol; they do not estimate model-training instability.,"Descriptive OOF subgroup audit only; gaps do not establish discrimination, fairness, or causality. Class-specific rows use their reported denominators. Intervals are pointwise; no multiplicity-adjusted or simultaneous inference.",1524,EducationBackground | positive_prediction_rate | class 3.0
canonical_v2_20260714T221501Z_483f96f,51415c2ce68c89d9ce2b042b0a7a811fe3e98180b72460006f9d0465f6bf49b7,06c507bee525ea1daca43b61249764007d4d8baaa05c9333f23446ea723ce160,f1e358e99914563305428cece1b1595bc76a58643184407ec5b222162d650332,98ae57b622a56983192975c5bff94374ed51322f13c76af633c3c96ceb198cdd,support_aware_subgroup_diagnostics,"{""dataset_sha256"":""b8deac0a615b97076622ae540f4cfd0d3c3f1e7acb83ba3ff6560470a9ccf60a""}","{""policy"":""no_salary_hike_no_attrition_no_department_no_job_role""}",support_gated_descriptive_oof_subgroup_diagnostics,not_applicable_or_resolved_by_source_contract,pointwise_paired_stratified_percentile_bootstrap_5000_draws,subgroup_proxy/fairness_disparity_uncertainty.csv,f67613b45f85dc20b9d6fc5a8d1da2a2dc0c1f560762d7465817b5b7b0d74006,fairness_disparity_uncertainty,249,c1300316fe5baec24e789c06aec35dd4f283fa4843b71c7aab1edbf4818f8e91,d483d8ddb93a47a99a2eab54fe3d138d8f614798dd418bca860ea3f20c813f51,b8deac0a615b97076622ae540f4cfd0d3c3f1e7acb83ba3ff6560470a9ccf60a,ordinal_multiclass_performance,no_salary_hike_no_attrition_no_department_no_job_role,EducationBackground,,exploratory_operational_subgroup_diagnostic,,30,,policy_ablation_raw_uncalibrated_oof_probabilities,positive_prediction_rate,4.0,,,,30,,,support_aware_subgroup_disparity,0.069660014781966,0.0427295352883083,0.1537139249639247,0.95,6.0,5.0,"[""Life Sciences"",""Marketing"",""Medical"",""Other"",""Technical Degree""]",66.0,66.0,5000.0,5000.0,1.0,3528e4377f9907c2a7c1b51806abf09e0ec2d5513da630618b0a0cb9950a37d0,paired_stratified_sample_level_percentile,fixed_from_complete_oof_before_resampling,support_sufficient_descriptive_estimate,True,pointwise_descriptive,none,200.0,Intervals condition on the observed employees and fixed fold/model-training protocol; they do not estimate model-training instability.,"Descriptive OOF subgroup audit only; gaps do not establish discrimination, fairness, or causality. Class-specific rows use their reported denominators. Intervals are pointwise; no multiplicity-adjusted or simultaneous inference.",1525,EducationBackground | positive_prediction_rate | class 4.0
canonical_v2_20260714T221501Z_483f96f,51415c2ce68c89d9ce2b042b0a7a811fe3e98180b72460006f9d0465f6bf49b7,06c507bee525ea1daca43b61249764007d4d8baaa05c9333f23446ea723ce160,f1e358e99914563305428cece1b1595bc76a58643184407ec5b222162d650332,98ae57b622a56983192975c5bff94374ed51322f13c76af633c3c96ceb198cdd,support_aware_subgroup_diagnostics,"{""dataset_sha256"":""b8deac0a615b97076622ae540f4cfd0d3c3f1e7acb83ba3ff6560470a9ccf60a""}","{""policy"":""no_salary_hike_no_attrition_no_department_no_job_role""}",support_gated_descriptive_oof_subgroup_diagnostics,not_applicable_or_resolved_by_source_contract,pointwise_paired_stratified_percentile_bootstrap_5000_draws,subgroup_proxy/fairness_disparity_uncertainty.csv,f67613b45f85dc20b9d6fc5a8d1da2a2dc0c1f560762d7465817b5b7b0d74006,fairness_disparity_uncertainty,250,c1300316fe5baec24e789c06aec35dd4f283fa4843b71c7aab1edbf4818f8e91,d483d8ddb93a47a99a2eab54fe3d138d8f614798dd418bca860ea3f20c813f51,b8deac0a615b97076622ae540f4cfd0d3c3f1e7acb83ba3ff6560470a9ccf60a,ordinal_multiclass_performance,no_salary_hike_no_attrition_no_department_no_job_role,EducationBackground,,exploratory_operational_subgroup_diagnostic,,30,,policy_ablation_raw_uncalibrated_oof_probabilities,precision,2.0,,,,10,,,support_aware_subgroup_disparity,0.1333333333333334,0.0619168474546049,0.3289269289729176,0.95,6.0,4.0,"[""Life Sciences"",""Marketing"",""Medical"",""Technical Degree""]",100.0,20.0,5000.0,5000.0,1.0,3528e4377f9907c2a7c1b51806abf09e0ec2d5513da630618b0a0cb9950a37d0,paired_stratified_sample_level_percentile,fixed_from_complete_oof_before_resampling,support_sufficient_but_interval_wide,False,pointwise_descriptive,none,200.0,Intervals condition on the observed employees and fixed fold/model-training protocol; they do not estimate model-training instability.,"Descriptive OOF subgroup audit only; gaps do not establish discrimination, fairness, or causality. Class-specific rows use their reported denominators. Intervals are pointwise; no multiplicity-adjusted or simultaneous inference.",1526,EducationBackground | precision | class 2.0
canonical_v2_20260714T221501Z_483f96f,51415c2ce68c89d9ce2b042b0a7a811fe3e98180b72460006f9d0465f6bf49b7,06c507bee525ea1daca43b61249764007d4d8baaa05c9333f23446ea723ce160,f1e358e99914563305428cece1b1595bc76a58643184407ec5b222162d650332,98ae57b622a56983192975c5bff94374ed51322f13c76af633c3c96ceb198cdd,support_aware_subgroup_diagnostics,"{""dataset_sha256"":""b8deac0a615b97076622ae540f4cfd0d3c3f1e7acb83ba3ff6560470a9ccf60a""}","{""policy"":""no_salary_hike_no_attrition_no_department_no_job_role""}",support_gated_descriptive_oof_subgroup_diagnostics,not_applicable_or_resolved_by_source_contract,pointwise_paired_stratified_percentile_bootstrap_5000_draws,subgroup_proxy/fairness_disparity_uncertainty.csv,f67613b45f85dc20b9d6fc5a8d1da2a2dc0c1f560762d7465817b5b7b0d74006,fairness_disparity_uncertainty,251,c1300316fe5baec24e789c06aec35dd4f283fa4843b71c7aab1edbf4818f8e91,d483d8ddb93a47a99a2eab54fe3d138d8f614798dd418bca860ea3f20c813f51,b8deac0a615b97076622ae540f4cfd0d3c3f1e7acb83ba3ff6560470a9ccf60a,ordinal_multiclass_performance,no_salary_hike_no_attrition_no_department_no_job_role,EducationBackground,,exploratory_operational_subgroup_diagnostic,,30,,policy_ablation_raw_uncalibrated_oof_probabilities,precision,3.0,,,,10,,,support_aware_subgroup_disparity,0.0555555555555554,0.0342986432984593,0.1860235828863539,0.95,6.0,5.0,"[""Life Sciences"",""Marketing"",""Medical"",""Other"",""Technical Degree""]",66.0,54.0,5000.0,5000.0,1.0,3528e4377f9907c2a7c1b51806abf09e0ec2d5513da630618b0a0cb9950a37d0,paired_stratified_sample_level_percentile,fixed_from_complete_oof_before_resampling,support_sufficient_descriptive_estimate,True,pointwise_descriptive,none,200.0,Intervals condition on the observed employees and fixed fold/model-training protocol; they do not estimate model-training instability.,"Descriptive OOF subgroup audit only; gaps do not establish discrimination, fairness, or causality. Class-specific rows use their reported denominators. Intervals are pointwise; no multiplicity-adjusted or simultaneous inference.",1527,EducationBackground | precision | class 3.0
canonical_v2_20260714T221501Z_483f96f,51415c2ce68c89d9ce2b042b0a7a811fe3e98180b72460006f9d0465f6bf49b7,06c507bee525ea1daca43b61249764007d4d8baaa05c9333f23446ea723ce160,f1e358e99914563305428cece1b1595bc76a58643184407ec5b222162d650332,98ae57b622a56983192975c5bff94374ed51322f13c76af633c3c96ceb198cdd,support_aware_subgroup_diagnostics,"{""dataset_sha256"":""b8deac0a615b97076622ae540f4cfd0d3c3f1e7acb83ba3ff6560470a9ccf60a""}","{""policy"":""no_salary_hike_no_attrition_no_department_no_job_role""}",support_gated_descriptive_oof_subgroup_diagnostics,not_applicable_or_resolved_by_source_contract,pointwise_paired_stratified_percentile_bootstrap_5000_draws,subgroup_proxy/fairness_disparity_uncertainty.csv,f67613b45f85dc20b9d6fc5a8d1da2a2dc0c1f560762d7465817b5b7b0d74006,fairness_disparity_uncertainty,252,c1300316fe5baec24e789c06aec35dd4f283fa4843b71c7aab1edbf4818f8e91,d483d8ddb93a47a99a2eab54fe3d138d8f614798dd418bca860ea3f20c813f51,b8deac0a615b97076622ae540f4cfd0d3c3f1e7acb83ba3ff6560470a9ccf60a,ordinal_multiclass_performance,no_salary_hike_no_attrition_no_department_no_job_role,EducationBackground,,exploratory_operational_subgroup_diagnostic,,30,,policy_ablation_raw_uncalibrated_oof_probabilities,precision,4.0,,,,10,,,support_aware_subgroup_disparity,0.0603902953586497,0.0461538461538461,0.3545376121463072,0.95,6.0,4.0,"[""Life Sciences"",""Marketing"",""Medical"",""Technical Degree""]",100.0,13.0,5000.0,5000.0,1.0,3528e4377f9907c2a7c1b51806abf09e0ec2d5513da630618b0a0cb9950a37d0,paired_stratified_sample_level_percentile,fixed_from_complete_oof_before_resampling,support_sufficient_but_interval_wide,False,pointwise_descriptive,none,200.0,Intervals condition on the observed employees and fixed fold/model-training protocol; they do not estimate model-training instability.,"Descriptive OOF subgroup audit only; gaps do not establish discrimination, fairness, or causality. Class-specific rows use their reported denominators. Intervals are pointwise; no multiplicity-adjusted or simultaneous inference.",1528,EducationBackground | precision | class 4.0
canonical_v2_20260714T221501Z_483f96f,51415c2ce68c89d9ce2b042b0a7a811fe3e98180b72460006f9d0465f6bf49b7,06c507bee525ea1daca43b61249764007d4d8baaa05c9333f23446ea723ce160,f1e358e99914563305428cece1b1595bc76a58643184407ec5b222162d650332,98ae57b622a56983192975c5bff94374ed51322f13c76af633c3c96ceb198cdd,support_aware_subgroup_diagnostics,"{""dataset_sha256"":""b8deac0a615b97076622ae540f4cfd0d3c3f1e7acb83ba3ff6560470a9ccf60a""}","{""policy"":""no_salary_hike_no_attrition_no_department_no_job_role""}",support_gated_descriptive_oof_subgroup_diagnostics,not_applicable_or_resolved_by_source_contract,pointwise_paired_stratified_percentile_bootstrap_5000_draws,subgroup_proxy/fairness_disparity_uncertainty.csv,f67613b45f85dc20b9d6fc5a8d1da2a2dc0c1f560762d7465817b5b7b0d74006,fairness_disparity_uncertainty,253,c1300316fe5baec24e789c06aec35dd4f283fa4843b71c7aab1edbf4818f8e91,d483d8ddb93a47a99a2eab54fe3d138d8f614798dd418bca860ea3f20c813f51,b8deac0a615b97076622ae540f4cfd0d3c3f1e7acb83ba3ff6560470a9ccf60a,ordinal_multiclass_performance,no_salary_hike_no_attrition_no_department_no_job_role,EducationBackground,,exploratory_operational_subgroup_diagnostic,,30,,policy_ablation_raw_uncalibrated_oof_probabilities,true_positive_rate,2.0,,,,10,,,support_aware_subgroup_disparity,0.132183908045977,0.0352831962771721,0.3424971198156681,0.95,6.0,4.0,"[""Life Sciences"",""Marketing"",""Medical"",""Technical Degree""]",100.0,18.0,5000.0,5000.0,1.0,3528e4377f9907c2a7c1b51806abf09e0ec2d5513da630618b0a0cb9950a37d0,paired_stratified_sample_level_percentile,fixed_from_complete_oof_before_resampling,support_sufficient_but_interval_wide,False,pointwise_descriptive,none,200.0,Intervals condition on the observed employees and fixed fold/model-training protocol; they do not estimate model-training instability.,"Descriptive OOF subgroup audit only; gaps do not establish discrimination, fairness, or causality. Class-specific rows use their reported denominators. Intervals are pointwise; no multiplicity-adjusted or simultaneous inference.",1529,EducationBackground | true_positive_rate | class 2.0
canonical_v2_20260714T221501Z_483f96f,51415c2ce68c89d9ce2b042b0a7a811fe3e98180b72460006f9d0465f6bf49b7,06c507bee525ea1daca43b61249764007d4d8baaa05c9333f23446ea723ce160,f1e358e99914563305428cece1b1595bc76a58643184407ec5b222162d650332,98ae57b622a56983192975c5bff94374ed51322f13c76af633c3c96ceb198cdd,support_aware_subgroup_diagnostics,"{""dataset_sha256"":""b8deac0a615b97076622ae540f4cfd0d3c3f1e7acb83ba3ff6560470a9ccf60a""}","{""policy"":""no_salary_hike_no_attrition_no_department_no_job_role""}",support_gated_descriptive_oof_subgroup_diagnostics,not_applicable_or_resolved_by_source_contract,pointwise_paired_stratified_percentile_bootstrap_5000_draws,subgroup_proxy/fairness_disparity_uncertainty.csv,f67613b45f85dc20b9d6fc5a8d1da2a2dc0c1f560762d7465817b5b7b0d74006,fairness_disparity_uncertainty,254,c1300316fe5baec24e789c06aec35dd4f283fa4843b71c7aab1edbf4818f8e91,d483d8ddb93a47a99a2eab54fe3d138d8f614798dd418bca860ea3f20c813f51,b8deac0a615b97076622ae540f4cfd0d3c3f1e7acb83ba3ff6560470a9ccf60a,ordinal_multiclass_performance,no_salary_hike_no_attrition_no_department_no_job_role,EducationBackground,,exploratory_operational_subgroup_diagnostic,,30,,policy_ablation_raw_uncalibrated_oof_probabilities,true_positive_rate,3.0,,,,10,,,support_aware_subgroup_disparity,0.1428571428571428,0.0818642497932247,0.2448612096506841,0.95,6.0,5.0,"[""Life Sciences"",""Marketing"",""Medical"",""Other"",""Technical Degree""]",66.0,56.0,5000.0,5000.0,1.0,3528e4377f9907c2a7c1b51806abf09e0ec2d5513da630618b0a0cb9950a37d0,paired_stratified_sample_level_percentile,fixed_from_complete_oof_before_resampling,support_sufficient_descriptive_estimate,True,pointwise_descriptive,none,200.0,Intervals condition on the observed employees and fixed fold/model-training protocol; they do not estimate model-training instability.,"Descriptive OOF subgroup audit only; gaps do not establish discrimination, fairness, or causality. Class-specific rows use their reported denominators. Intervals are pointwise; no multiplicity-adjusted or simultaneous inference.",1530,EducationBackground | true_positive_rate | class 3.0
canonical_v2_20260714T221501Z_483f96f,51415c2ce68c89d9ce2b042b0a7a811fe3e98180b72460006f9d0465f6bf49b7,06c507bee525ea1daca43b61249764007d4d8baaa05c9333f23446ea723ce160,f1e358e99914563305428cece1b1595bc76a58643184407ec5b222162d650332,98ae57b622a56983192975c5bff94374ed51322f13c76af633c3c96ceb198cdd,support_aware_subgroup_diagnostics,"{""dataset_sha256"":""b8deac0a615b97076622ae540f4cfd0d3c3f1e7acb83ba3ff6560470a9ccf60a""}","{""policy"":""no_salary_hike_no_attrition_no_department_no_job_role""}",support_gated_descriptive_oof_subgroup_diagnostics,not_applicable_or_resolved_by_source_contract,pointwise_paired_stratified_percentile_bootstrap_5000_draws,subgroup_proxy/fairness_disparity_uncertainty.csv,f67613b45f85dc20b9d6fc5a8d1da2a2dc0c1f560762d7465817b5b7b0d74006,fairness_disparity_uncertainty,255,c1300316fe5baec24e789c06aec35dd4f283fa4843b71c7aab1edbf4818f8e91,d483d8ddb93a47a99a2eab54fe3d138d8f614798dd418bca860ea3f20c813f51,b8deac0a615b97076622ae540f4cfd0d3c3f1e7acb83ba3ff6560470a9ccf60a,ordinal_multiclass_performance,no_salary_hike_no_attrition_no_department_no_job_role,EducationBackground,,exploratory_operational_subgroup_diagnostic,,30,,policy_ablation_raw_uncalibrated_oof_probabilities,true_positive_rate,4.0,,,,10,,,support_aware_subgroup_disparity,0.1030701754385964,0.0614362815703088,0.3584905660377358,0.95,6.0,4.0,"[""Life Sciences"",""Marketing"",""Medical"",""Technical Degree""]",100.0,12.0,5000.0,5000.0,1.0,3528e4377f9907c2a7c1b51806abf09e0ec2d5513da630618b0a0cb9950a37d0,paired_stratified_sample_level_percentile,fixed_from_complete_oof_before_resampling,support_sufficient_but_interval_wide,False,pointwise_descriptive,none,200.0,Intervals condition on the observed employees and fixed fold/model-training protocol; they do not estimate model-training instability.,"Descriptive OOF subgroup audit only; gaps do not establish discrimination, fairness, or causality. Class-specific rows use their reported denominators. Intervals are pointwise; no multiplicity-adjusted or simultaneous inference.",1531,EducationBackground | true_positive_rate | class 4.0
canonical_v2_20260714T221501Z_483f96f,51415c2ce68c89d9ce2b042b0a7a811fe3e98180b72460006f9d0465f6bf49b7,06c507bee525ea1daca43b61249764007d4d8baaa05c9333f23446ea723ce160,f1e358e99914563305428cece1b1595bc76a58643184407ec5b222162d650332,98ae57b622a56983192975c5bff94374ed51322f13c76af633c3c96ceb198cdd,support_aware_subgroup_diagnostics,"{""dataset_sha256"":""b8deac0a615b97076622ae540f4cfd0d3c3f1e7acb83ba3ff6560470a9ccf60a""}","{""policy"":""no_salary_hike_no_attrition_no_department_no_job_role""}",support_gated_descriptive_oof_subgroup_diagnostics,not_applicable_or_resolved_by_source_contract,pointwise_paired_stratified_percentile_bootstrap_5000_draws,subgroup_proxy/fairness_disparity_uncertainty.csv,f67613b45f85dc20b9d6fc5a8d1da2a2dc0c1f560762d7465817b5b7b0d74006,fairness_disparity_uncertainty,256,c1300316fe5baec24e789c06aec35dd4f283fa4843b71c7aab1edbf4818f8e91,d483d8ddb93a47a99a2eab54fe3d138d8f614798dd418bca860ea3f20c813f51,b8deac0a615b97076622ae540f4cfd0d3c3f1e7acb83ba3ff6560470a9ccf60a,ordinal_multiclass_performance,no_salary_hike_no_attrition_no_department_no_job_role,EmpDepartment,,exploratory_operational_subgroup_diagnostic,,30,,policy_ablation_raw_uncalibrated_oof_probabilities,accuracy,,,,,30,,,support_aware_subgroup_disparity,0.2459720730397422,0.1509389383160278,0.3510561226564722,0.95,6.0,5.0,"[""Development"",""Finance"",""Human Resources"",""Research & Development"",""Sales""]",49.0,49.0,5000.0,5000.0,1.0,3528e4377f9907c2a7c1b51806abf09e0ec2d5513da630618b0a0cb9950a37d0,paired_stratified_sample_level_percentile,fixed_from_complete_oof_before_resampling,support_sufficient_descriptive_estimate,True,pointwise_descriptive,none,200.0,Intervals condition on the observed employees and fixed fold/model-training protocol; they do not estimate model-training instability.,"Descriptive OOF subgroup audit only; gaps do not establish discrimination, fairness, or causality. Class-specific rows use their reported denominators. Intervals are pointwise; no multiplicity-adjusted or simultaneous inference.",1532,EmpDepartment | accuracy
canonical_v2_20260714T221501Z_483f96f,51415c2ce68c89d9ce2b042b0a7a811fe3e98180b72460006f9d0465f6bf49b7,06c507bee525ea1daca43b61249764007d4d8baaa05c9333f23446ea723ce160,f1e358e99914563305428cece1b1595bc76a58643184407ec5b222162d650332,98ae57b622a56983192975c5bff94374ed51322f13c76af633c3c96ceb198cdd,support_aware_subgroup_diagnostics,"{""dataset_sha256"":""b8deac0a615b97076622ae540f4cfd0d3c3f1e7acb83ba3ff6560470a9ccf60a""}","{""policy"":""no_salary_hike_no_attrition_no_department_no_job_role""}",support_gated_descriptive_oof_subgroup_diagnostics,not_applicable_or_resolved_by_source_contract,pointwise_paired_stratified_percentile_bootstrap_5000_draws,subgroup_proxy/fairness_disparity_uncertainty.csv,f67613b45f85dc20b9d6fc5a8d1da2a2dc0c1f560762d7465817b5b7b0d74006,fairness_disparity_uncertainty,257,c1300316fe5baec24e789c06aec35dd4f283fa4843b71c7aab1edbf4818f8e91,d483d8ddb93a47a99a2eab54fe3d138d8f614798dd418bca860ea3f20c813f51,b8deac0a615b97076622ae540f4cfd0d3c3f1e7acb83ba3ff6560470a9ccf60a,ordinal_multiclass_performance,no_salary_hike_no_attrition_no_department_no_job_role,EmpDepartment,,exploratory_operational_subgroup_diagnostic,,30,,policy_ablation_raw_uncalibrated_oof_probabilities,false_positive_rate,2.0,,,,10,,,support_aware_subgroup_disparity,0.1522988505747126,0.1149401139766251,0.1915492957746478,0.95,6.0,5.0,"[""Development"",""Finance"",""Human Resources"",""Research & Development"",""Sales""]",49.0,34.0,5000.0,5000.0,1.0,3528e4377f9907c2a7c1b51806abf09e0ec2d5513da630618b0a0cb9950a37d0,paired_stratified_sample_level_percentile,fixed_from_complete_oof_before_resampling,support_sufficient_descriptive_estimate,True,pointwise_descriptive,none,200.0,Intervals condition on the observed employees and fixed fold/model-training protocol; they do not estimate model-training instability.,"Descriptive OOF subgroup audit only; gaps do not establish discrimination, fairness, or causality. Class-specific rows use their reported denominators. Intervals are pointwise; no multiplicity-adjusted or simultaneous inference.",1533,EmpDepartment | false_positive_rate | class 2.0
canonical_v2_20260714T221501Z_483f96f,51415c2ce68c89d9ce2b042b0a7a811fe3e98180b72460006f9d0465f6bf49b7,06c507bee525ea1daca43b61249764007d4d8baaa05c9333f23446ea723ce160,f1e358e99914563305428cece1b1595bc76a58643184407ec5b222162d650332,98ae57b622a56983192975c5bff94374ed51322f13c76af633c3c96ceb198cdd,support_aware_subgroup_diagnostics,"{""dataset_sha256"":""b8deac0a615b97076622ae540f4cfd0d3c3f1e7acb83ba3ff6560470a9ccf60a""}","{""policy"":""no_salary_hike_no_attrition_no_department_no_job_role""}",support_gated_descriptive_oof_subgroup_diagnostics,not_applicable_or_resolved_by_source_contract,pointwise_paired_stratified_percentile_bootstrap_5000_draws,subgroup_proxy/fairness_disparity_uncertainty.csv,f67613b45f85dc20b9d6fc5a8d1da2a2dc0c1f560762d7465817b5b7b0d74006,fairness_disparity_uncertainty,258,c1300316fe5baec24e789c06aec35dd4f283fa4843b71c7aab1edbf4818f8e91,d483d8ddb93a47a99a2eab54fe3d138d8f614798dd418bca860ea3f20c813f51,b8deac0a615b97076622ae540f4cfd0d3c3f1e7acb83ba3ff6560470a9ccf60a,ordinal_multiclass_performance,no_salary_hike_no_attrition_no_department_no_job_role,EmpDepartment,,exploratory_operational_subgroup_diagnostic,,30,,policy_ablation_raw_uncalibrated_oof_probabilities,false_positive_rate,3.0,,,,10,,,support_aware_subgroup_disparity,0.5263157894736842,0.3512314104385716,0.6989566045854075,0.95,6.0,5.0,"[""Development"",""Finance"",""Human Resources"",""Research & Development"",""Sales""]",49.0,16.0,5000.0,5000.0,1.0,3528e4377f9907c2a7c1b51806abf09e0ec2d5513da630618b0a0cb9950a37d0,paired_stratified_sample_level_percentile,fixed_from_complete_oof_before_resampling,support_sufficient_but_interval_wide,False,pointwise_descriptive,none,200.0,Intervals condition on the observed employees and fixed fold/model-training protocol; they do not estimate model-training instability.,"Descriptive OOF subgroup audit only; gaps do not establish discrimination, fairness, or causality. Class-specific rows use their reported denominators. Intervals are pointwise; no multiplicity-adjusted or simultaneous inference.",1534,EmpDepartment | false_positive_rate | class 3.0
canonical_v2_20260714T221501Z_483f96f,51415c2ce68c89d9ce2b042b0a7a811fe3e98180b72460006f9d0465f6bf49b7,06c507bee525ea1daca43b61249764007d4d8baaa05c9333f23446ea723ce160,f1e358e99914563305428cece1b1595bc76a58643184407ec5b222162d650332,98ae57b622a56983192975c5bff94374ed51322f13c76af633c3c96ceb198cdd,support_aware_subgroup_diagnostics,"{""dataset_sha256"":""b8deac0a615b97076622ae540f4cfd0d3c3f1e7acb83ba3ff6560470a9ccf60a""}","{""policy"":""no_salary_hike_no_attrition_no_department_no_job_role""}",support_gated_descriptive_oof_subgroup_diagnostics,not_applicable_or_resolved_by_source_contract,pointwise_paired_stratified_percentile_bootstrap_5000_draws,subgroup_proxy/fairness_disparity_uncertainty.csv,f67613b45f85dc20b9d6fc5a8d1da2a2dc0c1f560762d7465817b5b7b0d74006,fairness_disparity_uncertainty,259,c1300316fe5baec24e789c06aec35dd4f283fa4843b71c7aab1edbf4818f8e91,d483d8ddb93a47a99a2eab54fe3d138d8f614798dd418bca860ea3f20c813f51,b8deac0a615b97076622ae540f4cfd0d3c3f1e7acb83ba3ff6560470a9ccf60a,ordinal_multiclass_performance,no_salary_hike_no_attrition_no_department_no_job_role,EmpDepartment,,exploratory_operational_subgroup_diagnostic,,30,,policy_ablation_raw_uncalibrated_oof_probabilities,false_positive_rate,4.0,,,,10,,,support_aware_subgroup_disparity,0.0986111111111111,0.0355104442811583,0.2412628119429589,0.95,6.0,5.0,"[""Development"",""Finance"",""Human Resources"",""Research & Development"",""Sales""]",49.0,45.0,5000.0,5000.0,1.0,3528e4377f9907c2a7c1b51806abf09e0ec2d5513da630618b0a0cb9950a37d0,paired_stratified_sample_level_percentile,fixed_from_complete_oof_before_resampling,support_sufficient_descriptive_estimate,True,pointwise_descriptive,none,200.0,Intervals condition on the observed employees and fixed fold/model-training protocol; they do not estimate model-training instability.,"Descriptive OOF subgroup audit only; gaps do not establish discrimination, fairness, or causality. Class-specific rows use their reported denominators. Intervals are pointwise; no multiplicity-adjusted or simultaneous inference.",1535,EmpDepartment | false_positive_rate | class 4.0
canonical_v2_20260714T221501Z_483f96f,51415c2ce68c89d9ce2b042b0a7a811fe3e98180b72460006f9d0465f6bf49b7,06c507bee525ea1daca43b61249764007d4d8baaa05c9333f23446ea723ce160,f1e358e99914563305428cece1b1595bc76a58643184407ec5b222162d650332,98ae57b622a56983192975c5bff94374ed51322f13c76af633c3c96ceb198cdd,support_aware_subgroup_diagnostics,"{""dataset_sha256"":""b8deac0a615b97076622ae540f4cfd0d3c3f1e7acb83ba3ff6560470a9ccf60a""}","{""policy"":""no_salary_hike_no_attrition_no_department_no_job_role""}",support_gated_descriptive_oof_subgroup_diagnostics,not_applicable_or_resolved_by_source_contract,pointwise_paired_stratified_percentile_bootstrap_5000_draws,subgroup_proxy/fairness_disparity_uncertainty.csv,f67613b45f85dc20b9d6fc5a8d1da2a2dc0c1f560762d7465817b5b7b0d74006,fairness_disparity_uncertainty,260,c1300316fe5baec24e789c06aec35dd4f283fa4843b71c7aab1edbf4818f8e91,d483d8ddb93a47a99a2eab54fe3d138d8f614798dd418bca860ea3f20c813f51,b8deac0a615b97076622ae540f4cfd0d3c3f1e7acb83ba3ff6560470a9ccf60a,ordinal_multiclass_performance,no_salary_hike_no_attrition_no_department_no_job_role,EmpDepartment,,exploratory_operational_subgroup_diagnostic,,30,,policy_ablation_raw_uncalibrated_oof_probabilities,macro_f1,,,,,30,,,support_aware_subgroup_disparity,0.3536484304811418,0.2153142114615333,0.5005953568204222,0.95,6.0,5.0,"[""Development"",""Finance"",""Human Resources"",""Research & Development"",""Sales""]",49.0,49.0,5000.0,5000.0,1.0,3528e4377f9907c2a7c1b51806abf09e0ec2d5513da630618b0a0cb9950a37d0,paired_stratified_sample_level_percentile,fixed_from_complete_oof_before_resampling,support_sufficient_but_interval_wide,False,pointwise_descriptive,none,200.0,Intervals condition on the observed employees and fixed fold/model-training protocol; they do not estimate model-training instability.,"Descriptive OOF subgroup audit only; gaps do not establish discrimination, fairness, or causality. Class-specific rows use their reported denominators. Intervals are pointwise; no multiplicity-adjusted or simultaneous inference.",1536,EmpDepartment | macro_f1
canonical_v2_20260714T221501Z_483f96f,51415c2ce68c89d9ce2b042b0a7a811fe3e98180b72460006f9d0465f6bf49b7,06c507bee525ea1daca43b61249764007d4d8baaa05c9333f23446ea723ce160,f1e358e99914563305428cece1b1595bc76a58643184407ec5b222162d650332,98ae57b622a56983192975c5bff94374ed51322f13c76af633c3c96ceb198cdd,support_aware_subgroup_diagnostics,"{""dataset_sha256"":""b8deac0a615b97076622ae540f4cfd0d3c3f1e7acb83ba3ff6560470a9ccf60a""}","{""policy"":""no_salary_hike_no_attrition_no_department_no_job_role""}",support_gated_descriptive_oof_subgroup_diagnostics,not_applicable_or_resolved_by_source_contract,pointwise_paired_stratified_percentile_bootstrap_5000_draws,subgroup_proxy/fairness_disparity_uncertainty.csv,f67613b45f85dc20b9d6fc5a8d1da2a2dc0c1f560762d7465817b5b7b0d74006,fairness_disparity_uncertainty,261,c1300316fe5baec24e789c06aec35dd4f283fa4843b71c7aab1edbf4818f8e91,d483d8ddb93a47a99a2eab54fe3d138d8f614798dd418bca860ea3f20c813f51,b8deac0a615b97076622ae540f4cfd0d3c3f1e7acb83ba3ff6560470a9ccf60a,ordinal_multiclass_performance,no_salary_hike_no_attrition_no_department_no_job_role,EmpDepartment,,exploratory_operational_subgroup_diagnostic,,30,,policy_ablation_raw_uncalibrated_oof_probabilities,mean_predicted_probability,2.0,,,,30,,,support_aware_subgroup_disparity,0.0898390199068955,0.0461927847497731,0.2257711875669285,0.95,6.0,5.0,"[""Development"",""Finance"",""Human Resources"",""Research & Development"",""Sales""]",49.0,49.0,5000.0,5000.0,1.0,3528e4377f9907c2a7c1b51806abf09e0ec2d5513da630618b0a0cb9950a37d0,paired_stratified_sample_level_percentile,fixed_from_complete_oof_before_resampling,support_sufficient_descriptive_estimate,True,pointwise_descriptive,none,200.0,Intervals condition on the observed employees and fixed fold/model-training protocol; they do not estimate model-training instability.,"Descriptive OOF subgroup audit only; gaps do not establish discrimination, fairness, or causality. Class-specific rows use their reported denominators. Intervals are pointwise; no multiplicity-adjusted or simultaneous inference.",1537,EmpDepartment | mean_predicted_probability | class 2.0
canonical_v2_20260714T221501Z_483f96f,51415c2ce68c89d9ce2b042b0a7a811fe3e98180b72460006f9d0465f6bf49b7,06c507bee525ea1daca43b61249764007d4d8baaa05c9333f23446ea723ce160,f1e358e99914563305428cece1b1595bc76a58643184407ec5b222162d650332,98ae57b622a56983192975c5bff94374ed51322f13c76af633c3c96ceb198cdd,support_aware_subgroup_diagnostics,"{""dataset_sha256"":""b8deac0a615b97076622ae540f4cfd0d3c3f1e7acb83ba3ff6560470a9ccf60a""}","{""policy"":""no_salary_hike_no_attrition_no_department_no_job_role""}",support_gated_descriptive_oof_subgroup_diagnostics,not_applicable_or_resolved_by_source_contract,pointwise_paired_stratified_percentile_bootstrap_5000_draws,subgroup_proxy/fairness_disparity_uncertainty.csv,f67613b45f85dc20b9d6fc5a8d1da2a2dc0c1f560762d7465817b5b7b0d74006,fairness_disparity_uncertainty,262,c1300316fe5baec24e789c06aec35dd4f283fa4843b71c7aab1edbf4818f8e91,d483d8ddb93a47a99a2eab54fe3d138d8f614798dd418bca860ea3f20c813f51,b8deac0a615b97076622ae540f4cfd0d3c3f1e7acb83ba3ff6560470a9ccf60a,ordinal_multiclass_performance,no_salary_hike_no_attrition_no_department_no_job_role,EmpDepartment,,exploratory_operational_subgroup_diagnostic,,30,,policy_ablation_raw_uncalibrated_oof_probabilities,mean_predicted_probability,3.0,,,,30,,,support_aware_subgroup_disparity,0.0520658633515754,0.0329248873568332,0.1589506702744122,0.95,6.0,5.0,"[""Development"",""Finance"",""Human Resources"",""Research & Development"",""Sales""]",49.0,49.0,5000.0,5000.0,1.0,3528e4377f9907c2a7c1b51806abf09e0ec2d5513da630618b0a0cb9950a37d0,paired_stratified_sample_level_percentile,fixed_from_complete_oof_before_resampling,support_sufficient_descriptive_estimate,True,pointwise_descriptive,none,200.0,Intervals condition on the observed employees and fixed fold/model-training protocol; they do not estimate model-training instability.,"Descriptive OOF subgroup audit only; gaps do not establish discrimination, fairness, or causality. Class-specific rows use their reported denominators. Intervals are pointwise; no multiplicity-adjusted or simultaneous inference.",1538,EmpDepartment | mean_predicted_probability | class 3.0
canonical_v2_20260714T221501Z_483f96f,51415c2ce68c89d9ce2b042b0a7a811fe3e98180b72460006f9d0465f6bf49b7,06c507bee525ea1daca43b61249764007d4d8baaa05c9333f23446ea723ce160,f1e358e99914563305428cece1b1595bc76a58643184407ec5b222162d650332,98ae57b622a56983192975c5bff94374ed51322f13c76af633c3c96ceb198cdd,support_aware_subgroup_diagnostics,"{""dataset_sha256"":""b8deac0a615b97076622ae540f4cfd0d3c3f1e7acb83ba3ff6560470a9ccf60a""}","{""policy"":""no_salary_hike_no_attrition_no_department_no_job_role""}",support_gated_descriptive_oof_subgroup_diagnostics,not_applicable_or_resolved_by_source_contract,pointwise_paired_stratified_percentile_bootstrap_5000_draws,subgroup_proxy/fairness_disparity_uncertainty.csv,f67613b45f85dc20b9d6fc5a8d1da2a2dc0c1f560762d7465817b5b7b0d74006,fairness_disparity_uncertainty,263,c1300316fe5baec24e789c06aec35dd4f283fa4843b71c7aab1edbf4818f8e91,d483d8ddb93a47a99a2eab54fe3d138d8f614798dd418bca860ea3f20c813f51,b8deac0a615b97076622ae540f4cfd0d3c3f1e7acb83ba3ff6560470a9ccf60a,ordinal_multiclass_performance,no_salary_hike_no_attrition_no_department_no_job_role,EmpDepartment,,exploratory_operational_subgroup_diagnostic,,30,,policy_ablation_raw_uncalibrated_oof_probabilities,mean_predicted_probability,4.0,,,,30,,,support_aware_subgroup_disparity,0.05663623429244,0.0201300075612389,0.1392515773328846,0.95,6.0,5.0,"[""Development"",""Finance"",""Human Resources"",""Research & Development"",""Sales""]",49.0,49.0,5000.0,5000.0,1.0,3528e4377f9907c2a7c1b51806abf09e0ec2d5513da630618b0a0cb9950a37d0,paired_stratified_sample_level_percentile,fixed_from_complete_oof_before_resampling,support_sufficient_descriptive_estimate,True,pointwise_descriptive,none,200.0,Intervals condition on the observed employees and fixed fold/model-training protocol; they do not estimate model-training instability.,"Descriptive OOF subgroup audit only; gaps do not establish discrimination, fairness, or causality. Class-specific rows use their reported denominators. Intervals are pointwise; no multiplicity-adjusted or simultaneous inference.",1539,EmpDepartment | mean_predicted_probability | class 4.0
canonical_v2_20260714T221501Z_483f96f,51415c2ce68c89d9ce2b042b0a7a811fe3e98180b72460006f9d0465f6bf49b7,06c507bee525ea1daca43b61249764007d4d8baaa05c9333f23446ea723ce160,f1e358e99914563305428cece1b1595bc76a58643184407ec5b222162d650332,98ae57b622a56983192975c5bff94374ed51322f13c76af633c3c96ceb198cdd,support_aware_subgroup_diagnostics,"{""dataset_sha256"":""b8deac0a615b97076622ae540f4cfd0d3c3f1e7acb83ba3ff6560470a9ccf60a""}","{""policy"":""no_salary_hike_no_attrition_no_department_no_job_role""}",support_gated_descriptive_oof_subgroup_diagnostics,not_applicable_or_resolved_by_source_contract,pointwise_paired_stratified_percentile_bootstrap_5000_draws,subgroup_proxy/fairness_disparity_uncertainty.csv,f67613b45f85dc20b9d6fc5a8d1da2a2dc0c1f560762d7465817b5b7b0d74006,fairness_disparity_uncertainty,264,c1300316fe5baec24e789c06aec35dd4f283fa4843b71c7aab1edbf4818f8e91,d483d8ddb93a47a99a2eab54fe3d138d8f614798dd418bca860ea3f20c813f51,b8deac0a615b97076622ae540f4cfd0d3c3f1e7acb83ba3ff6560470a9ccf60a,ordinal_multiclass_performance,no_salary_hike_no_attrition_no_department_no_job_role,EmpDepartment,,exploratory_operational_subgroup_diagnostic,,30,,policy_ablation_raw_uncalibrated_oof_probabilities,positive_prediction_rate,2.0,,,,30,,,support_aware_subgroup_disparity,0.1232969642150489,0.0599725178357094,0.2952837873931622,0.95,6.0,5.0,"[""Development"",""Finance"",""Human Resources"",""Research & Development"",""Sales""]",49.0,49.0,5000.0,5000.0,1.0,3528e4377f9907c2a7c1b51806abf09e0ec2d5513da630618b0a0cb9950a37d0,paired_stratified_sample_level_percentile,fixed_from_complete_oof_before_resampling,support_sufficient_descriptive_estimate,True,pointwise_descriptive,none,200.0,Intervals condition on the observed employees and fixed fold/model-training protocol; they do not estimate model-training instability.,"Descriptive OOF subgroup audit only; gaps do not establish discrimination, fairness, or causality. Class-specific rows use their reported denominators. Intervals are pointwise; no multiplicity-adjusted or simultaneous inference.",1540,EmpDepartment | positive_prediction_rate | class 2.0
canonical_v2_20260714T221501Z_483f96f,51415c2ce68c89d9ce2b042b0a7a811fe3e98180b72460006f9d0465f6bf49b7,06c507bee525ea1daca43b61249764007d4d8baaa05c9333f23446ea723ce160,f1e358e99914563305428cece1b1595bc76a58643184407ec5b222162d650332,98ae57b622a56983192975c5bff94374ed51322f13c76af633c3c96ceb198cdd,support_aware_subgroup_diagnostics,"{""dataset_sha256"":""b8deac0a615b97076622ae540f4cfd0d3c3f1e7acb83ba3ff6560470a9ccf60a""}","{""policy"":""no_salary_hike_no_attrition_no_department_no_job_role""}",support_gated_descriptive_oof_subgroup_diagnostics,not_applicable_or_resolved_by_source_contract,pointwise_paired_stratified_percentile_bootstrap_5000_draws,subgroup_proxy/fairness_disparity_uncertainty.csv,f67613b45f85dc20b9d6fc5a8d1da2a2dc0c1f560762d7465817b5b7b0d74006,fairness_disparity_uncertainty,265,c1300316fe5baec24e789c06aec35dd4f283fa4843b71c7aab1edbf4818f8e91,d483d8ddb93a47a99a2eab54fe3d138d8f614798dd418bca860ea3f20c813f51,b8deac0a615b97076622ae540f4cfd0d3c3f1e7acb83ba3ff6560470a9ccf60a,ordinal_multiclass_performance,no_salary_hike_no_attrition_no_department_no_job_role,EmpDepartment,,exploratory_operational_subgroup_diagnostic,,30,,policy_ablation_raw_uncalibrated_oof_probabilities,positive_prediction_rate,3.0,,,,30,,,support_aware_subgroup_disparity,0.1044717055797388,0.0490553409801187,0.2716943123343209,0.95,6.0,5.0,"[""Development"",""Finance"",""Human Resources"",""Research & Development"",""Sales""]",49.0,49.0,5000.0,5000.0,1.0,3528e4377f9907c2a7c1b51806abf09e0ec2d5513da630618b0a0cb9950a37d0,paired_stratified_sample_level_percentile,fixed_from_complete_oof_before_resampling,support_sufficient_descriptive_estimate,True,pointwise_descriptive,none,200.0,Intervals condition on the observed employees and fixed fold/model-training protocol; they do not estimate model-training instability.,"Descriptive OOF subgroup audit only; gaps do not establish discrimination, fairness, or causality. Class-specific rows use their reported denominators. Intervals are pointwise; no multiplicity-adjusted or simultaneous inference.",1541,EmpDepartment | positive_prediction_rate | class 3.0
canonical_v2_20260714T221501Z_483f96f,51415c2ce68c89d9ce2b042b0a7a811fe3e98180b72460006f9d0465f6bf49b7,06c507bee525ea1daca43b61249764007d4d8baaa05c9333f23446ea723ce160,f1e358e99914563305428cece1b1595bc76a58643184407ec5b222162d650332,98ae57b622a56983192975c5bff94374ed51322f13c76af633c3c96ceb198cdd,support_aware_subgroup_diagnostics,"{""dataset_sha256"":""b8deac0a615b97076622ae540f4cfd0d3c3f1e7acb83ba3ff6560470a9ccf60a""}","{""policy"":""no_salary_hike_no_attrition_no_department_no_job_role""}",support_gated_descriptive_oof_subgroup_diagnostics,not_applicable_or_resolved_by_source_contract,pointwise_paired_stratified_percentile_bootstrap_5000_draws,subgroup_proxy/fairness_disparity_uncertainty.csv,f67613b45f85dc20b9d6fc5a8d1da2a2dc0c1f560762d7465817b5b7b0d74006,fairness_disparity_uncertainty,266,c1300316fe5baec24e789c06aec35dd4f283fa4843b71c7aab1edbf4818f8e91,d483d8ddb93a47a99a2eab54fe3d138d8f614798dd418bca860ea3f20c813f51,b8deac0a615b97076622ae540f4cfd0d3c3f1e7acb83ba3ff6560470a9ccf60a,ordinal_multiclass_performance,no_salary_hike_no_attrition_no_department_no_job_role,EmpDepartment,,exploratory_operational_subgroup_diagnostic,,30,,policy_ablation_raw_uncalibrated_oof_probabilities,positive_prediction_rate,4.0,,,,30,,,support_aware_subgroup_disparity,0.0627362055933484,0.0296963652812318,0.2038975155279503,0.95,6.0,5.0,"[""Development"",""Finance"",""Human Resources"",""Research & Development"",""Sales""]",49.0,49.0,5000.0,5000.0,1.0,3528e4377f9907c2a7c1b51806abf09e0ec2d5513da630618b0a0cb9950a37d0,paired_stratified_sample_level_percentile,fixed_from_complete_oof_before_resampling,support_sufficient_descriptive_estimate,True,pointwise_descriptive,none,200.0,Intervals condition on the observed employees and fixed fold/model-training protocol; they do not estimate model-training instability.,"Descriptive OOF subgroup audit only; gaps do not establish discrimination, fairness, or causality. Class-specific rows use their reported denominators. Intervals are pointwise; no multiplicity-adjusted or simultaneous inference.",1542,EmpDepartment | positive_prediction_rate | class 4.0
canonical_v2_20260714T221501Z_483f96f,51415c2ce68c89d9ce2b042b0a7a811fe3e98180b72460006f9d0465f6bf49b7,06c507bee525ea1daca43b61249764007d4d8baaa05c9333f23446ea723ce160,f1e358e99914563305428cece1b1595bc76a58643184407ec5b222162d650332,98ae57b622a56983192975c5bff94374ed51322f13c76af633c3c96ceb198cdd,support_aware_subgroup_diagnostics,"{""dataset_sha256"":""b8deac0a615b97076622ae540f4cfd0d3c3f1e7acb83ba3ff6560470a9ccf60a""}","{""policy"":""no_salary_hike_no_attrition_no_department_no_job_role""}",support_gated_descriptive_oof_subgroup_diagnostics,not_applicable_or_resolved_by_source_contract,pointwise_paired_stratified_percentile_bootstrap_5000_draws,subgroup_proxy/fairness_disparity_uncertainty.csv,f67613b45f85dc20b9d6fc5a8d1da2a2dc0c1f560762d7465817b5b7b0d74006,fairness_disparity_uncertainty,267,c1300316fe5baec24e789c06aec35dd4f283fa4843b71c7aab1edbf4818f8e91,d483d8ddb93a47a99a2eab54fe3d138d8f614798dd418bca860ea3f20c813f51,b8deac0a615b97076622ae540f4cfd0d3c3f1e7acb83ba3ff6560470a9ccf60a,ordinal_multiclass_performance,no_salary_hike_no_attrition_no_department_no_job_role,EmpDepartment,,exploratory_operational_subgroup_diagnostic,,30,,policy_ablation_raw_uncalibrated_oof_probabilities,precision,2.0,,,,10,,,support_aware_subgroup_disparity,0.803030303030303,0.7066470588235295,0.8923076923076922,0.95,6.0,5.0,"[""Development"",""Finance"",""Human Resources"",""Research & Development"",""Sales""]",49.0,10.0,5000.0,5000.0,1.0,3528e4377f9907c2a7c1b51806abf09e0ec2d5513da630618b0a0cb9950a37d0,paired_stratified_sample_level_percentile,fixed_from_complete_oof_before_resampling,support_sufficient_descriptive_estimate,True,pointwise_descriptive,none,200.0,Intervals condition on the observed employees and fixed fold/model-training protocol; they do not estimate model-training instability.,"Descriptive OOF subgroup audit only; gaps do not establish discrimination, fairness, or causality. Class-specific rows use their reported denominators. Intervals are pointwise; no multiplicity-adjusted or simultaneous inference.",1543,EmpDepartment | precision | class 2.0
canonical_v2_20260714T221501Z_483f96f,51415c2ce68c89d9ce2b042b0a7a811fe3e98180b72460006f9d0465f6bf49b7,06c507bee525ea1daca43b61249764007d4d8baaa05c9333f23446ea723ce160,f1e358e99914563305428cece1b1595bc76a58643184407ec5b222162d650332,98ae57b622a56983192975c5bff94374ed51322f13c76af633c3c96ceb198cdd,support_aware_subgroup_diagnostics,"{""dataset_sha256"":""b8deac0a615b97076622ae540f4cfd0d3c3f1e7acb83ba3ff6560470a9ccf60a""}","{""policy"":""no_salary_hike_no_attrition_no_department_no_job_role""}",support_gated_descriptive_oof_subgroup_diagnostics,not_applicable_or_resolved_by_source_contract,pointwise_paired_stratified_percentile_bootstrap_5000_draws,subgroup_proxy/fairness_disparity_uncertainty.csv,f67613b45f85dc20b9d6fc5a8d1da2a2dc0c1f560762d7465817b5b7b0d74006,fairness_disparity_uncertainty,268,c1300316fe5baec24e789c06aec35dd4f283fa4843b71c7aab1edbf4818f8e91,d483d8ddb93a47a99a2eab54fe3d138d8f614798dd418bca860ea3f20c813f51,b8deac0a615b97076622ae540f4cfd0d3c3f1e7acb83ba3ff6560470a9ccf60a,ordinal_multiclass_performance,no_salary_hike_no_attrition_no_department_no_job_role,EmpDepartment,,exploratory_operational_subgroup_diagnostic,,30,,policy_ablation_raw_uncalibrated_oof_probabilities,precision,3.0,,,,10,,,support_aware_subgroup_disparity,0.1050420168067227,0.0431146809382975,0.2691270825948245,0.95,6.0,5.0,"[""Development"",""Finance"",""Human Resources"",""Research & Development"",""Sales""]",49.0,28.0,5000.0,5000.0,1.0,3528e4377f9907c2a7c1b51806abf09e0ec2d5513da630618b0a0cb9950a37d0,paired_stratified_sample_level_percentile,fixed_from_complete_oof_before_resampling,support_sufficient_descriptive_estimate,True,pointwise_descriptive,none,200.0,Intervals condition on the observed employees and fixed fold/model-training protocol; they do not estimate model-training instability.,"Descriptive OOF subgroup audit only; gaps do not establish discrimination, fairness, or causality. Class-specific rows use their reported denominators. Intervals are pointwise; no multiplicity-adjusted or simultaneous inference.",1544,EmpDepartment | precision | class 3.0
canonical_v2_20260714T221501Z_483f96f,51415c2ce68c89d9ce2b042b0a7a811fe3e98180b72460006f9d0465f6bf49b7,06c507bee525ea1daca43b61249764007d4d8baaa05c9333f23446ea723ce160,f1e358e99914563305428cece1b1595bc76a58643184407ec5b222162d650332,98ae57b622a56983192975c5bff94374ed51322f13c76af633c3c96ceb198cdd,support_aware_subgroup_diagnostics,"{""dataset_sha256"":""b8deac0a615b97076622ae540f4cfd0d3c3f1e7acb83ba3ff6560470a9ccf60a""}","{""policy"":""no_salary_hike_no_attrition_no_department_no_job_role""}",support_gated_descriptive_oof_subgroup_diagnostics,not_applicable_or_resolved_by_source_contract,pointwise_paired_stratified_percentile_bootstrap_5000_draws,subgroup_proxy/fairness_disparity_uncertainty.csv,f67613b45f85dc20b9d6fc5a8d1da2a2dc0c1f560762d7465817b5b7b0d74006,fairness_disparity_uncertainty,269,c1300316fe5baec24e789c06aec35dd4f283fa4843b71c7aab1edbf4818f8e91,d483d8ddb93a47a99a2eab54fe3d138d8f614798dd418bca860ea3f20c813f51,b8deac0a615b97076622ae540f4cfd0d3c3f1e7acb83ba3ff6560470a9ccf60a,ordinal_multiclass_performance,no_salary_hike_no_attrition_no_department_no_job_role,EmpDepartment,,exploratory_operational_subgroup_diagnostic,,30,,policy_ablation_raw_uncalibrated_oof_probabilities,precision,4.0,,,,10,,,support_aware_subgroup_disparity,0.1262719703977798,0.0612638138259256,0.3089430894308942,0.95,6.0,4.0,"[""Development"",""Human Resources"",""Research & Development"",""Sales""]",54.0,10.0,5000.0,5000.0,1.0,3528e4377f9907c2a7c1b51806abf09e0ec2d5513da630618b0a0cb9950a37d0,paired_stratified_sample_level_percentile,fixed_from_complete_oof_before_resampling,support_sufficient_descriptive_estimate,True,pointwise_descriptive,none,200.0,Intervals condition on the observed employees and fixed fold/model-training protocol; they do not estimate model-training instability.,"Descriptive OOF subgroup audit only; gaps do not establish discrimination, fairness, or causality. Class-specific rows use their reported denominators. Intervals are pointwise; no multiplicity-adjusted or simultaneous inference.",1545,EmpDepartment | precision | class 4.0
canonical_v2_20260714T221501Z_483f96f,51415c2ce68c89d9ce2b042b0a7a811fe3e98180b72460006f9d0465f6bf49b7,06c507bee525ea1daca43b61249764007d4d8baaa05c9333f23446ea723ce160,f1e358e99914563305428cece1b1595bc76a58643184407ec5b222162d650332,98ae57b622a56983192975c5bff94374ed51322f13c76af633c3c96ceb198cdd,support_aware_subgroup_diagnostics,"{""dataset_sha256"":""b8deac0a615b97076622ae540f4cfd0d3c3f1e7acb83ba3ff6560470a9ccf60a""}","{""policy"":""no_salary_hike_no_attrition_no_department_no_job_role""}",support_gated_descriptive_oof_subgroup_diagnostics,not_applicable_or_resolved_by_source_contract,pointwise_paired_stratified_percentile_bootstrap_5000_draws,subgroup_proxy/fairness_disparity_uncertainty.csv,f67613b45f85dc20b9d6fc5a8d1da2a2dc0c1f560762d7465817b5b7b0d74006,fairness_disparity_uncertainty,270,c1300316fe5baec24e789c06aec35dd4f283fa4843b71c7aab1edbf4818f8e91,d483d8ddb93a47a99a2eab54fe3d138d8f614798dd418bca860ea3f20c813f51,b8deac0a615b97076622ae540f4cfd0d3c3f1e7acb83ba3ff6560470a9ccf60a,ordinal_multiclass_performance,no_salary_hike_no_attrition_no_department_no_job_role,EmpDepartment,,exploratory_operational_subgroup_diagnostic,,30,,policy_ablation_raw_uncalibrated_oof_probabilities,true_positive_rate,2.0,,,,10,,,support_aware_subgroup_disparity,0.0999999999999999,0.0476190476190476,0.3333333333333333,0.95,6.0,5.0,"[""Development"",""Finance"",""Human Resources"",""Research & Development"",""Sales""]",49.0,10.0,5000.0,5000.0,1.0,3528e4377f9907c2a7c1b51806abf09e0ec2d5513da630618b0a0cb9950a37d0,paired_stratified_sample_level_percentile,fixed_from_complete_oof_before_resampling,support_sufficient_but_interval_wide,False,pointwise_descriptive,none,200.0,Intervals condition on the observed employees and fixed fold/model-training protocol; they do not estimate model-training instability.,"Descriptive OOF subgroup audit only; gaps do not establish discrimination, fairness, or causality. Class-specific rows use their reported denominators. Intervals are pointwise; no multiplicity-adjusted or simultaneous inference.",1546,EmpDepartment | true_positive_rate | class 2.0
canonical_v2_20260714T221501Z_483f96f,51415c2ce68c89d9ce2b042b0a7a811fe3e98180b72460006f9d0465f6bf49b7,06c507bee525ea1daca43b61249764007d4d8baaa05c9333f23446ea723ce160,f1e358e99914563305428cece1b1595bc76a58643184407ec5b222162d650332,98ae57b622a56983192975c5bff94374ed51322f13c76af633c3c96ceb198cdd,support_aware_subgroup_diagnostics,"{""dataset_sha256"":""b8deac0a615b97076622ae540f4cfd0d3c3f1e7acb83ba3ff6560470a9ccf60a""}","{""policy"":""no_salary_hike_no_attrition_no_department_no_job_role""}",support_gated_descriptive_oof_subgroup_diagnostics,not_applicable_or_resolved_by_source_contract,pointwise_paired_stratified_percentile_bootstrap_5000_draws,subgroup_proxy/fairness_disparity_uncertainty.csv,f67613b45f85dc20b9d6fc5a8d1da2a2dc0c1f560762d7465817b5b7b0d74006,fairness_disparity_uncertainty,271,c1300316fe5baec24e789c06aec35dd4f283fa4843b71c7aab1edbf4818f8e91,d483d8ddb93a47a99a2eab54fe3d138d8f614798dd418bca860ea3f20c813f51,b8deac0a615b97076622ae540f4cfd0d3c3f1e7acb83ba3ff6560470a9ccf60a,ordinal_multiclass_performance,no_salary_hike_no_attrition_no_department_no_job_role,EmpDepartment,,exploratory_operational_subgroup_diagnostic,,30,,policy_ablation_raw_uncalibrated_oof_probabilities,true_positive_rate,3.0,,,,10,,,support_aware_subgroup_disparity,0.1824561403508772,0.1075278119589366,0.3313421656951066,0.95,6.0,5.0,"[""Development"",""Finance"",""Human Resources"",""Research & Development"",""Sales""]",49.0,30.0,5000.0,5000.0,1.0,3528e4377f9907c2a7c1b51806abf09e0ec2d5513da630618b0a0cb9950a37d0,paired_stratified_sample_level_percentile,fixed_from_complete_oof_before_resampling,support_sufficient_descriptive_estimate,True,pointwise_descriptive,none,200.0,Intervals condition on the observed employees and fixed fold/model-training protocol; they do not estimate model-training instability.,"Descriptive OOF subgroup audit only; gaps do not establish discrimination, fairness, or causality. Class-specific rows use their reported denominators. Intervals are pointwise; no multiplicity-adjusted or simultaneous inference.",1547,EmpDepartment | true_positive_rate | class 3.0
canonical_v2_20260714T221501Z_483f96f,51415c2ce68c89d9ce2b042b0a7a811fe3e98180b72460006f9d0465f6bf49b7,06c507bee525ea1daca43b61249764007d4d8baaa05c9333f23446ea723ce160,f1e358e99914563305428cece1b1595bc76a58643184407ec5b222162d650332,98ae57b622a56983192975c5bff94374ed51322f13c76af633c3c96ceb198cdd,support_aware_subgroup_diagnostics,"{""dataset_sha256"":""b8deac0a615b97076622ae540f4cfd0d3c3f1e7acb83ba3ff6560470a9ccf60a""}","{""policy"":""no_salary_hike_no_attrition_no_department_no_job_role""}",support_gated_descriptive_oof_subgroup_diagnostics,not_applicable_or_resolved_by_source_contract,pointwise_paired_stratified_percentile_bootstrap_5000_draws,subgroup_proxy/fairness_disparity_uncertainty.csv,f67613b45f85dc20b9d6fc5a8d1da2a2dc0c1f560762d7465817b5b7b0d74006,fairness_disparity_uncertainty,272,c1300316fe5baec24e789c06aec35dd4f283fa4843b71c7aab1edbf4818f8e91,d483d8ddb93a47a99a2eab54fe3d138d8f614798dd418bca860ea3f20c813f51,b8deac0a615b97076622ae540f4cfd0d3c3f1e7acb83ba3ff6560470a9ccf60a,ordinal_multiclass_performance,no_salary_hike_no_attrition_no_department_no_job_role,EmpDepartment,,exploratory_operational_subgroup_diagnostic,,30,,policy_ablation_raw_uncalibrated_oof_probabilities,true_positive_rate,4.0,,,,10,,,support_aware_subgroup_disparity,0.1337979094076655,0.033953273760576,0.2972972972972973,0.95,6.0,3.0,"[""Development"",""Research & Development"",""Sales""]",343.0,35.0,5000.0,5000.0,1.0,3528e4377f9907c2a7c1b51806abf09e0ec2d5513da630618b0a0cb9950a37d0,paired_stratified_sample_level_percentile,fixed_from_complete_oof_before_resampling,support_sufficient_but_interval_wide,False,pointwise_descriptive,none,200.0,Intervals condition on the observed employees and fixed fold/model-training protocol; they do not estimate model-training instability.,"Descriptive OOF subgroup audit only; gaps do not establish discrimination, fairness, or causality. Class-specific rows use their reported denominators. Intervals are pointwise; no multiplicity-adjusted or simultaneous inference.",1548,EmpDepartment | true_positive_rate | class 4.0
canonical_v2_20260714T221501Z_483f96f,51415c2ce68c89d9ce2b042b0a7a811fe3e98180b72460006f9d0465f6bf49b7,06c507bee525ea1daca43b61249764007d4d8baaa05c9333f23446ea723ce160,f1e358e99914563305428cece1b1595bc76a58643184407ec5b222162d650332,98ae57b622a56983192975c5bff94374ed51322f13c76af633c3c96ceb198cdd,support_aware_subgroup_diagnostics,"{""dataset_sha256"":""b8deac0a615b97076622ae540f4cfd0d3c3f1e7acb83ba3ff6560470a9ccf60a""}","{""policy"":""no_salary_hike_no_attrition_no_department_no_job_role""}",support_gated_descriptive_oof_subgroup_diagnostics,not_applicable_or_resolved_by_source_contract,pointwise_paired_stratified_percentile_bootstrap_5000_draws,subgroup_proxy/fairness_disparity_uncertainty.csv,f67613b45f85dc20b9d6fc5a8d1da2a2dc0c1f560762d7465817b5b7b0d74006,fairness_disparity_uncertainty,273,c1300316fe5baec24e789c06aec35dd4f283fa4843b71c7aab1edbf4818f8e91,d483d8ddb93a47a99a2eab54fe3d138d8f614798dd418bca860ea3f20c813f51,b8deac0a615b97076622ae540f4cfd0d3c3f1e7acb83ba3ff6560470a9ccf60a,ordinal_multiclass_performance,no_salary_hike_no_attrition_no_department_no_job_role,Gender,,protected_or_sensitive_descriptive_audit,,30,,policy_ablation_raw_uncalibrated_oof_probabilities,accuracy,,,,,30,,,support_aware_subgroup_disparity,0.0432667876588022,0.0032886186191464,0.0939390665205269,0.95,2.0,2.0,"[""Female"",""Male""]",475.0,475.0,5000.0,5000.0,1.0,3528e4377f9907c2a7c1b51806abf09e0ec2d5513da630618b0a0cb9950a37d0,paired_stratified_sample_level_percentile,fixed_from_complete_oof_before_resampling,support_sufficient_descriptive_estimate,True,pointwise_descriptive,none,200.0,Intervals condition on the observed employees and fixed fold/model-training protocol; they do not estimate model-training instability.,"Descriptive OOF subgroup audit only; gaps do not establish discrimination, fairness, or causality. Class-specific rows use their reported denominators. Intervals are pointwise; no multiplicity-adjusted or simultaneous inference.",1549,Gender | accuracy
canonical_v2_20260714T221501Z_483f96f,51415c2ce68c89d9ce2b042b0a7a811fe3e98180b72460006f9d0465f6bf49b7,06c507bee525ea1daca43b61249764007d4d8baaa05c9333f23446ea723ce160,f1e358e99914563305428cece1b1595bc76a58643184407ec5b222162d650332,98ae57b622a56983192975c5bff94374ed51322f13c76af633c3c96ceb198cdd,support_aware_subgroup_diagnostics,"{""dataset_sha256"":""b8deac0a615b97076622ae540f4cfd0d3c3f1e7acb83ba3ff6560470a9ccf60a""}","{""policy"":""no_salary_hike_no_attrition_no_department_no_job_role""}",support_gated_descriptive_oof_subgroup_diagnostics,not_applicable_or_resolved_by_source_contract,pointwise_paired_stratified_percentile_bootstrap_5000_draws,subgroup_proxy/fairness_disparity_uncertainty.csv,f67613b45f85dc20b9d6fc5a8d1da2a2dc0c1f560762d7465817b5b7b0d74006,fairness_disparity_uncertainty,274,c1300316fe5baec24e789c06aec35dd4f283fa4843b71c7aab1edbf4818f8e91,d483d8ddb93a47a99a2eab54fe3d138d8f614798dd418bca860ea3f20c813f51,b8deac0a615b97076622ae540f4cfd0d3c3f1e7acb83ba3ff6560470a9ccf60a,ordinal_multiclass_performance,no_salary_hike_no_attrition_no_department_no_job_role,Gender,,protected_or_sensitive_descriptive_audit,,30,,policy_ablation_raw_uncalibrated_oof_probabilities,false_positive_rate,2.0,,,,10,,,support_aware_subgroup_disparity,0.0067079207920792,0.0004958688212888,0.0405053948013475,0.95,2.0,2.0,"[""Female"",""Male""]",475.0,400.0,5000.0,5000.0,1.0,3528e4377f9907c2a7c1b51806abf09e0ec2d5513da630618b0a0cb9950a37d0,paired_stratified_sample_level_percentile,fixed_from_complete_oof_before_resampling,support_sufficient_descriptive_estimate,True,pointwise_descriptive,none,200.0,Intervals condition on the observed employees and fixed fold/model-training protocol; they do not estimate model-training instability.,"Descriptive OOF subgroup audit only; gaps do not establish discrimination, fairness, or causality. Class-specific rows use their reported denominators. Intervals are pointwise; no multiplicity-adjusted or simultaneous inference.",1550,Gender | false_positive_rate | class 2.0
canonical_v2_20260714T221501Z_483f96f,51415c2ce68c89d9ce2b042b0a7a811fe3e98180b72460006f9d0465f6bf49b7,06c507bee525ea1daca43b61249764007d4d8baaa05c9333f23446ea723ce160,f1e358e99914563305428cece1b1595bc76a58643184407ec5b222162d650332,98ae57b622a56983192975c5bff94374ed51322f13c76af633c3c96ceb198cdd,support_aware_subgroup_diagnostics,"{""dataset_sha256"":""b8deac0a615b97076622ae540f4cfd0d3c3f1e7acb83ba3ff6560470a9ccf60a""}","{""policy"":""no_salary_hike_no_attrition_no_department_no_job_role""}",support_gated_descriptive_oof_subgroup_diagnostics,not_applicable_or_resolved_by_source_contract,pointwise_paired_stratified_percentile_bootstrap_5000_draws,subgroup_proxy/fairness_disparity_uncertainty.csv,f67613b45f85dc20b9d6fc5a8d1da2a2dc0c1f560762d7465817b5b7b0d74006,fairness_disparity_uncertainty,275,c1300316fe5baec24e789c06aec35dd4f283fa4843b71c7aab1edbf4818f8e91,d483d8ddb93a47a99a2eab54fe3d138d8f614798dd418bca860ea3f20c813f51,b8deac0a615b97076622ae540f4cfd0d3c3f1e7acb83ba3ff6560470a9ccf60a,ordinal_multiclass_performance,no_salary_hike_no_attrition_no_department_no_job_role,Gender,,protected_or_sensitive_descriptive_audit,,30,,policy_ablation_raw_uncalibrated_oof_probabilities,false_positive_rate,3.0,,,,10,,,support_aware_subgroup_disparity,0.0107936507936508,0.0015415641099983,0.120724571382001,0.95,2.0,2.0,"[""Female"",""Male""]",475.0,126.0,5000.0,5000.0,1.0,3528e4377f9907c2a7c1b51806abf09e0ec2d5513da630618b0a0cb9950a37d0,paired_stratified_sample_level_percentile,fixed_from_complete_oof_before_resampling,support_sufficient_descriptive_estimate,True,pointwise_descriptive,none,200.0,Intervals condition on the observed employees and fixed fold/model-training protocol; they do not estimate model-training instability.,"Descriptive OOF subgroup audit only; gaps do not establish discrimination, fairness, or causality. Class-specific rows use their reported denominators. Intervals are pointwise; no multiplicity-adjusted or simultaneous inference.",1551,Gender | false_positive_rate | class 3.0
canonical_v2_20260714T221501Z_483f96f,51415c2ce68c89d9ce2b042b0a7a811fe3e98180b72460006f9d0465f6bf49b7,06c507bee525ea1daca43b61249764007d4d8baaa05c9333f23446ea723ce160,f1e358e99914563305428cece1b1595bc76a58643184407ec5b222162d650332,98ae57b622a56983192975c5bff94374ed51322f13c76af633c3c96ceb198cdd,support_aware_subgroup_diagnostics,"{""dataset_sha256"":""b8deac0a615b97076622ae540f4cfd0d3c3f1e7acb83ba3ff6560470a9ccf60a""}","{""policy"":""no_salary_hike_no_attrition_no_department_no_job_role""}",support_gated_descriptive_oof_subgroup_diagnostics,not_applicable_or_resolved_by_source_contract,pointwise_paired_stratified_percentile_bootstrap_5000_draws,subgroup_proxy/fairness_disparity_uncertainty.csv,f67613b45f85dc20b9d6fc5a8d1da2a2dc0c1f560762d7465817b5b7b0d74006,fairness_disparity_uncertainty,276,c1300316fe5baec24e789c06aec35dd4f283fa4843b71c7aab1edbf4818f8e91,d483d8ddb93a47a99a2eab54fe3d138d8f614798dd418bca860ea3f20c813f51,b8deac0a615b97076622ae540f4cfd0d3c3f1e7acb83ba3ff6560470a9ccf60a,ordinal_multiclass_performance,no_salary_hike_no_attrition_no_department_no_job_role,Gender,,protected_or_sensitive_descriptive_audit,,30,,policy_ablation_raw_uncalibrated_oof_probabilities,false_positive_rate,4.0,,,,10,,,support_aware_subgroup_disparity,0.0359193718504629,0.0032027803700909,0.0731150472098619,0.95,2.0,2.0,"[""Female"",""Male""]",475.0,424.0,5000.0,5000.0,1.0,3528e4377f9907c2a7c1b51806abf09e0ec2d5513da630618b0a0cb9950a37d0,paired_stratified_sample_level_percentile,fixed_from_complete_oof_before_resampling,support_sufficient_descriptive_estimate,True,pointwise_descriptive,none,200.0,Intervals condition on the observed employees and fixed fold/model-training protocol; they do not estimate model-training instability.,"Descriptive OOF subgroup audit only; gaps do not establish discrimination, fairness, or causality. Class-specific rows use their reported denominators. Intervals are pointwise; no multiplicity-adjusted or simultaneous inference.",1552,Gender | false_positive_rate | class 4.0
canonical_v2_20260714T221501Z_483f96f,51415c2ce68c89d9ce2b042b0a7a811fe3e98180b72460006f9d0465f6bf49b7,06c507bee525ea1daca43b61249764007d4d8baaa05c9333f23446ea723ce160,f1e358e99914563305428cece1b1595bc76a58643184407ec5b222162d650332,98ae57b622a56983192975c5bff94374ed51322f13c76af633c3c96ceb198cdd,support_aware_subgroup_diagnostics,"{""dataset_sha256"":""b8deac0a615b97076622ae540f4cfd0d3c3f1e7acb83ba3ff6560470a9ccf60a""}","{""policy"":""no_salary_hike_no_attrition_no_department_no_job_role""}",support_gated_descriptive_oof_subgroup_diagnostics,not_applicable_or_resolved_by_source_contract,pointwise_paired_stratified_percentile_bootstrap_5000_draws,subgroup_proxy/fairness_disparity_uncertainty.csv,f67613b45f85dc20b9d6fc5a8d1da2a2dc0c1f560762d7465817b5b7b0d74006,fairness_disparity_uncertainty,277,c1300316fe5baec24e789c06aec35dd4f283fa4843b71c7aab1edbf4818f8e91,d483d8ddb93a47a99a2eab54fe3d138d8f614798dd418bca860ea3f20c813f51,b8deac0a615b97076622ae540f4cfd0d3c3f1e7acb83ba3ff6560470a9ccf60a,ordinal_multiclass_performance,no_salary_hike_no_attrition_no_department_no_job_role,Gender,,protected_or_sensitive_descriptive_audit,,30,,policy_ablation_raw_uncalibrated_oof_probabilities,macro_f1,,,,,30,,,support_aware_subgroup_disparity,0.0230658265506659,0.0011311757409106,0.0766474421640345,0.95,2.0,2.0,"[""Female"",""Male""]",475.0,475.0,5000.0,5000.0,1.0,3528e4377f9907c2a7c1b51806abf09e0ec2d5513da630618b0a0cb9950a37d0,paired_stratified_sample_level_percentile,fixed_from_complete_oof_before_resampling,support_sufficient_descriptive_estimate,True,pointwise_descriptive,none,200.0,Intervals condition on the observed employees and fixed fold/model-training protocol; they do not estimate model-training instability.,"Descriptive OOF subgroup audit only; gaps do not establish discrimination, fairness, or causality. Class-specific rows use their reported denominators. Intervals are pointwise; no multiplicity-adjusted or simultaneous inference.",1553,Gender | macro_f1
canonical_v2_20260714T221501Z_483f96f,51415c2ce68c89d9ce2b042b0a7a811fe3e98180b72460006f9d0465f6bf49b7,06c507bee525ea1daca43b61249764007d4d8baaa05c9333f23446ea723ce160,f1e358e99914563305428cece1b1595bc76a58643184407ec5b222162d650332,98ae57b622a56983192975c5bff94374ed51322f13c76af633c3c96ceb198cdd,support_aware_subgroup_diagnostics,"{""dataset_sha256"":""b8deac0a615b97076622ae540f4cfd0d3c3f1e7acb83ba3ff6560470a9ccf60a""}","{""policy"":""no_salary_hike_no_attrition_no_department_no_job_role""}",support_gated_descriptive_oof_subgroup_diagnostics,not_applicable_or_resolved_by_source_contract,pointwise_paired_stratified_percentile_bootstrap_5000_draws,subgroup_proxy/fairness_disparity_uncertainty.csv,f67613b45f85dc20b9d6fc5a8d1da2a2dc0c1f560762d7465817b5b7b0d74006,fairness_disparity_uncertainty,278,c1300316fe5baec24e789c06aec35dd4f283fa4843b71c7aab1edbf4818f8e91,d483d8ddb93a47a99a2eab54fe3d138d8f614798dd418bca860ea3f20c813f51,b8deac0a615b97076622ae540f4cfd0d3c3f1e7acb83ba3ff6560470a9ccf60a,ordinal_multiclass_performance,no_salary_hike_no_attrition_no_department_no_job_role,Gender,,protected_or_sensitive_descriptive_audit,,30,,policy_ablation_raw_uncalibrated_oof_probabilities,mean_predicted_probability,2.0,,,,30,,,support_aware_subgroup_disparity,0.0053407387823593,0.0006129447135262,0.0474316161190923,0.95,2.0,2.0,"[""Female"",""Male""]",475.0,475.0,5000.0,5000.0,1.0,3528e4377f9907c2a7c1b51806abf09e0ec2d5513da630618b0a0cb9950a37d0,paired_stratified_sample_level_percentile,fixed_from_complete_oof_before_resampling,support_sufficient_descriptive_estimate,True,pointwise_descriptive,none,200.0,Intervals condition on the observed employees and fixed fold/model-training protocol; they do not estimate model-training instability.,"Descriptive OOF subgroup audit only; gaps do not establish discrimination, fairness, or causality. Class-specific rows use their reported denominators. Intervals are pointwise; no multiplicity-adjusted or simultaneous inference.",1554,Gender | mean_predicted_probability | class 2.0
canonical_v2_20260714T221501Z_483f96f,51415c2ce68c89d9ce2b042b0a7a811fe3e98180b72460006f9d0465f6bf49b7,06c507bee525ea1daca43b61249764007d4d8baaa05c9333f23446ea723ce160,f1e358e99914563305428cece1b1595bc76a58643184407ec5b222162d650332,98ae57b622a56983192975c5bff94374ed51322f13c76af633c3c96ceb198cdd,support_aware_subgroup_diagnostics,"{""dataset_sha256"":""b8deac0a615b97076622ae540f4cfd0d3c3f1e7acb83ba3ff6560470a9ccf60a""}","{""policy"":""no_salary_hike_no_attrition_no_department_no_job_role""}",support_gated_descriptive_oof_subgroup_diagnostics,not_applicable_or_resolved_by_source_contract,pointwise_paired_stratified_percentile_bootstrap_5000_draws,subgroup_proxy/fairness_disparity_uncertainty.csv,f67613b45f85dc20b9d6fc5a8d1da2a2dc0c1f560762d7465817b5b7b0d74006,fairness_disparity_uncertainty,279,c1300316fe5baec24e789c06aec35dd4f283fa4843b71c7aab1edbf4818f8e91,d483d8ddb93a47a99a2eab54fe3d138d8f614798dd418bca860ea3f20c813f51,b8deac0a615b97076622ae540f4cfd0d3c3f1e7acb83ba3ff6560470a9ccf60a,ordinal_multiclass_performance,no_salary_hike_no_attrition_no_department_no_job_role,Gender,,protected_or_sensitive_descriptive_audit,,30,,policy_ablation_raw_uncalibrated_oof_probabilities,mean_predicted_probability,3.0,,,,30,,,support_aware_subgroup_disparity,0.0104561961300212,0.0007810446268515,0.0445959668240708,0.95,2.0,2.0,"[""Female"",""Male""]",475.0,475.0,5000.0,5000.0,1.0,3528e4377f9907c2a7c1b51806abf09e0ec2d5513da630618b0a0cb9950a37d0,paired_stratified_sample_level_percentile,fixed_from_complete_oof_before_resampling,support_sufficient_descriptive_estimate,True,pointwise_descriptive,none,200.0,Intervals condition on the observed employees and fixed fold/model-training protocol; they do not estimate model-training instability.,"Descriptive OOF subgroup audit only; gaps do not establish discrimination, fairness, or causality. Class-specific rows use their reported denominators. Intervals are pointwise; no multiplicity-adjusted or simultaneous inference.",1555,Gender | mean_predicted_probability | class 3.0
canonical_v2_20260714T221501Z_483f96f,51415c2ce68c89d9ce2b042b0a7a811fe3e98180b72460006f9d0465f6bf49b7,06c507bee525ea1daca43b61249764007d4d8baaa05c9333f23446ea723ce160,f1e358e99914563305428cece1b1595bc76a58643184407ec5b222162d650332,98ae57b622a56983192975c5bff94374ed51322f13c76af633c3c96ceb198cdd,support_aware_subgroup_diagnostics,"{""dataset_sha256"":""b8deac0a615b97076622ae540f4cfd0d3c3f1e7acb83ba3ff6560470a9ccf60a""}","{""policy"":""no_salary_hike_no_attrition_no_department_no_job_role""}",support_gated_descriptive_oof_subgroup_diagnostics,not_applicable_or_resolved_by_source_contract,pointwise_paired_stratified_percentile_bootstrap_5000_draws,subgroup_proxy/fairness_disparity_uncertainty.csv,f67613b45f85dc20b9d6fc5a8d1da2a2dc0c1f560762d7465817b5b7b0d74006,fairness_disparity_uncertainty,280,c1300316fe5baec24e789c06aec35dd4f283fa4843b71c7aab1edbf4818f8e91,d483d8ddb93a47a99a2eab54fe3d138d8f614798dd418bca860ea3f20c813f51,b8deac0a615b97076622ae540f4cfd0d3c3f1e7acb83ba3ff6560470a9ccf60a,ordinal_multiclass_performance,no_salary_hike_no_attrition_no_department_no_job_role,Gender,,protected_or_sensitive_descriptive_audit,,30,,policy_ablation_raw_uncalibrated_oof_probabilities,mean_predicted_probability,4.0,,,,30,,,support_aware_subgroup_disparity,0.0051154573476617,0.0004474460915921,0.0285054274201744,0.95,2.0,2.0,"[""Female"",""Male""]",475.0,475.0,5000.0,5000.0,1.0,3528e4377f9907c2a7c1b51806abf09e0ec2d5513da630618b0a0cb9950a37d0,paired_stratified_sample_level_percentile,fixed_from_complete_oof_before_resampling,support_sufficient_descriptive_estimate,True,pointwise_descriptive,none,200.0,Intervals condition on the observed employees and fixed fold/model-training protocol; they do not estimate model-training instability.,"Descriptive OOF subgroup audit only; gaps do not establish discrimination, fairness, or causality. Class-specific rows use their reported denominators. Intervals are pointwise; no multiplicity-adjusted or simultaneous inference.",1556,Gender | mean_predicted_probability | class 4.0
canonical_v2_20260714T221501Z_483f96f,51415c2ce68c89d9ce2b042b0a7a811fe3e98180b72460006f9d0465f6bf49b7,06c507bee525ea1daca43b61249764007d4d8baaa05c9333f23446ea723ce160,f1e358e99914563305428cece1b1595bc76a58643184407ec5b222162d650332,98ae57b622a56983192975c5bff94374ed51322f13c76af633c3c96ceb198cdd,support_aware_subgroup_diagnostics,"{""dataset_sha256"":""b8deac0a615b97076622ae540f4cfd0d3c3f1e7acb83ba3ff6560470a9ccf60a""}","{""policy"":""no_salary_hike_no_attrition_no_department_no_job_role""}",support_gated_descriptive_oof_subgroup_diagnostics,not_applicable_or_resolved_by_source_contract,pointwise_paired_stratified_percentile_bootstrap_5000_draws,subgroup_proxy/fairness_disparity_uncertainty.csv,f67613b45f85dc20b9d6fc5a8d1da2a2dc0c1f560762d7465817b5b7b0d74006,fairness_disparity_uncertainty,281,c1300316fe5baec24e789c06aec35dd4f283fa4843b71c7aab1edbf4818f8e91,d483d8ddb93a47a99a2eab54fe3d138d8f614798dd418bca860ea3f20c813f51,b8deac0a615b97076622ae540f4cfd0d3c3f1e7acb83ba3ff6560470a9ccf60a,ordinal_multiclass_performance,no_salary_hike_no_attrition_no_department_no_job_role,Gender,,protected_or_sensitive_descriptive_audit,,30,,policy_ablation_raw_uncalibrated_oof_probabilities,positive_prediction_rate,2.0,,,,30,,,support_aware_subgroup_disparity,0.0101633393829401,0.0008464800337926,0.0567535497982795,0.95,2.0,2.0,"[""Female"",""Male""]",475.0,475.0,5000.0,5000.0,1.0,3528e4377f9907c2a7c1b51806abf09e0ec2d5513da630618b0a0cb9950a37d0,paired_stratified_sample_level_percentile,fixed_from_complete_oof_before_resampling,support_sufficient_descriptive_estimate,True,pointwise_descriptive,none,200.0,Intervals condition on the observed employees and fixed fold/model-training protocol; they do not estimate model-training instability.,"Descriptive OOF subgroup audit only; gaps do not establish discrimination, fairness, or causality. Class-specific rows use their reported denominators. Intervals are pointwise; no multiplicity-adjusted or simultaneous inference.",1557,Gender | positive_prediction_rate | class 2.0
canonical_v2_20260714T221501Z_483f96f,51415c2ce68c89d9ce2b042b0a7a811fe3e98180b72460006f9d0465f6bf49b7,06c507bee525ea1daca43b61249764007d4d8baaa05c9333f23446ea723ce160,f1e358e99914563305428cece1b1595bc76a58643184407ec5b222162d650332,98ae57b622a56983192975c5bff94374ed51322f13c76af633c3c96ceb198cdd,support_aware_subgroup_diagnostics,"{""dataset_sha256"":""b8deac0a615b97076622ae540f4cfd0d3c3f1e7acb83ba3ff6560470a9ccf60a""}","{""policy"":""no_salary_hike_no_attrition_no_department_no_job_role""}",support_gated_descriptive_oof_subgroup_diagnostics,not_applicable_or_resolved_by_source_contract,pointwise_paired_stratified_percentile_bootstrap_5000_draws,subgroup_proxy/fairness_disparity_uncertainty.csv,f67613b45f85dc20b9d6fc5a8d1da2a2dc0c1f560762d7465817b5b7b0d74006,fairness_disparity_uncertainty,282,c1300316fe5baec24e789c06aec35dd4f283fa4843b71c7aab1edbf4818f8e91,d483d8ddb93a47a99a2eab54fe3d138d8f614798dd418bca860ea3f20c813f51,b8deac0a615b97076622ae540f4cfd0d3c3f1e7acb83ba3ff6560470a9ccf60a,ordinal_multiclass_performance,no_salary_hike_no_attrition_no_department_no_job_role,Gender,,protected_or_sensitive_descriptive_audit,,30,,policy_ablation_raw_uncalibrated_oof_probabilities,positive_prediction_rate,3.0,,,,30,,,support_aware_subgroup_disparity,0.0419600725952813,0.0027499359165073,0.094497039066309,0.95,2.0,2.0,"[""Female"",""Male""]",475.0,475.0,5000.0,5000.0,1.0,3528e4377f9907c2a7c1b51806abf09e0ec2d5513da630618b0a0cb9950a37d0,paired_stratified_sample_level_percentile,fixed_from_complete_oof_before_resampling,support_sufficient_descriptive_estimate,True,pointwise_descriptive,none,200.0,Intervals condition on the observed employees and fixed fold/model-training protocol; they do not estimate model-training instability.,"Descriptive OOF subgroup audit only; gaps do not establish discrimination, fairness, or causality. Class-specific rows use their reported denominators. Intervals are pointwise; no multiplicity-adjusted or simultaneous inference.",1558,Gender | positive_prediction_rate | class 3.0
canonical_v2_20260714T221501Z_483f96f,51415c2ce68c89d9ce2b042b0a7a811fe3e98180b72460006f9d0465f6bf49b7,06c507bee525ea1daca43b61249764007d4d8baaa05c9333f23446ea723ce160,f1e358e99914563305428cece1b1595bc76a58643184407ec5b222162d650332,98ae57b622a56983192975c5bff94374ed51322f13c76af633c3c96ceb198cdd,support_aware_subgroup_diagnostics,"{""dataset_sha256"":""b8deac0a615b97076622ae540f4cfd0d3c3f1e7acb83ba3ff6560470a9ccf60a""}","{""policy"":""no_salary_hike_no_attrition_no_department_no_job_role""}",support_gated_descriptive_oof_subgroup_diagnostics,not_applicable_or_resolved_by_source_contract,pointwise_paired_stratified_percentile_bootstrap_5000_draws,subgroup_proxy/fairness_disparity_uncertainty.csv,f67613b45f85dc20b9d6fc5a8d1da2a2dc0c1f560762d7465817b5b7b0d74006,fairness_disparity_uncertainty,283,c1300316fe5baec24e789c06aec35dd4f283fa4843b71c7aab1edbf4818f8e91,d483d8ddb93a47a99a2eab54fe3d138d8f614798dd418bca860ea3f20c813f51,b8deac0a615b97076622ae540f4cfd0d3c3f1e7acb83ba3ff6560470a9ccf60a,ordinal_multiclass_performance,no_salary_hike_no_attrition_no_department_no_job_role,Gender,,protected_or_sensitive_descriptive_audit,,30,,policy_ablation_raw_uncalibrated_oof_probabilities,positive_prediction_rate,4.0,,,,30,,,support_aware_subgroup_disparity,0.0317967332123411,0.0021902746793012,0.0679582749090952,0.95,2.0,2.0,"[""Female"",""Male""]",475.0,475.0,5000.0,5000.0,1.0,3528e4377f9907c2a7c1b51806abf09e0ec2d5513da630618b0a0cb9950a37d0,paired_stratified_sample_level_percentile,fixed_from_complete_oof_before_resampling,support_sufficient_descriptive_estimate,True,pointwise_descriptive,none,200.0,Intervals condition on the observed employees and fixed fold/model-training protocol; they do not estimate model-training instability.,"Descriptive OOF subgroup audit only; gaps do not establish discrimination, fairness, or causality. Class-specific rows use their reported denominators. Intervals are pointwise; no multiplicity-adjusted or simultaneous inference.",1559,Gender | positive_prediction_rate | class 4.0
canonical_v2_20260714T221501Z_483f96f,51415c2ce68c89d9ce2b042b0a7a811fe3e98180b72460006f9d0465f6bf49b7,06c507bee525ea1daca43b61249764007d4d8baaa05c9333f23446ea723ce160,f1e358e99914563305428cece1b1595bc76a58643184407ec5b222162d650332,98ae57b622a56983192975c5bff94374ed51322f13c76af633c3c96ceb198cdd,support_aware_subgroup_diagnostics,"{""dataset_sha256"":""b8deac0a615b97076622ae540f4cfd0d3c3f1e7acb83ba3ff6560470a9ccf60a""}","{""policy"":""no_salary_hike_no_attrition_no_department_no_job_role""}",support_gated_descriptive_oof_subgroup_diagnostics,not_applicable_or_resolved_by_source_contract,pointwise_paired_stratified_percentile_bootstrap_5000_draws,subgroup_proxy/fairness_disparity_uncertainty.csv,f67613b45f85dc20b9d6fc5a8d1da2a2dc0c1f560762d7465817b5b7b0d74006,fairness_disparity_uncertainty,284,c1300316fe5baec24e789c06aec35dd4f283fa4843b71c7aab1edbf4818f8e91,d483d8ddb93a47a99a2eab54fe3d138d8f614798dd418bca860ea3f20c813f51,b8deac0a615b97076622ae540f4cfd0d3c3f1e7acb83ba3ff6560470a9ccf60a,ordinal_multiclass_performance,no_salary_hike_no_attrition_no_department_no_job_role,Gender,,protected_or_sensitive_descriptive_audit,,30,,policy_ablation_raw_uncalibrated_oof_probabilities,precision,2.0,,,,10,,,support_aware_subgroup_disparity,0.01,0.0019303574318544,0.1327863506341328,0.95,2.0,2.0,"[""Female"",""Male""]",475.0,100.0,5000.0,5000.0,1.0,3528e4377f9907c2a7c1b51806abf09e0ec2d5513da630618b0a0cb9950a37d0,paired_stratified_sample_level_percentile,fixed_from_complete_oof_before_resampling,support_sufficient_descriptive_estimate,True,pointwise_descriptive,none,200.0,Intervals condition on the observed employees and fixed fold/model-training protocol; they do not estimate model-training instability.,"Descriptive OOF subgroup audit only; gaps do not establish discrimination, fairness, or causality. Class-specific rows use their reported denominators. Intervals are pointwise; no multiplicity-adjusted or simultaneous inference.",1560,Gender | precision | class 2.0
canonical_v2_20260714T221501Z_483f96f,51415c2ce68c89d9ce2b042b0a7a811fe3e98180b72460006f9d0465f6bf49b7,06c507bee525ea1daca43b61249764007d4d8baaa05c9333f23446ea723ce160,f1e358e99914563305428cece1b1595bc76a58643184407ec5b222162d650332,98ae57b622a56983192975c5bff94374ed51322f13c76af633c3c96ceb198cdd,support_aware_subgroup_diagnostics,"{""dataset_sha256"":""b8deac0a615b97076622ae540f4cfd0d3c3f1e7acb83ba3ff6560470a9ccf60a""}","{""policy"":""no_salary_hike_no_attrition_no_department_no_job_role""}",support_gated_descriptive_oof_subgroup_diagnostics,not_applicable_or_resolved_by_source_contract,pointwise_paired_stratified_percentile_bootstrap_5000_draws,subgroup_proxy/fairness_disparity_uncertainty.csv,f67613b45f85dc20b9d6fc5a8d1da2a2dc0c1f560762d7465817b5b7b0d74006,fairness_disparity_uncertainty,285,c1300316fe5baec24e789c06aec35dd4f283fa4843b71c7aab1edbf4818f8e91,d483d8ddb93a47a99a2eab54fe3d138d8f614798dd418bca860ea3f20c813f51,b8deac0a615b97076622ae540f4cfd0d3c3f1e7acb83ba3ff6560470a9ccf60a,ordinal_multiclass_performance,no_salary_hike_no_attrition_no_department_no_job_role,Gender,,protected_or_sensitive_descriptive_audit,,30,,policy_ablation_raw_uncalibrated_oof_probabilities,precision,3.0,,,,10,,,support_aware_subgroup_disparity,0.0197052401746725,0.0013165301243159,0.0680833384907347,0.95,2.0,2.0,"[""Female"",""Male""]",475.0,320.0,5000.0,5000.0,1.0,3528e4377f9907c2a7c1b51806abf09e0ec2d5513da630618b0a0cb9950a37d0,paired_stratified_sample_level_percentile,fixed_from_complete_oof_before_resampling,support_sufficient_descriptive_estimate,True,pointwise_descriptive,none,200.0,Intervals condition on the observed employees and fixed fold/model-training protocol; they do not estimate model-training instability.,"Descriptive OOF subgroup audit only; gaps do not establish discrimination, fairness, or causality. Class-specific rows use their reported denominators. Intervals are pointwise; no multiplicity-adjusted or simultaneous inference.",1561,Gender | precision | class 3.0
canonical_v2_20260714T221501Z_483f96f,51415c2ce68c89d9ce2b042b0a7a811fe3e98180b72460006f9d0465f6bf49b7,06c507bee525ea1daca43b61249764007d4d8baaa05c9333f23446ea723ce160,f1e358e99914563305428cece1b1595bc76a58643184407ec5b222162d650332,98ae57b622a56983192975c5bff94374ed51322f13c76af633c3c96ceb198cdd,support_aware_subgroup_diagnostics,"{""dataset_sha256"":""b8deac0a615b97076622ae540f4cfd0d3c3f1e7acb83ba3ff6560470a9ccf60a""}","{""policy"":""no_salary_hike_no_attrition_no_department_no_job_role""}",support_gated_descriptive_oof_subgroup_diagnostics,not_applicable_or_resolved_by_source_contract,pointwise_paired_stratified_percentile_bootstrap_5000_draws,subgroup_proxy/fairness_disparity_uncertainty.csv,f67613b45f85dc20b9d6fc5a8d1da2a2dc0c1f560762d7465817b5b7b0d74006,fairness_disparity_uncertainty,286,c1300316fe5baec24e789c06aec35dd4f283fa4843b71c7aab1edbf4818f8e91,d483d8ddb93a47a99a2eab54fe3d138d8f614798dd418bca860ea3f20c813f51,b8deac0a615b97076622ae540f4cfd0d3c3f1e7acb83ba3ff6560470a9ccf60a,ordinal_multiclass_performance,no_salary_hike_no_attrition_no_department_no_job_role,Gender,,protected_or_sensitive_descriptive_audit,,30,,policy_ablation_raw_uncalibrated_oof_probabilities,precision,4.0,,,,10,,,support_aware_subgroup_disparity,0.0327952421410365,0.002262443438914,0.1461862369644289,0.95,2.0,2.0,"[""Female"",""Male""]",475.0,55.0,5000.0,5000.0,1.0,3528e4377f9907c2a7c1b51806abf09e0ec2d5513da630618b0a0cb9950a37d0,paired_stratified_sample_level_percentile,fixed_from_complete_oof_before_resampling,support_sufficient_descriptive_estimate,True,pointwise_descriptive,none,200.0,Intervals condition on the observed employees and fixed fold/model-training protocol; they do not estimate model-training instability.,"Descriptive OOF subgroup audit only; gaps do not establish discrimination, fairness, or causality. Class-specific rows use their reported denominators. Intervals are pointwise; no multiplicity-adjusted or simultaneous inference.",1562,Gender | precision | class 4.0
canonical_v2_20260714T221501Z_483f96f,51415c2ce68c89d9ce2b042b0a7a811fe3e98180b72460006f9d0465f6bf49b7,06c507bee525ea1daca43b61249764007d4d8baaa05c9333f23446ea723ce160,f1e358e99914563305428cece1b1595bc76a58643184407ec5b222162d650332,98ae57b622a56983192975c5bff94374ed51322f13c76af633c3c96ceb198cdd,support_aware_subgroup_diagnostics,"{""dataset_sha256"":""b8deac0a615b97076622ae540f4cfd0d3c3f1e7acb83ba3ff6560470a9ccf60a""}","{""policy"":""no_salary_hike_no_attrition_no_department_no_job_role""}",support_gated_descriptive_oof_subgroup_diagnostics,not_applicable_or_resolved_by_source_contract,pointwise_paired_stratified_percentile_bootstrap_5000_draws,subgroup_proxy/fairness_disparity_uncertainty.csv,f67613b45f85dc20b9d6fc5a8d1da2a2dc0c1f560762d7465817b5b7b0d74006,fairness_disparity_uncertainty,287,c1300316fe5baec24e789c06aec35dd4f283fa4843b71c7aab1edbf4818f8e91,d483d8ddb93a47a99a2eab54fe3d138d8f614798dd418bca860ea3f20c813f51,b8deac0a615b97076622ae540f4cfd0d3c3f1e7acb83ba3ff6560470a9ccf60a,ordinal_multiclass_performance,no_salary_hike_no_attrition_no_department_no_job_role,Gender,,protected_or_sensitive_descriptive_audit,,30,,policy_ablation_raw_uncalibrated_oof_probabilities,true_positive_rate,2.0,,,,10,,,support_aware_subgroup_disparity,0.0054901960784313,0.0010964912280702,0.073703477196786,0.95,2.0,2.0,"[""Female"",""Male""]",475.0,75.0,5000.0,5000.0,1.0,3528e4377f9907c2a7c1b51806abf09e0ec2d5513da630618b0a0cb9950a37d0,paired_stratified_sample_level_percentile,fixed_from_complete_oof_before_resampling,support_sufficient_descriptive_estimate,True,pointwise_descriptive,none,200.0,Intervals condition on the observed employees and fixed fold/model-training protocol; they do not estimate model-training instability.,"Descriptive OOF subgroup audit only; gaps do not establish discrimination, fairness, or causality. Class-specific rows use their reported denominators. Intervals are pointwise; no multiplicity-adjusted or simultaneous inference.",1563,Gender | true_positive_rate | class 2.0
canonical_v2_20260714T221501Z_483f96f,51415c2ce68c89d9ce2b042b0a7a811fe3e98180b72460006f9d0465f6bf49b7,06c507bee525ea1daca43b61249764007d4d8baaa05c9333f23446ea723ce160,f1e358e99914563305428cece1b1595bc76a58643184407ec5b222162d650332,98ae57b622a56983192975c5bff94374ed51322f13c76af633c3c96ceb198cdd,support_aware_subgroup_diagnostics,"{""dataset_sha256"":""b8deac0a615b97076622ae540f4cfd0d3c3f1e7acb83ba3ff6560470a9ccf60a""}","{""policy"":""no_salary_hike_no_attrition_no_department_no_job_role""}",support_gated_descriptive_oof_subgroup_diagnostics,not_applicable_or_resolved_by_source_contract,pointwise_paired_stratified_percentile_bootstrap_5000_draws,subgroup_proxy/fairness_disparity_uncertainty.csv,f67613b45f85dc20b9d6fc5a8d1da2a2dc0c1f560762d7465817b5b7b0d74006,fairness_disparity_uncertainty,288,c1300316fe5baec24e789c06aec35dd4f283fa4843b71c7aab1edbf4818f8e91,d483d8ddb93a47a99a2eab54fe3d138d8f614798dd418bca860ea3f20c813f51,b8deac0a615b97076622ae540f4cfd0d3c3f1e7acb83ba3ff6560470a9ccf60a,ordinal_multiclass_performance,no_salary_hike_no_attrition_no_department_no_job_role,Gender,,protected_or_sensitive_descriptive_audit,,30,,policy_ablation_raw_uncalibrated_oof_probabilities,true_positive_rate,3.0,,,,10,,,support_aware_subgroup_disparity,0.0555928503206439,0.0054437202592746,0.1112940845791033,0.95,2.0,2.0,"[""Female"",""Male""]",475.0,349.0,5000.0,5000.0,1.0,3528e4377f9907c2a7c1b51806abf09e0ec2d5513da630618b0a0cb9950a37d0,paired_stratified_sample_level_percentile,fixed_from_complete_oof_before_resampling,support_sufficient_descriptive_estimate,True,pointwise_descriptive,none,200.0,Intervals condition on the observed employees and fixed fold/model-training protocol; they do not estimate model-training instability.,"Descriptive OOF subgroup audit only; gaps do not establish discrimination, fairness, or causality. Class-specific rows use their reported denominators. Intervals are pointwise; no multiplicity-adjusted or simultaneous inference.",1564,Gender | true_positive_rate | class 3.0
canonical_v2_20260714T221501Z_483f96f,51415c2ce68c89d9ce2b042b0a7a811fe3e98180b72460006f9d0465f6bf49b7,06c507bee525ea1daca43b61249764007d4d8baaa05c9333f23446ea723ce160,f1e358e99914563305428cece1b1595bc76a58643184407ec5b222162d650332,98ae57b622a56983192975c5bff94374ed51322f13c76af633c3c96ceb198cdd,support_aware_subgroup_diagnostics,"{""dataset_sha256"":""b8deac0a615b97076622ae540f4cfd0d3c3f1e7acb83ba3ff6560470a9ccf60a""}","{""policy"":""no_salary_hike_no_attrition_no_department_no_job_role""}",support_gated_descriptive_oof_subgroup_diagnostics,not_applicable_or_resolved_by_source_contract,pointwise_paired_stratified_percentile_bootstrap_5000_draws,subgroup_proxy/fairness_disparity_uncertainty.csv,f67613b45f85dc20b9d6fc5a8d1da2a2dc0c1f560762d7465817b5b7b0d74006,fairness_disparity_uncertainty,289,c1300316fe5baec24e789c06aec35dd4f283fa4843b71c7aab1edbf4818f8e91,d483d8ddb93a47a99a2eab54fe3d138d8f614798dd418bca860ea3f20c813f51,b8deac0a615b97076622ae540f4cfd0d3c3f1e7acb83ba3ff6560470a9ccf60a,ordinal_multiclass_performance,no_salary_hike_no_attrition_no_department_no_job_role,Gender,,protected_or_sensitive_descriptive_audit,,30,,policy_ablation_raw_uncalibrated_oof_probabilities,true_positive_rate,4.0,,,,10,,,support_aware_subgroup_disparity,0.0036310820624546,0.0021721967963386,0.1447390259210849,0.95,2.0,2.0,"[""Female"",""Male""]",475.0,51.0,5000.0,5000.0,1.0,3528e4377f9907c2a7c1b51806abf09e0ec2d5513da630618b0a0cb9950a37d0,paired_stratified_sample_level_percentile,fixed_from_complete_oof_before_resampling,support_sufficient_descriptive_estimate,True,pointwise_descriptive,none,200.0,Intervals condition on the observed employees and fixed fold/model-training protocol; they do not estimate model-training instability.,"Descriptive OOF subgroup audit only; gaps do not establish discrimination, fairness, or causality. Class-specific rows use their reported denominators. Intervals are pointwise; no multiplicity-adjusted or simultaneous inference.",1565,Gender | true_positive_rate | class 4.0
canonical_v2_20260714T221501Z_483f96f,51415c2ce68c89d9ce2b042b0a7a811fe3e98180b72460006f9d0465f6bf49b7,06c507bee525ea1daca43b61249764007d4d8baaa05c9333f23446ea723ce160,f1e358e99914563305428cece1b1595bc76a58643184407ec5b222162d650332,98ae57b622a56983192975c5bff94374ed51322f13c76af633c3c96ceb198cdd,support_aware_subgroup_diagnostics,"{""dataset_sha256"":""b8deac0a615b97076622ae540f4cfd0d3c3f1e7acb83ba3ff6560470a9ccf60a""}","{""policy"":""no_salary_hike_no_attrition_no_department_no_job_role""}",support_gated_descriptive_oof_subgroup_diagnostics,not_applicable_or_resolved_by_source_contract,pointwise_paired_stratified_percentile_bootstrap_5000_draws,subgroup_proxy/fairness_disparity_uncertainty.csv,f67613b45f85dc20b9d6fc5a8d1da2a2dc0c1f560762d7465817b5b7b0d74006,fairness_disparity_uncertainty,290,c1300316fe5baec24e789c06aec35dd4f283fa4843b71c7aab1edbf4818f8e91,d483d8ddb93a47a99a2eab54fe3d138d8f614798dd418bca860ea3f20c813f51,b8deac0a615b97076622ae540f4cfd0d3c3f1e7acb83ba3ff6560470a9ccf60a,ordinal_multiclass_performance,no_salary_hike_no_attrition_no_department_no_job_role,MaritalStatus,,protected_or_sensitive_descriptive_audit,,30,,policy_ablation_raw_uncalibrated_oof_probabilities,accuracy,,,,,30,,,support_aware_subgroup_disparity,0.044004714111922,0.0126310225010888,0.1100788340629447,0.95,3.0,3.0,"[""Divorced"",""Married"",""Single""]",268.0,268.0,5000.0,5000.0,1.0,3528e4377f9907c2a7c1b51806abf09e0ec2d5513da630618b0a0cb9950a37d0,paired_stratified_sample_level_percentile,fixed_from_complete_oof_before_resampling,support_sufficient_descriptive_estimate,True,pointwise_descriptive,none,200.0,Intervals condition on the observed employees and fixed fold/model-training protocol; they do not estimate model-training instability.,"Descriptive OOF subgroup audit only; gaps do not establish discrimination, fairness, or causality. Class-specific rows use their reported denominators. Intervals are pointwise; no multiplicity-adjusted or simultaneous inference.",1566,MaritalStatus | accuracy
canonical_v2_20260714T221501Z_483f96f,51415c2ce68c89d9ce2b042b0a7a811fe3e98180b72460006f9d0465f6bf49b7,06c507bee525ea1daca43b61249764007d4d8baaa05c9333f23446ea723ce160,f1e358e99914563305428cece1b1595bc76a58643184407ec5b222162d650332,98ae57b622a56983192975c5bff94374ed51322f13c76af633c3c96ceb198cdd,support_aware_subgroup_diagnostics,"{""dataset_sha256"":""b8deac0a615b97076622ae540f4cfd0d3c3f1e7acb83ba3ff6560470a9ccf60a""}","{""policy"":""no_salary_hike_no_attrition_no_department_no_job_role""}",support_gated_descriptive_oof_subgroup_diagnostics,not_applicable_or_resolved_by_source_contract,pointwise_paired_stratified_percentile_bootstrap_5000_draws,subgroup_proxy/fairness_disparity_uncertainty.csv,f67613b45f85dc20b9d6fc5a8d1da2a2dc0c1f560762d7465817b5b7b0d74006,fairness_disparity_uncertainty,291,c1300316fe5baec24e789c06aec35dd4f283fa4843b71c7aab1edbf4818f8e91,d483d8ddb93a47a99a2eab54fe3d138d8f614798dd418bca860ea3f20c813f51,b8deac0a615b97076622ae540f4cfd0d3c3f1e7acb83ba3ff6560470a9ccf60a,ordinal_multiclass_performance,no_salary_hike_no_attrition_no_department_no_job_role,MaritalStatus,,protected_or_sensitive_descriptive_audit,,30,,policy_ablation_raw_uncalibrated_oof_probabilities,false_positive_rate,2.0,,,,10,,,support_aware_subgroup_disparity,0.0221185064935064,0.0060598092864033,0.0649141157386515,0.95,3.0,3.0,"[""Divorced"",""Married"",""Single""]",268.0,231.0,5000.0,5000.0,1.0,3528e4377f9907c2a7c1b51806abf09e0ec2d5513da630618b0a0cb9950a37d0,paired_stratified_sample_level_percentile,fixed_from_complete_oof_before_resampling,support_sufficient_descriptive_estimate,True,pointwise_descriptive,none,200.0,Intervals condition on the observed employees and fixed fold/model-training protocol; they do not estimate model-training instability.,"Descriptive OOF subgroup audit only; gaps do not establish discrimination, fairness, or causality. Class-specific rows use their reported denominators. Intervals are pointwise; no multiplicity-adjusted or simultaneous inference.",1567,MaritalStatus | false_positive_rate | class 2.0
canonical_v2_20260714T221501Z_483f96f,51415c2ce68c89d9ce2b042b0a7a811fe3e98180b72460006f9d0465f6bf49b7,06c507bee525ea1daca43b61249764007d4d8baaa05c9333f23446ea723ce160,f1e358e99914563305428cece1b1595bc76a58643184407ec5b222162d650332,98ae57b622a56983192975c5bff94374ed51322f13c76af633c3c96ceb198cdd,support_aware_subgroup_diagnostics,"{""dataset_sha256"":""b8deac0a615b97076622ae540f4cfd0d3c3f1e7acb83ba3ff6560470a9ccf60a""}","{""policy"":""no_salary_hike_no_attrition_no_department_no_job_role""}",support_gated_descriptive_oof_subgroup_diagnostics,not_applicable_or_resolved_by_source_contract,pointwise_paired_stratified_percentile_bootstrap_5000_draws,subgroup_proxy/fairness_disparity_uncertainty.csv,f67613b45f85dc20b9d6fc5a8d1da2a2dc0c1f560762d7465817b5b7b0d74006,fairness_disparity_uncertainty,292,c1300316fe5baec24e789c06aec35dd4f283fa4843b71c7aab1edbf4818f8e91,d483d8ddb93a47a99a2eab54fe3d138d8f614798dd418bca860ea3f20c813f51,b8deac0a615b97076622ae540f4cfd0d3c3f1e7acb83ba3ff6560470a9ccf60a,ordinal_multiclass_performance,no_salary_hike_no_attrition_no_department_no_job_role,MaritalStatus,,protected_or_sensitive_descriptive_audit,,30,,policy_ablation_raw_uncalibrated_oof_probabilities,false_positive_rate,3.0,,,,10,,,support_aware_subgroup_disparity,0.1005376344086022,0.0277737899917965,0.233525966031742,0.95,3.0,3.0,"[""Divorced"",""Married"",""Single""]",268.0,63.0,5000.0,5000.0,1.0,3528e4377f9907c2a7c1b51806abf09e0ec2d5513da630618b0a0cb9950a37d0,paired_stratified_sample_level_percentile,fixed_from_complete_oof_before_resampling,support_sufficient_descriptive_estimate,True,pointwise_descriptive,none,200.0,Intervals condition on the observed employees and fixed fold/model-training protocol; they do not estimate model-training instability.,"Descriptive OOF subgroup audit only; gaps do not establish discrimination, fairness, or causality. Class-specific rows use their reported denominators. Intervals are pointwise; no multiplicity-adjusted or simultaneous inference.",1568,MaritalStatus | false_positive_rate | class 3.0
canonical_v2_20260714T221501Z_483f96f,51415c2ce68c89d9ce2b042b0a7a811fe3e98180b72460006f9d0465f6bf49b7,06c507bee525ea1daca43b61249764007d4d8baaa05c9333f23446ea723ce160,f1e358e99914563305428cece1b1595bc76a58643184407ec5b222162d650332,98ae57b622a56983192975c5bff94374ed51322f13c76af633c3c96ceb198cdd,support_aware_subgroup_diagnostics,"{""dataset_sha256"":""b8deac0a615b97076622ae540f4cfd0d3c3f1e7acb83ba3ff6560470a9ccf60a""}","{""policy"":""no_salary_hike_no_attrition_no_department_no_job_role""}",support_gated_descriptive_oof_subgroup_diagnostics,not_applicable_or_resolved_by_source_contract,pointwise_paired_stratified_percentile_bootstrap_5000_draws,subgroup_proxy/fairness_disparity_uncertainty.csv,f67613b45f85dc20b9d6fc5a8d1da2a2dc0c1f560762d7465817b5b7b0d74006,fairness_disparity_uncertainty,293,c1300316fe5baec24e789c06aec35dd4f283fa4843b71c7aab1edbf4818f8e91,d483d8ddb93a47a99a2eab54fe3d138d8f614798dd418bca860ea3f20c813f51,b8deac0a615b97076622ae540f4cfd0d3c3f1e7acb83ba3ff6560470a9ccf60a,ordinal_multiclass_performance,no_salary_hike_no_attrition_no_department_no_job_role,MaritalStatus,,protected_or_sensitive_descriptive_audit,,30,,policy_ablation_raw_uncalibrated_oof_probabilities,false_positive_rate,4.0,,,,10,,,support_aware_subgroup_disparity,0.0598125827703552,0.018899921852483,0.1146141707863677,0.95,3.0,3.0,"[""Divorced"",""Married"",""Single""]",268.0,242.0,5000.0,5000.0,1.0,3528e4377f9907c2a7c1b51806abf09e0ec2d5513da630618b0a0cb9950a37d0,paired_stratified_sample_level_percentile,fixed_from_complete_oof_before_resampling,support_sufficient_descriptive_estimate,True,pointwise_descriptive,none,200.0,Intervals condition on the observed employees and fixed fold/model-training protocol; they do not estimate model-training instability.,"Descriptive OOF subgroup audit only; gaps do not establish discrimination, fairness, or causality. Class-specific rows use their reported denominators. Intervals are pointwise; no multiplicity-adjusted or simultaneous inference.",1569,MaritalStatus | false_positive_rate | class 4.0
canonical_v2_20260714T221501Z_483f96f,51415c2ce68c89d9ce2b042b0a7a811fe3e98180b72460006f9d0465f6bf49b7,06c507bee525ea1daca43b61249764007d4d8baaa05c9333f23446ea723ce160,f1e358e99914563305428cece1b1595bc76a58643184407ec5b222162d650332,98ae57b622a56983192975c5bff94374ed51322f13c76af633c3c96ceb198cdd,support_aware_subgroup_diagnostics,"{""dataset_sha256"":""b8deac0a615b97076622ae540f4cfd0d3c3f1e7acb83ba3ff6560470a9ccf60a""}","{""policy"":""no_salary_hike_no_attrition_no_department_no_job_role""}",support_gated_descriptive_oof_subgroup_diagnostics,not_applicable_or_resolved_by_source_contract,pointwise_paired_stratified_percentile_bootstrap_5000_draws,subgroup_proxy/fairness_disparity_uncertainty.csv,f67613b45f85dc20b9d6fc5a8d1da2a2dc0c1f560762d7465817b5b7b0d74006,fairness_disparity_uncertainty,294,c1300316fe5baec24e789c06aec35dd4f283fa4843b71c7aab1edbf4818f8e91,d483d8ddb93a47a99a2eab54fe3d138d8f614798dd418bca860ea3f20c813f51,b8deac0a615b97076622ae540f4cfd0d3c3f1e7acb83ba3ff6560470a9ccf60a,ordinal_multiclass_performance,no_salary_hike_no_attrition_no_department_no_job_role,MaritalStatus,,protected_or_sensitive_descriptive_audit,,30,,policy_ablation_raw_uncalibrated_oof_probabilities,macro_f1,,,,,30,,,support_aware_subgroup_disparity,0.0194984123791758,0.0076676682189976,0.0947144820799186,0.95,3.0,3.0,"[""Divorced"",""Married"",""Single""]",268.0,268.0,5000.0,5000.0,1.0,3528e4377f9907c2a7c1b51806abf09e0ec2d5513da630618b0a0cb9950a37d0,paired_stratified_sample_level_percentile,fixed_from_complete_oof_before_resampling,support_sufficient_descriptive_estimate,True,pointwise_descriptive,none,200.0,Intervals condition on the observed employees and fixed fold/model-training protocol; they do not estimate model-training instability.,"Descriptive OOF subgroup audit only; gaps do not establish discrimination, fairness, or causality. Class-specific rows use their reported denominators. Intervals are pointwise; no multiplicity-adjusted or simultaneous inference.",1570,MaritalStatus | macro_f1
canonical_v2_20260714T221501Z_483f96f,51415c2ce68c89d9ce2b042b0a7a811fe3e98180b72460006f9d0465f6bf49b7,06c507bee525ea1daca43b61249764007d4d8baaa05c9333f23446ea723ce160,f1e358e99914563305428cece1b1595bc76a58643184407ec5b222162d650332,98ae57b622a56983192975c5bff94374ed51322f13c76af633c3c96ceb198cdd,support_aware_subgroup_diagnostics,"{""dataset_sha256"":""b8deac0a615b97076622ae540f4cfd0d3c3f1e7acb83ba3ff6560470a9ccf60a""}","{""policy"":""no_salary_hike_no_attrition_no_department_no_job_role""}",support_gated_descriptive_oof_subgroup_diagnostics,not_applicable_or_resolved_by_source_contract,pointwise_paired_stratified_percentile_bootstrap_5000_draws,subgroup_proxy/fairness_disparity_uncertainty.csv,f67613b45f85dc20b9d6fc5a8d1da2a2dc0c1f560762d7465817b5b7b0d74006,fairness_disparity_uncertainty,295,c1300316fe5baec24e789c06aec35dd4f283fa4843b71c7aab1edbf4818f8e91,d483d8ddb93a47a99a2eab54fe3d138d8f614798dd418bca860ea3f20c813f51,b8deac0a615b97076622ae540f4cfd0d3c3f1e7acb83ba3ff6560470a9ccf60a,ordinal_multiclass_performance,no_salary_hike_no_attrition_no_department_no_job_role,MaritalStatus,,protected_or_sensitive_descriptive_audit,,30,,policy_ablation_raw_uncalibrated_oof_probabilities,mean_predicted_probability,2.0,,,,30,,,support_aware_subgroup_disparity,0.0542440659786762,0.0183803082837674,0.1045946549531995,0.95,3.0,3.0,"[""Divorced"",""Married"",""Single""]",268.0,268.0,5000.0,5000.0,1.0,3528e4377f9907c2a7c1b51806abf09e0ec2d5513da630618b0a0cb9950a37d0,paired_stratified_sample_level_percentile,fixed_from_complete_oof_before_resampling,support_sufficient_descriptive_estimate,True,pointwise_descriptive,none,200.0,Intervals condition on the observed employees and fixed fold/model-training protocol; they do not estimate model-training instability.,"Descriptive OOF subgroup audit only; gaps do not establish discrimination, fairness, or causality. Class-specific rows use their reported denominators. Intervals are pointwise; no multiplicity-adjusted or simultaneous inference.",1571,MaritalStatus | mean_predicted_probability | class 2.0
canonical_v2_20260714T221501Z_483f96f,51415c2ce68c89d9ce2b042b0a7a811fe3e98180b72460006f9d0465f6bf49b7,06c507bee525ea1daca43b61249764007d4d8baaa05c9333f23446ea723ce160,f1e358e99914563305428cece1b1595bc76a58643184407ec5b222162d650332,98ae57b622a56983192975c5bff94374ed51322f13c76af633c3c96ceb198cdd,support_aware_subgroup_diagnostics,"{""dataset_sha256"":""b8deac0a615b97076622ae540f4cfd0d3c3f1e7acb83ba3ff6560470a9ccf60a""}","{""policy"":""no_salary_hike_no_attrition_no_department_no_job_role""}",support_gated_descriptive_oof_subgroup_diagnostics,not_applicable_or_resolved_by_source_contract,pointwise_paired_stratified_percentile_bootstrap_5000_draws,subgroup_proxy/fairness_disparity_uncertainty.csv,f67613b45f85dc20b9d6fc5a8d1da2a2dc0c1f560762d7465817b5b7b0d74006,fairness_disparity_uncertainty,296,c1300316fe5baec24e789c06aec35dd4f283fa4843b71c7aab1edbf4818f8e91,d483d8ddb93a47a99a2eab54fe3d138d8f614798dd418bca860ea3f20c813f51,b8deac0a615b97076622ae540f4cfd0d3c3f1e7acb83ba3ff6560470a9ccf60a,ordinal_multiclass_performance,no_salary_hike_no_attrition_no_department_no_job_role,MaritalStatus,,protected_or_sensitive_descriptive_audit,,30,,policy_ablation_raw_uncalibrated_oof_probabilities,mean_predicted_probability,3.0,,,,30,,,support_aware_subgroup_disparity,0.0270018999702459,0.0082879872931922,0.0731204401728468,0.95,3.0,3.0,"[""Divorced"",""Married"",""Single""]",268.0,268.0,5000.0,5000.0,1.0,3528e4377f9907c2a7c1b51806abf09e0ec2d5513da630618b0a0cb9950a37d0,paired_stratified_sample_level_percentile,fixed_from_complete_oof_before_resampling,support_sufficient_descriptive_estimate,True,pointwise_descriptive,none,200.0,Intervals condition on the observed employees and fixed fold/model-training protocol; they do not estimate model-training instability.,"Descriptive OOF subgroup audit only; gaps do not establish discrimination, fairness, or causality. Class-specific rows use their reported denominators. Intervals are pointwise; no multiplicity-adjusted or simultaneous inference.",1572,MaritalStatus | mean_predicted_probability | class 3.0
canonical_v2_20260714T221501Z_483f96f,51415c2ce68c89d9ce2b042b0a7a811fe3e98180b72460006f9d0465f6bf49b7,06c507bee525ea1daca43b61249764007d4d8baaa05c9333f23446ea723ce160,f1e358e99914563305428cece1b1595bc76a58643184407ec5b222162d650332,98ae57b622a56983192975c5bff94374ed51322f13c76af633c3c96ceb198cdd,support_aware_subgroup_diagnostics,"{""dataset_sha256"":""b8deac0a615b97076622ae540f4cfd0d3c3f1e7acb83ba3ff6560470a9ccf60a""}","{""policy"":""no_salary_hike_no_attrition_no_department_no_job_role""}",support_gated_descriptive_oof_subgroup_diagnostics,not_applicable_or_resolved_by_source_contract,pointwise_paired_stratified_percentile_bootstrap_5000_draws,subgroup_proxy/fairness_disparity_uncertainty.csv,f67613b45f85dc20b9d6fc5a8d1da2a2dc0c1f560762d7465817b5b7b0d74006,fairness_disparity_uncertainty,297,c1300316fe5baec24e789c06aec35dd4f283fa4843b71c7aab1edbf4818f8e91,d483d8ddb93a47a99a2eab54fe3d138d8f614798dd418bca860ea3f20c813f51,b8deac0a615b97076622ae540f4cfd0d3c3f1e7acb83ba3ff6560470a9ccf60a,ordinal_multiclass_performance,no_salary_hike_no_attrition_no_department_no_job_role,MaritalStatus,,protected_or_sensitive_descriptive_audit,,30,,policy_ablation_raw_uncalibrated_oof_probabilities,mean_predicted_probability,4.0,,,,30,,,support_aware_subgroup_disparity,0.0272421660084304,0.0070855149944986,0.0577043738816977,0.95,3.0,3.0,"[""Divorced"",""Married"",""Single""]",268.0,268.0,5000.0,5000.0,1.0,3528e4377f9907c2a7c1b51806abf09e0ec2d5513da630618b0a0cb9950a37d0,paired_stratified_sample_level_percentile,fixed_from_complete_oof_before_resampling,support_sufficient_descriptive_estimate,True,pointwise_descriptive,none,200.0,Intervals condition on the observed employees and fixed fold/model-training protocol; they do not estimate model-training instability.,"Descriptive OOF subgroup audit only; gaps do not establish discrimination, fairness, or causality. Class-specific rows use their reported denominators. Intervals are pointwise; no multiplicity-adjusted or simultaneous inference.",1573,MaritalStatus | mean_predicted_probability | class 4.0
canonical_v2_20260714T221501Z_483f96f,51415c2ce68c89d9ce2b042b0a7a811fe3e98180b72460006f9d0465f6bf49b7,06c507bee525ea1daca43b61249764007d4d8baaa05c9333f23446ea723ce160,f1e358e99914563305428cece1b1595bc76a58643184407ec5b222162d650332,98ae57b622a56983192975c5bff94374ed51322f13c76af633c3c96ceb198cdd,support_aware_subgroup_diagnostics,"{""dataset_sha256"":""b8deac0a615b97076622ae540f4cfd0d3c3f1e7acb83ba3ff6560470a9ccf60a""}","{""policy"":""no_salary_hike_no_attrition_no_department_no_job_role""}",support_gated_descriptive_oof_subgroup_diagnostics,not_applicable_or_resolved_by_source_contract,pointwise_paired_stratified_percentile_bootstrap_5000_draws,subgroup_proxy/fairness_disparity_uncertainty.csv,f67613b45f85dc20b9d6fc5a8d1da2a2dc0c1f560762d7465817b5b7b0d74006,fairness_disparity_uncertainty,298,c1300316fe5baec24e789c06aec35dd4f283fa4843b71c7aab1edbf4818f8e91,d483d8ddb93a47a99a2eab54fe3d138d8f614798dd418bca860ea3f20c813f51,b8deac0a615b97076622ae540f4cfd0d3c3f1e7acb83ba3ff6560470a9ccf60a,ordinal_multiclass_performance,no_salary_hike_no_attrition_no_department_no_job_role,MaritalStatus,,protected_or_sensitive_descriptive_audit,,30,,policy_ablation_raw_uncalibrated_oof_probabilities,positive_prediction_rate,2.0,,,,30,,,support_aware_subgroup_disparity,0.0524022224643207,0.0185364240333111,0.1127614745436935,0.95,3.0,3.0,"[""Divorced"",""Married"",""Single""]",268.0,268.0,5000.0,5000.0,1.0,3528e4377f9907c2a7c1b51806abf09e0ec2d5513da630618b0a0cb9950a37d0,paired_stratified_sample_level_percentile,fixed_from_complete_oof_before_resampling,support_sufficient_descriptive_estimate,True,pointwise_descriptive,none,200.0,Intervals condition on the observed employees and fixed fold/model-training protocol; they do not estimate model-training instability.,"Descriptive OOF subgroup audit only; gaps do not establish discrimination, fairness, or causality. Class-specific rows use their reported denominators. Intervals are pointwise; no multiplicity-adjusted or simultaneous inference.",1574,MaritalStatus | positive_prediction_rate | class 2.0
canonical_v2_20260714T221501Z_483f96f,51415c2ce68c89d9ce2b042b0a7a811fe3e98180b72460006f9d0465f6bf49b7,06c507bee525ea1daca43b61249764007d4d8baaa05c9333f23446ea723ce160,f1e358e99914563305428cece1b1595bc76a58643184407ec5b222162d650332,98ae57b622a56983192975c5bff94374ed51322f13c76af633c3c96ceb198cdd,support_aware_subgroup_diagnostics,"{""dataset_sha256"":""b8deac0a615b97076622ae540f4cfd0d3c3f1e7acb83ba3ff6560470a9ccf60a""}","{""policy"":""no_salary_hike_no_attrition_no_department_no_job_role""}",support_gated_descriptive_oof_subgroup_diagnostics,not_applicable_or_resolved_by_source_contract,pointwise_paired_stratified_percentile_bootstrap_5000_draws,subgroup_proxy/fairness_disparity_uncertainty.csv,f67613b45f85dc20b9d6fc5a8d1da2a2dc0c1f560762d7465817b5b7b0d74006,fairness_disparity_uncertainty,299,c1300316fe5baec24e789c06aec35dd4f283fa4843b71c7aab1edbf4818f8e91,d483d8ddb93a47a99a2eab54fe3d138d8f614798dd418bca860ea3f20c813f51,b8deac0a615b97076622ae540f4cfd0d3c3f1e7acb83ba3ff6560470a9ccf60a,ordinal_multiclass_performance,no_salary_hike_no_attrition_no_department_no_job_role,MaritalStatus,,protected_or_sensitive_descriptive_audit,,30,,policy_ablation_raw_uncalibrated_oof_probabilities,positive_prediction_rate,3.0,,,,30,,,support_aware_subgroup_disparity,0.0170631218905472,0.0074965015766718,0.0987775336086543,0.95,3.0,3.0,"[""Divorced"",""Married"",""Single""]",268.0,268.0,5000.0,5000.0,1.0,3528e4377f9907c2a7c1b51806abf09e0ec2d5513da630618b0a0cb9950a37d0,paired_stratified_sample_level_percentile,fixed_from_complete_oof_before_resampling,support_sufficient_descriptive_estimate,True,pointwise_descriptive,none,200.0,Intervals condition on the observed employees and fixed fold/model-training protocol; they do not estimate model-training instability.,"Descriptive OOF subgroup audit only; gaps do not establish discrimination, fairness, or causality. Class-specific rows use their reported denominators. Intervals are pointwise; no multiplicity-adjusted or simultaneous inference.",1575,MaritalStatus | positive_prediction_rate | class 3.0
canonical_v2_20260714T221501Z_483f96f,51415c2ce68c89d9ce2b042b0a7a811fe3e98180b72460006f9d0465f6bf49b7,06c507bee525ea1daca43b61249764007d4d8baaa05c9333f23446ea723ce160,f1e358e99914563305428cece1b1595bc76a58643184407ec5b222162d650332,98ae57b622a56983192975c5bff94374ed51322f13c76af633c3c96ceb198cdd,support_aware_subgroup_diagnostics,"{""dataset_sha256"":""b8deac0a615b97076622ae540f4cfd0d3c3f1e7acb83ba3ff6560470a9ccf60a""}","{""policy"":""no_salary_hike_no_attrition_no_department_no_job_role""}",support_gated_descriptive_oof_subgroup_diagnostics,not_applicable_or_resolved_by_source_contract,pointwise_paired_stratified_percentile_bootstrap_5000_draws,subgroup_proxy/fairness_disparity_uncertainty.csv,f67613b45f85dc20b9d6fc5a8d1da2a2dc0c1f560762d7465817b5b7b0d74006,fairness_disparity_uncertainty,300,c1300316fe5baec24e789c06aec35dd4f283fa4843b71c7aab1edbf4818f8e91,d483d8ddb93a47a99a2eab54fe3d138d8f614798dd418bca860ea3f20c813f51,b8deac0a615b97076622ae540f4cfd0d3c3f1e7acb83ba3ff6560470a9ccf60a,ordinal_multiclass_performance,no_salary_hike_no_attrition_no_department_no_job_role,MaritalStatus,,protected_or_sensitive_descriptive_audit,,30,,policy_ablation_raw_uncalibrated_oof_probabilities,positive_prediction_rate,4.0,,,,30,,,support_aware_subgroup_disparity,0.0547717616298071,0.0171441466739881,0.1087101740747998,0.95,3.0,3.0,"[""Divorced"",""Married"",""Single""]",268.0,268.0,5000.0,5000.0,1.0,3528e4377f9907c2a7c1b51806abf09e0ec2d5513da630618b0a0cb9950a37d0,paired_stratified_sample_level_percentile,fixed_from_complete_oof_before_resampling,support_sufficient_descriptive_estimate,True,pointwise_descriptive,none,200.0,Intervals condition on the observed employees and fixed fold/model-training protocol; they do not estimate model-training instability.,"Descriptive OOF subgroup audit only; gaps do not establish discrimination, fairness, or causality. Class-specific rows use their reported denominators. Intervals are pointwise; no multiplicity-adjusted or simultaneous inference.",1576,MaritalStatus | positive_prediction_rate | class 4.0
canonical_v2_20260714T221501Z_483f96f,51415c2ce68c89d9ce2b042b0a7a811fe3e98180b72460006f9d0465f6bf49b7,06c507bee525ea1daca43b61249764007d4d8baaa05c9333f23446ea723ce160,f1e358e99914563305428cece1b1595bc76a58643184407ec5b222162d650332,98ae57b622a56983192975c5bff94374ed51322f13c76af633c3c96ceb198cdd,support_aware_subgroup_diagnostics,"{""dataset_sha256"":""b8deac0a615b97076622ae540f4cfd0d3c3f1e7acb83ba3ff6560470a9ccf60a""}","{""policy"":""no_salary_hike_no_attrition_no_department_no_job_role""}",support_gated_descriptive_oof_subgroup_diagnostics,not_applicable_or_resolved_by_source_contract,pointwise_paired_stratified_percentile_bootstrap_5000_draws,subgroup_proxy/fairness_disparity_uncertainty.csv,f67613b45f85dc20b9d6fc5a8d1da2a2dc0c1f560762d7465817b5b7b0d74006,fairness_disparity_uncertainty,301,c1300316fe5baec24e789c06aec35dd4f283fa4843b71c7aab1edbf4818f8e91,d483d8ddb93a47a99a2eab54fe3d138d8f614798dd418bca860ea3f20c813f51,b8deac0a615b97076622ae540f4cfd0d3c3f1e7acb83ba3ff6560470a9ccf60a,ordinal_multiclass_performance,no_salary_hike_no_attrition_no_department_no_job_role,MaritalStatus,,protected_or_sensitive_descriptive_audit,,30,,policy_ablation_raw_uncalibrated_oof_probabilities,precision,2.0,,,,10,,,support_aware_subgroup_disparity,0.0093984962406015,0.0160990971155352,0.1955155583463937,0.95,3.0,3.0,"[""Divorced"",""Married"",""Single""]",268.0,51.0,5000.0,5000.0,1.0,3528e4377f9907c2a7c1b51806abf09e0ec2d5513da630618b0a0cb9950a37d0,paired_stratified_sample_level_percentile,fixed_from_complete_oof_before_resampling,support_sufficient_descriptive_estimate,True,pointwise_descriptive,none,200.0,Intervals condition on the observed employees and fixed fold/model-training protocol; they do not estimate model-training instability.,"Descriptive OOF subgroup audit only; gaps do not establish discrimination, fairness, or causality. Class-specific rows use their reported denominators. Intervals are pointwise; no multiplicity-adjusted or simultaneous inference.",1577,MaritalStatus | precision | class 2.0
canonical_v2_20260714T221501Z_483f96f,51415c2ce68c89d9ce2b042b0a7a811fe3e98180b72460006f9d0465f6bf49b7,06c507bee525ea1daca43b61249764007d4d8baaa05c9333f23446ea723ce160,f1e358e99914563305428cece1b1595bc76a58643184407ec5b222162d650332,98ae57b622a56983192975c5bff94374ed51322f13c76af633c3c96ceb198cdd,support_aware_subgroup_diagnostics,"{""dataset_sha256"":""b8deac0a615b97076622ae540f4cfd0d3c3f1e7acb83ba3ff6560470a9ccf60a""}","{""policy"":""no_salary_hike_no_attrition_no_department_no_job_role""}",support_gated_descriptive_oof_subgroup_diagnostics,not_applicable_or_resolved_by_source_contract,pointwise_paired_stratified_percentile_bootstrap_5000_draws,subgroup_proxy/fairness_disparity_uncertainty.csv,f67613b45f85dc20b9d6fc5a8d1da2a2dc0c1f560762d7465817b5b7b0d74006,fairness_disparity_uncertainty,302,c1300316fe5baec24e789c06aec35dd4f283fa4843b71c7aab1edbf4818f8e91,d483d8ddb93a47a99a2eab54fe3d138d8f614798dd418bca860ea3f20c813f51,b8deac0a615b97076622ae540f4cfd0d3c3f1e7acb83ba3ff6560470a9ccf60a,ordinal_multiclass_performance,no_salary_hike_no_attrition_no_department_no_job_role,MaritalStatus,,protected_or_sensitive_descriptive_audit,,30,,policy_ablation_raw_uncalibrated_oof_probabilities,precision,3.0,,,,10,,,support_aware_subgroup_disparity,0.0499586359040352,0.0127764829667275,0.1171740343767219,0.95,3.0,3.0,"[""Divorced"",""Married"",""Single""]",268.0,172.0,5000.0,5000.0,1.0,3528e4377f9907c2a7c1b51806abf09e0ec2d5513da630618b0a0cb9950a37d0,paired_stratified_sample_level_percentile,fixed_from_complete_oof_before_resampling,support_sufficient_descriptive_estimate,True,pointwise_descriptive,none,200.0,Intervals condition on the observed employees and fixed fold/model-training protocol; they do not estimate model-training instability.,"Descriptive OOF subgroup audit only; gaps do not establish discrimination, fairness, or causality. Class-specific rows use their reported denominators. Intervals are pointwise; no multiplicity-adjusted or simultaneous inference.",1578,MaritalStatus | precision | class 3.0
canonical_v2_20260714T221501Z_483f96f,51415c2ce68c89d9ce2b042b0a7a811fe3e98180b72460006f9d0465f6bf49b7,06c507bee525ea1daca43b61249764007d4d8baaa05c9333f23446ea723ce160,f1e358e99914563305428cece1b1595bc76a58643184407ec5b222162d650332,98ae57b622a56983192975c5bff94374ed51322f13c76af633c3c96ceb198cdd,support_aware_subgroup_diagnostics,"{""dataset_sha256"":""b8deac0a615b97076622ae540f4cfd0d3c3f1e7acb83ba3ff6560470a9ccf60a""}","{""policy"":""no_salary_hike_no_attrition_no_department_no_job_role""}",support_gated_descriptive_oof_subgroup_diagnostics,not_applicable_or_resolved_by_source_contract,pointwise_paired_stratified_percentile_bootstrap_5000_draws,subgroup_proxy/fairness_disparity_uncertainty.csv,f67613b45f85dc20b9d6fc5a8d1da2a2dc0c1f560762d7465817b5b7b0d74006,fairness_disparity_uncertainty,303,c1300316fe5baec24e789c06aec35dd4f283fa4843b71c7aab1edbf4818f8e91,d483d8ddb93a47a99a2eab54fe3d138d8f614798dd418bca860ea3f20c813f51,b8deac0a615b97076622ae540f4cfd0d3c3f1e7acb83ba3ff6560470a9ccf60a,ordinal_multiclass_performance,no_salary_hike_no_attrition_no_department_no_job_role,MaritalStatus,,protected_or_sensitive_descriptive_audit,,30,,policy_ablation_raw_uncalibrated_oof_probabilities,precision,4.0,,,,10,,,support_aware_subgroup_disparity,0.050179211469534,0.0160263091817906,0.187732750031137,0.95,3.0,3.0,"[""Divorced"",""Married"",""Single""]",268.0,45.0,5000.0,5000.0,1.0,3528e4377f9907c2a7c1b51806abf09e0ec2d5513da630618b0a0cb9950a37d0,paired_stratified_sample_level_percentile,fixed_from_complete_oof_before_resampling,support_sufficient_descriptive_estimate,True,pointwise_descriptive,none,200.0,Intervals condition on the observed employees and fixed fold/model-training protocol; they do not estimate model-training instability.,"Descriptive OOF subgroup audit only; gaps do not establish discrimination, fairness, or causality. Class-specific rows use their reported denominators. Intervals are pointwise; no multiplicity-adjusted or simultaneous inference.",1579,MaritalStatus | precision | class 4.0
canonical_v2_20260714T221501Z_483f96f,51415c2ce68c89d9ce2b042b0a7a811fe3e98180b72460006f9d0465f6bf49b7,06c507bee525ea1daca43b61249764007d4d8baaa05c9333f23446ea723ce160,f1e358e99914563305428cece1b1595bc76a58643184407ec5b222162d650332,98ae57b622a56983192975c5bff94374ed51322f13c76af633c3c96ceb198cdd,support_aware_subgroup_diagnostics,"{""dataset_sha256"":""b8deac0a615b97076622ae540f4cfd0d3c3f1e7acb83ba3ff6560470a9ccf60a""}","{""policy"":""no_salary_hike_no_attrition_no_department_no_job_role""}",support_gated_descriptive_oof_subgroup_diagnostics,not_applicable_or_resolved_by_source_contract,pointwise_paired_stratified_percentile_bootstrap_5000_draws,subgroup_proxy/fairness_disparity_uncertainty.csv,f67613b45f85dc20b9d6fc5a8d1da2a2dc0c1f560762d7465817b5b7b0d74006,fairness_disparity_uncertainty,304,c1300316fe5baec24e789c06aec35dd4f283fa4843b71c7aab1edbf4818f8e91,d483d8ddb93a47a99a2eab54fe3d138d8f614798dd418bca860ea3f20c813f51,b8deac0a615b97076622ae540f4cfd0d3c3f1e7acb83ba3ff6560470a9ccf60a,ordinal_multiclass_performance,no_salary_hike_no_attrition_no_department_no_job_role,MaritalStatus,,protected_or_sensitive_descriptive_audit,,30,,policy_ablation_raw_uncalibrated_oof_probabilities,true_positive_rate,2.0,,,,10,,,support_aware_subgroup_disparity,0.0431484115694642,0.0123111215110279,0.1284591013824884,0.95,3.0,3.0,"[""Divorced"",""Married"",""Single""]",268.0,37.0,5000.0,5000.0,1.0,3528e4377f9907c2a7c1b51806abf09e0ec2d5513da630618b0a0cb9950a37d0,paired_stratified_sample_level_percentile,fixed_from_complete_oof_before_resampling,support_sufficient_descriptive_estimate,True,pointwise_descriptive,none,200.0,Intervals condition on the observed employees and fixed fold/model-training protocol; they do not estimate model-training instability.,"Descriptive OOF subgroup audit only; gaps do not establish discrimination, fairness, or causality. Class-specific rows use their reported denominators. Intervals are pointwise; no multiplicity-adjusted or simultaneous inference.",1580,MaritalStatus | true_positive_rate | class 2.0
canonical_v2_20260714T221501Z_483f96f,51415c2ce68c89d9ce2b042b0a7a811fe3e98180b72460006f9d0465f6bf49b7,06c507bee525ea1daca43b61249764007d4d8baaa05c9333f23446ea723ce160,f1e358e99914563305428cece1b1595bc76a58643184407ec5b222162d650332,98ae57b622a56983192975c5bff94374ed51322f13c76af633c3c96ceb198cdd,support_aware_subgroup_diagnostics,"{""dataset_sha256"":""b8deac0a615b97076622ae540f4cfd0d3c3f1e7acb83ba3ff6560470a9ccf60a""}","{""policy"":""no_salary_hike_no_attrition_no_department_no_job_role""}",support_gated_descriptive_oof_subgroup_diagnostics,not_applicable_or_resolved_by_source_contract,pointwise_paired_stratified_percentile_bootstrap_5000_draws,subgroup_proxy/fairness_disparity_uncertainty.csv,f67613b45f85dc20b9d6fc5a8d1da2a2dc0c1f560762d7465817b5b7b0d74006,fairness_disparity_uncertainty,305,c1300316fe5baec24e789c06aec35dd4f283fa4843b71c7aab1edbf4818f8e91,d483d8ddb93a47a99a2eab54fe3d138d8f614798dd418bca860ea3f20c813f51,b8deac0a615b97076622ae540f4cfd0d3c3f1e7acb83ba3ff6560470a9ccf60a,ordinal_multiclass_performance,no_salary_hike_no_attrition_no_department_no_job_role,MaritalStatus,,protected_or_sensitive_descriptive_audit,,30,,policy_ablation_raw_uncalibrated_oof_probabilities,true_positive_rate,3.0,,,,10,,,support_aware_subgroup_disparity,0.0418295786011295,0.0107136940481815,0.1212538287834401,0.95,3.0,3.0,"[""Divorced"",""Married"",""Single""]",268.0,205.0,5000.0,5000.0,1.0,3528e4377f9907c2a7c1b51806abf09e0ec2d5513da630618b0a0cb9950a37d0,paired_stratified_sample_level_percentile,fixed_from_complete_oof_before_resampling,support_sufficient_descriptive_estimate,True,pointwise_descriptive,none,200.0,Intervals condition on the observed employees and fixed fold/model-training protocol; they do not estimate model-training instability.,"Descriptive OOF subgroup audit only; gaps do not establish discrimination, fairness, or causality. Class-specific rows use their reported denominators. Intervals are pointwise; no multiplicity-adjusted or simultaneous inference.",1581,MaritalStatus | true_positive_rate | class 3.0
canonical_v2_20260714T221501Z_483f96f,51415c2ce68c89d9ce2b042b0a7a811fe3e98180b72460006f9d0465f6bf49b7,06c507bee525ea1daca43b61249764007d4d8baaa05c9333f23446ea723ce160,f1e358e99914563305428cece1b1595bc76a58643184407ec5b222162d650332,98ae57b622a56983192975c5bff94374ed51322f13c76af633c3c96ceb198cdd,support_aware_subgroup_diagnostics,"{""dataset_sha256"":""b8deac0a615b97076622ae540f4cfd0d3c3f1e7acb83ba3ff6560470a9ccf60a""}","{""policy"":""no_salary_hike_no_attrition_no_department_no_job_role""}",support_gated_descriptive_oof_subgroup_diagnostics,not_applicable_or_resolved_by_source_contract,pointwise_paired_stratified_percentile_bootstrap_5000_draws,subgroup_proxy/fairness_disparity_uncertainty.csv,f67613b45f85dc20b9d6fc5a8d1da2a2dc0c1f560762d7465817b5b7b0d74006,fairness_disparity_uncertainty,306,c1300316fe5baec24e789c06aec35dd4f283fa4843b71c7aab1edbf4818f8e91,d483d8ddb93a47a99a2eab54fe3d138d8f614798dd418bca860ea3f20c813f51,b8deac0a615b97076622ae540f4cfd0d3c3f1e7acb83ba3ff6560470a9ccf60a,ordinal_multiclass_performance,no_salary_hike_no_attrition_no_department_no_job_role,MaritalStatus,,protected_or_sensitive_descriptive_audit,,30,,policy_ablation_raw_uncalibrated_oof_probabilities,true_positive_rate,4.0,,,,10,,,support_aware_subgroup_disparity,0.0354449472096531,0.0185185185185185,0.239612268518518,0.95,3.0,3.0,"[""Divorced"",""Married"",""Single""]",268.0,26.0,5000.0,5000.0,1.0,3528e4377f9907c2a7c1b51806abf09e0ec2d5513da630618b0a0cb9950a37d0,paired_stratified_sample_level_percentile,fixed_from_complete_oof_before_resampling,support_sufficient_descriptive_estimate,True,pointwise_descriptive,none,200.0,Intervals condition on the observed employees and fixed fold/model-training protocol; they do not estimate model-training instability.,"Descriptive OOF subgroup audit only; gaps do not establish discrimination, fairness, or causality. Class-specific rows use their reported denominators. Intervals are pointwise; no multiplicity-adjusted or simultaneous inference.",1582,MaritalStatus | true_positive_rate | class 4.0
