bin,bin_low,bin_high,n_samples,mean_confidence,accuracy
1,0.0,0.1,0,,
2,0.1,0.2,0,,
3,0.2,0.30000000000000004,0,,
4,0.30000000000000004,0.4,0,,
5,0.4,0.5,0,,
6,0.5,0.6000000000000001,5,0.5445255289282012,0.8
7,0.6000000000000001,0.7000000000000001,6,0.6450844367696722,0.3333333333333333
8,0.7000000000000001,0.8,14,0.7628827473594407,0.9285714285714286
9,0.8,0.9,51,0.849332726025599,0.8823529411764706
10,0.9,1.0,164,0.9703477456734195,0.975609756097561
