bin,bin_low,bin_high,n_samples,mean_confidence,accuracy
1,0.0,0.1,0,,
2,0.1,0.2,0,,
3,0.2,0.30000000000000004,0,,
4,0.30000000000000004,0.4,0,,
5,0.4,0.5,0,,
6,0.5,0.6000000000000001,1,0.5820888629259328,1.0
7,0.6000000000000001,0.7000000000000001,3,0.6475951263119516,0.6666666666666666
8,0.7000000000000001,0.8,4,0.7319257947606898,0.75
9,0.8,0.9,2,0.8515992398019786,1.0
10,0.9,1.0,230,0.9953194403051019,0.9347826086956522
