bin,bin_low,bin_high,n_samples,mean_confidence,accuracy
1,0.0,0.1,0,,
2,0.1,0.2,0,,
3,0.2,0.30000000000000004,0,,
4,0.30000000000000004,0.4,0,,
5,0.4,0.5,0,,
6,0.5,0.6000000000000001,6,0.5612230896949768,1.0
7,0.6000000000000001,0.7000000000000001,7,0.6512266993522644,0.5714285714285714
8,0.7000000000000001,0.8,9,0.7587435841560364,0.5555555555555556
9,0.8,0.9,9,0.851866602897644,1.0
10,0.9,1.0,209,0.9837114214897156,0.9569377990430622
