run_id,config_hash,scientific_input_hash,source_tree_hash,metric_schema_hash,table_id,dataset_identity,model_identity,evaluation_scope,denominator,uncertainty_method,source_artifact,source_sha256,source_record_type,source_row_number,fold_contract_hash,policy,model,model_set_sha256,outer_fold_a,outer_fold_b,model_sha256_a,model_sha256_b,top_k,top_k_jaccard,spearman_all_features,n_outer_folds,n_fold_pairs,jaccard_mean,jaccard_std,jaccard_median,jaccard_min,jaccard_max,spearman_mean,spearman_std,spearman_median,spearman_min,spearman_max,fold_pair_independence_assumed,confidence_interval_applicable,uncertainty_type
canonical_v2_20260714T221501Z_483f96f,51415c2ce68c89d9ce2b042b0a7a811fe3e98180b72460006f9d0465f6bf49b7,06c507bee525ea1daca43b61249764007d4d8baaa05c9333f23446ea723ce160,f1e358e99914563305428cece1b1595bc76a58643184407ec5b222162d650332,98ae57b622a56983192975c5bff94374ed51322f13c76af633c3c96ceb198cdd,oof_shap_stability,inx_primary,"{""model"":""xgboost"",""policy"":""no_salary_hike_no_attrition_no_department""}",dependent_outer_fold_ranking_comparison,not_applicable_or_resolved_by_source_contract,descriptive_dependent_fold_pairs_no_confidence_interval,oof_shap/shap_stability_pairwise.csv,d4130a0923ceee91b2838a54cd310030a03ad81efa719ba381116135cf5d8a60,shap_stability_pairwise,1,c1300316fe5baec24e789c06aec35dd4f283fa4843b71c7aab1edbf4818f8e91,no_salary_hike_no_attrition_no_department,xgboost,d483d8ddb93a47a99a2eab54fe3d138d8f614798dd418bca860ea3f20c813f51,1.0,2.0,b02e851258e84d432bcdf7286e6c7464654cd9d936af54fa0f57494cd766f2ac,118b396aebf864f54d3c710f9369e7f3bca879602cd413b3635155c73785be15,5,1.0,0.8812030075187969,,,,,,,,,,,,,,,
canonical_v2_20260714T221501Z_483f96f,51415c2ce68c89d9ce2b042b0a7a811fe3e98180b72460006f9d0465f6bf49b7,06c507bee525ea1daca43b61249764007d4d8baaa05c9333f23446ea723ce160,f1e358e99914563305428cece1b1595bc76a58643184407ec5b222162d650332,98ae57b622a56983192975c5bff94374ed51322f13c76af633c3c96ceb198cdd,oof_shap_stability,inx_primary,"{""model"":""xgboost"",""policy"":""no_salary_hike_no_attrition_no_department""}",dependent_outer_fold_ranking_comparison,not_applicable_or_resolved_by_source_contract,descriptive_dependent_fold_pairs_no_confidence_interval,oof_shap/shap_stability_pairwise.csv,d4130a0923ceee91b2838a54cd310030a03ad81efa719ba381116135cf5d8a60,shap_stability_pairwise,2,c1300316fe5baec24e789c06aec35dd4f283fa4843b71c7aab1edbf4818f8e91,no_salary_hike_no_attrition_no_department,xgboost,d483d8ddb93a47a99a2eab54fe3d138d8f614798dd418bca860ea3f20c813f51,1.0,2.0,b02e851258e84d432bcdf7286e6c7464654cd9d936af54fa0f57494cd766f2ac,118b396aebf864f54d3c710f9369e7f3bca879602cd413b3635155c73785be15,10,0.6666666666666666,0.8812030075187969,,,,,,,,,,,,,,,
canonical_v2_20260714T221501Z_483f96f,51415c2ce68c89d9ce2b042b0a7a811fe3e98180b72460006f9d0465f6bf49b7,06c507bee525ea1daca43b61249764007d4d8baaa05c9333f23446ea723ce160,f1e358e99914563305428cece1b1595bc76a58643184407ec5b222162d650332,98ae57b622a56983192975c5bff94374ed51322f13c76af633c3c96ceb198cdd,oof_shap_stability,inx_primary,"{""model"":""xgboost"",""policy"":""no_salary_hike_no_attrition_no_department""}",dependent_outer_fold_ranking_comparison,not_applicable_or_resolved_by_source_contract,descriptive_dependent_fold_pairs_no_confidence_interval,oof_shap/shap_stability_pairwise.csv,d4130a0923ceee91b2838a54cd310030a03ad81efa719ba381116135cf5d8a60,shap_stability_pairwise,3,c1300316fe5baec24e789c06aec35dd4f283fa4843b71c7aab1edbf4818f8e91,no_salary_hike_no_attrition_no_department,xgboost,d483d8ddb93a47a99a2eab54fe3d138d8f614798dd418bca860ea3f20c813f51,1.0,2.0,b02e851258e84d432bcdf7286e6c7464654cd9d936af54fa0f57494cd766f2ac,118b396aebf864f54d3c710f9369e7f3bca879602cd413b3635155c73785be15,15,0.875,0.8812030075187969,,,,,,,,,,,,,,,
canonical_v2_20260714T221501Z_483f96f,51415c2ce68c89d9ce2b042b0a7a811fe3e98180b72460006f9d0465f6bf49b7,06c507bee525ea1daca43b61249764007d4d8baaa05c9333f23446ea723ce160,f1e358e99914563305428cece1b1595bc76a58643184407ec5b222162d650332,98ae57b622a56983192975c5bff94374ed51322f13c76af633c3c96ceb198cdd,oof_shap_stability,inx_primary,"{""model"":""xgboost"",""policy"":""no_salary_hike_no_attrition_no_department""}",dependent_outer_fold_ranking_comparison,not_applicable_or_resolved_by_source_contract,descriptive_dependent_fold_pairs_no_confidence_interval,oof_shap/shap_stability_pairwise.csv,d4130a0923ceee91b2838a54cd310030a03ad81efa719ba381116135cf5d8a60,shap_stability_pairwise,4,c1300316fe5baec24e789c06aec35dd4f283fa4843b71c7aab1edbf4818f8e91,no_salary_hike_no_attrition_no_department,xgboost,d483d8ddb93a47a99a2eab54fe3d138d8f614798dd418bca860ea3f20c813f51,1.0,3.0,b02e851258e84d432bcdf7286e6c7464654cd9d936af54fa0f57494cd766f2ac,007c88008a166345b2a4fed769f757959ea781a0d940c62183f36babd34f734d,5,1.0,0.793984962406015,,,,,,,,,,,,,,,
canonical_v2_20260714T221501Z_483f96f,51415c2ce68c89d9ce2b042b0a7a811fe3e98180b72460006f9d0465f6bf49b7,06c507bee525ea1daca43b61249764007d4d8baaa05c9333f23446ea723ce160,f1e358e99914563305428cece1b1595bc76a58643184407ec5b222162d650332,98ae57b622a56983192975c5bff94374ed51322f13c76af633c3c96ceb198cdd,oof_shap_stability,inx_primary,"{""model"":""xgboost"",""policy"":""no_salary_hike_no_attrition_no_department""}",dependent_outer_fold_ranking_comparison,not_applicable_or_resolved_by_source_contract,descriptive_dependent_fold_pairs_no_confidence_interval,oof_shap/shap_stability_pairwise.csv,d4130a0923ceee91b2838a54cd310030a03ad81efa719ba381116135cf5d8a60,shap_stability_pairwise,5,c1300316fe5baec24e789c06aec35dd4f283fa4843b71c7aab1edbf4818f8e91,no_salary_hike_no_attrition_no_department,xgboost,d483d8ddb93a47a99a2eab54fe3d138d8f614798dd418bca860ea3f20c813f51,1.0,3.0,b02e851258e84d432bcdf7286e6c7464654cd9d936af54fa0f57494cd766f2ac,007c88008a166345b2a4fed769f757959ea781a0d940c62183f36babd34f734d,10,0.5384615384615384,0.793984962406015,,,,,,,,,,,,,,,
canonical_v2_20260714T221501Z_483f96f,51415c2ce68c89d9ce2b042b0a7a811fe3e98180b72460006f9d0465f6bf49b7,06c507bee525ea1daca43b61249764007d4d8baaa05c9333f23446ea723ce160,f1e358e99914563305428cece1b1595bc76a58643184407ec5b222162d650332,98ae57b622a56983192975c5bff94374ed51322f13c76af633c3c96ceb198cdd,oof_shap_stability,inx_primary,"{""model"":""xgboost"",""policy"":""no_salary_hike_no_attrition_no_department""}",dependent_outer_fold_ranking_comparison,not_applicable_or_resolved_by_source_contract,descriptive_dependent_fold_pairs_no_confidence_interval,oof_shap/shap_stability_pairwise.csv,d4130a0923ceee91b2838a54cd310030a03ad81efa719ba381116135cf5d8a60,shap_stability_pairwise,6,c1300316fe5baec24e789c06aec35dd4f283fa4843b71c7aab1edbf4818f8e91,no_salary_hike_no_attrition_no_department,xgboost,d483d8ddb93a47a99a2eab54fe3d138d8f614798dd418bca860ea3f20c813f51,1.0,3.0,b02e851258e84d432bcdf7286e6c7464654cd9d936af54fa0f57494cd766f2ac,007c88008a166345b2a4fed769f757959ea781a0d940c62183f36babd34f734d,15,0.875,0.793984962406015,,,,,,,,,,,,,,,
canonical_v2_20260714T221501Z_483f96f,51415c2ce68c89d9ce2b042b0a7a811fe3e98180b72460006f9d0465f6bf49b7,06c507bee525ea1daca43b61249764007d4d8baaa05c9333f23446ea723ce160,f1e358e99914563305428cece1b1595bc76a58643184407ec5b222162d650332,98ae57b622a56983192975c5bff94374ed51322f13c76af633c3c96ceb198cdd,oof_shap_stability,inx_primary,"{""model"":""xgboost"",""policy"":""no_salary_hike_no_attrition_no_department""}",dependent_outer_fold_ranking_comparison,not_applicable_or_resolved_by_source_contract,descriptive_dependent_fold_pairs_no_confidence_interval,oof_shap/shap_stability_pairwise.csv,d4130a0923ceee91b2838a54cd310030a03ad81efa719ba381116135cf5d8a60,shap_stability_pairwise,7,c1300316fe5baec24e789c06aec35dd4f283fa4843b71c7aab1edbf4818f8e91,no_salary_hike_no_attrition_no_department,xgboost,d483d8ddb93a47a99a2eab54fe3d138d8f614798dd418bca860ea3f20c813f51,1.0,4.0,b02e851258e84d432bcdf7286e6c7464654cd9d936af54fa0f57494cd766f2ac,be6969fddf714e76873021a786ce6260ebc2f3c84ad1bb796e99969c806ff53c,5,1.0,0.8360902255639097,,,,,,,,,,,,,,,
canonical_v2_20260714T221501Z_483f96f,51415c2ce68c89d9ce2b042b0a7a811fe3e98180b72460006f9d0465f6bf49b7,06c507bee525ea1daca43b61249764007d4d8baaa05c9333f23446ea723ce160,f1e358e99914563305428cece1b1595bc76a58643184407ec5b222162d650332,98ae57b622a56983192975c5bff94374ed51322f13c76af633c3c96ceb198cdd,oof_shap_stability,inx_primary,"{""model"":""xgboost"",""policy"":""no_salary_hike_no_attrition_no_department""}",dependent_outer_fold_ranking_comparison,not_applicable_or_resolved_by_source_contract,descriptive_dependent_fold_pairs_no_confidence_interval,oof_shap/shap_stability_pairwise.csv,d4130a0923ceee91b2838a54cd310030a03ad81efa719ba381116135cf5d8a60,shap_stability_pairwise,8,c1300316fe5baec24e789c06aec35dd4f283fa4843b71c7aab1edbf4818f8e91,no_salary_hike_no_attrition_no_department,xgboost,d483d8ddb93a47a99a2eab54fe3d138d8f614798dd418bca860ea3f20c813f51,1.0,4.0,b02e851258e84d432bcdf7286e6c7464654cd9d936af54fa0f57494cd766f2ac,be6969fddf714e76873021a786ce6260ebc2f3c84ad1bb796e99969c806ff53c,10,0.6666666666666666,0.8360902255639097,,,,,,,,,,,,,,,
canonical_v2_20260714T221501Z_483f96f,51415c2ce68c89d9ce2b042b0a7a811fe3e98180b72460006f9d0465f6bf49b7,06c507bee525ea1daca43b61249764007d4d8baaa05c9333f23446ea723ce160,f1e358e99914563305428cece1b1595bc76a58643184407ec5b222162d650332,98ae57b622a56983192975c5bff94374ed51322f13c76af633c3c96ceb198cdd,oof_shap_stability,inx_primary,"{""model"":""xgboost"",""policy"":""no_salary_hike_no_attrition_no_department""}",dependent_outer_fold_ranking_comparison,not_applicable_or_resolved_by_source_contract,descriptive_dependent_fold_pairs_no_confidence_interval,oof_shap/shap_stability_pairwise.csv,d4130a0923ceee91b2838a54cd310030a03ad81efa719ba381116135cf5d8a60,shap_stability_pairwise,9,c1300316fe5baec24e789c06aec35dd4f283fa4843b71c7aab1edbf4818f8e91,no_salary_hike_no_attrition_no_department,xgboost,d483d8ddb93a47a99a2eab54fe3d138d8f614798dd418bca860ea3f20c813f51,1.0,4.0,b02e851258e84d432bcdf7286e6c7464654cd9d936af54fa0f57494cd766f2ac,be6969fddf714e76873021a786ce6260ebc2f3c84ad1bb796e99969c806ff53c,15,0.875,0.8360902255639097,,,,,,,,,,,,,,,
canonical_v2_20260714T221501Z_483f96f,51415c2ce68c89d9ce2b042b0a7a811fe3e98180b72460006f9d0465f6bf49b7,06c507bee525ea1daca43b61249764007d4d8baaa05c9333f23446ea723ce160,f1e358e99914563305428cece1b1595bc76a58643184407ec5b222162d650332,98ae57b622a56983192975c5bff94374ed51322f13c76af633c3c96ceb198cdd,oof_shap_stability,inx_primary,"{""model"":""xgboost"",""policy"":""no_salary_hike_no_attrition_no_department""}",dependent_outer_fold_ranking_comparison,not_applicable_or_resolved_by_source_contract,descriptive_dependent_fold_pairs_no_confidence_interval,oof_shap/shap_stability_pairwise.csv,d4130a0923ceee91b2838a54cd310030a03ad81efa719ba381116135cf5d8a60,shap_stability_pairwise,10,c1300316fe5baec24e789c06aec35dd4f283fa4843b71c7aab1edbf4818f8e91,no_salary_hike_no_attrition_no_department,xgboost,d483d8ddb93a47a99a2eab54fe3d138d8f614798dd418bca860ea3f20c813f51,1.0,5.0,b02e851258e84d432bcdf7286e6c7464654cd9d936af54fa0f57494cd766f2ac,cf019554e674ac9501ba482e2ec99cb4d6a24ec98c0cfb8d307e3194edf34f23,5,1.0,0.8105263157894737,,,,,,,,,,,,,,,
canonical_v2_20260714T221501Z_483f96f,51415c2ce68c89d9ce2b042b0a7a811fe3e98180b72460006f9d0465f6bf49b7,06c507bee525ea1daca43b61249764007d4d8baaa05c9333f23446ea723ce160,f1e358e99914563305428cece1b1595bc76a58643184407ec5b222162d650332,98ae57b622a56983192975c5bff94374ed51322f13c76af633c3c96ceb198cdd,oof_shap_stability,inx_primary,"{""model"":""xgboost"",""policy"":""no_salary_hike_no_attrition_no_department""}",dependent_outer_fold_ranking_comparison,not_applicable_or_resolved_by_source_contract,descriptive_dependent_fold_pairs_no_confidence_interval,oof_shap/shap_stability_pairwise.csv,d4130a0923ceee91b2838a54cd310030a03ad81efa719ba381116135cf5d8a60,shap_stability_pairwise,11,c1300316fe5baec24e789c06aec35dd4f283fa4843b71c7aab1edbf4818f8e91,no_salary_hike_no_attrition_no_department,xgboost,d483d8ddb93a47a99a2eab54fe3d138d8f614798dd418bca860ea3f20c813f51,1.0,5.0,b02e851258e84d432bcdf7286e6c7464654cd9d936af54fa0f57494cd766f2ac,cf019554e674ac9501ba482e2ec99cb4d6a24ec98c0cfb8d307e3194edf34f23,10,0.6666666666666666,0.8105263157894737,,,,,,,,,,,,,,,
canonical_v2_20260714T221501Z_483f96f,51415c2ce68c89d9ce2b042b0a7a811fe3e98180b72460006f9d0465f6bf49b7,06c507bee525ea1daca43b61249764007d4d8baaa05c9333f23446ea723ce160,f1e358e99914563305428cece1b1595bc76a58643184407ec5b222162d650332,98ae57b622a56983192975c5bff94374ed51322f13c76af633c3c96ceb198cdd,oof_shap_stability,inx_primary,"{""model"":""xgboost"",""policy"":""no_salary_hike_no_attrition_no_department""}",dependent_outer_fold_ranking_comparison,not_applicable_or_resolved_by_source_contract,descriptive_dependent_fold_pairs_no_confidence_interval,oof_shap/shap_stability_pairwise.csv,d4130a0923ceee91b2838a54cd310030a03ad81efa719ba381116135cf5d8a60,shap_stability_pairwise,12,c1300316fe5baec24e789c06aec35dd4f283fa4843b71c7aab1edbf4818f8e91,no_salary_hike_no_attrition_no_department,xgboost,d483d8ddb93a47a99a2eab54fe3d138d8f614798dd418bca860ea3f20c813f51,1.0,5.0,b02e851258e84d432bcdf7286e6c7464654cd9d936af54fa0f57494cd766f2ac,cf019554e674ac9501ba482e2ec99cb4d6a24ec98c0cfb8d307e3194edf34f23,15,0.7647058823529411,0.8105263157894737,,,,,,,,,,,,,,,
canonical_v2_20260714T221501Z_483f96f,51415c2ce68c89d9ce2b042b0a7a811fe3e98180b72460006f9d0465f6bf49b7,06c507bee525ea1daca43b61249764007d4d8baaa05c9333f23446ea723ce160,f1e358e99914563305428cece1b1595bc76a58643184407ec5b222162d650332,98ae57b622a56983192975c5bff94374ed51322f13c76af633c3c96ceb198cdd,oof_shap_stability,inx_primary,"{""model"":""xgboost"",""policy"":""no_salary_hike_no_attrition_no_department""}",dependent_outer_fold_ranking_comparison,not_applicable_or_resolved_by_source_contract,descriptive_dependent_fold_pairs_no_confidence_interval,oof_shap/shap_stability_pairwise.csv,d4130a0923ceee91b2838a54cd310030a03ad81efa719ba381116135cf5d8a60,shap_stability_pairwise,13,c1300316fe5baec24e789c06aec35dd4f283fa4843b71c7aab1edbf4818f8e91,no_salary_hike_no_attrition_no_department,xgboost,d483d8ddb93a47a99a2eab54fe3d138d8f614798dd418bca860ea3f20c813f51,1.0,6.0,b02e851258e84d432bcdf7286e6c7464654cd9d936af54fa0f57494cd766f2ac,fdcaad5d2151a1ca98f9f77a8b48f5489f499c5b0a319bb37d68ba0d4de231d5,5,1.0,0.8451127819548873,,,,,,,,,,,,,,,
canonical_v2_20260714T221501Z_483f96f,51415c2ce68c89d9ce2b042b0a7a811fe3e98180b72460006f9d0465f6bf49b7,06c507bee525ea1daca43b61249764007d4d8baaa05c9333f23446ea723ce160,f1e358e99914563305428cece1b1595bc76a58643184407ec5b222162d650332,98ae57b622a56983192975c5bff94374ed51322f13c76af633c3c96ceb198cdd,oof_shap_stability,inx_primary,"{""model"":""xgboost"",""policy"":""no_salary_hike_no_attrition_no_department""}",dependent_outer_fold_ranking_comparison,not_applicable_or_resolved_by_source_contract,descriptive_dependent_fold_pairs_no_confidence_interval,oof_shap/shap_stability_pairwise.csv,d4130a0923ceee91b2838a54cd310030a03ad81efa719ba381116135cf5d8a60,shap_stability_pairwise,14,c1300316fe5baec24e789c06aec35dd4f283fa4843b71c7aab1edbf4818f8e91,no_salary_hike_no_attrition_no_department,xgboost,d483d8ddb93a47a99a2eab54fe3d138d8f614798dd418bca860ea3f20c813f51,1.0,6.0,b02e851258e84d432bcdf7286e6c7464654cd9d936af54fa0f57494cd766f2ac,fdcaad5d2151a1ca98f9f77a8b48f5489f499c5b0a319bb37d68ba0d4de231d5,10,0.6666666666666666,0.8451127819548873,,,,,,,,,,,,,,,
canonical_v2_20260714T221501Z_483f96f,51415c2ce68c89d9ce2b042b0a7a811fe3e98180b72460006f9d0465f6bf49b7,06c507bee525ea1daca43b61249764007d4d8baaa05c9333f23446ea723ce160,f1e358e99914563305428cece1b1595bc76a58643184407ec5b222162d650332,98ae57b622a56983192975c5bff94374ed51322f13c76af633c3c96ceb198cdd,oof_shap_stability,inx_primary,"{""model"":""xgboost"",""policy"":""no_salary_hike_no_attrition_no_department""}",dependent_outer_fold_ranking_comparison,not_applicable_or_resolved_by_source_contract,descriptive_dependent_fold_pairs_no_confidence_interval,oof_shap/shap_stability_pairwise.csv,d4130a0923ceee91b2838a54cd310030a03ad81efa719ba381116135cf5d8a60,shap_stability_pairwise,15,c1300316fe5baec24e789c06aec35dd4f283fa4843b71c7aab1edbf4818f8e91,no_salary_hike_no_attrition_no_department,xgboost,d483d8ddb93a47a99a2eab54fe3d138d8f614798dd418bca860ea3f20c813f51,1.0,6.0,b02e851258e84d432bcdf7286e6c7464654cd9d936af54fa0f57494cd766f2ac,fdcaad5d2151a1ca98f9f77a8b48f5489f499c5b0a319bb37d68ba0d4de231d5,15,0.7647058823529411,0.8451127819548873,,,,,,,,,,,,,,,
canonical_v2_20260714T221501Z_483f96f,51415c2ce68c89d9ce2b042b0a7a811fe3e98180b72460006f9d0465f6bf49b7,06c507bee525ea1daca43b61249764007d4d8baaa05c9333f23446ea723ce160,f1e358e99914563305428cece1b1595bc76a58643184407ec5b222162d650332,98ae57b622a56983192975c5bff94374ed51322f13c76af633c3c96ceb198cdd,oof_shap_stability,inx_primary,"{""model"":""xgboost"",""policy"":""no_salary_hike_no_attrition_no_department""}",dependent_outer_fold_ranking_comparison,not_applicable_or_resolved_by_source_contract,descriptive_dependent_fold_pairs_no_confidence_interval,oof_shap/shap_stability_pairwise.csv,d4130a0923ceee91b2838a54cd310030a03ad81efa719ba381116135cf5d8a60,shap_stability_pairwise,16,c1300316fe5baec24e789c06aec35dd4f283fa4843b71c7aab1edbf4818f8e91,no_salary_hike_no_attrition_no_department,xgboost,d483d8ddb93a47a99a2eab54fe3d138d8f614798dd418bca860ea3f20c813f51,1.0,7.0,b02e851258e84d432bcdf7286e6c7464654cd9d936af54fa0f57494cd766f2ac,a1d147211856b75e9baa9a5147019cedefed6804c2673abc43c9d86cc22bfb32,5,1.0,0.875187969924812,,,,,,,,,,,,,,,
canonical_v2_20260714T221501Z_483f96f,51415c2ce68c89d9ce2b042b0a7a811fe3e98180b72460006f9d0465f6bf49b7,06c507bee525ea1daca43b61249764007d4d8baaa05c9333f23446ea723ce160,f1e358e99914563305428cece1b1595bc76a58643184407ec5b222162d650332,98ae57b622a56983192975c5bff94374ed51322f13c76af633c3c96ceb198cdd,oof_shap_stability,inx_primary,"{""model"":""xgboost"",""policy"":""no_salary_hike_no_attrition_no_department""}",dependent_outer_fold_ranking_comparison,not_applicable_or_resolved_by_source_contract,descriptive_dependent_fold_pairs_no_confidence_interval,oof_shap/shap_stability_pairwise.csv,d4130a0923ceee91b2838a54cd310030a03ad81efa719ba381116135cf5d8a60,shap_stability_pairwise,17,c1300316fe5baec24e789c06aec35dd4f283fa4843b71c7aab1edbf4818f8e91,no_salary_hike_no_attrition_no_department,xgboost,d483d8ddb93a47a99a2eab54fe3d138d8f614798dd418bca860ea3f20c813f51,1.0,7.0,b02e851258e84d432bcdf7286e6c7464654cd9d936af54fa0f57494cd766f2ac,a1d147211856b75e9baa9a5147019cedefed6804c2673abc43c9d86cc22bfb32,10,0.6666666666666666,0.875187969924812,,,,,,,,,,,,,,,
canonical_v2_20260714T221501Z_483f96f,51415c2ce68c89d9ce2b042b0a7a811fe3e98180b72460006f9d0465f6bf49b7,06c507bee525ea1daca43b61249764007d4d8baaa05c9333f23446ea723ce160,f1e358e99914563305428cece1b1595bc76a58643184407ec5b222162d650332,98ae57b622a56983192975c5bff94374ed51322f13c76af633c3c96ceb198cdd,oof_shap_stability,inx_primary,"{""model"":""xgboost"",""policy"":""no_salary_hike_no_attrition_no_department""}",dependent_outer_fold_ranking_comparison,not_applicable_or_resolved_by_source_contract,descriptive_dependent_fold_pairs_no_confidence_interval,oof_shap/shap_stability_pairwise.csv,d4130a0923ceee91b2838a54cd310030a03ad81efa719ba381116135cf5d8a60,shap_stability_pairwise,18,c1300316fe5baec24e789c06aec35dd4f283fa4843b71c7aab1edbf4818f8e91,no_salary_hike_no_attrition_no_department,xgboost,d483d8ddb93a47a99a2eab54fe3d138d8f614798dd418bca860ea3f20c813f51,1.0,7.0,b02e851258e84d432bcdf7286e6c7464654cd9d936af54fa0f57494cd766f2ac,a1d147211856b75e9baa9a5147019cedefed6804c2673abc43c9d86cc22bfb32,15,0.875,0.875187969924812,,,,,,,,,,,,,,,
canonical_v2_20260714T221501Z_483f96f,51415c2ce68c89d9ce2b042b0a7a811fe3e98180b72460006f9d0465f6bf49b7,06c507bee525ea1daca43b61249764007d4d8baaa05c9333f23446ea723ce160,f1e358e99914563305428cece1b1595bc76a58643184407ec5b222162d650332,98ae57b622a56983192975c5bff94374ed51322f13c76af633c3c96ceb198cdd,oof_shap_stability,inx_primary,"{""model"":""xgboost"",""policy"":""no_salary_hike_no_attrition_no_department""}",dependent_outer_fold_ranking_comparison,not_applicable_or_resolved_by_source_contract,descriptive_dependent_fold_pairs_no_confidence_interval,oof_shap/shap_stability_pairwise.csv,d4130a0923ceee91b2838a54cd310030a03ad81efa719ba381116135cf5d8a60,shap_stability_pairwise,19,c1300316fe5baec24e789c06aec35dd4f283fa4843b71c7aab1edbf4818f8e91,no_salary_hike_no_attrition_no_department,xgboost,d483d8ddb93a47a99a2eab54fe3d138d8f614798dd418bca860ea3f20c813f51,1.0,8.0,b02e851258e84d432bcdf7286e6c7464654cd9d936af54fa0f57494cd766f2ac,e65d6ebca2e1310d83df33558a5be214002b8b04116cefc7330946e7edd2166d,5,1.0,0.8390977443609022,,,,,,,,,,,,,,,
canonical_v2_20260714T221501Z_483f96f,51415c2ce68c89d9ce2b042b0a7a811fe3e98180b72460006f9d0465f6bf49b7,06c507bee525ea1daca43b61249764007d4d8baaa05c9333f23446ea723ce160,f1e358e99914563305428cece1b1595bc76a58643184407ec5b222162d650332,98ae57b622a56983192975c5bff94374ed51322f13c76af633c3c96ceb198cdd,oof_shap_stability,inx_primary,"{""model"":""xgboost"",""policy"":""no_salary_hike_no_attrition_no_department""}",dependent_outer_fold_ranking_comparison,not_applicable_or_resolved_by_source_contract,descriptive_dependent_fold_pairs_no_confidence_interval,oof_shap/shap_stability_pairwise.csv,d4130a0923ceee91b2838a54cd310030a03ad81efa719ba381116135cf5d8a60,shap_stability_pairwise,20,c1300316fe5baec24e789c06aec35dd4f283fa4843b71c7aab1edbf4818f8e91,no_salary_hike_no_attrition_no_department,xgboost,d483d8ddb93a47a99a2eab54fe3d138d8f614798dd418bca860ea3f20c813f51,1.0,8.0,b02e851258e84d432bcdf7286e6c7464654cd9d936af54fa0f57494cd766f2ac,e65d6ebca2e1310d83df33558a5be214002b8b04116cefc7330946e7edd2166d,10,0.6666666666666666,0.8390977443609022,,,,,,,,,,,,,,,
canonical_v2_20260714T221501Z_483f96f,51415c2ce68c89d9ce2b042b0a7a811fe3e98180b72460006f9d0465f6bf49b7,06c507bee525ea1daca43b61249764007d4d8baaa05c9333f23446ea723ce160,f1e358e99914563305428cece1b1595bc76a58643184407ec5b222162d650332,98ae57b622a56983192975c5bff94374ed51322f13c76af633c3c96ceb198cdd,oof_shap_stability,inx_primary,"{""model"":""xgboost"",""policy"":""no_salary_hike_no_attrition_no_department""}",dependent_outer_fold_ranking_comparison,not_applicable_or_resolved_by_source_contract,descriptive_dependent_fold_pairs_no_confidence_interval,oof_shap/shap_stability_pairwise.csv,d4130a0923ceee91b2838a54cd310030a03ad81efa719ba381116135cf5d8a60,shap_stability_pairwise,21,c1300316fe5baec24e789c06aec35dd4f283fa4843b71c7aab1edbf4818f8e91,no_salary_hike_no_attrition_no_department,xgboost,d483d8ddb93a47a99a2eab54fe3d138d8f614798dd418bca860ea3f20c813f51,1.0,8.0,b02e851258e84d432bcdf7286e6c7464654cd9d936af54fa0f57494cd766f2ac,e65d6ebca2e1310d83df33558a5be214002b8b04116cefc7330946e7edd2166d,15,0.875,0.8390977443609022,,,,,,,,,,,,,,,
canonical_v2_20260714T221501Z_483f96f,51415c2ce68c89d9ce2b042b0a7a811fe3e98180b72460006f9d0465f6bf49b7,06c507bee525ea1daca43b61249764007d4d8baaa05c9333f23446ea723ce160,f1e358e99914563305428cece1b1595bc76a58643184407ec5b222162d650332,98ae57b622a56983192975c5bff94374ed51322f13c76af633c3c96ceb198cdd,oof_shap_stability,inx_primary,"{""model"":""xgboost"",""policy"":""no_salary_hike_no_attrition_no_department""}",dependent_outer_fold_ranking_comparison,not_applicable_or_resolved_by_source_contract,descriptive_dependent_fold_pairs_no_confidence_interval,oof_shap/shap_stability_pairwise.csv,d4130a0923ceee91b2838a54cd310030a03ad81efa719ba381116135cf5d8a60,shap_stability_pairwise,22,c1300316fe5baec24e789c06aec35dd4f283fa4843b71c7aab1edbf4818f8e91,no_salary_hike_no_attrition_no_department,xgboost,d483d8ddb93a47a99a2eab54fe3d138d8f614798dd418bca860ea3f20c813f51,1.0,9.0,b02e851258e84d432bcdf7286e6c7464654cd9d936af54fa0f57494cd766f2ac,0c40ac47f34a79f121be0f46703ff5d11586c84f7713225479891b3f13158f47,5,1.0,0.8917293233082706,,,,,,,,,,,,,,,
canonical_v2_20260714T221501Z_483f96f,51415c2ce68c89d9ce2b042b0a7a811fe3e98180b72460006f9d0465f6bf49b7,06c507bee525ea1daca43b61249764007d4d8baaa05c9333f23446ea723ce160,f1e358e99914563305428cece1b1595bc76a58643184407ec5b222162d650332,98ae57b622a56983192975c5bff94374ed51322f13c76af633c3c96ceb198cdd,oof_shap_stability,inx_primary,"{""model"":""xgboost"",""policy"":""no_salary_hike_no_attrition_no_department""}",dependent_outer_fold_ranking_comparison,not_applicable_or_resolved_by_source_contract,descriptive_dependent_fold_pairs_no_confidence_interval,oof_shap/shap_stability_pairwise.csv,d4130a0923ceee91b2838a54cd310030a03ad81efa719ba381116135cf5d8a60,shap_stability_pairwise,23,c1300316fe5baec24e789c06aec35dd4f283fa4843b71c7aab1edbf4818f8e91,no_salary_hike_no_attrition_no_department,xgboost,d483d8ddb93a47a99a2eab54fe3d138d8f614798dd418bca860ea3f20c813f51,1.0,9.0,b02e851258e84d432bcdf7286e6c7464654cd9d936af54fa0f57494cd766f2ac,0c40ac47f34a79f121be0f46703ff5d11586c84f7713225479891b3f13158f47,10,0.6666666666666666,0.8917293233082706,,,,,,,,,,,,,,,
canonical_v2_20260714T221501Z_483f96f,51415c2ce68c89d9ce2b042b0a7a811fe3e98180b72460006f9d0465f6bf49b7,06c507bee525ea1daca43b61249764007d4d8baaa05c9333f23446ea723ce160,f1e358e99914563305428cece1b1595bc76a58643184407ec5b222162d650332,98ae57b622a56983192975c5bff94374ed51322f13c76af633c3c96ceb198cdd,oof_shap_stability,inx_primary,"{""model"":""xgboost"",""policy"":""no_salary_hike_no_attrition_no_department""}",dependent_outer_fold_ranking_comparison,not_applicable_or_resolved_by_source_contract,descriptive_dependent_fold_pairs_no_confidence_interval,oof_shap/shap_stability_pairwise.csv,d4130a0923ceee91b2838a54cd310030a03ad81efa719ba381116135cf5d8a60,shap_stability_pairwise,24,c1300316fe5baec24e789c06aec35dd4f283fa4843b71c7aab1edbf4818f8e91,no_salary_hike_no_attrition_no_department,xgboost,d483d8ddb93a47a99a2eab54fe3d138d8f614798dd418bca860ea3f20c813f51,1.0,9.0,b02e851258e84d432bcdf7286e6c7464654cd9d936af54fa0f57494cd766f2ac,0c40ac47f34a79f121be0f46703ff5d11586c84f7713225479891b3f13158f47,15,0.7647058823529411,0.8917293233082706,,,,,,,,,,,,,,,
canonical_v2_20260714T221501Z_483f96f,51415c2ce68c89d9ce2b042b0a7a811fe3e98180b72460006f9d0465f6bf49b7,06c507bee525ea1daca43b61249764007d4d8baaa05c9333f23446ea723ce160,f1e358e99914563305428cece1b1595bc76a58643184407ec5b222162d650332,98ae57b622a56983192975c5bff94374ed51322f13c76af633c3c96ceb198cdd,oof_shap_stability,inx_primary,"{""model"":""xgboost"",""policy"":""no_salary_hike_no_attrition_no_department""}",dependent_outer_fold_ranking_comparison,not_applicable_or_resolved_by_source_contract,descriptive_dependent_fold_pairs_no_confidence_interval,oof_shap/shap_stability_pairwise.csv,d4130a0923ceee91b2838a54cd310030a03ad81efa719ba381116135cf5d8a60,shap_stability_pairwise,25,c1300316fe5baec24e789c06aec35dd4f283fa4843b71c7aab1edbf4818f8e91,no_salary_hike_no_attrition_no_department,xgboost,d483d8ddb93a47a99a2eab54fe3d138d8f614798dd418bca860ea3f20c813f51,1.0,10.0,b02e851258e84d432bcdf7286e6c7464654cd9d936af54fa0f57494cd766f2ac,41fb35fd298060cb981116856f85ea7263468ab34089afb7f407917a058b31fa,5,1.0,0.9413533834586464,,,,,,,,,,,,,,,
canonical_v2_20260714T221501Z_483f96f,51415c2ce68c89d9ce2b042b0a7a811fe3e98180b72460006f9d0465f6bf49b7,06c507bee525ea1daca43b61249764007d4d8baaa05c9333f23446ea723ce160,f1e358e99914563305428cece1b1595bc76a58643184407ec5b222162d650332,98ae57b622a56983192975c5bff94374ed51322f13c76af633c3c96ceb198cdd,oof_shap_stability,inx_primary,"{""model"":""xgboost"",""policy"":""no_salary_hike_no_attrition_no_department""}",dependent_outer_fold_ranking_comparison,not_applicable_or_resolved_by_source_contract,descriptive_dependent_fold_pairs_no_confidence_interval,oof_shap/shap_stability_pairwise.csv,d4130a0923ceee91b2838a54cd310030a03ad81efa719ba381116135cf5d8a60,shap_stability_pairwise,26,c1300316fe5baec24e789c06aec35dd4f283fa4843b71c7aab1edbf4818f8e91,no_salary_hike_no_attrition_no_department,xgboost,d483d8ddb93a47a99a2eab54fe3d138d8f614798dd418bca860ea3f20c813f51,1.0,10.0,b02e851258e84d432bcdf7286e6c7464654cd9d936af54fa0f57494cd766f2ac,41fb35fd298060cb981116856f85ea7263468ab34089afb7f407917a058b31fa,10,0.8181818181818182,0.9413533834586464,,,,,,,,,,,,,,,
canonical_v2_20260714T221501Z_483f96f,51415c2ce68c89d9ce2b042b0a7a811fe3e98180b72460006f9d0465f6bf49b7,06c507bee525ea1daca43b61249764007d4d8baaa05c9333f23446ea723ce160,f1e358e99914563305428cece1b1595bc76a58643184407ec5b222162d650332,98ae57b622a56983192975c5bff94374ed51322f13c76af633c3c96ceb198cdd,oof_shap_stability,inx_primary,"{""model"":""xgboost"",""policy"":""no_salary_hike_no_attrition_no_department""}",dependent_outer_fold_ranking_comparison,not_applicable_or_resolved_by_source_contract,descriptive_dependent_fold_pairs_no_confidence_interval,oof_shap/shap_stability_pairwise.csv,d4130a0923ceee91b2838a54cd310030a03ad81efa719ba381116135cf5d8a60,shap_stability_pairwise,27,c1300316fe5baec24e789c06aec35dd4f283fa4843b71c7aab1edbf4818f8e91,no_salary_hike_no_attrition_no_department,xgboost,d483d8ddb93a47a99a2eab54fe3d138d8f614798dd418bca860ea3f20c813f51,1.0,10.0,b02e851258e84d432bcdf7286e6c7464654cd9d936af54fa0f57494cd766f2ac,41fb35fd298060cb981116856f85ea7263468ab34089afb7f407917a058b31fa,15,1.0,0.9413533834586464,,,,,,,,,,,,,,,
canonical_v2_20260714T221501Z_483f96f,51415c2ce68c89d9ce2b042b0a7a811fe3e98180b72460006f9d0465f6bf49b7,06c507bee525ea1daca43b61249764007d4d8baaa05c9333f23446ea723ce160,f1e358e99914563305428cece1b1595bc76a58643184407ec5b222162d650332,98ae57b622a56983192975c5bff94374ed51322f13c76af633c3c96ceb198cdd,oof_shap_stability,inx_primary,"{""model"":""xgboost"",""policy"":""no_salary_hike_no_attrition_no_department""}",dependent_outer_fold_ranking_comparison,not_applicable_or_resolved_by_source_contract,descriptive_dependent_fold_pairs_no_confidence_interval,oof_shap/shap_stability_pairwise.csv,d4130a0923ceee91b2838a54cd310030a03ad81efa719ba381116135cf5d8a60,shap_stability_pairwise,28,c1300316fe5baec24e789c06aec35dd4f283fa4843b71c7aab1edbf4818f8e91,no_salary_hike_no_attrition_no_department,xgboost,d483d8ddb93a47a99a2eab54fe3d138d8f614798dd418bca860ea3f20c813f51,2.0,3.0,118b396aebf864f54d3c710f9369e7f3bca879602cd413b3635155c73785be15,007c88008a166345b2a4fed769f757959ea781a0d940c62183f36babd34f734d,5,1.0,0.9082706766917292,,,,,,,,,,,,,,,
canonical_v2_20260714T221501Z_483f96f,51415c2ce68c89d9ce2b042b0a7a811fe3e98180b72460006f9d0465f6bf49b7,06c507bee525ea1daca43b61249764007d4d8baaa05c9333f23446ea723ce160,f1e358e99914563305428cece1b1595bc76a58643184407ec5b222162d650332,98ae57b622a56983192975c5bff94374ed51322f13c76af633c3c96ceb198cdd,oof_shap_stability,inx_primary,"{""model"":""xgboost"",""policy"":""no_salary_hike_no_attrition_no_department""}",dependent_outer_fold_ranking_comparison,not_applicable_or_resolved_by_source_contract,descriptive_dependent_fold_pairs_no_confidence_interval,oof_shap/shap_stability_pairwise.csv,d4130a0923ceee91b2838a54cd310030a03ad81efa719ba381116135cf5d8a60,shap_stability_pairwise,29,c1300316fe5baec24e789c06aec35dd4f283fa4843b71c7aab1edbf4818f8e91,no_salary_hike_no_attrition_no_department,xgboost,d483d8ddb93a47a99a2eab54fe3d138d8f614798dd418bca860ea3f20c813f51,2.0,3.0,118b396aebf864f54d3c710f9369e7f3bca879602cd413b3635155c73785be15,007c88008a166345b2a4fed769f757959ea781a0d940c62183f36babd34f734d,10,0.6666666666666666,0.9082706766917292,,,,,,,,,,,,,,,
canonical_v2_20260714T221501Z_483f96f,51415c2ce68c89d9ce2b042b0a7a811fe3e98180b72460006f9d0465f6bf49b7,06c507bee525ea1daca43b61249764007d4d8baaa05c9333f23446ea723ce160,f1e358e99914563305428cece1b1595bc76a58643184407ec5b222162d650332,98ae57b622a56983192975c5bff94374ed51322f13c76af633c3c96ceb198cdd,oof_shap_stability,inx_primary,"{""model"":""xgboost"",""policy"":""no_salary_hike_no_attrition_no_department""}",dependent_outer_fold_ranking_comparison,not_applicable_or_resolved_by_source_contract,descriptive_dependent_fold_pairs_no_confidence_interval,oof_shap/shap_stability_pairwise.csv,d4130a0923ceee91b2838a54cd310030a03ad81efa719ba381116135cf5d8a60,shap_stability_pairwise,30,c1300316fe5baec24e789c06aec35dd4f283fa4843b71c7aab1edbf4818f8e91,no_salary_hike_no_attrition_no_department,xgboost,d483d8ddb93a47a99a2eab54fe3d138d8f614798dd418bca860ea3f20c813f51,2.0,3.0,118b396aebf864f54d3c710f9369e7f3bca879602cd413b3635155c73785be15,007c88008a166345b2a4fed769f757959ea781a0d940c62183f36babd34f734d,15,0.875,0.9082706766917292,,,,,,,,,,,,,,,
canonical_v2_20260714T221501Z_483f96f,51415c2ce68c89d9ce2b042b0a7a811fe3e98180b72460006f9d0465f6bf49b7,06c507bee525ea1daca43b61249764007d4d8baaa05c9333f23446ea723ce160,f1e358e99914563305428cece1b1595bc76a58643184407ec5b222162d650332,98ae57b622a56983192975c5bff94374ed51322f13c76af633c3c96ceb198cdd,oof_shap_stability,inx_primary,"{""model"":""xgboost"",""policy"":""no_salary_hike_no_attrition_no_department""}",dependent_outer_fold_ranking_comparison,not_applicable_or_resolved_by_source_contract,descriptive_dependent_fold_pairs_no_confidence_interval,oof_shap/shap_stability_pairwise.csv,d4130a0923ceee91b2838a54cd310030a03ad81efa719ba381116135cf5d8a60,shap_stability_pairwise,31,c1300316fe5baec24e789c06aec35dd4f283fa4843b71c7aab1edbf4818f8e91,no_salary_hike_no_attrition_no_department,xgboost,d483d8ddb93a47a99a2eab54fe3d138d8f614798dd418bca860ea3f20c813f51,2.0,4.0,118b396aebf864f54d3c710f9369e7f3bca879602cd413b3635155c73785be15,be6969fddf714e76873021a786ce6260ebc2f3c84ad1bb796e99969c806ff53c,5,1.0,0.9052631578947368,,,,,,,,,,,,,,,
canonical_v2_20260714T221501Z_483f96f,51415c2ce68c89d9ce2b042b0a7a811fe3e98180b72460006f9d0465f6bf49b7,06c507bee525ea1daca43b61249764007d4d8baaa05c9333f23446ea723ce160,f1e358e99914563305428cece1b1595bc76a58643184407ec5b222162d650332,98ae57b622a56983192975c5bff94374ed51322f13c76af633c3c96ceb198cdd,oof_shap_stability,inx_primary,"{""model"":""xgboost"",""policy"":""no_salary_hike_no_attrition_no_department""}",dependent_outer_fold_ranking_comparison,not_applicable_or_resolved_by_source_contract,descriptive_dependent_fold_pairs_no_confidence_interval,oof_shap/shap_stability_pairwise.csv,d4130a0923ceee91b2838a54cd310030a03ad81efa719ba381116135cf5d8a60,shap_stability_pairwise,32,c1300316fe5baec24e789c06aec35dd4f283fa4843b71c7aab1edbf4818f8e91,no_salary_hike_no_attrition_no_department,xgboost,d483d8ddb93a47a99a2eab54fe3d138d8f614798dd418bca860ea3f20c813f51,2.0,4.0,118b396aebf864f54d3c710f9369e7f3bca879602cd413b3635155c73785be15,be6969fddf714e76873021a786ce6260ebc2f3c84ad1bb796e99969c806ff53c,10,0.8181818181818182,0.9052631578947368,,,,,,,,,,,,,,,
canonical_v2_20260714T221501Z_483f96f,51415c2ce68c89d9ce2b042b0a7a811fe3e98180b72460006f9d0465f6bf49b7,06c507bee525ea1daca43b61249764007d4d8baaa05c9333f23446ea723ce160,f1e358e99914563305428cece1b1595bc76a58643184407ec5b222162d650332,98ae57b622a56983192975c5bff94374ed51322f13c76af633c3c96ceb198cdd,oof_shap_stability,inx_primary,"{""model"":""xgboost"",""policy"":""no_salary_hike_no_attrition_no_department""}",dependent_outer_fold_ranking_comparison,not_applicable_or_resolved_by_source_contract,descriptive_dependent_fold_pairs_no_confidence_interval,oof_shap/shap_stability_pairwise.csv,d4130a0923ceee91b2838a54cd310030a03ad81efa719ba381116135cf5d8a60,shap_stability_pairwise,33,c1300316fe5baec24e789c06aec35dd4f283fa4843b71c7aab1edbf4818f8e91,no_salary_hike_no_attrition_no_department,xgboost,d483d8ddb93a47a99a2eab54fe3d138d8f614798dd418bca860ea3f20c813f51,2.0,4.0,118b396aebf864f54d3c710f9369e7f3bca879602cd413b3635155c73785be15,be6969fddf714e76873021a786ce6260ebc2f3c84ad1bb796e99969c806ff53c,15,0.7647058823529411,0.9052631578947368,,,,,,,,,,,,,,,
canonical_v2_20260714T221501Z_483f96f,51415c2ce68c89d9ce2b042b0a7a811fe3e98180b72460006f9d0465f6bf49b7,06c507bee525ea1daca43b61249764007d4d8baaa05c9333f23446ea723ce160,f1e358e99914563305428cece1b1595bc76a58643184407ec5b222162d650332,98ae57b622a56983192975c5bff94374ed51322f13c76af633c3c96ceb198cdd,oof_shap_stability,inx_primary,"{""model"":""xgboost"",""policy"":""no_salary_hike_no_attrition_no_department""}",dependent_outer_fold_ranking_comparison,not_applicable_or_resolved_by_source_contract,descriptive_dependent_fold_pairs_no_confidence_interval,oof_shap/shap_stability_pairwise.csv,d4130a0923ceee91b2838a54cd310030a03ad81efa719ba381116135cf5d8a60,shap_stability_pairwise,34,c1300316fe5baec24e789c06aec35dd4f283fa4843b71c7aab1edbf4818f8e91,no_salary_hike_no_attrition_no_department,xgboost,d483d8ddb93a47a99a2eab54fe3d138d8f614798dd418bca860ea3f20c813f51,2.0,5.0,118b396aebf864f54d3c710f9369e7f3bca879602cd413b3635155c73785be15,cf019554e674ac9501ba482e2ec99cb4d6a24ec98c0cfb8d307e3194edf34f23,5,1.0,0.918796992481203,,,,,,,,,,,,,,,
canonical_v2_20260714T221501Z_483f96f,51415c2ce68c89d9ce2b042b0a7a811fe3e98180b72460006f9d0465f6bf49b7,06c507bee525ea1daca43b61249764007d4d8baaa05c9333f23446ea723ce160,f1e358e99914563305428cece1b1595bc76a58643184407ec5b222162d650332,98ae57b622a56983192975c5bff94374ed51322f13c76af633c3c96ceb198cdd,oof_shap_stability,inx_primary,"{""model"":""xgboost"",""policy"":""no_salary_hike_no_attrition_no_department""}",dependent_outer_fold_ranking_comparison,not_applicable_or_resolved_by_source_contract,descriptive_dependent_fold_pairs_no_confidence_interval,oof_shap/shap_stability_pairwise.csv,d4130a0923ceee91b2838a54cd310030a03ad81efa719ba381116135cf5d8a60,shap_stability_pairwise,35,c1300316fe5baec24e789c06aec35dd4f283fa4843b71c7aab1edbf4818f8e91,no_salary_hike_no_attrition_no_department,xgboost,d483d8ddb93a47a99a2eab54fe3d138d8f614798dd418bca860ea3f20c813f51,2.0,5.0,118b396aebf864f54d3c710f9369e7f3bca879602cd413b3635155c73785be15,cf019554e674ac9501ba482e2ec99cb4d6a24ec98c0cfb8d307e3194edf34f23,10,0.8181818181818182,0.918796992481203,,,,,,,,,,,,,,,
canonical_v2_20260714T221501Z_483f96f,51415c2ce68c89d9ce2b042b0a7a811fe3e98180b72460006f9d0465f6bf49b7,06c507bee525ea1daca43b61249764007d4d8baaa05c9333f23446ea723ce160,f1e358e99914563305428cece1b1595bc76a58643184407ec5b222162d650332,98ae57b622a56983192975c5bff94374ed51322f13c76af633c3c96ceb198cdd,oof_shap_stability,inx_primary,"{""model"":""xgboost"",""policy"":""no_salary_hike_no_attrition_no_department""}",dependent_outer_fold_ranking_comparison,not_applicable_or_resolved_by_source_contract,descriptive_dependent_fold_pairs_no_confidence_interval,oof_shap/shap_stability_pairwise.csv,d4130a0923ceee91b2838a54cd310030a03ad81efa719ba381116135cf5d8a60,shap_stability_pairwise,36,c1300316fe5baec24e789c06aec35dd4f283fa4843b71c7aab1edbf4818f8e91,no_salary_hike_no_attrition_no_department,xgboost,d483d8ddb93a47a99a2eab54fe3d138d8f614798dd418bca860ea3f20c813f51,2.0,5.0,118b396aebf864f54d3c710f9369e7f3bca879602cd413b3635155c73785be15,cf019554e674ac9501ba482e2ec99cb4d6a24ec98c0cfb8d307e3194edf34f23,15,0.6666666666666666,0.918796992481203,,,,,,,,,,,,,,,
canonical_v2_20260714T221501Z_483f96f,51415c2ce68c89d9ce2b042b0a7a811fe3e98180b72460006f9d0465f6bf49b7,06c507bee525ea1daca43b61249764007d4d8baaa05c9333f23446ea723ce160,f1e358e99914563305428cece1b1595bc76a58643184407ec5b222162d650332,98ae57b622a56983192975c5bff94374ed51322f13c76af633c3c96ceb198cdd,oof_shap_stability,inx_primary,"{""model"":""xgboost"",""policy"":""no_salary_hike_no_attrition_no_department""}",dependent_outer_fold_ranking_comparison,not_applicable_or_resolved_by_source_contract,descriptive_dependent_fold_pairs_no_confidence_interval,oof_shap/shap_stability_pairwise.csv,d4130a0923ceee91b2838a54cd310030a03ad81efa719ba381116135cf5d8a60,shap_stability_pairwise,37,c1300316fe5baec24e789c06aec35dd4f283fa4843b71c7aab1edbf4818f8e91,no_salary_hike_no_attrition_no_department,xgboost,d483d8ddb93a47a99a2eab54fe3d138d8f614798dd418bca860ea3f20c813f51,2.0,6.0,118b396aebf864f54d3c710f9369e7f3bca879602cd413b3635155c73785be15,fdcaad5d2151a1ca98f9f77a8b48f5489f499c5b0a319bb37d68ba0d4de231d5,5,1.0,0.9067669172932332,,,,,,,,,,,,,,,
canonical_v2_20260714T221501Z_483f96f,51415c2ce68c89d9ce2b042b0a7a811fe3e98180b72460006f9d0465f6bf49b7,06c507bee525ea1daca43b61249764007d4d8baaa05c9333f23446ea723ce160,f1e358e99914563305428cece1b1595bc76a58643184407ec5b222162d650332,98ae57b622a56983192975c5bff94374ed51322f13c76af633c3c96ceb198cdd,oof_shap_stability,inx_primary,"{""model"":""xgboost"",""policy"":""no_salary_hike_no_attrition_no_department""}",dependent_outer_fold_ranking_comparison,not_applicable_or_resolved_by_source_contract,descriptive_dependent_fold_pairs_no_confidence_interval,oof_shap/shap_stability_pairwise.csv,d4130a0923ceee91b2838a54cd310030a03ad81efa719ba381116135cf5d8a60,shap_stability_pairwise,38,c1300316fe5baec24e789c06aec35dd4f283fa4843b71c7aab1edbf4818f8e91,no_salary_hike_no_attrition_no_department,xgboost,d483d8ddb93a47a99a2eab54fe3d138d8f614798dd418bca860ea3f20c813f51,2.0,6.0,118b396aebf864f54d3c710f9369e7f3bca879602cd413b3635155c73785be15,fdcaad5d2151a1ca98f9f77a8b48f5489f499c5b0a319bb37d68ba0d4de231d5,10,0.8181818181818182,0.9067669172932332,,,,,,,,,,,,,,,
canonical_v2_20260714T221501Z_483f96f,51415c2ce68c89d9ce2b042b0a7a811fe3e98180b72460006f9d0465f6bf49b7,06c507bee525ea1daca43b61249764007d4d8baaa05c9333f23446ea723ce160,f1e358e99914563305428cece1b1595bc76a58643184407ec5b222162d650332,98ae57b622a56983192975c5bff94374ed51322f13c76af633c3c96ceb198cdd,oof_shap_stability,inx_primary,"{""model"":""xgboost"",""policy"":""no_salary_hike_no_attrition_no_department""}",dependent_outer_fold_ranking_comparison,not_applicable_or_resolved_by_source_contract,descriptive_dependent_fold_pairs_no_confidence_interval,oof_shap/shap_stability_pairwise.csv,d4130a0923ceee91b2838a54cd310030a03ad81efa719ba381116135cf5d8a60,shap_stability_pairwise,39,c1300316fe5baec24e789c06aec35dd4f283fa4843b71c7aab1edbf4818f8e91,no_salary_hike_no_attrition_no_department,xgboost,d483d8ddb93a47a99a2eab54fe3d138d8f614798dd418bca860ea3f20c813f51,2.0,6.0,118b396aebf864f54d3c710f9369e7f3bca879602cd413b3635155c73785be15,fdcaad5d2151a1ca98f9f77a8b48f5489f499c5b0a319bb37d68ba0d4de231d5,15,0.7647058823529411,0.9067669172932332,,,,,,,,,,,,,,,
canonical_v2_20260714T221501Z_483f96f,51415c2ce68c89d9ce2b042b0a7a811fe3e98180b72460006f9d0465f6bf49b7,06c507bee525ea1daca43b61249764007d4d8baaa05c9333f23446ea723ce160,f1e358e99914563305428cece1b1595bc76a58643184407ec5b222162d650332,98ae57b622a56983192975c5bff94374ed51322f13c76af633c3c96ceb198cdd,oof_shap_stability,inx_primary,"{""model"":""xgboost"",""policy"":""no_salary_hike_no_attrition_no_department""}",dependent_outer_fold_ranking_comparison,not_applicable_or_resolved_by_source_contract,descriptive_dependent_fold_pairs_no_confidence_interval,oof_shap/shap_stability_pairwise.csv,d4130a0923ceee91b2838a54cd310030a03ad81efa719ba381116135cf5d8a60,shap_stability_pairwise,40,c1300316fe5baec24e789c06aec35dd4f283fa4843b71c7aab1edbf4818f8e91,no_salary_hike_no_attrition_no_department,xgboost,d483d8ddb93a47a99a2eab54fe3d138d8f614798dd418bca860ea3f20c813f51,2.0,7.0,118b396aebf864f54d3c710f9369e7f3bca879602cd413b3635155c73785be15,a1d147211856b75e9baa9a5147019cedefed6804c2673abc43c9d86cc22bfb32,5,1.0,0.9774436090225564,,,,,,,,,,,,,,,
canonical_v2_20260714T221501Z_483f96f,51415c2ce68c89d9ce2b042b0a7a811fe3e98180b72460006f9d0465f6bf49b7,06c507bee525ea1daca43b61249764007d4d8baaa05c9333f23446ea723ce160,f1e358e99914563305428cece1b1595bc76a58643184407ec5b222162d650332,98ae57b622a56983192975c5bff94374ed51322f13c76af633c3c96ceb198cdd,oof_shap_stability,inx_primary,"{""model"":""xgboost"",""policy"":""no_salary_hike_no_attrition_no_department""}",dependent_outer_fold_ranking_comparison,not_applicable_or_resolved_by_source_contract,descriptive_dependent_fold_pairs_no_confidence_interval,oof_shap/shap_stability_pairwise.csv,d4130a0923ceee91b2838a54cd310030a03ad81efa719ba381116135cf5d8a60,shap_stability_pairwise,41,c1300316fe5baec24e789c06aec35dd4f283fa4843b71c7aab1edbf4818f8e91,no_salary_hike_no_attrition_no_department,xgboost,d483d8ddb93a47a99a2eab54fe3d138d8f614798dd418bca860ea3f20c813f51,2.0,7.0,118b396aebf864f54d3c710f9369e7f3bca879602cd413b3635155c73785be15,a1d147211856b75e9baa9a5147019cedefed6804c2673abc43c9d86cc22bfb32,10,0.8181818181818182,0.9774436090225564,,,,,,,,,,,,,,,
canonical_v2_20260714T221501Z_483f96f,51415c2ce68c89d9ce2b042b0a7a811fe3e98180b72460006f9d0465f6bf49b7,06c507bee525ea1daca43b61249764007d4d8baaa05c9333f23446ea723ce160,f1e358e99914563305428cece1b1595bc76a58643184407ec5b222162d650332,98ae57b622a56983192975c5bff94374ed51322f13c76af633c3c96ceb198cdd,oof_shap_stability,inx_primary,"{""model"":""xgboost"",""policy"":""no_salary_hike_no_attrition_no_department""}",dependent_outer_fold_ranking_comparison,not_applicable_or_resolved_by_source_contract,descriptive_dependent_fold_pairs_no_confidence_interval,oof_shap/shap_stability_pairwise.csv,d4130a0923ceee91b2838a54cd310030a03ad81efa719ba381116135cf5d8a60,shap_stability_pairwise,42,c1300316fe5baec24e789c06aec35dd4f283fa4843b71c7aab1edbf4818f8e91,no_salary_hike_no_attrition_no_department,xgboost,d483d8ddb93a47a99a2eab54fe3d138d8f614798dd418bca860ea3f20c813f51,2.0,7.0,118b396aebf864f54d3c710f9369e7f3bca879602cd413b3635155c73785be15,a1d147211856b75e9baa9a5147019cedefed6804c2673abc43c9d86cc22bfb32,15,0.875,0.9774436090225564,,,,,,,,,,,,,,,
canonical_v2_20260714T221501Z_483f96f,51415c2ce68c89d9ce2b042b0a7a811fe3e98180b72460006f9d0465f6bf49b7,06c507bee525ea1daca43b61249764007d4d8baaa05c9333f23446ea723ce160,f1e358e99914563305428cece1b1595bc76a58643184407ec5b222162d650332,98ae57b622a56983192975c5bff94374ed51322f13c76af633c3c96ceb198cdd,oof_shap_stability,inx_primary,"{""model"":""xgboost"",""policy"":""no_salary_hike_no_attrition_no_department""}",dependent_outer_fold_ranking_comparison,not_applicable_or_resolved_by_source_contract,descriptive_dependent_fold_pairs_no_confidence_interval,oof_shap/shap_stability_pairwise.csv,d4130a0923ceee91b2838a54cd310030a03ad81efa719ba381116135cf5d8a60,shap_stability_pairwise,43,c1300316fe5baec24e789c06aec35dd4f283fa4843b71c7aab1edbf4818f8e91,no_salary_hike_no_attrition_no_department,xgboost,d483d8ddb93a47a99a2eab54fe3d138d8f614798dd418bca860ea3f20c813f51,2.0,8.0,118b396aebf864f54d3c710f9369e7f3bca879602cd413b3635155c73785be15,e65d6ebca2e1310d83df33558a5be214002b8b04116cefc7330946e7edd2166d,5,1.0,0.9233082706766916,,,,,,,,,,,,,,,
canonical_v2_20260714T221501Z_483f96f,51415c2ce68c89d9ce2b042b0a7a811fe3e98180b72460006f9d0465f6bf49b7,06c507bee525ea1daca43b61249764007d4d8baaa05c9333f23446ea723ce160,f1e358e99914563305428cece1b1595bc76a58643184407ec5b222162d650332,98ae57b622a56983192975c5bff94374ed51322f13c76af633c3c96ceb198cdd,oof_shap_stability,inx_primary,"{""model"":""xgboost"",""policy"":""no_salary_hike_no_attrition_no_department""}",dependent_outer_fold_ranking_comparison,not_applicable_or_resolved_by_source_contract,descriptive_dependent_fold_pairs_no_confidence_interval,oof_shap/shap_stability_pairwise.csv,d4130a0923ceee91b2838a54cd310030a03ad81efa719ba381116135cf5d8a60,shap_stability_pairwise,44,c1300316fe5baec24e789c06aec35dd4f283fa4843b71c7aab1edbf4818f8e91,no_salary_hike_no_attrition_no_department,xgboost,d483d8ddb93a47a99a2eab54fe3d138d8f614798dd418bca860ea3f20c813f51,2.0,8.0,118b396aebf864f54d3c710f9369e7f3bca879602cd413b3635155c73785be15,e65d6ebca2e1310d83df33558a5be214002b8b04116cefc7330946e7edd2166d,10,0.8181818181818182,0.9233082706766916,,,,,,,,,,,,,,,
canonical_v2_20260714T221501Z_483f96f,51415c2ce68c89d9ce2b042b0a7a811fe3e98180b72460006f9d0465f6bf49b7,06c507bee525ea1daca43b61249764007d4d8baaa05c9333f23446ea723ce160,f1e358e99914563305428cece1b1595bc76a58643184407ec5b222162d650332,98ae57b622a56983192975c5bff94374ed51322f13c76af633c3c96ceb198cdd,oof_shap_stability,inx_primary,"{""model"":""xgboost"",""policy"":""no_salary_hike_no_attrition_no_department""}",dependent_outer_fold_ranking_comparison,not_applicable_or_resolved_by_source_contract,descriptive_dependent_fold_pairs_no_confidence_interval,oof_shap/shap_stability_pairwise.csv,d4130a0923ceee91b2838a54cd310030a03ad81efa719ba381116135cf5d8a60,shap_stability_pairwise,45,c1300316fe5baec24e789c06aec35dd4f283fa4843b71c7aab1edbf4818f8e91,no_salary_hike_no_attrition_no_department,xgboost,d483d8ddb93a47a99a2eab54fe3d138d8f614798dd418bca860ea3f20c813f51,2.0,8.0,118b396aebf864f54d3c710f9369e7f3bca879602cd413b3635155c73785be15,e65d6ebca2e1310d83df33558a5be214002b8b04116cefc7330946e7edd2166d,15,0.875,0.9233082706766916,,,,,,,,,,,,,,,
canonical_v2_20260714T221501Z_483f96f,51415c2ce68c89d9ce2b042b0a7a811fe3e98180b72460006f9d0465f6bf49b7,06c507bee525ea1daca43b61249764007d4d8baaa05c9333f23446ea723ce160,f1e358e99914563305428cece1b1595bc76a58643184407ec5b222162d650332,98ae57b622a56983192975c5bff94374ed51322f13c76af633c3c96ceb198cdd,oof_shap_stability,inx_primary,"{""model"":""xgboost"",""policy"":""no_salary_hike_no_attrition_no_department""}",dependent_outer_fold_ranking_comparison,not_applicable_or_resolved_by_source_contract,descriptive_dependent_fold_pairs_no_confidence_interval,oof_shap/shap_stability_pairwise.csv,d4130a0923ceee91b2838a54cd310030a03ad81efa719ba381116135cf5d8a60,shap_stability_pairwise,46,c1300316fe5baec24e789c06aec35dd4f283fa4843b71c7aab1edbf4818f8e91,no_salary_hike_no_attrition_no_department,xgboost,d483d8ddb93a47a99a2eab54fe3d138d8f614798dd418bca860ea3f20c813f51,2.0,9.0,118b396aebf864f54d3c710f9369e7f3bca879602cd413b3635155c73785be15,0c40ac47f34a79f121be0f46703ff5d11586c84f7713225479891b3f13158f47,5,1.0,0.9112781954887216,,,,,,,,,,,,,,,
canonical_v2_20260714T221501Z_483f96f,51415c2ce68c89d9ce2b042b0a7a811fe3e98180b72460006f9d0465f6bf49b7,06c507bee525ea1daca43b61249764007d4d8baaa05c9333f23446ea723ce160,f1e358e99914563305428cece1b1595bc76a58643184407ec5b222162d650332,98ae57b622a56983192975c5bff94374ed51322f13c76af633c3c96ceb198cdd,oof_shap_stability,inx_primary,"{""model"":""xgboost"",""policy"":""no_salary_hike_no_attrition_no_department""}",dependent_outer_fold_ranking_comparison,not_applicable_or_resolved_by_source_contract,descriptive_dependent_fold_pairs_no_confidence_interval,oof_shap/shap_stability_pairwise.csv,d4130a0923ceee91b2838a54cd310030a03ad81efa719ba381116135cf5d8a60,shap_stability_pairwise,47,c1300316fe5baec24e789c06aec35dd4f283fa4843b71c7aab1edbf4818f8e91,no_salary_hike_no_attrition_no_department,xgboost,d483d8ddb93a47a99a2eab54fe3d138d8f614798dd418bca860ea3f20c813f51,2.0,9.0,118b396aebf864f54d3c710f9369e7f3bca879602cd413b3635155c73785be15,0c40ac47f34a79f121be0f46703ff5d11586c84f7713225479891b3f13158f47,10,0.8181818181818182,0.9112781954887216,,,,,,,,,,,,,,,
canonical_v2_20260714T221501Z_483f96f,51415c2ce68c89d9ce2b042b0a7a811fe3e98180b72460006f9d0465f6bf49b7,06c507bee525ea1daca43b61249764007d4d8baaa05c9333f23446ea723ce160,f1e358e99914563305428cece1b1595bc76a58643184407ec5b222162d650332,98ae57b622a56983192975c5bff94374ed51322f13c76af633c3c96ceb198cdd,oof_shap_stability,inx_primary,"{""model"":""xgboost"",""policy"":""no_salary_hike_no_attrition_no_department""}",dependent_outer_fold_ranking_comparison,not_applicable_or_resolved_by_source_contract,descriptive_dependent_fold_pairs_no_confidence_interval,oof_shap/shap_stability_pairwise.csv,d4130a0923ceee91b2838a54cd310030a03ad81efa719ba381116135cf5d8a60,shap_stability_pairwise,48,c1300316fe5baec24e789c06aec35dd4f283fa4843b71c7aab1edbf4818f8e91,no_salary_hike_no_attrition_no_department,xgboost,d483d8ddb93a47a99a2eab54fe3d138d8f614798dd418bca860ea3f20c813f51,2.0,9.0,118b396aebf864f54d3c710f9369e7f3bca879602cd413b3635155c73785be15,0c40ac47f34a79f121be0f46703ff5d11586c84f7713225479891b3f13158f47,15,0.7647058823529411,0.9112781954887216,,,,,,,,,,,,,,,
canonical_v2_20260714T221501Z_483f96f,51415c2ce68c89d9ce2b042b0a7a811fe3e98180b72460006f9d0465f6bf49b7,06c507bee525ea1daca43b61249764007d4d8baaa05c9333f23446ea723ce160,f1e358e99914563305428cece1b1595bc76a58643184407ec5b222162d650332,98ae57b622a56983192975c5bff94374ed51322f13c76af633c3c96ceb198cdd,oof_shap_stability,inx_primary,"{""model"":""xgboost"",""policy"":""no_salary_hike_no_attrition_no_department""}",dependent_outer_fold_ranking_comparison,not_applicable_or_resolved_by_source_contract,descriptive_dependent_fold_pairs_no_confidence_interval,oof_shap/shap_stability_pairwise.csv,d4130a0923ceee91b2838a54cd310030a03ad81efa719ba381116135cf5d8a60,shap_stability_pairwise,49,c1300316fe5baec24e789c06aec35dd4f283fa4843b71c7aab1edbf4818f8e91,no_salary_hike_no_attrition_no_department,xgboost,d483d8ddb93a47a99a2eab54fe3d138d8f614798dd418bca860ea3f20c813f51,2.0,10.0,118b396aebf864f54d3c710f9369e7f3bca879602cd413b3635155c73785be15,41fb35fd298060cb981116856f85ea7263468ab34089afb7f407917a058b31fa,5,1.0,0.9428571428571428,,,,,,,,,,,,,,,
canonical_v2_20260714T221501Z_483f96f,51415c2ce68c89d9ce2b042b0a7a811fe3e98180b72460006f9d0465f6bf49b7,06c507bee525ea1daca43b61249764007d4d8baaa05c9333f23446ea723ce160,f1e358e99914563305428cece1b1595bc76a58643184407ec5b222162d650332,98ae57b622a56983192975c5bff94374ed51322f13c76af633c3c96ceb198cdd,oof_shap_stability,inx_primary,"{""model"":""xgboost"",""policy"":""no_salary_hike_no_attrition_no_department""}",dependent_outer_fold_ranking_comparison,not_applicable_or_resolved_by_source_contract,descriptive_dependent_fold_pairs_no_confidence_interval,oof_shap/shap_stability_pairwise.csv,d4130a0923ceee91b2838a54cd310030a03ad81efa719ba381116135cf5d8a60,shap_stability_pairwise,50,c1300316fe5baec24e789c06aec35dd4f283fa4843b71c7aab1edbf4818f8e91,no_salary_hike_no_attrition_no_department,xgboost,d483d8ddb93a47a99a2eab54fe3d138d8f614798dd418bca860ea3f20c813f51,2.0,10.0,118b396aebf864f54d3c710f9369e7f3bca879602cd413b3635155c73785be15,41fb35fd298060cb981116856f85ea7263468ab34089afb7f407917a058b31fa,10,0.8181818181818182,0.9428571428571428,,,,,,,,,,,,,,,
canonical_v2_20260714T221501Z_483f96f,51415c2ce68c89d9ce2b042b0a7a811fe3e98180b72460006f9d0465f6bf49b7,06c507bee525ea1daca43b61249764007d4d8baaa05c9333f23446ea723ce160,f1e358e99914563305428cece1b1595bc76a58643184407ec5b222162d650332,98ae57b622a56983192975c5bff94374ed51322f13c76af633c3c96ceb198cdd,oof_shap_stability,inx_primary,"{""model"":""xgboost"",""policy"":""no_salary_hike_no_attrition_no_department""}",dependent_outer_fold_ranking_comparison,not_applicable_or_resolved_by_source_contract,descriptive_dependent_fold_pairs_no_confidence_interval,oof_shap/shap_stability_pairwise.csv,d4130a0923ceee91b2838a54cd310030a03ad81efa719ba381116135cf5d8a60,shap_stability_pairwise,51,c1300316fe5baec24e789c06aec35dd4f283fa4843b71c7aab1edbf4818f8e91,no_salary_hike_no_attrition_no_department,xgboost,d483d8ddb93a47a99a2eab54fe3d138d8f614798dd418bca860ea3f20c813f51,2.0,10.0,118b396aebf864f54d3c710f9369e7f3bca879602cd413b3635155c73785be15,41fb35fd298060cb981116856f85ea7263468ab34089afb7f407917a058b31fa,15,0.875,0.9428571428571428,,,,,,,,,,,,,,,
canonical_v2_20260714T221501Z_483f96f,51415c2ce68c89d9ce2b042b0a7a811fe3e98180b72460006f9d0465f6bf49b7,06c507bee525ea1daca43b61249764007d4d8baaa05c9333f23446ea723ce160,f1e358e99914563305428cece1b1595bc76a58643184407ec5b222162d650332,98ae57b622a56983192975c5bff94374ed51322f13c76af633c3c96ceb198cdd,oof_shap_stability,inx_primary,"{""model"":""xgboost"",""policy"":""no_salary_hike_no_attrition_no_department""}",dependent_outer_fold_ranking_comparison,not_applicable_or_resolved_by_source_contract,descriptive_dependent_fold_pairs_no_confidence_interval,oof_shap/shap_stability_pairwise.csv,d4130a0923ceee91b2838a54cd310030a03ad81efa719ba381116135cf5d8a60,shap_stability_pairwise,52,c1300316fe5baec24e789c06aec35dd4f283fa4843b71c7aab1edbf4818f8e91,no_salary_hike_no_attrition_no_department,xgboost,d483d8ddb93a47a99a2eab54fe3d138d8f614798dd418bca860ea3f20c813f51,3.0,4.0,007c88008a166345b2a4fed769f757959ea781a0d940c62183f36babd34f734d,be6969fddf714e76873021a786ce6260ebc2f3c84ad1bb796e99969c806ff53c,5,1.0,0.8812030075187969,,,,,,,,,,,,,,,
canonical_v2_20260714T221501Z_483f96f,51415c2ce68c89d9ce2b042b0a7a811fe3e98180b72460006f9d0465f6bf49b7,06c507bee525ea1daca43b61249764007d4d8baaa05c9333f23446ea723ce160,f1e358e99914563305428cece1b1595bc76a58643184407ec5b222162d650332,98ae57b622a56983192975c5bff94374ed51322f13c76af633c3c96ceb198cdd,oof_shap_stability,inx_primary,"{""model"":""xgboost"",""policy"":""no_salary_hike_no_attrition_no_department""}",dependent_outer_fold_ranking_comparison,not_applicable_or_resolved_by_source_contract,descriptive_dependent_fold_pairs_no_confidence_interval,oof_shap/shap_stability_pairwise.csv,d4130a0923ceee91b2838a54cd310030a03ad81efa719ba381116135cf5d8a60,shap_stability_pairwise,53,c1300316fe5baec24e789c06aec35dd4f283fa4843b71c7aab1edbf4818f8e91,no_salary_hike_no_attrition_no_department,xgboost,d483d8ddb93a47a99a2eab54fe3d138d8f614798dd418bca860ea3f20c813f51,3.0,4.0,007c88008a166345b2a4fed769f757959ea781a0d940c62183f36babd34f734d,be6969fddf714e76873021a786ce6260ebc2f3c84ad1bb796e99969c806ff53c,10,0.8181818181818182,0.8812030075187969,,,,,,,,,,,,,,,
canonical_v2_20260714T221501Z_483f96f,51415c2ce68c89d9ce2b042b0a7a811fe3e98180b72460006f9d0465f6bf49b7,06c507bee525ea1daca43b61249764007d4d8baaa05c9333f23446ea723ce160,f1e358e99914563305428cece1b1595bc76a58643184407ec5b222162d650332,98ae57b622a56983192975c5bff94374ed51322f13c76af633c3c96ceb198cdd,oof_shap_stability,inx_primary,"{""model"":""xgboost"",""policy"":""no_salary_hike_no_attrition_no_department""}",dependent_outer_fold_ranking_comparison,not_applicable_or_resolved_by_source_contract,descriptive_dependent_fold_pairs_no_confidence_interval,oof_shap/shap_stability_pairwise.csv,d4130a0923ceee91b2838a54cd310030a03ad81efa719ba381116135cf5d8a60,shap_stability_pairwise,54,c1300316fe5baec24e789c06aec35dd4f283fa4843b71c7aab1edbf4818f8e91,no_salary_hike_no_attrition_no_department,xgboost,d483d8ddb93a47a99a2eab54fe3d138d8f614798dd418bca860ea3f20c813f51,3.0,4.0,007c88008a166345b2a4fed769f757959ea781a0d940c62183f36babd34f734d,be6969fddf714e76873021a786ce6260ebc2f3c84ad1bb796e99969c806ff53c,15,0.875,0.8812030075187969,,,,,,,,,,,,,,,
canonical_v2_20260714T221501Z_483f96f,51415c2ce68c89d9ce2b042b0a7a811fe3e98180b72460006f9d0465f6bf49b7,06c507bee525ea1daca43b61249764007d4d8baaa05c9333f23446ea723ce160,f1e358e99914563305428cece1b1595bc76a58643184407ec5b222162d650332,98ae57b622a56983192975c5bff94374ed51322f13c76af633c3c96ceb198cdd,oof_shap_stability,inx_primary,"{""model"":""xgboost"",""policy"":""no_salary_hike_no_attrition_no_department""}",dependent_outer_fold_ranking_comparison,not_applicable_or_resolved_by_source_contract,descriptive_dependent_fold_pairs_no_confidence_interval,oof_shap/shap_stability_pairwise.csv,d4130a0923ceee91b2838a54cd310030a03ad81efa719ba381116135cf5d8a60,shap_stability_pairwise,55,c1300316fe5baec24e789c06aec35dd4f283fa4843b71c7aab1edbf4818f8e91,no_salary_hike_no_attrition_no_department,xgboost,d483d8ddb93a47a99a2eab54fe3d138d8f614798dd418bca860ea3f20c813f51,3.0,5.0,007c88008a166345b2a4fed769f757959ea781a0d940c62183f36babd34f734d,cf019554e674ac9501ba482e2ec99cb4d6a24ec98c0cfb8d307e3194edf34f23,5,1.0,0.9263157894736842,,,,,,,,,,,,,,,
canonical_v2_20260714T221501Z_483f96f,51415c2ce68c89d9ce2b042b0a7a811fe3e98180b72460006f9d0465f6bf49b7,06c507bee525ea1daca43b61249764007d4d8baaa05c9333f23446ea723ce160,f1e358e99914563305428cece1b1595bc76a58643184407ec5b222162d650332,98ae57b622a56983192975c5bff94374ed51322f13c76af633c3c96ceb198cdd,oof_shap_stability,inx_primary,"{""model"":""xgboost"",""policy"":""no_salary_hike_no_attrition_no_department""}",dependent_outer_fold_ranking_comparison,not_applicable_or_resolved_by_source_contract,descriptive_dependent_fold_pairs_no_confidence_interval,oof_shap/shap_stability_pairwise.csv,d4130a0923ceee91b2838a54cd310030a03ad81efa719ba381116135cf5d8a60,shap_stability_pairwise,56,c1300316fe5baec24e789c06aec35dd4f283fa4843b71c7aab1edbf4818f8e91,no_salary_hike_no_attrition_no_department,xgboost,d483d8ddb93a47a99a2eab54fe3d138d8f614798dd418bca860ea3f20c813f51,3.0,5.0,007c88008a166345b2a4fed769f757959ea781a0d940c62183f36babd34f734d,cf019554e674ac9501ba482e2ec99cb4d6a24ec98c0cfb8d307e3194edf34f23,10,0.8181818181818182,0.9263157894736842,,,,,,,,,,,,,,,
canonical_v2_20260714T221501Z_483f96f,51415c2ce68c89d9ce2b042b0a7a811fe3e98180b72460006f9d0465f6bf49b7,06c507bee525ea1daca43b61249764007d4d8baaa05c9333f23446ea723ce160,f1e358e99914563305428cece1b1595bc76a58643184407ec5b222162d650332,98ae57b622a56983192975c5bff94374ed51322f13c76af633c3c96ceb198cdd,oof_shap_stability,inx_primary,"{""model"":""xgboost"",""policy"":""no_salary_hike_no_attrition_no_department""}",dependent_outer_fold_ranking_comparison,not_applicable_or_resolved_by_source_contract,descriptive_dependent_fold_pairs_no_confidence_interval,oof_shap/shap_stability_pairwise.csv,d4130a0923ceee91b2838a54cd310030a03ad81efa719ba381116135cf5d8a60,shap_stability_pairwise,57,c1300316fe5baec24e789c06aec35dd4f283fa4843b71c7aab1edbf4818f8e91,no_salary_hike_no_attrition_no_department,xgboost,d483d8ddb93a47a99a2eab54fe3d138d8f614798dd418bca860ea3f20c813f51,3.0,5.0,007c88008a166345b2a4fed769f757959ea781a0d940c62183f36babd34f734d,cf019554e674ac9501ba482e2ec99cb4d6a24ec98c0cfb8d307e3194edf34f23,15,0.7647058823529411,0.9263157894736842,,,,,,,,,,,,,,,
canonical_v2_20260714T221501Z_483f96f,51415c2ce68c89d9ce2b042b0a7a811fe3e98180b72460006f9d0465f6bf49b7,06c507bee525ea1daca43b61249764007d4d8baaa05c9333f23446ea723ce160,f1e358e99914563305428cece1b1595bc76a58643184407ec5b222162d650332,98ae57b622a56983192975c5bff94374ed51322f13c76af633c3c96ceb198cdd,oof_shap_stability,inx_primary,"{""model"":""xgboost"",""policy"":""no_salary_hike_no_attrition_no_department""}",dependent_outer_fold_ranking_comparison,not_applicable_or_resolved_by_source_contract,descriptive_dependent_fold_pairs_no_confidence_interval,oof_shap/shap_stability_pairwise.csv,d4130a0923ceee91b2838a54cd310030a03ad81efa719ba381116135cf5d8a60,shap_stability_pairwise,58,c1300316fe5baec24e789c06aec35dd4f283fa4843b71c7aab1edbf4818f8e91,no_salary_hike_no_attrition_no_department,xgboost,d483d8ddb93a47a99a2eab54fe3d138d8f614798dd418bca860ea3f20c813f51,3.0,6.0,007c88008a166345b2a4fed769f757959ea781a0d940c62183f36babd34f734d,fdcaad5d2151a1ca98f9f77a8b48f5489f499c5b0a319bb37d68ba0d4de231d5,5,1.0,0.9413533834586464,,,,,,,,,,,,,,,
canonical_v2_20260714T221501Z_483f96f,51415c2ce68c89d9ce2b042b0a7a811fe3e98180b72460006f9d0465f6bf49b7,06c507bee525ea1daca43b61249764007d4d8baaa05c9333f23446ea723ce160,f1e358e99914563305428cece1b1595bc76a58643184407ec5b222162d650332,98ae57b622a56983192975c5bff94374ed51322f13c76af633c3c96ceb198cdd,oof_shap_stability,inx_primary,"{""model"":""xgboost"",""policy"":""no_salary_hike_no_attrition_no_department""}",dependent_outer_fold_ranking_comparison,not_applicable_or_resolved_by_source_contract,descriptive_dependent_fold_pairs_no_confidence_interval,oof_shap/shap_stability_pairwise.csv,d4130a0923ceee91b2838a54cd310030a03ad81efa719ba381116135cf5d8a60,shap_stability_pairwise,59,c1300316fe5baec24e789c06aec35dd4f283fa4843b71c7aab1edbf4818f8e91,no_salary_hike_no_attrition_no_department,xgboost,d483d8ddb93a47a99a2eab54fe3d138d8f614798dd418bca860ea3f20c813f51,3.0,6.0,007c88008a166345b2a4fed769f757959ea781a0d940c62183f36babd34f734d,fdcaad5d2151a1ca98f9f77a8b48f5489f499c5b0a319bb37d68ba0d4de231d5,10,0.8181818181818182,0.9413533834586464,,,,,,,,,,,,,,,
canonical_v2_20260714T221501Z_483f96f,51415c2ce68c89d9ce2b042b0a7a811fe3e98180b72460006f9d0465f6bf49b7,06c507bee525ea1daca43b61249764007d4d8baaa05c9333f23446ea723ce160,f1e358e99914563305428cece1b1595bc76a58643184407ec5b222162d650332,98ae57b622a56983192975c5bff94374ed51322f13c76af633c3c96ceb198cdd,oof_shap_stability,inx_primary,"{""model"":""xgboost"",""policy"":""no_salary_hike_no_attrition_no_department""}",dependent_outer_fold_ranking_comparison,not_applicable_or_resolved_by_source_contract,descriptive_dependent_fold_pairs_no_confidence_interval,oof_shap/shap_stability_pairwise.csv,d4130a0923ceee91b2838a54cd310030a03ad81efa719ba381116135cf5d8a60,shap_stability_pairwise,60,c1300316fe5baec24e789c06aec35dd4f283fa4843b71c7aab1edbf4818f8e91,no_salary_hike_no_attrition_no_department,xgboost,d483d8ddb93a47a99a2eab54fe3d138d8f614798dd418bca860ea3f20c813f51,3.0,6.0,007c88008a166345b2a4fed769f757959ea781a0d940c62183f36babd34f734d,fdcaad5d2151a1ca98f9f77a8b48f5489f499c5b0a319bb37d68ba0d4de231d5,15,0.875,0.9413533834586464,,,,,,,,,,,,,,,
canonical_v2_20260714T221501Z_483f96f,51415c2ce68c89d9ce2b042b0a7a811fe3e98180b72460006f9d0465f6bf49b7,06c507bee525ea1daca43b61249764007d4d8baaa05c9333f23446ea723ce160,f1e358e99914563305428cece1b1595bc76a58643184407ec5b222162d650332,98ae57b622a56983192975c5bff94374ed51322f13c76af633c3c96ceb198cdd,oof_shap_stability,inx_primary,"{""model"":""xgboost"",""policy"":""no_salary_hike_no_attrition_no_department""}",dependent_outer_fold_ranking_comparison,not_applicable_or_resolved_by_source_contract,descriptive_dependent_fold_pairs_no_confidence_interval,oof_shap/shap_stability_pairwise.csv,d4130a0923ceee91b2838a54cd310030a03ad81efa719ba381116135cf5d8a60,shap_stability_pairwise,61,c1300316fe5baec24e789c06aec35dd4f283fa4843b71c7aab1edbf4818f8e91,no_salary_hike_no_attrition_no_department,xgboost,d483d8ddb93a47a99a2eab54fe3d138d8f614798dd418bca860ea3f20c813f51,3.0,7.0,007c88008a166345b2a4fed769f757959ea781a0d940c62183f36babd34f734d,a1d147211856b75e9baa9a5147019cedefed6804c2673abc43c9d86cc22bfb32,5,1.0,0.9639097744360902,,,,,,,,,,,,,,,
canonical_v2_20260714T221501Z_483f96f,51415c2ce68c89d9ce2b042b0a7a811fe3e98180b72460006f9d0465f6bf49b7,06c507bee525ea1daca43b61249764007d4d8baaa05c9333f23446ea723ce160,f1e358e99914563305428cece1b1595bc76a58643184407ec5b222162d650332,98ae57b622a56983192975c5bff94374ed51322f13c76af633c3c96ceb198cdd,oof_shap_stability,inx_primary,"{""model"":""xgboost"",""policy"":""no_salary_hike_no_attrition_no_department""}",dependent_outer_fold_ranking_comparison,not_applicable_or_resolved_by_source_contract,descriptive_dependent_fold_pairs_no_confidence_interval,oof_shap/shap_stability_pairwise.csv,d4130a0923ceee91b2838a54cd310030a03ad81efa719ba381116135cf5d8a60,shap_stability_pairwise,62,c1300316fe5baec24e789c06aec35dd4f283fa4843b71c7aab1edbf4818f8e91,no_salary_hike_no_attrition_no_department,xgboost,d483d8ddb93a47a99a2eab54fe3d138d8f614798dd418bca860ea3f20c813f51,3.0,7.0,007c88008a166345b2a4fed769f757959ea781a0d940c62183f36babd34f734d,a1d147211856b75e9baa9a5147019cedefed6804c2673abc43c9d86cc22bfb32,10,0.8181818181818182,0.9639097744360902,,,,,,,,,,,,,,,
canonical_v2_20260714T221501Z_483f96f,51415c2ce68c89d9ce2b042b0a7a811fe3e98180b72460006f9d0465f6bf49b7,06c507bee525ea1daca43b61249764007d4d8baaa05c9333f23446ea723ce160,f1e358e99914563305428cece1b1595bc76a58643184407ec5b222162d650332,98ae57b622a56983192975c5bff94374ed51322f13c76af633c3c96ceb198cdd,oof_shap_stability,inx_primary,"{""model"":""xgboost"",""policy"":""no_salary_hike_no_attrition_no_department""}",dependent_outer_fold_ranking_comparison,not_applicable_or_resolved_by_source_contract,descriptive_dependent_fold_pairs_no_confidence_interval,oof_shap/shap_stability_pairwise.csv,d4130a0923ceee91b2838a54cd310030a03ad81efa719ba381116135cf5d8a60,shap_stability_pairwise,63,c1300316fe5baec24e789c06aec35dd4f283fa4843b71c7aab1edbf4818f8e91,no_salary_hike_no_attrition_no_department,xgboost,d483d8ddb93a47a99a2eab54fe3d138d8f614798dd418bca860ea3f20c813f51,3.0,7.0,007c88008a166345b2a4fed769f757959ea781a0d940c62183f36babd34f734d,a1d147211856b75e9baa9a5147019cedefed6804c2673abc43c9d86cc22bfb32,15,1.0,0.9639097744360902,,,,,,,,,,,,,,,
canonical_v2_20260714T221501Z_483f96f,51415c2ce68c89d9ce2b042b0a7a811fe3e98180b72460006f9d0465f6bf49b7,06c507bee525ea1daca43b61249764007d4d8baaa05c9333f23446ea723ce160,f1e358e99914563305428cece1b1595bc76a58643184407ec5b222162d650332,98ae57b622a56983192975c5bff94374ed51322f13c76af633c3c96ceb198cdd,oof_shap_stability,inx_primary,"{""model"":""xgboost"",""policy"":""no_salary_hike_no_attrition_no_department""}",dependent_outer_fold_ranking_comparison,not_applicable_or_resolved_by_source_contract,descriptive_dependent_fold_pairs_no_confidence_interval,oof_shap/shap_stability_pairwise.csv,d4130a0923ceee91b2838a54cd310030a03ad81efa719ba381116135cf5d8a60,shap_stability_pairwise,64,c1300316fe5baec24e789c06aec35dd4f283fa4843b71c7aab1edbf4818f8e91,no_salary_hike_no_attrition_no_department,xgboost,d483d8ddb93a47a99a2eab54fe3d138d8f614798dd418bca860ea3f20c813f51,3.0,8.0,007c88008a166345b2a4fed769f757959ea781a0d940c62183f36babd34f734d,e65d6ebca2e1310d83df33558a5be214002b8b04116cefc7330946e7edd2166d,5,1.0,0.9353383458646616,,,,,,,,,,,,,,,
canonical_v2_20260714T221501Z_483f96f,51415c2ce68c89d9ce2b042b0a7a811fe3e98180b72460006f9d0465f6bf49b7,06c507bee525ea1daca43b61249764007d4d8baaa05c9333f23446ea723ce160,f1e358e99914563305428cece1b1595bc76a58643184407ec5b222162d650332,98ae57b622a56983192975c5bff94374ed51322f13c76af633c3c96ceb198cdd,oof_shap_stability,inx_primary,"{""model"":""xgboost"",""policy"":""no_salary_hike_no_attrition_no_department""}",dependent_outer_fold_ranking_comparison,not_applicable_or_resolved_by_source_contract,descriptive_dependent_fold_pairs_no_confidence_interval,oof_shap/shap_stability_pairwise.csv,d4130a0923ceee91b2838a54cd310030a03ad81efa719ba381116135cf5d8a60,shap_stability_pairwise,65,c1300316fe5baec24e789c06aec35dd4f283fa4843b71c7aab1edbf4818f8e91,no_salary_hike_no_attrition_no_department,xgboost,d483d8ddb93a47a99a2eab54fe3d138d8f614798dd418bca860ea3f20c813f51,3.0,8.0,007c88008a166345b2a4fed769f757959ea781a0d940c62183f36babd34f734d,e65d6ebca2e1310d83df33558a5be214002b8b04116cefc7330946e7edd2166d,10,0.6666666666666666,0.9353383458646616,,,,,,,,,,,,,,,
canonical_v2_20260714T221501Z_483f96f,51415c2ce68c89d9ce2b042b0a7a811fe3e98180b72460006f9d0465f6bf49b7,06c507bee525ea1daca43b61249764007d4d8baaa05c9333f23446ea723ce160,f1e358e99914563305428cece1b1595bc76a58643184407ec5b222162d650332,98ae57b622a56983192975c5bff94374ed51322f13c76af633c3c96ceb198cdd,oof_shap_stability,inx_primary,"{""model"":""xgboost"",""policy"":""no_salary_hike_no_attrition_no_department""}",dependent_outer_fold_ranking_comparison,not_applicable_or_resolved_by_source_contract,descriptive_dependent_fold_pairs_no_confidence_interval,oof_shap/shap_stability_pairwise.csv,d4130a0923ceee91b2838a54cd310030a03ad81efa719ba381116135cf5d8a60,shap_stability_pairwise,66,c1300316fe5baec24e789c06aec35dd4f283fa4843b71c7aab1edbf4818f8e91,no_salary_hike_no_attrition_no_department,xgboost,d483d8ddb93a47a99a2eab54fe3d138d8f614798dd418bca860ea3f20c813f51,3.0,8.0,007c88008a166345b2a4fed769f757959ea781a0d940c62183f36babd34f734d,e65d6ebca2e1310d83df33558a5be214002b8b04116cefc7330946e7edd2166d,15,0.875,0.9353383458646616,,,,,,,,,,,,,,,
canonical_v2_20260714T221501Z_483f96f,51415c2ce68c89d9ce2b042b0a7a811fe3e98180b72460006f9d0465f6bf49b7,06c507bee525ea1daca43b61249764007d4d8baaa05c9333f23446ea723ce160,f1e358e99914563305428cece1b1595bc76a58643184407ec5b222162d650332,98ae57b622a56983192975c5bff94374ed51322f13c76af633c3c96ceb198cdd,oof_shap_stability,inx_primary,"{""model"":""xgboost"",""policy"":""no_salary_hike_no_attrition_no_department""}",dependent_outer_fold_ranking_comparison,not_applicable_or_resolved_by_source_contract,descriptive_dependent_fold_pairs_no_confidence_interval,oof_shap/shap_stability_pairwise.csv,d4130a0923ceee91b2838a54cd310030a03ad81efa719ba381116135cf5d8a60,shap_stability_pairwise,67,c1300316fe5baec24e789c06aec35dd4f283fa4843b71c7aab1edbf4818f8e91,no_salary_hike_no_attrition_no_department,xgboost,d483d8ddb93a47a99a2eab54fe3d138d8f614798dd418bca860ea3f20c813f51,3.0,9.0,007c88008a166345b2a4fed769f757959ea781a0d940c62183f36babd34f734d,0c40ac47f34a79f121be0f46703ff5d11586c84f7713225479891b3f13158f47,5,1.0,0.9157894736842104,,,,,,,,,,,,,,,
canonical_v2_20260714T221501Z_483f96f,51415c2ce68c89d9ce2b042b0a7a811fe3e98180b72460006f9d0465f6bf49b7,06c507bee525ea1daca43b61249764007d4d8baaa05c9333f23446ea723ce160,f1e358e99914563305428cece1b1595bc76a58643184407ec5b222162d650332,98ae57b622a56983192975c5bff94374ed51322f13c76af633c3c96ceb198cdd,oof_shap_stability,inx_primary,"{""model"":""xgboost"",""policy"":""no_salary_hike_no_attrition_no_department""}",dependent_outer_fold_ranking_comparison,not_applicable_or_resolved_by_source_contract,descriptive_dependent_fold_pairs_no_confidence_interval,oof_shap/shap_stability_pairwise.csv,d4130a0923ceee91b2838a54cd310030a03ad81efa719ba381116135cf5d8a60,shap_stability_pairwise,68,c1300316fe5baec24e789c06aec35dd4f283fa4843b71c7aab1edbf4818f8e91,no_salary_hike_no_attrition_no_department,xgboost,d483d8ddb93a47a99a2eab54fe3d138d8f614798dd418bca860ea3f20c813f51,3.0,9.0,007c88008a166345b2a4fed769f757959ea781a0d940c62183f36babd34f734d,0c40ac47f34a79f121be0f46703ff5d11586c84f7713225479891b3f13158f47,10,0.8181818181818182,0.9157894736842104,,,,,,,,,,,,,,,
canonical_v2_20260714T221501Z_483f96f,51415c2ce68c89d9ce2b042b0a7a811fe3e98180b72460006f9d0465f6bf49b7,06c507bee525ea1daca43b61249764007d4d8baaa05c9333f23446ea723ce160,f1e358e99914563305428cece1b1595bc76a58643184407ec5b222162d650332,98ae57b622a56983192975c5bff94374ed51322f13c76af633c3c96ceb198cdd,oof_shap_stability,inx_primary,"{""model"":""xgboost"",""policy"":""no_salary_hike_no_attrition_no_department""}",dependent_outer_fold_ranking_comparison,not_applicable_or_resolved_by_source_contract,descriptive_dependent_fold_pairs_no_confidence_interval,oof_shap/shap_stability_pairwise.csv,d4130a0923ceee91b2838a54cd310030a03ad81efa719ba381116135cf5d8a60,shap_stability_pairwise,69,c1300316fe5baec24e789c06aec35dd4f283fa4843b71c7aab1edbf4818f8e91,no_salary_hike_no_attrition_no_department,xgboost,d483d8ddb93a47a99a2eab54fe3d138d8f614798dd418bca860ea3f20c813f51,3.0,9.0,007c88008a166345b2a4fed769f757959ea781a0d940c62183f36babd34f734d,0c40ac47f34a79f121be0f46703ff5d11586c84f7713225479891b3f13158f47,15,0.7647058823529411,0.9157894736842104,,,,,,,,,,,,,,,
canonical_v2_20260714T221501Z_483f96f,51415c2ce68c89d9ce2b042b0a7a811fe3e98180b72460006f9d0465f6bf49b7,06c507bee525ea1daca43b61249764007d4d8baaa05c9333f23446ea723ce160,f1e358e99914563305428cece1b1595bc76a58643184407ec5b222162d650332,98ae57b622a56983192975c5bff94374ed51322f13c76af633c3c96ceb198cdd,oof_shap_stability,inx_primary,"{""model"":""xgboost"",""policy"":""no_salary_hike_no_attrition_no_department""}",dependent_outer_fold_ranking_comparison,not_applicable_or_resolved_by_source_contract,descriptive_dependent_fold_pairs_no_confidence_interval,oof_shap/shap_stability_pairwise.csv,d4130a0923ceee91b2838a54cd310030a03ad81efa719ba381116135cf5d8a60,shap_stability_pairwise,70,c1300316fe5baec24e789c06aec35dd4f283fa4843b71c7aab1edbf4818f8e91,no_salary_hike_no_attrition_no_department,xgboost,d483d8ddb93a47a99a2eab54fe3d138d8f614798dd418bca860ea3f20c813f51,3.0,10.0,007c88008a166345b2a4fed769f757959ea781a0d940c62183f36babd34f734d,41fb35fd298060cb981116856f85ea7263468ab34089afb7f407917a058b31fa,5,1.0,0.8511278195488721,,,,,,,,,,,,,,,
canonical_v2_20260714T221501Z_483f96f,51415c2ce68c89d9ce2b042b0a7a811fe3e98180b72460006f9d0465f6bf49b7,06c507bee525ea1daca43b61249764007d4d8baaa05c9333f23446ea723ce160,f1e358e99914563305428cece1b1595bc76a58643184407ec5b222162d650332,98ae57b622a56983192975c5bff94374ed51322f13c76af633c3c96ceb198cdd,oof_shap_stability,inx_primary,"{""model"":""xgboost"",""policy"":""no_salary_hike_no_attrition_no_department""}",dependent_outer_fold_ranking_comparison,not_applicable_or_resolved_by_source_contract,descriptive_dependent_fold_pairs_no_confidence_interval,oof_shap/shap_stability_pairwise.csv,d4130a0923ceee91b2838a54cd310030a03ad81efa719ba381116135cf5d8a60,shap_stability_pairwise,71,c1300316fe5baec24e789c06aec35dd4f283fa4843b71c7aab1edbf4818f8e91,no_salary_hike_no_attrition_no_department,xgboost,d483d8ddb93a47a99a2eab54fe3d138d8f614798dd418bca860ea3f20c813f51,3.0,10.0,007c88008a166345b2a4fed769f757959ea781a0d940c62183f36babd34f734d,41fb35fd298060cb981116856f85ea7263468ab34089afb7f407917a058b31fa,10,0.6666666666666666,0.8511278195488721,,,,,,,,,,,,,,,
canonical_v2_20260714T221501Z_483f96f,51415c2ce68c89d9ce2b042b0a7a811fe3e98180b72460006f9d0465f6bf49b7,06c507bee525ea1daca43b61249764007d4d8baaa05c9333f23446ea723ce160,f1e358e99914563305428cece1b1595bc76a58643184407ec5b222162d650332,98ae57b622a56983192975c5bff94374ed51322f13c76af633c3c96ceb198cdd,oof_shap_stability,inx_primary,"{""model"":""xgboost"",""policy"":""no_salary_hike_no_attrition_no_department""}",dependent_outer_fold_ranking_comparison,not_applicable_or_resolved_by_source_contract,descriptive_dependent_fold_pairs_no_confidence_interval,oof_shap/shap_stability_pairwise.csv,d4130a0923ceee91b2838a54cd310030a03ad81efa719ba381116135cf5d8a60,shap_stability_pairwise,72,c1300316fe5baec24e789c06aec35dd4f283fa4843b71c7aab1edbf4818f8e91,no_salary_hike_no_attrition_no_department,xgboost,d483d8ddb93a47a99a2eab54fe3d138d8f614798dd418bca860ea3f20c813f51,3.0,10.0,007c88008a166345b2a4fed769f757959ea781a0d940c62183f36babd34f734d,41fb35fd298060cb981116856f85ea7263468ab34089afb7f407917a058b31fa,15,0.875,0.8511278195488721,,,,,,,,,,,,,,,
canonical_v2_20260714T221501Z_483f96f,51415c2ce68c89d9ce2b042b0a7a811fe3e98180b72460006f9d0465f6bf49b7,06c507bee525ea1daca43b61249764007d4d8baaa05c9333f23446ea723ce160,f1e358e99914563305428cece1b1595bc76a58643184407ec5b222162d650332,98ae57b622a56983192975c5bff94374ed51322f13c76af633c3c96ceb198cdd,oof_shap_stability,inx_primary,"{""model"":""xgboost"",""policy"":""no_salary_hike_no_attrition_no_department""}",dependent_outer_fold_ranking_comparison,not_applicable_or_resolved_by_source_contract,descriptive_dependent_fold_pairs_no_confidence_interval,oof_shap/shap_stability_pairwise.csv,d4130a0923ceee91b2838a54cd310030a03ad81efa719ba381116135cf5d8a60,shap_stability_pairwise,73,c1300316fe5baec24e789c06aec35dd4f283fa4843b71c7aab1edbf4818f8e91,no_salary_hike_no_attrition_no_department,xgboost,d483d8ddb93a47a99a2eab54fe3d138d8f614798dd418bca860ea3f20c813f51,4.0,5.0,be6969fddf714e76873021a786ce6260ebc2f3c84ad1bb796e99969c806ff53c,cf019554e674ac9501ba482e2ec99cb4d6a24ec98c0cfb8d307e3194edf34f23,5,1.0,0.918796992481203,,,,,,,,,,,,,,,
canonical_v2_20260714T221501Z_483f96f,51415c2ce68c89d9ce2b042b0a7a811fe3e98180b72460006f9d0465f6bf49b7,06c507bee525ea1daca43b61249764007d4d8baaa05c9333f23446ea723ce160,f1e358e99914563305428cece1b1595bc76a58643184407ec5b222162d650332,98ae57b622a56983192975c5bff94374ed51322f13c76af633c3c96ceb198cdd,oof_shap_stability,inx_primary,"{""model"":""xgboost"",""policy"":""no_salary_hike_no_attrition_no_department""}",dependent_outer_fold_ranking_comparison,not_applicable_or_resolved_by_source_contract,descriptive_dependent_fold_pairs_no_confidence_interval,oof_shap/shap_stability_pairwise.csv,d4130a0923ceee91b2838a54cd310030a03ad81efa719ba381116135cf5d8a60,shap_stability_pairwise,74,c1300316fe5baec24e789c06aec35dd4f283fa4843b71c7aab1edbf4818f8e91,no_salary_hike_no_attrition_no_department,xgboost,d483d8ddb93a47a99a2eab54fe3d138d8f614798dd418bca860ea3f20c813f51,4.0,5.0,be6969fddf714e76873021a786ce6260ebc2f3c84ad1bb796e99969c806ff53c,cf019554e674ac9501ba482e2ec99cb4d6a24ec98c0cfb8d307e3194edf34f23,10,0.8181818181818182,0.918796992481203,,,,,,,,,,,,,,,
canonical_v2_20260714T221501Z_483f96f,51415c2ce68c89d9ce2b042b0a7a811fe3e98180b72460006f9d0465f6bf49b7,06c507bee525ea1daca43b61249764007d4d8baaa05c9333f23446ea723ce160,f1e358e99914563305428cece1b1595bc76a58643184407ec5b222162d650332,98ae57b622a56983192975c5bff94374ed51322f13c76af633c3c96ceb198cdd,oof_shap_stability,inx_primary,"{""model"":""xgboost"",""policy"":""no_salary_hike_no_attrition_no_department""}",dependent_outer_fold_ranking_comparison,not_applicable_or_resolved_by_source_contract,descriptive_dependent_fold_pairs_no_confidence_interval,oof_shap/shap_stability_pairwise.csv,d4130a0923ceee91b2838a54cd310030a03ad81efa719ba381116135cf5d8a60,shap_stability_pairwise,75,c1300316fe5baec24e789c06aec35dd4f283fa4843b71c7aab1edbf4818f8e91,no_salary_hike_no_attrition_no_department,xgboost,d483d8ddb93a47a99a2eab54fe3d138d8f614798dd418bca860ea3f20c813f51,4.0,5.0,be6969fddf714e76873021a786ce6260ebc2f3c84ad1bb796e99969c806ff53c,cf019554e674ac9501ba482e2ec99cb4d6a24ec98c0cfb8d307e3194edf34f23,15,0.875,0.918796992481203,,,,,,,,,,,,,,,
canonical_v2_20260714T221501Z_483f96f,51415c2ce68c89d9ce2b042b0a7a811fe3e98180b72460006f9d0465f6bf49b7,06c507bee525ea1daca43b61249764007d4d8baaa05c9333f23446ea723ce160,f1e358e99914563305428cece1b1595bc76a58643184407ec5b222162d650332,98ae57b622a56983192975c5bff94374ed51322f13c76af633c3c96ceb198cdd,oof_shap_stability,inx_primary,"{""model"":""xgboost"",""policy"":""no_salary_hike_no_attrition_no_department""}",dependent_outer_fold_ranking_comparison,not_applicable_or_resolved_by_source_contract,descriptive_dependent_fold_pairs_no_confidence_interval,oof_shap/shap_stability_pairwise.csv,d4130a0923ceee91b2838a54cd310030a03ad81efa719ba381116135cf5d8a60,shap_stability_pairwise,76,c1300316fe5baec24e789c06aec35dd4f283fa4843b71c7aab1edbf4818f8e91,no_salary_hike_no_attrition_no_department,xgboost,d483d8ddb93a47a99a2eab54fe3d138d8f614798dd418bca860ea3f20c813f51,4.0,6.0,be6969fddf714e76873021a786ce6260ebc2f3c84ad1bb796e99969c806ff53c,fdcaad5d2151a1ca98f9f77a8b48f5489f499c5b0a319bb37d68ba0d4de231d5,5,1.0,0.9218045112781956,,,,,,,,,,,,,,,
canonical_v2_20260714T221501Z_483f96f,51415c2ce68c89d9ce2b042b0a7a811fe3e98180b72460006f9d0465f6bf49b7,06c507bee525ea1daca43b61249764007d4d8baaa05c9333f23446ea723ce160,f1e358e99914563305428cece1b1595bc76a58643184407ec5b222162d650332,98ae57b622a56983192975c5bff94374ed51322f13c76af633c3c96ceb198cdd,oof_shap_stability,inx_primary,"{""model"":""xgboost"",""policy"":""no_salary_hike_no_attrition_no_department""}",dependent_outer_fold_ranking_comparison,not_applicable_or_resolved_by_source_contract,descriptive_dependent_fold_pairs_no_confidence_interval,oof_shap/shap_stability_pairwise.csv,d4130a0923ceee91b2838a54cd310030a03ad81efa719ba381116135cf5d8a60,shap_stability_pairwise,77,c1300316fe5baec24e789c06aec35dd4f283fa4843b71c7aab1edbf4818f8e91,no_salary_hike_no_attrition_no_department,xgboost,d483d8ddb93a47a99a2eab54fe3d138d8f614798dd418bca860ea3f20c813f51,4.0,6.0,be6969fddf714e76873021a786ce6260ebc2f3c84ad1bb796e99969c806ff53c,fdcaad5d2151a1ca98f9f77a8b48f5489f499c5b0a319bb37d68ba0d4de231d5,10,0.8181818181818182,0.9218045112781956,,,,,,,,,,,,,,,
canonical_v2_20260714T221501Z_483f96f,51415c2ce68c89d9ce2b042b0a7a811fe3e98180b72460006f9d0465f6bf49b7,06c507bee525ea1daca43b61249764007d4d8baaa05c9333f23446ea723ce160,f1e358e99914563305428cece1b1595bc76a58643184407ec5b222162d650332,98ae57b622a56983192975c5bff94374ed51322f13c76af633c3c96ceb198cdd,oof_shap_stability,inx_primary,"{""model"":""xgboost"",""policy"":""no_salary_hike_no_attrition_no_department""}",dependent_outer_fold_ranking_comparison,not_applicable_or_resolved_by_source_contract,descriptive_dependent_fold_pairs_no_confidence_interval,oof_shap/shap_stability_pairwise.csv,d4130a0923ceee91b2838a54cd310030a03ad81efa719ba381116135cf5d8a60,shap_stability_pairwise,78,c1300316fe5baec24e789c06aec35dd4f283fa4843b71c7aab1edbf4818f8e91,no_salary_hike_no_attrition_no_department,xgboost,d483d8ddb93a47a99a2eab54fe3d138d8f614798dd418bca860ea3f20c813f51,4.0,6.0,be6969fddf714e76873021a786ce6260ebc2f3c84ad1bb796e99969c806ff53c,fdcaad5d2151a1ca98f9f77a8b48f5489f499c5b0a319bb37d68ba0d4de231d5,15,0.875,0.9218045112781956,,,,,,,,,,,,,,,
canonical_v2_20260714T221501Z_483f96f,51415c2ce68c89d9ce2b042b0a7a811fe3e98180b72460006f9d0465f6bf49b7,06c507bee525ea1daca43b61249764007d4d8baaa05c9333f23446ea723ce160,f1e358e99914563305428cece1b1595bc76a58643184407ec5b222162d650332,98ae57b622a56983192975c5bff94374ed51322f13c76af633c3c96ceb198cdd,oof_shap_stability,inx_primary,"{""model"":""xgboost"",""policy"":""no_salary_hike_no_attrition_no_department""}",dependent_outer_fold_ranking_comparison,not_applicable_or_resolved_by_source_contract,descriptive_dependent_fold_pairs_no_confidence_interval,oof_shap/shap_stability_pairwise.csv,d4130a0923ceee91b2838a54cd310030a03ad81efa719ba381116135cf5d8a60,shap_stability_pairwise,79,c1300316fe5baec24e789c06aec35dd4f283fa4843b71c7aab1edbf4818f8e91,no_salary_hike_no_attrition_no_department,xgboost,d483d8ddb93a47a99a2eab54fe3d138d8f614798dd418bca860ea3f20c813f51,4.0,7.0,be6969fddf714e76873021a786ce6260ebc2f3c84ad1bb796e99969c806ff53c,a1d147211856b75e9baa9a5147019cedefed6804c2673abc43c9d86cc22bfb32,5,1.0,0.9278195488721804,,,,,,,,,,,,,,,
canonical_v2_20260714T221501Z_483f96f,51415c2ce68c89d9ce2b042b0a7a811fe3e98180b72460006f9d0465f6bf49b7,06c507bee525ea1daca43b61249764007d4d8baaa05c9333f23446ea723ce160,f1e358e99914563305428cece1b1595bc76a58643184407ec5b222162d650332,98ae57b622a56983192975c5bff94374ed51322f13c76af633c3c96ceb198cdd,oof_shap_stability,inx_primary,"{""model"":""xgboost"",""policy"":""no_salary_hike_no_attrition_no_department""}",dependent_outer_fold_ranking_comparison,not_applicable_or_resolved_by_source_contract,descriptive_dependent_fold_pairs_no_confidence_interval,oof_shap/shap_stability_pairwise.csv,d4130a0923ceee91b2838a54cd310030a03ad81efa719ba381116135cf5d8a60,shap_stability_pairwise,80,c1300316fe5baec24e789c06aec35dd4f283fa4843b71c7aab1edbf4818f8e91,no_salary_hike_no_attrition_no_department,xgboost,d483d8ddb93a47a99a2eab54fe3d138d8f614798dd418bca860ea3f20c813f51,4.0,7.0,be6969fddf714e76873021a786ce6260ebc2f3c84ad1bb796e99969c806ff53c,a1d147211856b75e9baa9a5147019cedefed6804c2673abc43c9d86cc22bfb32,10,1.0,0.9278195488721804,,,,,,,,,,,,,,,
canonical_v2_20260714T221501Z_483f96f,51415c2ce68c89d9ce2b042b0a7a811fe3e98180b72460006f9d0465f6bf49b7,06c507bee525ea1daca43b61249764007d4d8baaa05c9333f23446ea723ce160,f1e358e99914563305428cece1b1595bc76a58643184407ec5b222162d650332,98ae57b622a56983192975c5bff94374ed51322f13c76af633c3c96ceb198cdd,oof_shap_stability,inx_primary,"{""model"":""xgboost"",""policy"":""no_salary_hike_no_attrition_no_department""}",dependent_outer_fold_ranking_comparison,not_applicable_or_resolved_by_source_contract,descriptive_dependent_fold_pairs_no_confidence_interval,oof_shap/shap_stability_pairwise.csv,d4130a0923ceee91b2838a54cd310030a03ad81efa719ba381116135cf5d8a60,shap_stability_pairwise,81,c1300316fe5baec24e789c06aec35dd4f283fa4843b71c7aab1edbf4818f8e91,no_salary_hike_no_attrition_no_department,xgboost,d483d8ddb93a47a99a2eab54fe3d138d8f614798dd418bca860ea3f20c813f51,4.0,7.0,be6969fddf714e76873021a786ce6260ebc2f3c84ad1bb796e99969c806ff53c,a1d147211856b75e9baa9a5147019cedefed6804c2673abc43c9d86cc22bfb32,15,0.875,0.9278195488721804,,,,,,,,,,,,,,,
canonical_v2_20260714T221501Z_483f96f,51415c2ce68c89d9ce2b042b0a7a811fe3e98180b72460006f9d0465f6bf49b7,06c507bee525ea1daca43b61249764007d4d8baaa05c9333f23446ea723ce160,f1e358e99914563305428cece1b1595bc76a58643184407ec5b222162d650332,98ae57b622a56983192975c5bff94374ed51322f13c76af633c3c96ceb198cdd,oof_shap_stability,inx_primary,"{""model"":""xgboost"",""policy"":""no_salary_hike_no_attrition_no_department""}",dependent_outer_fold_ranking_comparison,not_applicable_or_resolved_by_source_contract,descriptive_dependent_fold_pairs_no_confidence_interval,oof_shap/shap_stability_pairwise.csv,d4130a0923ceee91b2838a54cd310030a03ad81efa719ba381116135cf5d8a60,shap_stability_pairwise,82,c1300316fe5baec24e789c06aec35dd4f283fa4843b71c7aab1edbf4818f8e91,no_salary_hike_no_attrition_no_department,xgboost,d483d8ddb93a47a99a2eab54fe3d138d8f614798dd418bca860ea3f20c813f51,4.0,8.0,be6969fddf714e76873021a786ce6260ebc2f3c84ad1bb796e99969c806ff53c,e65d6ebca2e1310d83df33558a5be214002b8b04116cefc7330946e7edd2166d,5,1.0,0.8390977443609022,,,,,,,,,,,,,,,
canonical_v2_20260714T221501Z_483f96f,51415c2ce68c89d9ce2b042b0a7a811fe3e98180b72460006f9d0465f6bf49b7,06c507bee525ea1daca43b61249764007d4d8baaa05c9333f23446ea723ce160,f1e358e99914563305428cece1b1595bc76a58643184407ec5b222162d650332,98ae57b622a56983192975c5bff94374ed51322f13c76af633c3c96ceb198cdd,oof_shap_stability,inx_primary,"{""model"":""xgboost"",""policy"":""no_salary_hike_no_attrition_no_department""}",dependent_outer_fold_ranking_comparison,not_applicable_or_resolved_by_source_contract,descriptive_dependent_fold_pairs_no_confidence_interval,oof_shap/shap_stability_pairwise.csv,d4130a0923ceee91b2838a54cd310030a03ad81efa719ba381116135cf5d8a60,shap_stability_pairwise,83,c1300316fe5baec24e789c06aec35dd4f283fa4843b71c7aab1edbf4818f8e91,no_salary_hike_no_attrition_no_department,xgboost,d483d8ddb93a47a99a2eab54fe3d138d8f614798dd418bca860ea3f20c813f51,4.0,8.0,be6969fddf714e76873021a786ce6260ebc2f3c84ad1bb796e99969c806ff53c,e65d6ebca2e1310d83df33558a5be214002b8b04116cefc7330946e7edd2166d,10,0.8181818181818182,0.8390977443609022,,,,,,,,,,,,,,,
canonical_v2_20260714T221501Z_483f96f,51415c2ce68c89d9ce2b042b0a7a811fe3e98180b72460006f9d0465f6bf49b7,06c507bee525ea1daca43b61249764007d4d8baaa05c9333f23446ea723ce160,f1e358e99914563305428cece1b1595bc76a58643184407ec5b222162d650332,98ae57b622a56983192975c5bff94374ed51322f13c76af633c3c96ceb198cdd,oof_shap_stability,inx_primary,"{""model"":""xgboost"",""policy"":""no_salary_hike_no_attrition_no_department""}",dependent_outer_fold_ranking_comparison,not_applicable_or_resolved_by_source_contract,descriptive_dependent_fold_pairs_no_confidence_interval,oof_shap/shap_stability_pairwise.csv,d4130a0923ceee91b2838a54cd310030a03ad81efa719ba381116135cf5d8a60,shap_stability_pairwise,84,c1300316fe5baec24e789c06aec35dd4f283fa4843b71c7aab1edbf4818f8e91,no_salary_hike_no_attrition_no_department,xgboost,d483d8ddb93a47a99a2eab54fe3d138d8f614798dd418bca860ea3f20c813f51,4.0,8.0,be6969fddf714e76873021a786ce6260ebc2f3c84ad1bb796e99969c806ff53c,e65d6ebca2e1310d83df33558a5be214002b8b04116cefc7330946e7edd2166d,15,0.7647058823529411,0.8390977443609022,,,,,,,,,,,,,,,
canonical_v2_20260714T221501Z_483f96f,51415c2ce68c89d9ce2b042b0a7a811fe3e98180b72460006f9d0465f6bf49b7,06c507bee525ea1daca43b61249764007d4d8baaa05c9333f23446ea723ce160,f1e358e99914563305428cece1b1595bc76a58643184407ec5b222162d650332,98ae57b622a56983192975c5bff94374ed51322f13c76af633c3c96ceb198cdd,oof_shap_stability,inx_primary,"{""model"":""xgboost"",""policy"":""no_salary_hike_no_attrition_no_department""}",dependent_outer_fold_ranking_comparison,not_applicable_or_resolved_by_source_contract,descriptive_dependent_fold_pairs_no_confidence_interval,oof_shap/shap_stability_pairwise.csv,d4130a0923ceee91b2838a54cd310030a03ad81efa719ba381116135cf5d8a60,shap_stability_pairwise,85,c1300316fe5baec24e789c06aec35dd4f283fa4843b71c7aab1edbf4818f8e91,no_salary_hike_no_attrition_no_department,xgboost,d483d8ddb93a47a99a2eab54fe3d138d8f614798dd418bca860ea3f20c813f51,4.0,9.0,be6969fddf714e76873021a786ce6260ebc2f3c84ad1bb796e99969c806ff53c,0c40ac47f34a79f121be0f46703ff5d11586c84f7713225479891b3f13158f47,5,1.0,0.8736842105263156,,,,,,,,,,,,,,,
canonical_v2_20260714T221501Z_483f96f,51415c2ce68c89d9ce2b042b0a7a811fe3e98180b72460006f9d0465f6bf49b7,06c507bee525ea1daca43b61249764007d4d8baaa05c9333f23446ea723ce160,f1e358e99914563305428cece1b1595bc76a58643184407ec5b222162d650332,98ae57b622a56983192975c5bff94374ed51322f13c76af633c3c96ceb198cdd,oof_shap_stability,inx_primary,"{""model"":""xgboost"",""policy"":""no_salary_hike_no_attrition_no_department""}",dependent_outer_fold_ranking_comparison,not_applicable_or_resolved_by_source_contract,descriptive_dependent_fold_pairs_no_confidence_interval,oof_shap/shap_stability_pairwise.csv,d4130a0923ceee91b2838a54cd310030a03ad81efa719ba381116135cf5d8a60,shap_stability_pairwise,86,c1300316fe5baec24e789c06aec35dd4f283fa4843b71c7aab1edbf4818f8e91,no_salary_hike_no_attrition_no_department,xgboost,d483d8ddb93a47a99a2eab54fe3d138d8f614798dd418bca860ea3f20c813f51,4.0,9.0,be6969fddf714e76873021a786ce6260ebc2f3c84ad1bb796e99969c806ff53c,0c40ac47f34a79f121be0f46703ff5d11586c84f7713225479891b3f13158f47,10,1.0,0.8736842105263156,,,,,,,,,,,,,,,
canonical_v2_20260714T221501Z_483f96f,51415c2ce68c89d9ce2b042b0a7a811fe3e98180b72460006f9d0465f6bf49b7,06c507bee525ea1daca43b61249764007d4d8baaa05c9333f23446ea723ce160,f1e358e99914563305428cece1b1595bc76a58643184407ec5b222162d650332,98ae57b622a56983192975c5bff94374ed51322f13c76af633c3c96ceb198cdd,oof_shap_stability,inx_primary,"{""model"":""xgboost"",""policy"":""no_salary_hike_no_attrition_no_department""}",dependent_outer_fold_ranking_comparison,not_applicable_or_resolved_by_source_contract,descriptive_dependent_fold_pairs_no_confidence_interval,oof_shap/shap_stability_pairwise.csv,d4130a0923ceee91b2838a54cd310030a03ad81efa719ba381116135cf5d8a60,shap_stability_pairwise,87,c1300316fe5baec24e789c06aec35dd4f283fa4843b71c7aab1edbf4818f8e91,no_salary_hike_no_attrition_no_department,xgboost,d483d8ddb93a47a99a2eab54fe3d138d8f614798dd418bca860ea3f20c813f51,4.0,9.0,be6969fddf714e76873021a786ce6260ebc2f3c84ad1bb796e99969c806ff53c,0c40ac47f34a79f121be0f46703ff5d11586c84f7713225479891b3f13158f47,15,0.6666666666666666,0.8736842105263156,,,,,,,,,,,,,,,
canonical_v2_20260714T221501Z_483f96f,51415c2ce68c89d9ce2b042b0a7a811fe3e98180b72460006f9d0465f6bf49b7,06c507bee525ea1daca43b61249764007d4d8baaa05c9333f23446ea723ce160,f1e358e99914563305428cece1b1595bc76a58643184407ec5b222162d650332,98ae57b622a56983192975c5bff94374ed51322f13c76af633c3c96ceb198cdd,oof_shap_stability,inx_primary,"{""model"":""xgboost"",""policy"":""no_salary_hike_no_attrition_no_department""}",dependent_outer_fold_ranking_comparison,not_applicable_or_resolved_by_source_contract,descriptive_dependent_fold_pairs_no_confidence_interval,oof_shap/shap_stability_pairwise.csv,d4130a0923ceee91b2838a54cd310030a03ad81efa719ba381116135cf5d8a60,shap_stability_pairwise,88,c1300316fe5baec24e789c06aec35dd4f283fa4843b71c7aab1edbf4818f8e91,no_salary_hike_no_attrition_no_department,xgboost,d483d8ddb93a47a99a2eab54fe3d138d8f614798dd418bca860ea3f20c813f51,4.0,10.0,be6969fddf714e76873021a786ce6260ebc2f3c84ad1bb796e99969c806ff53c,41fb35fd298060cb981116856f85ea7263468ab34089afb7f407917a058b31fa,5,1.0,0.9142857142857144,,,,,,,,,,,,,,,
canonical_v2_20260714T221501Z_483f96f,51415c2ce68c89d9ce2b042b0a7a811fe3e98180b72460006f9d0465f6bf49b7,06c507bee525ea1daca43b61249764007d4d8baaa05c9333f23446ea723ce160,f1e358e99914563305428cece1b1595bc76a58643184407ec5b222162d650332,98ae57b622a56983192975c5bff94374ed51322f13c76af633c3c96ceb198cdd,oof_shap_stability,inx_primary,"{""model"":""xgboost"",""policy"":""no_salary_hike_no_attrition_no_department""}",dependent_outer_fold_ranking_comparison,not_applicable_or_resolved_by_source_contract,descriptive_dependent_fold_pairs_no_confidence_interval,oof_shap/shap_stability_pairwise.csv,d4130a0923ceee91b2838a54cd310030a03ad81efa719ba381116135cf5d8a60,shap_stability_pairwise,89,c1300316fe5baec24e789c06aec35dd4f283fa4843b71c7aab1edbf4818f8e91,no_salary_hike_no_attrition_no_department,xgboost,d483d8ddb93a47a99a2eab54fe3d138d8f614798dd418bca860ea3f20c813f51,4.0,10.0,be6969fddf714e76873021a786ce6260ebc2f3c84ad1bb796e99969c806ff53c,41fb35fd298060cb981116856f85ea7263468ab34089afb7f407917a058b31fa,10,0.8181818181818182,0.9142857142857144,,,,,,,,,,,,,,,
canonical_v2_20260714T221501Z_483f96f,51415c2ce68c89d9ce2b042b0a7a811fe3e98180b72460006f9d0465f6bf49b7,06c507bee525ea1daca43b61249764007d4d8baaa05c9333f23446ea723ce160,f1e358e99914563305428cece1b1595bc76a58643184407ec5b222162d650332,98ae57b622a56983192975c5bff94374ed51322f13c76af633c3c96ceb198cdd,oof_shap_stability,inx_primary,"{""model"":""xgboost"",""policy"":""no_salary_hike_no_attrition_no_department""}",dependent_outer_fold_ranking_comparison,not_applicable_or_resolved_by_source_contract,descriptive_dependent_fold_pairs_no_confidence_interval,oof_shap/shap_stability_pairwise.csv,d4130a0923ceee91b2838a54cd310030a03ad81efa719ba381116135cf5d8a60,shap_stability_pairwise,90,c1300316fe5baec24e789c06aec35dd4f283fa4843b71c7aab1edbf4818f8e91,no_salary_hike_no_attrition_no_department,xgboost,d483d8ddb93a47a99a2eab54fe3d138d8f614798dd418bca860ea3f20c813f51,4.0,10.0,be6969fddf714e76873021a786ce6260ebc2f3c84ad1bb796e99969c806ff53c,41fb35fd298060cb981116856f85ea7263468ab34089afb7f407917a058b31fa,15,0.875,0.9142857142857144,,,,,,,,,,,,,,,
canonical_v2_20260714T221501Z_483f96f,51415c2ce68c89d9ce2b042b0a7a811fe3e98180b72460006f9d0465f6bf49b7,06c507bee525ea1daca43b61249764007d4d8baaa05c9333f23446ea723ce160,f1e358e99914563305428cece1b1595bc76a58643184407ec5b222162d650332,98ae57b622a56983192975c5bff94374ed51322f13c76af633c3c96ceb198cdd,oof_shap_stability,inx_primary,"{""model"":""xgboost"",""policy"":""no_salary_hike_no_attrition_no_department""}",dependent_outer_fold_ranking_comparison,not_applicable_or_resolved_by_source_contract,descriptive_dependent_fold_pairs_no_confidence_interval,oof_shap/shap_stability_pairwise.csv,d4130a0923ceee91b2838a54cd310030a03ad81efa719ba381116135cf5d8a60,shap_stability_pairwise,91,c1300316fe5baec24e789c06aec35dd4f283fa4843b71c7aab1edbf4818f8e91,no_salary_hike_no_attrition_no_department,xgboost,d483d8ddb93a47a99a2eab54fe3d138d8f614798dd418bca860ea3f20c813f51,5.0,6.0,cf019554e674ac9501ba482e2ec99cb4d6a24ec98c0cfb8d307e3194edf34f23,fdcaad5d2151a1ca98f9f77a8b48f5489f499c5b0a319bb37d68ba0d4de231d5,5,1.0,0.9368421052631578,,,,,,,,,,,,,,,
canonical_v2_20260714T221501Z_483f96f,51415c2ce68c89d9ce2b042b0a7a811fe3e98180b72460006f9d0465f6bf49b7,06c507bee525ea1daca43b61249764007d4d8baaa05c9333f23446ea723ce160,f1e358e99914563305428cece1b1595bc76a58643184407ec5b222162d650332,98ae57b622a56983192975c5bff94374ed51322f13c76af633c3c96ceb198cdd,oof_shap_stability,inx_primary,"{""model"":""xgboost"",""policy"":""no_salary_hike_no_attrition_no_department""}",dependent_outer_fold_ranking_comparison,not_applicable_or_resolved_by_source_contract,descriptive_dependent_fold_pairs_no_confidence_interval,oof_shap/shap_stability_pairwise.csv,d4130a0923ceee91b2838a54cd310030a03ad81efa719ba381116135cf5d8a60,shap_stability_pairwise,92,c1300316fe5baec24e789c06aec35dd4f283fa4843b71c7aab1edbf4818f8e91,no_salary_hike_no_attrition_no_department,xgboost,d483d8ddb93a47a99a2eab54fe3d138d8f614798dd418bca860ea3f20c813f51,5.0,6.0,cf019554e674ac9501ba482e2ec99cb4d6a24ec98c0cfb8d307e3194edf34f23,fdcaad5d2151a1ca98f9f77a8b48f5489f499c5b0a319bb37d68ba0d4de231d5,10,1.0,0.9368421052631578,,,,,,,,,,,,,,,
canonical_v2_20260714T221501Z_483f96f,51415c2ce68c89d9ce2b042b0a7a811fe3e98180b72460006f9d0465f6bf49b7,06c507bee525ea1daca43b61249764007d4d8baaa05c9333f23446ea723ce160,f1e358e99914563305428cece1b1595bc76a58643184407ec5b222162d650332,98ae57b622a56983192975c5bff94374ed51322f13c76af633c3c96ceb198cdd,oof_shap_stability,inx_primary,"{""model"":""xgboost"",""policy"":""no_salary_hike_no_attrition_no_department""}",dependent_outer_fold_ranking_comparison,not_applicable_or_resolved_by_source_contract,descriptive_dependent_fold_pairs_no_confidence_interval,oof_shap/shap_stability_pairwise.csv,d4130a0923ceee91b2838a54cd310030a03ad81efa719ba381116135cf5d8a60,shap_stability_pairwise,93,c1300316fe5baec24e789c06aec35dd4f283fa4843b71c7aab1edbf4818f8e91,no_salary_hike_no_attrition_no_department,xgboost,d483d8ddb93a47a99a2eab54fe3d138d8f614798dd418bca860ea3f20c813f51,5.0,6.0,cf019554e674ac9501ba482e2ec99cb4d6a24ec98c0cfb8d307e3194edf34f23,fdcaad5d2151a1ca98f9f77a8b48f5489f499c5b0a319bb37d68ba0d4de231d5,15,0.7647058823529411,0.9368421052631578,,,,,,,,,,,,,,,
canonical_v2_20260714T221501Z_483f96f,51415c2ce68c89d9ce2b042b0a7a811fe3e98180b72460006f9d0465f6bf49b7,06c507bee525ea1daca43b61249764007d4d8baaa05c9333f23446ea723ce160,f1e358e99914563305428cece1b1595bc76a58643184407ec5b222162d650332,98ae57b622a56983192975c5bff94374ed51322f13c76af633c3c96ceb198cdd,oof_shap_stability,inx_primary,"{""model"":""xgboost"",""policy"":""no_salary_hike_no_attrition_no_department""}",dependent_outer_fold_ranking_comparison,not_applicable_or_resolved_by_source_contract,descriptive_dependent_fold_pairs_no_confidence_interval,oof_shap/shap_stability_pairwise.csv,d4130a0923ceee91b2838a54cd310030a03ad81efa719ba381116135cf5d8a60,shap_stability_pairwise,94,c1300316fe5baec24e789c06aec35dd4f283fa4843b71c7aab1edbf4818f8e91,no_salary_hike_no_attrition_no_department,xgboost,d483d8ddb93a47a99a2eab54fe3d138d8f614798dd418bca860ea3f20c813f51,5.0,7.0,cf019554e674ac9501ba482e2ec99cb4d6a24ec98c0cfb8d307e3194edf34f23,a1d147211856b75e9baa9a5147019cedefed6804c2673abc43c9d86cc22bfb32,5,1.0,0.9578947368421054,,,,,,,,,,,,,,,
canonical_v2_20260714T221501Z_483f96f,51415c2ce68c89d9ce2b042b0a7a811fe3e98180b72460006f9d0465f6bf49b7,06c507bee525ea1daca43b61249764007d4d8baaa05c9333f23446ea723ce160,f1e358e99914563305428cece1b1595bc76a58643184407ec5b222162d650332,98ae57b622a56983192975c5bff94374ed51322f13c76af633c3c96ceb198cdd,oof_shap_stability,inx_primary,"{""model"":""xgboost"",""policy"":""no_salary_hike_no_attrition_no_department""}",dependent_outer_fold_ranking_comparison,not_applicable_or_resolved_by_source_contract,descriptive_dependent_fold_pairs_no_confidence_interval,oof_shap/shap_stability_pairwise.csv,d4130a0923ceee91b2838a54cd310030a03ad81efa719ba381116135cf5d8a60,shap_stability_pairwise,95,c1300316fe5baec24e789c06aec35dd4f283fa4843b71c7aab1edbf4818f8e91,no_salary_hike_no_attrition_no_department,xgboost,d483d8ddb93a47a99a2eab54fe3d138d8f614798dd418bca860ea3f20c813f51,5.0,7.0,cf019554e674ac9501ba482e2ec99cb4d6a24ec98c0cfb8d307e3194edf34f23,a1d147211856b75e9baa9a5147019cedefed6804c2673abc43c9d86cc22bfb32,10,0.8181818181818182,0.9578947368421054,,,,,,,,,,,,,,,
canonical_v2_20260714T221501Z_483f96f,51415c2ce68c89d9ce2b042b0a7a811fe3e98180b72460006f9d0465f6bf49b7,06c507bee525ea1daca43b61249764007d4d8baaa05c9333f23446ea723ce160,f1e358e99914563305428cece1b1595bc76a58643184407ec5b222162d650332,98ae57b622a56983192975c5bff94374ed51322f13c76af633c3c96ceb198cdd,oof_shap_stability,inx_primary,"{""model"":""xgboost"",""policy"":""no_salary_hike_no_attrition_no_department""}",dependent_outer_fold_ranking_comparison,not_applicable_or_resolved_by_source_contract,descriptive_dependent_fold_pairs_no_confidence_interval,oof_shap/shap_stability_pairwise.csv,d4130a0923ceee91b2838a54cd310030a03ad81efa719ba381116135cf5d8a60,shap_stability_pairwise,96,c1300316fe5baec24e789c06aec35dd4f283fa4843b71c7aab1edbf4818f8e91,no_salary_hike_no_attrition_no_department,xgboost,d483d8ddb93a47a99a2eab54fe3d138d8f614798dd418bca860ea3f20c813f51,5.0,7.0,cf019554e674ac9501ba482e2ec99cb4d6a24ec98c0cfb8d307e3194edf34f23,a1d147211856b75e9baa9a5147019cedefed6804c2673abc43c9d86cc22bfb32,15,0.7647058823529411,0.9578947368421054,,,,,,,,,,,,,,,
canonical_v2_20260714T221501Z_483f96f,51415c2ce68c89d9ce2b042b0a7a811fe3e98180b72460006f9d0465f6bf49b7,06c507bee525ea1daca43b61249764007d4d8baaa05c9333f23446ea723ce160,f1e358e99914563305428cece1b1595bc76a58643184407ec5b222162d650332,98ae57b622a56983192975c5bff94374ed51322f13c76af633c3c96ceb198cdd,oof_shap_stability,inx_primary,"{""model"":""xgboost"",""policy"":""no_salary_hike_no_attrition_no_department""}",dependent_outer_fold_ranking_comparison,not_applicable_or_resolved_by_source_contract,descriptive_dependent_fold_pairs_no_confidence_interval,oof_shap/shap_stability_pairwise.csv,d4130a0923ceee91b2838a54cd310030a03ad81efa719ba381116135cf5d8a60,shap_stability_pairwise,97,c1300316fe5baec24e789c06aec35dd4f283fa4843b71c7aab1edbf4818f8e91,no_salary_hike_no_attrition_no_department,xgboost,d483d8ddb93a47a99a2eab54fe3d138d8f614798dd418bca860ea3f20c813f51,5.0,8.0,cf019554e674ac9501ba482e2ec99cb4d6a24ec98c0cfb8d307e3194edf34f23,e65d6ebca2e1310d83df33558a5be214002b8b04116cefc7330946e7edd2166d,5,1.0,0.9022556390977444,,,,,,,,,,,,,,,
canonical_v2_20260714T221501Z_483f96f,51415c2ce68c89d9ce2b042b0a7a811fe3e98180b72460006f9d0465f6bf49b7,06c507bee525ea1daca43b61249764007d4d8baaa05c9333f23446ea723ce160,f1e358e99914563305428cece1b1595bc76a58643184407ec5b222162d650332,98ae57b622a56983192975c5bff94374ed51322f13c76af633c3c96ceb198cdd,oof_shap_stability,inx_primary,"{""model"":""xgboost"",""policy"":""no_salary_hike_no_attrition_no_department""}",dependent_outer_fold_ranking_comparison,not_applicable_or_resolved_by_source_contract,descriptive_dependent_fold_pairs_no_confidence_interval,oof_shap/shap_stability_pairwise.csv,d4130a0923ceee91b2838a54cd310030a03ad81efa719ba381116135cf5d8a60,shap_stability_pairwise,98,c1300316fe5baec24e789c06aec35dd4f283fa4843b71c7aab1edbf4818f8e91,no_salary_hike_no_attrition_no_department,xgboost,d483d8ddb93a47a99a2eab54fe3d138d8f614798dd418bca860ea3f20c813f51,5.0,8.0,cf019554e674ac9501ba482e2ec99cb4d6a24ec98c0cfb8d307e3194edf34f23,e65d6ebca2e1310d83df33558a5be214002b8b04116cefc7330946e7edd2166d,10,0.8181818181818182,0.9022556390977444,,,,,,,,,,,,,,,
canonical_v2_20260714T221501Z_483f96f,51415c2ce68c89d9ce2b042b0a7a811fe3e98180b72460006f9d0465f6bf49b7,06c507bee525ea1daca43b61249764007d4d8baaa05c9333f23446ea723ce160,f1e358e99914563305428cece1b1595bc76a58643184407ec5b222162d650332,98ae57b622a56983192975c5bff94374ed51322f13c76af633c3c96ceb198cdd,oof_shap_stability,inx_primary,"{""model"":""xgboost"",""policy"":""no_salary_hike_no_attrition_no_department""}",dependent_outer_fold_ranking_comparison,not_applicable_or_resolved_by_source_contract,descriptive_dependent_fold_pairs_no_confidence_interval,oof_shap/shap_stability_pairwise.csv,d4130a0923ceee91b2838a54cd310030a03ad81efa719ba381116135cf5d8a60,shap_stability_pairwise,99,c1300316fe5baec24e789c06aec35dd4f283fa4843b71c7aab1edbf4818f8e91,no_salary_hike_no_attrition_no_department,xgboost,d483d8ddb93a47a99a2eab54fe3d138d8f614798dd418bca860ea3f20c813f51,5.0,8.0,cf019554e674ac9501ba482e2ec99cb4d6a24ec98c0cfb8d307e3194edf34f23,e65d6ebca2e1310d83df33558a5be214002b8b04116cefc7330946e7edd2166d,15,0.6666666666666666,0.9022556390977444,,,,,,,,,,,,,,,
canonical_v2_20260714T221501Z_483f96f,51415c2ce68c89d9ce2b042b0a7a811fe3e98180b72460006f9d0465f6bf49b7,06c507bee525ea1daca43b61249764007d4d8baaa05c9333f23446ea723ce160,f1e358e99914563305428cece1b1595bc76a58643184407ec5b222162d650332,98ae57b622a56983192975c5bff94374ed51322f13c76af633c3c96ceb198cdd,oof_shap_stability,inx_primary,"{""model"":""xgboost"",""policy"":""no_salary_hike_no_attrition_no_department""}",dependent_outer_fold_ranking_comparison,not_applicable_or_resolved_by_source_contract,descriptive_dependent_fold_pairs_no_confidence_interval,oof_shap/shap_stability_pairwise.csv,d4130a0923ceee91b2838a54cd310030a03ad81efa719ba381116135cf5d8a60,shap_stability_pairwise,100,c1300316fe5baec24e789c06aec35dd4f283fa4843b71c7aab1edbf4818f8e91,no_salary_hike_no_attrition_no_department,xgboost,d483d8ddb93a47a99a2eab54fe3d138d8f614798dd418bca860ea3f20c813f51,5.0,9.0,cf019554e674ac9501ba482e2ec99cb4d6a24ec98c0cfb8d307e3194edf34f23,0c40ac47f34a79f121be0f46703ff5d11586c84f7713225479891b3f13158f47,5,1.0,0.932330827067669,,,,,,,,,,,,,,,
canonical_v2_20260714T221501Z_483f96f,51415c2ce68c89d9ce2b042b0a7a811fe3e98180b72460006f9d0465f6bf49b7,06c507bee525ea1daca43b61249764007d4d8baaa05c9333f23446ea723ce160,f1e358e99914563305428cece1b1595bc76a58643184407ec5b222162d650332,98ae57b622a56983192975c5bff94374ed51322f13c76af633c3c96ceb198cdd,oof_shap_stability,inx_primary,"{""model"":""xgboost"",""policy"":""no_salary_hike_no_attrition_no_department""}",dependent_outer_fold_ranking_comparison,not_applicable_or_resolved_by_source_contract,descriptive_dependent_fold_pairs_no_confidence_interval,oof_shap/shap_stability_pairwise.csv,d4130a0923ceee91b2838a54cd310030a03ad81efa719ba381116135cf5d8a60,shap_stability_pairwise,101,c1300316fe5baec24e789c06aec35dd4f283fa4843b71c7aab1edbf4818f8e91,no_salary_hike_no_attrition_no_department,xgboost,d483d8ddb93a47a99a2eab54fe3d138d8f614798dd418bca860ea3f20c813f51,5.0,9.0,cf019554e674ac9501ba482e2ec99cb4d6a24ec98c0cfb8d307e3194edf34f23,0c40ac47f34a79f121be0f46703ff5d11586c84f7713225479891b3f13158f47,10,0.8181818181818182,0.932330827067669,,,,,,,,,,,,,,,
canonical_v2_20260714T221501Z_483f96f,51415c2ce68c89d9ce2b042b0a7a811fe3e98180b72460006f9d0465f6bf49b7,06c507bee525ea1daca43b61249764007d4d8baaa05c9333f23446ea723ce160,f1e358e99914563305428cece1b1595bc76a58643184407ec5b222162d650332,98ae57b622a56983192975c5bff94374ed51322f13c76af633c3c96ceb198cdd,oof_shap_stability,inx_primary,"{""model"":""xgboost"",""policy"":""no_salary_hike_no_attrition_no_department""}",dependent_outer_fold_ranking_comparison,not_applicable_or_resolved_by_source_contract,descriptive_dependent_fold_pairs_no_confidence_interval,oof_shap/shap_stability_pairwise.csv,d4130a0923ceee91b2838a54cd310030a03ad81efa719ba381116135cf5d8a60,shap_stability_pairwise,102,c1300316fe5baec24e789c06aec35dd4f283fa4843b71c7aab1edbf4818f8e91,no_salary_hike_no_attrition_no_department,xgboost,d483d8ddb93a47a99a2eab54fe3d138d8f614798dd418bca860ea3f20c813f51,5.0,9.0,cf019554e674ac9501ba482e2ec99cb4d6a24ec98c0cfb8d307e3194edf34f23,0c40ac47f34a79f121be0f46703ff5d11586c84f7713225479891b3f13158f47,15,0.7647058823529411,0.932330827067669,,,,,,,,,,,,,,,
canonical_v2_20260714T221501Z_483f96f,51415c2ce68c89d9ce2b042b0a7a811fe3e98180b72460006f9d0465f6bf49b7,06c507bee525ea1daca43b61249764007d4d8baaa05c9333f23446ea723ce160,f1e358e99914563305428cece1b1595bc76a58643184407ec5b222162d650332,98ae57b622a56983192975c5bff94374ed51322f13c76af633c3c96ceb198cdd,oof_shap_stability,inx_primary,"{""model"":""xgboost"",""policy"":""no_salary_hike_no_attrition_no_department""}",dependent_outer_fold_ranking_comparison,not_applicable_or_resolved_by_source_contract,descriptive_dependent_fold_pairs_no_confidence_interval,oof_shap/shap_stability_pairwise.csv,d4130a0923ceee91b2838a54cd310030a03ad81efa719ba381116135cf5d8a60,shap_stability_pairwise,103,c1300316fe5baec24e789c06aec35dd4f283fa4843b71c7aab1edbf4818f8e91,no_salary_hike_no_attrition_no_department,xgboost,d483d8ddb93a47a99a2eab54fe3d138d8f614798dd418bca860ea3f20c813f51,5.0,10.0,cf019554e674ac9501ba482e2ec99cb4d6a24ec98c0cfb8d307e3194edf34f23,41fb35fd298060cb981116856f85ea7263468ab34089afb7f407917a058b31fa,5,1.0,0.8917293233082706,,,,,,,,,,,,,,,
canonical_v2_20260714T221501Z_483f96f,51415c2ce68c89d9ce2b042b0a7a811fe3e98180b72460006f9d0465f6bf49b7,06c507bee525ea1daca43b61249764007d4d8baaa05c9333f23446ea723ce160,f1e358e99914563305428cece1b1595bc76a58643184407ec5b222162d650332,98ae57b622a56983192975c5bff94374ed51322f13c76af633c3c96ceb198cdd,oof_shap_stability,inx_primary,"{""model"":""xgboost"",""policy"":""no_salary_hike_no_attrition_no_department""}",dependent_outer_fold_ranking_comparison,not_applicable_or_resolved_by_source_contract,descriptive_dependent_fold_pairs_no_confidence_interval,oof_shap/shap_stability_pairwise.csv,d4130a0923ceee91b2838a54cd310030a03ad81efa719ba381116135cf5d8a60,shap_stability_pairwise,104,c1300316fe5baec24e789c06aec35dd4f283fa4843b71c7aab1edbf4818f8e91,no_salary_hike_no_attrition_no_department,xgboost,d483d8ddb93a47a99a2eab54fe3d138d8f614798dd418bca860ea3f20c813f51,5.0,10.0,cf019554e674ac9501ba482e2ec99cb4d6a24ec98c0cfb8d307e3194edf34f23,41fb35fd298060cb981116856f85ea7263468ab34089afb7f407917a058b31fa,10,0.8181818181818182,0.8917293233082706,,,,,,,,,,,,,,,
canonical_v2_20260714T221501Z_483f96f,51415c2ce68c89d9ce2b042b0a7a811fe3e98180b72460006f9d0465f6bf49b7,06c507bee525ea1daca43b61249764007d4d8baaa05c9333f23446ea723ce160,f1e358e99914563305428cece1b1595bc76a58643184407ec5b222162d650332,98ae57b622a56983192975c5bff94374ed51322f13c76af633c3c96ceb198cdd,oof_shap_stability,inx_primary,"{""model"":""xgboost"",""policy"":""no_salary_hike_no_attrition_no_department""}",dependent_outer_fold_ranking_comparison,not_applicable_or_resolved_by_source_contract,descriptive_dependent_fold_pairs_no_confidence_interval,oof_shap/shap_stability_pairwise.csv,d4130a0923ceee91b2838a54cd310030a03ad81efa719ba381116135cf5d8a60,shap_stability_pairwise,105,c1300316fe5baec24e789c06aec35dd4f283fa4843b71c7aab1edbf4818f8e91,no_salary_hike_no_attrition_no_department,xgboost,d483d8ddb93a47a99a2eab54fe3d138d8f614798dd418bca860ea3f20c813f51,5.0,10.0,cf019554e674ac9501ba482e2ec99cb4d6a24ec98c0cfb8d307e3194edf34f23,41fb35fd298060cb981116856f85ea7263468ab34089afb7f407917a058b31fa,15,0.7647058823529411,0.8917293233082706,,,,,,,,,,,,,,,
canonical_v2_20260714T221501Z_483f96f,51415c2ce68c89d9ce2b042b0a7a811fe3e98180b72460006f9d0465f6bf49b7,06c507bee525ea1daca43b61249764007d4d8baaa05c9333f23446ea723ce160,f1e358e99914563305428cece1b1595bc76a58643184407ec5b222162d650332,98ae57b622a56983192975c5bff94374ed51322f13c76af633c3c96ceb198cdd,oof_shap_stability,inx_primary,"{""model"":""xgboost"",""policy"":""no_salary_hike_no_attrition_no_department""}",dependent_outer_fold_ranking_comparison,not_applicable_or_resolved_by_source_contract,descriptive_dependent_fold_pairs_no_confidence_interval,oof_shap/shap_stability_pairwise.csv,d4130a0923ceee91b2838a54cd310030a03ad81efa719ba381116135cf5d8a60,shap_stability_pairwise,106,c1300316fe5baec24e789c06aec35dd4f283fa4843b71c7aab1edbf4818f8e91,no_salary_hike_no_attrition_no_department,xgboost,d483d8ddb93a47a99a2eab54fe3d138d8f614798dd418bca860ea3f20c813f51,6.0,7.0,fdcaad5d2151a1ca98f9f77a8b48f5489f499c5b0a319bb37d68ba0d4de231d5,a1d147211856b75e9baa9a5147019cedefed6804c2673abc43c9d86cc22bfb32,5,1.0,0.950375939849624,,,,,,,,,,,,,,,
canonical_v2_20260714T221501Z_483f96f,51415c2ce68c89d9ce2b042b0a7a811fe3e98180b72460006f9d0465f6bf49b7,06c507bee525ea1daca43b61249764007d4d8baaa05c9333f23446ea723ce160,f1e358e99914563305428cece1b1595bc76a58643184407ec5b222162d650332,98ae57b622a56983192975c5bff94374ed51322f13c76af633c3c96ceb198cdd,oof_shap_stability,inx_primary,"{""model"":""xgboost"",""policy"":""no_salary_hike_no_attrition_no_department""}",dependent_outer_fold_ranking_comparison,not_applicable_or_resolved_by_source_contract,descriptive_dependent_fold_pairs_no_confidence_interval,oof_shap/shap_stability_pairwise.csv,d4130a0923ceee91b2838a54cd310030a03ad81efa719ba381116135cf5d8a60,shap_stability_pairwise,107,c1300316fe5baec24e789c06aec35dd4f283fa4843b71c7aab1edbf4818f8e91,no_salary_hike_no_attrition_no_department,xgboost,d483d8ddb93a47a99a2eab54fe3d138d8f614798dd418bca860ea3f20c813f51,6.0,7.0,fdcaad5d2151a1ca98f9f77a8b48f5489f499c5b0a319bb37d68ba0d4de231d5,a1d147211856b75e9baa9a5147019cedefed6804c2673abc43c9d86cc22bfb32,10,0.8181818181818182,0.950375939849624,,,,,,,,,,,,,,,
canonical_v2_20260714T221501Z_483f96f,51415c2ce68c89d9ce2b042b0a7a811fe3e98180b72460006f9d0465f6bf49b7,06c507bee525ea1daca43b61249764007d4d8baaa05c9333f23446ea723ce160,f1e358e99914563305428cece1b1595bc76a58643184407ec5b222162d650332,98ae57b622a56983192975c5bff94374ed51322f13c76af633c3c96ceb198cdd,oof_shap_stability,inx_primary,"{""model"":""xgboost"",""policy"":""no_salary_hike_no_attrition_no_department""}",dependent_outer_fold_ranking_comparison,not_applicable_or_resolved_by_source_contract,descriptive_dependent_fold_pairs_no_confidence_interval,oof_shap/shap_stability_pairwise.csv,d4130a0923ceee91b2838a54cd310030a03ad81efa719ba381116135cf5d8a60,shap_stability_pairwise,108,c1300316fe5baec24e789c06aec35dd4f283fa4843b71c7aab1edbf4818f8e91,no_salary_hike_no_attrition_no_department,xgboost,d483d8ddb93a47a99a2eab54fe3d138d8f614798dd418bca860ea3f20c813f51,6.0,7.0,fdcaad5d2151a1ca98f9f77a8b48f5489f499c5b0a319bb37d68ba0d4de231d5,a1d147211856b75e9baa9a5147019cedefed6804c2673abc43c9d86cc22bfb32,15,0.875,0.950375939849624,,,,,,,,,,,,,,,
canonical_v2_20260714T221501Z_483f96f,51415c2ce68c89d9ce2b042b0a7a811fe3e98180b72460006f9d0465f6bf49b7,06c507bee525ea1daca43b61249764007d4d8baaa05c9333f23446ea723ce160,f1e358e99914563305428cece1b1595bc76a58643184407ec5b222162d650332,98ae57b622a56983192975c5bff94374ed51322f13c76af633c3c96ceb198cdd,oof_shap_stability,inx_primary,"{""model"":""xgboost"",""policy"":""no_salary_hike_no_attrition_no_department""}",dependent_outer_fold_ranking_comparison,not_applicable_or_resolved_by_source_contract,descriptive_dependent_fold_pairs_no_confidence_interval,oof_shap/shap_stability_pairwise.csv,d4130a0923ceee91b2838a54cd310030a03ad81efa719ba381116135cf5d8a60,shap_stability_pairwise,109,c1300316fe5baec24e789c06aec35dd4f283fa4843b71c7aab1edbf4818f8e91,no_salary_hike_no_attrition_no_department,xgboost,d483d8ddb93a47a99a2eab54fe3d138d8f614798dd418bca860ea3f20c813f51,6.0,8.0,fdcaad5d2151a1ca98f9f77a8b48f5489f499c5b0a319bb37d68ba0d4de231d5,e65d6ebca2e1310d83df33558a5be214002b8b04116cefc7330946e7edd2166d,5,1.0,0.950375939849624,,,,,,,,,,,,,,,
canonical_v2_20260714T221501Z_483f96f,51415c2ce68c89d9ce2b042b0a7a811fe3e98180b72460006f9d0465f6bf49b7,06c507bee525ea1daca43b61249764007d4d8baaa05c9333f23446ea723ce160,f1e358e99914563305428cece1b1595bc76a58643184407ec5b222162d650332,98ae57b622a56983192975c5bff94374ed51322f13c76af633c3c96ceb198cdd,oof_shap_stability,inx_primary,"{""model"":""xgboost"",""policy"":""no_salary_hike_no_attrition_no_department""}",dependent_outer_fold_ranking_comparison,not_applicable_or_resolved_by_source_contract,descriptive_dependent_fold_pairs_no_confidence_interval,oof_shap/shap_stability_pairwise.csv,d4130a0923ceee91b2838a54cd310030a03ad81efa719ba381116135cf5d8a60,shap_stability_pairwise,110,c1300316fe5baec24e789c06aec35dd4f283fa4843b71c7aab1edbf4818f8e91,no_salary_hike_no_attrition_no_department,xgboost,d483d8ddb93a47a99a2eab54fe3d138d8f614798dd418bca860ea3f20c813f51,6.0,8.0,fdcaad5d2151a1ca98f9f77a8b48f5489f499c5b0a319bb37d68ba0d4de231d5,e65d6ebca2e1310d83df33558a5be214002b8b04116cefc7330946e7edd2166d,10,0.8181818181818182,0.950375939849624,,,,,,,,,,,,,,,
canonical_v2_20260714T221501Z_483f96f,51415c2ce68c89d9ce2b042b0a7a811fe3e98180b72460006f9d0465f6bf49b7,06c507bee525ea1daca43b61249764007d4d8baaa05c9333f23446ea723ce160,f1e358e99914563305428cece1b1595bc76a58643184407ec5b222162d650332,98ae57b622a56983192975c5bff94374ed51322f13c76af633c3c96ceb198cdd,oof_shap_stability,inx_primary,"{""model"":""xgboost"",""policy"":""no_salary_hike_no_attrition_no_department""}",dependent_outer_fold_ranking_comparison,not_applicable_or_resolved_by_source_contract,descriptive_dependent_fold_pairs_no_confidence_interval,oof_shap/shap_stability_pairwise.csv,d4130a0923ceee91b2838a54cd310030a03ad81efa719ba381116135cf5d8a60,shap_stability_pairwise,111,c1300316fe5baec24e789c06aec35dd4f283fa4843b71c7aab1edbf4818f8e91,no_salary_hike_no_attrition_no_department,xgboost,d483d8ddb93a47a99a2eab54fe3d138d8f614798dd418bca860ea3f20c813f51,6.0,8.0,fdcaad5d2151a1ca98f9f77a8b48f5489f499c5b0a319bb37d68ba0d4de231d5,e65d6ebca2e1310d83df33558a5be214002b8b04116cefc7330946e7edd2166d,15,0.875,0.950375939849624,,,,,,,,,,,,,,,
canonical_v2_20260714T221501Z_483f96f,51415c2ce68c89d9ce2b042b0a7a811fe3e98180b72460006f9d0465f6bf49b7,06c507bee525ea1daca43b61249764007d4d8baaa05c9333f23446ea723ce160,f1e358e99914563305428cece1b1595bc76a58643184407ec5b222162d650332,98ae57b622a56983192975c5bff94374ed51322f13c76af633c3c96ceb198cdd,oof_shap_stability,inx_primary,"{""model"":""xgboost"",""policy"":""no_salary_hike_no_attrition_no_department""}",dependent_outer_fold_ranking_comparison,not_applicable_or_resolved_by_source_contract,descriptive_dependent_fold_pairs_no_confidence_interval,oof_shap/shap_stability_pairwise.csv,d4130a0923ceee91b2838a54cd310030a03ad81efa719ba381116135cf5d8a60,shap_stability_pairwise,112,c1300316fe5baec24e789c06aec35dd4f283fa4843b71c7aab1edbf4818f8e91,no_salary_hike_no_attrition_no_department,xgboost,d483d8ddb93a47a99a2eab54fe3d138d8f614798dd418bca860ea3f20c813f51,6.0,9.0,fdcaad5d2151a1ca98f9f77a8b48f5489f499c5b0a319bb37d68ba0d4de231d5,0c40ac47f34a79f121be0f46703ff5d11586c84f7713225479891b3f13158f47,5,1.0,0.9172932330827066,,,,,,,,,,,,,,,
canonical_v2_20260714T221501Z_483f96f,51415c2ce68c89d9ce2b042b0a7a811fe3e98180b72460006f9d0465f6bf49b7,06c507bee525ea1daca43b61249764007d4d8baaa05c9333f23446ea723ce160,f1e358e99914563305428cece1b1595bc76a58643184407ec5b222162d650332,98ae57b622a56983192975c5bff94374ed51322f13c76af633c3c96ceb198cdd,oof_shap_stability,inx_primary,"{""model"":""xgboost"",""policy"":""no_salary_hike_no_attrition_no_department""}",dependent_outer_fold_ranking_comparison,not_applicable_or_resolved_by_source_contract,descriptive_dependent_fold_pairs_no_confidence_interval,oof_shap/shap_stability_pairwise.csv,d4130a0923ceee91b2838a54cd310030a03ad81efa719ba381116135cf5d8a60,shap_stability_pairwise,113,c1300316fe5baec24e789c06aec35dd4f283fa4843b71c7aab1edbf4818f8e91,no_salary_hike_no_attrition_no_department,xgboost,d483d8ddb93a47a99a2eab54fe3d138d8f614798dd418bca860ea3f20c813f51,6.0,9.0,fdcaad5d2151a1ca98f9f77a8b48f5489f499c5b0a319bb37d68ba0d4de231d5,0c40ac47f34a79f121be0f46703ff5d11586c84f7713225479891b3f13158f47,10,0.8181818181818182,0.9172932330827066,,,,,,,,,,,,,,,
canonical_v2_20260714T221501Z_483f96f,51415c2ce68c89d9ce2b042b0a7a811fe3e98180b72460006f9d0465f6bf49b7,06c507bee525ea1daca43b61249764007d4d8baaa05c9333f23446ea723ce160,f1e358e99914563305428cece1b1595bc76a58643184407ec5b222162d650332,98ae57b622a56983192975c5bff94374ed51322f13c76af633c3c96ceb198cdd,oof_shap_stability,inx_primary,"{""model"":""xgboost"",""policy"":""no_salary_hike_no_attrition_no_department""}",dependent_outer_fold_ranking_comparison,not_applicable_or_resolved_by_source_contract,descriptive_dependent_fold_pairs_no_confidence_interval,oof_shap/shap_stability_pairwise.csv,d4130a0923ceee91b2838a54cd310030a03ad81efa719ba381116135cf5d8a60,shap_stability_pairwise,114,c1300316fe5baec24e789c06aec35dd4f283fa4843b71c7aab1edbf4818f8e91,no_salary_hike_no_attrition_no_department,xgboost,d483d8ddb93a47a99a2eab54fe3d138d8f614798dd418bca860ea3f20c813f51,6.0,9.0,fdcaad5d2151a1ca98f9f77a8b48f5489f499c5b0a319bb37d68ba0d4de231d5,0c40ac47f34a79f121be0f46703ff5d11586c84f7713225479891b3f13158f47,15,0.7647058823529411,0.9172932330827066,,,,,,,,,,,,,,,
canonical_v2_20260714T221501Z_483f96f,51415c2ce68c89d9ce2b042b0a7a811fe3e98180b72460006f9d0465f6bf49b7,06c507bee525ea1daca43b61249764007d4d8baaa05c9333f23446ea723ce160,f1e358e99914563305428cece1b1595bc76a58643184407ec5b222162d650332,98ae57b622a56983192975c5bff94374ed51322f13c76af633c3c96ceb198cdd,oof_shap_stability,inx_primary,"{""model"":""xgboost"",""policy"":""no_salary_hike_no_attrition_no_department""}",dependent_outer_fold_ranking_comparison,not_applicable_or_resolved_by_source_contract,descriptive_dependent_fold_pairs_no_confidence_interval,oof_shap/shap_stability_pairwise.csv,d4130a0923ceee91b2838a54cd310030a03ad81efa719ba381116135cf5d8a60,shap_stability_pairwise,115,c1300316fe5baec24e789c06aec35dd4f283fa4843b71c7aab1edbf4818f8e91,no_salary_hike_no_attrition_no_department,xgboost,d483d8ddb93a47a99a2eab54fe3d138d8f614798dd418bca860ea3f20c813f51,6.0,10.0,fdcaad5d2151a1ca98f9f77a8b48f5489f499c5b0a319bb37d68ba0d4de231d5,41fb35fd298060cb981116856f85ea7263468ab34089afb7f407917a058b31fa,5,1.0,0.8766917293233082,,,,,,,,,,,,,,,
canonical_v2_20260714T221501Z_483f96f,51415c2ce68c89d9ce2b042b0a7a811fe3e98180b72460006f9d0465f6bf49b7,06c507bee525ea1daca43b61249764007d4d8baaa05c9333f23446ea723ce160,f1e358e99914563305428cece1b1595bc76a58643184407ec5b222162d650332,98ae57b622a56983192975c5bff94374ed51322f13c76af633c3c96ceb198cdd,oof_shap_stability,inx_primary,"{""model"":""xgboost"",""policy"":""no_salary_hike_no_attrition_no_department""}",dependent_outer_fold_ranking_comparison,not_applicable_or_resolved_by_source_contract,descriptive_dependent_fold_pairs_no_confidence_interval,oof_shap/shap_stability_pairwise.csv,d4130a0923ceee91b2838a54cd310030a03ad81efa719ba381116135cf5d8a60,shap_stability_pairwise,116,c1300316fe5baec24e789c06aec35dd4f283fa4843b71c7aab1edbf4818f8e91,no_salary_hike_no_attrition_no_department,xgboost,d483d8ddb93a47a99a2eab54fe3d138d8f614798dd418bca860ea3f20c813f51,6.0,10.0,fdcaad5d2151a1ca98f9f77a8b48f5489f499c5b0a319bb37d68ba0d4de231d5,41fb35fd298060cb981116856f85ea7263468ab34089afb7f407917a058b31fa,10,0.8181818181818182,0.8766917293233082,,,,,,,,,,,,,,,
canonical_v2_20260714T221501Z_483f96f,51415c2ce68c89d9ce2b042b0a7a811fe3e98180b72460006f9d0465f6bf49b7,06c507bee525ea1daca43b61249764007d4d8baaa05c9333f23446ea723ce160,f1e358e99914563305428cece1b1595bc76a58643184407ec5b222162d650332,98ae57b622a56983192975c5bff94374ed51322f13c76af633c3c96ceb198cdd,oof_shap_stability,inx_primary,"{""model"":""xgboost"",""policy"":""no_salary_hike_no_attrition_no_department""}",dependent_outer_fold_ranking_comparison,not_applicable_or_resolved_by_source_contract,descriptive_dependent_fold_pairs_no_confidence_interval,oof_shap/shap_stability_pairwise.csv,d4130a0923ceee91b2838a54cd310030a03ad81efa719ba381116135cf5d8a60,shap_stability_pairwise,117,c1300316fe5baec24e789c06aec35dd4f283fa4843b71c7aab1edbf4818f8e91,no_salary_hike_no_attrition_no_department,xgboost,d483d8ddb93a47a99a2eab54fe3d138d8f614798dd418bca860ea3f20c813f51,6.0,10.0,fdcaad5d2151a1ca98f9f77a8b48f5489f499c5b0a319bb37d68ba0d4de231d5,41fb35fd298060cb981116856f85ea7263468ab34089afb7f407917a058b31fa,15,0.7647058823529411,0.8766917293233082,,,,,,,,,,,,,,,
canonical_v2_20260714T221501Z_483f96f,51415c2ce68c89d9ce2b042b0a7a811fe3e98180b72460006f9d0465f6bf49b7,06c507bee525ea1daca43b61249764007d4d8baaa05c9333f23446ea723ce160,f1e358e99914563305428cece1b1595bc76a58643184407ec5b222162d650332,98ae57b622a56983192975c5bff94374ed51322f13c76af633c3c96ceb198cdd,oof_shap_stability,inx_primary,"{""model"":""xgboost"",""policy"":""no_salary_hike_no_attrition_no_department""}",dependent_outer_fold_ranking_comparison,not_applicable_or_resolved_by_source_contract,descriptive_dependent_fold_pairs_no_confidence_interval,oof_shap/shap_stability_pairwise.csv,d4130a0923ceee91b2838a54cd310030a03ad81efa719ba381116135cf5d8a60,shap_stability_pairwise,118,c1300316fe5baec24e789c06aec35dd4f283fa4843b71c7aab1edbf4818f8e91,no_salary_hike_no_attrition_no_department,xgboost,d483d8ddb93a47a99a2eab54fe3d138d8f614798dd418bca860ea3f20c813f51,7.0,8.0,a1d147211856b75e9baa9a5147019cedefed6804c2673abc43c9d86cc22bfb32,e65d6ebca2e1310d83df33558a5be214002b8b04116cefc7330946e7edd2166d,5,1.0,0.9458646616541352,,,,,,,,,,,,,,,
canonical_v2_20260714T221501Z_483f96f,51415c2ce68c89d9ce2b042b0a7a811fe3e98180b72460006f9d0465f6bf49b7,06c507bee525ea1daca43b61249764007d4d8baaa05c9333f23446ea723ce160,f1e358e99914563305428cece1b1595bc76a58643184407ec5b222162d650332,98ae57b622a56983192975c5bff94374ed51322f13c76af633c3c96ceb198cdd,oof_shap_stability,inx_primary,"{""model"":""xgboost"",""policy"":""no_salary_hike_no_attrition_no_department""}",dependent_outer_fold_ranking_comparison,not_applicable_or_resolved_by_source_contract,descriptive_dependent_fold_pairs_no_confidence_interval,oof_shap/shap_stability_pairwise.csv,d4130a0923ceee91b2838a54cd310030a03ad81efa719ba381116135cf5d8a60,shap_stability_pairwise,119,c1300316fe5baec24e789c06aec35dd4f283fa4843b71c7aab1edbf4818f8e91,no_salary_hike_no_attrition_no_department,xgboost,d483d8ddb93a47a99a2eab54fe3d138d8f614798dd418bca860ea3f20c813f51,7.0,8.0,a1d147211856b75e9baa9a5147019cedefed6804c2673abc43c9d86cc22bfb32,e65d6ebca2e1310d83df33558a5be214002b8b04116cefc7330946e7edd2166d,10,0.8181818181818182,0.9458646616541352,,,,,,,,,,,,,,,
canonical_v2_20260714T221501Z_483f96f,51415c2ce68c89d9ce2b042b0a7a811fe3e98180b72460006f9d0465f6bf49b7,06c507bee525ea1daca43b61249764007d4d8baaa05c9333f23446ea723ce160,f1e358e99914563305428cece1b1595bc76a58643184407ec5b222162d650332,98ae57b622a56983192975c5bff94374ed51322f13c76af633c3c96ceb198cdd,oof_shap_stability,inx_primary,"{""model"":""xgboost"",""policy"":""no_salary_hike_no_attrition_no_department""}",dependent_outer_fold_ranking_comparison,not_applicable_or_resolved_by_source_contract,descriptive_dependent_fold_pairs_no_confidence_interval,oof_shap/shap_stability_pairwise.csv,d4130a0923ceee91b2838a54cd310030a03ad81efa719ba381116135cf5d8a60,shap_stability_pairwise,120,c1300316fe5baec24e789c06aec35dd4f283fa4843b71c7aab1edbf4818f8e91,no_salary_hike_no_attrition_no_department,xgboost,d483d8ddb93a47a99a2eab54fe3d138d8f614798dd418bca860ea3f20c813f51,7.0,8.0,a1d147211856b75e9baa9a5147019cedefed6804c2673abc43c9d86cc22bfb32,e65d6ebca2e1310d83df33558a5be214002b8b04116cefc7330946e7edd2166d,15,0.875,0.9458646616541352,,,,,,,,,,,,,,,
canonical_v2_20260714T221501Z_483f96f,51415c2ce68c89d9ce2b042b0a7a811fe3e98180b72460006f9d0465f6bf49b7,06c507bee525ea1daca43b61249764007d4d8baaa05c9333f23446ea723ce160,f1e358e99914563305428cece1b1595bc76a58643184407ec5b222162d650332,98ae57b622a56983192975c5bff94374ed51322f13c76af633c3c96ceb198cdd,oof_shap_stability,inx_primary,"{""model"":""xgboost"",""policy"":""no_salary_hike_no_attrition_no_department""}",dependent_outer_fold_ranking_comparison,not_applicable_or_resolved_by_source_contract,descriptive_dependent_fold_pairs_no_confidence_interval,oof_shap/shap_stability_pairwise.csv,d4130a0923ceee91b2838a54cd310030a03ad81efa719ba381116135cf5d8a60,shap_stability_pairwise,121,c1300316fe5baec24e789c06aec35dd4f283fa4843b71c7aab1edbf4818f8e91,no_salary_hike_no_attrition_no_department,xgboost,d483d8ddb93a47a99a2eab54fe3d138d8f614798dd418bca860ea3f20c813f51,7.0,9.0,a1d147211856b75e9baa9a5147019cedefed6804c2673abc43c9d86cc22bfb32,0c40ac47f34a79f121be0f46703ff5d11586c84f7713225479891b3f13158f47,5,1.0,0.9533834586466164,,,,,,,,,,,,,,,
canonical_v2_20260714T221501Z_483f96f,51415c2ce68c89d9ce2b042b0a7a811fe3e98180b72460006f9d0465f6bf49b7,06c507bee525ea1daca43b61249764007d4d8baaa05c9333f23446ea723ce160,f1e358e99914563305428cece1b1595bc76a58643184407ec5b222162d650332,98ae57b622a56983192975c5bff94374ed51322f13c76af633c3c96ceb198cdd,oof_shap_stability,inx_primary,"{""model"":""xgboost"",""policy"":""no_salary_hike_no_attrition_no_department""}",dependent_outer_fold_ranking_comparison,not_applicable_or_resolved_by_source_contract,descriptive_dependent_fold_pairs_no_confidence_interval,oof_shap/shap_stability_pairwise.csv,d4130a0923ceee91b2838a54cd310030a03ad81efa719ba381116135cf5d8a60,shap_stability_pairwise,122,c1300316fe5baec24e789c06aec35dd4f283fa4843b71c7aab1edbf4818f8e91,no_salary_hike_no_attrition_no_department,xgboost,d483d8ddb93a47a99a2eab54fe3d138d8f614798dd418bca860ea3f20c813f51,7.0,9.0,a1d147211856b75e9baa9a5147019cedefed6804c2673abc43c9d86cc22bfb32,0c40ac47f34a79f121be0f46703ff5d11586c84f7713225479891b3f13158f47,10,1.0,0.9533834586466164,,,,,,,,,,,,,,,
canonical_v2_20260714T221501Z_483f96f,51415c2ce68c89d9ce2b042b0a7a811fe3e98180b72460006f9d0465f6bf49b7,06c507bee525ea1daca43b61249764007d4d8baaa05c9333f23446ea723ce160,f1e358e99914563305428cece1b1595bc76a58643184407ec5b222162d650332,98ae57b622a56983192975c5bff94374ed51322f13c76af633c3c96ceb198cdd,oof_shap_stability,inx_primary,"{""model"":""xgboost"",""policy"":""no_salary_hike_no_attrition_no_department""}",dependent_outer_fold_ranking_comparison,not_applicable_or_resolved_by_source_contract,descriptive_dependent_fold_pairs_no_confidence_interval,oof_shap/shap_stability_pairwise.csv,d4130a0923ceee91b2838a54cd310030a03ad81efa719ba381116135cf5d8a60,shap_stability_pairwise,123,c1300316fe5baec24e789c06aec35dd4f283fa4843b71c7aab1edbf4818f8e91,no_salary_hike_no_attrition_no_department,xgboost,d483d8ddb93a47a99a2eab54fe3d138d8f614798dd418bca860ea3f20c813f51,7.0,9.0,a1d147211856b75e9baa9a5147019cedefed6804c2673abc43c9d86cc22bfb32,0c40ac47f34a79f121be0f46703ff5d11586c84f7713225479891b3f13158f47,15,0.7647058823529411,0.9533834586466164,,,,,,,,,,,,,,,
canonical_v2_20260714T221501Z_483f96f,51415c2ce68c89d9ce2b042b0a7a811fe3e98180b72460006f9d0465f6bf49b7,06c507bee525ea1daca43b61249764007d4d8baaa05c9333f23446ea723ce160,f1e358e99914563305428cece1b1595bc76a58643184407ec5b222162d650332,98ae57b622a56983192975c5bff94374ed51322f13c76af633c3c96ceb198cdd,oof_shap_stability,inx_primary,"{""model"":""xgboost"",""policy"":""no_salary_hike_no_attrition_no_department""}",dependent_outer_fold_ranking_comparison,not_applicable_or_resolved_by_source_contract,descriptive_dependent_fold_pairs_no_confidence_interval,oof_shap/shap_stability_pairwise.csv,d4130a0923ceee91b2838a54cd310030a03ad81efa719ba381116135cf5d8a60,shap_stability_pairwise,124,c1300316fe5baec24e789c06aec35dd4f283fa4843b71c7aab1edbf4818f8e91,no_salary_hike_no_attrition_no_department,xgboost,d483d8ddb93a47a99a2eab54fe3d138d8f614798dd418bca860ea3f20c813f51,7.0,10.0,a1d147211856b75e9baa9a5147019cedefed6804c2673abc43c9d86cc22bfb32,41fb35fd298060cb981116856f85ea7263468ab34089afb7f407917a058b31fa,5,1.0,0.938345864661654,,,,,,,,,,,,,,,
canonical_v2_20260714T221501Z_483f96f,51415c2ce68c89d9ce2b042b0a7a811fe3e98180b72460006f9d0465f6bf49b7,06c507bee525ea1daca43b61249764007d4d8baaa05c9333f23446ea723ce160,f1e358e99914563305428cece1b1595bc76a58643184407ec5b222162d650332,98ae57b622a56983192975c5bff94374ed51322f13c76af633c3c96ceb198cdd,oof_shap_stability,inx_primary,"{""model"":""xgboost"",""policy"":""no_salary_hike_no_attrition_no_department""}",dependent_outer_fold_ranking_comparison,not_applicable_or_resolved_by_source_contract,descriptive_dependent_fold_pairs_no_confidence_interval,oof_shap/shap_stability_pairwise.csv,d4130a0923ceee91b2838a54cd310030a03ad81efa719ba381116135cf5d8a60,shap_stability_pairwise,125,c1300316fe5baec24e789c06aec35dd4f283fa4843b71c7aab1edbf4818f8e91,no_salary_hike_no_attrition_no_department,xgboost,d483d8ddb93a47a99a2eab54fe3d138d8f614798dd418bca860ea3f20c813f51,7.0,10.0,a1d147211856b75e9baa9a5147019cedefed6804c2673abc43c9d86cc22bfb32,41fb35fd298060cb981116856f85ea7263468ab34089afb7f407917a058b31fa,10,0.8181818181818182,0.938345864661654,,,,,,,,,,,,,,,
canonical_v2_20260714T221501Z_483f96f,51415c2ce68c89d9ce2b042b0a7a811fe3e98180b72460006f9d0465f6bf49b7,06c507bee525ea1daca43b61249764007d4d8baaa05c9333f23446ea723ce160,f1e358e99914563305428cece1b1595bc76a58643184407ec5b222162d650332,98ae57b622a56983192975c5bff94374ed51322f13c76af633c3c96ceb198cdd,oof_shap_stability,inx_primary,"{""model"":""xgboost"",""policy"":""no_salary_hike_no_attrition_no_department""}",dependent_outer_fold_ranking_comparison,not_applicable_or_resolved_by_source_contract,descriptive_dependent_fold_pairs_no_confidence_interval,oof_shap/shap_stability_pairwise.csv,d4130a0923ceee91b2838a54cd310030a03ad81efa719ba381116135cf5d8a60,shap_stability_pairwise,126,c1300316fe5baec24e789c06aec35dd4f283fa4843b71c7aab1edbf4818f8e91,no_salary_hike_no_attrition_no_department,xgboost,d483d8ddb93a47a99a2eab54fe3d138d8f614798dd418bca860ea3f20c813f51,7.0,10.0,a1d147211856b75e9baa9a5147019cedefed6804c2673abc43c9d86cc22bfb32,41fb35fd298060cb981116856f85ea7263468ab34089afb7f407917a058b31fa,15,0.875,0.938345864661654,,,,,,,,,,,,,,,
canonical_v2_20260714T221501Z_483f96f,51415c2ce68c89d9ce2b042b0a7a811fe3e98180b72460006f9d0465f6bf49b7,06c507bee525ea1daca43b61249764007d4d8baaa05c9333f23446ea723ce160,f1e358e99914563305428cece1b1595bc76a58643184407ec5b222162d650332,98ae57b622a56983192975c5bff94374ed51322f13c76af633c3c96ceb198cdd,oof_shap_stability,inx_primary,"{""model"":""xgboost"",""policy"":""no_salary_hike_no_attrition_no_department""}",dependent_outer_fold_ranking_comparison,not_applicable_or_resolved_by_source_contract,descriptive_dependent_fold_pairs_no_confidence_interval,oof_shap/shap_stability_pairwise.csv,d4130a0923ceee91b2838a54cd310030a03ad81efa719ba381116135cf5d8a60,shap_stability_pairwise,127,c1300316fe5baec24e789c06aec35dd4f283fa4843b71c7aab1edbf4818f8e91,no_salary_hike_no_attrition_no_department,xgboost,d483d8ddb93a47a99a2eab54fe3d138d8f614798dd418bca860ea3f20c813f51,8.0,9.0,e65d6ebca2e1310d83df33558a5be214002b8b04116cefc7330946e7edd2166d,0c40ac47f34a79f121be0f46703ff5d11586c84f7713225479891b3f13158f47,5,1.0,0.924812030075188,,,,,,,,,,,,,,,
canonical_v2_20260714T221501Z_483f96f,51415c2ce68c89d9ce2b042b0a7a811fe3e98180b72460006f9d0465f6bf49b7,06c507bee525ea1daca43b61249764007d4d8baaa05c9333f23446ea723ce160,f1e358e99914563305428cece1b1595bc76a58643184407ec5b222162d650332,98ae57b622a56983192975c5bff94374ed51322f13c76af633c3c96ceb198cdd,oof_shap_stability,inx_primary,"{""model"":""xgboost"",""policy"":""no_salary_hike_no_attrition_no_department""}",dependent_outer_fold_ranking_comparison,not_applicable_or_resolved_by_source_contract,descriptive_dependent_fold_pairs_no_confidence_interval,oof_shap/shap_stability_pairwise.csv,d4130a0923ceee91b2838a54cd310030a03ad81efa719ba381116135cf5d8a60,shap_stability_pairwise,128,c1300316fe5baec24e789c06aec35dd4f283fa4843b71c7aab1edbf4818f8e91,no_salary_hike_no_attrition_no_department,xgboost,d483d8ddb93a47a99a2eab54fe3d138d8f614798dd418bca860ea3f20c813f51,8.0,9.0,e65d6ebca2e1310d83df33558a5be214002b8b04116cefc7330946e7edd2166d,0c40ac47f34a79f121be0f46703ff5d11586c84f7713225479891b3f13158f47,10,0.8181818181818182,0.924812030075188,,,,,,,,,,,,,,,
canonical_v2_20260714T221501Z_483f96f,51415c2ce68c89d9ce2b042b0a7a811fe3e98180b72460006f9d0465f6bf49b7,06c507bee525ea1daca43b61249764007d4d8baaa05c9333f23446ea723ce160,f1e358e99914563305428cece1b1595bc76a58643184407ec5b222162d650332,98ae57b622a56983192975c5bff94374ed51322f13c76af633c3c96ceb198cdd,oof_shap_stability,inx_primary,"{""model"":""xgboost"",""policy"":""no_salary_hike_no_attrition_no_department""}",dependent_outer_fold_ranking_comparison,not_applicable_or_resolved_by_source_contract,descriptive_dependent_fold_pairs_no_confidence_interval,oof_shap/shap_stability_pairwise.csv,d4130a0923ceee91b2838a54cd310030a03ad81efa719ba381116135cf5d8a60,shap_stability_pairwise,129,c1300316fe5baec24e789c06aec35dd4f283fa4843b71c7aab1edbf4818f8e91,no_salary_hike_no_attrition_no_department,xgboost,d483d8ddb93a47a99a2eab54fe3d138d8f614798dd418bca860ea3f20c813f51,8.0,9.0,e65d6ebca2e1310d83df33558a5be214002b8b04116cefc7330946e7edd2166d,0c40ac47f34a79f121be0f46703ff5d11586c84f7713225479891b3f13158f47,15,0.875,0.924812030075188,,,,,,,,,,,,,,,
canonical_v2_20260714T221501Z_483f96f,51415c2ce68c89d9ce2b042b0a7a811fe3e98180b72460006f9d0465f6bf49b7,06c507bee525ea1daca43b61249764007d4d8baaa05c9333f23446ea723ce160,f1e358e99914563305428cece1b1595bc76a58643184407ec5b222162d650332,98ae57b622a56983192975c5bff94374ed51322f13c76af633c3c96ceb198cdd,oof_shap_stability,inx_primary,"{""model"":""xgboost"",""policy"":""no_salary_hike_no_attrition_no_department""}",dependent_outer_fold_ranking_comparison,not_applicable_or_resolved_by_source_contract,descriptive_dependent_fold_pairs_no_confidence_interval,oof_shap/shap_stability_pairwise.csv,d4130a0923ceee91b2838a54cd310030a03ad81efa719ba381116135cf5d8a60,shap_stability_pairwise,130,c1300316fe5baec24e789c06aec35dd4f283fa4843b71c7aab1edbf4818f8e91,no_salary_hike_no_attrition_no_department,xgboost,d483d8ddb93a47a99a2eab54fe3d138d8f614798dd418bca860ea3f20c813f51,8.0,10.0,e65d6ebca2e1310d83df33558a5be214002b8b04116cefc7330946e7edd2166d,41fb35fd298060cb981116856f85ea7263468ab34089afb7f407917a058b31fa,5,1.0,0.882706766917293,,,,,,,,,,,,,,,
canonical_v2_20260714T221501Z_483f96f,51415c2ce68c89d9ce2b042b0a7a811fe3e98180b72460006f9d0465f6bf49b7,06c507bee525ea1daca43b61249764007d4d8baaa05c9333f23446ea723ce160,f1e358e99914563305428cece1b1595bc76a58643184407ec5b222162d650332,98ae57b622a56983192975c5bff94374ed51322f13c76af633c3c96ceb198cdd,oof_shap_stability,inx_primary,"{""model"":""xgboost"",""policy"":""no_salary_hike_no_attrition_no_department""}",dependent_outer_fold_ranking_comparison,not_applicable_or_resolved_by_source_contract,descriptive_dependent_fold_pairs_no_confidence_interval,oof_shap/shap_stability_pairwise.csv,d4130a0923ceee91b2838a54cd310030a03ad81efa719ba381116135cf5d8a60,shap_stability_pairwise,131,c1300316fe5baec24e789c06aec35dd4f283fa4843b71c7aab1edbf4818f8e91,no_salary_hike_no_attrition_no_department,xgboost,d483d8ddb93a47a99a2eab54fe3d138d8f614798dd418bca860ea3f20c813f51,8.0,10.0,e65d6ebca2e1310d83df33558a5be214002b8b04116cefc7330946e7edd2166d,41fb35fd298060cb981116856f85ea7263468ab34089afb7f407917a058b31fa,10,0.8181818181818182,0.882706766917293,,,,,,,,,,,,,,,
canonical_v2_20260714T221501Z_483f96f,51415c2ce68c89d9ce2b042b0a7a811fe3e98180b72460006f9d0465f6bf49b7,06c507bee525ea1daca43b61249764007d4d8baaa05c9333f23446ea723ce160,f1e358e99914563305428cece1b1595bc76a58643184407ec5b222162d650332,98ae57b622a56983192975c5bff94374ed51322f13c76af633c3c96ceb198cdd,oof_shap_stability,inx_primary,"{""model"":""xgboost"",""policy"":""no_salary_hike_no_attrition_no_department""}",dependent_outer_fold_ranking_comparison,not_applicable_or_resolved_by_source_contract,descriptive_dependent_fold_pairs_no_confidence_interval,oof_shap/shap_stability_pairwise.csv,d4130a0923ceee91b2838a54cd310030a03ad81efa719ba381116135cf5d8a60,shap_stability_pairwise,132,c1300316fe5baec24e789c06aec35dd4f283fa4843b71c7aab1edbf4818f8e91,no_salary_hike_no_attrition_no_department,xgboost,d483d8ddb93a47a99a2eab54fe3d138d8f614798dd418bca860ea3f20c813f51,8.0,10.0,e65d6ebca2e1310d83df33558a5be214002b8b04116cefc7330946e7edd2166d,41fb35fd298060cb981116856f85ea7263468ab34089afb7f407917a058b31fa,15,0.875,0.882706766917293,,,,,,,,,,,,,,,
canonical_v2_20260714T221501Z_483f96f,51415c2ce68c89d9ce2b042b0a7a811fe3e98180b72460006f9d0465f6bf49b7,06c507bee525ea1daca43b61249764007d4d8baaa05c9333f23446ea723ce160,f1e358e99914563305428cece1b1595bc76a58643184407ec5b222162d650332,98ae57b622a56983192975c5bff94374ed51322f13c76af633c3c96ceb198cdd,oof_shap_stability,inx_primary,"{""model"":""xgboost"",""policy"":""no_salary_hike_no_attrition_no_department""}",dependent_outer_fold_ranking_comparison,not_applicable_or_resolved_by_source_contract,descriptive_dependent_fold_pairs_no_confidence_interval,oof_shap/shap_stability_pairwise.csv,d4130a0923ceee91b2838a54cd310030a03ad81efa719ba381116135cf5d8a60,shap_stability_pairwise,133,c1300316fe5baec24e789c06aec35dd4f283fa4843b71c7aab1edbf4818f8e91,no_salary_hike_no_attrition_no_department,xgboost,d483d8ddb93a47a99a2eab54fe3d138d8f614798dd418bca860ea3f20c813f51,9.0,10.0,0c40ac47f34a79f121be0f46703ff5d11586c84f7713225479891b3f13158f47,41fb35fd298060cb981116856f85ea7263468ab34089afb7f407917a058b31fa,5,1.0,0.918796992481203,,,,,,,,,,,,,,,
canonical_v2_20260714T221501Z_483f96f,51415c2ce68c89d9ce2b042b0a7a811fe3e98180b72460006f9d0465f6bf49b7,06c507bee525ea1daca43b61249764007d4d8baaa05c9333f23446ea723ce160,f1e358e99914563305428cece1b1595bc76a58643184407ec5b222162d650332,98ae57b622a56983192975c5bff94374ed51322f13c76af633c3c96ceb198cdd,oof_shap_stability,inx_primary,"{""model"":""xgboost"",""policy"":""no_salary_hike_no_attrition_no_department""}",dependent_outer_fold_ranking_comparison,not_applicable_or_resolved_by_source_contract,descriptive_dependent_fold_pairs_no_confidence_interval,oof_shap/shap_stability_pairwise.csv,d4130a0923ceee91b2838a54cd310030a03ad81efa719ba381116135cf5d8a60,shap_stability_pairwise,134,c1300316fe5baec24e789c06aec35dd4f283fa4843b71c7aab1edbf4818f8e91,no_salary_hike_no_attrition_no_department,xgboost,d483d8ddb93a47a99a2eab54fe3d138d8f614798dd418bca860ea3f20c813f51,9.0,10.0,0c40ac47f34a79f121be0f46703ff5d11586c84f7713225479891b3f13158f47,41fb35fd298060cb981116856f85ea7263468ab34089afb7f407917a058b31fa,10,0.8181818181818182,0.918796992481203,,,,,,,,,,,,,,,
canonical_v2_20260714T221501Z_483f96f,51415c2ce68c89d9ce2b042b0a7a811fe3e98180b72460006f9d0465f6bf49b7,06c507bee525ea1daca43b61249764007d4d8baaa05c9333f23446ea723ce160,f1e358e99914563305428cece1b1595bc76a58643184407ec5b222162d650332,98ae57b622a56983192975c5bff94374ed51322f13c76af633c3c96ceb198cdd,oof_shap_stability,inx_primary,"{""model"":""xgboost"",""policy"":""no_salary_hike_no_attrition_no_department""}",dependent_outer_fold_ranking_comparison,not_applicable_or_resolved_by_source_contract,descriptive_dependent_fold_pairs_no_confidence_interval,oof_shap/shap_stability_pairwise.csv,d4130a0923ceee91b2838a54cd310030a03ad81efa719ba381116135cf5d8a60,shap_stability_pairwise,135,c1300316fe5baec24e789c06aec35dd4f283fa4843b71c7aab1edbf4818f8e91,no_salary_hike_no_attrition_no_department,xgboost,d483d8ddb93a47a99a2eab54fe3d138d8f614798dd418bca860ea3f20c813f51,9.0,10.0,0c40ac47f34a79f121be0f46703ff5d11586c84f7713225479891b3f13158f47,41fb35fd298060cb981116856f85ea7263468ab34089afb7f407917a058b31fa,15,0.7647058823529411,0.918796992481203,,,,,,,,,,,,,,,
canonical_v2_20260714T221501Z_483f96f,51415c2ce68c89d9ce2b042b0a7a811fe3e98180b72460006f9d0465f6bf49b7,06c507bee525ea1daca43b61249764007d4d8baaa05c9333f23446ea723ce160,f1e358e99914563305428cece1b1595bc76a58643184407ec5b222162d650332,98ae57b622a56983192975c5bff94374ed51322f13c76af633c3c96ceb198cdd,oof_shap_stability,inx_primary,"{""model"":""xgboost"",""policy"":""no_salary_hike_no_attrition_no_department""}",dependent_outer_fold_ranking_comparison,not_applicable_or_resolved_by_source_contract,descriptive_dependent_fold_pairs_no_confidence_interval,oof_shap/shap_stability_summary.csv,9de4bbc2838512eff822be3c51e946370d08ebbdf3225cae152b5102ced6f9a0,shap_stability_summary,1,c1300316fe5baec24e789c06aec35dd4f283fa4843b71c7aab1edbf4818f8e91,no_salary_hike_no_attrition_no_department,xgboost,d483d8ddb93a47a99a2eab54fe3d138d8f614798dd418bca860ea3f20c813f51,,,,,5,,,10.0,45.0,1.0,0.0,1.0,1.0,1.0,0.9066332497911448,0.041612711045273,0.9172932330827066,0.793984962406015,0.9774436090225564,False,False,descriptive_dependent_fold_pairs
canonical_v2_20260714T221501Z_483f96f,51415c2ce68c89d9ce2b042b0a7a811fe3e98180b72460006f9d0465f6bf49b7,06c507bee525ea1daca43b61249764007d4d8baaa05c9333f23446ea723ce160,f1e358e99914563305428cece1b1595bc76a58643184407ec5b222162d650332,98ae57b622a56983192975c5bff94374ed51322f13c76af633c3c96ceb198cdd,oof_shap_stability,inx_primary,"{""model"":""xgboost"",""policy"":""no_salary_hike_no_attrition_no_department""}",dependent_outer_fold_ranking_comparison,not_applicable_or_resolved_by_source_contract,descriptive_dependent_fold_pairs_no_confidence_interval,oof_shap/shap_stability_summary.csv,9de4bbc2838512eff822be3c51e946370d08ebbdf3225cae152b5102ced6f9a0,shap_stability_summary,2,c1300316fe5baec24e789c06aec35dd4f283fa4843b71c7aab1edbf4818f8e91,no_salary_hike_no_attrition_no_department,xgboost,d483d8ddb93a47a99a2eab54fe3d138d8f614798dd418bca860ea3f20c813f51,,,,,10,,,10.0,45.0,0.7944573944573946,0.0970842041482714,0.8181818181818182,0.5384615384615384,1.0,0.9066332497911448,0.041612711045273,0.9172932330827066,0.793984962406015,0.9774436090225564,False,False,descriptive_dependent_fold_pairs
canonical_v2_20260714T221501Z_483f96f,51415c2ce68c89d9ce2b042b0a7a811fe3e98180b72460006f9d0465f6bf49b7,06c507bee525ea1daca43b61249764007d4d8baaa05c9333f23446ea723ce160,f1e358e99914563305428cece1b1595bc76a58643184407ec5b222162d650332,98ae57b622a56983192975c5bff94374ed51322f13c76af633c3c96ceb198cdd,oof_shap_stability,inx_primary,"{""model"":""xgboost"",""policy"":""no_salary_hike_no_attrition_no_department""}",dependent_outer_fold_ranking_comparison,not_applicable_or_resolved_by_source_contract,descriptive_dependent_fold_pairs_no_confidence_interval,oof_shap/shap_stability_summary.csv,9de4bbc2838512eff822be3c51e946370d08ebbdf3225cae152b5102ced6f9a0,shap_stability_summary,3,c1300316fe5baec24e789c06aec35dd4f283fa4843b71c7aab1edbf4818f8e91,no_salary_hike_no_attrition_no_department,xgboost,d483d8ddb93a47a99a2eab54fe3d138d8f614798dd418bca860ea3f20c813f51,,,,,15,,,10.0,45.0,0.825,0.0762412146833934,0.875,0.6666666666666666,1.0,0.9066332497911448,0.041612711045273,0.9172932330827066,0.793984962406015,0.9774436090225564,False,False,descriptive_dependent_fold_pairs
