run_id,config_hash,scientific_input_hash,source_tree_hash,metric_schema_hash,table_id,dataset_identity,model_identity,evaluation_scope,denominator,uncertainty_method,source_artifact,source_sha256,source_record_type,source_row_number,fold_contract_hash,system_id,task_type,metric,point_estimate,ci_low,ci_high,bootstrap_std,n_samples,n_resamples,n_valid,confidence_level,method,strata,seed,resample_hash,better_direction,domain_low,domain_high,comparison_id,system_a,system_b,estimate_a,estimate_b,raw_difference_a_minus_b,raw_difference_ci_low,raw_difference_ci_high,improvement_oriented_difference,improvement_ci_low,improvement_ci_high,primary_metric,primary_gate_comparison,gate_eligible,gate_triggered,outer_fold,model,selected_candidate_index,selected_candidate_parameters_json,fixed_parameters_json,selection_metric,selected_inner_mean,selection_tie_break_metric,selected_tie_break_inner_mean,primary_practical_tie_tolerance,primary_tie_candidate_indices_json,tie_breaking,outer_test_used_for_selection
canonical_v2_20260714T221501Z_483f96f,51415c2ce68c89d9ce2b042b0a7a811fe3e98180b72460006f9d0465f6bf49b7,06c507bee525ea1daca43b61249764007d4d8baaa05c9333f23446ea723ce160,f1e358e99914563305428cece1b1595bc76a58643184407ec5b222162d650332,98ae57b622a56983192975c5bff94374ed51322f13c76af633c3c96ceb198cdd,four_model_nested_benchmark,inx_primary,"{""system_id"":""lightgbm""}",ten_outer_by_five_inner_fold_exactly_once_oof_benchmark,1200,paired_stratified_percentile_bootstrap_5000_draws,model_benchmarks/model_summary.csv,2e13557ae4d11e3538a758ab92734ec3cf6bf50a7aee04a00775479fd8e79150,model_summary,1,c1300316fe5baec24e789c06aec35dd4f283fa4843b71c7aab1edbf4818f8e91,lightgbm,ordinal_multiclass_performance,accuracy,0.8041666666666667,0.7875,0.8208333333333333,0.0085362772018488,1200.0,5000.0,5000.0,0.95,paired_stratified_percentile,outer_fold;y_true,42.0,3528e4377f9907c2a7c1b51806abf09e0ec2d5513da630618b0a0cb9950a37d0,higher,0.0,1.0,,,,,,,,,,,,,,,,,,,,,,,,,,,,
canonical_v2_20260714T221501Z_483f96f,51415c2ce68c89d9ce2b042b0a7a811fe3e98180b72460006f9d0465f6bf49b7,06c507bee525ea1daca43b61249764007d4d8baaa05c9333f23446ea723ce160,f1e358e99914563305428cece1b1595bc76a58643184407ec5b222162d650332,98ae57b622a56983192975c5bff94374ed51322f13c76af633c3c96ceb198cdd,four_model_nested_benchmark,inx_primary,"{""system_id"":""lightgbm""}",ten_outer_by_five_inner_fold_exactly_once_oof_benchmark,1200,paired_stratified_percentile_bootstrap_5000_draws,model_benchmarks/model_summary.csv,2e13557ae4d11e3538a758ab92734ec3cf6bf50a7aee04a00775479fd8e79150,model_summary,2,c1300316fe5baec24e789c06aec35dd4f283fa4843b71c7aab1edbf4818f8e91,lightgbm,ordinal_multiclass_performance,balanced_accuracy,0.6218085690708305,0.6022892260975844,0.6418344503922425,0.0100997002529099,1200.0,5000.0,5000.0,0.95,paired_stratified_percentile,outer_fold;y_true,42.0,3528e4377f9907c2a7c1b51806abf09e0ec2d5513da630618b0a0cb9950a37d0,higher,0.0,1.0,,,,,,,,,,,,,,,,,,,,,,,,,,,,
canonical_v2_20260714T221501Z_483f96f,51415c2ce68c89d9ce2b042b0a7a811fe3e98180b72460006f9d0465f6bf49b7,06c507bee525ea1daca43b61249764007d4d8baaa05c9333f23446ea723ce160,f1e358e99914563305428cece1b1595bc76a58643184407ec5b222162d650332,98ae57b622a56983192975c5bff94374ed51322f13c76af633c3c96ceb198cdd,four_model_nested_benchmark,inx_primary,"{""system_id"":""lightgbm""}",ten_outer_by_five_inner_fold_exactly_once_oof_benchmark,1200,paired_stratified_percentile_bootstrap_5000_draws,model_benchmarks/model_summary.csv,2e13557ae4d11e3538a758ab92734ec3cf6bf50a7aee04a00775479fd8e79150,model_summary,3,c1300316fe5baec24e789c06aec35dd4f283fa4843b71c7aab1edbf4818f8e91,lightgbm,ordinal_multiclass_performance,macro_f1,0.6054877989025346,0.5833146378956902,0.6291737099887058,0.0115690085304752,1200.0,5000.0,5000.0,0.95,paired_stratified_percentile,outer_fold;y_true,42.0,3528e4377f9907c2a7c1b51806abf09e0ec2d5513da630618b0a0cb9950a37d0,higher,0.0,1.0,,,,,,,,,,,,,,,,,,,,,,,,,,,,
canonical_v2_20260714T221501Z_483f96f,51415c2ce68c89d9ce2b042b0a7a811fe3e98180b72460006f9d0465f6bf49b7,06c507bee525ea1daca43b61249764007d4d8baaa05c9333f23446ea723ce160,f1e358e99914563305428cece1b1595bc76a58643184407ec5b222162d650332,98ae57b622a56983192975c5bff94374ed51322f13c76af633c3c96ceb198cdd,four_model_nested_benchmark,inx_primary,"{""system_id"":""lightgbm""}",ten_outer_by_five_inner_fold_exactly_once_oof_benchmark,1200,paired_stratified_percentile_bootstrap_5000_draws,model_benchmarks/model_summary.csv,2e13557ae4d11e3538a758ab92734ec3cf6bf50a7aee04a00775479fd8e79150,model_summary,4,c1300316fe5baec24e789c06aec35dd4f283fa4843b71c7aab1edbf4818f8e91,lightgbm,ordinal_multiclass_performance,quadratic_weighted_kappa,0.5883292466200256,0.55591597830412,0.6199449522500194,0.016449056801046,1200.0,5000.0,5000.0,0.95,paired_stratified_percentile,outer_fold;y_true,42.0,3528e4377f9907c2a7c1b51806abf09e0ec2d5513da630618b0a0cb9950a37d0,higher,-1.0,1.0,,,,,,,,,,,,,,,,,,,,,,,,,,,,
canonical_v2_20260714T221501Z_483f96f,51415c2ce68c89d9ce2b042b0a7a811fe3e98180b72460006f9d0465f6bf49b7,06c507bee525ea1daca43b61249764007d4d8baaa05c9333f23446ea723ce160,f1e358e99914563305428cece1b1595bc76a58643184407ec5b222162d650332,98ae57b622a56983192975c5bff94374ed51322f13c76af633c3c96ceb198cdd,four_model_nested_benchmark,inx_primary,"{""system_id"":""lightgbm""}",ten_outer_by_five_inner_fold_exactly_once_oof_benchmark,1200,paired_stratified_percentile_bootstrap_5000_draws,model_benchmarks/model_summary.csv,2e13557ae4d11e3538a758ab92734ec3cf6bf50a7aee04a00775479fd8e79150,model_summary,5,c1300316fe5baec24e789c06aec35dd4f283fa4843b71c7aab1edbf4818f8e91,lightgbm,ordinal_multiclass_performance,ordinal_mae,0.1983333333333333,0.1816666666666666,0.2158333333333333,0.0087025427918886,1200.0,5000.0,5000.0,0.95,paired_stratified_percentile,outer_fold;y_true,42.0,3528e4377f9907c2a7c1b51806abf09e0ec2d5513da630618b0a0cb9950a37d0,lower,0.0,2.0,,,,,,,,,,,,,,,,,,,,,,,,,,,,
canonical_v2_20260714T221501Z_483f96f,51415c2ce68c89d9ce2b042b0a7a811fe3e98180b72460006f9d0465f6bf49b7,06c507bee525ea1daca43b61249764007d4d8baaa05c9333f23446ea723ce160,f1e358e99914563305428cece1b1595bc76a58643184407ec5b222162d650332,98ae57b622a56983192975c5bff94374ed51322f13c76af633c3c96ceb198cdd,four_model_nested_benchmark,inx_primary,"{""system_id"":""lightgbm""}",ten_outer_by_five_inner_fold_exactly_once_oof_benchmark,1200,paired_stratified_percentile_bootstrap_5000_draws,model_benchmarks/model_summary.csv,2e13557ae4d11e3538a758ab92734ec3cf6bf50a7aee04a00775479fd8e79150,model_summary,6,c1300316fe5baec24e789c06aec35dd4f283fa4843b71c7aab1edbf4818f8e91,lightgbm,ordinal_multiclass_performance,severe_error_rate,0.0025,0.0,0.0058333333333333,0.0013997329369931,1200.0,5000.0,5000.0,0.95,paired_stratified_percentile,outer_fold;y_true,42.0,3528e4377f9907c2a7c1b51806abf09e0ec2d5513da630618b0a0cb9950a37d0,lower,0.0,1.0,,,,,,,,,,,,,,,,,,,,,,,,,,,,
canonical_v2_20260714T221501Z_483f96f,51415c2ce68c89d9ce2b042b0a7a811fe3e98180b72460006f9d0465f6bf49b7,06c507bee525ea1daca43b61249764007d4d8baaa05c9333f23446ea723ce160,f1e358e99914563305428cece1b1595bc76a58643184407ec5b222162d650332,98ae57b622a56983192975c5bff94374ed51322f13c76af633c3c96ceb198cdd,four_model_nested_benchmark,inx_primary,"{""system_id"":""lightgbm""}",ten_outer_by_five_inner_fold_exactly_once_oof_benchmark,1200,paired_stratified_percentile_bootstrap_5000_draws,model_benchmarks/model_summary.csv,2e13557ae4d11e3538a758ab92734ec3cf6bf50a7aee04a00775479fd8e79150,model_summary,7,c1300316fe5baec24e789c06aec35dd4f283fa4843b71c7aab1edbf4818f8e91,lightgbm,ordinal_multiclass_performance,nll_log_loss,0.5882905279384014,0.539892666239514,0.6395905630813228,0.0254897991619343,1200.0,5000.0,5000.0,0.95,paired_stratified_percentile,outer_fold;y_true,42.0,3528e4377f9907c2a7c1b51806abf09e0ec2d5513da630618b0a0cb9950a37d0,lower,0.0,inf,,,,,,,,,,,,,,,,,,,,,,,,,,,,
canonical_v2_20260714T221501Z_483f96f,51415c2ce68c89d9ce2b042b0a7a811fe3e98180b72460006f9d0465f6bf49b7,06c507bee525ea1daca43b61249764007d4d8baaa05c9333f23446ea723ce160,f1e358e99914563305428cece1b1595bc76a58643184407ec5b222162d650332,98ae57b622a56983192975c5bff94374ed51322f13c76af633c3c96ceb198cdd,four_model_nested_benchmark,inx_primary,"{""system_id"":""lightgbm""}",ten_outer_by_five_inner_fold_exactly_once_oof_benchmark,1200,paired_stratified_percentile_bootstrap_5000_draws,model_benchmarks/model_summary.csv,2e13557ae4d11e3538a758ab92734ec3cf6bf50a7aee04a00775479fd8e79150,model_summary,8,c1300316fe5baec24e789c06aec35dd4f283fa4843b71c7aab1edbf4818f8e91,lightgbm,ordinal_multiclass_performance,multiclass_brier,0.3172884931228408,0.2950111725284468,0.3411888668248266,0.0117729299601838,1200.0,5000.0,5000.0,0.95,paired_stratified_percentile,outer_fold;y_true,42.0,3528e4377f9907c2a7c1b51806abf09e0ec2d5513da630618b0a0cb9950a37d0,lower,0.0,2.0,,,,,,,,,,,,,,,,,,,,,,,,,,,,
canonical_v2_20260714T221501Z_483f96f,51415c2ce68c89d9ce2b042b0a7a811fe3e98180b72460006f9d0465f6bf49b7,06c507bee525ea1daca43b61249764007d4d8baaa05c9333f23446ea723ce160,f1e358e99914563305428cece1b1595bc76a58643184407ec5b222162d650332,98ae57b622a56983192975c5bff94374ed51322f13c76af633c3c96ceb198cdd,four_model_nested_benchmark,inx_primary,"{""system_id"":""lightgbm""}",ten_outer_by_five_inner_fold_exactly_once_oof_benchmark,1200,paired_stratified_percentile_bootstrap_5000_draws,model_benchmarks/model_summary.csv,2e13557ae4d11e3538a758ab92734ec3cf6bf50a7aee04a00775479fd8e79150,model_summary,9,c1300316fe5baec24e789c06aec35dd4f283fa4843b71c7aab1edbf4818f8e91,lightgbm,ordinal_multiclass_performance,ece_confidence,0.0863798850926046,0.0742207539447583,0.1047752488227799,0.0078427789204947,1200.0,5000.0,5000.0,0.95,paired_stratified_percentile,outer_fold;y_true,42.0,3528e4377f9907c2a7c1b51806abf09e0ec2d5513da630618b0a0cb9950a37d0,lower,0.0,1.0,,,,,,,,,,,,,,,,,,,,,,,,,,,,
canonical_v2_20260714T221501Z_483f96f,51415c2ce68c89d9ce2b042b0a7a811fe3e98180b72460006f9d0465f6bf49b7,06c507bee525ea1daca43b61249764007d4d8baaa05c9333f23446ea723ce160,f1e358e99914563305428cece1b1595bc76a58643184407ec5b222162d650332,98ae57b622a56983192975c5bff94374ed51322f13c76af633c3c96ceb198cdd,four_model_nested_benchmark,inx_primary,"{""system_id"":""logistic_regression""}",ten_outer_by_five_inner_fold_exactly_once_oof_benchmark,1200,paired_stratified_percentile_bootstrap_5000_draws,model_benchmarks/model_summary.csv,2e13557ae4d11e3538a758ab92734ec3cf6bf50a7aee04a00775479fd8e79150,model_summary,10,c1300316fe5baec24e789c06aec35dd4f283fa4843b71c7aab1edbf4818f8e91,logistic_regression,ordinal_multiclass_performance,accuracy,0.6575,0.6358333333333334,0.6791666666666667,0.0110906343015906,1200.0,5000.0,5000.0,0.95,paired_stratified_percentile,outer_fold;y_true,42.0,3528e4377f9907c2a7c1b51806abf09e0ec2d5513da630618b0a0cb9950a37d0,higher,0.0,1.0,,,,,,,,,,,,,,,,,,,,,,,,,,,,
canonical_v2_20260714T221501Z_483f96f,51415c2ce68c89d9ce2b042b0a7a811fe3e98180b72460006f9d0465f6bf49b7,06c507bee525ea1daca43b61249764007d4d8baaa05c9333f23446ea723ce160,f1e358e99914563305428cece1b1595bc76a58643184407ec5b222162d650332,98ae57b622a56983192975c5bff94374ed51322f13c76af633c3c96ceb198cdd,four_model_nested_benchmark,inx_primary,"{""system_id"":""logistic_regression""}",ten_outer_by_five_inner_fold_exactly_once_oof_benchmark,1200,paired_stratified_percentile_bootstrap_5000_draws,model_benchmarks/model_summary.csv,2e13557ae4d11e3538a758ab92734ec3cf6bf50a7aee04a00775479fd8e79150,model_summary,11,c1300316fe5baec24e789c06aec35dd4f283fa4843b71c7aab1edbf4818f8e91,logistic_regression,ordinal_multiclass_performance,balanced_accuracy,0.5240114347370947,0.4950156332248385,0.5528363547122837,0.0146143734767463,1200.0,5000.0,5000.0,0.95,paired_stratified_percentile,outer_fold;y_true,42.0,3528e4377f9907c2a7c1b51806abf09e0ec2d5513da630618b0a0cb9950a37d0,higher,0.0,1.0,,,,,,,,,,,,,,,,,,,,,,,,,,,,
canonical_v2_20260714T221501Z_483f96f,51415c2ce68c89d9ce2b042b0a7a811fe3e98180b72460006f9d0465f6bf49b7,06c507bee525ea1daca43b61249764007d4d8baaa05c9333f23446ea723ce160,f1e358e99914563305428cece1b1595bc76a58643184407ec5b222162d650332,98ae57b622a56983192975c5bff94374ed51322f13c76af633c3c96ceb198cdd,four_model_nested_benchmark,inx_primary,"{""system_id"":""logistic_regression""}",ten_outer_by_five_inner_fold_exactly_once_oof_benchmark,1200,paired_stratified_percentile_bootstrap_5000_draws,model_benchmarks/model_summary.csv,2e13557ae4d11e3538a758ab92734ec3cf6bf50a7aee04a00775479fd8e79150,model_summary,12,c1300316fe5baec24e789c06aec35dd4f283fa4843b71c7aab1edbf4818f8e91,logistic_regression,ordinal_multiclass_performance,macro_f1,0.5062207027280411,0.480282663864473,0.5318407479346046,0.0130435268357628,1200.0,5000.0,5000.0,0.95,paired_stratified_percentile,outer_fold;y_true,42.0,3528e4377f9907c2a7c1b51806abf09e0ec2d5513da630618b0a0cb9950a37d0,higher,0.0,1.0,,,,,,,,,,,,,,,,,,,,,,,,,,,,
canonical_v2_20260714T221501Z_483f96f,51415c2ce68c89d9ce2b042b0a7a811fe3e98180b72460006f9d0465f6bf49b7,06c507bee525ea1daca43b61249764007d4d8baaa05c9333f23446ea723ce160,f1e358e99914563305428cece1b1595bc76a58643184407ec5b222162d650332,98ae57b622a56983192975c5bff94374ed51322f13c76af633c3c96ceb198cdd,four_model_nested_benchmark,inx_primary,"{""system_id"":""logistic_regression""}",ten_outer_by_five_inner_fold_exactly_once_oof_benchmark,1200,paired_stratified_percentile_bootstrap_5000_draws,model_benchmarks/model_summary.csv,2e13557ae4d11e3538a758ab92734ec3cf6bf50a7aee04a00775479fd8e79150,model_summary,13,c1300316fe5baec24e789c06aec35dd4f283fa4843b71c7aab1edbf4818f8e91,logistic_regression,ordinal_multiclass_performance,quadratic_weighted_kappa,0.3710113475438177,0.3259717577362251,0.4149155196885946,0.0227465760902448,1200.0,5000.0,5000.0,0.95,paired_stratified_percentile,outer_fold;y_true,42.0,3528e4377f9907c2a7c1b51806abf09e0ec2d5513da630618b0a0cb9950a37d0,higher,-1.0,1.0,,,,,,,,,,,,,,,,,,,,,,,,,,,,
canonical_v2_20260714T221501Z_483f96f,51415c2ce68c89d9ce2b042b0a7a811fe3e98180b72460006f9d0465f6bf49b7,06c507bee525ea1daca43b61249764007d4d8baaa05c9333f23446ea723ce160,f1e358e99914563305428cece1b1595bc76a58643184407ec5b222162d650332,98ae57b622a56983192975c5bff94374ed51322f13c76af633c3c96ceb198cdd,four_model_nested_benchmark,inx_primary,"{""system_id"":""logistic_regression""}",ten_outer_by_five_inner_fold_exactly_once_oof_benchmark,1200,paired_stratified_percentile_bootstrap_5000_draws,model_benchmarks/model_summary.csv,2e13557ae4d11e3538a758ab92734ec3cf6bf50a7aee04a00775479fd8e79150,model_summary,14,c1300316fe5baec24e789c06aec35dd4f283fa4843b71c7aab1edbf4818f8e91,logistic_regression,ordinal_multiclass_performance,ordinal_mae,0.355,0.3316666666666666,0.3783333333333333,0.0118668321855077,1200.0,5000.0,5000.0,0.95,paired_stratified_percentile,outer_fold;y_true,42.0,3528e4377f9907c2a7c1b51806abf09e0ec2d5513da630618b0a0cb9950a37d0,lower,0.0,2.0,,,,,,,,,,,,,,,,,,,,,,,,,,,,
canonical_v2_20260714T221501Z_483f96f,51415c2ce68c89d9ce2b042b0a7a811fe3e98180b72460006f9d0465f6bf49b7,06c507bee525ea1daca43b61249764007d4d8baaa05c9333f23446ea723ce160,f1e358e99914563305428cece1b1595bc76a58643184407ec5b222162d650332,98ae57b622a56983192975c5bff94374ed51322f13c76af633c3c96ceb198cdd,four_model_nested_benchmark,inx_primary,"{""system_id"":""logistic_regression""}",ten_outer_by_five_inner_fold_exactly_once_oof_benchmark,1200,paired_stratified_percentile_bootstrap_5000_draws,model_benchmarks/model_summary.csv,2e13557ae4d11e3538a758ab92734ec3cf6bf50a7aee04a00775479fd8e79150,model_summary,15,c1300316fe5baec24e789c06aec35dd4f283fa4843b71c7aab1edbf4818f8e91,logistic_regression,ordinal_multiclass_performance,severe_error_rate,0.0125,0.0066666666666666,0.0183333333333333,0.0029620838027911,1200.0,5000.0,5000.0,0.95,paired_stratified_percentile,outer_fold;y_true,42.0,3528e4377f9907c2a7c1b51806abf09e0ec2d5513da630618b0a0cb9950a37d0,lower,0.0,1.0,,,,,,,,,,,,,,,,,,,,,,,,,,,,
canonical_v2_20260714T221501Z_483f96f,51415c2ce68c89d9ce2b042b0a7a811fe3e98180b72460006f9d0465f6bf49b7,06c507bee525ea1daca43b61249764007d4d8baaa05c9333f23446ea723ce160,f1e358e99914563305428cece1b1595bc76a58643184407ec5b222162d650332,98ae57b622a56983192975c5bff94374ed51322f13c76af633c3c96ceb198cdd,four_model_nested_benchmark,inx_primary,"{""system_id"":""logistic_regression""}",ten_outer_by_five_inner_fold_exactly_once_oof_benchmark,1200,paired_stratified_percentile_bootstrap_5000_draws,model_benchmarks/model_summary.csv,2e13557ae4d11e3538a758ab92734ec3cf6bf50a7aee04a00775479fd8e79150,model_summary,16,c1300316fe5baec24e789c06aec35dd4f283fa4843b71c7aab1edbf4818f8e91,logistic_regression,ordinal_multiclass_performance,nll_log_loss,0.7142190792589431,0.681468189894473,0.7481481215126948,0.017030599428279,1200.0,5000.0,5000.0,0.95,paired_stratified_percentile,outer_fold;y_true,42.0,3528e4377f9907c2a7c1b51806abf09e0ec2d5513da630618b0a0cb9950a37d0,lower,0.0,inf,,,,,,,,,,,,,,,,,,,,,,,,,,,,
canonical_v2_20260714T221501Z_483f96f,51415c2ce68c89d9ce2b042b0a7a811fe3e98180b72460006f9d0465f6bf49b7,06c507bee525ea1daca43b61249764007d4d8baaa05c9333f23446ea723ce160,f1e358e99914563305428cece1b1595bc76a58643184407ec5b222162d650332,98ae57b622a56983192975c5bff94374ed51322f13c76af633c3c96ceb198cdd,four_model_nested_benchmark,inx_primary,"{""system_id"":""logistic_regression""}",ten_outer_by_five_inner_fold_exactly_once_oof_benchmark,1200,paired_stratified_percentile_bootstrap_5000_draws,model_benchmarks/model_summary.csv,2e13557ae4d11e3538a758ab92734ec3cf6bf50a7aee04a00775479fd8e79150,model_summary,17,c1300316fe5baec24e789c06aec35dd4f283fa4843b71c7aab1edbf4818f8e91,logistic_regression,ordinal_multiclass_performance,multiclass_brier,0.4414988252803433,0.4214516384729124,0.4621540472626418,0.0102892387422354,1200.0,5000.0,5000.0,0.95,paired_stratified_percentile,outer_fold;y_true,42.0,3528e4377f9907c2a7c1b51806abf09e0ec2d5513da630618b0a0cb9950a37d0,lower,0.0,2.0,,,,,,,,,,,,,,,,,,,,,,,,,,,,
canonical_v2_20260714T221501Z_483f96f,51415c2ce68c89d9ce2b042b0a7a811fe3e98180b72460006f9d0465f6bf49b7,06c507bee525ea1daca43b61249764007d4d8baaa05c9333f23446ea723ce160,f1e358e99914563305428cece1b1595bc76a58643184407ec5b222162d650332,98ae57b622a56983192975c5bff94374ed51322f13c76af633c3c96ceb198cdd,four_model_nested_benchmark,inx_primary,"{""system_id"":""logistic_regression""}",ten_outer_by_five_inner_fold_exactly_once_oof_benchmark,1200,paired_stratified_percentile_bootstrap_5000_draws,model_benchmarks/model_summary.csv,2e13557ae4d11e3538a758ab92734ec3cf6bf50a7aee04a00775479fd8e79150,model_summary,18,c1300316fe5baec24e789c06aec35dd4f283fa4843b71c7aab1edbf4818f8e91,logistic_regression,ordinal_multiclass_performance,ece_confidence,0.0814911772128708,0.0623130157673399,0.1034692179229778,0.0105882472398881,1200.0,5000.0,5000.0,0.95,paired_stratified_percentile,outer_fold;y_true,42.0,3528e4377f9907c2a7c1b51806abf09e0ec2d5513da630618b0a0cb9950a37d0,lower,0.0,1.0,,,,,,,,,,,,,,,,,,,,,,,,,,,,
canonical_v2_20260714T221501Z_483f96f,51415c2ce68c89d9ce2b042b0a7a811fe3e98180b72460006f9d0465f6bf49b7,06c507bee525ea1daca43b61249764007d4d8baaa05c9333f23446ea723ce160,f1e358e99914563305428cece1b1595bc76a58643184407ec5b222162d650332,98ae57b622a56983192975c5bff94374ed51322f13c76af633c3c96ceb198cdd,four_model_nested_benchmark,inx_primary,"{""system_id"":""random_forest""}",ten_outer_by_five_inner_fold_exactly_once_oof_benchmark,1200,paired_stratified_percentile_bootstrap_5000_draws,model_benchmarks/model_summary.csv,2e13557ae4d11e3538a758ab92734ec3cf6bf50a7aee04a00775479fd8e79150,model_summary,19,c1300316fe5baec24e789c06aec35dd4f283fa4843b71c7aab1edbf4818f8e91,random_forest,ordinal_multiclass_performance,accuracy,0.8433333333333334,0.8316666666666667,0.855,0.0059696715483918,1200.0,5000.0,5000.0,0.95,paired_stratified_percentile,outer_fold;y_true,42.0,3528e4377f9907c2a7c1b51806abf09e0ec2d5513da630618b0a0cb9950a37d0,higher,0.0,1.0,,,,,,,,,,,,,,,,,,,,,,,,,,,,
canonical_v2_20260714T221501Z_483f96f,51415c2ce68c89d9ce2b042b0a7a811fe3e98180b72460006f9d0465f6bf49b7,06c507bee525ea1daca43b61249764007d4d8baaa05c9333f23446ea723ce160,f1e358e99914563305428cece1b1595bc76a58643184407ec5b222162d650332,98ae57b622a56983192975c5bff94374ed51322f13c76af633c3c96ceb198cdd,four_model_nested_benchmark,inx_primary,"{""system_id"":""random_forest""}",ten_outer_by_five_inner_fold_exactly_once_oof_benchmark,1200,paired_stratified_percentile_bootstrap_5000_draws,model_benchmarks/model_summary.csv,2e13557ae4d11e3538a758ab92734ec3cf6bf50a7aee04a00775479fd8e79150,model_summary,20,c1300316fe5baec24e789c06aec35dd4f283fa4843b71c7aab1edbf4818f8e91,random_forest,ordinal_multiclass_performance,balanced_accuracy,0.6252565524074641,0.6118875179881573,0.6376654320696408,0.0066360995914696,1200.0,5000.0,5000.0,0.95,paired_stratified_percentile,outer_fold;y_true,42.0,3528e4377f9907c2a7c1b51806abf09e0ec2d5513da630618b0a0cb9950a37d0,higher,0.0,1.0,,,,,,,,,,,,,,,,,,,,,,,,,,,,
canonical_v2_20260714T221501Z_483f96f,51415c2ce68c89d9ce2b042b0a7a811fe3e98180b72460006f9d0465f6bf49b7,06c507bee525ea1daca43b61249764007d4d8baaa05c9333f23446ea723ce160,f1e358e99914563305428cece1b1595bc76a58643184407ec5b222162d650332,98ae57b622a56983192975c5bff94374ed51322f13c76af633c3c96ceb198cdd,four_model_nested_benchmark,inx_primary,"{""system_id"":""random_forest""}",ten_outer_by_five_inner_fold_exactly_once_oof_benchmark,1200,paired_stratified_percentile_bootstrap_5000_draws,model_benchmarks/model_summary.csv,2e13557ae4d11e3538a758ab92734ec3cf6bf50a7aee04a00775479fd8e79150,model_summary,21,c1300316fe5baec24e789c06aec35dd4f283fa4843b71c7aab1edbf4818f8e91,random_forest,ordinal_multiclass_performance,macro_f1,0.5923396716497974,0.5795710868551207,0.6047567656574316,0.0064482896168923,1200.0,5000.0,5000.0,0.95,paired_stratified_percentile,outer_fold;y_true,42.0,3528e4377f9907c2a7c1b51806abf09e0ec2d5513da630618b0a0cb9950a37d0,higher,0.0,1.0,,,,,,,,,,,,,,,,,,,,,,,,,,,,
canonical_v2_20260714T221501Z_483f96f,51415c2ce68c89d9ce2b042b0a7a811fe3e98180b72460006f9d0465f6bf49b7,06c507bee525ea1daca43b61249764007d4d8baaa05c9333f23446ea723ce160,f1e358e99914563305428cece1b1595bc76a58643184407ec5b222162d650332,98ae57b622a56983192975c5bff94374ed51322f13c76af633c3c96ceb198cdd,four_model_nested_benchmark,inx_primary,"{""system_id"":""random_forest""}",ten_outer_by_five_inner_fold_exactly_once_oof_benchmark,1200,paired_stratified_percentile_bootstrap_5000_draws,model_benchmarks/model_summary.csv,2e13557ae4d11e3538a758ab92734ec3cf6bf50a7aee04a00775479fd8e79150,model_summary,22,c1300316fe5baec24e789c06aec35dd4f283fa4843b71c7aab1edbf4818f8e91,random_forest,ordinal_multiclass_performance,quadratic_weighted_kappa,0.6316782057286063,0.6037082379065317,0.6582590972859432,0.0137932273236887,1200.0,5000.0,5000.0,0.95,paired_stratified_percentile,outer_fold;y_true,42.0,3528e4377f9907c2a7c1b51806abf09e0ec2d5513da630618b0a0cb9950a37d0,higher,-1.0,1.0,,,,,,,,,,,,,,,,,,,,,,,,,,,,
canonical_v2_20260714T221501Z_483f96f,51415c2ce68c89d9ce2b042b0a7a811fe3e98180b72460006f9d0465f6bf49b7,06c507bee525ea1daca43b61249764007d4d8baaa05c9333f23446ea723ce160,f1e358e99914563305428cece1b1595bc76a58643184407ec5b222162d650332,98ae57b622a56983192975c5bff94374ed51322f13c76af633c3c96ceb198cdd,four_model_nested_benchmark,inx_primary,"{""system_id"":""random_forest""}",ten_outer_by_five_inner_fold_exactly_once_oof_benchmark,1200,paired_stratified_percentile_bootstrap_5000_draws,model_benchmarks/model_summary.csv,2e13557ae4d11e3538a758ab92734ec3cf6bf50a7aee04a00775479fd8e79150,model_summary,23,c1300316fe5baec24e789c06aec35dd4f283fa4843b71c7aab1edbf4818f8e91,random_forest,ordinal_multiclass_performance,ordinal_mae,0.1583333333333333,0.1466666666666666,0.17,0.0060787243051347,1200.0,5000.0,5000.0,0.95,paired_stratified_percentile,outer_fold;y_true,42.0,3528e4377f9907c2a7c1b51806abf09e0ec2d5513da630618b0a0cb9950a37d0,lower,0.0,2.0,,,,,,,,,,,,,,,,,,,,,,,,,,,,
canonical_v2_20260714T221501Z_483f96f,51415c2ce68c89d9ce2b042b0a7a811fe3e98180b72460006f9d0465f6bf49b7,06c507bee525ea1daca43b61249764007d4d8baaa05c9333f23446ea723ce160,f1e358e99914563305428cece1b1595bc76a58643184407ec5b222162d650332,98ae57b622a56983192975c5bff94374ed51322f13c76af633c3c96ceb198cdd,four_model_nested_benchmark,inx_primary,"{""system_id"":""random_forest""}",ten_outer_by_five_inner_fold_exactly_once_oof_benchmark,1200,paired_stratified_percentile_bootstrap_5000_draws,model_benchmarks/model_summary.csv,2e13557ae4d11e3538a758ab92734ec3cf6bf50a7aee04a00775479fd8e79150,model_summary,24,c1300316fe5baec24e789c06aec35dd4f283fa4843b71c7aab1edbf4818f8e91,random_forest,ordinal_multiclass_performance,severe_error_rate,0.0016666666666666,0.0,0.0041666666666666,0.0011365957617115,1200.0,5000.0,5000.0,0.95,paired_stratified_percentile,outer_fold;y_true,42.0,3528e4377f9907c2a7c1b51806abf09e0ec2d5513da630618b0a0cb9950a37d0,lower,0.0,1.0,,,,,,,,,,,,,,,,,,,,,,,,,,,,
canonical_v2_20260714T221501Z_483f96f,51415c2ce68c89d9ce2b042b0a7a811fe3e98180b72460006f9d0465f6bf49b7,06c507bee525ea1daca43b61249764007d4d8baaa05c9333f23446ea723ce160,f1e358e99914563305428cece1b1595bc76a58643184407ec5b222162d650332,98ae57b622a56983192975c5bff94374ed51322f13c76af633c3c96ceb198cdd,four_model_nested_benchmark,inx_primary,"{""system_id"":""random_forest""}",ten_outer_by_five_inner_fold_exactly_once_oof_benchmark,1200,paired_stratified_percentile_bootstrap_5000_draws,model_benchmarks/model_summary.csv,2e13557ae4d11e3538a758ab92734ec3cf6bf50a7aee04a00775479fd8e79150,model_summary,25,c1300316fe5baec24e789c06aec35dd4f283fa4843b71c7aab1edbf4818f8e91,random_forest,ordinal_multiclass_performance,nll_log_loss,0.5982140010442768,0.5840275089308268,0.6124975835093494,0.0073759525891693,1200.0,5000.0,5000.0,0.95,paired_stratified_percentile,outer_fold;y_true,42.0,3528e4377f9907c2a7c1b51806abf09e0ec2d5513da630618b0a0cb9950a37d0,lower,0.0,inf,,,,,,,,,,,,,,,,,,,,,,,,,,,,
canonical_v2_20260714T221501Z_483f96f,51415c2ce68c89d9ce2b042b0a7a811fe3e98180b72460006f9d0465f6bf49b7,06c507bee525ea1daca43b61249764007d4d8baaa05c9333f23446ea723ce160,f1e358e99914563305428cece1b1595bc76a58643184407ec5b222162d650332,98ae57b622a56983192975c5bff94374ed51322f13c76af633c3c96ceb198cdd,four_model_nested_benchmark,inx_primary,"{""system_id"":""random_forest""}",ten_outer_by_five_inner_fold_exactly_once_oof_benchmark,1200,paired_stratified_percentile_bootstrap_5000_draws,model_benchmarks/model_summary.csv,2e13557ae4d11e3538a758ab92734ec3cf6bf50a7aee04a00775479fd8e79150,model_summary,26,c1300316fe5baec24e789c06aec35dd4f283fa4843b71c7aab1edbf4818f8e91,random_forest,ordinal_multiclass_performance,multiclass_brier,0.3412800646473824,0.3307696151884332,0.3519847270753678,0.0055193278786561,1200.0,5000.0,5000.0,0.95,paired_stratified_percentile,outer_fold;y_true,42.0,3528e4377f9907c2a7c1b51806abf09e0ec2d5513da630618b0a0cb9950a37d0,lower,0.0,2.0,,,,,,,,,,,,,,,,,,,,,,,,,,,,
canonical_v2_20260714T221501Z_483f96f,51415c2ce68c89d9ce2b042b0a7a811fe3e98180b72460006f9d0465f6bf49b7,06c507bee525ea1daca43b61249764007d4d8baaa05c9333f23446ea723ce160,f1e358e99914563305428cece1b1595bc76a58643184407ec5b222162d650332,98ae57b622a56983192975c5bff94374ed51322f13c76af633c3c96ceb198cdd,four_model_nested_benchmark,inx_primary,"{""system_id"":""random_forest""}",ten_outer_by_five_inner_fold_exactly_once_oof_benchmark,1200,paired_stratified_percentile_bootstrap_5000_draws,model_benchmarks/model_summary.csv,2e13557ae4d11e3538a758ab92734ec3cf6bf50a7aee04a00775479fd8e79150,model_summary,27,c1300316fe5baec24e789c06aec35dd4f283fa4843b71c7aab1edbf4818f8e91,random_forest,ordinal_multiclass_performance,ece_confidence,0.2085914992186787,0.1966780199893301,0.2211698256940923,0.0063415671520737,1200.0,5000.0,5000.0,0.95,paired_stratified_percentile,outer_fold;y_true,42.0,3528e4377f9907c2a7c1b51806abf09e0ec2d5513da630618b0a0cb9950a37d0,lower,0.0,1.0,,,,,,,,,,,,,,,,,,,,,,,,,,,,
canonical_v2_20260714T221501Z_483f96f,51415c2ce68c89d9ce2b042b0a7a811fe3e98180b72460006f9d0465f6bf49b7,06c507bee525ea1daca43b61249764007d4d8baaa05c9333f23446ea723ce160,f1e358e99914563305428cece1b1595bc76a58643184407ec5b222162d650332,98ae57b622a56983192975c5bff94374ed51322f13c76af633c3c96ceb198cdd,four_model_nested_benchmark,inx_primary,"{""system_id"":""xgboost""}",ten_outer_by_five_inner_fold_exactly_once_oof_benchmark,1200,paired_stratified_percentile_bootstrap_5000_draws,model_benchmarks/model_summary.csv,2e13557ae4d11e3538a758ab92734ec3cf6bf50a7aee04a00775479fd8e79150,model_summary,28,c1300316fe5baec24e789c06aec35dd4f283fa4843b71c7aab1edbf4818f8e91,xgboost,ordinal_multiclass_performance,accuracy,0.7591666666666667,0.7383333333333333,0.7791666666666667,0.0106176223799503,1200.0,5000.0,5000.0,0.95,paired_stratified_percentile,outer_fold;y_true,42.0,3528e4377f9907c2a7c1b51806abf09e0ec2d5513da630618b0a0cb9950a37d0,higher,0.0,1.0,,,,,,,,,,,,,,,,,,,,,,,,,,,,
canonical_v2_20260714T221501Z_483f96f,51415c2ce68c89d9ce2b042b0a7a811fe3e98180b72460006f9d0465f6bf49b7,06c507bee525ea1daca43b61249764007d4d8baaa05c9333f23446ea723ce160,f1e358e99914563305428cece1b1595bc76a58643184407ec5b222162d650332,98ae57b622a56983192975c5bff94374ed51322f13c76af633c3c96ceb198cdd,four_model_nested_benchmark,inx_primary,"{""system_id"":""xgboost""}",ten_outer_by_five_inner_fold_exactly_once_oof_benchmark,1200,paired_stratified_percentile_bootstrap_5000_draws,model_benchmarks/model_summary.csv,2e13557ae4d11e3538a758ab92734ec3cf6bf50a7aee04a00775479fd8e79150,model_summary,29,c1300316fe5baec24e789c06aec35dd4f283fa4843b71c7aab1edbf4818f8e91,xgboost,ordinal_multiclass_performance,balanced_accuracy,0.6360452170862891,0.6110128017655619,0.6611369167744348,0.012864493966884,1200.0,5000.0,5000.0,0.95,paired_stratified_percentile,outer_fold;y_true,42.0,3528e4377f9907c2a7c1b51806abf09e0ec2d5513da630618b0a0cb9950a37d0,higher,0.0,1.0,,,,,,,,,,,,,,,,,,,,,,,,,,,,
canonical_v2_20260714T221501Z_483f96f,51415c2ce68c89d9ce2b042b0a7a811fe3e98180b72460006f9d0465f6bf49b7,06c507bee525ea1daca43b61249764007d4d8baaa05c9333f23446ea723ce160,f1e358e99914563305428cece1b1595bc76a58643184407ec5b222162d650332,98ae57b622a56983192975c5bff94374ed51322f13c76af633c3c96ceb198cdd,four_model_nested_benchmark,inx_primary,"{""system_id"":""xgboost""}",ten_outer_by_five_inner_fold_exactly_once_oof_benchmark,1200,paired_stratified_percentile_bootstrap_5000_draws,model_benchmarks/model_summary.csv,2e13557ae4d11e3538a758ab92734ec3cf6bf50a7aee04a00775479fd8e79150,model_summary,30,c1300316fe5baec24e789c06aec35dd4f283fa4843b71c7aab1edbf4818f8e91,xgboost,ordinal_multiclass_performance,macro_f1,0.6210211647446707,0.5973194455340743,0.6446899209821426,0.0122294343935429,1200.0,5000.0,5000.0,0.95,paired_stratified_percentile,outer_fold;y_true,42.0,3528e4377f9907c2a7c1b51806abf09e0ec2d5513da630618b0a0cb9950a37d0,higher,0.0,1.0,,,,,,,,,,,,,,,,,,,,,,,,,,,,
canonical_v2_20260714T221501Z_483f96f,51415c2ce68c89d9ce2b042b0a7a811fe3e98180b72460006f9d0465f6bf49b7,06c507bee525ea1daca43b61249764007d4d8baaa05c9333f23446ea723ce160,f1e358e99914563305428cece1b1595bc76a58643184407ec5b222162d650332,98ae57b622a56983192975c5bff94374ed51322f13c76af633c3c96ceb198cdd,four_model_nested_benchmark,inx_primary,"{""system_id"":""xgboost""}",ten_outer_by_five_inner_fold_exactly_once_oof_benchmark,1200,paired_stratified_percentile_bootstrap_5000_draws,model_benchmarks/model_summary.csv,2e13557ae4d11e3538a758ab92734ec3cf6bf50a7aee04a00775479fd8e79150,model_summary,31,c1300316fe5baec24e789c06aec35dd4f283fa4843b71c7aab1edbf4818f8e91,xgboost,ordinal_multiclass_performance,quadratic_weighted_kappa,0.567602077831626,0.5351869047456209,0.5997216934759624,0.0162865035871821,1200.0,5000.0,5000.0,0.95,paired_stratified_percentile,outer_fold;y_true,42.0,3528e4377f9907c2a7c1b51806abf09e0ec2d5513da630618b0a0cb9950a37d0,higher,-1.0,1.0,,,,,,,,,,,,,,,,,,,,,,,,,,,,
canonical_v2_20260714T221501Z_483f96f,51415c2ce68c89d9ce2b042b0a7a811fe3e98180b72460006f9d0465f6bf49b7,06c507bee525ea1daca43b61249764007d4d8baaa05c9333f23446ea723ce160,f1e358e99914563305428cece1b1595bc76a58643184407ec5b222162d650332,98ae57b622a56983192975c5bff94374ed51322f13c76af633c3c96ceb198cdd,four_model_nested_benchmark,inx_primary,"{""system_id"":""xgboost""}",ten_outer_by_five_inner_fold_exactly_once_oof_benchmark,1200,paired_stratified_percentile_bootstrap_5000_draws,model_benchmarks/model_summary.csv,2e13557ae4d11e3538a758ab92734ec3cf6bf50a7aee04a00775479fd8e79150,model_summary,32,c1300316fe5baec24e789c06aec35dd4f283fa4843b71c7aab1edbf4818f8e91,xgboost,ordinal_multiclass_performance,ordinal_mae,0.2433333333333333,0.2225,0.2641874999999997,0.0107411672799052,1200.0,5000.0,5000.0,0.95,paired_stratified_percentile,outer_fold;y_true,42.0,3528e4377f9907c2a7c1b51806abf09e0ec2d5513da630618b0a0cb9950a37d0,lower,0.0,2.0,,,,,,,,,,,,,,,,,,,,,,,,,,,,
canonical_v2_20260714T221501Z_483f96f,51415c2ce68c89d9ce2b042b0a7a811fe3e98180b72460006f9d0465f6bf49b7,06c507bee525ea1daca43b61249764007d4d8baaa05c9333f23446ea723ce160,f1e358e99914563305428cece1b1595bc76a58643184407ec5b222162d650332,98ae57b622a56983192975c5bff94374ed51322f13c76af633c3c96ceb198cdd,four_model_nested_benchmark,inx_primary,"{""system_id"":""xgboost""}",ten_outer_by_five_inner_fold_exactly_once_oof_benchmark,1200,paired_stratified_percentile_bootstrap_5000_draws,model_benchmarks/model_summary.csv,2e13557ae4d11e3538a758ab92734ec3cf6bf50a7aee04a00775479fd8e79150,model_summary,33,c1300316fe5baec24e789c06aec35dd4f283fa4843b71c7aab1edbf4818f8e91,xgboost,ordinal_multiclass_performance,severe_error_rate,0.0025,0.0,0.0058333333333333,0.0013997329369931,1200.0,5000.0,5000.0,0.95,paired_stratified_percentile,outer_fold;y_true,42.0,3528e4377f9907c2a7c1b51806abf09e0ec2d5513da630618b0a0cb9950a37d0,lower,0.0,1.0,,,,,,,,,,,,,,,,,,,,,,,,,,,,
canonical_v2_20260714T221501Z_483f96f,51415c2ce68c89d9ce2b042b0a7a811fe3e98180b72460006f9d0465f6bf49b7,06c507bee525ea1daca43b61249764007d4d8baaa05c9333f23446ea723ce160,f1e358e99914563305428cece1b1595bc76a58643184407ec5b222162d650332,98ae57b622a56983192975c5bff94374ed51322f13c76af633c3c96ceb198cdd,four_model_nested_benchmark,inx_primary,"{""system_id"":""xgboost""}",ten_outer_by_five_inner_fold_exactly_once_oof_benchmark,1200,paired_stratified_percentile_bootstrap_5000_draws,model_benchmarks/model_summary.csv,2e13557ae4d11e3538a758ab92734ec3cf6bf50a7aee04a00775479fd8e79150,model_summary,34,c1300316fe5baec24e789c06aec35dd4f283fa4843b71c7aab1edbf4818f8e91,xgboost,ordinal_multiclass_performance,nll_log_loss,0.5514626110693017,0.5180433508694509,0.5862249153487463,0.0175034992473966,1200.0,5000.0,5000.0,0.95,paired_stratified_percentile,outer_fold;y_true,42.0,3528e4377f9907c2a7c1b51806abf09e0ec2d5513da630618b0a0cb9950a37d0,lower,0.0,inf,,,,,,,,,,,,,,,,,,,,,,,,,,,,
canonical_v2_20260714T221501Z_483f96f,51415c2ce68c89d9ce2b042b0a7a811fe3e98180b72460006f9d0465f6bf49b7,06c507bee525ea1daca43b61249764007d4d8baaa05c9333f23446ea723ce160,f1e358e99914563305428cece1b1595bc76a58643184407ec5b222162d650332,98ae57b622a56983192975c5bff94374ed51322f13c76af633c3c96ceb198cdd,four_model_nested_benchmark,inx_primary,"{""system_id"":""xgboost""}",ten_outer_by_five_inner_fold_exactly_once_oof_benchmark,1200,paired_stratified_percentile_bootstrap_5000_draws,model_benchmarks/model_summary.csv,2e13557ae4d11e3538a758ab92734ec3cf6bf50a7aee04a00775479fd8e79150,model_summary,35,c1300316fe5baec24e789c06aec35dd4f283fa4843b71c7aab1edbf4818f8e91,xgboost,ordinal_multiclass_performance,multiclass_brier,0.342606326573343,0.3215345608902641,0.3643110632424874,0.0109185135224745,1200.0,5000.0,5000.0,0.95,paired_stratified_percentile,outer_fold;y_true,42.0,3528e4377f9907c2a7c1b51806abf09e0ec2d5513da630618b0a0cb9950a37d0,lower,0.0,2.0,,,,,,,,,,,,,,,,,,,,,,,,,,,,
canonical_v2_20260714T221501Z_483f96f,51415c2ce68c89d9ce2b042b0a7a811fe3e98180b72460006f9d0465f6bf49b7,06c507bee525ea1daca43b61249764007d4d8baaa05c9333f23446ea723ce160,f1e358e99914563305428cece1b1595bc76a58643184407ec5b222162d650332,98ae57b622a56983192975c5bff94374ed51322f13c76af633c3c96ceb198cdd,four_model_nested_benchmark,inx_primary,"{""system_id"":""xgboost""}",ten_outer_by_five_inner_fold_exactly_once_oof_benchmark,1200,paired_stratified_percentile_bootstrap_5000_draws,model_benchmarks/model_summary.csv,2e13557ae4d11e3538a758ab92734ec3cf6bf50a7aee04a00775479fd8e79150,model_summary,36,c1300316fe5baec24e789c06aec35dd4f283fa4843b71c7aab1edbf4818f8e91,xgboost,ordinal_multiclass_performance,ece_confidence,0.0375426568313583,0.0295359998906522,0.065947014219446,0.0092448272347463,1200.0,5000.0,5000.0,0.95,paired_stratified_percentile,outer_fold;y_true,42.0,3528e4377f9907c2a7c1b51806abf09e0ec2d5513da630618b0a0cb9950a37d0,lower,0.0,1.0,,,,,,,,,,,,,,,,,,,,,,,,,,,,
canonical_v2_20260714T221501Z_483f96f,51415c2ce68c89d9ce2b042b0a7a811fe3e98180b72460006f9d0465f6bf49b7,06c507bee525ea1daca43b61249764007d4d8baaa05c9333f23446ea723ce160,f1e358e99914563305428cece1b1595bc76a58643184407ec5b222162d650332,98ae57b622a56983192975c5bff94374ed51322f13c76af633c3c96ceb198cdd,four_model_nested_benchmark,inx_primary,source_declared_benchmark_system_or_outer_fold_model,ten_outer_by_five_inner_fold_exactly_once_oof_benchmark,1200,paired_stratified_percentile_bootstrap_5000_draws,model_benchmarks/paired_model_differences.csv,99b6ce63574a88ab1788990ee6253e5722f5fbc1b7ccdad1f41552fdfe4d6465,paired_model_differences,1,c1300316fe5baec24e789c06aec35dd4f283fa4843b71c7aab1edbf4818f8e91,,ordinal_multiclass_performance,accuracy,,,,0.0137658065525258,1200.0,5000.0,5000.0,0.95,paired_stratified_percentile,outer_fold;y_true,42.0,3528e4377f9907c2a7c1b51806abf09e0ec2d5513da630618b0a0cb9950a37d0,higher,,,logistic_regression_minus_xgboost,logistic_regression,xgboost,0.6575,0.7591666666666667,-0.1016666666666666,-0.1291666666666666,-0.0741666666666667,-0.1016666666666666,-0.1291666666666666,-0.0741666666666667,macro_f1,True,False,False,,,,,,,,,,,,,
canonical_v2_20260714T221501Z_483f96f,51415c2ce68c89d9ce2b042b0a7a811fe3e98180b72460006f9d0465f6bf49b7,06c507bee525ea1daca43b61249764007d4d8baaa05c9333f23446ea723ce160,f1e358e99914563305428cece1b1595bc76a58643184407ec5b222162d650332,98ae57b622a56983192975c5bff94374ed51322f13c76af633c3c96ceb198cdd,four_model_nested_benchmark,inx_primary,source_declared_benchmark_system_or_outer_fold_model,ten_outer_by_five_inner_fold_exactly_once_oof_benchmark,1200,paired_stratified_percentile_bootstrap_5000_draws,model_benchmarks/paired_model_differences.csv,99b6ce63574a88ab1788990ee6253e5722f5fbc1b7ccdad1f41552fdfe4d6465,paired_model_differences,2,c1300316fe5baec24e789c06aec35dd4f283fa4843b71c7aab1edbf4818f8e91,,ordinal_multiclass_performance,balanced_accuracy,,,,0.0178933578605852,1200.0,5000.0,5000.0,0.95,paired_stratified_percentile,outer_fold;y_true,42.0,3528e4377f9907c2a7c1b51806abf09e0ec2d5513da630618b0a0cb9950a37d0,higher,,,logistic_regression_minus_xgboost,logistic_regression,xgboost,0.5240114347370947,0.6360452170862891,-0.1120337823491944,-0.1475447446104633,-0.0774248119449705,-0.1120337823491944,-0.1475447446104633,-0.0774248119449705,macro_f1,True,False,False,,,,,,,,,,,,,
canonical_v2_20260714T221501Z_483f96f,51415c2ce68c89d9ce2b042b0a7a811fe3e98180b72460006f9d0465f6bf49b7,06c507bee525ea1daca43b61249764007d4d8baaa05c9333f23446ea723ce160,f1e358e99914563305428cece1b1595bc76a58643184407ec5b222162d650332,98ae57b622a56983192975c5bff94374ed51322f13c76af633c3c96ceb198cdd,four_model_nested_benchmark,inx_primary,source_declared_benchmark_system_or_outer_fold_model,ten_outer_by_five_inner_fold_exactly_once_oof_benchmark,1200,paired_stratified_percentile_bootstrap_5000_draws,model_benchmarks/paired_model_differences.csv,99b6ce63574a88ab1788990ee6253e5722f5fbc1b7ccdad1f41552fdfe4d6465,paired_model_differences,3,c1300316fe5baec24e789c06aec35dd4f283fa4843b71c7aab1edbf4818f8e91,,ordinal_multiclass_performance,macro_f1,,,,0.0162632467661578,1200.0,5000.0,5000.0,0.95,paired_stratified_percentile,outer_fold;y_true,42.0,3528e4377f9907c2a7c1b51806abf09e0ec2d5513da630618b0a0cb9950a37d0,higher,,,logistic_regression_minus_xgboost,logistic_regression,xgboost,0.5062207027280411,0.6210211647446707,-0.1148004620166296,-0.1475970057070149,-0.0832237182461416,-0.1148004620166296,-0.1475970057070149,-0.0832237182461416,macro_f1,True,True,False,,,,,,,,,,,,,
canonical_v2_20260714T221501Z_483f96f,51415c2ce68c89d9ce2b042b0a7a811fe3e98180b72460006f9d0465f6bf49b7,06c507bee525ea1daca43b61249764007d4d8baaa05c9333f23446ea723ce160,f1e358e99914563305428cece1b1595bc76a58643184407ec5b222162d650332,98ae57b622a56983192975c5bff94374ed51322f13c76af633c3c96ceb198cdd,four_model_nested_benchmark,inx_primary,source_declared_benchmark_system_or_outer_fold_model,ten_outer_by_five_inner_fold_exactly_once_oof_benchmark,1200,paired_stratified_percentile_bootstrap_5000_draws,model_benchmarks/paired_model_differences.csv,99b6ce63574a88ab1788990ee6253e5722f5fbc1b7ccdad1f41552fdfe4d6465,paired_model_differences,4,c1300316fe5baec24e789c06aec35dd4f283fa4843b71c7aab1edbf4818f8e91,,ordinal_multiclass_performance,quadratic_weighted_kappa,,,,0.0261499928914087,1200.0,5000.0,5000.0,0.95,paired_stratified_percentile,outer_fold;y_true,42.0,3528e4377f9907c2a7c1b51806abf09e0ec2d5513da630618b0a0cb9950a37d0,higher,,,logistic_regression_minus_xgboost,logistic_regression,xgboost,0.3710113475438177,0.567602077831626,-0.1965907302878082,-0.2494353557448675,-0.1457429528929582,-0.1965907302878082,-0.2494353557448675,-0.1457429528929582,macro_f1,True,False,False,,,,,,,,,,,,,
canonical_v2_20260714T221501Z_483f96f,51415c2ce68c89d9ce2b042b0a7a811fe3e98180b72460006f9d0465f6bf49b7,06c507bee525ea1daca43b61249764007d4d8baaa05c9333f23446ea723ce160,f1e358e99914563305428cece1b1595bc76a58643184407ec5b222162d650332,98ae57b622a56983192975c5bff94374ed51322f13c76af633c3c96ceb198cdd,four_model_nested_benchmark,inx_primary,source_declared_benchmark_system_or_outer_fold_model,ten_outer_by_five_inner_fold_exactly_once_oof_benchmark,1200,paired_stratified_percentile_bootstrap_5000_draws,model_benchmarks/paired_model_differences.csv,99b6ce63574a88ab1788990ee6253e5722f5fbc1b7ccdad1f41552fdfe4d6465,paired_model_differences,5,c1300316fe5baec24e789c06aec35dd4f283fa4843b71c7aab1edbf4818f8e91,,ordinal_multiclass_performance,ordinal_mae,,,,0.014404217756849,1200.0,5000.0,5000.0,0.95,paired_stratified_percentile,outer_fold;y_true,42.0,3528e4377f9907c2a7c1b51806abf09e0ec2d5513da630618b0a0cb9950a37d0,lower,,,logistic_regression_minus_xgboost,logistic_regression,xgboost,0.355,0.2433333333333333,0.1116666666666666,0.0833333333333333,0.1408333333333333,-0.1116666666666666,-0.1408333333333333,-0.0833333333333333,macro_f1,True,False,False,,,,,,,,,,,,,
canonical_v2_20260714T221501Z_483f96f,51415c2ce68c89d9ce2b042b0a7a811fe3e98180b72460006f9d0465f6bf49b7,06c507bee525ea1daca43b61249764007d4d8baaa05c9333f23446ea723ce160,f1e358e99914563305428cece1b1595bc76a58643184407ec5b222162d650332,98ae57b622a56983192975c5bff94374ed51322f13c76af633c3c96ceb198cdd,four_model_nested_benchmark,inx_primary,source_declared_benchmark_system_or_outer_fold_model,ten_outer_by_five_inner_fold_exactly_once_oof_benchmark,1200,paired_stratified_percentile_bootstrap_5000_draws,model_benchmarks/paired_model_differences.csv,99b6ce63574a88ab1788990ee6253e5722f5fbc1b7ccdad1f41552fdfe4d6465,paired_model_differences,6,c1300316fe5baec24e789c06aec35dd4f283fa4843b71c7aab1edbf4818f8e91,,ordinal_multiclass_performance,severe_error_rate,,,,0.0033354456033351,1200.0,5000.0,5000.0,0.95,paired_stratified_percentile,outer_fold;y_true,42.0,3528e4377f9907c2a7c1b51806abf09e0ec2d5513da630618b0a0cb9950a37d0,lower,,,logistic_regression_minus_xgboost,logistic_regression,xgboost,0.0125,0.0025,0.01,0.0041666666666666,0.0166666666666666,-0.01,-0.0166666666666666,-0.0041666666666666,macro_f1,True,False,False,,,,,,,,,,,,,
canonical_v2_20260714T221501Z_483f96f,51415c2ce68c89d9ce2b042b0a7a811fe3e98180b72460006f9d0465f6bf49b7,06c507bee525ea1daca43b61249764007d4d8baaa05c9333f23446ea723ce160,f1e358e99914563305428cece1b1595bc76a58643184407ec5b222162d650332,98ae57b622a56983192975c5bff94374ed51322f13c76af633c3c96ceb198cdd,four_model_nested_benchmark,inx_primary,source_declared_benchmark_system_or_outer_fold_model,ten_outer_by_five_inner_fold_exactly_once_oof_benchmark,1200,paired_stratified_percentile_bootstrap_5000_draws,model_benchmarks/paired_model_differences.csv,99b6ce63574a88ab1788990ee6253e5722f5fbc1b7ccdad1f41552fdfe4d6465,paired_model_differences,7,c1300316fe5baec24e789c06aec35dd4f283fa4843b71c7aab1edbf4818f8e91,,ordinal_multiclass_performance,nll_log_loss,,,,0.020164789584854,1200.0,5000.0,5000.0,0.95,paired_stratified_percentile,outer_fold;y_true,42.0,3528e4377f9907c2a7c1b51806abf09e0ec2d5513da630618b0a0cb9950a37d0,lower,,,logistic_regression_minus_xgboost,logistic_regression,xgboost,0.7142190792589431,0.5514626110693017,0.1627564681896414,0.1247611936659255,0.2025132675609686,-0.1627564681896414,-0.2025132675609686,-0.1247611936659255,macro_f1,True,False,False,,,,,,,,,,,,,
canonical_v2_20260714T221501Z_483f96f,51415c2ce68c89d9ce2b042b0a7a811fe3e98180b72460006f9d0465f6bf49b7,06c507bee525ea1daca43b61249764007d4d8baaa05c9333f23446ea723ce160,f1e358e99914563305428cece1b1595bc76a58643184407ec5b222162d650332,98ae57b622a56983192975c5bff94374ed51322f13c76af633c3c96ceb198cdd,four_model_nested_benchmark,inx_primary,source_declared_benchmark_system_or_outer_fold_model,ten_outer_by_five_inner_fold_exactly_once_oof_benchmark,1200,paired_stratified_percentile_bootstrap_5000_draws,model_benchmarks/paired_model_differences.csv,99b6ce63574a88ab1788990ee6253e5722f5fbc1b7ccdad1f41552fdfe4d6465,paired_model_differences,8,c1300316fe5baec24e789c06aec35dd4f283fa4843b71c7aab1edbf4818f8e91,,ordinal_multiclass_performance,multiclass_brier,,,,0.0124272645461269,1200.0,5000.0,5000.0,0.95,paired_stratified_percentile,outer_fold;y_true,42.0,3528e4377f9907c2a7c1b51806abf09e0ec2d5513da630618b0a0cb9950a37d0,lower,,,logistic_regression_minus_xgboost,logistic_regression,xgboost,0.4414988252803433,0.342606326573343,0.0988924987070002,0.0749245389192371,0.1233790082412123,-0.0988924987070002,-0.1233790082412123,-0.0749245389192371,macro_f1,True,False,False,,,,,,,,,,,,,
canonical_v2_20260714T221501Z_483f96f,51415c2ce68c89d9ce2b042b0a7a811fe3e98180b72460006f9d0465f6bf49b7,06c507bee525ea1daca43b61249764007d4d8baaa05c9333f23446ea723ce160,f1e358e99914563305428cece1b1595bc76a58643184407ec5b222162d650332,98ae57b622a56983192975c5bff94374ed51322f13c76af633c3c96ceb198cdd,four_model_nested_benchmark,inx_primary,source_declared_benchmark_system_or_outer_fold_model,ten_outer_by_five_inner_fold_exactly_once_oof_benchmark,1200,paired_stratified_percentile_bootstrap_5000_draws,model_benchmarks/paired_model_differences.csv,99b6ce63574a88ab1788990ee6253e5722f5fbc1b7ccdad1f41552fdfe4d6465,paired_model_differences,9,c1300316fe5baec24e789c06aec35dd4f283fa4843b71c7aab1edbf4818f8e91,,ordinal_multiclass_performance,ece_confidence,,,,0.0136166211000587,1200.0,5000.0,5000.0,0.95,paired_stratified_percentile,outer_fold;y_true,42.0,3528e4377f9907c2a7c1b51806abf09e0ec2d5513da630618b0a0cb9950a37d0,lower,,,logistic_regression_minus_xgboost,logistic_regression,xgboost,0.0814911772128708,0.0375426568313583,0.0439485203815125,0.0091255479549641,0.0618671855269058,-0.0439485203815125,-0.0618671855269059,-0.0091255479549641,macro_f1,True,False,False,,,,,,,,,,,,,
canonical_v2_20260714T221501Z_483f96f,51415c2ce68c89d9ce2b042b0a7a811fe3e98180b72460006f9d0465f6bf49b7,06c507bee525ea1daca43b61249764007d4d8baaa05c9333f23446ea723ce160,f1e358e99914563305428cece1b1595bc76a58643184407ec5b222162d650332,98ae57b622a56983192975c5bff94374ed51322f13c76af633c3c96ceb198cdd,four_model_nested_benchmark,inx_primary,source_declared_benchmark_system_or_outer_fold_model,ten_outer_by_five_inner_fold_exactly_once_oof_benchmark,1200,paired_stratified_percentile_bootstrap_5000_draws,model_benchmarks/paired_model_differences.csv,99b6ce63574a88ab1788990ee6253e5722f5fbc1b7ccdad1f41552fdfe4d6465,paired_model_differences,10,c1300316fe5baec24e789c06aec35dd4f283fa4843b71c7aab1edbf4818f8e91,,ordinal_multiclass_performance,accuracy,,,,0.0093463601293397,1200.0,5000.0,5000.0,0.95,paired_stratified_percentile,outer_fold;y_true,42.0,3528e4377f9907c2a7c1b51806abf09e0ec2d5513da630618b0a0cb9950a37d0,higher,,,random_forest_minus_xgboost,random_forest,xgboost,0.8433333333333334,0.7591666666666667,0.0841666666666667,0.0658333333333334,0.1025,0.0841666666666667,0.0658333333333334,0.1025,macro_f1,True,False,False,,,,,,,,,,,,,
canonical_v2_20260714T221501Z_483f96f,51415c2ce68c89d9ce2b042b0a7a811fe3e98180b72460006f9d0465f6bf49b7,06c507bee525ea1daca43b61249764007d4d8baaa05c9333f23446ea723ce160,f1e358e99914563305428cece1b1595bc76a58643184407ec5b222162d650332,98ae57b622a56983192975c5bff94374ed51322f13c76af633c3c96ceb198cdd,four_model_nested_benchmark,inx_primary,source_declared_benchmark_system_or_outer_fold_model,ten_outer_by_five_inner_fold_exactly_once_oof_benchmark,1200,paired_stratified_percentile_bootstrap_5000_draws,model_benchmarks/paired_model_differences.csv,99b6ce63574a88ab1788990ee6253e5722f5fbc1b7ccdad1f41552fdfe4d6465,paired_model_differences,11,c1300316fe5baec24e789c06aec35dd4f283fa4843b71c7aab1edbf4818f8e91,,ordinal_multiclass_performance,balanced_accuracy,,,,0.0113702104051901,1200.0,5000.0,5000.0,0.95,paired_stratified_percentile,outer_fold;y_true,42.0,3528e4377f9907c2a7c1b51806abf09e0ec2d5513da630618b0a0cb9950a37d0,higher,,,random_forest_minus_xgboost,random_forest,xgboost,0.6252565524074641,0.6360452170862891,-0.010788664678825,-0.0334219575499742,0.0113164632476835,-0.010788664678825,-0.0334219575499742,0.0113164632476835,macro_f1,True,False,False,,,,,,,,,,,,,
canonical_v2_20260714T221501Z_483f96f,51415c2ce68c89d9ce2b042b0a7a811fe3e98180b72460006f9d0465f6bf49b7,06c507bee525ea1daca43b61249764007d4d8baaa05c9333f23446ea723ce160,f1e358e99914563305428cece1b1595bc76a58643184407ec5b222162d650332,98ae57b622a56983192975c5bff94374ed51322f13c76af633c3c96ceb198cdd,four_model_nested_benchmark,inx_primary,source_declared_benchmark_system_or_outer_fold_model,ten_outer_by_five_inner_fold_exactly_once_oof_benchmark,1200,paired_stratified_percentile_bootstrap_5000_draws,model_benchmarks/paired_model_differences.csv,99b6ce63574a88ab1788990ee6253e5722f5fbc1b7ccdad1f41552fdfe4d6465,paired_model_differences,12,c1300316fe5baec24e789c06aec35dd4f283fa4843b71c7aab1edbf4818f8e91,,ordinal_multiclass_performance,macro_f1,,,,0.0107381931429322,1200.0,5000.0,5000.0,0.95,paired_stratified_percentile,outer_fold;y_true,42.0,3528e4377f9907c2a7c1b51806abf09e0ec2d5513da630618b0a0cb9950a37d0,higher,,,random_forest_minus_xgboost,random_forest,xgboost,0.5923396716497974,0.6210211647446707,-0.0286814930948733,-0.0499488309252985,-0.008049383279877,-0.0286814930948733,-0.0499488309252985,-0.008049383279877,macro_f1,True,True,False,,,,,,,,,,,,,
canonical_v2_20260714T221501Z_483f96f,51415c2ce68c89d9ce2b042b0a7a811fe3e98180b72460006f9d0465f6bf49b7,06c507bee525ea1daca43b61249764007d4d8baaa05c9333f23446ea723ce160,f1e358e99914563305428cece1b1595bc76a58643184407ec5b222162d650332,98ae57b622a56983192975c5bff94374ed51322f13c76af633c3c96ceb198cdd,four_model_nested_benchmark,inx_primary,source_declared_benchmark_system_or_outer_fold_model,ten_outer_by_five_inner_fold_exactly_once_oof_benchmark,1200,paired_stratified_percentile_bootstrap_5000_draws,model_benchmarks/paired_model_differences.csv,99b6ce63574a88ab1788990ee6253e5722f5fbc1b7ccdad1f41552fdfe4d6465,paired_model_differences,13,c1300316fe5baec24e789c06aec35dd4f283fa4843b71c7aab1edbf4818f8e91,,ordinal_multiclass_performance,quadratic_weighted_kappa,,,,0.0139804265292541,1200.0,5000.0,5000.0,0.95,paired_stratified_percentile,outer_fold;y_true,42.0,3528e4377f9907c2a7c1b51806abf09e0ec2d5513da630618b0a0cb9950a37d0,higher,,,random_forest_minus_xgboost,random_forest,xgboost,0.6316782057286063,0.567602077831626,0.0640761278969803,0.0366439674819157,0.0913225918697697,0.0640761278969803,0.0366439674819157,0.0913225918697697,macro_f1,True,False,False,,,,,,,,,,,,,
canonical_v2_20260714T221501Z_483f96f,51415c2ce68c89d9ce2b042b0a7a811fe3e98180b72460006f9d0465f6bf49b7,06c507bee525ea1daca43b61249764007d4d8baaa05c9333f23446ea723ce160,f1e358e99914563305428cece1b1595bc76a58643184407ec5b222162d650332,98ae57b622a56983192975c5bff94374ed51322f13c76af633c3c96ceb198cdd,four_model_nested_benchmark,inx_primary,source_declared_benchmark_system_or_outer_fold_model,ten_outer_by_five_inner_fold_exactly_once_oof_benchmark,1200,paired_stratified_percentile_bootstrap_5000_draws,model_benchmarks/paired_model_differences.csv,99b6ce63574a88ab1788990ee6253e5722f5fbc1b7ccdad1f41552fdfe4d6465,paired_model_differences,14,c1300316fe5baec24e789c06aec35dd4f283fa4843b71c7aab1edbf4818f8e91,,ordinal_multiclass_performance,ordinal_mae,,,,0.0094514698769209,1200.0,5000.0,5000.0,0.95,paired_stratified_percentile,outer_fold;y_true,42.0,3528e4377f9907c2a7c1b51806abf09e0ec2d5513da630618b0a0cb9950a37d0,lower,,,random_forest_minus_xgboost,random_forest,xgboost,0.1583333333333333,0.2433333333333333,-0.085,-0.1041666666666666,-0.0666666666666666,0.085,0.0666666666666666,0.1041666666666666,macro_f1,True,False,False,,,,,,,,,,,,,
canonical_v2_20260714T221501Z_483f96f,51415c2ce68c89d9ce2b042b0a7a811fe3e98180b72460006f9d0465f6bf49b7,06c507bee525ea1daca43b61249764007d4d8baaa05c9333f23446ea723ce160,f1e358e99914563305428cece1b1595bc76a58643184407ec5b222162d650332,98ae57b622a56983192975c5bff94374ed51322f13c76af633c3c96ceb198cdd,four_model_nested_benchmark,inx_primary,source_declared_benchmark_system_or_outer_fold_model,ten_outer_by_five_inner_fold_exactly_once_oof_benchmark,1200,paired_stratified_percentile_bootstrap_5000_draws,model_benchmarks/paired_model_differences.csv,99b6ce63574a88ab1788990ee6253e5722f5fbc1b7ccdad1f41552fdfe4d6465,paired_model_differences,15,c1300316fe5baec24e789c06aec35dd4f283fa4843b71c7aab1edbf4818f8e91,,ordinal_multiclass_performance,severe_error_rate,,,,0.0008157203850683,1200.0,5000.0,5000.0,0.95,paired_stratified_percentile,outer_fold;y_true,42.0,3528e4377f9907c2a7c1b51806abf09e0ec2d5513da630618b0a0cb9950a37d0,lower,,,random_forest_minus_xgboost,random_forest,xgboost,0.0016666666666666,0.0025,-0.0008333333333333,-0.0025,0.0,0.0008333333333333,-0.0,0.0025,macro_f1,True,False,False,,,,,,,,,,,,,
canonical_v2_20260714T221501Z_483f96f,51415c2ce68c89d9ce2b042b0a7a811fe3e98180b72460006f9d0465f6bf49b7,06c507bee525ea1daca43b61249764007d4d8baaa05c9333f23446ea723ce160,f1e358e99914563305428cece1b1595bc76a58643184407ec5b222162d650332,98ae57b622a56983192975c5bff94374ed51322f13c76af633c3c96ceb198cdd,four_model_nested_benchmark,inx_primary,source_declared_benchmark_system_or_outer_fold_model,ten_outer_by_five_inner_fold_exactly_once_oof_benchmark,1200,paired_stratified_percentile_bootstrap_5000_draws,model_benchmarks/paired_model_differences.csv,99b6ce63574a88ab1788990ee6253e5722f5fbc1b7ccdad1f41552fdfe4d6465,paired_model_differences,16,c1300316fe5baec24e789c06aec35dd4f283fa4843b71c7aab1edbf4818f8e91,,ordinal_multiclass_performance,nll_log_loss,,,,0.01241212831915,1200.0,5000.0,5000.0,0.95,paired_stratified_percentile,outer_fold;y_true,42.0,3528e4377f9907c2a7c1b51806abf09e0ec2d5513da630618b0a0cb9950a37d0,lower,,,random_forest_minus_xgboost,random_forest,xgboost,0.5982140010442768,0.5514626110693017,0.046751389974975,0.0219490497366553,0.071087719449516,-0.046751389974975,-0.071087719449516,-0.0219490497366553,macro_f1,True,False,False,,,,,,,,,,,,,
canonical_v2_20260714T221501Z_483f96f,51415c2ce68c89d9ce2b042b0a7a811fe3e98180b72460006f9d0465f6bf49b7,06c507bee525ea1daca43b61249764007d4d8baaa05c9333f23446ea723ce160,f1e358e99914563305428cece1b1595bc76a58643184407ec5b222162d650332,98ae57b622a56983192975c5bff94374ed51322f13c76af633c3c96ceb198cdd,four_model_nested_benchmark,inx_primary,source_declared_benchmark_system_or_outer_fold_model,ten_outer_by_five_inner_fold_exactly_once_oof_benchmark,1200,paired_stratified_percentile_bootstrap_5000_draws,model_benchmarks/paired_model_differences.csv,99b6ce63574a88ab1788990ee6253e5722f5fbc1b7ccdad1f41552fdfe4d6465,paired_model_differences,17,c1300316fe5baec24e789c06aec35dd4f283fa4843b71c7aab1edbf4818f8e91,,ordinal_multiclass_performance,multiclass_brier,,,,0.0073552821310999,1200.0,5000.0,5000.0,0.95,paired_stratified_percentile,outer_fold;y_true,42.0,3528e4377f9907c2a7c1b51806abf09e0ec2d5513da630618b0a0cb9950a37d0,lower,,,random_forest_minus_xgboost,random_forest,xgboost,0.3412800646473824,0.342606326573343,-0.0013262619259605,-0.0157997769770087,0.013012050011473,0.0013262619259605,-0.013012050011473,0.0157997769770087,macro_f1,True,False,False,,,,,,,,,,,,,
canonical_v2_20260714T221501Z_483f96f,51415c2ce68c89d9ce2b042b0a7a811fe3e98180b72460006f9d0465f6bf49b7,06c507bee525ea1daca43b61249764007d4d8baaa05c9333f23446ea723ce160,f1e358e99914563305428cece1b1595bc76a58643184407ec5b222162d650332,98ae57b622a56983192975c5bff94374ed51322f13c76af633c3c96ceb198cdd,four_model_nested_benchmark,inx_primary,source_declared_benchmark_system_or_outer_fold_model,ten_outer_by_five_inner_fold_exactly_once_oof_benchmark,1200,paired_stratified_percentile_bootstrap_5000_draws,model_benchmarks/paired_model_differences.csv,99b6ce63574a88ab1788990ee6253e5722f5fbc1b7ccdad1f41552fdfe4d6465,paired_model_differences,18,c1300316fe5baec24e789c06aec35dd4f283fa4843b71c7aab1edbf4818f8e91,,ordinal_multiclass_performance,ece_confidence,,,,0.012316730422839,1200.0,5000.0,5000.0,0.95,paired_stratified_percentile,outer_fold;y_true,42.0,3528e4377f9907c2a7c1b51806abf09e0ec2d5513da630618b0a0cb9950a37d0,lower,,,random_forest_minus_xgboost,random_forest,xgboost,0.2085914992186787,0.0375426568313583,0.1710488423873203,0.1378521168598816,0.1866090020219201,-0.1710488423873203,-0.1866090020219201,-0.1378521168598816,macro_f1,True,False,False,,,,,,,,,,,,,
canonical_v2_20260714T221501Z_483f96f,51415c2ce68c89d9ce2b042b0a7a811fe3e98180b72460006f9d0465f6bf49b7,06c507bee525ea1daca43b61249764007d4d8baaa05c9333f23446ea723ce160,f1e358e99914563305428cece1b1595bc76a58643184407ec5b222162d650332,98ae57b622a56983192975c5bff94374ed51322f13c76af633c3c96ceb198cdd,four_model_nested_benchmark,inx_primary,source_declared_benchmark_system_or_outer_fold_model,ten_outer_by_five_inner_fold_exactly_once_oof_benchmark,1200,paired_stratified_percentile_bootstrap_5000_draws,model_benchmarks/paired_model_differences.csv,99b6ce63574a88ab1788990ee6253e5722f5fbc1b7ccdad1f41552fdfe4d6465,paired_model_differences,19,c1300316fe5baec24e789c06aec35dd4f283fa4843b71c7aab1edbf4818f8e91,,ordinal_multiclass_performance,accuracy,,,,0.0086671915490212,1200.0,5000.0,5000.0,0.95,paired_stratified_percentile,outer_fold;y_true,42.0,3528e4377f9907c2a7c1b51806abf09e0ec2d5513da630618b0a0cb9950a37d0,higher,,,lightgbm_minus_xgboost,lightgbm,xgboost,0.8041666666666667,0.7591666666666667,0.045,0.0283333333333333,0.0616666666666666,0.045,0.0283333333333333,0.0616666666666666,macro_f1,True,False,False,,,,,,,,,,,,,
canonical_v2_20260714T221501Z_483f96f,51415c2ce68c89d9ce2b042b0a7a811fe3e98180b72460006f9d0465f6bf49b7,06c507bee525ea1daca43b61249764007d4d8baaa05c9333f23446ea723ce160,f1e358e99914563305428cece1b1595bc76a58643184407ec5b222162d650332,98ae57b622a56983192975c5bff94374ed51322f13c76af633c3c96ceb198cdd,four_model_nested_benchmark,inx_primary,source_declared_benchmark_system_or_outer_fold_model,ten_outer_by_five_inner_fold_exactly_once_oof_benchmark,1200,paired_stratified_percentile_bootstrap_5000_draws,model_benchmarks/paired_model_differences.csv,99b6ce63574a88ab1788990ee6253e5722f5fbc1b7ccdad1f41552fdfe4d6465,paired_model_differences,20,c1300316fe5baec24e789c06aec35dd4f283fa4843b71c7aab1edbf4818f8e91,,ordinal_multiclass_performance,balanced_accuracy,,,,0.010957514853358,1200.0,5000.0,5000.0,0.95,paired_stratified_percentile,outer_fold;y_true,42.0,3528e4377f9907c2a7c1b51806abf09e0ec2d5513da630618b0a0cb9950a37d0,higher,,,lightgbm_minus_xgboost,lightgbm,xgboost,0.6218085690708305,0.6360452170862891,-0.0142366480154586,-0.036115025076784,0.0066838857326954,-0.0142366480154586,-0.036115025076784,0.0066838857326954,macro_f1,True,False,False,,,,,,,,,,,,,
canonical_v2_20260714T221501Z_483f96f,51415c2ce68c89d9ce2b042b0a7a811fe3e98180b72460006f9d0465f6bf49b7,06c507bee525ea1daca43b61249764007d4d8baaa05c9333f23446ea723ce160,f1e358e99914563305428cece1b1595bc76a58643184407ec5b222162d650332,98ae57b622a56983192975c5bff94374ed51322f13c76af633c3c96ceb198cdd,four_model_nested_benchmark,inx_primary,source_declared_benchmark_system_or_outer_fold_model,ten_outer_by_five_inner_fold_exactly_once_oof_benchmark,1200,paired_stratified_percentile_bootstrap_5000_draws,model_benchmarks/paired_model_differences.csv,99b6ce63574a88ab1788990ee6253e5722f5fbc1b7ccdad1f41552fdfe4d6465,paired_model_differences,21,c1300316fe5baec24e789c06aec35dd4f283fa4843b71c7aab1edbf4818f8e91,,ordinal_multiclass_performance,macro_f1,,,,0.0113046860474371,1200.0,5000.0,5000.0,0.95,paired_stratified_percentile,outer_fold;y_true,42.0,3528e4377f9907c2a7c1b51806abf09e0ec2d5513da630618b0a0cb9950a37d0,higher,,,lightgbm_minus_xgboost,lightgbm,xgboost,0.6054877989025346,0.6210211647446707,-0.0155333658421361,-0.0381208400678785,0.0063819669389368,-0.0155333658421361,-0.0381208400678785,0.0063819669389368,macro_f1,True,True,False,,,,,,,,,,,,,
canonical_v2_20260714T221501Z_483f96f,51415c2ce68c89d9ce2b042b0a7a811fe3e98180b72460006f9d0465f6bf49b7,06c507bee525ea1daca43b61249764007d4d8baaa05c9333f23446ea723ce160,f1e358e99914563305428cece1b1595bc76a58643184407ec5b222162d650332,98ae57b622a56983192975c5bff94374ed51322f13c76af633c3c96ceb198cdd,four_model_nested_benchmark,inx_primary,source_declared_benchmark_system_or_outer_fold_model,ten_outer_by_five_inner_fold_exactly_once_oof_benchmark,1200,paired_stratified_percentile_bootstrap_5000_draws,model_benchmarks/paired_model_differences.csv,99b6ce63574a88ab1788990ee6253e5722f5fbc1b7ccdad1f41552fdfe4d6465,paired_model_differences,22,c1300316fe5baec24e789c06aec35dd4f283fa4843b71c7aab1edbf4818f8e91,,ordinal_multiclass_performance,quadratic_weighted_kappa,,,,0.0122704540894504,1200.0,5000.0,5000.0,0.95,paired_stratified_percentile,outer_fold;y_true,42.0,3528e4377f9907c2a7c1b51806abf09e0ec2d5513da630618b0a0cb9950a37d0,higher,,,lightgbm_minus_xgboost,lightgbm,xgboost,0.5883292466200256,0.567602077831626,0.0207271687883996,-0.003024444452729,0.0440974994234933,0.0207271687883996,-0.003024444452729,0.0440974994234933,macro_f1,True,False,False,,,,,,,,,,,,,
canonical_v2_20260714T221501Z_483f96f,51415c2ce68c89d9ce2b042b0a7a811fe3e98180b72460006f9d0465f6bf49b7,06c507bee525ea1daca43b61249764007d4d8baaa05c9333f23446ea723ce160,f1e358e99914563305428cece1b1595bc76a58643184407ec5b222162d650332,98ae57b622a56983192975c5bff94374ed51322f13c76af633c3c96ceb198cdd,four_model_nested_benchmark,inx_primary,source_declared_benchmark_system_or_outer_fold_model,ten_outer_by_five_inner_fold_exactly_once_oof_benchmark,1200,paired_stratified_percentile_bootstrap_5000_draws,model_benchmarks/paired_model_differences.csv,99b6ce63574a88ab1788990ee6253e5722f5fbc1b7ccdad1f41552fdfe4d6465,paired_model_differences,23,c1300316fe5baec24e789c06aec35dd4f283fa4843b71c7aab1edbf4818f8e91,,ordinal_multiclass_performance,ordinal_mae,,,,0.0086671915490212,1200.0,5000.0,5000.0,0.95,paired_stratified_percentile,outer_fold;y_true,42.0,3528e4377f9907c2a7c1b51806abf09e0ec2d5513da630618b0a0cb9950a37d0,lower,,,lightgbm_minus_xgboost,lightgbm,xgboost,0.1983333333333333,0.2433333333333333,-0.045,-0.0616666666666666,-0.0283333333333333,0.045,0.0283333333333333,0.0616666666666666,macro_f1,True,False,False,,,,,,,,,,,,,
canonical_v2_20260714T221501Z_483f96f,51415c2ce68c89d9ce2b042b0a7a811fe3e98180b72460006f9d0465f6bf49b7,06c507bee525ea1daca43b61249764007d4d8baaa05c9333f23446ea723ce160,f1e358e99914563305428cece1b1595bc76a58643184407ec5b222162d650332,98ae57b622a56983192975c5bff94374ed51322f13c76af633c3c96ceb198cdd,four_model_nested_benchmark,inx_primary,source_declared_benchmark_system_or_outer_fold_model,ten_outer_by_five_inner_fold_exactly_once_oof_benchmark,1200,paired_stratified_percentile_bootstrap_5000_draws,model_benchmarks/paired_model_differences.csv,99b6ce63574a88ab1788990ee6253e5722f5fbc1b7ccdad1f41552fdfe4d6465,paired_model_differences,24,c1300316fe5baec24e789c06aec35dd4f283fa4843b71c7aab1edbf4818f8e91,,ordinal_multiclass_performance,severe_error_rate,,,,0.0,1200.0,5000.0,5000.0,0.95,paired_stratified_percentile,outer_fold;y_true,42.0,3528e4377f9907c2a7c1b51806abf09e0ec2d5513da630618b0a0cb9950a37d0,lower,,,lightgbm_minus_xgboost,lightgbm,xgboost,0.0025,0.0025,0.0,0.0,0.0,-0.0,-0.0,0.0,macro_f1,True,False,False,,,,,,,,,,,,,
canonical_v2_20260714T221501Z_483f96f,51415c2ce68c89d9ce2b042b0a7a811fe3e98180b72460006f9d0465f6bf49b7,06c507bee525ea1daca43b61249764007d4d8baaa05c9333f23446ea723ce160,f1e358e99914563305428cece1b1595bc76a58643184407ec5b222162d650332,98ae57b622a56983192975c5bff94374ed51322f13c76af633c3c96ceb198cdd,four_model_nested_benchmark,inx_primary,source_declared_benchmark_system_or_outer_fold_model,ten_outer_by_five_inner_fold_exactly_once_oof_benchmark,1200,paired_stratified_percentile_bootstrap_5000_draws,model_benchmarks/paired_model_differences.csv,99b6ce63574a88ab1788990ee6253e5722f5fbc1b7ccdad1f41552fdfe4d6465,paired_model_differences,25,c1300316fe5baec24e789c06aec35dd4f283fa4843b71c7aab1edbf4818f8e91,,ordinal_multiclass_performance,nll_log_loss,,,,0.0131983149707777,1200.0,5000.0,5000.0,0.95,paired_stratified_percentile,outer_fold;y_true,42.0,3528e4377f9907c2a7c1b51806abf09e0ec2d5513da630618b0a0cb9950a37d0,lower,,,lightgbm_minus_xgboost,lightgbm,xgboost,0.5882905279384014,0.5514626110693017,0.0368279168690997,0.0116446008077885,0.062662891235083,-0.0368279168690997,-0.062662891235083,-0.0116446008077885,macro_f1,True,False,False,,,,,,,,,,,,,
canonical_v2_20260714T221501Z_483f96f,51415c2ce68c89d9ce2b042b0a7a811fe3e98180b72460006f9d0465f6bf49b7,06c507bee525ea1daca43b61249764007d4d8baaa05c9333f23446ea723ce160,f1e358e99914563305428cece1b1595bc76a58643184407ec5b222162d650332,98ae57b622a56983192975c5bff94374ed51322f13c76af633c3c96ceb198cdd,four_model_nested_benchmark,inx_primary,source_declared_benchmark_system_or_outer_fold_model,ten_outer_by_five_inner_fold_exactly_once_oof_benchmark,1200,paired_stratified_percentile_bootstrap_5000_draws,model_benchmarks/paired_model_differences.csv,99b6ce63574a88ab1788990ee6253e5722f5fbc1b7ccdad1f41552fdfe4d6465,paired_model_differences,26,c1300316fe5baec24e789c06aec35dd4f283fa4843b71c7aab1edbf4818f8e91,,ordinal_multiclass_performance,multiclass_brier,,,,0.0063183104383008,1200.0,5000.0,5000.0,0.95,paired_stratified_percentile,outer_fold;y_true,42.0,3528e4377f9907c2a7c1b51806abf09e0ec2d5513da630618b0a0cb9950a37d0,lower,,,lightgbm_minus_xgboost,lightgbm,xgboost,0.3172884931228408,0.342606326573343,-0.0253178334505021,-0.0372787452827201,-0.012561026727394,0.0253178334505021,0.012561026727394,0.0372787452827201,macro_f1,True,False,False,,,,,,,,,,,,,
canonical_v2_20260714T221501Z_483f96f,51415c2ce68c89d9ce2b042b0a7a811fe3e98180b72460006f9d0465f6bf49b7,06c507bee525ea1daca43b61249764007d4d8baaa05c9333f23446ea723ce160,f1e358e99914563305428cece1b1595bc76a58643184407ec5b222162d650332,98ae57b622a56983192975c5bff94374ed51322f13c76af633c3c96ceb198cdd,four_model_nested_benchmark,inx_primary,source_declared_benchmark_system_or_outer_fold_model,ten_outer_by_five_inner_fold_exactly_once_oof_benchmark,1200,paired_stratified_percentile_bootstrap_5000_draws,model_benchmarks/paired_model_differences.csv,99b6ce63574a88ab1788990ee6253e5722f5fbc1b7ccdad1f41552fdfe4d6465,paired_model_differences,27,c1300316fe5baec24e789c06aec35dd4f283fa4843b71c7aab1edbf4818f8e91,,ordinal_multiclass_performance,ece_confidence,,,,0.0112416035778763,1200.0,5000.0,5000.0,0.95,paired_stratified_percentile,outer_fold;y_true,42.0,3528e4377f9907c2a7c1b51806abf09e0ec2d5513da630618b0a0cb9950a37d0,lower,,,lightgbm_minus_xgboost,lightgbm,xgboost,0.0863798850926046,0.0375426568313583,0.0488372282612463,0.020393503480086,0.0635969050163772,-0.0488372282612463,-0.0635969050163772,-0.020393503480086,macro_f1,True,False,False,,,,,,,,,,,,,
canonical_v2_20260714T221501Z_483f96f,51415c2ce68c89d9ce2b042b0a7a811fe3e98180b72460006f9d0465f6bf49b7,06c507bee525ea1daca43b61249764007d4d8baaa05c9333f23446ea723ce160,f1e358e99914563305428cece1b1595bc76a58643184407ec5b222162d650332,98ae57b622a56983192975c5bff94374ed51322f13c76af633c3c96ceb198cdd,four_model_nested_benchmark,inx_primary,"{""model"":""logistic_regression""}",ten_outer_by_five_inner_fold_exactly_once_oof_benchmark,not_applicable_or_resolved_by_source_contract,paired_stratified_percentile_bootstrap_5000_draws,model_benchmarks/selected_hyperparameters.csv,5ee6b2c3b43453aa3f54bbc79fa58fdf6f6aa4eae35d02174232cb25f51615f1,selected_hyperparameters,1,c1300316fe5baec24e789c06aec35dd4f283fa4843b71c7aab1edbf4818f8e91,,,,,,,,,,,,,,,,,,,,,,,,,,,,,,,,,,1.0,logistic_regression,3.0,"{""C"":1.0,""class_weight"":""balanced""}","{""l1_ratio"":0.0,""max_iter"":5000,""solver"":""lbfgs"",""tol"":0.0001}",macro_f1,0.5092044313970947,quadratic_weighted_kappa,0.4073636219533362,0.001,[3],highest_macro_f1_within_0_001_then_highest_qwk_then_lowest_candidate_index,False
canonical_v2_20260714T221501Z_483f96f,51415c2ce68c89d9ce2b042b0a7a811fe3e98180b72460006f9d0465f6bf49b7,06c507bee525ea1daca43b61249764007d4d8baaa05c9333f23446ea723ce160,f1e358e99914563305428cece1b1595bc76a58643184407ec5b222162d650332,98ae57b622a56983192975c5bff94374ed51322f13c76af633c3c96ceb198cdd,four_model_nested_benchmark,inx_primary,"{""model"":""random_forest""}",ten_outer_by_five_inner_fold_exactly_once_oof_benchmark,not_applicable_or_resolved_by_source_contract,paired_stratified_percentile_bootstrap_5000_draws,model_benchmarks/selected_hyperparameters.csv,5ee6b2c3b43453aa3f54bbc79fa58fdf6f6aa4eae35d02174232cb25f51615f1,selected_hyperparameters,2,c1300316fe5baec24e789c06aec35dd4f283fa4843b71c7aab1edbf4818f8e91,,,,,,,,,,,,,,,,,,,,,,,,,,,,,,,,,,1.0,random_forest,5.0,"{""class_weight"":""balanced_subsample"",""max_depth"":8,""min_samples_leaf"":1}","{""bootstrap"":true,""max_features"":""sqrt"",""n_estimators"":300,""n_jobs"":1}",macro_f1,0.5976985036508919,quadratic_weighted_kappa,0.644447676379154,0.001,"[5,7]",highest_macro_f1_within_0_001_then_highest_qwk_then_lowest_candidate_index,False
canonical_v2_20260714T221501Z_483f96f,51415c2ce68c89d9ce2b042b0a7a811fe3e98180b72460006f9d0465f6bf49b7,06c507bee525ea1daca43b61249764007d4d8baaa05c9333f23446ea723ce160,f1e358e99914563305428cece1b1595bc76a58643184407ec5b222162d650332,98ae57b622a56983192975c5bff94374ed51322f13c76af633c3c96ceb198cdd,four_model_nested_benchmark,inx_primary,"{""model"":""lightgbm""}",ten_outer_by_five_inner_fold_exactly_once_oof_benchmark,not_applicable_or_resolved_by_source_contract,paired_stratified_percentile_bootstrap_5000_draws,model_benchmarks/selected_hyperparameters.csv,5ee6b2c3b43453aa3f54bbc79fa58fdf6f6aa4eae35d02174232cb25f51615f1,selected_hyperparameters,3,c1300316fe5baec24e789c06aec35dd4f283fa4843b71c7aab1edbf4818f8e91,,,,,,,,,,,,,,,,,,,,,,,,,,,,,,,,,,1.0,lightgbm,7.0,"{""class_weight"":""balanced"",""min_child_samples"":40,""num_leaves"":31}","{""colsample_bytree"":0.9,""deterministic"":true,""force_col_wise"":true,""learning_rate"":0.05,""n_estimators"":300,""n_jobs"":1,""subsample"":0.9,""subsample_freq"":1,""verbosity"":-1}",macro_f1,0.6323055380304148,quadratic_weighted_kappa,0.6196732671324137,0.001,[7],highest_macro_f1_within_0_001_then_highest_qwk_then_lowest_candidate_index,False
canonical_v2_20260714T221501Z_483f96f,51415c2ce68c89d9ce2b042b0a7a811fe3e98180b72460006f9d0465f6bf49b7,06c507bee525ea1daca43b61249764007d4d8baaa05c9333f23446ea723ce160,f1e358e99914563305428cece1b1595bc76a58643184407ec5b222162d650332,98ae57b622a56983192975c5bff94374ed51322f13c76af633c3c96ceb198cdd,four_model_nested_benchmark,inx_primary,"{""model"":""xgboost""}",ten_outer_by_five_inner_fold_exactly_once_oof_benchmark,not_applicable_or_resolved_by_source_contract,paired_stratified_percentile_bootstrap_5000_draws,model_benchmarks/selected_hyperparameters.csv,5ee6b2c3b43453aa3f54bbc79fa58fdf6f6aa4eae35d02174232cb25f51615f1,selected_hyperparameters,4,c1300316fe5baec24e789c06aec35dd4f283fa4843b71c7aab1edbf4818f8e91,,,,,,,,,,,,,,,,,,,,,,,,,,,,,,,,,,1.0,xgboost,3.0,"{""class_weight"":""balanced"",""max_depth"":3,""min_child_weight"":5.0}","{""colsample_bytree"":0.9,""eval_metric"":""mlogloss"",""learning_rate"":0.05,""n_estimators"":300,""n_jobs"":1,""objective"":""multi:softprob"",""reg_lambda"":1.0,""subsample"":0.9,""tree_method"":""hist"",""verbosity"":0}",macro_f1,0.6405982435343656,quadratic_weighted_kappa,0.5821500911844468,0.001,[3],highest_macro_f1_within_0_001_then_highest_qwk_then_lowest_candidate_index,False
canonical_v2_20260714T221501Z_483f96f,51415c2ce68c89d9ce2b042b0a7a811fe3e98180b72460006f9d0465f6bf49b7,06c507bee525ea1daca43b61249764007d4d8baaa05c9333f23446ea723ce160,f1e358e99914563305428cece1b1595bc76a58643184407ec5b222162d650332,98ae57b622a56983192975c5bff94374ed51322f13c76af633c3c96ceb198cdd,four_model_nested_benchmark,inx_primary,"{""model"":""logistic_regression""}",ten_outer_by_five_inner_fold_exactly_once_oof_benchmark,not_applicable_or_resolved_by_source_contract,paired_stratified_percentile_bootstrap_5000_draws,model_benchmarks/selected_hyperparameters.csv,5ee6b2c3b43453aa3f54bbc79fa58fdf6f6aa4eae35d02174232cb25f51615f1,selected_hyperparameters,5,c1300316fe5baec24e789c06aec35dd4f283fa4843b71c7aab1edbf4818f8e91,,,,,,,,,,,,,,,,,,,,,,,,,,,,,,,,,,2.0,logistic_regression,4.0,"{""C"":10.0,""class_weight"":null}","{""l1_ratio"":0.0,""max_iter"":5000,""solver"":""lbfgs"",""tol"":0.0001}",macro_f1,0.5058353329274747,quadratic_weighted_kappa,0.4268297425853669,0.001,[4],highest_macro_f1_within_0_001_then_highest_qwk_then_lowest_candidate_index,False
canonical_v2_20260714T221501Z_483f96f,51415c2ce68c89d9ce2b042b0a7a811fe3e98180b72460006f9d0465f6bf49b7,06c507bee525ea1daca43b61249764007d4d8baaa05c9333f23446ea723ce160,f1e358e99914563305428cece1b1595bc76a58643184407ec5b222162d650332,98ae57b622a56983192975c5bff94374ed51322f13c76af633c3c96ceb198cdd,four_model_nested_benchmark,inx_primary,"{""model"":""random_forest""}",ten_outer_by_five_inner_fold_exactly_once_oof_benchmark,not_applicable_or_resolved_by_source_contract,paired_stratified_percentile_bootstrap_5000_draws,model_benchmarks/selected_hyperparameters.csv,5ee6b2c3b43453aa3f54bbc79fa58fdf6f6aa4eae35d02174232cb25f51615f1,selected_hyperparameters,6,c1300316fe5baec24e789c06aec35dd4f283fa4843b71c7aab1edbf4818f8e91,,,,,,,,,,,,,,,,,,,,,,,,,,,,,,,,,,2.0,random_forest,3.0,"{""class_weight"":""balanced_subsample"",""max_depth"":null,""min_samples_leaf"":3}","{""bootstrap"":true,""max_features"":""sqrt"",""n_estimators"":300,""n_jobs"":1}",macro_f1,0.5983698251338817,quadratic_weighted_kappa,0.6385114675747975,0.001,[3],highest_macro_f1_within_0_001_then_highest_qwk_then_lowest_candidate_index,False
canonical_v2_20260714T221501Z_483f96f,51415c2ce68c89d9ce2b042b0a7a811fe3e98180b72460006f9d0465f6bf49b7,06c507bee525ea1daca43b61249764007d4d8baaa05c9333f23446ea723ce160,f1e358e99914563305428cece1b1595bc76a58643184407ec5b222162d650332,98ae57b622a56983192975c5bff94374ed51322f13c76af633c3c96ceb198cdd,four_model_nested_benchmark,inx_primary,"{""model"":""lightgbm""}",ten_outer_by_five_inner_fold_exactly_once_oof_benchmark,not_applicable_or_resolved_by_source_contract,paired_stratified_percentile_bootstrap_5000_draws,model_benchmarks/selected_hyperparameters.csv,5ee6b2c3b43453aa3f54bbc79fa58fdf6f6aa4eae35d02174232cb25f51615f1,selected_hyperparameters,7,c1300316fe5baec24e789c06aec35dd4f283fa4843b71c7aab1edbf4818f8e91,,,,,,,,,,,,,,,,,,,,,,,,,,,,,,,,,,2.0,lightgbm,1.0,"{""class_weight"":""balanced"",""min_child_samples"":20,""num_leaves"":15}","{""colsample_bytree"":0.9,""deterministic"":true,""force_col_wise"":true,""learning_rate"":0.05,""n_estimators"":300,""n_jobs"":1,""subsample"":0.9,""subsample_freq"":1,""verbosity"":-1}",macro_f1,0.6315557201102971,quadratic_weighted_kappa,0.6142905914680441,0.001,[1],highest_macro_f1_within_0_001_then_highest_qwk_then_lowest_candidate_index,False
canonical_v2_20260714T221501Z_483f96f,51415c2ce68c89d9ce2b042b0a7a811fe3e98180b72460006f9d0465f6bf49b7,06c507bee525ea1daca43b61249764007d4d8baaa05c9333f23446ea723ce160,f1e358e99914563305428cece1b1595bc76a58643184407ec5b222162d650332,98ae57b622a56983192975c5bff94374ed51322f13c76af633c3c96ceb198cdd,four_model_nested_benchmark,inx_primary,"{""model"":""xgboost""}",ten_outer_by_five_inner_fold_exactly_once_oof_benchmark,not_applicable_or_resolved_by_source_contract,paired_stratified_percentile_bootstrap_5000_draws,model_benchmarks/selected_hyperparameters.csv,5ee6b2c3b43453aa3f54bbc79fa58fdf6f6aa4eae35d02174232cb25f51615f1,selected_hyperparameters,8,c1300316fe5baec24e789c06aec35dd4f283fa4843b71c7aab1edbf4818f8e91,,,,,,,,,,,,,,,,,,,,,,,,,,,,,,,,,,2.0,xgboost,1.0,"{""class_weight"":""balanced"",""max_depth"":3,""min_child_weight"":1.0}","{""colsample_bytree"":0.9,""eval_metric"":""mlogloss"",""learning_rate"":0.05,""n_estimators"":300,""n_jobs"":1,""objective"":""multi:softprob"",""reg_lambda"":1.0,""subsample"":0.9,""tree_method"":""hist"",""verbosity"":0}",macro_f1,0.6427504491972831,quadratic_weighted_kappa,0.5939481917165972,0.001,[1],highest_macro_f1_within_0_001_then_highest_qwk_then_lowest_candidate_index,False
canonical_v2_20260714T221501Z_483f96f,51415c2ce68c89d9ce2b042b0a7a811fe3e98180b72460006f9d0465f6bf49b7,06c507bee525ea1daca43b61249764007d4d8baaa05c9333f23446ea723ce160,f1e358e99914563305428cece1b1595bc76a58643184407ec5b222162d650332,98ae57b622a56983192975c5bff94374ed51322f13c76af633c3c96ceb198cdd,four_model_nested_benchmark,inx_primary,"{""model"":""logistic_regression""}",ten_outer_by_five_inner_fold_exactly_once_oof_benchmark,not_applicable_or_resolved_by_source_contract,paired_stratified_percentile_bootstrap_5000_draws,model_benchmarks/selected_hyperparameters.csv,5ee6b2c3b43453aa3f54bbc79fa58fdf6f6aa4eae35d02174232cb25f51615f1,selected_hyperparameters,9,c1300316fe5baec24e789c06aec35dd4f283fa4843b71c7aab1edbf4818f8e91,,,,,,,,,,,,,,,,,,,,,,,,,,,,,,,,,,3.0,logistic_regression,4.0,"{""C"":10.0,""class_weight"":null}","{""l1_ratio"":0.0,""max_iter"":5000,""solver"":""lbfgs"",""tol"":0.0001}",macro_f1,0.4830286945417764,quadratic_weighted_kappa,0.3883635432734998,0.001,[4],highest_macro_f1_within_0_001_then_highest_qwk_then_lowest_candidate_index,False
canonical_v2_20260714T221501Z_483f96f,51415c2ce68c89d9ce2b042b0a7a811fe3e98180b72460006f9d0465f6bf49b7,06c507bee525ea1daca43b61249764007d4d8baaa05c9333f23446ea723ce160,f1e358e99914563305428cece1b1595bc76a58643184407ec5b222162d650332,98ae57b622a56983192975c5bff94374ed51322f13c76af633c3c96ceb198cdd,four_model_nested_benchmark,inx_primary,"{""model"":""random_forest""}",ten_outer_by_five_inner_fold_exactly_once_oof_benchmark,not_applicable_or_resolved_by_source_contract,paired_stratified_percentile_bootstrap_5000_draws,model_benchmarks/selected_hyperparameters.csv,5ee6b2c3b43453aa3f54bbc79fa58fdf6f6aa4eae35d02174232cb25f51615f1,selected_hyperparameters,10,c1300316fe5baec24e789c06aec35dd4f283fa4843b71c7aab1edbf4818f8e91,,,,,,,,,,,,,,,,,,,,,,,,,,,,,,,,,,3.0,random_forest,5.0,"{""class_weight"":""balanced_subsample"",""max_depth"":8,""min_samples_leaf"":1}","{""bootstrap"":true,""max_features"":""sqrt"",""n_estimators"":300,""n_jobs"":1}",macro_f1,0.5958646540711647,quadratic_weighted_kappa,0.6351972675442139,0.001,[5],highest_macro_f1_within_0_001_then_highest_qwk_then_lowest_candidate_index,False
canonical_v2_20260714T221501Z_483f96f,51415c2ce68c89d9ce2b042b0a7a811fe3e98180b72460006f9d0465f6bf49b7,06c507bee525ea1daca43b61249764007d4d8baaa05c9333f23446ea723ce160,f1e358e99914563305428cece1b1595bc76a58643184407ec5b222162d650332,98ae57b622a56983192975c5bff94374ed51322f13c76af633c3c96ceb198cdd,four_model_nested_benchmark,inx_primary,"{""model"":""lightgbm""}",ten_outer_by_five_inner_fold_exactly_once_oof_benchmark,not_applicable_or_resolved_by_source_contract,paired_stratified_percentile_bootstrap_5000_draws,model_benchmarks/selected_hyperparameters.csv,5ee6b2c3b43453aa3f54bbc79fa58fdf6f6aa4eae35d02174232cb25f51615f1,selected_hyperparameters,11,c1300316fe5baec24e789c06aec35dd4f283fa4843b71c7aab1edbf4818f8e91,,,,,,,,,,,,,,,,,,,,,,,,,,,,,,,,,,3.0,lightgbm,7.0,"{""class_weight"":""balanced"",""min_child_samples"":40,""num_leaves"":31}","{""colsample_bytree"":0.9,""deterministic"":true,""force_col_wise"":true,""learning_rate"":0.05,""n_estimators"":300,""n_jobs"":1,""subsample"":0.9,""subsample_freq"":1,""verbosity"":-1}",macro_f1,0.6085845685537736,quadratic_weighted_kappa,0.5757778775055166,0.001,[7],highest_macro_f1_within_0_001_then_highest_qwk_then_lowest_candidate_index,False
canonical_v2_20260714T221501Z_483f96f,51415c2ce68c89d9ce2b042b0a7a811fe3e98180b72460006f9d0465f6bf49b7,06c507bee525ea1daca43b61249764007d4d8baaa05c9333f23446ea723ce160,f1e358e99914563305428cece1b1595bc76a58643184407ec5b222162d650332,98ae57b622a56983192975c5bff94374ed51322f13c76af633c3c96ceb198cdd,four_model_nested_benchmark,inx_primary,"{""model"":""xgboost""}",ten_outer_by_five_inner_fold_exactly_once_oof_benchmark,not_applicable_or_resolved_by_source_contract,paired_stratified_percentile_bootstrap_5000_draws,model_benchmarks/selected_hyperparameters.csv,5ee6b2c3b43453aa3f54bbc79fa58fdf6f6aa4eae35d02174232cb25f51615f1,selected_hyperparameters,12,c1300316fe5baec24e789c06aec35dd4f283fa4843b71c7aab1edbf4818f8e91,,,,,,,,,,,,,,,,,,,,,,,,,,,,,,,,,,3.0,xgboost,5.0,"{""class_weight"":""balanced"",""max_depth"":5,""min_child_weight"":1.0}","{""colsample_bytree"":0.9,""eval_metric"":""mlogloss"",""learning_rate"":0.05,""n_estimators"":300,""n_jobs"":1,""objective"":""multi:softprob"",""reg_lambda"":1.0,""subsample"":0.9,""tree_method"":""hist"",""verbosity"":0}",macro_f1,0.6165997967027781,quadratic_weighted_kappa,0.5934877151067564,0.001,[5],highest_macro_f1_within_0_001_then_highest_qwk_then_lowest_candidate_index,False
canonical_v2_20260714T221501Z_483f96f,51415c2ce68c89d9ce2b042b0a7a811fe3e98180b72460006f9d0465f6bf49b7,06c507bee525ea1daca43b61249764007d4d8baaa05c9333f23446ea723ce160,f1e358e99914563305428cece1b1595bc76a58643184407ec5b222162d650332,98ae57b622a56983192975c5bff94374ed51322f13c76af633c3c96ceb198cdd,four_model_nested_benchmark,inx_primary,"{""model"":""logistic_regression""}",ten_outer_by_five_inner_fold_exactly_once_oof_benchmark,not_applicable_or_resolved_by_source_contract,paired_stratified_percentile_bootstrap_5000_draws,model_benchmarks/selected_hyperparameters.csv,5ee6b2c3b43453aa3f54bbc79fa58fdf6f6aa4eae35d02174232cb25f51615f1,selected_hyperparameters,13,c1300316fe5baec24e789c06aec35dd4f283fa4843b71c7aab1edbf4818f8e91,,,,,,,,,,,,,,,,,,,,,,,,,,,,,,,,,,4.0,logistic_regression,4.0,"{""C"":10.0,""class_weight"":null}","{""l1_ratio"":0.0,""max_iter"":5000,""solver"":""lbfgs"",""tol"":0.0001}",macro_f1,0.4824525499210586,quadratic_weighted_kappa,0.3888603024509897,0.001,[4],highest_macro_f1_within_0_001_then_highest_qwk_then_lowest_candidate_index,False
canonical_v2_20260714T221501Z_483f96f,51415c2ce68c89d9ce2b042b0a7a811fe3e98180b72460006f9d0465f6bf49b7,06c507bee525ea1daca43b61249764007d4d8baaa05c9333f23446ea723ce160,f1e358e99914563305428cece1b1595bc76a58643184407ec5b222162d650332,98ae57b622a56983192975c5bff94374ed51322f13c76af633c3c96ceb198cdd,four_model_nested_benchmark,inx_primary,"{""model"":""random_forest""}",ten_outer_by_five_inner_fold_exactly_once_oof_benchmark,not_applicable_or_resolved_by_source_contract,paired_stratified_percentile_bootstrap_5000_draws,model_benchmarks/selected_hyperparameters.csv,5ee6b2c3b43453aa3f54bbc79fa58fdf6f6aa4eae35d02174232cb25f51615f1,selected_hyperparameters,14,c1300316fe5baec24e789c06aec35dd4f283fa4843b71c7aab1edbf4818f8e91,,,,,,,,,,,,,,,,,,,,,,,,,,,,,,,,,,4.0,random_forest,3.0,"{""class_weight"":""balanced_subsample"",""max_depth"":null,""min_samples_leaf"":3}","{""bootstrap"":true,""max_features"":""sqrt"",""n_estimators"":300,""n_jobs"":1}",macro_f1,0.5955580431319485,quadratic_weighted_kappa,0.6272437384753033,0.001,[3],highest_macro_f1_within_0_001_then_highest_qwk_then_lowest_candidate_index,False
canonical_v2_20260714T221501Z_483f96f,51415c2ce68c89d9ce2b042b0a7a811fe3e98180b72460006f9d0465f6bf49b7,06c507bee525ea1daca43b61249764007d4d8baaa05c9333f23446ea723ce160,f1e358e99914563305428cece1b1595bc76a58643184407ec5b222162d650332,98ae57b622a56983192975c5bff94374ed51322f13c76af633c3c96ceb198cdd,four_model_nested_benchmark,inx_primary,"{""model"":""lightgbm""}",ten_outer_by_five_inner_fold_exactly_once_oof_benchmark,not_applicable_or_resolved_by_source_contract,paired_stratified_percentile_bootstrap_5000_draws,model_benchmarks/selected_hyperparameters.csv,5ee6b2c3b43453aa3f54bbc79fa58fdf6f6aa4eae35d02174232cb25f51615f1,selected_hyperparameters,15,c1300316fe5baec24e789c06aec35dd4f283fa4843b71c7aab1edbf4818f8e91,,,,,,,,,,,,,,,,,,,,,,,,,,,,,,,,,,4.0,lightgbm,7.0,"{""class_weight"":""balanced"",""min_child_samples"":40,""num_leaves"":31}","{""colsample_bytree"":0.9,""deterministic"":true,""force_col_wise"":true,""learning_rate"":0.05,""n_estimators"":300,""n_jobs"":1,""subsample"":0.9,""subsample_freq"":1,""verbosity"":-1}",macro_f1,0.5976359662603616,quadratic_weighted_kappa,0.5729941845649306,0.001,[7],highest_macro_f1_within_0_001_then_highest_qwk_then_lowest_candidate_index,False
canonical_v2_20260714T221501Z_483f96f,51415c2ce68c89d9ce2b042b0a7a811fe3e98180b72460006f9d0465f6bf49b7,06c507bee525ea1daca43b61249764007d4d8baaa05c9333f23446ea723ce160,f1e358e99914563305428cece1b1595bc76a58643184407ec5b222162d650332,98ae57b622a56983192975c5bff94374ed51322f13c76af633c3c96ceb198cdd,four_model_nested_benchmark,inx_primary,"{""model"":""xgboost""}",ten_outer_by_five_inner_fold_exactly_once_oof_benchmark,not_applicable_or_resolved_by_source_contract,paired_stratified_percentile_bootstrap_5000_draws,model_benchmarks/selected_hyperparameters.csv,5ee6b2c3b43453aa3f54bbc79fa58fdf6f6aa4eae35d02174232cb25f51615f1,selected_hyperparameters,16,c1300316fe5baec24e789c06aec35dd4f283fa4843b71c7aab1edbf4818f8e91,,,,,,,,,,,,,,,,,,,,,,,,,,,,,,,,,,4.0,xgboost,3.0,"{""class_weight"":""balanced"",""max_depth"":3,""min_child_weight"":5.0}","{""colsample_bytree"":0.9,""eval_metric"":""mlogloss"",""learning_rate"":0.05,""n_estimators"":300,""n_jobs"":1,""objective"":""multi:softprob"",""reg_lambda"":1.0,""subsample"":0.9,""tree_method"":""hist"",""verbosity"":0}",macro_f1,0.6154696593077518,quadratic_weighted_kappa,0.5545067630685738,0.001,[3],highest_macro_f1_within_0_001_then_highest_qwk_then_lowest_candidate_index,False
canonical_v2_20260714T221501Z_483f96f,51415c2ce68c89d9ce2b042b0a7a811fe3e98180b72460006f9d0465f6bf49b7,06c507bee525ea1daca43b61249764007d4d8baaa05c9333f23446ea723ce160,f1e358e99914563305428cece1b1595bc76a58643184407ec5b222162d650332,98ae57b622a56983192975c5bff94374ed51322f13c76af633c3c96ceb198cdd,four_model_nested_benchmark,inx_primary,"{""model"":""logistic_regression""}",ten_outer_by_five_inner_fold_exactly_once_oof_benchmark,not_applicable_or_resolved_by_source_contract,paired_stratified_percentile_bootstrap_5000_draws,model_benchmarks/selected_hyperparameters.csv,5ee6b2c3b43453aa3f54bbc79fa58fdf6f6aa4eae35d02174232cb25f51615f1,selected_hyperparameters,17,c1300316fe5baec24e789c06aec35dd4f283fa4843b71c7aab1edbf4818f8e91,,,,,,,,,,,,,,,,,,,,,,,,,,,,,,,,,,5.0,logistic_regression,5.0,"{""C"":10.0,""class_weight"":""balanced""}","{""l1_ratio"":0.0,""max_iter"":5000,""solver"":""lbfgs"",""tol"":0.0001}",macro_f1,0.4808291923484772,quadratic_weighted_kappa,0.3734220506286495,0.001,[5],highest_macro_f1_within_0_001_then_highest_qwk_then_lowest_candidate_index,False
canonical_v2_20260714T221501Z_483f96f,51415c2ce68c89d9ce2b042b0a7a811fe3e98180b72460006f9d0465f6bf49b7,06c507bee525ea1daca43b61249764007d4d8baaa05c9333f23446ea723ce160,f1e358e99914563305428cece1b1595bc76a58643184407ec5b222162d650332,98ae57b622a56983192975c5bff94374ed51322f13c76af633c3c96ceb198cdd,four_model_nested_benchmark,inx_primary,"{""model"":""random_forest""}",ten_outer_by_five_inner_fold_exactly_once_oof_benchmark,not_applicable_or_resolved_by_source_contract,paired_stratified_percentile_bootstrap_5000_draws,model_benchmarks/selected_hyperparameters.csv,5ee6b2c3b43453aa3f54bbc79fa58fdf6f6aa4eae35d02174232cb25f51615f1,selected_hyperparameters,18,c1300316fe5baec24e789c06aec35dd4f283fa4843b71c7aab1edbf4818f8e91,,,,,,,,,,,,,,,,,,,,,,,,,,,,,,,,,,5.0,random_forest,5.0,"{""class_weight"":""balanced_subsample"",""max_depth"":8,""min_samples_leaf"":1}","{""bootstrap"":true,""max_features"":""sqrt"",""n_estimators"":300,""n_jobs"":1}",macro_f1,0.5916646548187556,quadratic_weighted_kappa,0.6321469541147917,0.001,"[3,5]",highest_macro_f1_within_0_001_then_highest_qwk_then_lowest_candidate_index,False
canonical_v2_20260714T221501Z_483f96f,51415c2ce68c89d9ce2b042b0a7a811fe3e98180b72460006f9d0465f6bf49b7,06c507bee525ea1daca43b61249764007d4d8baaa05c9333f23446ea723ce160,f1e358e99914563305428cece1b1595bc76a58643184407ec5b222162d650332,98ae57b622a56983192975c5bff94374ed51322f13c76af633c3c96ceb198cdd,four_model_nested_benchmark,inx_primary,"{""model"":""lightgbm""}",ten_outer_by_five_inner_fold_exactly_once_oof_benchmark,not_applicable_or_resolved_by_source_contract,paired_stratified_percentile_bootstrap_5000_draws,model_benchmarks/selected_hyperparameters.csv,5ee6b2c3b43453aa3f54bbc79fa58fdf6f6aa4eae35d02174232cb25f51615f1,selected_hyperparameters,19,c1300316fe5baec24e789c06aec35dd4f283fa4843b71c7aab1edbf4818f8e91,,,,,,,,,,,,,,,,,,,,,,,,,,,,,,,,,,5.0,lightgbm,3.0,"{""class_weight"":""balanced"",""min_child_samples"":40,""num_leaves"":15}","{""colsample_bytree"":0.9,""deterministic"":true,""force_col_wise"":true,""learning_rate"":0.05,""n_estimators"":300,""n_jobs"":1,""subsample"":0.9,""subsample_freq"":1,""verbosity"":-1}",macro_f1,0.6416777543660263,quadratic_weighted_kappa,0.6183085581733856,0.001,[3],highest_macro_f1_within_0_001_then_highest_qwk_then_lowest_candidate_index,False
canonical_v2_20260714T221501Z_483f96f,51415c2ce68c89d9ce2b042b0a7a811fe3e98180b72460006f9d0465f6bf49b7,06c507bee525ea1daca43b61249764007d4d8baaa05c9333f23446ea723ce160,f1e358e99914563305428cece1b1595bc76a58643184407ec5b222162d650332,98ae57b622a56983192975c5bff94374ed51322f13c76af633c3c96ceb198cdd,four_model_nested_benchmark,inx_primary,"{""model"":""xgboost""}",ten_outer_by_five_inner_fold_exactly_once_oof_benchmark,not_applicable_or_resolved_by_source_contract,paired_stratified_percentile_bootstrap_5000_draws,model_benchmarks/selected_hyperparameters.csv,5ee6b2c3b43453aa3f54bbc79fa58fdf6f6aa4eae35d02174232cb25f51615f1,selected_hyperparameters,20,c1300316fe5baec24e789c06aec35dd4f283fa4843b71c7aab1edbf4818f8e91,,,,,,,,,,,,,,,,,,,,,,,,,,,,,,,,,,5.0,xgboost,1.0,"{""class_weight"":""balanced"",""max_depth"":3,""min_child_weight"":1.0}","{""colsample_bytree"":0.9,""eval_metric"":""mlogloss"",""learning_rate"":0.05,""n_estimators"":300,""n_jobs"":1,""objective"":""multi:softprob"",""reg_lambda"":1.0,""subsample"":0.9,""tree_method"":""hist"",""verbosity"":0}",macro_f1,0.6498928184643444,quadratic_weighted_kappa,0.5982738256766076,0.001,[1],highest_macro_f1_within_0_001_then_highest_qwk_then_lowest_candidate_index,False
canonical_v2_20260714T221501Z_483f96f,51415c2ce68c89d9ce2b042b0a7a811fe3e98180b72460006f9d0465f6bf49b7,06c507bee525ea1daca43b61249764007d4d8baaa05c9333f23446ea723ce160,f1e358e99914563305428cece1b1595bc76a58643184407ec5b222162d650332,98ae57b622a56983192975c5bff94374ed51322f13c76af633c3c96ceb198cdd,four_model_nested_benchmark,inx_primary,"{""model"":""logistic_regression""}",ten_outer_by_five_inner_fold_exactly_once_oof_benchmark,not_applicable_or_resolved_by_source_contract,paired_stratified_percentile_bootstrap_5000_draws,model_benchmarks/selected_hyperparameters.csv,5ee6b2c3b43453aa3f54bbc79fa58fdf6f6aa4eae35d02174232cb25f51615f1,selected_hyperparameters,21,c1300316fe5baec24e789c06aec35dd4f283fa4843b71c7aab1edbf4818f8e91,,,,,,,,,,,,,,,,,,,,,,,,,,,,,,,,,,6.0,logistic_regression,5.0,"{""C"":10.0,""class_weight"":""balanced""}","{""l1_ratio"":0.0,""max_iter"":5000,""solver"":""lbfgs"",""tol"":0.0001}",macro_f1,0.5115955374056186,quadratic_weighted_kappa,0.4012474222958762,0.001,[5],highest_macro_f1_within_0_001_then_highest_qwk_then_lowest_candidate_index,False
canonical_v2_20260714T221501Z_483f96f,51415c2ce68c89d9ce2b042b0a7a811fe3e98180b72460006f9d0465f6bf49b7,06c507bee525ea1daca43b61249764007d4d8baaa05c9333f23446ea723ce160,f1e358e99914563305428cece1b1595bc76a58643184407ec5b222162d650332,98ae57b622a56983192975c5bff94374ed51322f13c76af633c3c96ceb198cdd,four_model_nested_benchmark,inx_primary,"{""model"":""random_forest""}",ten_outer_by_five_inner_fold_exactly_once_oof_benchmark,not_applicable_or_resolved_by_source_contract,paired_stratified_percentile_bootstrap_5000_draws,model_benchmarks/selected_hyperparameters.csv,5ee6b2c3b43453aa3f54bbc79fa58fdf6f6aa4eae35d02174232cb25f51615f1,selected_hyperparameters,22,c1300316fe5baec24e789c06aec35dd4f283fa4843b71c7aab1edbf4818f8e91,,,,,,,,,,,,,,,,,,,,,,,,,,,,,,,,,,6.0,random_forest,3.0,"{""class_weight"":""balanced_subsample"",""max_depth"":null,""min_samples_leaf"":3}","{""bootstrap"":true,""max_features"":""sqrt"",""n_estimators"":300,""n_jobs"":1}",macro_f1,0.5967628239681675,quadratic_weighted_kappa,0.6351158749193798,0.001,[3],highest_macro_f1_within_0_001_then_highest_qwk_then_lowest_candidate_index,False
canonical_v2_20260714T221501Z_483f96f,51415c2ce68c89d9ce2b042b0a7a811fe3e98180b72460006f9d0465f6bf49b7,06c507bee525ea1daca43b61249764007d4d8baaa05c9333f23446ea723ce160,f1e358e99914563305428cece1b1595bc76a58643184407ec5b222162d650332,98ae57b622a56983192975c5bff94374ed51322f13c76af633c3c96ceb198cdd,four_model_nested_benchmark,inx_primary,"{""model"":""lightgbm""}",ten_outer_by_five_inner_fold_exactly_once_oof_benchmark,not_applicable_or_resolved_by_source_contract,paired_stratified_percentile_bootstrap_5000_draws,model_benchmarks/selected_hyperparameters.csv,5ee6b2c3b43453aa3f54bbc79fa58fdf6f6aa4eae35d02174232cb25f51615f1,selected_hyperparameters,23,c1300316fe5baec24e789c06aec35dd4f283fa4843b71c7aab1edbf4818f8e91,,,,,,,,,,,,,,,,,,,,,,,,,,,,,,,,,,6.0,lightgbm,1.0,"{""class_weight"":""balanced"",""min_child_samples"":20,""num_leaves"":15}","{""colsample_bytree"":0.9,""deterministic"":true,""force_col_wise"":true,""learning_rate"":0.05,""n_estimators"":300,""n_jobs"":1,""subsample"":0.9,""subsample_freq"":1,""verbosity"":-1}",macro_f1,0.6296726382764538,quadratic_weighted_kappa,0.6286477681285572,0.001,"[1,7]",highest_macro_f1_within_0_001_then_highest_qwk_then_lowest_candidate_index,False
canonical_v2_20260714T221501Z_483f96f,51415c2ce68c89d9ce2b042b0a7a811fe3e98180b72460006f9d0465f6bf49b7,06c507bee525ea1daca43b61249764007d4d8baaa05c9333f23446ea723ce160,f1e358e99914563305428cece1b1595bc76a58643184407ec5b222162d650332,98ae57b622a56983192975c5bff94374ed51322f13c76af633c3c96ceb198cdd,four_model_nested_benchmark,inx_primary,"{""model"":""xgboost""}",ten_outer_by_five_inner_fold_exactly_once_oof_benchmark,not_applicable_or_resolved_by_source_contract,paired_stratified_percentile_bootstrap_5000_draws,model_benchmarks/selected_hyperparameters.csv,5ee6b2c3b43453aa3f54bbc79fa58fdf6f6aa4eae35d02174232cb25f51615f1,selected_hyperparameters,24,c1300316fe5baec24e789c06aec35dd4f283fa4843b71c7aab1edbf4818f8e91,,,,,,,,,,,,,,,,,,,,,,,,,,,,,,,,,,6.0,xgboost,5.0,"{""class_weight"":""balanced"",""max_depth"":5,""min_child_weight"":1.0}","{""colsample_bytree"":0.9,""eval_metric"":""mlogloss"",""learning_rate"":0.05,""n_estimators"":300,""n_jobs"":1,""objective"":""multi:softprob"",""reg_lambda"":1.0,""subsample"":0.9,""tree_method"":""hist"",""verbosity"":0}",macro_f1,0.640002103099496,quadratic_weighted_kappa,0.6326353515809965,0.001,[5],highest_macro_f1_within_0_001_then_highest_qwk_then_lowest_candidate_index,False
canonical_v2_20260714T221501Z_483f96f,51415c2ce68c89d9ce2b042b0a7a811fe3e98180b72460006f9d0465f6bf49b7,06c507bee525ea1daca43b61249764007d4d8baaa05c9333f23446ea723ce160,f1e358e99914563305428cece1b1595bc76a58643184407ec5b222162d650332,98ae57b622a56983192975c5bff94374ed51322f13c76af633c3c96ceb198cdd,four_model_nested_benchmark,inx_primary,"{""model"":""logistic_regression""}",ten_outer_by_five_inner_fold_exactly_once_oof_benchmark,not_applicable_or_resolved_by_source_contract,paired_stratified_percentile_bootstrap_5000_draws,model_benchmarks/selected_hyperparameters.csv,5ee6b2c3b43453aa3f54bbc79fa58fdf6f6aa4eae35d02174232cb25f51615f1,selected_hyperparameters,25,c1300316fe5baec24e789c06aec35dd4f283fa4843b71c7aab1edbf4818f8e91,,,,,,,,,,,,,,,,,,,,,,,,,,,,,,,,,,7.0,logistic_regression,4.0,"{""C"":10.0,""class_weight"":null}","{""l1_ratio"":0.0,""max_iter"":5000,""solver"":""lbfgs"",""tol"":0.0001}",macro_f1,0.4913552972279092,quadratic_weighted_kappa,0.4139589813982599,0.001,[4],highest_macro_f1_within_0_001_then_highest_qwk_then_lowest_candidate_index,False
canonical_v2_20260714T221501Z_483f96f,51415c2ce68c89d9ce2b042b0a7a811fe3e98180b72460006f9d0465f6bf49b7,06c507bee525ea1daca43b61249764007d4d8baaa05c9333f23446ea723ce160,f1e358e99914563305428cece1b1595bc76a58643184407ec5b222162d650332,98ae57b622a56983192975c5bff94374ed51322f13c76af633c3c96ceb198cdd,four_model_nested_benchmark,inx_primary,"{""model"":""random_forest""}",ten_outer_by_five_inner_fold_exactly_once_oof_benchmark,not_applicable_or_resolved_by_source_contract,paired_stratified_percentile_bootstrap_5000_draws,model_benchmarks/selected_hyperparameters.csv,5ee6b2c3b43453aa3f54bbc79fa58fdf6f6aa4eae35d02174232cb25f51615f1,selected_hyperparameters,26,c1300316fe5baec24e789c06aec35dd4f283fa4843b71c7aab1edbf4818f8e91,,,,,,,,,,,,,,,,,,,,,,,,,,,,,,,,,,7.0,random_forest,7.0,"{""class_weight"":""balanced_subsample"",""max_depth"":8,""min_samples_leaf"":3}","{""bootstrap"":true,""max_features"":""sqrt"",""n_estimators"":300,""n_jobs"":1}",macro_f1,0.5974529685523583,quadratic_weighted_kappa,0.615344480345456,0.001,[7],highest_macro_f1_within_0_001_then_highest_qwk_then_lowest_candidate_index,False
canonical_v2_20260714T221501Z_483f96f,51415c2ce68c89d9ce2b042b0a7a811fe3e98180b72460006f9d0465f6bf49b7,06c507bee525ea1daca43b61249764007d4d8baaa05c9333f23446ea723ce160,f1e358e99914563305428cece1b1595bc76a58643184407ec5b222162d650332,98ae57b622a56983192975c5bff94374ed51322f13c76af633c3c96ceb198cdd,four_model_nested_benchmark,inx_primary,"{""model"":""lightgbm""}",ten_outer_by_five_inner_fold_exactly_once_oof_benchmark,not_applicable_or_resolved_by_source_contract,paired_stratified_percentile_bootstrap_5000_draws,model_benchmarks/selected_hyperparameters.csv,5ee6b2c3b43453aa3f54bbc79fa58fdf6f6aa4eae35d02174232cb25f51615f1,selected_hyperparameters,27,c1300316fe5baec24e789c06aec35dd4f283fa4843b71c7aab1edbf4818f8e91,,,,,,,,,,,,,,,,,,,,,,,,,,,,,,,,,,7.0,lightgbm,7.0,"{""class_weight"":""balanced"",""min_child_samples"":40,""num_leaves"":31}","{""colsample_bytree"":0.9,""deterministic"":true,""force_col_wise"":true,""learning_rate"":0.05,""n_estimators"":300,""n_jobs"":1,""subsample"":0.9,""subsample_freq"":1,""verbosity"":-1}",macro_f1,0.6167998416085159,quadratic_weighted_kappa,0.5839956541308345,0.001,[7],highest_macro_f1_within_0_001_then_highest_qwk_then_lowest_candidate_index,False
canonical_v2_20260714T221501Z_483f96f,51415c2ce68c89d9ce2b042b0a7a811fe3e98180b72460006f9d0465f6bf49b7,06c507bee525ea1daca43b61249764007d4d8baaa05c9333f23446ea723ce160,f1e358e99914563305428cece1b1595bc76a58643184407ec5b222162d650332,98ae57b622a56983192975c5bff94374ed51322f13c76af633c3c96ceb198cdd,four_model_nested_benchmark,inx_primary,"{""model"":""xgboost""}",ten_outer_by_five_inner_fold_exactly_once_oof_benchmark,not_applicable_or_resolved_by_source_contract,paired_stratified_percentile_bootstrap_5000_draws,model_benchmarks/selected_hyperparameters.csv,5ee6b2c3b43453aa3f54bbc79fa58fdf6f6aa4eae35d02174232cb25f51615f1,selected_hyperparameters,28,c1300316fe5baec24e789c06aec35dd4f283fa4843b71c7aab1edbf4818f8e91,,,,,,,,,,,,,,,,,,,,,,,,,,,,,,,,,,7.0,xgboost,1.0,"{""class_weight"":""balanced"",""max_depth"":3,""min_child_weight"":1.0}","{""colsample_bytree"":0.9,""eval_metric"":""mlogloss"",""learning_rate"":0.05,""n_estimators"":300,""n_jobs"":1,""objective"":""multi:softprob"",""reg_lambda"":1.0,""subsample"":0.9,""tree_method"":""hist"",""verbosity"":0}",macro_f1,0.62570352575046,quadratic_weighted_kappa,0.5731367374961718,0.001,[1],highest_macro_f1_within_0_001_then_highest_qwk_then_lowest_candidate_index,False
canonical_v2_20260714T221501Z_483f96f,51415c2ce68c89d9ce2b042b0a7a811fe3e98180b72460006f9d0465f6bf49b7,06c507bee525ea1daca43b61249764007d4d8baaa05c9333f23446ea723ce160,f1e358e99914563305428cece1b1595bc76a58643184407ec5b222162d650332,98ae57b622a56983192975c5bff94374ed51322f13c76af633c3c96ceb198cdd,four_model_nested_benchmark,inx_primary,"{""model"":""logistic_regression""}",ten_outer_by_five_inner_fold_exactly_once_oof_benchmark,not_applicable_or_resolved_by_source_contract,paired_stratified_percentile_bootstrap_5000_draws,model_benchmarks/selected_hyperparameters.csv,5ee6b2c3b43453aa3f54bbc79fa58fdf6f6aa4eae35d02174232cb25f51615f1,selected_hyperparameters,29,c1300316fe5baec24e789c06aec35dd4f283fa4843b71c7aab1edbf4818f8e91,,,,,,,,,,,,,,,,,,,,,,,,,,,,,,,,,,8.0,logistic_regression,3.0,"{""C"":1.0,""class_weight"":""balanced""}","{""l1_ratio"":0.0,""max_iter"":5000,""solver"":""lbfgs"",""tol"":0.0001}",macro_f1,0.4846547682251619,quadratic_weighted_kappa,0.390255168446988,0.001,"[2,3]",highest_macro_f1_within_0_001_then_highest_qwk_then_lowest_candidate_index,False
canonical_v2_20260714T221501Z_483f96f,51415c2ce68c89d9ce2b042b0a7a811fe3e98180b72460006f9d0465f6bf49b7,06c507bee525ea1daca43b61249764007d4d8baaa05c9333f23446ea723ce160,f1e358e99914563305428cece1b1595bc76a58643184407ec5b222162d650332,98ae57b622a56983192975c5bff94374ed51322f13c76af633c3c96ceb198cdd,four_model_nested_benchmark,inx_primary,"{""model"":""random_forest""}",ten_outer_by_five_inner_fold_exactly_once_oof_benchmark,not_applicable_or_resolved_by_source_contract,paired_stratified_percentile_bootstrap_5000_draws,model_benchmarks/selected_hyperparameters.csv,5ee6b2c3b43453aa3f54bbc79fa58fdf6f6aa4eae35d02174232cb25f51615f1,selected_hyperparameters,30,c1300316fe5baec24e789c06aec35dd4f283fa4843b71c7aab1edbf4818f8e91,,,,,,,,,,,,,,,,,,,,,,,,,,,,,,,,,,8.0,random_forest,5.0,"{""class_weight"":""balanced_subsample"",""max_depth"":8,""min_samples_leaf"":1}","{""bootstrap"":true,""max_features"":""sqrt"",""n_estimators"":300,""n_jobs"":1}",macro_f1,0.5982092538003194,quadratic_weighted_kappa,0.6306852735867998,0.001,[5],highest_macro_f1_within_0_001_then_highest_qwk_then_lowest_candidate_index,False
canonical_v2_20260714T221501Z_483f96f,51415c2ce68c89d9ce2b042b0a7a811fe3e98180b72460006f9d0465f6bf49b7,06c507bee525ea1daca43b61249764007d4d8baaa05c9333f23446ea723ce160,f1e358e99914563305428cece1b1595bc76a58643184407ec5b222162d650332,98ae57b622a56983192975c5bff94374ed51322f13c76af633c3c96ceb198cdd,four_model_nested_benchmark,inx_primary,"{""model"":""lightgbm""}",ten_outer_by_five_inner_fold_exactly_once_oof_benchmark,not_applicable_or_resolved_by_source_contract,paired_stratified_percentile_bootstrap_5000_draws,model_benchmarks/selected_hyperparameters.csv,5ee6b2c3b43453aa3f54bbc79fa58fdf6f6aa4eae35d02174232cb25f51615f1,selected_hyperparameters,31,c1300316fe5baec24e789c06aec35dd4f283fa4843b71c7aab1edbf4818f8e91,,,,,,,,,,,,,,,,,,,,,,,,,,,,,,,,,,8.0,lightgbm,1.0,"{""class_weight"":""balanced"",""min_child_samples"":20,""num_leaves"":15}","{""colsample_bytree"":0.9,""deterministic"":true,""force_col_wise"":true,""learning_rate"":0.05,""n_estimators"":300,""n_jobs"":1,""subsample"":0.9,""subsample_freq"":1,""verbosity"":-1}",macro_f1,0.6246490781765921,quadratic_weighted_kappa,0.6192032773694115,0.001,[1],highest_macro_f1_within_0_001_then_highest_qwk_then_lowest_candidate_index,False
canonical_v2_20260714T221501Z_483f96f,51415c2ce68c89d9ce2b042b0a7a811fe3e98180b72460006f9d0465f6bf49b7,06c507bee525ea1daca43b61249764007d4d8baaa05c9333f23446ea723ce160,f1e358e99914563305428cece1b1595bc76a58643184407ec5b222162d650332,98ae57b622a56983192975c5bff94374ed51322f13c76af633c3c96ceb198cdd,four_model_nested_benchmark,inx_primary,"{""model"":""xgboost""}",ten_outer_by_five_inner_fold_exactly_once_oof_benchmark,not_applicable_or_resolved_by_source_contract,paired_stratified_percentile_bootstrap_5000_draws,model_benchmarks/selected_hyperparameters.csv,5ee6b2c3b43453aa3f54bbc79fa58fdf6f6aa4eae35d02174232cb25f51615f1,selected_hyperparameters,32,c1300316fe5baec24e789c06aec35dd4f283fa4843b71c7aab1edbf4818f8e91,,,,,,,,,,,,,,,,,,,,,,,,,,,,,,,,,,8.0,xgboost,5.0,"{""class_weight"":""balanced"",""max_depth"":5,""min_child_weight"":1.0}","{""colsample_bytree"":0.9,""eval_metric"":""mlogloss"",""learning_rate"":0.05,""n_estimators"":300,""n_jobs"":1,""objective"":""multi:softprob"",""reg_lambda"":1.0,""subsample"":0.9,""tree_method"":""hist"",""verbosity"":0}",macro_f1,0.6322265993290898,quadratic_weighted_kappa,0.6170734305569475,0.001,[5],highest_macro_f1_within_0_001_then_highest_qwk_then_lowest_candidate_index,False
canonical_v2_20260714T221501Z_483f96f,51415c2ce68c89d9ce2b042b0a7a811fe3e98180b72460006f9d0465f6bf49b7,06c507bee525ea1daca43b61249764007d4d8baaa05c9333f23446ea723ce160,f1e358e99914563305428cece1b1595bc76a58643184407ec5b222162d650332,98ae57b622a56983192975c5bff94374ed51322f13c76af633c3c96ceb198cdd,four_model_nested_benchmark,inx_primary,"{""model"":""logistic_regression""}",ten_outer_by_five_inner_fold_exactly_once_oof_benchmark,not_applicable_or_resolved_by_source_contract,paired_stratified_percentile_bootstrap_5000_draws,model_benchmarks/selected_hyperparameters.csv,5ee6b2c3b43453aa3f54bbc79fa58fdf6f6aa4eae35d02174232cb25f51615f1,selected_hyperparameters,33,c1300316fe5baec24e789c06aec35dd4f283fa4843b71c7aab1edbf4818f8e91,,,,,,,,,,,,,,,,,,,,,,,,,,,,,,,,,,9.0,logistic_regression,4.0,"{""C"":10.0,""class_weight"":null}","{""l1_ratio"":0.0,""max_iter"":5000,""solver"":""lbfgs"",""tol"":0.0001}",macro_f1,0.4859924768679647,quadratic_weighted_kappa,0.3875446795568026,0.001,[4],highest_macro_f1_within_0_001_then_highest_qwk_then_lowest_candidate_index,False
canonical_v2_20260714T221501Z_483f96f,51415c2ce68c89d9ce2b042b0a7a811fe3e98180b72460006f9d0465f6bf49b7,06c507bee525ea1daca43b61249764007d4d8baaa05c9333f23446ea723ce160,f1e358e99914563305428cece1b1595bc76a58643184407ec5b222162d650332,98ae57b622a56983192975c5bff94374ed51322f13c76af633c3c96ceb198cdd,four_model_nested_benchmark,inx_primary,"{""model"":""random_forest""}",ten_outer_by_five_inner_fold_exactly_once_oof_benchmark,not_applicable_or_resolved_by_source_contract,paired_stratified_percentile_bootstrap_5000_draws,model_benchmarks/selected_hyperparameters.csv,5ee6b2c3b43453aa3f54bbc79fa58fdf6f6aa4eae35d02174232cb25f51615f1,selected_hyperparameters,34,c1300316fe5baec24e789c06aec35dd4f283fa4843b71c7aab1edbf4818f8e91,,,,,,,,,,,,,,,,,,,,,,,,,,,,,,,,,,9.0,random_forest,5.0,"{""class_weight"":""balanced_subsample"",""max_depth"":8,""min_samples_leaf"":1}","{""bootstrap"":true,""max_features"":""sqrt"",""n_estimators"":300,""n_jobs"":1}",macro_f1,0.5905295308473795,quadratic_weighted_kappa,0.6302786339095393,0.001,[5],highest_macro_f1_within_0_001_then_highest_qwk_then_lowest_candidate_index,False
canonical_v2_20260714T221501Z_483f96f,51415c2ce68c89d9ce2b042b0a7a811fe3e98180b72460006f9d0465f6bf49b7,06c507bee525ea1daca43b61249764007d4d8baaa05c9333f23446ea723ce160,f1e358e99914563305428cece1b1595bc76a58643184407ec5b222162d650332,98ae57b622a56983192975c5bff94374ed51322f13c76af633c3c96ceb198cdd,four_model_nested_benchmark,inx_primary,"{""model"":""lightgbm""}",ten_outer_by_five_inner_fold_exactly_once_oof_benchmark,not_applicable_or_resolved_by_source_contract,paired_stratified_percentile_bootstrap_5000_draws,model_benchmarks/selected_hyperparameters.csv,5ee6b2c3b43453aa3f54bbc79fa58fdf6f6aa4eae35d02174232cb25f51615f1,selected_hyperparameters,35,c1300316fe5baec24e789c06aec35dd4f283fa4843b71c7aab1edbf4818f8e91,,,,,,,,,,,,,,,,,,,,,,,,,,,,,,,,,,9.0,lightgbm,3.0,"{""class_weight"":""balanced"",""min_child_samples"":40,""num_leaves"":15}","{""colsample_bytree"":0.9,""deterministic"":true,""force_col_wise"":true,""learning_rate"":0.05,""n_estimators"":300,""n_jobs"":1,""subsample"":0.9,""subsample_freq"":1,""verbosity"":-1}",macro_f1,0.6161732289280092,quadratic_weighted_kappa,0.5968824112432787,0.001,[3],highest_macro_f1_within_0_001_then_highest_qwk_then_lowest_candidate_index,False
canonical_v2_20260714T221501Z_483f96f,51415c2ce68c89d9ce2b042b0a7a811fe3e98180b72460006f9d0465f6bf49b7,06c507bee525ea1daca43b61249764007d4d8baaa05c9333f23446ea723ce160,f1e358e99914563305428cece1b1595bc76a58643184407ec5b222162d650332,98ae57b622a56983192975c5bff94374ed51322f13c76af633c3c96ceb198cdd,four_model_nested_benchmark,inx_primary,"{""model"":""xgboost""}",ten_outer_by_five_inner_fold_exactly_once_oof_benchmark,not_applicable_or_resolved_by_source_contract,paired_stratified_percentile_bootstrap_5000_draws,model_benchmarks/selected_hyperparameters.csv,5ee6b2c3b43453aa3f54bbc79fa58fdf6f6aa4eae35d02174232cb25f51615f1,selected_hyperparameters,36,c1300316fe5baec24e789c06aec35dd4f283fa4843b71c7aab1edbf4818f8e91,,,,,,,,,,,,,,,,,,,,,,,,,,,,,,,,,,9.0,xgboost,1.0,"{""class_weight"":""balanced"",""max_depth"":3,""min_child_weight"":1.0}","{""colsample_bytree"":0.9,""eval_metric"":""mlogloss"",""learning_rate"":0.05,""n_estimators"":300,""n_jobs"":1,""objective"":""multi:softprob"",""reg_lambda"":1.0,""subsample"":0.9,""tree_method"":""hist"",""verbosity"":0}",macro_f1,0.6415558852152039,quadratic_weighted_kappa,0.58644057740983,0.001,[1],highest_macro_f1_within_0_001_then_highest_qwk_then_lowest_candidate_index,False
canonical_v2_20260714T221501Z_483f96f,51415c2ce68c89d9ce2b042b0a7a811fe3e98180b72460006f9d0465f6bf49b7,06c507bee525ea1daca43b61249764007d4d8baaa05c9333f23446ea723ce160,f1e358e99914563305428cece1b1595bc76a58643184407ec5b222162d650332,98ae57b622a56983192975c5bff94374ed51322f13c76af633c3c96ceb198cdd,four_model_nested_benchmark,inx_primary,"{""model"":""logistic_regression""}",ten_outer_by_five_inner_fold_exactly_once_oof_benchmark,not_applicable_or_resolved_by_source_contract,paired_stratified_percentile_bootstrap_5000_draws,model_benchmarks/selected_hyperparameters.csv,5ee6b2c3b43453aa3f54bbc79fa58fdf6f6aa4eae35d02174232cb25f51615f1,selected_hyperparameters,37,c1300316fe5baec24e789c06aec35dd4f283fa4843b71c7aab1edbf4818f8e91,,,,,,,,,,,,,,,,,,,,,,,,,,,,,,,,,,10.0,logistic_regression,4.0,"{""C"":10.0,""class_weight"":null}","{""l1_ratio"":0.0,""max_iter"":5000,""solver"":""lbfgs"",""tol"":0.0001}",macro_f1,0.4991027543156404,quadratic_weighted_kappa,0.4214907610700189,0.001,[4],highest_macro_f1_within_0_001_then_highest_qwk_then_lowest_candidate_index,False
canonical_v2_20260714T221501Z_483f96f,51415c2ce68c89d9ce2b042b0a7a811fe3e98180b72460006f9d0465f6bf49b7,06c507bee525ea1daca43b61249764007d4d8baaa05c9333f23446ea723ce160,f1e358e99914563305428cece1b1595bc76a58643184407ec5b222162d650332,98ae57b622a56983192975c5bff94374ed51322f13c76af633c3c96ceb198cdd,four_model_nested_benchmark,inx_primary,"{""model"":""random_forest""}",ten_outer_by_five_inner_fold_exactly_once_oof_benchmark,not_applicable_or_resolved_by_source_contract,paired_stratified_percentile_bootstrap_5000_draws,model_benchmarks/selected_hyperparameters.csv,5ee6b2c3b43453aa3f54bbc79fa58fdf6f6aa4eae35d02174232cb25f51615f1,selected_hyperparameters,38,c1300316fe5baec24e789c06aec35dd4f283fa4843b71c7aab1edbf4818f8e91,,,,,,,,,,,,,,,,,,,,,,,,,,,,,,,,,,10.0,random_forest,3.0,"{""class_weight"":""balanced_subsample"",""max_depth"":null,""min_samples_leaf"":3}","{""bootstrap"":true,""max_features"":""sqrt"",""n_estimators"":300,""n_jobs"":1}",macro_f1,0.5908407596247294,quadratic_weighted_kappa,0.6334193864140649,0.001,"[3,5]",highest_macro_f1_within_0_001_then_highest_qwk_then_lowest_candidate_index,False
canonical_v2_20260714T221501Z_483f96f,51415c2ce68c89d9ce2b042b0a7a811fe3e98180b72460006f9d0465f6bf49b7,06c507bee525ea1daca43b61249764007d4d8baaa05c9333f23446ea723ce160,f1e358e99914563305428cece1b1595bc76a58643184407ec5b222162d650332,98ae57b622a56983192975c5bff94374ed51322f13c76af633c3c96ceb198cdd,four_model_nested_benchmark,inx_primary,"{""model"":""lightgbm""}",ten_outer_by_five_inner_fold_exactly_once_oof_benchmark,not_applicable_or_resolved_by_source_contract,paired_stratified_percentile_bootstrap_5000_draws,model_benchmarks/selected_hyperparameters.csv,5ee6b2c3b43453aa3f54bbc79fa58fdf6f6aa4eae35d02174232cb25f51615f1,selected_hyperparameters,39,c1300316fe5baec24e789c06aec35dd4f283fa4843b71c7aab1edbf4818f8e91,,,,,,,,,,,,,,,,,,,,,,,,,,,,,,,,,,10.0,lightgbm,5.0,"{""class_weight"":""balanced"",""min_child_samples"":20,""num_leaves"":31}","{""colsample_bytree"":0.9,""deterministic"":true,""force_col_wise"":true,""learning_rate"":0.05,""n_estimators"":300,""n_jobs"":1,""subsample"":0.9,""subsample_freq"":1,""verbosity"":-1}",macro_f1,0.6210158630270038,quadratic_weighted_kappa,0.6332320537582772,0.001,"[5,7]",highest_macro_f1_within_0_001_then_highest_qwk_then_lowest_candidate_index,False
canonical_v2_20260714T221501Z_483f96f,51415c2ce68c89d9ce2b042b0a7a811fe3e98180b72460006f9d0465f6bf49b7,06c507bee525ea1daca43b61249764007d4d8baaa05c9333f23446ea723ce160,f1e358e99914563305428cece1b1595bc76a58643184407ec5b222162d650332,98ae57b622a56983192975c5bff94374ed51322f13c76af633c3c96ceb198cdd,four_model_nested_benchmark,inx_primary,"{""model"":""xgboost""}",ten_outer_by_five_inner_fold_exactly_once_oof_benchmark,not_applicable_or_resolved_by_source_contract,paired_stratified_percentile_bootstrap_5000_draws,model_benchmarks/selected_hyperparameters.csv,5ee6b2c3b43453aa3f54bbc79fa58fdf6f6aa4eae35d02174232cb25f51615f1,selected_hyperparameters,40,c1300316fe5baec24e789c06aec35dd4f283fa4843b71c7aab1edbf4818f8e91,,,,,,,,,,,,,,,,,,,,,,,,,,,,,,,,,,10.0,xgboost,1.0,"{""class_weight"":""balanced"",""max_depth"":3,""min_child_weight"":1.0}","{""colsample_bytree"":0.9,""eval_metric"":""mlogloss"",""learning_rate"":0.05,""n_estimators"":300,""n_jobs"":1,""objective"":""multi:softprob"",""reg_lambda"":1.0,""subsample"":0.9,""tree_method"":""hist"",""verbosity"":0}",macro_f1,0.6280335451346277,quadratic_weighted_kappa,0.580951457613738,0.001,[1],highest_macro_f1_within_0_001_then_highest_qwk_then_lowest_candidate_index,False
