feature_set,model,metric,mean,std,ci_low,ci_high
no_salary_hike_no_attrition,xgboost,ece_confidence,0.07184804027279215,0.012739436172951459,0.06283989856640498,0.08085618197917933
