feature_set,model,metric,mean,std,ci_low,ci_high
no_salary_hike_no_attrition,xgboost,nll_log_loss,0.5059448588538326,0.012354026285523963,0.49720924309238174,0.5146804746152834
