feature_set,model,metric,mean,std,ci_low,ci_high
no_salary_hike_no_attrition,xgboost,ordinal_mae,0.16416666666666666,0.0035355339059327407,0.16166666666666665,0.16666666666666666
