feature_set,model,fold,n_features,removed_features,accuracy,balanced_accuracy,macro_f1,weighted_f1,macro_precision,weighted_precision,macro_recall,weighted_recall,ordinal_mae,quadratic_weighted_kappa,adjacent_accuracy,severe_error_rate,nll_log_loss,multiclass_brier,ece_confidence
no_salary_hike_no_attrition,xgboost,1,21,"Age, EmpLastSalaryHikePercent, Attrition",0.84,0.6363169308980722,0.6059541652765537,0.7990174614793458,0.6490913400758532,0.7852557285082175,0.6363169308980722,0.84,0.16166666666666665,0.6360918469870366,0.9983333333333333,0.0016666666666666668,0.5146804746152834,0.276225051593799,0.08085618197917933
no_salary_hike_no_attrition,xgboost,2,21,"Age, EmpLastSalaryHikePercent, Attrition",0.835,0.6040639474077394,0.5895863856643752,0.793158533378414,0.577839798648522,0.7568451930219308,0.6040639474077394,0.835,0.16666666666666666,0.603765522420915,0.9983333333333333,0.0016666666666666668,0.49720924309238174,0.27428612282978,0.06283989856640498
