feature_set,model,n_folds,n_features_mean,n_features_std,accuracy_mean,accuracy_std,balanced_accuracy_mean,balanced_accuracy_std,macro_f1_mean,macro_f1_std,weighted_f1_mean,weighted_f1_std,macro_precision_mean,macro_precision_std,weighted_precision_mean,weighted_precision_std,macro_recall_mean,macro_recall_std,weighted_recall_mean,weighted_recall_std,ordinal_mae_mean,ordinal_mae_std,quadratic_weighted_kappa_mean,quadratic_weighted_kappa_std,adjacent_accuracy_mean,adjacent_accuracy_std,severe_error_rate_mean,severe_error_rate_std,nll_log_loss_mean,nll_log_loss_std,multiclass_brier_mean,multiclass_brier_std,ece_confidence_mean,ece_confidence_std
no_salary_hike_no_attrition,xgboost,2,21.0,0.0,0.8374999999999999,0.0035355339059327407,0.6201904391529058,0.022806303339512078,0.5977702754704644,0.011573767956738337,0.7960879974288799,0.004142887790653299,0.6134655693621875,0.05038244811326015,0.7710504607650741,0.020089282299494367,0.6201904391529058,0.022806303339512078,0.8374999999999999,0.0035355339059327407,0.16416666666666666,0.0035355339059327407,0.6199286847039758,0.02285816331154187,0.9983333333333333,0.0,0.0016666666666666668,0.0,0.5059448588538326,0.012354026285523963,0.2752555872117895,0.001371029677275501,0.07184804027279215,0.012739436172951459
