run_id,config_hash,dataset_key,task_type,role,policy,feature_set,model,fold,sample_index,external_sample_id,y_true,y_pred,correct,confidence,prob_class_2,prob_class_3,prob_class_4
manuscript_final_20260712T175251Z_c664ef152ff3,c664ef152ff3a9eef89c53a403b9c2e6f677340bea0307b02d97d07cc54bdfc3,hrdataset_v14,ordinal_multiclass_performance,independent external performance-target replication,department_including,department_including,xgboost,1,7,7,3,3,True,0.9418401092489154,0.001699223527000398,0.9418401092489154,0.05646066722408426
manuscript_final_20260712T175251Z_c664ef152ff3,c664ef152ff3a9eef89c53a403b9c2e6f677340bea0307b02d97d07cc54bdfc3,hrdataset_v14,ordinal_multiclass_performance,independent external performance-target replication,department_including,department_including,xgboost,1,26,26,3,3,True,0.974399823445451,0.0018030850091133933,0.974399823445451,0.023797091545435696
manuscript_final_20260712T175251Z_c664ef152ff3,c664ef152ff3a9eef89c53a403b9c2e6f677340bea0307b02d97d07cc54bdfc3,hrdataset_v14,ordinal_multiclass_performance,independent external performance-target replication,department_including,department_including,xgboost,1,43,43,3,3,True,0.9899800035818853,0.004120310391082558,0.9899800035818853,0.005899686027032117
manuscript_final_20260712T175251Z_c664ef152ff3,c664ef152ff3a9eef89c53a403b9c2e6f677340bea0307b02d97d07cc54bdfc3,hrdataset_v14,ordinal_multiclass_performance,independent external performance-target replication,department_including,department_including,xgboost,1,58,58,3,3,True,0.5821903500464778,0.0012822485631920778,0.5821903500464778,0.41652740139033007
manuscript_final_20260712T175251Z_c664ef152ff3,c664ef152ff3a9eef89c53a403b9c2e6f677340bea0307b02d97d07cc54bdfc3,hrdataset_v14,ordinal_multiclass_performance,independent external performance-target replication,department_including,department_including,xgboost,1,66,66,3,3,True,0.9411052307628668,0.009246001450624385,0.9411052307628668,0.04964876778650879
manuscript_final_20260712T175251Z_c664ef152ff3,c664ef152ff3a9eef89c53a403b9c2e6f677340bea0307b02d97d07cc54bdfc3,hrdataset_v14,ordinal_multiclass_performance,independent external performance-target replication,department_including,department_including,xgboost,1,74,74,3,3,True,0.985412431231763,0.005192604446876943,0.985412431231763,0.009394964321360008
manuscript_final_20260712T175251Z_c664ef152ff3,c664ef152ff3a9eef89c53a403b9c2e6f677340bea0307b02d97d07cc54bdfc3,hrdataset_v14,ordinal_multiclass_performance,independent external performance-target replication,department_including,department_including,xgboost,1,81,81,3,3,True,0.9576340533446275,0.0005289389056095013,0.9576340533446275,0.04183700774976297
manuscript_final_20260712T175251Z_c664ef152ff3,c664ef152ff3a9eef89c53a403b9c2e6f677340bea0307b02d97d07cc54bdfc3,hrdataset_v14,ordinal_multiclass_performance,independent external performance-target replication,department_including,department_including,xgboost,1,82,82,3,3,True,0.8907984055464012,0.0019754962020541553,0.8907984055464012,0.10722609825154468
manuscript_final_20260712T175251Z_c664ef152ff3,c664ef152ff3a9eef89c53a403b9c2e6f677340bea0307b02d97d07cc54bdfc3,hrdataset_v14,ordinal_multiclass_performance,independent external performance-target replication,department_including,department_including,xgboost,1,89,89,3,3,True,0.9899998971470686,0.0036052265610553133,0.9899998971470686,0.006394876291876037
manuscript_final_20260712T175251Z_c664ef152ff3,c664ef152ff3a9eef89c53a403b9c2e6f677340bea0307b02d97d07cc54bdfc3,hrdataset_v14,ordinal_multiclass_performance,independent external performance-target replication,department_including,department_including,xgboost,1,103,103,3,3,True,0.9090511014201532,0.0017642080410407036,0.9090511014201532,0.08918469053880612
manuscript_final_20260712T175251Z_c664ef152ff3,c664ef152ff3a9eef89c53a403b9c2e6f677340bea0307b02d97d07cc54bdfc3,hrdataset_v14,ordinal_multiclass_performance,independent external performance-target replication,department_including,department_including,xgboost,1,137,137,2,2,True,0.9850650856896239,0.9850650856896239,0.014041895655752874,0.0008930186546232375
manuscript_final_20260712T175251Z_c664ef152ff3,c664ef152ff3a9eef89c53a403b9c2e6f677340bea0307b02d97d07cc54bdfc3,hrdataset_v14,ordinal_multiclass_performance,independent external performance-target replication,department_including,department_including,xgboost,1,140,140,3,3,True,0.9661056868301305,0.0010119472730031655,0.9661056868301305,0.032882365896866265
manuscript_final_20260712T175251Z_c664ef152ff3,c664ef152ff3a9eef89c53a403b9c2e6f677340bea0307b02d97d07cc54bdfc3,hrdataset_v14,ordinal_multiclass_performance,independent external performance-target replication,department_including,department_including,xgboost,1,145,145,4,3,False,0.675310784092233,0.002346227155952874,0.675310784092233,0.3223429887518141
manuscript_final_20260712T175251Z_c664ef152ff3,c664ef152ff3a9eef89c53a403b9c2e6f677340bea0307b02d97d07cc54bdfc3,hrdataset_v14,ordinal_multiclass_performance,independent external performance-target replication,department_including,department_including,xgboost,1,173,173,3,3,True,0.9948281179047502,0.0005595109861480389,0.9948281179047502,0.00461237110910174
manuscript_final_20260712T175251Z_c664ef152ff3,c664ef152ff3a9eef89c53a403b9c2e6f677340bea0307b02d97d07cc54bdfc3,hrdataset_v14,ordinal_multiclass_performance,independent external performance-target replication,department_including,department_including,xgboost,1,174,174,4,3,False,0.7367355344971604,0.0018859942511633518,0.7367355344971604,0.2613784712516762
manuscript_final_20260712T175251Z_c664ef152ff3,c664ef152ff3a9eef89c53a403b9c2e6f677340bea0307b02d97d07cc54bdfc3,hrdataset_v14,ordinal_multiclass_performance,independent external performance-target replication,department_including,department_including,xgboost,1,188,188,2,2,True,0.9834886448022704,0.9834886448022704,0.01608809311636732,0.00042326208136228533
manuscript_final_20260712T175251Z_c664ef152ff3,c664ef152ff3a9eef89c53a403b9c2e6f677340bea0307b02d97d07cc54bdfc3,hrdataset_v14,ordinal_multiclass_performance,independent external performance-target replication,department_including,department_including,xgboost,1,194,194,3,3,True,0.9398175376464528,0.001449998078797843,0.9398175376464528,0.058732464274749374
manuscript_final_20260712T175251Z_c664ef152ff3,c664ef152ff3a9eef89c53a403b9c2e6f677340bea0307b02d97d07cc54bdfc3,hrdataset_v14,ordinal_multiclass_performance,independent external performance-target replication,department_including,department_including,xgboost,1,208,208,4,3,False,0.9849215127520764,0.0008384999217988518,0.9849215127520764,0.014239987326124711
manuscript_final_20260712T175251Z_c664ef152ff3,c664ef152ff3a9eef89c53a403b9c2e6f677340bea0307b02d97d07cc54bdfc3,hrdataset_v14,ordinal_multiclass_performance,independent external performance-target replication,department_including,department_including,xgboost,1,210,210,3,3,True,0.9968447575286216,0.00035530150825334504,0.9968447575286216,0.002799940963125042
manuscript_final_20260712T175251Z_c664ef152ff3,c664ef152ff3a9eef89c53a403b9c2e6f677340bea0307b02d97d07cc54bdfc3,hrdataset_v14,ordinal_multiclass_performance,independent external performance-target replication,department_including,department_including,xgboost,1,215,215,2,2,True,0.9890725716088884,0.9890725716088884,0.010493292284043863,0.0004341361070677737
manuscript_final_20260712T175251Z_c664ef152ff3,c664ef152ff3a9eef89c53a403b9c2e6f677340bea0307b02d97d07cc54bdfc3,hrdataset_v14,ordinal_multiclass_performance,independent external performance-target replication,department_including,department_including,xgboost,1,219,219,3,3,True,0.8741200001791259,0.0012092554286922,0.8741200001791259,0.12467074439218187
manuscript_final_20260712T175251Z_c664ef152ff3,c664ef152ff3a9eef89c53a403b9c2e6f677340bea0307b02d97d07cc54bdfc3,hrdataset_v14,ordinal_multiclass_performance,independent external performance-target replication,department_including,department_including,xgboost,1,220,220,4,3,False,0.9486401968683363,0.0005524186587238831,0.9486401968683363,0.05080738447293982
manuscript_final_20260712T175251Z_c664ef152ff3,c664ef152ff3a9eef89c53a403b9c2e6f677340bea0307b02d97d07cc54bdfc3,hrdataset_v14,ordinal_multiclass_performance,independent external performance-target replication,department_including,department_including,xgboost,1,247,247,3,3,True,0.8963110863504108,0.001242232949744902,0.8963110863504108,0.10244668069984425
manuscript_final_20260712T175251Z_c664ef152ff3,c664ef152ff3a9eef89c53a403b9c2e6f677340bea0307b02d97d07cc54bdfc3,hrdataset_v14,ordinal_multiclass_performance,independent external performance-target replication,department_including,department_including,xgboost,1,253,253,3,3,True,0.9699878155299656,0.0008371914787606751,0.9699878155299656,0.029174992991273716
manuscript_final_20260712T175251Z_c664ef152ff3,c664ef152ff3a9eef89c53a403b9c2e6f677340bea0307b02d97d07cc54bdfc3,hrdataset_v14,ordinal_multiclass_performance,independent external performance-target replication,department_including,department_including,xgboost,1,267,267,2,2,True,0.9935747921791966,0.9935747921791966,0.006042146087896546,0.0003830617329068582
manuscript_final_20260712T175251Z_c664ef152ff3,c664ef152ff3a9eef89c53a403b9c2e6f677340bea0307b02d97d07cc54bdfc3,hrdataset_v14,ordinal_multiclass_performance,independent external performance-target replication,department_including,department_including,xgboost,1,269,269,3,3,True,0.9393356199615408,0.0017930303675994287,0.9393356199615408,0.058871349670859746
manuscript_final_20260712T175251Z_c664ef152ff3,c664ef152ff3a9eef89c53a403b9c2e6f677340bea0307b02d97d07cc54bdfc3,hrdataset_v14,ordinal_multiclass_performance,independent external performance-target replication,department_including,department_including,xgboost,1,273,273,3,3,True,0.9788078265677842,0.015927197730573595,0.9788078265677842,0.005264975701642202
manuscript_final_20260712T175251Z_c664ef152ff3,c664ef152ff3a9eef89c53a403b9c2e6f677340bea0307b02d97d07cc54bdfc3,hrdataset_v14,ordinal_multiclass_performance,independent external performance-target replication,department_including,department_including,xgboost,1,285,285,3,3,True,0.8986936143879167,0.0013834098003131744,0.8986936143879167,0.09992297581177005
manuscript_final_20260712T175251Z_c664ef152ff3,c664ef152ff3a9eef89c53a403b9c2e6f677340bea0307b02d97d07cc54bdfc3,hrdataset_v14,ordinal_multiclass_performance,independent external performance-target replication,department_including,department_including,xgboost,1,298,298,3,3,True,0.9972452047177063,0.0010430123784481897,0.9972452047177063,0.0017117829038455622
manuscript_final_20260712T175251Z_c664ef152ff3,c664ef152ff3a9eef89c53a403b9c2e6f677340bea0307b02d97d07cc54bdfc3,hrdataset_v14,ordinal_multiclass_performance,independent external performance-target replication,department_including,department_including,xgboost,1,299,299,3,3,True,0.9828400314747074,0.00040977015824202143,0.9828400314747074,0.016750198367050537
manuscript_final_20260712T175251Z_c664ef152ff3,c664ef152ff3a9eef89c53a403b9c2e6f677340bea0307b02d97d07cc54bdfc3,hrdataset_v14,ordinal_multiclass_performance,independent external performance-target replication,department_including,department_including,xgboost,1,303,303,3,3,True,0.5797120344865621,0.0018939354962309403,0.5797120344865621,0.418394030017207
manuscript_final_20260712T175251Z_c664ef152ff3,c664ef152ff3a9eef89c53a403b9c2e6f677340bea0307b02d97d07cc54bdfc3,hrdataset_v14,ordinal_multiclass_performance,independent external performance-target replication,department_including,department_including,xgboost,1,309,309,3,3,True,0.9026856622088556,0.0007206427558467402,0.9026856622088556,0.09659369503529766
manuscript_final_20260712T175251Z_c664ef152ff3,c664ef152ff3a9eef89c53a403b9c2e6f677340bea0307b02d97d07cc54bdfc3,hrdataset_v14,ordinal_multiclass_performance,independent external performance-target replication,department_including,department_including,xgboost,2,1,1,3,3,True,0.9851363458682275,0.0003736120184508908,0.9851363458682275,0.014490042113321633
manuscript_final_20260712T175251Z_c664ef152ff3,c664ef152ff3a9eef89c53a403b9c2e6f677340bea0307b02d97d07cc54bdfc3,hrdataset_v14,ordinal_multiclass_performance,independent external performance-target replication,department_including,department_including,xgboost,2,12,12,4,3,False,0.9936415209827105,0.0002816320241458827,0.9936415209827105,0.00607684699314363
manuscript_final_20260712T175251Z_c664ef152ff3,c664ef152ff3a9eef89c53a403b9c2e6f677340bea0307b02d97d07cc54bdfc3,hrdataset_v14,ordinal_multiclass_performance,independent external performance-target replication,department_including,department_including,xgboost,2,18,18,3,3,True,0.9956663839000736,0.00021517449914485628,0.9956663839000736,0.004118441600781599
manuscript_final_20260712T175251Z_c664ef152ff3,c664ef152ff3a9eef89c53a403b9c2e6f677340bea0307b02d97d07cc54bdfc3,hrdataset_v14,ordinal_multiclass_performance,independent external performance-target replication,department_including,department_including,xgboost,2,23,23,2,2,True,0.9412832078229388,0.9412832078229388,0.05744292103504705,0.0012738711420140917
manuscript_final_20260712T175251Z_c664ef152ff3,c664ef152ff3a9eef89c53a403b9c2e6f677340bea0307b02d97d07cc54bdfc3,hrdataset_v14,ordinal_multiclass_performance,independent external performance-target replication,department_including,department_including,xgboost,2,30,30,3,3,True,0.9972429375934314,0.0007019477850662641,0.9972429375934314,0.002055114621502279
manuscript_final_20260712T175251Z_c664ef152ff3,c664ef152ff3a9eef89c53a403b9c2e6f677340bea0307b02d97d07cc54bdfc3,hrdataset_v14,ordinal_multiclass_performance,independent external performance-target replication,department_including,department_including,xgboost,2,37,37,3,3,True,0.7886871694765683,0.0026127556690141575,0.7886871694765683,0.20870007485441763
manuscript_final_20260712T175251Z_c664ef152ff3,c664ef152ff3a9eef89c53a403b9c2e6f677340bea0307b02d97d07cc54bdfc3,hrdataset_v14,ordinal_multiclass_performance,independent external performance-target replication,department_including,department_including,xgboost,2,42,42,3,3,True,0.965498136356731,0.0008922242439005044,0.965498136356731,0.03360963939936853
manuscript_final_20260712T175251Z_c664ef152ff3,c664ef152ff3a9eef89c53a403b9c2e6f677340bea0307b02d97d07cc54bdfc3,hrdataset_v14,ordinal_multiclass_performance,independent external performance-target replication,department_including,department_including,xgboost,2,44,44,3,3,True,0.6902504100482636,0.034730171318564255,0.6902504100482636,0.27501941863317214
manuscript_final_20260712T175251Z_c664ef152ff3,c664ef152ff3a9eef89c53a403b9c2e6f677340bea0307b02d97d07cc54bdfc3,hrdataset_v14,ordinal_multiclass_performance,independent external performance-target replication,department_including,department_including,xgboost,2,51,51,4,3,False,0.9902557863247832,0.0011359049392199456,0.9902557863247832,0.008608308735996892
manuscript_final_20260712T175251Z_c664ef152ff3,c664ef152ff3a9eef89c53a403b9c2e6f677340bea0307b02d97d07cc54bdfc3,hrdataset_v14,ordinal_multiclass_performance,independent external performance-target replication,department_including,department_including,xgboost,2,63,63,3,3,True,0.9000554781413318,0.021746348832693125,0.9000554781413318,0.07819817302597508
manuscript_final_20260712T175251Z_c664ef152ff3,c664ef152ff3a9eef89c53a403b9c2e6f677340bea0307b02d97d07cc54bdfc3,hrdataset_v14,ordinal_multiclass_performance,independent external performance-target replication,department_including,department_including,xgboost,2,84,84,2,2,True,0.6065836537506736,0.6065836537506736,0.37077504327376365,0.022641302975562768
manuscript_final_20260712T175251Z_c664ef152ff3,c664ef152ff3a9eef89c53a403b9c2e6f677340bea0307b02d97d07cc54bdfc3,hrdataset_v14,ordinal_multiclass_performance,independent external performance-target replication,department_including,department_including,xgboost,2,88,88,3,3,True,0.974689756248786,0.0007223579844217529,0.974689756248786,0.024587885766792297
manuscript_final_20260712T175251Z_c664ef152ff3,c664ef152ff3a9eef89c53a403b9c2e6f677340bea0307b02d97d07cc54bdfc3,hrdataset_v14,ordinal_multiclass_performance,independent external performance-target replication,department_including,department_including,xgboost,2,91,91,2,2,True,0.9772487390069329,0.9772487390069329,0.022526209932615664,0.0002250510604514063
manuscript_final_20260712T175251Z_c664ef152ff3,c664ef152ff3a9eef89c53a403b9c2e6f677340bea0307b02d97d07cc54bdfc3,hrdataset_v14,ordinal_multiclass_performance,independent external performance-target replication,department_including,department_including,xgboost,2,117,117,3,3,True,0.9369620534158738,0.002966672790035278,0.9369620534158738,0.06007127379409093
manuscript_final_20260712T175251Z_c664ef152ff3,c664ef152ff3a9eef89c53a403b9c2e6f677340bea0307b02d97d07cc54bdfc3,hrdataset_v14,ordinal_multiclass_performance,independent external performance-target replication,department_including,department_including,xgboost,2,124,124,3,3,True,0.9756870564528265,0.0007135175034820325,0.9756870564528265,0.02359942604369147
manuscript_final_20260712T175251Z_c664ef152ff3,c664ef152ff3a9eef89c53a403b9c2e6f677340bea0307b02d97d07cc54bdfc3,hrdataset_v14,ordinal_multiclass_performance,independent external performance-target replication,department_including,department_including,xgboost,2,158,158,3,3,True,0.983657625922026,0.00039471603104434855,0.983657625922026,0.01594765804692964
manuscript_final_20260712T175251Z_c664ef152ff3,c664ef152ff3a9eef89c53a403b9c2e6f677340bea0307b02d97d07cc54bdfc3,hrdataset_v14,ordinal_multiclass_performance,independent external performance-target replication,department_including,department_including,xgboost,2,170,170,4,3,False,0.9526271153557002,0.0016371598485935166,0.9526271153557002,0.04573572479570627
manuscript_final_20260712T175251Z_c664ef152ff3,c664ef152ff3a9eef89c53a403b9c2e6f677340bea0307b02d97d07cc54bdfc3,hrdataset_v14,ordinal_multiclass_performance,independent external performance-target replication,department_including,department_including,xgboost,2,175,175,3,3,True,0.9960574144739123,0.001786442166086621,0.9960574144739123,0.00215614336000113
manuscript_final_20260712T175251Z_c664ef152ff3,c664ef152ff3a9eef89c53a403b9c2e6f677340bea0307b02d97d07cc54bdfc3,hrdataset_v14,ordinal_multiclass_performance,independent external performance-target replication,department_including,department_including,xgboost,2,176,176,3,3,True,0.7741571215665446,0.0012203563469133903,0.7741571215665446,0.224622522086542
manuscript_final_20260712T175251Z_c664ef152ff3,c664ef152ff3a9eef89c53a403b9c2e6f677340bea0307b02d97d07cc54bdfc3,hrdataset_v14,ordinal_multiclass_performance,independent external performance-target replication,department_including,department_including,xgboost,2,183,183,3,3,True,0.8889480469143198,0.005763556495552286,0.8889480469143198,0.1052883965901279
manuscript_final_20260712T175251Z_c664ef152ff3,c664ef152ff3a9eef89c53a403b9c2e6f677340bea0307b02d97d07cc54bdfc3,hrdataset_v14,ordinal_multiclass_performance,independent external performance-target replication,department_including,department_including,xgboost,2,187,187,3,3,True,0.5816833068095627,0.0032075874667312153,0.5816833068095627,0.4151091057237061
manuscript_final_20260712T175251Z_c664ef152ff3,c664ef152ff3a9eef89c53a403b9c2e6f677340bea0307b02d97d07cc54bdfc3,hrdataset_v14,ordinal_multiclass_performance,independent external performance-target replication,department_including,department_including,xgboost,2,200,200,3,3,True,0.9950834497361379,0.00025770036114676275,0.9950834497361379,0.004658849902715329
manuscript_final_20260712T175251Z_c664ef152ff3,c664ef152ff3a9eef89c53a403b9c2e6f677340bea0307b02d97d07cc54bdfc3,hrdataset_v14,ordinal_multiclass_performance,independent external performance-target replication,department_including,department_including,xgboost,2,216,216,3,3,True,0.9898539180914621,0.0055390396129623804,0.9898539180914621,0.004607042295575588
manuscript_final_20260712T175251Z_c664ef152ff3,c664ef152ff3a9eef89c53a403b9c2e6f677340bea0307b02d97d07cc54bdfc3,hrdataset_v14,ordinal_multiclass_performance,independent external performance-target replication,department_including,department_including,xgboost,2,222,222,3,3,True,0.8270441324526225,0.03499392805618766,0.8270441324526225,0.1379619394911898
manuscript_final_20260712T175251Z_c664ef152ff3,c664ef152ff3a9eef89c53a403b9c2e6f677340bea0307b02d97d07cc54bdfc3,hrdataset_v14,ordinal_multiclass_performance,independent external performance-target replication,department_including,department_including,xgboost,2,239,239,3,3,True,0.9877589250686308,0.0039002124313477636,0.9877589250686308,0.008340862500021383
manuscript_final_20260712T175251Z_c664ef152ff3,c664ef152ff3a9eef89c53a403b9c2e6f677340bea0307b02d97d07cc54bdfc3,hrdataset_v14,ordinal_multiclass_performance,independent external performance-target replication,department_including,department_including,xgboost,2,242,242,3,3,True,0.9937361822393311,0.000522652542594332,0.9937361822393311,0.005741165218074581
manuscript_final_20260712T175251Z_c664ef152ff3,c664ef152ff3a9eef89c53a403b9c2e6f677340bea0307b02d97d07cc54bdfc3,hrdataset_v14,ordinal_multiclass_performance,independent external performance-target replication,department_including,department_including,xgboost,2,251,251,3,3,True,0.9817185402487939,0.0004909634008358095,0.9817185402487939,0.01779049635037026
manuscript_final_20260712T175251Z_c664ef152ff3,c664ef152ff3a9eef89c53a403b9c2e6f677340bea0307b02d97d07cc54bdfc3,hrdataset_v14,ordinal_multiclass_performance,independent external performance-target replication,department_including,department_including,xgboost,2,254,254,3,3,True,0.9946453493738968,0.001267687756924997,0.9946453493738968,0.004086962869178212
manuscript_final_20260712T175251Z_c664ef152ff3,c664ef152ff3a9eef89c53a403b9c2e6f677340bea0307b02d97d07cc54bdfc3,hrdataset_v14,ordinal_multiclass_performance,independent external performance-target replication,department_including,department_including,xgboost,2,262,262,3,3,True,0.9961675219986708,0.0010646773009672487,0.9961675219986708,0.002767800700362009
manuscript_final_20260712T175251Z_c664ef152ff3,c664ef152ff3a9eef89c53a403b9c2e6f677340bea0307b02d97d07cc54bdfc3,hrdataset_v14,ordinal_multiclass_performance,independent external performance-target replication,department_including,department_including,xgboost,2,281,281,3,3,True,0.8872716390748691,0.007222842376169337,0.8872716390748691,0.10550551854896158
manuscript_final_20260712T175251Z_c664ef152ff3,c664ef152ff3a9eef89c53a403b9c2e6f677340bea0307b02d97d07cc54bdfc3,hrdataset_v14,ordinal_multiclass_performance,independent external performance-target replication,department_including,department_including,xgboost,2,293,293,4,3,False,0.9921166354479994,0.000527232597176488,0.9921166354479994,0.007356131954824102
manuscript_final_20260712T175251Z_c664ef152ff3,c664ef152ff3a9eef89c53a403b9c2e6f677340bea0307b02d97d07cc54bdfc3,hrdataset_v14,ordinal_multiclass_performance,independent external performance-target replication,department_including,department_including,xgboost,3,4,4,3,3,True,0.9961191570887967,0.0003585759897203579,0.9961191570887967,0.0035222669214828874
manuscript_final_20260712T175251Z_c664ef152ff3,c664ef152ff3a9eef89c53a403b9c2e6f677340bea0307b02d97d07cc54bdfc3,hrdataset_v14,ordinal_multiclass_performance,independent external performance-target replication,department_including,department_including,xgboost,3,20,20,3,3,True,0.9782107511138504,0.0010774878362001137,0.9782107511138504,0.02071176104994955
manuscript_final_20260712T175251Z_c664ef152ff3,c664ef152ff3a9eef89c53a403b9c2e6f677340bea0307b02d97d07cc54bdfc3,hrdataset_v14,ordinal_multiclass_performance,independent external performance-target replication,department_including,department_including,xgboost,3,32,32,3,3,True,0.998881543754876,0.0007316874871919915,0.998881543754876,0.00038676875793202856
manuscript_final_20260712T175251Z_c664ef152ff3,c664ef152ff3a9eef89c53a403b9c2e6f677340bea0307b02d97d07cc54bdfc3,hrdataset_v14,ordinal_multiclass_performance,independent external performance-target replication,department_including,department_including,xgboost,3,39,39,3,3,True,0.8544659089142317,0.000885657158550068,0.8544659089142317,0.1446484339272183
manuscript_final_20260712T175251Z_c664ef152ff3,c664ef152ff3a9eef89c53a403b9c2e6f677340bea0307b02d97d07cc54bdfc3,hrdataset_v14,ordinal_multiclass_performance,independent external performance-target replication,department_including,department_including,xgboost,3,56,56,3,3,True,0.9120203178038933,0.0028335314465592,0.9120203178038933,0.08514615074954751
manuscript_final_20260712T175251Z_c664ef152ff3,c664ef152ff3a9eef89c53a403b9c2e6f677340bea0307b02d97d07cc54bdfc3,hrdataset_v14,ordinal_multiclass_performance,independent external performance-target replication,department_including,department_including,xgboost,3,62,62,3,3,True,0.6707129341031569,0.0067224110030633935,0.6707129341031569,0.3225646548937797
manuscript_final_20260712T175251Z_c664ef152ff3,c664ef152ff3a9eef89c53a403b9c2e6f677340bea0307b02d97d07cc54bdfc3,hrdataset_v14,ordinal_multiclass_performance,independent external performance-target replication,department_including,department_including,xgboost,3,67,67,2,2,True,0.991831107086559,0.991831107086559,0.0068745085740457585,0.0012943843393952434
manuscript_final_20260712T175251Z_c664ef152ff3,c664ef152ff3a9eef89c53a403b9c2e6f677340bea0307b02d97d07cc54bdfc3,hrdataset_v14,ordinal_multiclass_performance,independent external performance-target replication,department_including,department_including,xgboost,3,86,86,2,2,True,0.981928488098,0.981928488098,0.016595069662891607,0.0014764422391083463
manuscript_final_20260712T175251Z_c664ef152ff3,c664ef152ff3a9eef89c53a403b9c2e6f677340bea0307b02d97d07cc54bdfc3,hrdataset_v14,ordinal_multiclass_performance,independent external performance-target replication,department_including,department_including,xgboost,3,93,93,3,3,True,0.9573296182223635,0.0006736659891845442,0.9573296182223635,0.04199671578845192
manuscript_final_20260712T175251Z_c664ef152ff3,c664ef152ff3a9eef89c53a403b9c2e6f677340bea0307b02d97d07cc54bdfc3,hrdataset_v14,ordinal_multiclass_performance,independent external performance-target replication,department_including,department_including,xgboost,3,94,94,3,3,True,0.995782785284488,0.002411930194161399,0.995782785284488,0.001805284521350501
manuscript_final_20260712T175251Z_c664ef152ff3,c664ef152ff3a9eef89c53a403b9c2e6f677340bea0307b02d97d07cc54bdfc3,hrdataset_v14,ordinal_multiclass_performance,independent external performance-target replication,department_including,department_including,xgboost,3,96,96,4,3,False,0.6790885243865707,0.0030378824649272365,0.6790885243865707,0.31787359314850205
manuscript_final_20260712T175251Z_c664ef152ff3,c664ef152ff3a9eef89c53a403b9c2e6f677340bea0307b02d97d07cc54bdfc3,hrdataset_v14,ordinal_multiclass_performance,independent external performance-target replication,department_including,department_including,xgboost,3,114,114,3,3,True,0.9673203075398942,0.0005706541845177983,0.9673203075398942,0.03210903827558807
manuscript_final_20260712T175251Z_c664ef152ff3,c664ef152ff3a9eef89c53a403b9c2e6f677340bea0307b02d97d07cc54bdfc3,hrdataset_v14,ordinal_multiclass_performance,independent external performance-target replication,department_including,department_including,xgboost,3,120,120,3,3,True,0.9612372819723173,0.0005627146633263863,0.9612372819723173,0.03820000336435634
manuscript_final_20260712T175251Z_c664ef152ff3,c664ef152ff3a9eef89c53a403b9c2e6f677340bea0307b02d97d07cc54bdfc3,hrdataset_v14,ordinal_multiclass_performance,independent external performance-target replication,department_including,department_including,xgboost,3,126,126,3,3,True,0.90974227286592,0.0026416507816644655,0.90974227286592,0.08761607635241554
manuscript_final_20260712T175251Z_c664ef152ff3,c664ef152ff3a9eef89c53a403b9c2e6f677340bea0307b02d97d07cc54bdfc3,hrdataset_v14,ordinal_multiclass_performance,independent external performance-target replication,department_including,department_including,xgboost,3,130,130,3,3,True,0.9426294135953848,0.0020958157627102916,0.9426294135953848,0.05527477064190492
manuscript_final_20260712T175251Z_c664ef152ff3,c664ef152ff3a9eef89c53a403b9c2e6f677340bea0307b02d97d07cc54bdfc3,hrdataset_v14,ordinal_multiclass_performance,independent external performance-target replication,department_including,department_including,xgboost,3,138,138,3,3,True,0.9452370891203511,0.0015021604310935313,0.9452370891203511,0.053260750448555334
manuscript_final_20260712T175251Z_c664ef152ff3,c664ef152ff3a9eef89c53a403b9c2e6f677340bea0307b02d97d07cc54bdfc3,hrdataset_v14,ordinal_multiclass_performance,independent external performance-target replication,department_including,department_including,xgboost,3,141,141,4,3,False,0.9474346659336487,0.0010417979889790147,0.9474346659336487,0.05152353607737229
manuscript_final_20260712T175251Z_c664ef152ff3,c664ef152ff3a9eef89c53a403b9c2e6f677340bea0307b02d97d07cc54bdfc3,hrdataset_v14,ordinal_multiclass_performance,independent external performance-target replication,department_including,department_including,xgboost,3,166,166,3,3,True,0.7384335094358001,0.0028030687253588894,0.7384335094358001,0.258763421838841
manuscript_final_20260712T175251Z_c664ef152ff3,c664ef152ff3a9eef89c53a403b9c2e6f677340bea0307b02d97d07cc54bdfc3,hrdataset_v14,ordinal_multiclass_performance,independent external performance-target replication,department_including,department_including,xgboost,3,172,172,4,3,False,0.9805144880509414,0.0008484131724374668,0.9805144880509414,0.018637098776621154
manuscript_final_20260712T175251Z_c664ef152ff3,c664ef152ff3a9eef89c53a403b9c2e6f677340bea0307b02d97d07cc54bdfc3,hrdataset_v14,ordinal_multiclass_performance,independent external performance-target replication,department_including,department_including,xgboost,3,179,179,3,3,True,0.9756493793309873,0.0022213471168450465,0.9756493793309873,0.022129273552167716
manuscript_final_20260712T175251Z_c664ef152ff3,c664ef152ff3a9eef89c53a403b9c2e6f677340bea0307b02d97d07cc54bdfc3,hrdataset_v14,ordinal_multiclass_performance,independent external performance-target replication,department_including,department_including,xgboost,3,190,190,2,2,True,0.9944512713432092,0.9944512713432092,0.0044994766135687935,0.0010492520432219981
manuscript_final_20260712T175251Z_c664ef152ff3,c664ef152ff3a9eef89c53a403b9c2e6f677340bea0307b02d97d07cc54bdfc3,hrdataset_v14,ordinal_multiclass_performance,independent external performance-target replication,department_including,department_including,xgboost,3,202,202,3,3,True,0.9927536950377499,0.0007172004628536806,0.9927536950377499,0.006529104499396462
manuscript_final_20260712T175251Z_c664ef152ff3,c664ef152ff3a9eef89c53a403b9c2e6f677340bea0307b02d97d07cc54bdfc3,hrdataset_v14,ordinal_multiclass_performance,independent external performance-target replication,department_including,department_including,xgboost,3,211,211,3,3,True,0.9928901868246134,0.005156516446859177,0.9928901868246134,0.0019532967285274872
manuscript_final_20260712T175251Z_c664ef152ff3,c664ef152ff3a9eef89c53a403b9c2e6f677340bea0307b02d97d07cc54bdfc3,hrdataset_v14,ordinal_multiclass_performance,independent external performance-target replication,department_including,department_including,xgboost,3,228,228,3,3,True,0.9822694588907096,0.00041150272296422424,0.9822694588907096,0.017319038386326185
manuscript_final_20260712T175251Z_c664ef152ff3,c664ef152ff3a9eef89c53a403b9c2e6f677340bea0307b02d97d07cc54bdfc3,hrdataset_v14,ordinal_multiclass_performance,independent external performance-target replication,department_including,department_including,xgboost,3,234,234,3,3,True,0.9601085232084555,0.0007628092936046816,0.9601085232084555,0.039128667497939834
manuscript_final_20260712T175251Z_c664ef152ff3,c664ef152ff3a9eef89c53a403b9c2e6f677340bea0307b02d97d07cc54bdfc3,hrdataset_v14,ordinal_multiclass_performance,independent external performance-target replication,department_including,department_including,xgboost,3,238,238,3,3,True,0.8713920919415525,0.002845248740682232,0.8713920919415525,0.1257626593177652
manuscript_final_20260712T175251Z_c664ef152ff3,c664ef152ff3a9eef89c53a403b9c2e6f677340bea0307b02d97d07cc54bdfc3,hrdataset_v14,ordinal_multiclass_performance,independent external performance-target replication,department_including,department_including,xgboost,3,265,265,4,3,False,0.9902918130663684,0.0006909016208360432,0.9902918130663684,0.009017285312795605
manuscript_final_20260712T175251Z_c664ef152ff3,c664ef152ff3a9eef89c53a403b9c2e6f677340bea0307b02d97d07cc54bdfc3,hrdataset_v14,ordinal_multiclass_performance,independent external performance-target replication,department_including,department_including,xgboost,3,271,271,3,3,True,0.8983963987327073,0.007790231370830137,0.8983963987327073,0.09381336989646262
manuscript_final_20260712T175251Z_c664ef152ff3,c664ef152ff3a9eef89c53a403b9c2e6f677340bea0307b02d97d07cc54bdfc3,hrdataset_v14,ordinal_multiclass_performance,independent external performance-target replication,department_including,department_including,xgboost,3,277,277,3,3,True,0.9823581864538443,0.0021027704386387663,0.9823581864538443,0.015539043107516932
manuscript_final_20260712T175251Z_c664ef152ff3,c664ef152ff3a9eef89c53a403b9c2e6f677340bea0307b02d97d07cc54bdfc3,hrdataset_v14,ordinal_multiclass_performance,independent external performance-target replication,department_including,department_including,xgboost,3,295,295,3,3,True,0.9783783618813833,0.015080197812580862,0.9783783618813833,0.006541440306035878
manuscript_final_20260712T175251Z_c664ef152ff3,c664ef152ff3a9eef89c53a403b9c2e6f677340bea0307b02d97d07cc54bdfc3,hrdataset_v14,ordinal_multiclass_performance,independent external performance-target replication,department_including,department_including,xgboost,3,300,300,3,3,True,0.5405483607803483,0.001128567799480257,0.5405483607803483,0.4583230714201715
manuscript_final_20260712T175251Z_c664ef152ff3,c664ef152ff3a9eef89c53a403b9c2e6f677340bea0307b02d97d07cc54bdfc3,hrdataset_v14,ordinal_multiclass_performance,independent external performance-target replication,department_including,department_including,xgboost,4,5,5,4,3,False,0.9841126499993892,0.0005922733509354897,0.9841126499993892,0.015295076649675315
manuscript_final_20260712T175251Z_c664ef152ff3,c664ef152ff3a9eef89c53a403b9c2e6f677340bea0307b02d97d07cc54bdfc3,hrdataset_v14,ordinal_multiclass_performance,independent external performance-target replication,department_including,department_including,xgboost,4,14,14,3,3,True,0.9928187161119335,0.001470531778824247,0.9928187161119335,0.0057107521092422415
manuscript_final_20260712T175251Z_c664ef152ff3,c664ef152ff3a9eef89c53a403b9c2e6f677340bea0307b02d97d07cc54bdfc3,hrdataset_v14,ordinal_multiclass_performance,independent external performance-target replication,department_including,department_including,xgboost,4,21,21,3,3,True,0.9158979297104684,0.0015732907169052773,0.9158979297104684,0.08252877957262642
manuscript_final_20260712T175251Z_c664ef152ff3,c664ef152ff3a9eef89c53a403b9c2e6f677340bea0307b02d97d07cc54bdfc3,hrdataset_v14,ordinal_multiclass_performance,independent external performance-target replication,department_including,department_including,xgboost,4,31,31,3,3,True,0.9947904700432325,0.0015790898446044084,0.9947904700432325,0.0036304401121630557
manuscript_final_20260712T175251Z_c664ef152ff3,c664ef152ff3a9eef89c53a403b9c2e6f677340bea0307b02d97d07cc54bdfc3,hrdataset_v14,ordinal_multiclass_performance,independent external performance-target replication,department_including,department_including,xgboost,4,33,33,3,3,True,0.9134338424187173,0.0014064933278817014,0.9134338424187173,0.085159664253401
manuscript_final_20260712T175251Z_c664ef152ff3,c664ef152ff3a9eef89c53a403b9c2e6f677340bea0307b02d97d07cc54bdfc3,hrdataset_v14,ordinal_multiclass_performance,independent external performance-target replication,department_including,department_including,xgboost,4,47,47,3,3,True,0.9826992548821647,0.009253843497871833,0.9826992548821647,0.008046901619963501
manuscript_final_20260712T175251Z_c664ef152ff3,c664ef152ff3a9eef89c53a403b9c2e6f677340bea0307b02d97d07cc54bdfc3,hrdataset_v14,ordinal_multiclass_performance,independent external performance-target replication,department_including,department_including,xgboost,4,54,54,2,2,True,0.8756417133917106,0.8756417133917106,0.0958838771568672,0.0284744094514222
manuscript_final_20260712T175251Z_c664ef152ff3,c664ef152ff3a9eef89c53a403b9c2e6f677340bea0307b02d97d07cc54bdfc3,hrdataset_v14,ordinal_multiclass_performance,independent external performance-target replication,department_including,department_including,xgboost,4,60,60,3,3,True,0.9841331111188775,0.0009547513199185746,0.9841331111188775,0.014912137561203924
manuscript_final_20260712T175251Z_c664ef152ff3,c664ef152ff3a9eef89c53a403b9c2e6f677340bea0307b02d97d07cc54bdfc3,hrdataset_v14,ordinal_multiclass_performance,independent external performance-target replication,department_including,department_including,xgboost,4,61,61,3,3,True,0.9975128660395148,0.0013596810830880856,0.9975128660395148,0.0011274528773970384
manuscript_final_20260712T175251Z_c664ef152ff3,c664ef152ff3a9eef89c53a403b9c2e6f677340bea0307b02d97d07cc54bdfc3,hrdataset_v14,ordinal_multiclass_performance,independent external performance-target replication,department_including,department_including,xgboost,4,68,68,3,3,True,0.9895961222562244,0.0007653991755520131,0.9895961222562244,0.009638478568223634
manuscript_final_20260712T175251Z_c664ef152ff3,c664ef152ff3a9eef89c53a403b9c2e6f677340bea0307b02d97d07cc54bdfc3,hrdataset_v14,ordinal_multiclass_performance,independent external performance-target replication,department_including,department_including,xgboost,4,69,69,2,2,True,0.9942079288561091,0.9942079288561091,0.005449007460223053,0.00034306368366786896
manuscript_final_20260712T175251Z_c664ef152ff3,c664ef152ff3a9eef89c53a403b9c2e6f677340bea0307b02d97d07cc54bdfc3,hrdataset_v14,ordinal_multiclass_performance,independent external performance-target replication,department_including,department_including,xgboost,4,85,85,2,2,True,0.9955703450695533,0.9955703450695533,0.004158018087786962,0.00027163684265965604
manuscript_final_20260712T175251Z_c664ef152ff3,c664ef152ff3a9eef89c53a403b9c2e6f677340bea0307b02d97d07cc54bdfc3,hrdataset_v14,ordinal_multiclass_performance,independent external performance-target replication,department_including,department_including,xgboost,4,106,106,4,3,False,0.9939699355800694,0.004531510257625326,0.9939699355800694,0.0014985541623052626
manuscript_final_20260712T175251Z_c664ef152ff3,c664ef152ff3a9eef89c53a403b9c2e6f677340bea0307b02d97d07cc54bdfc3,hrdataset_v14,ordinal_multiclass_performance,independent external performance-target replication,department_including,department_including,xgboost,4,108,108,3,3,True,0.9932892202522664,0.0003840726581591887,0.9932892202522664,0.006326707089574383
manuscript_final_20260712T175251Z_c664ef152ff3,c664ef152ff3a9eef89c53a403b9c2e6f677340bea0307b02d97d07cc54bdfc3,hrdataset_v14,ordinal_multiclass_performance,independent external performance-target replication,department_including,department_including,xgboost,4,111,111,4,3,False,0.8402375920603781,0.002128974004470133,0.8402375920603781,0.1576334339351518
manuscript_final_20260712T175251Z_c664ef152ff3,c664ef152ff3a9eef89c53a403b9c2e6f677340bea0307b02d97d07cc54bdfc3,hrdataset_v14,ordinal_multiclass_performance,independent external performance-target replication,department_including,department_including,xgboost,4,119,119,3,3,True,0.9422199284607171,0.000581303875197795,0.9422199284607171,0.057198767664085146
manuscript_final_20260712T175251Z_c664ef152ff3,c664ef152ff3a9eef89c53a403b9c2e6f677340bea0307b02d97d07cc54bdfc3,hrdataset_v14,ordinal_multiclass_performance,independent external performance-target replication,department_including,department_including,xgboost,4,127,127,3,3,True,0.9564988053510107,0.0005331943164177207,0.9564988053510107,0.04296800033257159
manuscript_final_20260712T175251Z_c664ef152ff3,c664ef152ff3a9eef89c53a403b9c2e6f677340bea0307b02d97d07cc54bdfc3,hrdataset_v14,ordinal_multiclass_performance,independent external performance-target replication,department_including,department_including,xgboost,4,144,144,3,3,True,0.9925743757429039,0.0048244383345355515,0.9925743757429039,0.0026011859225606236
manuscript_final_20260712T175251Z_c664ef152ff3,c664ef152ff3a9eef89c53a403b9c2e6f677340bea0307b02d97d07cc54bdfc3,hrdataset_v14,ordinal_multiclass_performance,independent external performance-target replication,department_including,department_including,xgboost,4,156,156,3,3,True,0.9005481730760044,0.0012902622297397484,0.9005481730760044,0.09816156469425583
manuscript_final_20260712T175251Z_c664ef152ff3,c664ef152ff3a9eef89c53a403b9c2e6f677340bea0307b02d97d07cc54bdfc3,hrdataset_v14,ordinal_multiclass_performance,independent external performance-target replication,department_including,department_including,xgboost,4,169,169,3,3,True,0.9808506431255921,0.0006151516402987001,0.9808506431255921,0.018534205234109216
manuscript_final_20260712T175251Z_c664ef152ff3,c664ef152ff3a9eef89c53a403b9c2e6f677340bea0307b02d97d07cc54bdfc3,hrdataset_v14,ordinal_multiclass_performance,independent external performance-target replication,department_including,department_including,xgboost,4,180,180,3,4,False,0.6709594275800573,0.0014014921920231483,0.3276390802279195,0.6709594275800573
manuscript_final_20260712T175251Z_c664ef152ff3,c664ef152ff3a9eef89c53a403b9c2e6f677340bea0307b02d97d07cc54bdfc3,hrdataset_v14,ordinal_multiclass_performance,independent external performance-target replication,department_including,department_including,xgboost,4,231,231,3,3,True,0.9685158344349429,0.0005272278909794539,0.9685158344349429,0.030956937674077617
manuscript_final_20260712T175251Z_c664ef152ff3,c664ef152ff3a9eef89c53a403b9c2e6f677340bea0307b02d97d07cc54bdfc3,hrdataset_v14,ordinal_multiclass_performance,independent external performance-target replication,department_including,department_including,xgboost,4,250,250,3,3,True,0.9944788632010381,0.004092550075744853,0.9944788632010381,0.0014285867232170476
manuscript_final_20260712T175251Z_c664ef152ff3,c664ef152ff3a9eef89c53a403b9c2e6f677340bea0307b02d97d07cc54bdfc3,hrdataset_v14,ordinal_multiclass_performance,independent external performance-target replication,department_including,department_including,xgboost,4,255,255,3,3,True,0.999019468121587,0.0002280029503697413,0.999019468121587,0.0007525289280431668
manuscript_final_20260712T175251Z_c664ef152ff3,c664ef152ff3a9eef89c53a403b9c2e6f677340bea0307b02d97d07cc54bdfc3,hrdataset_v14,ordinal_multiclass_performance,independent external performance-target replication,department_including,department_including,xgboost,4,279,279,3,3,True,0.9952755128466109,0.0015408675192081578,0.9952755128466109,0.00318361963418096
manuscript_final_20260712T175251Z_c664ef152ff3,c664ef152ff3a9eef89c53a403b9c2e6f677340bea0307b02d97d07cc54bdfc3,hrdataset_v14,ordinal_multiclass_performance,independent external performance-target replication,department_including,department_including,xgboost,4,291,291,3,3,True,0.9805470253957287,0.0011704621311101004,0.9805470253957287,0.018282512473161226
manuscript_final_20260712T175251Z_c664ef152ff3,c664ef152ff3a9eef89c53a403b9c2e6f677340bea0307b02d97d07cc54bdfc3,hrdataset_v14,ordinal_multiclass_performance,independent external performance-target replication,department_including,department_including,xgboost,4,292,292,3,3,True,0.9803187258509071,0.00044051109613656554,0.9803187258509071,0.019240763052956314
manuscript_final_20260712T175251Z_c664ef152ff3,c664ef152ff3a9eef89c53a403b9c2e6f677340bea0307b02d97d07cc54bdfc3,hrdataset_v14,ordinal_multiclass_performance,independent external performance-target replication,department_including,department_including,xgboost,4,296,296,3,3,True,0.9971362609202505,0.00035663401113185974,0.9971362609202505,0.0025071050686176163
manuscript_final_20260712T175251Z_c664ef152ff3,c664ef152ff3a9eef89c53a403b9c2e6f677340bea0307b02d97d07cc54bdfc3,hrdataset_v14,ordinal_multiclass_performance,independent external performance-target replication,department_including,department_including,xgboost,4,301,301,3,3,True,0.9979816639170247,0.00025001238010004354,0.9979816639170247,0.001768323702875288
manuscript_final_20260712T175251Z_c664ef152ff3,c664ef152ff3a9eef89c53a403b9c2e6f677340bea0307b02d97d07cc54bdfc3,hrdataset_v14,ordinal_multiclass_performance,independent external performance-target replication,department_including,department_including,xgboost,4,304,304,4,3,False,0.9938444116957498,0.0003007831758147144,0.9938444116957498,0.005854805128435495
manuscript_final_20260712T175251Z_c664ef152ff3,c664ef152ff3a9eef89c53a403b9c2e6f677340bea0307b02d97d07cc54bdfc3,hrdataset_v14,ordinal_multiclass_performance,independent external performance-target replication,department_including,department_including,xgboost,4,306,306,3,3,True,0.8916983250774861,0.0006743770392456835,0.8916983250774861,0.10762729788326822
manuscript_final_20260712T175251Z_c664ef152ff3,c664ef152ff3a9eef89c53a403b9c2e6f677340bea0307b02d97d07cc54bdfc3,hrdataset_v14,ordinal_multiclass_performance,independent external performance-target replication,department_including,department_including,xgboost,5,0,0,4,4,True,0.5688856016266338,0.00199587169492386,0.42911852667844236,0.5688856016266338
manuscript_final_20260712T175251Z_c664ef152ff3,c664ef152ff3a9eef89c53a403b9c2e6f677340bea0307b02d97d07cc54bdfc3,hrdataset_v14,ordinal_multiclass_performance,independent external performance-target replication,department_including,department_including,xgboost,5,2,2,3,3,True,0.9971548765786723,0.0013564176068432605,0.9971548765786723,0.0014887058144844765
manuscript_final_20260712T175251Z_c664ef152ff3,c664ef152ff3a9eef89c53a403b9c2e6f677340bea0307b02d97d07cc54bdfc3,hrdataset_v14,ordinal_multiclass_performance,independent external performance-target replication,department_including,department_including,xgboost,5,24,24,3,3,True,0.9570150701801078,0.0015118526577685063,0.9570150701801078,0.04147307716212371
manuscript_final_20260712T175251Z_c664ef152ff3,c664ef152ff3a9eef89c53a403b9c2e6f677340bea0307b02d97d07cc54bdfc3,hrdataset_v14,ordinal_multiclass_performance,independent external performance-target replication,department_including,department_including,xgboost,5,35,35,3,3,True,0.9952552545664402,0.0007643569435242053,0.9952552545664402,0.003980388490035681
manuscript_final_20260712T175251Z_c664ef152ff3,c664ef152ff3a9eef89c53a403b9c2e6f677340bea0307b02d97d07cc54bdfc3,hrdataset_v14,ordinal_multiclass_performance,independent external performance-target replication,department_including,department_including,xgboost,5,38,38,3,3,True,0.9795875683882429,0.0015466914259024882,0.9795875683882429,0.018865740185854647
manuscript_final_20260712T175251Z_c664ef152ff3,c664ef152ff3a9eef89c53a403b9c2e6f677340bea0307b02d97d07cc54bdfc3,hrdataset_v14,ordinal_multiclass_performance,independent external performance-target replication,department_including,department_including,xgboost,5,64,64,3,2,False,0.8676114775346012,0.8676114775346012,0.07438458585423886,0.05800393661115993
manuscript_final_20260712T175251Z_c664ef152ff3,c664ef152ff3a9eef89c53a403b9c2e6f677340bea0307b02d97d07cc54bdfc3,hrdataset_v14,ordinal_multiclass_performance,independent external performance-target replication,department_including,department_including,xgboost,5,73,73,2,3,False,0.9848612224746026,0.0015949989380088284,0.9848612224746026,0.013543778587388599
manuscript_final_20260712T175251Z_c664ef152ff3,c664ef152ff3a9eef89c53a403b9c2e6f677340bea0307b02d97d07cc54bdfc3,hrdataset_v14,ordinal_multiclass_performance,independent external performance-target replication,department_including,department_including,xgboost,5,77,77,4,3,False,0.9487326214568927,0.0009277097483800169,0.9487326214568927,0.05033966879472724
manuscript_final_20260712T175251Z_c664ef152ff3,c664ef152ff3a9eef89c53a403b9c2e6f677340bea0307b02d97d07cc54bdfc3,hrdataset_v14,ordinal_multiclass_performance,independent external performance-target replication,department_including,department_including,xgboost,5,100,100,3,3,True,0.9222742574640169,0.0020292944371434946,0.9222742574640169,0.07569644809883957
manuscript_final_20260712T175251Z_c664ef152ff3,c664ef152ff3a9eef89c53a403b9c2e6f677340bea0307b02d97d07cc54bdfc3,hrdataset_v14,ordinal_multiclass_performance,independent external performance-target replication,department_including,department_including,xgboost,5,104,104,3,3,True,0.9814550942514134,0.0025557408591425326,0.9814550942514134,0.01598916488944407
manuscript_final_20260712T175251Z_c664ef152ff3,c664ef152ff3a9eef89c53a403b9c2e6f677340bea0307b02d97d07cc54bdfc3,hrdataset_v14,ordinal_multiclass_performance,independent external performance-target replication,department_including,department_including,xgboost,5,110,110,3,3,True,0.9579603985402351,0.0013807052033927947,0.9579603985402351,0.04065889625637208
manuscript_final_20260712T175251Z_c664ef152ff3,c664ef152ff3a9eef89c53a403b9c2e6f677340bea0307b02d97d07cc54bdfc3,hrdataset_v14,ordinal_multiclass_performance,independent external performance-target replication,department_including,department_including,xgboost,5,115,115,3,3,True,0.9717734470769128,0.0013312235261902568,0.9717734470769128,0.026895329396896914
manuscript_final_20260712T175251Z_c664ef152ff3,c664ef152ff3a9eef89c53a403b9c2e6f677340bea0307b02d97d07cc54bdfc3,hrdataset_v14,ordinal_multiclass_performance,independent external performance-target replication,department_including,department_including,xgboost,5,131,131,3,4,False,0.5775317074679429,0.0028159707443409987,0.4196523217877161,0.5775317074679429
manuscript_final_20260712T175251Z_c664ef152ff3,c664ef152ff3a9eef89c53a403b9c2e6f677340bea0307b02d97d07cc54bdfc3,hrdataset_v14,ordinal_multiclass_performance,independent external performance-target replication,department_including,department_including,xgboost,5,133,133,3,3,True,0.9945567278968174,0.0005399614730173348,0.9945567278968174,0.004903310630165249
manuscript_final_20260712T175251Z_c664ef152ff3,c664ef152ff3a9eef89c53a403b9c2e6f677340bea0307b02d97d07cc54bdfc3,hrdataset_v14,ordinal_multiclass_performance,independent external performance-target replication,department_including,department_including,xgboost,5,135,135,3,3,True,0.954421683269567,0.0011026800893502574,0.954421683269567,0.044475636641082776
manuscript_final_20260712T175251Z_c664ef152ff3,c664ef152ff3a9eef89c53a403b9c2e6f677340bea0307b02d97d07cc54bdfc3,hrdataset_v14,ordinal_multiclass_performance,independent external performance-target replication,department_including,department_including,xgboost,5,139,139,3,3,True,0.9451900533537486,0.0018475476752404234,0.9451900533537486,0.05296239897101095
manuscript_final_20260712T175251Z_c664ef152ff3,c664ef152ff3a9eef89c53a403b9c2e6f677340bea0307b02d97d07cc54bdfc3,hrdataset_v14,ordinal_multiclass_performance,independent external performance-target replication,department_including,department_including,xgboost,5,142,142,3,3,True,0.9770205326865571,0.0009890724050417167,0.9770205326865571,0.021990394908401212
manuscript_final_20260712T175251Z_c664ef152ff3,c664ef152ff3a9eef89c53a403b9c2e6f677340bea0307b02d97d07cc54bdfc3,hrdataset_v14,ordinal_multiclass_performance,independent external performance-target replication,department_including,department_including,xgboost,5,143,143,4,3,False,0.987401651497746,0.0010926917752613328,0.987401651497746,0.011505656726992702
manuscript_final_20260712T175251Z_c664ef152ff3,c664ef152ff3a9eef89c53a403b9c2e6f677340bea0307b02d97d07cc54bdfc3,hrdataset_v14,ordinal_multiclass_performance,independent external performance-target replication,department_including,department_including,xgboost,5,146,146,3,3,True,0.986404902442764,0.0011687695593327091,0.986404902442764,0.012426327997903226
manuscript_final_20260712T175251Z_c664ef152ff3,c664ef152ff3a9eef89c53a403b9c2e6f677340bea0307b02d97d07cc54bdfc3,hrdataset_v14,ordinal_multiclass_performance,independent external performance-target replication,department_including,department_including,xgboost,5,149,149,3,3,True,0.9941620101629449,0.0003505064478282038,0.9941620101629449,0.005487483389226906
manuscript_final_20260712T175251Z_c664ef152ff3,c664ef152ff3a9eef89c53a403b9c2e6f677340bea0307b02d97d07cc54bdfc3,hrdataset_v14,ordinal_multiclass_performance,independent external performance-target replication,department_including,department_including,xgboost,5,154,154,3,3,True,0.9918865854781113,0.003059851794643602,0.9918865854781113,0.005053562727245145
manuscript_final_20260712T175251Z_c664ef152ff3,c664ef152ff3a9eef89c53a403b9c2e6f677340bea0307b02d97d07cc54bdfc3,hrdataset_v14,ordinal_multiclass_performance,independent external performance-target replication,department_including,department_including,xgboost,5,161,161,3,3,True,0.990650434449469,0.0010420199450959092,0.990650434449469,0.008307545605435155
manuscript_final_20260712T175251Z_c664ef152ff3,c664ef152ff3a9eef89c53a403b9c2e6f677340bea0307b02d97d07cc54bdfc3,hrdataset_v14,ordinal_multiclass_performance,independent external performance-target replication,department_including,department_including,xgboost,5,189,189,3,3,True,0.9189044926053022,0.005153611223088301,0.9189044926053022,0.07594189617160954
manuscript_final_20260712T175251Z_c664ef152ff3,c664ef152ff3a9eef89c53a403b9c2e6f677340bea0307b02d97d07cc54bdfc3,hrdataset_v14,ordinal_multiclass_performance,independent external performance-target replication,department_including,department_including,xgboost,5,196,196,3,3,True,0.8649588762901802,0.003578580425270504,0.8649588762901802,0.13146254328454932
manuscript_final_20260712T175251Z_c664ef152ff3,c664ef152ff3a9eef89c53a403b9c2e6f677340bea0307b02d97d07cc54bdfc3,hrdataset_v14,ordinal_multiclass_performance,independent external performance-target replication,department_including,department_including,xgboost,5,199,199,3,3,True,0.9599840602289249,0.0067693949857474825,0.9599840602289249,0.03324654478532758
manuscript_final_20260712T175251Z_c664ef152ff3,c664ef152ff3a9eef89c53a403b9c2e6f677340bea0307b02d97d07cc54bdfc3,hrdataset_v14,ordinal_multiclass_performance,independent external performance-target replication,department_including,department_including,xgboost,5,246,246,2,2,True,0.9945733401562354,0.9945733401562354,0.0037409457675213814,0.0016857140762431984
manuscript_final_20260712T175251Z_c664ef152ff3,c664ef152ff3a9eef89c53a403b9c2e6f677340bea0307b02d97d07cc54bdfc3,hrdataset_v14,ordinal_multiclass_performance,independent external performance-target replication,department_including,department_including,xgboost,5,270,270,3,3,True,0.9668252830530681,0.0013620143801170205,0.9668252830530681,0.03181270256681487
manuscript_final_20260712T175251Z_c664ef152ff3,c664ef152ff3a9eef89c53a403b9c2e6f677340bea0307b02d97d07cc54bdfc3,hrdataset_v14,ordinal_multiclass_performance,independent external performance-target replication,department_including,department_including,xgboost,5,276,276,3,3,True,0.8722688541501104,0.0037658752346501857,0.8722688541501104,0.12396527061523942
manuscript_final_20260712T175251Z_c664ef152ff3,c664ef152ff3a9eef89c53a403b9c2e6f677340bea0307b02d97d07cc54bdfc3,hrdataset_v14,ordinal_multiclass_performance,independent external performance-target replication,department_including,department_including,xgboost,5,282,282,4,3,False,0.9976953556598344,0.00030963433301359303,0.9976953556598344,0.001995010007151996
manuscript_final_20260712T175251Z_c664ef152ff3,c664ef152ff3a9eef89c53a403b9c2e6f677340bea0307b02d97d07cc54bdfc3,hrdataset_v14,ordinal_multiclass_performance,independent external performance-target replication,department_including,department_including,xgboost,5,290,290,3,3,True,0.5873682613808042,0.004773537721712414,0.5873682613808042,0.40785820089748337
manuscript_final_20260712T175251Z_c664ef152ff3,c664ef152ff3a9eef89c53a403b9c2e6f677340bea0307b02d97d07cc54bdfc3,hrdataset_v14,ordinal_multiclass_performance,independent external performance-target replication,department_including,department_including,xgboost,5,307,307,2,2,True,0.9828155479467081,0.9828155479467081,0.016417955716900887,0.0007664963363910506
manuscript_final_20260712T175251Z_c664ef152ff3,c664ef152ff3a9eef89c53a403b9c2e6f677340bea0307b02d97d07cc54bdfc3,hrdataset_v14,ordinal_multiclass_performance,independent external performance-target replication,department_including,department_including,xgboost,6,25,25,3,3,True,0.9939723260265758,0.004548220269136277,0.9939723260265758,0.0014794537042879415
manuscript_final_20260712T175251Z_c664ef152ff3,c664ef152ff3a9eef89c53a403b9c2e6f677340bea0307b02d97d07cc54bdfc3,hrdataset_v14,ordinal_multiclass_performance,independent external performance-target replication,department_including,department_including,xgboost,6,41,41,3,3,True,0.7604501641608499,0.00383360347779682,0.7604501641608499,0.23571623236135336
manuscript_final_20260712T175251Z_c664ef152ff3,c664ef152ff3a9eef89c53a403b9c2e6f677340bea0307b02d97d07cc54bdfc3,hrdataset_v14,ordinal_multiclass_performance,independent external performance-target replication,department_including,department_including,xgboost,6,46,46,3,3,True,0.9917137752138012,0.0009152004614591658,0.9917137752138012,0.007371024324739669
manuscript_final_20260712T175251Z_c664ef152ff3,c664ef152ff3a9eef89c53a403b9c2e6f677340bea0307b02d97d07cc54bdfc3,hrdataset_v14,ordinal_multiclass_performance,independent external performance-target replication,department_including,department_including,xgboost,6,48,48,3,3,True,0.9861074033997714,0.0020789279159122314,0.9861074033997714,0.011813668684316355
manuscript_final_20260712T175251Z_c664ef152ff3,c664ef152ff3a9eef89c53a403b9c2e6f677340bea0307b02d97d07cc54bdfc3,hrdataset_v14,ordinal_multiclass_performance,independent external performance-target replication,department_including,department_including,xgboost,6,50,50,3,3,True,0.9559771474859542,0.0015608039967494622,0.9559771474859542,0.04246204851729638
manuscript_final_20260712T175251Z_c664ef152ff3,c664ef152ff3a9eef89c53a403b9c2e6f677340bea0307b02d97d07cc54bdfc3,hrdataset_v14,ordinal_multiclass_performance,independent external performance-target replication,department_including,department_including,xgboost,6,65,65,3,3,True,0.9896059111138322,0.0007672373961972108,0.9896059111138322,0.009626851489970617
manuscript_final_20260712T175251Z_c664ef152ff3,c664ef152ff3a9eef89c53a403b9c2e6f677340bea0307b02d97d07cc54bdfc3,hrdataset_v14,ordinal_multiclass_performance,independent external performance-target replication,department_including,department_including,xgboost,6,72,72,2,2,True,0.6687694394422052,0.6687694394422052,0.3304558797919369,0.0007746807658577888
manuscript_final_20260712T175251Z_c664ef152ff3,c664ef152ff3a9eef89c53a403b9c2e6f677340bea0307b02d97d07cc54bdfc3,hrdataset_v14,ordinal_multiclass_performance,independent external performance-target replication,department_including,department_including,xgboost,6,75,75,3,3,True,0.6805602105049258,0.0012702072998126718,0.6805602105049258,0.3181695821952616
manuscript_final_20260712T175251Z_c664ef152ff3,c664ef152ff3a9eef89c53a403b9c2e6f677340bea0307b02d97d07cc54bdfc3,hrdataset_v14,ordinal_multiclass_performance,independent external performance-target replication,department_including,department_including,xgboost,6,98,98,3,3,True,0.4565480887579666,0.4508377250720864,0.4565480887579666,0.09261418616994696
manuscript_final_20260712T175251Z_c664ef152ff3,c664ef152ff3a9eef89c53a403b9c2e6f677340bea0307b02d97d07cc54bdfc3,hrdataset_v14,ordinal_multiclass_performance,independent external performance-target replication,department_including,department_including,xgboost,6,99,99,3,4,False,0.7941701297558499,0.0077036464406116684,0.1981262238035384,0.7941701297558499
manuscript_final_20260712T175251Z_c664ef152ff3,c664ef152ff3a9eef89c53a403b9c2e6f677340bea0307b02d97d07cc54bdfc3,hrdataset_v14,ordinal_multiclass_performance,independent external performance-target replication,department_including,department_including,xgboost,6,105,105,2,2,True,0.9448878028260499,0.9448878028260499,0.045948322177703345,0.00916387499624677
manuscript_final_20260712T175251Z_c664ef152ff3,c664ef152ff3a9eef89c53a403b9c2e6f677340bea0307b02d97d07cc54bdfc3,hrdataset_v14,ordinal_multiclass_performance,independent external performance-target replication,department_including,department_including,xgboost,6,129,129,3,3,True,0.9900338090584941,0.005554014837570544,0.9900338090584941,0.004412176103935302
manuscript_final_20260712T175251Z_c664ef152ff3,c664ef152ff3a9eef89c53a403b9c2e6f677340bea0307b02d97d07cc54bdfc3,hrdataset_v14,ordinal_multiclass_performance,independent external performance-target replication,department_including,department_including,xgboost,6,155,155,3,3,True,0.9485612705986463,0.024707388639042666,0.9485612705986463,0.026731340762311123
manuscript_final_20260712T175251Z_c664ef152ff3,c664ef152ff3a9eef89c53a403b9c2e6f677340bea0307b02d97d07cc54bdfc3,hrdataset_v14,ordinal_multiclass_performance,independent external performance-target replication,department_including,department_including,xgboost,6,178,178,3,3,True,0.9930507498024335,0.00034651024133817895,0.9930507498024335,0.006602739956228316
manuscript_final_20260712T175251Z_c664ef152ff3,c664ef152ff3a9eef89c53a403b9c2e6f677340bea0307b02d97d07cc54bdfc3,hrdataset_v14,ordinal_multiclass_performance,independent external performance-target replication,department_including,department_including,xgboost,6,186,186,3,3,True,0.9919772301019097,0.00037499140087713604,0.9919772301019097,0.007647778497213148
manuscript_final_20260712T175251Z_c664ef152ff3,c664ef152ff3a9eef89c53a403b9c2e6f677340bea0307b02d97d07cc54bdfc3,hrdataset_v14,ordinal_multiclass_performance,independent external performance-target replication,department_including,department_including,xgboost,6,192,192,3,3,True,0.5255130706819229,0.002813633393490883,0.5255130706819229,0.47167329592458623
manuscript_final_20260712T175251Z_c664ef152ff3,c664ef152ff3a9eef89c53a403b9c2e6f677340bea0307b02d97d07cc54bdfc3,hrdataset_v14,ordinal_multiclass_performance,independent external performance-target replication,department_including,department_including,xgboost,6,195,195,3,3,True,0.9283911267524259,0.0011547877565934851,0.9283911267524259,0.07045408549098064
manuscript_final_20260712T175251Z_c664ef152ff3,c664ef152ff3a9eef89c53a403b9c2e6f677340bea0307b02d97d07cc54bdfc3,hrdataset_v14,ordinal_multiclass_performance,independent external performance-target replication,department_including,department_including,xgboost,6,201,201,4,3,False,0.9972510382048725,0.0005408165508718611,0.9972510382048725,0.0022081452442556737
manuscript_final_20260712T175251Z_c664ef152ff3,c664ef152ff3a9eef89c53a403b9c2e6f677340bea0307b02d97d07cc54bdfc3,hrdataset_v14,ordinal_multiclass_performance,independent external performance-target replication,department_including,department_including,xgboost,6,221,221,3,3,True,0.9939592579722519,0.000575605460067449,0.9939592579722519,0.005465136567680612
manuscript_final_20260712T175251Z_c664ef152ff3,c664ef152ff3a9eef89c53a403b9c2e6f677340bea0307b02d97d07cc54bdfc3,hrdataset_v14,ordinal_multiclass_performance,independent external performance-target replication,department_including,department_including,xgboost,6,227,227,3,3,True,0.9819332074389016,0.0007097480925716063,0.9819332074389016,0.01735704446852679
manuscript_final_20260712T175251Z_c664ef152ff3,c664ef152ff3a9eef89c53a403b9c2e6f677340bea0307b02d97d07cc54bdfc3,hrdataset_v14,ordinal_multiclass_performance,independent external performance-target replication,department_including,department_including,xgboost,6,229,229,3,3,True,0.9466329238045073,0.03554365270590008,0.9466329238045073,0.01782342348959264
manuscript_final_20260712T175251Z_c664ef152ff3,c664ef152ff3a9eef89c53a403b9c2e6f677340bea0307b02d97d07cc54bdfc3,hrdataset_v14,ordinal_multiclass_performance,independent external performance-target replication,department_including,department_including,xgboost,6,230,230,3,3,True,0.9780153550187701,0.0020162304694335215,0.9780153550187701,0.019968414511796338
manuscript_final_20260712T175251Z_c664ef152ff3,c664ef152ff3a9eef89c53a403b9c2e6f677340bea0307b02d97d07cc54bdfc3,hrdataset_v14,ordinal_multiclass_performance,independent external performance-target replication,department_including,department_including,xgboost,6,237,237,4,3,False,0.9932818419718755,0.005515911620237803,0.9932818419718755,0.0012022464078866736
manuscript_final_20260712T175251Z_c664ef152ff3,c664ef152ff3a9eef89c53a403b9c2e6f677340bea0307b02d97d07cc54bdfc3,hrdataset_v14,ordinal_multiclass_performance,independent external performance-target replication,department_including,department_including,xgboost,6,243,243,3,3,True,0.9430241690168996,0.03076407347728394,0.9430241690168996,0.02621175750581649
manuscript_final_20260712T175251Z_c664ef152ff3,c664ef152ff3a9eef89c53a403b9c2e6f677340bea0307b02d97d07cc54bdfc3,hrdataset_v14,ordinal_multiclass_performance,independent external performance-target replication,department_including,department_including,xgboost,6,258,258,2,2,True,0.867308801914072,0.867308801914072,0.11214142376289832,0.020549774323029624
manuscript_final_20260712T175251Z_c664ef152ff3,c664ef152ff3a9eef89c53a403b9c2e6f677340bea0307b02d97d07cc54bdfc3,hrdataset_v14,ordinal_multiclass_performance,independent external performance-target replication,department_including,department_including,xgboost,6,272,272,3,3,True,0.9279494842474469,0.0018002403599045552,0.9279494842474469,0.07025027539264854
manuscript_final_20260712T175251Z_c664ef152ff3,c664ef152ff3a9eef89c53a403b9c2e6f677340bea0307b02d97d07cc54bdfc3,hrdataset_v14,ordinal_multiclass_performance,independent external performance-target replication,department_including,department_including,xgboost,6,274,274,4,3,False,0.9321743104477229,0.0018665350216771834,0.9321743104477229,0.06595915453059986
manuscript_final_20260712T175251Z_c664ef152ff3,c664ef152ff3a9eef89c53a403b9c2e6f677340bea0307b02d97d07cc54bdfc3,hrdataset_v14,ordinal_multiclass_performance,independent external performance-target replication,department_including,department_including,xgboost,6,289,289,4,3,False,0.9743351833121267,0.0005243153954259235,0.9743351833121267,0.02514050129244737
manuscript_final_20260712T175251Z_c664ef152ff3,c664ef152ff3a9eef89c53a403b9c2e6f677340bea0307b02d97d07cc54bdfc3,hrdataset_v14,ordinal_multiclass_performance,independent external performance-target replication,department_including,department_including,xgboost,6,294,294,3,3,True,0.9809948939037727,0.005242546162231073,0.9809948939037727,0.0137625599339962
manuscript_final_20260712T175251Z_c664ef152ff3,c664ef152ff3a9eef89c53a403b9c2e6f677340bea0307b02d97d07cc54bdfc3,hrdataset_v14,ordinal_multiclass_performance,independent external performance-target replication,department_including,department_including,xgboost,6,302,302,3,3,True,0.9951808300837073,0.0011319214072681842,0.9951808300837073,0.0036872485090245545
manuscript_final_20260712T175251Z_c664ef152ff3,c664ef152ff3a9eef89c53a403b9c2e6f677340bea0307b02d97d07cc54bdfc3,hrdataset_v14,ordinal_multiclass_performance,independent external performance-target replication,department_including,department_including,xgboost,6,310,310,3,3,True,0.9846147200235618,0.0011251399396349133,0.9846147200235618,0.014260140036803294
manuscript_final_20260712T175251Z_c664ef152ff3,c664ef152ff3a9eef89c53a403b9c2e6f677340bea0307b02d97d07cc54bdfc3,hrdataset_v14,ordinal_multiclass_performance,independent external performance-target replication,department_including,department_including,xgboost,7,6,6,3,3,True,0.9941167981870453,0.0019055193112834253,0.9941167981870453,0.003977682501671222
manuscript_final_20260712T175251Z_c664ef152ff3,c664ef152ff3a9eef89c53a403b9c2e6f677340bea0307b02d97d07cc54bdfc3,hrdataset_v14,ordinal_multiclass_performance,independent external performance-target replication,department_including,department_including,xgboost,7,8,8,3,3,True,0.8934989964755509,0.0026341759361930314,0.8934989964755509,0.10386682758825608
manuscript_final_20260712T175251Z_c664ef152ff3,c664ef152ff3a9eef89c53a403b9c2e6f677340bea0307b02d97d07cc54bdfc3,hrdataset_v14,ordinal_multiclass_performance,independent external performance-target replication,department_including,department_including,xgboost,7,13,13,3,3,True,0.8036702395032382,0.0024577230581301905,0.8036702395032382,0.19387203743863163
manuscript_final_20260712T175251Z_c664ef152ff3,c664ef152ff3a9eef89c53a403b9c2e6f677340bea0307b02d97d07cc54bdfc3,hrdataset_v14,ordinal_multiclass_performance,independent external performance-target replication,department_including,department_including,xgboost,7,27,27,3,3,True,0.9942670825538499,0.0016044374611244889,0.9942670825538499,0.004128479985025638
manuscript_final_20260712T175251Z_c664ef152ff3,c664ef152ff3a9eef89c53a403b9c2e6f677340bea0307b02d97d07cc54bdfc3,hrdataset_v14,ordinal_multiclass_performance,independent external performance-target replication,department_including,department_including,xgboost,7,28,28,3,3,True,0.9938562255543562,0.002792120606190202,0.9938562255543562,0.003351653839453688
manuscript_final_20260712T175251Z_c664ef152ff3,c664ef152ff3a9eef89c53a403b9c2e6f677340bea0307b02d97d07cc54bdfc3,hrdataset_v14,ordinal_multiclass_performance,independent external performance-target replication,department_including,department_including,xgboost,7,36,36,4,3,False,0.8172617437181362,0.0015479784666832034,0.8172617437181362,0.18119027781518057
manuscript_final_20260712T175251Z_c664ef152ff3,c664ef152ff3a9eef89c53a403b9c2e6f677340bea0307b02d97d07cc54bdfc3,hrdataset_v14,ordinal_multiclass_performance,independent external performance-target replication,department_including,department_including,xgboost,7,55,55,4,3,False,0.9599327215526641,0.00960824768425725,0.9599327215526641,0.030459030763078723
manuscript_final_20260712T175251Z_c664ef152ff3,c664ef152ff3a9eef89c53a403b9c2e6f677340bea0307b02d97d07cc54bdfc3,hrdataset_v14,ordinal_multiclass_performance,independent external performance-target replication,department_including,department_including,xgboost,7,76,76,4,3,False,0.8506971906518813,0.0025944599471528335,0.8506971906518813,0.1467083494009658
manuscript_final_20260712T175251Z_c664ef152ff3,c664ef152ff3a9eef89c53a403b9c2e6f677340bea0307b02d97d07cc54bdfc3,hrdataset_v14,ordinal_multiclass_performance,independent external performance-target replication,department_including,department_including,xgboost,7,83,83,2,2,True,0.9838974273834279,0.9838974273834279,0.01397023871608103,0.002132333900491109
manuscript_final_20260712T175251Z_c664ef152ff3,c664ef152ff3a9eef89c53a403b9c2e6f677340bea0307b02d97d07cc54bdfc3,hrdataset_v14,ordinal_multiclass_performance,independent external performance-target replication,department_including,department_including,xgboost,7,87,87,3,4,False,0.8406646736157392,0.0008127523943952084,0.15852257398986566,0.8406646736157392
manuscript_final_20260712T175251Z_c664ef152ff3,c664ef152ff3a9eef89c53a403b9c2e6f677340bea0307b02d97d07cc54bdfc3,hrdataset_v14,ordinal_multiclass_performance,independent external performance-target replication,department_including,department_including,xgboost,7,90,90,2,2,True,0.9933240202116124,0.9933240202116124,0.006003423360658142,0.000672556427729434
manuscript_final_20260712T175251Z_c664ef152ff3,c664ef152ff3a9eef89c53a403b9c2e6f677340bea0307b02d97d07cc54bdfc3,hrdataset_v14,ordinal_multiclass_performance,independent external performance-target replication,department_including,department_including,xgboost,7,92,92,3,3,True,0.9111535535374428,0.0018636971916737891,0.9111535535374428,0.08698274927088342
manuscript_final_20260712T175251Z_c664ef152ff3,c664ef152ff3a9eef89c53a403b9c2e6f677340bea0307b02d97d07cc54bdfc3,hrdataset_v14,ordinal_multiclass_performance,independent external performance-target replication,department_including,department_including,xgboost,7,118,118,3,3,True,0.7875885459080868,0.0030045095249604144,0.7875885459080868,0.20940694456695283
manuscript_final_20260712T175251Z_c664ef152ff3,c664ef152ff3a9eef89c53a403b9c2e6f677340bea0307b02d97d07cc54bdfc3,hrdataset_v14,ordinal_multiclass_performance,independent external performance-target replication,department_including,department_including,xgboost,7,121,121,3,3,True,0.9906236371933336,0.0003873575999314999,0.9906236371933336,0.008989005206734966
manuscript_final_20260712T175251Z_c664ef152ff3,c664ef152ff3a9eef89c53a403b9c2e6f677340bea0307b02d97d07cc54bdfc3,hrdataset_v14,ordinal_multiclass_performance,independent external performance-target replication,department_including,department_including,xgboost,7,122,122,3,3,True,0.9766551624560115,0.0009105014958188968,0.9766551624560115,0.02243433604816963
manuscript_final_20260712T175251Z_c664ef152ff3,c664ef152ff3a9eef89c53a403b9c2e6f677340bea0307b02d97d07cc54bdfc3,hrdataset_v14,ordinal_multiclass_performance,independent external performance-target replication,department_including,department_including,xgboost,7,132,132,3,3,True,0.9919693026388935,0.00490585489286725,0.9919693026388935,0.0031248424682392747
manuscript_final_20260712T175251Z_c664ef152ff3,c664ef152ff3a9eef89c53a403b9c2e6f677340bea0307b02d97d07cc54bdfc3,hrdataset_v14,ordinal_multiclass_performance,independent external performance-target replication,department_including,department_including,xgboost,7,147,147,3,3,True,0.9920049223694524,0.000892745148564047,0.9920049223694524,0.00710233248198361
manuscript_final_20260712T175251Z_c664ef152ff3,c664ef152ff3a9eef89c53a403b9c2e6f677340bea0307b02d97d07cc54bdfc3,hrdataset_v14,ordinal_multiclass_performance,independent external performance-target replication,department_including,department_including,xgboost,7,150,150,3,3,True,0.9006491849162661,0.0024485122275621878,0.9006491849162661,0.09690230285617167
manuscript_final_20260712T175251Z_c664ef152ff3,c664ef152ff3a9eef89c53a403b9c2e6f677340bea0307b02d97d07cc54bdfc3,hrdataset_v14,ordinal_multiclass_performance,independent external performance-target replication,department_including,department_including,xgboost,7,151,151,3,3,True,0.9846075637978782,0.002939692603163005,0.9846075637978782,0.012452743598958819
manuscript_final_20260712T175251Z_c664ef152ff3,c664ef152ff3a9eef89c53a403b9c2e6f677340bea0307b02d97d07cc54bdfc3,hrdataset_v14,ordinal_multiclass_performance,independent external performance-target replication,department_including,department_including,xgboost,7,157,157,3,3,True,0.8777831153866263,0.0010396589008549143,0.8777831153866263,0.12117722571251874
manuscript_final_20260712T175251Z_c664ef152ff3,c664ef152ff3a9eef89c53a403b9c2e6f677340bea0307b02d97d07cc54bdfc3,hrdataset_v14,ordinal_multiclass_performance,independent external performance-target replication,department_including,department_including,xgboost,7,164,164,3,3,True,0.965077337179288,0.0009103511098414925,0.965077337179288,0.03401231171087049
manuscript_final_20260712T175251Z_c664ef152ff3,c664ef152ff3a9eef89c53a403b9c2e6f677340bea0307b02d97d07cc54bdfc3,hrdataset_v14,ordinal_multiclass_performance,independent external performance-target replication,department_including,department_including,xgboost,7,191,191,4,3,False,0.832318458122699,0.0022713147071477726,0.832318458122699,0.1654102271701532
manuscript_final_20260712T175251Z_c664ef152ff3,c664ef152ff3a9eef89c53a403b9c2e6f677340bea0307b02d97d07cc54bdfc3,hrdataset_v14,ordinal_multiclass_performance,independent external performance-target replication,department_including,department_including,xgboost,7,203,203,3,3,True,0.9314686748895951,0.00979850202024624,0.9314686748895951,0.05873282309015865
manuscript_final_20260712T175251Z_c664ef152ff3,c664ef152ff3a9eef89c53a403b9c2e6f677340bea0307b02d97d07cc54bdfc3,hrdataset_v14,ordinal_multiclass_performance,independent external performance-target replication,department_including,department_including,xgboost,7,214,214,2,2,True,0.9880667288651744,0.9880667288651744,0.011611118634589142,0.00032215250023642973
manuscript_final_20260712T175251Z_c664ef152ff3,c664ef152ff3a9eef89c53a403b9c2e6f677340bea0307b02d97d07cc54bdfc3,hrdataset_v14,ordinal_multiclass_performance,independent external performance-target replication,department_including,department_including,xgboost,7,224,224,3,3,True,0.9943688495642082,0.0020807622897985076,0.9943688495642082,0.0035503881459932967
manuscript_final_20260712T175251Z_c664ef152ff3,c664ef152ff3a9eef89c53a403b9c2e6f677340bea0307b02d97d07cc54bdfc3,hrdataset_v14,ordinal_multiclass_performance,independent external performance-target replication,department_including,department_including,xgboost,7,241,241,3,3,True,0.7635235277122141,0.0016006152242011712,0.7635235277122141,0.23487585706358471
manuscript_final_20260712T175251Z_c664ef152ff3,c664ef152ff3a9eef89c53a403b9c2e6f677340bea0307b02d97d07cc54bdfc3,hrdataset_v14,ordinal_multiclass_performance,independent external performance-target replication,department_including,department_including,xgboost,7,245,245,3,3,True,0.9498429322727658,0.003124569783539108,0.9498429322727658,0.047032497943695045
manuscript_final_20260712T175251Z_c664ef152ff3,c664ef152ff3a9eef89c53a403b9c2e6f677340bea0307b02d97d07cc54bdfc3,hrdataset_v14,ordinal_multiclass_performance,independent external performance-target replication,department_including,department_including,xgboost,7,261,261,3,3,True,0.9303903229533,0.0016872917049349306,0.9303903229533,0.06792238534176506
manuscript_final_20260712T175251Z_c664ef152ff3,c664ef152ff3a9eef89c53a403b9c2e6f677340bea0307b02d97d07cc54bdfc3,hrdataset_v14,ordinal_multiclass_performance,independent external performance-target replication,department_including,department_including,xgboost,7,264,264,3,3,True,0.990530419162743,0.0008063671313379252,0.990530419162743,0.00866321370591905
manuscript_final_20260712T175251Z_c664ef152ff3,c664ef152ff3a9eef89c53a403b9c2e6f677340bea0307b02d97d07cc54bdfc3,hrdataset_v14,ordinal_multiclass_performance,independent external performance-target replication,department_including,department_including,xgboost,7,278,278,3,3,True,0.9420203128423221,0.017130451564069955,0.9420203128423221,0.040849235593607876
manuscript_final_20260712T175251Z_c664ef152ff3,c664ef152ff3a9eef89c53a403b9c2e6f677340bea0307b02d97d07cc54bdfc3,hrdataset_v14,ordinal_multiclass_performance,independent external performance-target replication,department_including,department_including,xgboost,7,305,305,3,3,True,0.9676049605300757,0.007019286726850182,0.9676049605300757,0.025375752743074107
manuscript_final_20260712T175251Z_c664ef152ff3,c664ef152ff3a9eef89c53a403b9c2e6f677340bea0307b02d97d07cc54bdfc3,hrdataset_v14,ordinal_multiclass_performance,independent external performance-target replication,department_including,department_including,xgboost,8,11,11,3,3,True,0.7559873648301374,0.0016988865519133338,0.7559873648301374,0.24231374861794927
manuscript_final_20260712T175251Z_c664ef152ff3,c664ef152ff3a9eef89c53a403b9c2e6f677340bea0307b02d97d07cc54bdfc3,hrdataset_v14,ordinal_multiclass_performance,independent external performance-target replication,department_including,department_including,xgboost,8,16,16,4,3,False,0.9784504233023821,0.000415603665591598,0.9784504233023821,0.021133973032026288
manuscript_final_20260712T175251Z_c664ef152ff3,c664ef152ff3a9eef89c53a403b9c2e6f677340bea0307b02d97d07cc54bdfc3,hrdataset_v14,ordinal_multiclass_performance,independent external performance-target replication,department_including,department_including,xgboost,8,29,29,3,3,True,0.7569096536421192,0.0023997174106593563,0.7569096536421192,0.24069062894722149
manuscript_final_20260712T175251Z_c664ef152ff3,c664ef152ff3a9eef89c53a403b9c2e6f677340bea0307b02d97d07cc54bdfc3,hrdataset_v14,ordinal_multiclass_performance,independent external performance-target replication,department_including,department_including,xgboost,8,40,40,3,3,True,0.9828811498322818,0.0006174464700651052,0.9828811498322818,0.016501403697653086
manuscript_final_20260712T175251Z_c664ef152ff3,c664ef152ff3a9eef89c53a403b9c2e6f677340bea0307b02d97d07cc54bdfc3,hrdataset_v14,ordinal_multiclass_performance,independent external performance-target replication,department_including,department_including,xgboost,8,45,45,3,3,True,0.9934779579077956,0.005008089909238448,0.9934779579077956,0.001513952182965915
manuscript_final_20260712T175251Z_c664ef152ff3,c664ef152ff3a9eef89c53a403b9c2e6f677340bea0307b02d97d07cc54bdfc3,hrdataset_v14,ordinal_multiclass_performance,independent external performance-target replication,department_including,department_including,xgboost,8,53,53,2,2,True,0.9943566155164882,0.9943566155164882,0.005299973530187294,0.0003434109533244928
manuscript_final_20260712T175251Z_c664ef152ff3,c664ef152ff3a9eef89c53a403b9c2e6f677340bea0307b02d97d07cc54bdfc3,hrdataset_v14,ordinal_multiclass_performance,independent external performance-target replication,department_including,department_including,xgboost,8,57,57,3,3,True,0.9840173661383017,0.007167820743580827,0.9840173661383017,0.008814813118117458
manuscript_final_20260712T175251Z_c664ef152ff3,c664ef152ff3a9eef89c53a403b9c2e6f677340bea0307b02d97d07cc54bdfc3,hrdataset_v14,ordinal_multiclass_performance,independent external performance-target replication,department_including,department_including,xgboost,8,70,70,3,3,True,0.9943617438780078,0.0019539384820628477,0.9943617438780078,0.003684317639929314
manuscript_final_20260712T175251Z_c664ef152ff3,c664ef152ff3a9eef89c53a403b9c2e6f677340bea0307b02d97d07cc54bdfc3,hrdataset_v14,ordinal_multiclass_performance,independent external performance-target replication,department_including,department_including,xgboost,8,71,71,3,3,True,0.9387391078011273,0.0015870360278629596,0.9387391078011273,0.0596738561710097
manuscript_final_20260712T175251Z_c664ef152ff3,c664ef152ff3a9eef89c53a403b9c2e6f677340bea0307b02d97d07cc54bdfc3,hrdataset_v14,ordinal_multiclass_performance,independent external performance-target replication,department_including,department_including,xgboost,8,112,112,2,2,True,0.9716348191719619,0.9716348191719619,0.027862491486712555,0.0005026893413255612
manuscript_final_20260712T175251Z_c664ef152ff3,c664ef152ff3a9eef89c53a403b9c2e6f677340bea0307b02d97d07cc54bdfc3,hrdataset_v14,ordinal_multiclass_performance,independent external performance-target replication,department_including,department_including,xgboost,8,113,113,3,3,True,0.9796604870520418,0.0008347304259488892,0.9796604870520418,0.01950478252200928
manuscript_final_20260712T175251Z_c664ef152ff3,c664ef152ff3a9eef89c53a403b9c2e6f677340bea0307b02d97d07cc54bdfc3,hrdataset_v14,ordinal_multiclass_performance,independent external performance-target replication,department_including,department_including,xgboost,8,123,123,3,3,True,0.983711789739233,0.00040297993544679937,0.983711789739233,0.015885230325320167
manuscript_final_20260712T175251Z_c664ef152ff3,c664ef152ff3a9eef89c53a403b9c2e6f677340bea0307b02d97d07cc54bdfc3,hrdataset_v14,ordinal_multiclass_performance,independent external performance-target replication,department_including,department_including,xgboost,8,134,134,3,3,True,0.9891055166449529,0.00398063051898582,0.9891055166449529,0.006913852836061229
manuscript_final_20260712T175251Z_c664ef152ff3,c664ef152ff3a9eef89c53a403b9c2e6f677340bea0307b02d97d07cc54bdfc3,hrdataset_v14,ordinal_multiclass_performance,independent external performance-target replication,department_including,department_including,xgboost,8,148,148,3,3,True,0.9823402951339789,0.005854454114545874,0.9823402951339789,0.011805250751475191
manuscript_final_20260712T175251Z_c664ef152ff3,c664ef152ff3a9eef89c53a403b9c2e6f677340bea0307b02d97d07cc54bdfc3,hrdataset_v14,ordinal_multiclass_performance,independent external performance-target replication,department_including,department_including,xgboost,8,152,152,3,3,True,0.9903860318143459,0.0047946778288759356,0.9903860318143459,0.00481929035677818
manuscript_final_20260712T175251Z_c664ef152ff3,c664ef152ff3a9eef89c53a403b9c2e6f677340bea0307b02d97d07cc54bdfc3,hrdataset_v14,ordinal_multiclass_performance,independent external performance-target replication,department_including,department_including,xgboost,8,165,165,3,3,True,0.9956754436207534,0.00045951810693383246,0.9956754436207534,0.0038650382723127382
manuscript_final_20260712T175251Z_c664ef152ff3,c664ef152ff3a9eef89c53a403b9c2e6f677340bea0307b02d97d07cc54bdfc3,hrdataset_v14,ordinal_multiclass_performance,independent external performance-target replication,department_including,department_including,xgboost,8,168,168,3,3,True,0.9873138079301583,0.007025813224749466,0.9873138079301583,0.005660378845092262
manuscript_final_20260712T175251Z_c664ef152ff3,c664ef152ff3a9eef89c53a403b9c2e6f677340bea0307b02d97d07cc54bdfc3,hrdataset_v14,ordinal_multiclass_performance,independent external performance-target replication,department_including,department_including,xgboost,8,171,171,3,3,True,0.8509899556145761,0.0010482608560341124,0.8509899556145761,0.14796178352938977
manuscript_final_20260712T175251Z_c664ef152ff3,c664ef152ff3a9eef89c53a403b9c2e6f677340bea0307b02d97d07cc54bdfc3,hrdataset_v14,ordinal_multiclass_performance,independent external performance-target replication,department_including,department_including,xgboost,8,181,181,3,3,True,0.9539816401423296,0.0017101434194315053,0.9539816401423296,0.044308216438238984
manuscript_final_20260712T175251Z_c664ef152ff3,c664ef152ff3a9eef89c53a403b9c2e6f677340bea0307b02d97d07cc54bdfc3,hrdataset_v14,ordinal_multiclass_performance,independent external performance-target replication,department_including,department_including,xgboost,8,185,185,3,3,True,0.9141798109870036,0.0012377848738352436,0.9141798109870036,0.08458240413916115
manuscript_final_20260712T175251Z_c664ef152ff3,c664ef152ff3a9eef89c53a403b9c2e6f677340bea0307b02d97d07cc54bdfc3,hrdataset_v14,ordinal_multiclass_performance,independent external performance-target replication,department_including,department_including,xgboost,8,193,193,3,3,True,0.9924856322655995,0.004971780763296794,0.9924856322655995,0.00254258697110372
manuscript_final_20260712T175251Z_c664ef152ff3,c664ef152ff3a9eef89c53a403b9c2e6f677340bea0307b02d97d07cc54bdfc3,hrdataset_v14,ordinal_multiclass_performance,independent external performance-target replication,department_including,department_including,xgboost,8,206,206,3,3,True,0.9816651136807794,0.0005249022713940093,0.9816651136807794,0.01780998404782668
manuscript_final_20260712T175251Z_c664ef152ff3,c664ef152ff3a9eef89c53a403b9c2e6f677340bea0307b02d97d07cc54bdfc3,hrdataset_v14,ordinal_multiclass_performance,independent external performance-target replication,department_including,department_including,xgboost,8,225,225,3,3,True,0.9461018647969406,0.0010402172563458338,0.9461018647969406,0.052857917946713594
manuscript_final_20260712T175251Z_c664ef152ff3,c664ef152ff3a9eef89c53a403b9c2e6f677340bea0307b02d97d07cc54bdfc3,hrdataset_v14,ordinal_multiclass_performance,independent external performance-target replication,department_including,department_including,xgboost,8,257,257,4,3,False,0.8852121116460556,0.003358466738967084,0.8852121116460556,0.11142942161497729
manuscript_final_20260712T175251Z_c664ef152ff3,c664ef152ff3a9eef89c53a403b9c2e6f677340bea0307b02d97d07cc54bdfc3,hrdataset_v14,ordinal_multiclass_performance,independent external performance-target replication,department_including,department_including,xgboost,8,259,259,3,3,True,0.9845861787961876,0.0031207815756000685,0.9845861787961876,0.012293039628212392
manuscript_final_20260712T175251Z_c664ef152ff3,c664ef152ff3a9eef89c53a403b9c2e6f677340bea0307b02d97d07cc54bdfc3,hrdataset_v14,ordinal_multiclass_performance,independent external performance-target replication,department_including,department_including,xgboost,8,266,266,3,3,True,0.9471459819385901,0.0015065397338498198,0.9471459819385901,0.05134747832756004
manuscript_final_20260712T175251Z_c664ef152ff3,c664ef152ff3a9eef89c53a403b9c2e6f677340bea0307b02d97d07cc54bdfc3,hrdataset_v14,ordinal_multiclass_performance,independent external performance-target replication,department_including,department_including,xgboost,8,283,283,2,2,True,0.9926765287477467,0.9926765287477467,0.00611860744039196,0.0012048638118613748
manuscript_final_20260712T175251Z_c664ef152ff3,c664ef152ff3a9eef89c53a403b9c2e6f677340bea0307b02d97d07cc54bdfc3,hrdataset_v14,ordinal_multiclass_performance,independent external performance-target replication,department_including,department_including,xgboost,8,284,284,3,3,True,0.9950482564920851,0.00025981193999745345,0.9950482564920851,0.004691931567917503
manuscript_final_20260712T175251Z_c664ef152ff3,c664ef152ff3a9eef89c53a403b9c2e6f677340bea0307b02d97d07cc54bdfc3,hrdataset_v14,ordinal_multiclass_performance,independent external performance-target replication,department_including,department_including,xgboost,8,286,286,3,3,True,0.9648531315902944,0.0011232792912692095,0.9648531315902944,0.034023589118436386
manuscript_final_20260712T175251Z_c664ef152ff3,c664ef152ff3a9eef89c53a403b9c2e6f677340bea0307b02d97d07cc54bdfc3,hrdataset_v14,ordinal_multiclass_performance,independent external performance-target replication,department_including,department_including,xgboost,8,288,288,3,3,True,0.94166389807755,0.045581641434577595,0.94166389807755,0.012754460487872387
manuscript_final_20260712T175251Z_c664ef152ff3,c664ef152ff3a9eef89c53a403b9c2e6f677340bea0307b02d97d07cc54bdfc3,hrdataset_v14,ordinal_multiclass_performance,independent external performance-target replication,department_including,department_including,xgboost,8,308,308,4,3,False,0.5999829779611603,0.001915244505359869,0.5999829779611603,0.3981017775334798
manuscript_final_20260712T175251Z_c664ef152ff3,c664ef152ff3a9eef89c53a403b9c2e6f677340bea0307b02d97d07cc54bdfc3,hrdataset_v14,ordinal_multiclass_performance,independent external performance-target replication,department_including,department_including,xgboost,9,9,9,3,3,True,0.7520079899743641,0.0010930710255803921,0.7520079899743641,0.2468989390000555
manuscript_final_20260712T175251Z_c664ef152ff3,c664ef152ff3a9eef89c53a403b9c2e6f677340bea0307b02d97d07cc54bdfc3,hrdataset_v14,ordinal_multiclass_performance,independent external performance-target replication,department_including,department_including,xgboost,9,10,10,3,3,True,0.971158769868939,0.000668684213827502,0.971158769868939,0.028172545917233477
manuscript_final_20260712T175251Z_c664ef152ff3,c664ef152ff3a9eef89c53a403b9c2e6f677340bea0307b02d97d07cc54bdfc3,hrdataset_v14,ordinal_multiclass_performance,independent external performance-target replication,department_including,department_including,xgboost,9,17,17,3,3,True,0.6221593110709726,0.0029239214906374017,0.6221593110709726,0.37491676743839003
manuscript_final_20260712T175251Z_c664ef152ff3,c664ef152ff3a9eef89c53a403b9c2e6f677340bea0307b02d97d07cc54bdfc3,hrdataset_v14,ordinal_multiclass_performance,independent external performance-target replication,department_including,department_including,xgboost,9,19,19,3,3,True,0.8230670619631463,0.001983368053709944,0.8230670619631463,0.17494956998314382
manuscript_final_20260712T175251Z_c664ef152ff3,c664ef152ff3a9eef89c53a403b9c2e6f677340bea0307b02d97d07cc54bdfc3,hrdataset_v14,ordinal_multiclass_performance,independent external performance-target replication,department_including,department_including,xgboost,9,34,34,3,3,True,0.9498623759929653,0.01259091795798913,0.9498623759929653,0.03754670604904555
manuscript_final_20260712T175251Z_c664ef152ff3,c664ef152ff3a9eef89c53a403b9c2e6f677340bea0307b02d97d07cc54bdfc3,hrdataset_v14,ordinal_multiclass_performance,independent external performance-target replication,department_including,department_including,xgboost,9,52,52,3,3,True,0.8576171713656543,0.002492644450123846,0.8576171713656543,0.1398901841842218
manuscript_final_20260712T175251Z_c664ef152ff3,c664ef152ff3a9eef89c53a403b9c2e6f677340bea0307b02d97d07cc54bdfc3,hrdataset_v14,ordinal_multiclass_performance,independent external performance-target replication,department_including,department_including,xgboost,9,79,79,3,3,True,0.973716582417548,0.016415318902236343,0.973716582417548,0.009868098680215667
manuscript_final_20260712T175251Z_c664ef152ff3,c664ef152ff3a9eef89c53a403b9c2e6f677340bea0307b02d97d07cc54bdfc3,hrdataset_v14,ordinal_multiclass_performance,independent external performance-target replication,department_including,department_including,xgboost,9,95,95,2,2,True,0.9740089049955124,0.9740089049955124,0.024517612209253692,0.00147348279523389
manuscript_final_20260712T175251Z_c664ef152ff3,c664ef152ff3a9eef89c53a403b9c2e6f677340bea0307b02d97d07cc54bdfc3,hrdataset_v14,ordinal_multiclass_performance,independent external performance-target replication,department_including,department_including,xgboost,9,101,101,3,3,True,0.7163601173254744,0.0018078568686446075,0.7163601173254744,0.28183202580588096
manuscript_final_20260712T175251Z_c664ef152ff3,c664ef152ff3a9eef89c53a403b9c2e6f677340bea0307b02d97d07cc54bdfc3,hrdataset_v14,ordinal_multiclass_performance,independent external performance-target replication,department_including,department_including,xgboost,9,102,102,3,3,True,0.9911741187406676,0.002437960018631396,0.9911741187406676,0.006387921240701007
manuscript_final_20260712T175251Z_c664ef152ff3,c664ef152ff3a9eef89c53a403b9c2e6f677340bea0307b02d97d07cc54bdfc3,hrdataset_v14,ordinal_multiclass_performance,independent external performance-target replication,department_including,department_including,xgboost,9,107,107,3,3,True,0.9523584525596214,0.0012321394923618186,0.9523584525596214,0.04640940794801681
manuscript_final_20260712T175251Z_c664ef152ff3,c664ef152ff3a9eef89c53a403b9c2e6f677340bea0307b02d97d07cc54bdfc3,hrdataset_v14,ordinal_multiclass_performance,independent external performance-target replication,department_including,department_including,xgboost,9,109,109,3,3,True,0.9759801067199776,0.00040426056379263783,0.9759801067199776,0.023615632716229733
manuscript_final_20260712T175251Z_c664ef152ff3,c664ef152ff3a9eef89c53a403b9c2e6f677340bea0307b02d97d07cc54bdfc3,hrdataset_v14,ordinal_multiclass_performance,independent external performance-target replication,department_including,department_including,xgboost,9,116,116,3,3,True,0.9829856732178904,0.0007120373759916178,0.9829856732178904,0.016302289406117942
manuscript_final_20260712T175251Z_c664ef152ff3,c664ef152ff3a9eef89c53a403b9c2e6f677340bea0307b02d97d07cc54bdfc3,hrdataset_v14,ordinal_multiclass_performance,independent external performance-target replication,department_including,department_including,xgboost,9,125,125,4,3,False,0.9619803711982716,0.0015930537370781642,0.9619803711982716,0.03642657506465021
manuscript_final_20260712T175251Z_c664ef152ff3,c664ef152ff3a9eef89c53a403b9c2e6f677340bea0307b02d97d07cc54bdfc3,hrdataset_v14,ordinal_multiclass_performance,independent external performance-target replication,department_including,department_including,xgboost,9,128,128,3,3,True,0.9942603757033477,0.00221794668505075,0.9942603757033477,0.0035216776116015584
manuscript_final_20260712T175251Z_c664ef152ff3,c664ef152ff3a9eef89c53a403b9c2e6f677340bea0307b02d97d07cc54bdfc3,hrdataset_v14,ordinal_multiclass_performance,independent external performance-target replication,department_including,department_including,xgboost,9,160,160,3,3,True,0.9941039287666951,0.0003461018358635309,0.9941039287666951,0.005549969397441358
manuscript_final_20260712T175251Z_c664ef152ff3,c664ef152ff3a9eef89c53a403b9c2e6f677340bea0307b02d97d07cc54bdfc3,hrdataset_v14,ordinal_multiclass_performance,independent external performance-target replication,department_including,department_including,xgboost,9,163,163,3,3,True,0.9193618512069225,0.0007778001277142035,0.9193618512069225,0.07986034866536336
manuscript_final_20260712T175251Z_c664ef152ff3,c664ef152ff3a9eef89c53a403b9c2e6f677340bea0307b02d97d07cc54bdfc3,hrdataset_v14,ordinal_multiclass_performance,independent external performance-target replication,department_including,department_including,xgboost,9,167,167,4,3,False,0.9921912974834216,0.0005834946890993219,0.9921912974834216,0.007225207827479028
manuscript_final_20260712T175251Z_c664ef152ff3,c664ef152ff3a9eef89c53a403b9c2e6f677340bea0307b02d97d07cc54bdfc3,hrdataset_v14,ordinal_multiclass_performance,independent external performance-target replication,department_including,department_including,xgboost,9,177,177,3,3,True,0.7477658481532298,0.0027227280991109696,0.7477658481532298,0.2495114237476592
manuscript_final_20260712T175251Z_c664ef152ff3,c664ef152ff3a9eef89c53a403b9c2e6f677340bea0307b02d97d07cc54bdfc3,hrdataset_v14,ordinal_multiclass_performance,independent external performance-target replication,department_including,department_including,xgboost,9,182,182,3,3,True,0.8978569135757056,0.0006175015159479895,0.8978569135757056,0.10152558490834641
manuscript_final_20260712T175251Z_c664ef152ff3,c664ef152ff3a9eef89c53a403b9c2e6f677340bea0307b02d97d07cc54bdfc3,hrdataset_v14,ordinal_multiclass_performance,independent external performance-target replication,department_including,department_including,xgboost,9,198,198,3,3,True,0.9478046029687355,0.00058001177062554,0.9478046029687355,0.05161538526063895
manuscript_final_20260712T175251Z_c664ef152ff3,c664ef152ff3a9eef89c53a403b9c2e6f677340bea0307b02d97d07cc54bdfc3,hrdataset_v14,ordinal_multiclass_performance,independent external performance-target replication,department_including,department_including,xgboost,9,204,204,3,3,True,0.9567656967164592,0.0013957287670531696,0.9567656967164592,0.04183857451648763
manuscript_final_20260712T175251Z_c664ef152ff3,c664ef152ff3a9eef89c53a403b9c2e6f677340bea0307b02d97d07cc54bdfc3,hrdataset_v14,ordinal_multiclass_performance,independent external performance-target replication,department_including,department_including,xgboost,9,209,209,2,2,True,0.6064743978721805,0.6064743978721805,0.3846336890441356,0.008891913083683943
manuscript_final_20260712T175251Z_c664ef152ff3,c664ef152ff3a9eef89c53a403b9c2e6f677340bea0307b02d97d07cc54bdfc3,hrdataset_v14,ordinal_multiclass_performance,independent external performance-target replication,department_including,department_including,xgboost,9,232,232,4,3,False,0.9765356160315322,0.0006393459610656231,0.9765356160315322,0.022825038007402237
manuscript_final_20260712T175251Z_c664ef152ff3,c664ef152ff3a9eef89c53a403b9c2e6f677340bea0307b02d97d07cc54bdfc3,hrdataset_v14,ordinal_multiclass_performance,independent external performance-target replication,department_including,department_including,xgboost,9,236,236,2,2,True,0.9875830143528477,0.9875830143528477,0.010818253630213706,0.0015987320169385784
manuscript_final_20260712T175251Z_c664ef152ff3,c664ef152ff3a9eef89c53a403b9c2e6f677340bea0307b02d97d07cc54bdfc3,hrdataset_v14,ordinal_multiclass_performance,independent external performance-target replication,department_including,department_including,xgboost,9,240,240,3,3,True,0.8933803906222842,0.0012155766423405726,0.8933803906222842,0.10540403273537521
manuscript_final_20260712T175251Z_c664ef152ff3,c664ef152ff3a9eef89c53a403b9c2e6f677340bea0307b02d97d07cc54bdfc3,hrdataset_v14,ordinal_multiclass_performance,independent external performance-target replication,department_including,department_including,xgboost,9,252,252,3,3,True,0.9978750451004649,0.0009325811527808314,0.9978750451004649,0.0011923737467542926
manuscript_final_20260712T175251Z_c664ef152ff3,c664ef152ff3a9eef89c53a403b9c2e6f677340bea0307b02d97d07cc54bdfc3,hrdataset_v14,ordinal_multiclass_performance,independent external performance-target replication,department_including,department_including,xgboost,9,260,260,3,3,True,0.9702151625556394,0.004243421459196781,0.9702151625556394,0.02554141598516383
manuscript_final_20260712T175251Z_c664ef152ff3,c664ef152ff3a9eef89c53a403b9c2e6f677340bea0307b02d97d07cc54bdfc3,hrdataset_v14,ordinal_multiclass_performance,independent external performance-target replication,department_including,department_including,xgboost,9,268,268,3,3,True,0.8571466943249731,0.00243940813717399,0.8571466943249731,0.14041389753785283
manuscript_final_20260712T175251Z_c664ef152ff3,c664ef152ff3a9eef89c53a403b9c2e6f677340bea0307b02d97d07cc54bdfc3,hrdataset_v14,ordinal_multiclass_performance,independent external performance-target replication,department_including,department_including,xgboost,9,280,280,3,3,True,0.7546199767917826,0.001467070699617587,0.7546199767917826,0.24391295250859985
manuscript_final_20260712T175251Z_c664ef152ff3,c664ef152ff3a9eef89c53a403b9c2e6f677340bea0307b02d97d07cc54bdfc3,hrdataset_v14,ordinal_multiclass_performance,independent external performance-target replication,department_including,department_including,xgboost,9,287,287,3,3,True,0.994256816213052,0.00027148239908724684,0.994256816213052,0.005471701387860796
manuscript_final_20260712T175251Z_c664ef152ff3,c664ef152ff3a9eef89c53a403b9c2e6f677340bea0307b02d97d07cc54bdfc3,hrdataset_v14,ordinal_multiclass_performance,independent external performance-target replication,department_including,department_including,xgboost,10,3,3,3,3,True,0.7654565736702654,0.003000625473460542,0.7654565736702654,0.23154280085627402
manuscript_final_20260712T175251Z_c664ef152ff3,c664ef152ff3a9eef89c53a403b9c2e6f677340bea0307b02d97d07cc54bdfc3,hrdataset_v14,ordinal_multiclass_performance,independent external performance-target replication,department_including,department_including,xgboost,10,15,15,3,3,True,0.9937728186777821,0.0008411816788560702,0.9937728186777821,0.005385999643361773
manuscript_final_20260712T175251Z_c664ef152ff3,c664ef152ff3a9eef89c53a403b9c2e6f677340bea0307b02d97d07cc54bdfc3,hrdataset_v14,ordinal_multiclass_performance,independent external performance-target replication,department_including,department_including,xgboost,10,22,22,4,3,False,0.967319968594767,0.0020938891880668427,0.967319968594767,0.03058614221716618
manuscript_final_20260712T175251Z_c664ef152ff3,c664ef152ff3a9eef89c53a403b9c2e6f677340bea0307b02d97d07cc54bdfc3,hrdataset_v14,ordinal_multiclass_performance,independent external performance-target replication,department_including,department_including,xgboost,10,49,49,3,3,True,0.999416267660462,0.00010723847316904644,0.999416267660462,0.0004764938663689719
manuscript_final_20260712T175251Z_c664ef152ff3,c664ef152ff3a9eef89c53a403b9c2e6f677340bea0307b02d97d07cc54bdfc3,hrdataset_v14,ordinal_multiclass_performance,independent external performance-target replication,department_including,department_including,xgboost,10,59,59,3,3,True,0.957871602113036,0.0010792097825970525,0.957871602113036,0.04104918810436692
manuscript_final_20260712T175251Z_c664ef152ff3,c664ef152ff3a9eef89c53a403b9c2e6f677340bea0307b02d97d07cc54bdfc3,hrdataset_v14,ordinal_multiclass_performance,independent external performance-target replication,department_including,department_including,xgboost,10,78,78,3,3,True,0.8017660806897172,0.0024382089167716546,0.8017660806897172,0.19579571039351115
manuscript_final_20260712T175251Z_c664ef152ff3,c664ef152ff3a9eef89c53a403b9c2e6f677340bea0307b02d97d07cc54bdfc3,hrdataset_v14,ordinal_multiclass_performance,independent external performance-target replication,department_including,department_including,xgboost,10,80,80,3,3,True,0.9973118949876448,0.0004042970609588008,0.9973118949876448,0.0022838079513963954
manuscript_final_20260712T175251Z_c664ef152ff3,c664ef152ff3a9eef89c53a403b9c2e6f677340bea0307b02d97d07cc54bdfc3,hrdataset_v14,ordinal_multiclass_performance,independent external performance-target replication,department_including,department_including,xgboost,10,97,97,3,3,True,0.9349536504330214,0.001806989817381148,0.9349536504330214,0.06323935974959745
manuscript_final_20260712T175251Z_c664ef152ff3,c664ef152ff3a9eef89c53a403b9c2e6f677340bea0307b02d97d07cc54bdfc3,hrdataset_v14,ordinal_multiclass_performance,independent external performance-target replication,department_including,department_including,xgboost,10,136,136,3,3,True,0.9970902688552907,0.000790044587274151,0.9970902688552907,0.002119686557435116
manuscript_final_20260712T175251Z_c664ef152ff3,c664ef152ff3a9eef89c53a403b9c2e6f677340bea0307b02d97d07cc54bdfc3,hrdataset_v14,ordinal_multiclass_performance,independent external performance-target replication,department_including,department_including,xgboost,10,153,153,3,3,True,0.987556986781534,0.004770483609212158,0.987556986781534,0.0076725296092538045
manuscript_final_20260712T175251Z_c664ef152ff3,c664ef152ff3a9eef89c53a403b9c2e6f677340bea0307b02d97d07cc54bdfc3,hrdataset_v14,ordinal_multiclass_performance,independent external performance-target replication,department_including,department_including,xgboost,10,159,159,3,3,True,0.7460643209623468,0.0015436403009712238,0.7460643209623468,0.252392038736682
manuscript_final_20260712T175251Z_c664ef152ff3,c664ef152ff3a9eef89c53a403b9c2e6f677340bea0307b02d97d07cc54bdfc3,hrdataset_v14,ordinal_multiclass_performance,independent external performance-target replication,department_including,department_including,xgboost,10,162,162,3,3,True,0.9212814954770946,0.0009359126347225587,0.9212814954770946,0.07778259188818287
manuscript_final_20260712T175251Z_c664ef152ff3,c664ef152ff3a9eef89c53a403b9c2e6f677340bea0307b02d97d07cc54bdfc3,hrdataset_v14,ordinal_multiclass_performance,independent external performance-target replication,department_including,department_including,xgboost,10,184,184,3,3,True,0.9897659835773234,0.005655663324990169,0.9897659835773234,0.004578353097686441
manuscript_final_20260712T175251Z_c664ef152ff3,c664ef152ff3a9eef89c53a403b9c2e6f677340bea0307b02d97d07cc54bdfc3,hrdataset_v14,ordinal_multiclass_performance,independent external performance-target replication,department_including,department_including,xgboost,10,197,197,3,3,True,0.9851660006250883,0.00040916515921613113,0.9851660006250883,0.014424834215695532
manuscript_final_20260712T175251Z_c664ef152ff3,c664ef152ff3a9eef89c53a403b9c2e6f677340bea0307b02d97d07cc54bdfc3,hrdataset_v14,ordinal_multiclass_performance,independent external performance-target replication,department_including,department_including,xgboost,10,205,205,2,2,True,0.9893141696723329,0.9893141696723329,0.010350076180171855,0.0003357541474953206
manuscript_final_20260712T175251Z_c664ef152ff3,c664ef152ff3a9eef89c53a403b9c2e6f677340bea0307b02d97d07cc54bdfc3,hrdataset_v14,ordinal_multiclass_performance,independent external performance-target replication,department_including,department_including,xgboost,10,207,207,3,3,True,0.8151361186712299,0.005051619178120142,0.8151361186712299,0.17981226215065
manuscript_final_20260712T175251Z_c664ef152ff3,c664ef152ff3a9eef89c53a403b9c2e6f677340bea0307b02d97d07cc54bdfc3,hrdataset_v14,ordinal_multiclass_performance,independent external performance-target replication,department_including,department_including,xgboost,10,212,212,4,3,False,0.9600327990403323,0.0006845943551067942,0.9600327990403323,0.03928260660456085
manuscript_final_20260712T175251Z_c664ef152ff3,c664ef152ff3a9eef89c53a403b9c2e6f677340bea0307b02d97d07cc54bdfc3,hrdataset_v14,ordinal_multiclass_performance,independent external performance-target replication,department_including,department_including,xgboost,10,213,213,3,3,True,0.9906131717892965,0.000359800989377678,0.9906131717892965,0.009027027221325786
manuscript_final_20260712T175251Z_c664ef152ff3,c664ef152ff3a9eef89c53a403b9c2e6f677340bea0307b02d97d07cc54bdfc3,hrdataset_v14,ordinal_multiclass_performance,independent external performance-target replication,department_including,department_including,xgboost,10,217,217,4,3,False,0.9877093107925999,0.0006530850256267515,0.9877093107925999,0.011637604181773283
manuscript_final_20260712T175251Z_c664ef152ff3,c664ef152ff3a9eef89c53a403b9c2e6f677340bea0307b02d97d07cc54bdfc3,hrdataset_v14,ordinal_multiclass_performance,independent external performance-target replication,department_including,department_including,xgboost,10,218,218,3,3,True,0.78477007771893,0.004081479771707745,0.78477007771893,0.21114844250936224
manuscript_final_20260712T175251Z_c664ef152ff3,c664ef152ff3a9eef89c53a403b9c2e6f677340bea0307b02d97d07cc54bdfc3,hrdataset_v14,ordinal_multiclass_performance,independent external performance-target replication,department_including,department_including,xgboost,10,223,223,3,3,True,0.9638871190157131,0.0016550773693674997,0.9638871190157131,0.034457803614919395
manuscript_final_20260712T175251Z_c664ef152ff3,c664ef152ff3a9eef89c53a403b9c2e6f677340bea0307b02d97d07cc54bdfc3,hrdataset_v14,ordinal_multiclass_performance,independent external performance-target replication,department_including,department_including,xgboost,10,226,226,3,3,True,0.7069831189285241,0.0027512140796817426,0.7069831189285241,0.29026566699179424
manuscript_final_20260712T175251Z_c664ef152ff3,c664ef152ff3a9eef89c53a403b9c2e6f677340bea0307b02d97d07cc54bdfc3,hrdataset_v14,ordinal_multiclass_performance,independent external performance-target replication,department_including,department_including,xgboost,10,233,233,3,3,True,0.9987194343806494,0.00011078222963091916,0.9987194343806494,0.001169783389719663
manuscript_final_20260712T175251Z_c664ef152ff3,c664ef152ff3a9eef89c53a403b9c2e6f677340bea0307b02d97d07cc54bdfc3,hrdataset_v14,ordinal_multiclass_performance,independent external performance-target replication,department_including,department_including,xgboost,10,235,235,3,3,True,0.993831198988219,0.0008855475248001127,0.993831198988219,0.005283253486980858
manuscript_final_20260712T175251Z_c664ef152ff3,c664ef152ff3a9eef89c53a403b9c2e6f677340bea0307b02d97d07cc54bdfc3,hrdataset_v14,ordinal_multiclass_performance,independent external performance-target replication,department_including,department_including,xgboost,10,244,244,3,3,True,0.9695011604877505,0.0003509268147664139,0.9695011604877505,0.030147912697483147
manuscript_final_20260712T175251Z_c664ef152ff3,c664ef152ff3a9eef89c53a403b9c2e6f677340bea0307b02d97d07cc54bdfc3,hrdataset_v14,ordinal_multiclass_performance,independent external performance-target replication,department_including,department_including,xgboost,10,248,248,3,3,True,0.898542334737375,0.0013727729524205606,0.898542334737375,0.10008489231020447
manuscript_final_20260712T175251Z_c664ef152ff3,c664ef152ff3a9eef89c53a403b9c2e6f677340bea0307b02d97d07cc54bdfc3,hrdataset_v14,ordinal_multiclass_performance,independent external performance-target replication,department_including,department_including,xgboost,10,249,249,3,3,True,0.9907819577388236,0.0003699805219117397,0.9907819577388236,0.008848061739264668
manuscript_final_20260712T175251Z_c664ef152ff3,c664ef152ff3a9eef89c53a403b9c2e6f677340bea0307b02d97d07cc54bdfc3,hrdataset_v14,ordinal_multiclass_performance,independent external performance-target replication,department_including,department_including,xgboost,10,256,256,3,3,True,0.9574375699858468,0.0005522097078076293,0.9574375699858468,0.04201022030634551
manuscript_final_20260712T175251Z_c664ef152ff3,c664ef152ff3a9eef89c53a403b9c2e6f677340bea0307b02d97d07cc54bdfc3,hrdataset_v14,ordinal_multiclass_performance,independent external performance-target replication,department_including,department_including,xgboost,10,263,263,2,2,True,0.9877986619811379,0.9877986619811379,0.011928308195644584,0.00027302982321751016
manuscript_final_20260712T175251Z_c664ef152ff3,c664ef152ff3a9eef89c53a403b9c2e6f677340bea0307b02d97d07cc54bdfc3,hrdataset_v14,ordinal_multiclass_performance,independent external performance-target replication,department_including,department_including,xgboost,10,275,275,3,3,True,0.9981352568991317,0.0007796846121596426,0.9981352568991317,0.0010850584887086377
manuscript_final_20260712T175251Z_c664ef152ff3,c664ef152ff3a9eef89c53a403b9c2e6f677340bea0307b02d97d07cc54bdfc3,hrdataset_v14,ordinal_multiclass_performance,independent external performance-target replication,department_including,department_including,xgboost,10,297,297,2,2,True,0.9879350454636994,0.9879350454636994,0.011687644511738345,0.0003773100245622383
manuscript_final_20260712T175251Z_c664ef152ff3,c664ef152ff3a9eef89c53a403b9c2e6f677340bea0307b02d97d07cc54bdfc3,hrdataset_v14,ordinal_multiclass_performance,independent external performance-target replication,department_free,department_free,xgboost,1,7,7,3,3,True,0.9442918523786643,0.0012433255617966747,0.9442918523786643,0.054464822059539016
manuscript_final_20260712T175251Z_c664ef152ff3,c664ef152ff3a9eef89c53a403b9c2e6f677340bea0307b02d97d07cc54bdfc3,hrdataset_v14,ordinal_multiclass_performance,independent external performance-target replication,department_free,department_free,xgboost,1,26,26,3,3,True,0.9742358560548846,0.0015773477876714482,0.9742358560548846,0.024186796157443898
manuscript_final_20260712T175251Z_c664ef152ff3,c664ef152ff3a9eef89c53a403b9c2e6f677340bea0307b02d97d07cc54bdfc3,hrdataset_v14,ordinal_multiclass_performance,independent external performance-target replication,department_free,department_free,xgboost,1,43,43,3,3,True,0.9905370461051864,0.004118459511717476,0.9905370461051864,0.005344494383096109
manuscript_final_20260712T175251Z_c664ef152ff3,c664ef152ff3a9eef89c53a403b9c2e6f677340bea0307b02d97d07cc54bdfc3,hrdataset_v14,ordinal_multiclass_performance,independent external performance-target replication,department_free,department_free,xgboost,1,58,58,3,3,True,0.5803564805828479,0.0016968217733678186,0.5803564805828479,0.4179466976437843
manuscript_final_20260712T175251Z_c664ef152ff3,c664ef152ff3a9eef89c53a403b9c2e6f677340bea0307b02d97d07cc54bdfc3,hrdataset_v14,ordinal_multiclass_performance,independent external performance-target replication,department_free,department_free,xgboost,1,66,66,3,3,True,0.9172772666917289,0.007769751744948193,0.9172772666917289,0.0749529815633229
manuscript_final_20260712T175251Z_c664ef152ff3,c664ef152ff3a9eef89c53a403b9c2e6f677340bea0307b02d97d07cc54bdfc3,hrdataset_v14,ordinal_multiclass_performance,independent external performance-target replication,department_free,department_free,xgboost,1,74,74,3,3,True,0.9832750384049972,0.006699641522191008,0.9832750384049972,0.010025320072811771
manuscript_final_20260712T175251Z_c664ef152ff3,c664ef152ff3a9eef89c53a403b9c2e6f677340bea0307b02d97d07cc54bdfc3,hrdataset_v14,ordinal_multiclass_performance,independent external performance-target replication,department_free,department_free,xgboost,1,81,81,3,3,True,0.959661670119637,0.0005860548163250438,0.959661670119637,0.039752275064037945
manuscript_final_20260712T175251Z_c664ef152ff3,c664ef152ff3a9eef89c53a403b9c2e6f677340bea0307b02d97d07cc54bdfc3,hrdataset_v14,ordinal_multiclass_performance,independent external performance-target replication,department_free,department_free,xgboost,1,82,82,3,3,True,0.8867442177002173,0.0020998232457753877,0.8867442177002173,0.11115595905400737
manuscript_final_20260712T175251Z_c664ef152ff3,c664ef152ff3a9eef89c53a403b9c2e6f677340bea0307b02d97d07cc54bdfc3,hrdataset_v14,ordinal_multiclass_performance,independent external performance-target replication,department_free,department_free,xgboost,1,89,89,3,3,True,0.9917969749858462,0.0037616463553237093,0.9917969749858462,0.004441378658830089
manuscript_final_20260712T175251Z_c664ef152ff3,c664ef152ff3a9eef89c53a403b9c2e6f677340bea0307b02d97d07cc54bdfc3,hrdataset_v14,ordinal_multiclass_performance,independent external performance-target replication,department_free,department_free,xgboost,1,103,103,3,3,True,0.8925241690812178,0.002181053593766518,0.8925241690812178,0.10529477732501567
manuscript_final_20260712T175251Z_c664ef152ff3,c664ef152ff3a9eef89c53a403b9c2e6f677340bea0307b02d97d07cc54bdfc3,hrdataset_v14,ordinal_multiclass_performance,independent external performance-target replication,department_free,department_free,xgboost,1,137,137,2,2,True,0.9871338960600413,0.9871338960600413,0.01190601167033165,0.0009600922696269843
manuscript_final_20260712T175251Z_c664ef152ff3,c664ef152ff3a9eef89c53a403b9c2e6f677340bea0307b02d97d07cc54bdfc3,hrdataset_v14,ordinal_multiclass_performance,independent external performance-target replication,department_free,department_free,xgboost,1,140,140,3,3,True,0.9563269612521713,0.0011514066268806034,0.9563269612521713,0.04252163212094804
manuscript_final_20260712T175251Z_c664ef152ff3,c664ef152ff3a9eef89c53a403b9c2e6f677340bea0307b02d97d07cc54bdfc3,hrdataset_v14,ordinal_multiclass_performance,independent external performance-target replication,department_free,department_free,xgboost,1,145,145,4,3,False,0.689644353560325,0.0022343451237786184,0.689644353560325,0.3081213013158964
manuscript_final_20260712T175251Z_c664ef152ff3,c664ef152ff3a9eef89c53a403b9c2e6f677340bea0307b02d97d07cc54bdfc3,hrdataset_v14,ordinal_multiclass_performance,independent external performance-target replication,department_free,department_free,xgboost,1,173,173,3,3,True,0.9957442670441419,0.000404740500606636,0.9957442670441419,0.003850992455251499
manuscript_final_20260712T175251Z_c664ef152ff3,c664ef152ff3a9eef89c53a403b9c2e6f677340bea0307b02d97d07cc54bdfc3,hrdataset_v14,ordinal_multiclass_performance,independent external performance-target replication,department_free,department_free,xgboost,1,174,174,4,3,False,0.7329672055746252,0.0019417002534904777,0.7329672055746252,0.2650910941718843
manuscript_final_20260712T175251Z_c664ef152ff3,c664ef152ff3a9eef89c53a403b9c2e6f677340bea0307b02d97d07cc54bdfc3,hrdataset_v14,ordinal_multiclass_performance,independent external performance-target replication,department_free,department_free,xgboost,1,188,188,2,2,True,0.9826886358462111,0.9826886358462111,0.016955906015487535,0.00035545813830137904
manuscript_final_20260712T175251Z_c664ef152ff3,c664ef152ff3a9eef89c53a403b9c2e6f677340bea0307b02d97d07cc54bdfc3,hrdataset_v14,ordinal_multiclass_performance,independent external performance-target replication,department_free,department_free,xgboost,1,194,194,3,3,True,0.9570843326691567,0.0014838539839411218,0.9570843326691567,0.041431813346902144
manuscript_final_20260712T175251Z_c664ef152ff3,c664ef152ff3a9eef89c53a403b9c2e6f677340bea0307b02d97d07cc54bdfc3,hrdataset_v14,ordinal_multiclass_performance,independent external performance-target replication,department_free,department_free,xgboost,1,208,208,4,3,False,0.9854867170381865,0.0007123335754969474,0.9854867170381865,0.01380094938631655
manuscript_final_20260712T175251Z_c664ef152ff3,c664ef152ff3a9eef89c53a403b9c2e6f677340bea0307b02d97d07cc54bdfc3,hrdataset_v14,ordinal_multiclass_performance,independent external performance-target replication,department_free,department_free,xgboost,1,210,210,3,3,True,0.9968521703352308,0.0003325173294008235,0.9968521703352308,0.002815312335368361
manuscript_final_20260712T175251Z_c664ef152ff3,c664ef152ff3a9eef89c53a403b9c2e6f677340bea0307b02d97d07cc54bdfc3,hrdataset_v14,ordinal_multiclass_performance,independent external performance-target replication,department_free,department_free,xgboost,1,215,215,2,2,True,0.9908596025225562,0.9908596025225562,0.008693093735807948,0.0004473037416357944
manuscript_final_20260712T175251Z_c664ef152ff3,c664ef152ff3a9eef89c53a403b9c2e6f677340bea0307b02d97d07cc54bdfc3,hrdataset_v14,ordinal_multiclass_performance,independent external performance-target replication,department_free,department_free,xgboost,1,219,219,3,3,True,0.8839187425528094,0.0012743173582252796,0.8839187425528094,0.11480694008896529
manuscript_final_20260712T175251Z_c664ef152ff3,c664ef152ff3a9eef89c53a403b9c2e6f677340bea0307b02d97d07cc54bdfc3,hrdataset_v14,ordinal_multiclass_performance,independent external performance-target replication,department_free,department_free,xgboost,1,220,220,4,3,False,0.9381811887482847,0.0007249016988004811,0.9381811887482847,0.06109390955291476
manuscript_final_20260712T175251Z_c664ef152ff3,c664ef152ff3a9eef89c53a403b9c2e6f677340bea0307b02d97d07cc54bdfc3,hrdataset_v14,ordinal_multiclass_performance,independent external performance-target replication,department_free,department_free,xgboost,1,247,247,3,3,True,0.8789663743052533,0.0010470789657299232,0.8789663743052533,0.11998654672901686
manuscript_final_20260712T175251Z_c664ef152ff3,c664ef152ff3a9eef89c53a403b9c2e6f677340bea0307b02d97d07cc54bdfc3,hrdataset_v14,ordinal_multiclass_performance,independent external performance-target replication,department_free,department_free,xgboost,1,253,253,3,3,True,0.9696029034678588,0.0008084170078732916,0.9696029034678588,0.029588679524267934
manuscript_final_20260712T175251Z_c664ef152ff3,c664ef152ff3a9eef89c53a403b9c2e6f677340bea0307b02d97d07cc54bdfc3,hrdataset_v14,ordinal_multiclass_performance,independent external performance-target replication,department_free,department_free,xgboost,1,267,267,2,2,True,0.9939183095679637,0.9939183095679637,0.005509887876815094,0.0005718025552212631
manuscript_final_20260712T175251Z_c664ef152ff3,c664ef152ff3a9eef89c53a403b9c2e6f677340bea0307b02d97d07cc54bdfc3,hrdataset_v14,ordinal_multiclass_performance,independent external performance-target replication,department_free,department_free,xgboost,1,269,269,3,3,True,0.9403953784336126,0.0016792728980078659,0.9403953784336126,0.057925348668379464
manuscript_final_20260712T175251Z_c664ef152ff3,c664ef152ff3a9eef89c53a403b9c2e6f677340bea0307b02d97d07cc54bdfc3,hrdataset_v14,ordinal_multiclass_performance,independent external performance-target replication,department_free,department_free,xgboost,1,273,273,3,3,True,0.9764403728109982,0.018498268030113358,0.9764403728109982,0.005061359158888531
manuscript_final_20260712T175251Z_c664ef152ff3,c664ef152ff3a9eef89c53a403b9c2e6f677340bea0307b02d97d07cc54bdfc3,hrdataset_v14,ordinal_multiclass_performance,independent external performance-target replication,department_free,department_free,xgboost,1,285,285,3,3,True,0.8358660557305126,0.0015250781248431213,0.8358660557305126,0.16260886614464423
manuscript_final_20260712T175251Z_c664ef152ff3,c664ef152ff3a9eef89c53a403b9c2e6f677340bea0307b02d97d07cc54bdfc3,hrdataset_v14,ordinal_multiclass_performance,independent external performance-target replication,department_free,department_free,xgboost,1,298,298,3,3,True,0.9969878662770334,0.001081424052696734,0.9969878662770334,0.001930709670269922
manuscript_final_20260712T175251Z_c664ef152ff3,c664ef152ff3a9eef89c53a403b9c2e6f677340bea0307b02d97d07cc54bdfc3,hrdataset_v14,ordinal_multiclass_performance,independent external performance-target replication,department_free,department_free,xgboost,1,299,299,3,3,True,0.9807988215144737,0.00061277301028671,0.9807988215144737,0.0185884054752396
manuscript_final_20260712T175251Z_c664ef152ff3,c664ef152ff3a9eef89c53a403b9c2e6f677340bea0307b02d97d07cc54bdfc3,hrdataset_v14,ordinal_multiclass_performance,independent external performance-target replication,department_free,department_free,xgboost,1,303,303,3,3,True,0.6365708668004492,0.0016034607440011644,0.6365708668004492,0.3618256724555497
manuscript_final_20260712T175251Z_c664ef152ff3,c664ef152ff3a9eef89c53a403b9c2e6f677340bea0307b02d97d07cc54bdfc3,hrdataset_v14,ordinal_multiclass_performance,independent external performance-target replication,department_free,department_free,xgboost,1,309,309,3,3,True,0.8574019301671054,0.0006409568319989428,0.8574019301671054,0.14195711300089567
manuscript_final_20260712T175251Z_c664ef152ff3,c664ef152ff3a9eef89c53a403b9c2e6f677340bea0307b02d97d07cc54bdfc3,hrdataset_v14,ordinal_multiclass_performance,independent external performance-target replication,department_free,department_free,xgboost,2,1,1,3,3,True,0.9853532781011213,0.0003411388853025379,0.9853532781011213,0.014305583013576166
manuscript_final_20260712T175251Z_c664ef152ff3,c664ef152ff3a9eef89c53a403b9c2e6f677340bea0307b02d97d07cc54bdfc3,hrdataset_v14,ordinal_multiclass_performance,independent external performance-target replication,department_free,department_free,xgboost,2,12,12,4,3,False,0.9922169674498428,0.00034121040571695775,0.9922169674498428,0.007441822144440255
manuscript_final_20260712T175251Z_c664ef152ff3,c664ef152ff3a9eef89c53a403b9c2e6f677340bea0307b02d97d07cc54bdfc3,hrdataset_v14,ordinal_multiclass_performance,independent external performance-target replication,department_free,department_free,xgboost,2,18,18,3,3,True,0.9961640873078041,0.00017454184193162723,0.9961640873078041,0.003661370850264239
manuscript_final_20260712T175251Z_c664ef152ff3,c664ef152ff3a9eef89c53a403b9c2e6f677340bea0307b02d97d07cc54bdfc3,hrdataset_v14,ordinal_multiclass_performance,independent external performance-target replication,department_free,department_free,xgboost,2,23,23,2,2,True,0.9407572531354991,0.9407572531354991,0.05776408176192786,0.0014786651025730482
manuscript_final_20260712T175251Z_c664ef152ff3,c664ef152ff3a9eef89c53a403b9c2e6f677340bea0307b02d97d07cc54bdfc3,hrdataset_v14,ordinal_multiclass_performance,independent external performance-target replication,department_free,department_free,xgboost,2,30,30,3,3,True,0.9973587853547743,0.0007331730204560463,0.9973587853547743,0.0019080416247696248
manuscript_final_20260712T175251Z_c664ef152ff3,c664ef152ff3a9eef89c53a403b9c2e6f677340bea0307b02d97d07cc54bdfc3,hrdataset_v14,ordinal_multiclass_performance,independent external performance-target replication,department_free,department_free,xgboost,2,37,37,3,3,True,0.7695378410911196,0.002290442456038528,0.7695378410911196,0.22817171645284196
manuscript_final_20260712T175251Z_c664ef152ff3,c664ef152ff3a9eef89c53a403b9c2e6f677340bea0307b02d97d07cc54bdfc3,hrdataset_v14,ordinal_multiclass_performance,independent external performance-target replication,department_free,department_free,xgboost,2,42,42,3,3,True,0.9701563821816969,0.0006971808263826558,0.9701563821816969,0.029146436991920502
manuscript_final_20260712T175251Z_c664ef152ff3,c664ef152ff3a9eef89c53a403b9c2e6f677340bea0307b02d97d07cc54bdfc3,hrdataset_v14,ordinal_multiclass_performance,independent external performance-target replication,department_free,department_free,xgboost,2,44,44,3,3,True,0.6621795074656026,0.03770110257227002,0.6621795074656026,0.3001193899621274
manuscript_final_20260712T175251Z_c664ef152ff3,c664ef152ff3a9eef89c53a403b9c2e6f677340bea0307b02d97d07cc54bdfc3,hrdataset_v14,ordinal_multiclass_performance,independent external performance-target replication,department_free,department_free,xgboost,2,51,51,4,3,False,0.992240580823748,0.0010444313864659148,0.992240580823748,0.006714987789786135
manuscript_final_20260712T175251Z_c664ef152ff3,c664ef152ff3a9eef89c53a403b9c2e6f677340bea0307b02d97d07cc54bdfc3,hrdataset_v14,ordinal_multiclass_performance,independent external performance-target replication,department_free,department_free,xgboost,2,63,63,3,3,True,0.8952170427005971,0.017695819596473098,0.8952170427005971,0.08708713770292976
manuscript_final_20260712T175251Z_c664ef152ff3,c664ef152ff3a9eef89c53a403b9c2e6f677340bea0307b02d97d07cc54bdfc3,hrdataset_v14,ordinal_multiclass_performance,independent external performance-target replication,department_free,department_free,xgboost,2,84,84,2,2,True,0.677284836769104,0.677284836769104,0.29110023379325867,0.03161492943763733
manuscript_final_20260712T175251Z_c664ef152ff3,c664ef152ff3a9eef89c53a403b9c2e6f677340bea0307b02d97d07cc54bdfc3,hrdataset_v14,ordinal_multiclass_performance,independent external performance-target replication,department_free,department_free,xgboost,2,88,88,3,3,True,0.9747981218591971,0.0007165401902843494,0.9747981218591971,0.024485337950518566
manuscript_final_20260712T175251Z_c664ef152ff3,c664ef152ff3a9eef89c53a403b9c2e6f677340bea0307b02d97d07cc54bdfc3,hrdataset_v14,ordinal_multiclass_performance,independent external performance-target replication,department_free,department_free,xgboost,2,91,91,2,2,True,0.9788635571396745,0.9788635571396745,0.020904427817716547,0.00023201504260890856
manuscript_final_20260712T175251Z_c664ef152ff3,c664ef152ff3a9eef89c53a403b9c2e6f677340bea0307b02d97d07cc54bdfc3,hrdataset_v14,ordinal_multiclass_performance,independent external performance-target replication,department_free,department_free,xgboost,2,117,117,3,3,True,0.9308255626910554,0.002779144886926949,0.9308255626910554,0.06639529242201757
manuscript_final_20260712T175251Z_c664ef152ff3,c664ef152ff3a9eef89c53a403b9c2e6f677340bea0307b02d97d07cc54bdfc3,hrdataset_v14,ordinal_multiclass_performance,independent external performance-target replication,department_free,department_free,xgboost,2,124,124,3,3,True,0.9800488143503373,0.0007549465233374936,0.9800488143503373,0.019196239126325242
manuscript_final_20260712T175251Z_c664ef152ff3,c664ef152ff3a9eef89c53a403b9c2e6f677340bea0307b02d97d07cc54bdfc3,hrdataset_v14,ordinal_multiclass_performance,independent external performance-target replication,department_free,department_free,xgboost,2,158,158,3,3,True,0.9844143884585473,0.00036156656637731827,0.9844143884585473,0.015224044975075334
manuscript_final_20260712T175251Z_c664ef152ff3,c664ef152ff3a9eef89c53a403b9c2e6f677340bea0307b02d97d07cc54bdfc3,hrdataset_v14,ordinal_multiclass_performance,independent external performance-target replication,department_free,department_free,xgboost,2,170,170,4,3,False,0.9460406187541911,0.0015456020685241675,0.9460406187541911,0.052413779177284764
manuscript_final_20260712T175251Z_c664ef152ff3,c664ef152ff3a9eef89c53a403b9c2e6f677340bea0307b02d97d07cc54bdfc3,hrdataset_v14,ordinal_multiclass_performance,independent external performance-target replication,department_free,department_free,xgboost,2,175,175,3,3,True,0.9964883457411424,0.0015987800642688953,0.9964883457411424,0.0019128741945887344
manuscript_final_20260712T175251Z_c664ef152ff3,c664ef152ff3a9eef89c53a403b9c2e6f677340bea0307b02d97d07cc54bdfc3,hrdataset_v14,ordinal_multiclass_performance,independent external performance-target replication,department_free,department_free,xgboost,2,176,176,3,3,True,0.7933734192652531,0.0011482374305758912,0.7933734192652531,0.205478343304171
manuscript_final_20260712T175251Z_c664ef152ff3,c664ef152ff3a9eef89c53a403b9c2e6f677340bea0307b02d97d07cc54bdfc3,hrdataset_v14,ordinal_multiclass_performance,independent external performance-target replication,department_free,department_free,xgboost,2,183,183,3,3,True,0.8891037222439908,0.005399713363122183,0.8891037222439908,0.10549656439288696
manuscript_final_20260712T175251Z_c664ef152ff3,c664ef152ff3a9eef89c53a403b9c2e6f677340bea0307b02d97d07cc54bdfc3,hrdataset_v14,ordinal_multiclass_performance,independent external performance-target replication,department_free,department_free,xgboost,2,187,187,3,3,True,0.6676125750262781,0.004171874514024222,0.6676125750262781,0.3282155504596977
manuscript_final_20260712T175251Z_c664ef152ff3,c664ef152ff3a9eef89c53a403b9c2e6f677340bea0307b02d97d07cc54bdfc3,hrdataset_v14,ordinal_multiclass_performance,independent external performance-target replication,department_free,department_free,xgboost,2,200,200,3,3,True,0.9941425264442959,0.0002959207791494254,0.9941425264442959,0.0055615527765546565
manuscript_final_20260712T175251Z_c664ef152ff3,c664ef152ff3a9eef89c53a403b9c2e6f677340bea0307b02d97d07cc54bdfc3,hrdataset_v14,ordinal_multiclass_performance,independent external performance-target replication,department_free,department_free,xgboost,2,216,216,3,3,True,0.9885385881089995,0.006511065341344815,0.9885385881089995,0.0049503465496556435
manuscript_final_20260712T175251Z_c664ef152ff3,c664ef152ff3a9eef89c53a403b9c2e6f677340bea0307b02d97d07cc54bdfc3,hrdataset_v14,ordinal_multiclass_performance,independent external performance-target replication,department_free,department_free,xgboost,2,222,222,3,3,True,0.7221657880091844,0.05289796111109296,0.7221657880091844,0.2249362508797226
manuscript_final_20260712T175251Z_c664ef152ff3,c664ef152ff3a9eef89c53a403b9c2e6f677340bea0307b02d97d07cc54bdfc3,hrdataset_v14,ordinal_multiclass_performance,independent external performance-target replication,department_free,department_free,xgboost,2,239,239,3,3,True,0.9919086874652,0.00247574756663553,0.9919086874652,0.005615564968164505
manuscript_final_20260712T175251Z_c664ef152ff3,c664ef152ff3a9eef89c53a403b9c2e6f677340bea0307b02d97d07cc54bdfc3,hrdataset_v14,ordinal_multiclass_performance,independent external performance-target replication,department_free,department_free,xgboost,2,242,242,3,3,True,0.991770151279171,0.0005804647243456081,0.991770151279171,0.007649383996483402
manuscript_final_20260712T175251Z_c664ef152ff3,c664ef152ff3a9eef89c53a403b9c2e6f677340bea0307b02d97d07cc54bdfc3,hrdataset_v14,ordinal_multiclass_performance,independent external performance-target replication,department_free,department_free,xgboost,2,251,251,3,3,True,0.9832839114845969,0.00046256628560888965,0.9832839114845969,0.016253522229794138
manuscript_final_20260712T175251Z_c664ef152ff3,c664ef152ff3a9eef89c53a403b9c2e6f677340bea0307b02d97d07cc54bdfc3,hrdataset_v14,ordinal_multiclass_performance,independent external performance-target replication,department_free,department_free,xgboost,2,254,254,3,3,True,0.9943108771640343,0.0012050401677525825,0.9943108771640343,0.004484082668213082
manuscript_final_20260712T175251Z_c664ef152ff3,c664ef152ff3a9eef89c53a403b9c2e6f677340bea0307b02d97d07cc54bdfc3,hrdataset_v14,ordinal_multiclass_performance,independent external performance-target replication,department_free,department_free,xgboost,2,262,262,3,3,True,0.9968006608549504,0.0008921732658305734,0.9968006608549504,0.0023071658792190334
manuscript_final_20260712T175251Z_c664ef152ff3,c664ef152ff3a9eef89c53a403b9c2e6f677340bea0307b02d97d07cc54bdfc3,hrdataset_v14,ordinal_multiclass_performance,independent external performance-target replication,department_free,department_free,xgboost,2,281,281,3,3,True,0.847198517099714,0.006001048939340663,0.847198517099714,0.14680043396094528
manuscript_final_20260712T175251Z_c664ef152ff3,c664ef152ff3a9eef89c53a403b9c2e6f677340bea0307b02d97d07cc54bdfc3,hrdataset_v14,ordinal_multiclass_performance,independent external performance-target replication,department_free,department_free,xgboost,2,293,293,4,3,False,0.99320856999938,0.0004963693705258366,0.99320856999938,0.0062950606300942015
manuscript_final_20260712T175251Z_c664ef152ff3,c664ef152ff3a9eef89c53a403b9c2e6f677340bea0307b02d97d07cc54bdfc3,hrdataset_v14,ordinal_multiclass_performance,independent external performance-target replication,department_free,department_free,xgboost,3,4,4,3,3,True,0.9963469006405273,0.00035245929373410367,0.9963469006405273,0.0033006400657385362
manuscript_final_20260712T175251Z_c664ef152ff3,c664ef152ff3a9eef89c53a403b9c2e6f677340bea0307b02d97d07cc54bdfc3,hrdataset_v14,ordinal_multiclass_performance,independent external performance-target replication,department_free,department_free,xgboost,3,20,20,3,3,True,0.9744465439588332,0.0010563640485513484,0.9744465439588332,0.024497091992615395
manuscript_final_20260712T175251Z_c664ef152ff3,c664ef152ff3a9eef89c53a403b9c2e6f677340bea0307b02d97d07cc54bdfc3,hrdataset_v14,ordinal_multiclass_performance,independent external performance-target replication,department_free,department_free,xgboost,3,32,32,3,3,True,0.9983450540433046,0.0011041764342011391,0.9983450540433046,0.0005507695224942174
manuscript_final_20260712T175251Z_c664ef152ff3,c664ef152ff3a9eef89c53a403b9c2e6f677340bea0307b02d97d07cc54bdfc3,hrdataset_v14,ordinal_multiclass_performance,independent external performance-target replication,department_free,department_free,xgboost,3,39,39,3,3,True,0.8760994517841624,0.00074803268345121,0.8760994517841624,0.12315251553238638
manuscript_final_20260712T175251Z_c664ef152ff3,c664ef152ff3a9eef89c53a403b9c2e6f677340bea0307b02d97d07cc54bdfc3,hrdataset_v14,ordinal_multiclass_performance,independent external performance-target replication,department_free,department_free,xgboost,3,56,56,3,3,True,0.922123498634424,0.0024887100047522037,0.922123498634424,0.07538779136082374
manuscript_final_20260712T175251Z_c664ef152ff3,c664ef152ff3a9eef89c53a403b9c2e6f677340bea0307b02d97d07cc54bdfc3,hrdataset_v14,ordinal_multiclass_performance,independent external performance-target replication,department_free,department_free,xgboost,3,62,62,3,3,True,0.7066281263477678,0.006409669602423678,0.7066281263477678,0.28696220404980854
manuscript_final_20260712T175251Z_c664ef152ff3,c664ef152ff3a9eef89c53a403b9c2e6f677340bea0307b02d97d07cc54bdfc3,hrdataset_v14,ordinal_multiclass_performance,independent external performance-target replication,department_free,department_free,xgboost,3,67,67,2,2,True,0.9939192393487054,0.9939192393487054,0.004966563475207172,0.0011141971760874312
manuscript_final_20260712T175251Z_c664ef152ff3,c664ef152ff3a9eef89c53a403b9c2e6f677340bea0307b02d97d07cc54bdfc3,hrdataset_v14,ordinal_multiclass_performance,independent external performance-target replication,department_free,department_free,xgboost,3,86,86,2,2,True,0.9844023037404865,0.9844023037404865,0.014184087584229614,0.0014136086752837948
manuscript_final_20260712T175251Z_c664ef152ff3,c664ef152ff3a9eef89c53a403b9c2e6f677340bea0307b02d97d07cc54bdfc3,hrdataset_v14,ordinal_multiclass_performance,independent external performance-target replication,department_free,department_free,xgboost,3,93,93,3,3,True,0.9498674756168799,0.0006928047866571333,0.9498674756168799,0.049439719596462976
manuscript_final_20260712T175251Z_c664ef152ff3,c664ef152ff3a9eef89c53a403b9c2e6f677340bea0307b02d97d07cc54bdfc3,hrdataset_v14,ordinal_multiclass_performance,independent external performance-target replication,department_free,department_free,xgboost,3,94,94,3,3,True,0.9966846111917466,0.0019108568092031136,0.9966846111917466,0.0014045319990503597
manuscript_final_20260712T175251Z_c664ef152ff3,c664ef152ff3a9eef89c53a403b9c2e6f677340bea0307b02d97d07cc54bdfc3,hrdataset_v14,ordinal_multiclass_performance,independent external performance-target replication,department_free,department_free,xgboost,3,96,96,4,3,False,0.6786529344380847,0.0027186984351798373,0.6786529344380847,0.31862836712673537
manuscript_final_20260712T175251Z_c664ef152ff3,c664ef152ff3a9eef89c53a403b9c2e6f677340bea0307b02d97d07cc54bdfc3,hrdataset_v14,ordinal_multiclass_performance,independent external performance-target replication,department_free,department_free,xgboost,3,114,114,3,3,True,0.9723849196387379,0.0004990222463193967,0.9723849196387379,0.027116058114942727
manuscript_final_20260712T175251Z_c664ef152ff3,c664ef152ff3a9eef89c53a403b9c2e6f677340bea0307b02d97d07cc54bdfc3,hrdataset_v14,ordinal_multiclass_performance,independent external performance-target replication,department_free,department_free,xgboost,3,120,120,3,3,True,0.9446620783350653,0.0005769673056440883,0.9446620783350653,0.05476095435929054
manuscript_final_20260712T175251Z_c664ef152ff3,c664ef152ff3a9eef89c53a403b9c2e6f677340bea0307b02d97d07cc54bdfc3,hrdataset_v14,ordinal_multiclass_performance,independent external performance-target replication,department_free,department_free,xgboost,3,126,126,3,3,True,0.8882034363062828,0.0025128563702199657,0.8882034363062828,0.10928370732349721
manuscript_final_20260712T175251Z_c664ef152ff3,c664ef152ff3a9eef89c53a403b9c2e6f677340bea0307b02d97d07cc54bdfc3,hrdataset_v14,ordinal_multiclass_performance,independent external performance-target replication,department_free,department_free,xgboost,3,130,130,3,3,True,0.9500956357382413,0.0017056919919270525,0.9500956357382413,0.048198672269831655
manuscript_final_20260712T175251Z_c664ef152ff3,c664ef152ff3a9eef89c53a403b9c2e6f677340bea0307b02d97d07cc54bdfc3,hrdataset_v14,ordinal_multiclass_performance,independent external performance-target replication,department_free,department_free,xgboost,3,138,138,3,3,True,0.9361712865016167,0.0014331561875464763,0.9361712865016167,0.06239555731083679
manuscript_final_20260712T175251Z_c664ef152ff3,c664ef152ff3a9eef89c53a403b9c2e6f677340bea0307b02d97d07cc54bdfc3,hrdataset_v14,ordinal_multiclass_performance,independent external performance-target replication,department_free,department_free,xgboost,3,141,141,4,3,False,0.9398696591076356,0.0012292831890878281,0.9398696591076356,0.0589010577032765
manuscript_final_20260712T175251Z_c664ef152ff3,c664ef152ff3a9eef89c53a403b9c2e6f677340bea0307b02d97d07cc54bdfc3,hrdataset_v14,ordinal_multiclass_performance,independent external performance-target replication,department_free,department_free,xgboost,3,166,166,3,3,True,0.7344301949270492,0.0026579187288758143,0.7344301949270492,0.26291188634407503
manuscript_final_20260712T175251Z_c664ef152ff3,c664ef152ff3a9eef89c53a403b9c2e6f677340bea0307b02d97d07cc54bdfc3,hrdataset_v14,ordinal_multiclass_performance,independent external performance-target replication,department_free,department_free,xgboost,3,172,172,4,3,False,0.9808537143061922,0.0009174970678749711,0.9808537143061922,0.018228788625932888
manuscript_final_20260712T175251Z_c664ef152ff3,c664ef152ff3a9eef89c53a403b9c2e6f677340bea0307b02d97d07cc54bdfc3,hrdataset_v14,ordinal_multiclass_performance,independent external performance-target replication,department_free,department_free,xgboost,3,179,179,3,3,True,0.9796022654940586,0.0022771992458115882,0.9796022654940586,0.018120535260129828
manuscript_final_20260712T175251Z_c664ef152ff3,c664ef152ff3a9eef89c53a403b9c2e6f677340bea0307b02d97d07cc54bdfc3,hrdataset_v14,ordinal_multiclass_performance,independent external performance-target replication,department_free,department_free,xgboost,3,190,190,2,2,True,0.9937647756948422,0.9937647756948422,0.004533200139301645,0.0017020241658561482
manuscript_final_20260712T175251Z_c664ef152ff3,c664ef152ff3a9eef89c53a403b9c2e6f677340bea0307b02d97d07cc54bdfc3,hrdataset_v14,ordinal_multiclass_performance,independent external performance-target replication,department_free,department_free,xgboost,3,202,202,3,3,True,0.9927243060474175,0.0007994694324959145,0.9927243060474175,0.0064762245200866665
manuscript_final_20260712T175251Z_c664ef152ff3,c664ef152ff3a9eef89c53a403b9c2e6f677340bea0307b02d97d07cc54bdfc3,hrdataset_v14,ordinal_multiclass_performance,independent external performance-target replication,department_free,department_free,xgboost,3,211,211,3,3,True,0.994109707205513,0.004199705372390852,0.994109707205513,0.0016905874220961505
manuscript_final_20260712T175251Z_c664ef152ff3,c664ef152ff3a9eef89c53a403b9c2e6f677340bea0307b02d97d07cc54bdfc3,hrdataset_v14,ordinal_multiclass_performance,independent external performance-target replication,department_free,department_free,xgboost,3,228,228,3,3,True,0.9815256716446416,0.0004164025064132368,0.9815256716446416,0.018057925848945236
manuscript_final_20260712T175251Z_c664ef152ff3,c664ef152ff3a9eef89c53a403b9c2e6f677340bea0307b02d97d07cc54bdfc3,hrdataset_v14,ordinal_multiclass_performance,independent external performance-target replication,department_free,department_free,xgboost,3,234,234,3,3,True,0.9560900203657496,0.0008154308780842554,0.9560900203657496,0.043094548756166064
manuscript_final_20260712T175251Z_c664ef152ff3,c664ef152ff3a9eef89c53a403b9c2e6f677340bea0307b02d97d07cc54bdfc3,hrdataset_v14,ordinal_multiclass_performance,independent external performance-target replication,department_free,department_free,xgboost,3,238,238,3,3,True,0.8494228900637205,0.0027567085928424453,0.8494228900637205,0.14782040134343705
manuscript_final_20260712T175251Z_c664ef152ff3,c664ef152ff3a9eef89c53a403b9c2e6f677340bea0307b02d97d07cc54bdfc3,hrdataset_v14,ordinal_multiclass_performance,independent external performance-target replication,department_free,department_free,xgboost,3,265,265,4,3,False,0.9888889786127644,0.0006253732133335295,0.9888889786127644,0.010485648173902073
manuscript_final_20260712T175251Z_c664ef152ff3,c664ef152ff3a9eef89c53a403b9c2e6f677340bea0307b02d97d07cc54bdfc3,hrdataset_v14,ordinal_multiclass_performance,independent external performance-target replication,department_free,department_free,xgboost,3,271,271,3,3,True,0.8996114479486426,0.008183313305024618,0.8996114479486426,0.09220523874633278
manuscript_final_20260712T175251Z_c664ef152ff3,c664ef152ff3a9eef89c53a403b9c2e6f677340bea0307b02d97d07cc54bdfc3,hrdataset_v14,ordinal_multiclass_performance,independent external performance-target replication,department_free,department_free,xgboost,3,277,277,3,3,True,0.9854535155819255,0.0023937740605346172,0.9854535155819255,0.012152710357539872
manuscript_final_20260712T175251Z_c664ef152ff3,c664ef152ff3a9eef89c53a403b9c2e6f677340bea0307b02d97d07cc54bdfc3,hrdataset_v14,ordinal_multiclass_performance,independent external performance-target replication,department_free,department_free,xgboost,3,295,295,3,3,True,0.9828525634107884,0.011741203791758964,0.9828525634107884,0.005406232797452628
manuscript_final_20260712T175251Z_c664ef152ff3,c664ef152ff3a9eef89c53a403b9c2e6f677340bea0307b02d97d07cc54bdfc3,hrdataset_v14,ordinal_multiclass_performance,independent external performance-target replication,department_free,department_free,xgboost,3,300,300,3,4,False,0.566462827139598,0.0009874185995020995,0.4325497542609,0.566462827139598
manuscript_final_20260712T175251Z_c664ef152ff3,c664ef152ff3a9eef89c53a403b9c2e6f677340bea0307b02d97d07cc54bdfc3,hrdataset_v14,ordinal_multiclass_performance,independent external performance-target replication,department_free,department_free,xgboost,4,5,5,4,3,False,0.9842199753082146,0.0005884257885504017,0.9842199753082146,0.015191598903234994
manuscript_final_20260712T175251Z_c664ef152ff3,c664ef152ff3a9eef89c53a403b9c2e6f677340bea0307b02d97d07cc54bdfc3,hrdataset_v14,ordinal_multiclass_performance,independent external performance-target replication,department_free,department_free,xgboost,4,14,14,3,3,True,0.9931123052566628,0.0010796325940167822,0.9931123052566628,0.005808062149320388
manuscript_final_20260712T175251Z_c664ef152ff3,c664ef152ff3a9eef89c53a403b9c2e6f677340bea0307b02d97d07cc54bdfc3,hrdataset_v14,ordinal_multiclass_performance,independent external performance-target replication,department_free,department_free,xgboost,4,21,21,3,3,True,0.9308777206582461,0.0014481689395856505,0.9308777206582461,0.06767411040216821
manuscript_final_20260712T175251Z_c664ef152ff3,c664ef152ff3a9eef89c53a403b9c2e6f677340bea0307b02d97d07cc54bdfc3,hrdataset_v14,ordinal_multiclass_performance,independent external performance-target replication,department_free,department_free,xgboost,4,31,31,3,3,True,0.9956134491658343,0.0014109708042320172,0.9956134491658343,0.0029755800299337064
manuscript_final_20260712T175251Z_c664ef152ff3,c664ef152ff3a9eef89c53a403b9c2e6f677340bea0307b02d97d07cc54bdfc3,hrdataset_v14,ordinal_multiclass_performance,independent external performance-target replication,department_free,department_free,xgboost,4,33,33,3,3,True,0.9202684540470325,0.0013962700862629144,0.9202684540470325,0.07833527586670458
manuscript_final_20260712T175251Z_c664ef152ff3,c664ef152ff3a9eef89c53a403b9c2e6f677340bea0307b02d97d07cc54bdfc3,hrdataset_v14,ordinal_multiclass_performance,independent external performance-target replication,department_free,department_free,xgboost,4,47,47,3,3,True,0.9845052370657262,0.008814685054882136,0.9845052370657262,0.006680077879391683
manuscript_final_20260712T175251Z_c664ef152ff3,c664ef152ff3a9eef89c53a403b9c2e6f677340bea0307b02d97d07cc54bdfc3,hrdataset_v14,ordinal_multiclass_performance,independent external performance-target replication,department_free,department_free,xgboost,4,54,54,2,2,True,0.8618012763016069,0.8618012763016069,0.11645523588868122,0.021743487809711932
manuscript_final_20260712T175251Z_c664ef152ff3,c664ef152ff3a9eef89c53a403b9c2e6f677340bea0307b02d97d07cc54bdfc3,hrdataset_v14,ordinal_multiclass_performance,independent external performance-target replication,department_free,department_free,xgboost,4,60,60,3,3,True,0.9876182227631508,0.0008575449593625148,0.9876182227631508,0.011524232277486703
manuscript_final_20260712T175251Z_c664ef152ff3,c664ef152ff3a9eef89c53a403b9c2e6f677340bea0307b02d97d07cc54bdfc3,hrdataset_v14,ordinal_multiclass_performance,independent external performance-target replication,department_free,department_free,xgboost,4,61,61,3,3,True,0.9979247367108252,0.0010762097633686505,0.9979247367108252,0.0009990535258062423
manuscript_final_20260712T175251Z_c664ef152ff3,c664ef152ff3a9eef89c53a403b9c2e6f677340bea0307b02d97d07cc54bdfc3,hrdataset_v14,ordinal_multiclass_performance,independent external performance-target replication,department_free,department_free,xgboost,4,68,68,3,3,True,0.988281717797487,0.0006894079040497045,0.988281717797487,0.011028874298463373
manuscript_final_20260712T175251Z_c664ef152ff3,c664ef152ff3a9eef89c53a403b9c2e6f677340bea0307b02d97d07cc54bdfc3,hrdataset_v14,ordinal_multiclass_performance,independent external performance-target replication,department_free,department_free,xgboost,4,69,69,2,2,True,0.9932532530446048,0.9932532530446048,0.006314630381083869,0.0004321165743114059
manuscript_final_20260712T175251Z_c664ef152ff3,c664ef152ff3a9eef89c53a403b9c2e6f677340bea0307b02d97d07cc54bdfc3,hrdataset_v14,ordinal_multiclass_performance,independent external performance-target replication,department_free,department_free,xgboost,4,85,85,2,2,True,0.9947253232063988,0.9947253232063988,0.004955301707495171,0.0003193750861059411
manuscript_final_20260712T175251Z_c664ef152ff3,c664ef152ff3a9eef89c53a403b9c2e6f677340bea0307b02d97d07cc54bdfc3,hrdataset_v14,ordinal_multiclass_performance,independent external performance-target replication,department_free,department_free,xgboost,4,106,106,4,3,False,0.9934837891423758,0.004704344770130255,0.9934837891423758,0.0018118660874940139
manuscript_final_20260712T175251Z_c664ef152ff3,c664ef152ff3a9eef89c53a403b9c2e6f677340bea0307b02d97d07cc54bdfc3,hrdataset_v14,ordinal_multiclass_performance,independent external performance-target replication,department_free,department_free,xgboost,4,108,108,3,3,True,0.9932543321432835,0.00048024339713318245,0.9932543321432835,0.006265424459583273
manuscript_final_20260712T175251Z_c664ef152ff3,c664ef152ff3a9eef89c53a403b9c2e6f677340bea0307b02d97d07cc54bdfc3,hrdataset_v14,ordinal_multiclass_performance,independent external performance-target replication,department_free,department_free,xgboost,4,111,111,4,3,False,0.8540919792450765,0.0025326874366201537,0.8540919792450765,0.14337533331830335
manuscript_final_20260712T175251Z_c664ef152ff3,c664ef152ff3a9eef89c53a403b9c2e6f677340bea0307b02d97d07cc54bdfc3,hrdataset_v14,ordinal_multiclass_performance,independent external performance-target replication,department_free,department_free,xgboost,4,119,119,3,3,True,0.9156515684639775,0.0006831492128939235,0.9156515684639775,0.08366528232312853
manuscript_final_20260712T175251Z_c664ef152ff3,c664ef152ff3a9eef89c53a403b9c2e6f677340bea0307b02d97d07cc54bdfc3,hrdataset_v14,ordinal_multiclass_performance,independent external performance-target replication,department_free,department_free,xgboost,4,127,127,3,3,True,0.9657606749134281,0.0005081338867448236,0.9657606749134281,0.03373119119982712
manuscript_final_20260712T175251Z_c664ef152ff3,c664ef152ff3a9eef89c53a403b9c2e6f677340bea0307b02d97d07cc54bdfc3,hrdataset_v14,ordinal_multiclass_performance,independent external performance-target replication,department_free,department_free,xgboost,4,144,144,3,3,True,0.9915789432720722,0.006313323551576208,0.9915789432720722,0.0021077331763515858
manuscript_final_20260712T175251Z_c664ef152ff3,c664ef152ff3a9eef89c53a403b9c2e6f677340bea0307b02d97d07cc54bdfc3,hrdataset_v14,ordinal_multiclass_performance,independent external performance-target replication,department_free,department_free,xgboost,4,156,156,3,3,True,0.9305052010103274,0.0009610740661074137,0.9305052010103274,0.06853372492356521
manuscript_final_20260712T175251Z_c664ef152ff3,c664ef152ff3a9eef89c53a403b9c2e6f677340bea0307b02d97d07cc54bdfc3,hrdataset_v14,ordinal_multiclass_performance,independent external performance-target replication,department_free,department_free,xgboost,4,169,169,3,3,True,0.9824152104495045,0.0005565834306514492,0.9824152104495045,0.017028206119844073
manuscript_final_20260712T175251Z_c664ef152ff3,c664ef152ff3a9eef89c53a403b9c2e6f677340bea0307b02d97d07cc54bdfc3,hrdataset_v14,ordinal_multiclass_performance,independent external performance-target replication,department_free,department_free,xgboost,4,180,180,3,4,False,0.6788033197999692,0.0012707186305447767,0.319925961569486,0.6788033197999692
manuscript_final_20260712T175251Z_c664ef152ff3,c664ef152ff3a9eef89c53a403b9c2e6f677340bea0307b02d97d07cc54bdfc3,hrdataset_v14,ordinal_multiclass_performance,independent external performance-target replication,department_free,department_free,xgboost,4,231,231,3,3,True,0.9733416099274235,0.0005084850261251094,0.9733416099274235,0.026149905046451424
manuscript_final_20260712T175251Z_c664ef152ff3,c664ef152ff3a9eef89c53a403b9c2e6f677340bea0307b02d97d07cc54bdfc3,hrdataset_v14,ordinal_multiclass_performance,independent external performance-target replication,department_free,department_free,xgboost,4,250,250,3,3,True,0.9941706329872351,0.00411888595619024,0.9941706329872351,0.0017104810565746861
manuscript_final_20260712T175251Z_c664ef152ff3,c664ef152ff3a9eef89c53a403b9c2e6f677340bea0307b02d97d07cc54bdfc3,hrdataset_v14,ordinal_multiclass_performance,independent external performance-target replication,department_free,department_free,xgboost,4,255,255,3,3,True,0.9990296174112351,0.0001604058312757172,0.9990296174112351,0.0008099767574892079
manuscript_final_20260712T175251Z_c664ef152ff3,c664ef152ff3a9eef89c53a403b9c2e6f677340bea0307b02d97d07cc54bdfc3,hrdataset_v14,ordinal_multiclass_performance,independent external performance-target replication,department_free,department_free,xgboost,4,279,279,3,3,True,0.9946104893149438,0.0017655019304820478,0.9946104893149438,0.003624008754574177
manuscript_final_20260712T175251Z_c664ef152ff3,c664ef152ff3a9eef89c53a403b9c2e6f677340bea0307b02d97d07cc54bdfc3,hrdataset_v14,ordinal_multiclass_performance,independent external performance-target replication,department_free,department_free,xgboost,4,291,291,3,3,True,0.9733721261472987,0.00137010665772213,0.9733721261472987,0.025257767194979172
manuscript_final_20260712T175251Z_c664ef152ff3,c664ef152ff3a9eef89c53a403b9c2e6f677340bea0307b02d97d07cc54bdfc3,hrdataset_v14,ordinal_multiclass_performance,independent external performance-target replication,department_free,department_free,xgboost,4,292,292,3,3,True,0.982174011359644,0.00044181577903601004,0.982174011359644,0.01738417286132001
manuscript_final_20260712T175251Z_c664ef152ff3,c664ef152ff3a9eef89c53a403b9c2e6f677340bea0307b02d97d07cc54bdfc3,hrdataset_v14,ordinal_multiclass_performance,independent external performance-target replication,department_free,department_free,xgboost,4,296,296,3,3,True,0.9974814155763655,0.00030985442877981843,0.9974814155763655,0.0022087299948546414
manuscript_final_20260712T175251Z_c664ef152ff3,c664ef152ff3a9eef89c53a403b9c2e6f677340bea0307b02d97d07cc54bdfc3,hrdataset_v14,ordinal_multiclass_performance,independent external performance-target replication,department_free,department_free,xgboost,4,301,301,3,3,True,0.997984852244661,0.00022856040546441936,0.997984852244661,0.0017865873498744906
manuscript_final_20260712T175251Z_c664ef152ff3,c664ef152ff3a9eef89c53a403b9c2e6f677340bea0307b02d97d07cc54bdfc3,hrdataset_v14,ordinal_multiclass_performance,independent external performance-target replication,department_free,department_free,xgboost,4,304,304,4,3,False,0.9945681731747369,0.00030740299291482823,0.9945681731747369,0.005124423832348277
manuscript_final_20260712T175251Z_c664ef152ff3,c664ef152ff3a9eef89c53a403b9c2e6f677340bea0307b02d97d07cc54bdfc3,hrdataset_v14,ordinal_multiclass_performance,independent external performance-target replication,department_free,department_free,xgboost,4,306,306,3,3,True,0.8985186276041958,0.0007274228992189159,0.8985186276041958,0.1007539494965853
manuscript_final_20260712T175251Z_c664ef152ff3,c664ef152ff3a9eef89c53a403b9c2e6f677340bea0307b02d97d07cc54bdfc3,hrdataset_v14,ordinal_multiclass_performance,independent external performance-target replication,department_free,department_free,xgboost,5,0,0,4,4,True,0.67362375604341,0.002490795739949211,0.32388544821664084,0.67362375604341
manuscript_final_20260712T175251Z_c664ef152ff3,c664ef152ff3a9eef89c53a403b9c2e6f677340bea0307b02d97d07cc54bdfc3,hrdataset_v14,ordinal_multiclass_performance,independent external performance-target replication,department_free,department_free,xgboost,5,2,2,3,3,True,0.9975718096939713,0.001134604148474446,0.9975718096939713,0.0012935861575542526
manuscript_final_20260712T175251Z_c664ef152ff3,c664ef152ff3a9eef89c53a403b9c2e6f677340bea0307b02d97d07cc54bdfc3,hrdataset_v14,ordinal_multiclass_performance,independent external performance-target replication,department_free,department_free,xgboost,5,24,24,3,3,True,0.9744146926808596,0.0012946122472189102,0.9744146926808596,0.024290695071921473
manuscript_final_20260712T175251Z_c664ef152ff3,c664ef152ff3a9eef89c53a403b9c2e6f677340bea0307b02d97d07cc54bdfc3,hrdataset_v14,ordinal_multiclass_performance,independent external performance-target replication,department_free,department_free,xgboost,5,35,35,3,3,True,0.9904537806123292,0.0013121911711169749,0.9904537806123292,0.00823402821655381
manuscript_final_20260712T175251Z_c664ef152ff3,c664ef152ff3a9eef89c53a403b9c2e6f677340bea0307b02d97d07cc54bdfc3,hrdataset_v14,ordinal_multiclass_performance,independent external performance-target replication,department_free,department_free,xgboost,5,38,38,3,3,True,0.9843644060879518,0.0014344703464999164,0.9843644060879518,0.014201123565548295
manuscript_final_20260712T175251Z_c664ef152ff3,c664ef152ff3a9eef89c53a403b9c2e6f677340bea0307b02d97d07cc54bdfc3,hrdataset_v14,ordinal_multiclass_performance,independent external performance-target replication,department_free,department_free,xgboost,5,64,64,3,2,False,0.8198110874039437,0.8198110874039437,0.10774440077518521,0.07244451182087112
manuscript_final_20260712T175251Z_c664ef152ff3,c664ef152ff3a9eef89c53a403b9c2e6f677340bea0307b02d97d07cc54bdfc3,hrdataset_v14,ordinal_multiclass_performance,independent external performance-target replication,department_free,department_free,xgboost,5,73,73,2,3,False,0.9841663463928004,0.001809165511537814,0.9841663463928004,0.014024488095661728
manuscript_final_20260712T175251Z_c664ef152ff3,c664ef152ff3a9eef89c53a403b9c2e6f677340bea0307b02d97d07cc54bdfc3,hrdataset_v14,ordinal_multiclass_performance,independent external performance-target replication,department_free,department_free,xgboost,5,77,77,4,3,False,0.9470150283313642,0.0010885048907895304,0.9470150283313642,0.05189646677784629
manuscript_final_20260712T175251Z_c664ef152ff3,c664ef152ff3a9eef89c53a403b9c2e6f677340bea0307b02d97d07cc54bdfc3,hrdataset_v14,ordinal_multiclass_performance,independent external performance-target replication,department_free,department_free,xgboost,5,100,100,3,3,True,0.930925747915124,0.001807339297447333,0.930925747915124,0.06726691278742872
manuscript_final_20260712T175251Z_c664ef152ff3,c664ef152ff3a9eef89c53a403b9c2e6f677340bea0307b02d97d07cc54bdfc3,hrdataset_v14,ordinal_multiclass_performance,independent external performance-target replication,department_free,department_free,xgboost,5,104,104,3,3,True,0.9840485795332602,0.0021204535767039407,0.9840485795332602,0.01383096689003582
manuscript_final_20260712T175251Z_c664ef152ff3,c664ef152ff3a9eef89c53a403b9c2e6f677340bea0307b02d97d07cc54bdfc3,hrdataset_v14,ordinal_multiclass_performance,independent external performance-target replication,department_free,department_free,xgboost,5,110,110,3,3,True,0.9530826410691807,0.0011968403374114144,0.9530826410691807,0.04572051859340786
manuscript_final_20260712T175251Z_c664ef152ff3,c664ef152ff3a9eef89c53a403b9c2e6f677340bea0307b02d97d07cc54bdfc3,hrdataset_v14,ordinal_multiclass_performance,independent external performance-target replication,department_free,department_free,xgboost,5,115,115,3,3,True,0.973856799726011,0.0011422892484322733,0.973856799726011,0.02500091102555668
manuscript_final_20260712T175251Z_c664ef152ff3,c664ef152ff3a9eef89c53a403b9c2e6f677340bea0307b02d97d07cc54bdfc3,hrdataset_v14,ordinal_multiclass_performance,independent external performance-target replication,department_free,department_free,xgboost,5,131,131,3,4,False,0.7254181890860536,0.0027970363509765574,0.2717847745629698,0.7254181890860536
manuscript_final_20260712T175251Z_c664ef152ff3,c664ef152ff3a9eef89c53a403b9c2e6f677340bea0307b02d97d07cc54bdfc3,hrdataset_v14,ordinal_multiclass_performance,independent external performance-target replication,department_free,department_free,xgboost,5,133,133,3,3,True,0.9946342780207373,0.00048718002286459453,0.9946342780207373,0.004878541956398102
manuscript_final_20260712T175251Z_c664ef152ff3,c664ef152ff3a9eef89c53a403b9c2e6f677340bea0307b02d97d07cc54bdfc3,hrdataset_v14,ordinal_multiclass_performance,independent external performance-target replication,department_free,department_free,xgboost,5,135,135,3,3,True,0.9676073503321992,0.0009353660579335022,0.9676073503321992,0.031457283609867215
manuscript_final_20260712T175251Z_c664ef152ff3,c664ef152ff3a9eef89c53a403b9c2e6f677340bea0307b02d97d07cc54bdfc3,hrdataset_v14,ordinal_multiclass_performance,independent external performance-target replication,department_free,department_free,xgboost,5,139,139,3,3,True,0.9120067491793132,0.002567455443029686,0.9120067491793132,0.08542579537765707
manuscript_final_20260712T175251Z_c664ef152ff3,c664ef152ff3a9eef89c53a403b9c2e6f677340bea0307b02d97d07cc54bdfc3,hrdataset_v14,ordinal_multiclass_performance,independent external performance-target replication,department_free,department_free,xgboost,5,142,142,3,3,True,0.9796837542621786,0.0009647540839264441,0.9796837542621786,0.01935149165389494
manuscript_final_20260712T175251Z_c664ef152ff3,c664ef152ff3a9eef89c53a403b9c2e6f677340bea0307b02d97d07cc54bdfc3,hrdataset_v14,ordinal_multiclass_performance,independent external performance-target replication,department_free,department_free,xgboost,5,143,143,4,3,False,0.9882261406682749,0.0008222292152261059,0.9882261406682749,0.010951630116498998
manuscript_final_20260712T175251Z_c664ef152ff3,c664ef152ff3a9eef89c53a403b9c2e6f677340bea0307b02d97d07cc54bdfc3,hrdataset_v14,ordinal_multiclass_performance,independent external performance-target replication,department_free,department_free,xgboost,5,146,146,3,3,True,0.9864642090676352,0.0011695479579314578,0.9864642090676352,0.012366242974433348
manuscript_final_20260712T175251Z_c664ef152ff3,c664ef152ff3a9eef89c53a403b9c2e6f677340bea0307b02d97d07cc54bdfc3,hrdataset_v14,ordinal_multiclass_performance,independent external performance-target replication,department_free,department_free,xgboost,5,149,149,3,3,True,0.9959392666158721,0.0003124200485116977,0.9959392666158721,0.0037483133356162623
manuscript_final_20260712T175251Z_c664ef152ff3,c664ef152ff3a9eef89c53a403b9c2e6f677340bea0307b02d97d07cc54bdfc3,hrdataset_v14,ordinal_multiclass_performance,independent external performance-target replication,department_free,department_free,xgboost,5,154,154,3,3,True,0.9923930121939954,0.0028766193293192454,0.9923930121939954,0.004730368476685284
manuscript_final_20260712T175251Z_c664ef152ff3,c664ef152ff3a9eef89c53a403b9c2e6f677340bea0307b02d97d07cc54bdfc3,hrdataset_v14,ordinal_multiclass_performance,independent external performance-target replication,department_free,department_free,xgboost,5,161,161,3,3,True,0.991318438774746,0.0011191299130060115,0.991318438774746,0.007562431312247957
manuscript_final_20260712T175251Z_c664ef152ff3,c664ef152ff3a9eef89c53a403b9c2e6f677340bea0307b02d97d07cc54bdfc3,hrdataset_v14,ordinal_multiclass_performance,independent external performance-target replication,department_free,department_free,xgboost,5,189,189,3,3,True,0.9197963086415715,0.004662667669214886,0.9197963086415715,0.0755410236892136
manuscript_final_20260712T175251Z_c664ef152ff3,c664ef152ff3a9eef89c53a403b9c2e6f677340bea0307b02d97d07cc54bdfc3,hrdataset_v14,ordinal_multiclass_performance,independent external performance-target replication,department_free,department_free,xgboost,5,196,196,3,3,True,0.8772196275789713,0.003977257339019064,0.8772196275789713,0.11880311508200964
manuscript_final_20260712T175251Z_c664ef152ff3,c664ef152ff3a9eef89c53a403b9c2e6f677340bea0307b02d97d07cc54bdfc3,hrdataset_v14,ordinal_multiclass_performance,independent external performance-target replication,department_free,department_free,xgboost,5,199,199,3,3,True,0.9685749890362146,0.006627247588565369,0.9685749890362146,0.02479776337521996
manuscript_final_20260712T175251Z_c664ef152ff3,c664ef152ff3a9eef89c53a403b9c2e6f677340bea0307b02d97d07cc54bdfc3,hrdataset_v14,ordinal_multiclass_performance,independent external performance-target replication,department_free,department_free,xgboost,5,246,246,2,2,True,0.9945714257447315,0.9945714257447315,0.0037121769526966427,0.0017163973025719538
manuscript_final_20260712T175251Z_c664ef152ff3,c664ef152ff3a9eef89c53a403b9c2e6f677340bea0307b02d97d07cc54bdfc3,hrdataset_v14,ordinal_multiclass_performance,independent external performance-target replication,department_free,department_free,xgboost,5,270,270,3,3,True,0.9748514542027397,0.0013788573328162193,0.9748514542027397,0.02376968846444414
manuscript_final_20260712T175251Z_c664ef152ff3,c664ef152ff3a9eef89c53a403b9c2e6f677340bea0307b02d97d07cc54bdfc3,hrdataset_v14,ordinal_multiclass_performance,independent external performance-target replication,department_free,department_free,xgboost,5,276,276,3,3,True,0.909851388207314,0.003147187957465481,0.909851388207314,0.08700142383522044
manuscript_final_20260712T175251Z_c664ef152ff3,c664ef152ff3a9eef89c53a403b9c2e6f677340bea0307b02d97d07cc54bdfc3,hrdataset_v14,ordinal_multiclass_performance,independent external performance-target replication,department_free,department_free,xgboost,5,282,282,4,3,False,0.9979400194394359,0.00032584078652582427,0.9979400194394359,0.0017341397740383085
manuscript_final_20260712T175251Z_c664ef152ff3,c664ef152ff3a9eef89c53a403b9c2e6f677340bea0307b02d97d07cc54bdfc3,hrdataset_v14,ordinal_multiclass_performance,independent external performance-target replication,department_free,department_free,xgboost,5,290,290,3,3,True,0.6205694348146009,0.005202816558937514,0.6205694348146009,0.3742277486264615
manuscript_final_20260712T175251Z_c664ef152ff3,c664ef152ff3a9eef89c53a403b9c2e6f677340bea0307b02d97d07cc54bdfc3,hrdataset_v14,ordinal_multiclass_performance,independent external performance-target replication,department_free,department_free,xgboost,5,307,307,2,2,True,0.9807356850663235,0.9807356850663235,0.018553165073111146,0.0007111498605653401
manuscript_final_20260712T175251Z_c664ef152ff3,c664ef152ff3a9eef89c53a403b9c2e6f677340bea0307b02d97d07cc54bdfc3,hrdataset_v14,ordinal_multiclass_performance,independent external performance-target replication,department_free,department_free,xgboost,6,25,25,3,3,True,0.992724743937496,0.005615646173862333,0.992724743937496,0.0016596098886416217
manuscript_final_20260712T175251Z_c664ef152ff3,c664ef152ff3a9eef89c53a403b9c2e6f677340bea0307b02d97d07cc54bdfc3,hrdataset_v14,ordinal_multiclass_performance,independent external performance-target replication,department_free,department_free,xgboost,6,41,41,3,3,True,0.7856480157578369,0.0034793863356830435,0.7856480157578369,0.21087259790648
manuscript_final_20260712T175251Z_c664ef152ff3,c664ef152ff3a9eef89c53a403b9c2e6f677340bea0307b02d97d07cc54bdfc3,hrdataset_v14,ordinal_multiclass_performance,independent external performance-target replication,department_free,department_free,xgboost,6,46,46,3,3,True,0.9899716901636123,0.0010450232629065383,0.9899716901636123,0.008983286573481209
manuscript_final_20260712T175251Z_c664ef152ff3,c664ef152ff3a9eef89c53a403b9c2e6f677340bea0307b02d97d07cc54bdfc3,hrdataset_v14,ordinal_multiclass_performance,independent external performance-target replication,department_free,department_free,xgboost,6,48,48,3,3,True,0.9839302553819637,0.0018635023665788222,0.9839302553819637,0.014206242251457567
manuscript_final_20260712T175251Z_c664ef152ff3,c664ef152ff3a9eef89c53a403b9c2e6f677340bea0307b02d97d07cc54bdfc3,hrdataset_v14,ordinal_multiclass_performance,independent external performance-target replication,department_free,department_free,xgboost,6,50,50,3,3,True,0.9402870499164195,0.0016017930836552132,0.9402870499164195,0.05811115699992529
manuscript_final_20260712T175251Z_c664ef152ff3,c664ef152ff3a9eef89c53a403b9c2e6f677340bea0307b02d97d07cc54bdfc3,hrdataset_v14,ordinal_multiclass_performance,independent external performance-target replication,department_free,department_free,xgboost,6,65,65,3,3,True,0.9898167004488226,0.0008391228333831643,0.9898167004488226,0.009344176717794195
manuscript_final_20260712T175251Z_c664ef152ff3,c664ef152ff3a9eef89c53a403b9c2e6f677340bea0307b02d97d07cc54bdfc3,hrdataset_v14,ordinal_multiclass_performance,independent external performance-target replication,department_free,department_free,xgboost,6,72,72,2,2,True,0.703080724880446,0.703080724880446,0.2959843920839342,0.000934883035619754
manuscript_final_20260712T175251Z_c664ef152ff3,c664ef152ff3a9eef89c53a403b9c2e6f677340bea0307b02d97d07cc54bdfc3,hrdataset_v14,ordinal_multiclass_performance,independent external performance-target replication,department_free,department_free,xgboost,6,75,75,3,3,True,0.5364288256523677,0.0017167022979363573,0.5364288256523677,0.461854472049696
manuscript_final_20260712T175251Z_c664ef152ff3,c664ef152ff3a9eef89c53a403b9c2e6f677340bea0307b02d97d07cc54bdfc3,hrdataset_v14,ordinal_multiclass_performance,independent external performance-target replication,department_free,department_free,xgboost,6,98,98,3,3,True,0.4812826955700724,0.4101578119444195,0.4812826955700724,0.1085594924855081
manuscript_final_20260712T175251Z_c664ef152ff3,c664ef152ff3a9eef89c53a403b9c2e6f677340bea0307b02d97d07cc54bdfc3,hrdataset_v14,ordinal_multiclass_performance,independent external performance-target replication,department_free,department_free,xgboost,6,99,99,3,4,False,0.7379310768354558,0.007006401235273487,0.2550625219292707,0.7379310768354558
manuscript_final_20260712T175251Z_c664ef152ff3,c664ef152ff3a9eef89c53a403b9c2e6f677340bea0307b02d97d07cc54bdfc3,hrdataset_v14,ordinal_multiclass_performance,independent external performance-target replication,department_free,department_free,xgboost,6,105,105,2,2,True,0.9422299090357514,0.9422299090357514,0.047916217745911,0.009853873218337573
manuscript_final_20260712T175251Z_c664ef152ff3,c664ef152ff3a9eef89c53a403b9c2e6f677340bea0307b02d97d07cc54bdfc3,hrdataset_v14,ordinal_multiclass_performance,independent external performance-target replication,department_free,department_free,xgboost,6,129,129,3,3,True,0.9910152326080697,0.0051137785179857,0.9910152326080697,0.0038709888739446416
manuscript_final_20260712T175251Z_c664ef152ff3,c664ef152ff3a9eef89c53a403b9c2e6f677340bea0307b02d97d07cc54bdfc3,hrdataset_v14,ordinal_multiclass_performance,independent external performance-target replication,department_free,department_free,xgboost,6,155,155,3,3,True,0.9507663367862048,0.02423598495429085,0.9507663367862048,0.024997678259504375
manuscript_final_20260712T175251Z_c664ef152ff3,c664ef152ff3a9eef89c53a403b9c2e6f677340bea0307b02d97d07cc54bdfc3,hrdataset_v14,ordinal_multiclass_performance,independent external performance-target replication,department_free,department_free,xgboost,6,178,178,3,3,True,0.9902910347208572,0.000361104807105982,0.9902910347208572,0.009347860472036805
manuscript_final_20260712T175251Z_c664ef152ff3,c664ef152ff3a9eef89c53a403b9c2e6f677340bea0307b02d97d07cc54bdfc3,hrdataset_v14,ordinal_multiclass_performance,independent external performance-target replication,department_free,department_free,xgboost,6,186,186,3,3,True,0.99263331491665,0.0003403962000283593,0.99263331491665,0.007026288883321621
manuscript_final_20260712T175251Z_c664ef152ff3,c664ef152ff3a9eef89c53a403b9c2e6f677340bea0307b02d97d07cc54bdfc3,hrdataset_v14,ordinal_multiclass_performance,independent external performance-target replication,department_free,department_free,xgboost,6,192,192,3,3,True,0.5045163719539363,0.002890152208684342,0.5045163719539363,0.4925934758373794
manuscript_final_20260712T175251Z_c664ef152ff3,c664ef152ff3a9eef89c53a403b9c2e6f677340bea0307b02d97d07cc54bdfc3,hrdataset_v14,ordinal_multiclass_performance,independent external performance-target replication,department_free,department_free,xgboost,6,195,195,3,3,True,0.9175827435920315,0.0011648779707744946,0.9175827435920315,0.08125237843719396
manuscript_final_20260712T175251Z_c664ef152ff3,c664ef152ff3a9eef89c53a403b9c2e6f677340bea0307b02d97d07cc54bdfc3,hrdataset_v14,ordinal_multiclass_performance,independent external performance-target replication,department_free,department_free,xgboost,6,201,201,4,3,False,0.9976235255648532,0.000490810092827415,0.9976235255648532,0.001885664342319405
manuscript_final_20260712T175251Z_c664ef152ff3,c664ef152ff3a9eef89c53a403b9c2e6f677340bea0307b02d97d07cc54bdfc3,hrdataset_v14,ordinal_multiclass_performance,independent external performance-target replication,department_free,department_free,xgboost,6,221,221,3,3,True,0.993032117180163,0.00047833386111549586,0.993032117180163,0.006489548958721507
manuscript_final_20260712T175251Z_c664ef152ff3,c664ef152ff3a9eef89c53a403b9c2e6f677340bea0307b02d97d07cc54bdfc3,hrdataset_v14,ordinal_multiclass_performance,independent external performance-target replication,department_free,department_free,xgboost,6,227,227,3,3,True,0.9534991181529081,0.0010436649678802323,0.9534991181529081,0.045457216879211663
manuscript_final_20260712T175251Z_c664ef152ff3,c664ef152ff3a9eef89c53a403b9c2e6f677340bea0307b02d97d07cc54bdfc3,hrdataset_v14,ordinal_multiclass_performance,independent external performance-target replication,department_free,department_free,xgboost,6,229,229,3,3,True,0.9425654253306075,0.03927931868748019,0.9425654253306075,0.01815525598191227
manuscript_final_20260712T175251Z_c664ef152ff3,c664ef152ff3a9eef89c53a403b9c2e6f677340bea0307b02d97d07cc54bdfc3,hrdataset_v14,ordinal_multiclass_performance,independent external performance-target replication,department_free,department_free,xgboost,6,230,230,3,3,True,0.972728874769261,0.00259795287114124,0.972728874769261,0.02467317235959779
manuscript_final_20260712T175251Z_c664ef152ff3,c664ef152ff3a9eef89c53a403b9c2e6f677340bea0307b02d97d07cc54bdfc3,hrdataset_v14,ordinal_multiclass_performance,independent external performance-target replication,department_free,department_free,xgboost,6,237,237,4,3,False,0.9946938324988128,0.004268402771432698,0.9946938324988128,0.0010377647297545203
manuscript_final_20260712T175251Z_c664ef152ff3,c664ef152ff3a9eef89c53a403b9c2e6f677340bea0307b02d97d07cc54bdfc3,hrdataset_v14,ordinal_multiclass_performance,independent external performance-target replication,department_free,department_free,xgboost,6,243,243,3,3,True,0.9442257861645845,0.03369186226424728,0.9442257861645845,0.022082351571168182
manuscript_final_20260712T175251Z_c664ef152ff3,c664ef152ff3a9eef89c53a403b9c2e6f677340bea0307b02d97d07cc54bdfc3,hrdataset_v14,ordinal_multiclass_performance,independent external performance-target replication,department_free,department_free,xgboost,6,258,258,2,2,True,0.8835659409195982,0.8835659409195982,0.09346742701702462,0.022966632063377245
manuscript_final_20260712T175251Z_c664ef152ff3,c664ef152ff3a9eef89c53a403b9c2e6f677340bea0307b02d97d07cc54bdfc3,hrdataset_v14,ordinal_multiclass_performance,independent external performance-target replication,department_free,department_free,xgboost,6,272,272,3,3,True,0.9346712489515876,0.0014557786454702192,0.9346712489515876,0.0638729724029422
manuscript_final_20260712T175251Z_c664ef152ff3,c664ef152ff3a9eef89c53a403b9c2e6f677340bea0307b02d97d07cc54bdfc3,hrdataset_v14,ordinal_multiclass_performance,independent external performance-target replication,department_free,department_free,xgboost,6,274,274,4,3,False,0.8792738379859867,0.002745852359192346,0.8792738379859867,0.11798030965482101
manuscript_final_20260712T175251Z_c664ef152ff3,c664ef152ff3a9eef89c53a403b9c2e6f677340bea0307b02d97d07cc54bdfc3,hrdataset_v14,ordinal_multiclass_performance,independent external performance-target replication,department_free,department_free,xgboost,6,289,289,4,3,False,0.9722121325095473,0.0005477234935523033,0.9722121325095473,0.027240143996900393
manuscript_final_20260712T175251Z_c664ef152ff3,c664ef152ff3a9eef89c53a403b9c2e6f677340bea0307b02d97d07cc54bdfc3,hrdataset_v14,ordinal_multiclass_performance,independent external performance-target replication,department_free,department_free,xgboost,6,294,294,3,3,True,0.9791128343608131,0.004034701614537787,0.9791128343608131,0.01685246402464914
manuscript_final_20260712T175251Z_c664ef152ff3,c664ef152ff3a9eef89c53a403b9c2e6f677340bea0307b02d97d07cc54bdfc3,hrdataset_v14,ordinal_multiclass_performance,independent external performance-target replication,department_free,department_free,xgboost,6,302,302,3,3,True,0.9955309759588619,0.0010403431465129899,0.9955309759588619,0.003428680894625173
manuscript_final_20260712T175251Z_c664ef152ff3,c664ef152ff3a9eef89c53a403b9c2e6f677340bea0307b02d97d07cc54bdfc3,hrdataset_v14,ordinal_multiclass_performance,independent external performance-target replication,department_free,department_free,xgboost,6,310,310,3,3,True,0.9763507608193431,0.0014475223074971225,0.9763507608193431,0.022201716873159746
manuscript_final_20260712T175251Z_c664ef152ff3,c664ef152ff3a9eef89c53a403b9c2e6f677340bea0307b02d97d07cc54bdfc3,hrdataset_v14,ordinal_multiclass_performance,independent external performance-target replication,department_free,department_free,xgboost,7,6,6,3,3,True,0.9947688569136756,0.0013837396385551364,0.9947688569136756,0.003847403447769276
manuscript_final_20260712T175251Z_c664ef152ff3,c664ef152ff3a9eef89c53a403b9c2e6f677340bea0307b02d97d07cc54bdfc3,hrdataset_v14,ordinal_multiclass_performance,independent external performance-target replication,department_free,department_free,xgboost,7,8,8,3,3,True,0.9159577976181527,0.002483737392660555,0.9159577976181527,0.0815584649891868
manuscript_final_20260712T175251Z_c664ef152ff3,c664ef152ff3a9eef89c53a403b9c2e6f677340bea0307b02d97d07cc54bdfc3,hrdataset_v14,ordinal_multiclass_performance,independent external performance-target replication,department_free,department_free,xgboost,7,13,13,3,3,True,0.8242434836246721,0.002591404125304695,0.8242434836246721,0.1731651122500232
manuscript_final_20260712T175251Z_c664ef152ff3,c664ef152ff3a9eef89c53a403b9c2e6f677340bea0307b02d97d07cc54bdfc3,hrdataset_v14,ordinal_multiclass_performance,independent external performance-target replication,department_free,department_free,xgboost,7,27,27,3,3,True,0.9940978830350784,0.00170216116162313,0.9940978830350784,0.004199955803298489
manuscript_final_20260712T175251Z_c664ef152ff3,c664ef152ff3a9eef89c53a403b9c2e6f677340bea0307b02d97d07cc54bdfc3,hrdataset_v14,ordinal_multiclass_performance,independent external performance-target replication,department_free,department_free,xgboost,7,28,28,3,3,True,0.9944290311385705,0.002851227300852567,0.9944290311385705,0.0027197415605768743
manuscript_final_20260712T175251Z_c664ef152ff3,c664ef152ff3a9eef89c53a403b9c2e6f677340bea0307b02d97d07cc54bdfc3,hrdataset_v14,ordinal_multiclass_performance,independent external performance-target replication,department_free,department_free,xgboost,7,36,36,4,3,False,0.8517390671154799,0.0013612100657790659,0.8517390671154799,0.14689972281874109
manuscript_final_20260712T175251Z_c664ef152ff3,c664ef152ff3a9eef89c53a403b9c2e6f677340bea0307b02d97d07cc54bdfc3,hrdataset_v14,ordinal_multiclass_performance,independent external performance-target replication,department_free,department_free,xgboost,7,55,55,4,3,False,0.9617804723679567,0.00965913555224944,0.9617804723679567,0.028560392079793794
manuscript_final_20260712T175251Z_c664ef152ff3,c664ef152ff3a9eef89c53a403b9c2e6f677340bea0307b02d97d07cc54bdfc3,hrdataset_v14,ordinal_multiclass_performance,independent external performance-target replication,department_free,department_free,xgboost,7,76,76,4,3,False,0.8311037779260043,0.002486525730732208,0.8311037779260043,0.16640969634326347
manuscript_final_20260712T175251Z_c664ef152ff3,c664ef152ff3a9eef89c53a403b9c2e6f677340bea0307b02d97d07cc54bdfc3,hrdataset_v14,ordinal_multiclass_performance,independent external performance-target replication,department_free,department_free,xgboost,7,83,83,2,2,True,0.9842703457958862,0.9842703457958862,0.014063407752357449,0.0016662464517563404
manuscript_final_20260712T175251Z_c664ef152ff3,c664ef152ff3a9eef89c53a403b9c2e6f677340bea0307b02d97d07cc54bdfc3,hrdataset_v14,ordinal_multiclass_performance,independent external performance-target replication,department_free,department_free,xgboost,7,87,87,3,4,False,0.806555940207848,0.0009587085256720201,0.19248535126647995,0.806555940207848
manuscript_final_20260712T175251Z_c664ef152ff3,c664ef152ff3a9eef89c53a403b9c2e6f677340bea0307b02d97d07cc54bdfc3,hrdataset_v14,ordinal_multiclass_performance,independent external performance-target replication,department_free,department_free,xgboost,7,90,90,2,2,True,0.9925733904654158,0.9925733904654158,0.0065456010129063495,0.0008810085216778374
manuscript_final_20260712T175251Z_c664ef152ff3,c664ef152ff3a9eef89c53a403b9c2e6f677340bea0307b02d97d07cc54bdfc3,hrdataset_v14,ordinal_multiclass_performance,independent external performance-target replication,department_free,department_free,xgboost,7,92,92,3,3,True,0.9144321952495506,0.0019146557219727734,0.9144321952495506,0.08365314902847665
manuscript_final_20260712T175251Z_c664ef152ff3,c664ef152ff3a9eef89c53a403b9c2e6f677340bea0307b02d97d07cc54bdfc3,hrdataset_v14,ordinal_multiclass_performance,independent external performance-target replication,department_free,department_free,xgboost,7,118,118,3,3,True,0.8289528133982519,0.003051100168050632,0.8289528133982519,0.1679960864336975
manuscript_final_20260712T175251Z_c664ef152ff3,c664ef152ff3a9eef89c53a403b9c2e6f677340bea0307b02d97d07cc54bdfc3,hrdataset_v14,ordinal_multiclass_performance,independent external performance-target replication,department_free,department_free,xgboost,7,121,121,3,3,True,0.9912992734884043,0.0003627728663103117,0.9912992734884043,0.008337953645285369
manuscript_final_20260712T175251Z_c664ef152ff3,c664ef152ff3a9eef89c53a403b9c2e6f677340bea0307b02d97d07cc54bdfc3,hrdataset_v14,ordinal_multiclass_performance,independent external performance-target replication,department_free,department_free,xgboost,7,122,122,3,3,True,0.9755056712231375,0.0009146655991888994,0.9755056712231375,0.02357966317767361
manuscript_final_20260712T175251Z_c664ef152ff3,c664ef152ff3a9eef89c53a403b9c2e6f677340bea0307b02d97d07cc54bdfc3,hrdataset_v14,ordinal_multiclass_performance,independent external performance-target replication,department_free,department_free,xgboost,7,132,132,3,3,True,0.9917454869936037,0.0053645491052051126,0.9917454869936037,0.0028899639011912438
manuscript_final_20260712T175251Z_c664ef152ff3,c664ef152ff3a9eef89c53a403b9c2e6f677340bea0307b02d97d07cc54bdfc3,hrdataset_v14,ordinal_multiclass_performance,independent external performance-target replication,department_free,department_free,xgboost,7,147,147,3,3,True,0.9905312621609227,0.0007744793519367394,0.9905312621609227,0.008694258487140526
manuscript_final_20260712T175251Z_c664ef152ff3,c664ef152ff3a9eef89c53a403b9c2e6f677340bea0307b02d97d07cc54bdfc3,hrdataset_v14,ordinal_multiclass_performance,independent external performance-target replication,department_free,department_free,xgboost,7,150,150,3,3,True,0.884203783789941,0.00180314596590847,0.884203783789941,0.11399307024415051
manuscript_final_20260712T175251Z_c664ef152ff3,c664ef152ff3a9eef89c53a403b9c2e6f677340bea0307b02d97d07cc54bdfc3,hrdataset_v14,ordinal_multiclass_performance,independent external performance-target replication,department_free,department_free,xgboost,7,151,151,3,3,True,0.9814442892031303,0.0037517137392707824,0.9814442892031303,0.014803997057598868
manuscript_final_20260712T175251Z_c664ef152ff3,c664ef152ff3a9eef89c53a403b9c2e6f677340bea0307b02d97d07cc54bdfc3,hrdataset_v14,ordinal_multiclass_performance,independent external performance-target replication,department_free,department_free,xgboost,7,157,157,3,3,True,0.8920486403766835,0.0009024850274498619,0.8920486403766835,0.1070488745958666
manuscript_final_20260712T175251Z_c664ef152ff3,c664ef152ff3a9eef89c53a403b9c2e6f677340bea0307b02d97d07cc54bdfc3,hrdataset_v14,ordinal_multiclass_performance,independent external performance-target replication,department_free,department_free,xgboost,7,164,164,3,3,True,0.9605445923318565,0.000990272622376796,0.9605445923318565,0.038465135045766645
manuscript_final_20260712T175251Z_c664ef152ff3,c664ef152ff3a9eef89c53a403b9c2e6f677340bea0307b02d97d07cc54bdfc3,hrdataset_v14,ordinal_multiclass_performance,independent external performance-target replication,department_free,department_free,xgboost,7,191,191,4,3,False,0.8255523162589785,0.0023797940585180343,0.8255523162589785,0.17206788968250344
manuscript_final_20260712T175251Z_c664ef152ff3,c664ef152ff3a9eef89c53a403b9c2e6f677340bea0307b02d97d07cc54bdfc3,hrdataset_v14,ordinal_multiclass_performance,independent external performance-target replication,department_free,department_free,xgboost,7,203,203,3,3,True,0.9402607766935674,0.008834684349919523,0.9402607766935674,0.05090453895651306
manuscript_final_20260712T175251Z_c664ef152ff3,c664ef152ff3a9eef89c53a403b9c2e6f677340bea0307b02d97d07cc54bdfc3,hrdataset_v14,ordinal_multiclass_performance,independent external performance-target replication,department_free,department_free,xgboost,7,214,214,2,2,True,0.9908008550644666,0.9908008550644666,0.008855664547700266,0.00034348038783316517
manuscript_final_20260712T175251Z_c664ef152ff3,c664ef152ff3a9eef89c53a403b9c2e6f677340bea0307b02d97d07cc54bdfc3,hrdataset_v14,ordinal_multiclass_performance,independent external performance-target replication,department_free,department_free,xgboost,7,224,224,3,3,True,0.9949524925227113,0.0020296853998258988,0.9949524925227113,0.0030178220774627804
manuscript_final_20260712T175251Z_c664ef152ff3,c664ef152ff3a9eef89c53a403b9c2e6f677340bea0307b02d97d07cc54bdfc3,hrdataset_v14,ordinal_multiclass_performance,independent external performance-target replication,department_free,department_free,xgboost,7,241,241,3,3,True,0.7671764806470537,0.0014057794461758558,0.7671764806470537,0.2314177399067705
manuscript_final_20260712T175251Z_c664ef152ff3,c664ef152ff3a9eef89c53a403b9c2e6f677340bea0307b02d97d07cc54bdfc3,hrdataset_v14,ordinal_multiclass_performance,independent external performance-target replication,department_free,department_free,xgboost,7,245,245,3,3,True,0.95414458498986,0.002187459372942407,0.95414458498986,0.043667955637197595
manuscript_final_20260712T175251Z_c664ef152ff3,c664ef152ff3a9eef89c53a403b9c2e6f677340bea0307b02d97d07cc54bdfc3,hrdataset_v14,ordinal_multiclass_performance,independent external performance-target replication,department_free,department_free,xgboost,7,261,261,3,3,True,0.9188906831746281,0.0012506909352880571,0.9188906831746281,0.07985862589008391
manuscript_final_20260712T175251Z_c664ef152ff3,c664ef152ff3a9eef89c53a403b9c2e6f677340bea0307b02d97d07cc54bdfc3,hrdataset_v14,ordinal_multiclass_performance,independent external performance-target replication,department_free,department_free,xgboost,7,264,264,3,3,True,0.9894770760380466,0.0007775308854771002,0.9894770760380466,0.009745393076476374
manuscript_final_20260712T175251Z_c664ef152ff3,c664ef152ff3a9eef89c53a403b9c2e6f677340bea0307b02d97d07cc54bdfc3,hrdataset_v14,ordinal_multiclass_performance,independent external performance-target replication,department_free,department_free,xgboost,7,278,278,3,3,True,0.9543736622006008,0.015047359342746177,0.9543736622006008,0.030578978456653035
manuscript_final_20260712T175251Z_c664ef152ff3,c664ef152ff3a9eef89c53a403b9c2e6f677340bea0307b02d97d07cc54bdfc3,hrdataset_v14,ordinal_multiclass_performance,independent external performance-target replication,department_free,department_free,xgboost,7,305,305,3,3,True,0.9693409055307273,0.006263120854296239,0.9693409055307273,0.024395973614976457
manuscript_final_20260712T175251Z_c664ef152ff3,c664ef152ff3a9eef89c53a403b9c2e6f677340bea0307b02d97d07cc54bdfc3,hrdataset_v14,ordinal_multiclass_performance,independent external performance-target replication,department_free,department_free,xgboost,8,11,11,3,3,True,0.7394253227276063,0.002311975994234217,0.7394253227276063,0.2582627012781595
manuscript_final_20260712T175251Z_c664ef152ff3,c664ef152ff3a9eef89c53a403b9c2e6f677340bea0307b02d97d07cc54bdfc3,hrdataset_v14,ordinal_multiclass_performance,independent external performance-target replication,department_free,department_free,xgboost,8,16,16,4,3,False,0.9752183637730909,0.0005299887314781307,0.9752183637730909,0.024251647495430986
manuscript_final_20260712T175251Z_c664ef152ff3,c664ef152ff3a9eef89c53a403b9c2e6f677340bea0307b02d97d07cc54bdfc3,hrdataset_v14,ordinal_multiclass_performance,independent external performance-target replication,department_free,department_free,xgboost,8,29,29,3,3,True,0.7084876028373914,0.003952004795864042,0.7084876028373914,0.2875603923667445
manuscript_final_20260712T175251Z_c664ef152ff3,c664ef152ff3a9eef89c53a403b9c2e6f677340bea0307b02d97d07cc54bdfc3,hrdataset_v14,ordinal_multiclass_performance,independent external performance-target replication,department_free,department_free,xgboost,8,40,40,3,3,True,0.9853378843456227,0.0005491686342285186,0.9853378843456227,0.014112947020148767
manuscript_final_20260712T175251Z_c664ef152ff3,c664ef152ff3a9eef89c53a403b9c2e6f677340bea0307b02d97d07cc54bdfc3,hrdataset_v14,ordinal_multiclass_performance,independent external performance-target replication,department_free,department_free,xgboost,8,45,45,3,3,True,0.9924254065042188,0.005852238998639759,0.9924254065042188,0.0017223544971414235
manuscript_final_20260712T175251Z_c664ef152ff3,c664ef152ff3a9eef89c53a403b9c2e6f677340bea0307b02d97d07cc54bdfc3,hrdataset_v14,ordinal_multiclass_performance,independent external performance-target replication,department_free,department_free,xgboost,8,53,53,2,2,True,0.9933228627387641,0.9933228627387641,0.006180163651485311,0.00049697360975057
manuscript_final_20260712T175251Z_c664ef152ff3,c664ef152ff3a9eef89c53a403b9c2e6f677340bea0307b02d97d07cc54bdfc3,hrdataset_v14,ordinal_multiclass_performance,independent external performance-target replication,department_free,department_free,xgboost,8,57,57,3,3,True,0.9810450186697209,0.007351636968757625,0.9810450186697209,0.011603344361521427
manuscript_final_20260712T175251Z_c664ef152ff3,c664ef152ff3a9eef89c53a403b9c2e6f677340bea0307b02d97d07cc54bdfc3,hrdataset_v14,ordinal_multiclass_performance,independent external performance-target replication,department_free,department_free,xgboost,8,70,70,3,3,True,0.9935634870255435,0.0029731724437586627,0.9935634870255435,0.003463340530697856
manuscript_final_20260712T175251Z_c664ef152ff3,c664ef152ff3a9eef89c53a403b9c2e6f677340bea0307b02d97d07cc54bdfc3,hrdataset_v14,ordinal_multiclass_performance,independent external performance-target replication,department_free,department_free,xgboost,8,71,71,3,3,True,0.9426403691253038,0.0016048719641721997,0.9426403691253038,0.05575475891052397
manuscript_final_20260712T175251Z_c664ef152ff3,c664ef152ff3a9eef89c53a403b9c2e6f677340bea0307b02d97d07cc54bdfc3,hrdataset_v14,ordinal_multiclass_performance,independent external performance-target replication,department_free,department_free,xgboost,8,112,112,2,2,True,0.9772538522079279,0.9772538522079279,0.02227528710683417,0.0004708606852378919
manuscript_final_20260712T175251Z_c664ef152ff3,c664ef152ff3a9eef89c53a403b9c2e6f677340bea0307b02d97d07cc54bdfc3,hrdataset_v14,ordinal_multiclass_performance,independent external performance-target replication,department_free,department_free,xgboost,8,113,113,3,3,True,0.9745960443223682,0.0011391035756627044,0.9745960443223682,0.024264852101969058
manuscript_final_20260712T175251Z_c664ef152ff3,c664ef152ff3a9eef89c53a403b9c2e6f677340bea0307b02d97d07cc54bdfc3,hrdataset_v14,ordinal_multiclass_performance,independent external performance-target replication,department_free,department_free,xgboost,8,123,123,3,3,True,0.9839980125439851,0.0003736801555444993,0.9839980125439851,0.01562830730047043
manuscript_final_20260712T175251Z_c664ef152ff3,c664ef152ff3a9eef89c53a403b9c2e6f677340bea0307b02d97d07cc54bdfc3,hrdataset_v14,ordinal_multiclass_performance,independent external performance-target replication,department_free,department_free,xgboost,8,134,134,3,3,True,0.9898762406511026,0.004841287301240337,0.9898762406511026,0.0052824720476570925
manuscript_final_20260712T175251Z_c664ef152ff3,c664ef152ff3a9eef89c53a403b9c2e6f677340bea0307b02d97d07cc54bdfc3,hrdataset_v14,ordinal_multiclass_performance,independent external performance-target replication,department_free,department_free,xgboost,8,148,148,3,3,True,0.9797035037579186,0.006990022618608029,0.9797035037579186,0.013306473623473416
manuscript_final_20260712T175251Z_c664ef152ff3,c664ef152ff3a9eef89c53a403b9c2e6f677340bea0307b02d97d07cc54bdfc3,hrdataset_v14,ordinal_multiclass_performance,independent external performance-target replication,department_free,department_free,xgboost,8,152,152,3,3,True,0.9933781835947236,0.0036851108046880936,0.9933781835947236,0.0029367056005883195
manuscript_final_20260712T175251Z_c664ef152ff3,c664ef152ff3a9eef89c53a403b9c2e6f677340bea0307b02d97d07cc54bdfc3,hrdataset_v14,ordinal_multiclass_performance,independent external performance-target replication,department_free,department_free,xgboost,8,165,165,3,3,True,0.9965716439155561,0.00048704526064692865,0.9965716439155561,0.0029413108237969915
manuscript_final_20260712T175251Z_c664ef152ff3,c664ef152ff3a9eef89c53a403b9c2e6f677340bea0307b02d97d07cc54bdfc3,hrdataset_v14,ordinal_multiclass_performance,independent external performance-target replication,department_free,department_free,xgboost,8,168,168,3,3,True,0.9870218381815585,0.006908478969723758,0.9870218381815585,0.006069682848717758
manuscript_final_20260712T175251Z_c664ef152ff3,c664ef152ff3a9eef89c53a403b9c2e6f677340bea0307b02d97d07cc54bdfc3,hrdataset_v14,ordinal_multiclass_performance,independent external performance-target replication,department_free,department_free,xgboost,8,171,171,3,3,True,0.8828187366523647,0.0009667073440813633,0.8828187366523647,0.11621455600355395
manuscript_final_20260712T175251Z_c664ef152ff3,c664ef152ff3a9eef89c53a403b9c2e6f677340bea0307b02d97d07cc54bdfc3,hrdataset_v14,ordinal_multiclass_performance,independent external performance-target replication,department_free,department_free,xgboost,8,181,181,3,3,True,0.9485023538241897,0.0013797664899212322,0.9485023538241897,0.05011787968588908
manuscript_final_20260712T175251Z_c664ef152ff3,c664ef152ff3a9eef89c53a403b9c2e6f677340bea0307b02d97d07cc54bdfc3,hrdataset_v14,ordinal_multiclass_performance,independent external performance-target replication,department_free,department_free,xgboost,8,185,185,3,3,True,0.8858402996328111,0.0017065671328203612,0.8858402996328111,0.1124531332343686
manuscript_final_20260712T175251Z_c664ef152ff3,c664ef152ff3a9eef89c53a403b9c2e6f677340bea0307b02d97d07cc54bdfc3,hrdataset_v14,ordinal_multiclass_performance,independent external performance-target replication,department_free,department_free,xgboost,8,193,193,3,3,True,0.993231020888734,0.004712852938387235,0.993231020888734,0.0020561261728787063
manuscript_final_20260712T175251Z_c664ef152ff3,c664ef152ff3a9eef89c53a403b9c2e6f677340bea0307b02d97d07cc54bdfc3,hrdataset_v14,ordinal_multiclass_performance,independent external performance-target replication,department_free,department_free,xgboost,8,206,206,3,3,True,0.9878084364611581,0.0005802195928028872,0.9878084364611581,0.01161134394603901
manuscript_final_20260712T175251Z_c664ef152ff3,c664ef152ff3a9eef89c53a403b9c2e6f677340bea0307b02d97d07cc54bdfc3,hrdataset_v14,ordinal_multiclass_performance,independent external performance-target replication,department_free,department_free,xgboost,8,225,225,3,3,True,0.942119503248632,0.0010212254325303901,0.942119503248632,0.05685927131883754
manuscript_final_20260712T175251Z_c664ef152ff3,c664ef152ff3a9eef89c53a403b9c2e6f677340bea0307b02d97d07cc54bdfc3,hrdataset_v14,ordinal_multiclass_performance,independent external performance-target replication,department_free,department_free,xgboost,8,257,257,4,3,False,0.8920063883181565,0.003641645630952328,0.8920063883181565,0.10435196605089114
manuscript_final_20260712T175251Z_c664ef152ff3,c664ef152ff3a9eef89c53a403b9c2e6f677340bea0307b02d97d07cc54bdfc3,hrdataset_v14,ordinal_multiclass_performance,independent external performance-target replication,department_free,department_free,xgboost,8,259,259,3,3,True,0.9859354493706638,0.0028158158522993753,0.9859354493706638,0.011248734777036883
manuscript_final_20260712T175251Z_c664ef152ff3,c664ef152ff3a9eef89c53a403b9c2e6f677340bea0307b02d97d07cc54bdfc3,hrdataset_v14,ordinal_multiclass_performance,independent external performance-target replication,department_free,department_free,xgboost,8,266,266,3,3,True,0.9464630622309496,0.001287311683515315,0.9464630622309496,0.05224962608553507
manuscript_final_20260712T175251Z_c664ef152ff3,c664ef152ff3a9eef89c53a403b9c2e6f677340bea0307b02d97d07cc54bdfc3,hrdataset_v14,ordinal_multiclass_performance,independent external performance-target replication,department_free,department_free,xgboost,8,283,283,2,2,True,0.9907786069298511,0.9907786069298511,0.007396664780424829,0.0018247282897241163
manuscript_final_20260712T175251Z_c664ef152ff3,c664ef152ff3a9eef89c53a403b9c2e6f677340bea0307b02d97d07cc54bdfc3,hrdataset_v14,ordinal_multiclass_performance,independent external performance-target replication,department_free,department_free,xgboost,8,284,284,3,3,True,0.9935940832634652,0.00030006458757096715,0.9935940832634652,0.006105852148963801
manuscript_final_20260712T175251Z_c664ef152ff3,c664ef152ff3a9eef89c53a403b9c2e6f677340bea0307b02d97d07cc54bdfc3,hrdataset_v14,ordinal_multiclass_performance,independent external performance-target replication,department_free,department_free,xgboost,8,286,286,3,3,True,0.9585613831542754,0.0010687625284484246,0.9585613831542754,0.04036985431727614
manuscript_final_20260712T175251Z_c664ef152ff3,c664ef152ff3a9eef89c53a403b9c2e6f677340bea0307b02d97d07cc54bdfc3,hrdataset_v14,ordinal_multiclass_performance,independent external performance-target replication,department_free,department_free,xgboost,8,288,288,3,3,True,0.9226511390314034,0.05971485165025633,0.9226511390314034,0.01763400931834024
manuscript_final_20260712T175251Z_c664ef152ff3,c664ef152ff3a9eef89c53a403b9c2e6f677340bea0307b02d97d07cc54bdfc3,hrdataset_v14,ordinal_multiclass_performance,independent external performance-target replication,department_free,department_free,xgboost,8,308,308,4,3,False,0.584964128570809,0.0018723481616120547,0.584964128570809,0.41316352326757894
manuscript_final_20260712T175251Z_c664ef152ff3,c664ef152ff3a9eef89c53a403b9c2e6f677340bea0307b02d97d07cc54bdfc3,hrdataset_v14,ordinal_multiclass_performance,independent external performance-target replication,department_free,department_free,xgboost,9,9,9,3,3,True,0.7309973614335571,0.0010963762740611052,0.7309973614335571,0.2679062622923818
manuscript_final_20260712T175251Z_c664ef152ff3,c664ef152ff3a9eef89c53a403b9c2e6f677340bea0307b02d97d07cc54bdfc3,hrdataset_v14,ordinal_multiclass_performance,independent external performance-target replication,department_free,department_free,xgboost,9,10,10,3,3,True,0.9747912239482828,0.0007669472214072876,0.9747912239482828,0.02444182883030994
manuscript_final_20260712T175251Z_c664ef152ff3,c664ef152ff3a9eef89c53a403b9c2e6f677340bea0307b02d97d07cc54bdfc3,hrdataset_v14,ordinal_multiclass_performance,independent external performance-target replication,department_free,department_free,xgboost,9,17,17,3,3,True,0.6565415490822603,0.0027229749466672164,0.6565415490822603,0.3407354759710725
manuscript_final_20260712T175251Z_c664ef152ff3,c664ef152ff3a9eef89c53a403b9c2e6f677340bea0307b02d97d07cc54bdfc3,hrdataset_v14,ordinal_multiclass_performance,independent external performance-target replication,department_free,department_free,xgboost,9,19,19,3,3,True,0.8056674777852395,0.002129726391826758,0.8056674777852395,0.1922027958229337
manuscript_final_20260712T175251Z_c664ef152ff3,c664ef152ff3a9eef89c53a403b9c2e6f677340bea0307b02d97d07cc54bdfc3,hrdataset_v14,ordinal_multiclass_performance,independent external performance-target replication,department_free,department_free,xgboost,9,34,34,3,3,True,0.9548772751330822,0.011996608450945623,0.9548772751330822,0.0331261164159722
manuscript_final_20260712T175251Z_c664ef152ff3,c664ef152ff3a9eef89c53a403b9c2e6f677340bea0307b02d97d07cc54bdfc3,hrdataset_v14,ordinal_multiclass_performance,independent external performance-target replication,department_free,department_free,xgboost,9,52,52,3,3,True,0.8833899366350482,0.0025586634493073306,0.8833899366350482,0.11405139991564453
manuscript_final_20260712T175251Z_c664ef152ff3,c664ef152ff3a9eef89c53a403b9c2e6f677340bea0307b02d97d07cc54bdfc3,hrdataset_v14,ordinal_multiclass_performance,independent external performance-target replication,department_free,department_free,xgboost,9,79,79,3,3,True,0.960333845622849,0.022895850752946378,0.960333845622849,0.016770303624204626
manuscript_final_20260712T175251Z_c664ef152ff3,c664ef152ff3a9eef89c53a403b9c2e6f677340bea0307b02d97d07cc54bdfc3,hrdataset_v14,ordinal_multiclass_performance,independent external performance-target replication,department_free,department_free,xgboost,9,95,95,2,2,True,0.9774246236302009,0.9774246236302009,0.02061120983806925,0.001964166531729861
manuscript_final_20260712T175251Z_c664ef152ff3,c664ef152ff3a9eef89c53a403b9c2e6f677340bea0307b02d97d07cc54bdfc3,hrdataset_v14,ordinal_multiclass_performance,independent external performance-target replication,department_free,department_free,xgboost,9,101,101,3,3,True,0.7136998924667808,0.0017508949758966664,0.7136998924667808,0.2845492125573226
manuscript_final_20260712T175251Z_c664ef152ff3,c664ef152ff3a9eef89c53a403b9c2e6f677340bea0307b02d97d07cc54bdfc3,hrdataset_v14,ordinal_multiclass_performance,independent external performance-target replication,department_free,department_free,xgboost,9,102,102,3,3,True,0.9910418128178533,0.0025885854160648918,0.9910418128178533,0.006369601766081852
manuscript_final_20260712T175251Z_c664ef152ff3,c664ef152ff3a9eef89c53a403b9c2e6f677340bea0307b02d97d07cc54bdfc3,hrdataset_v14,ordinal_multiclass_performance,independent external performance-target replication,department_free,department_free,xgboost,9,107,107,3,3,True,0.9552815564310843,0.00125832029255203,0.9552815564310843,0.04346012327636369
manuscript_final_20260712T175251Z_c664ef152ff3,c664ef152ff3a9eef89c53a403b9c2e6f677340bea0307b02d97d07cc54bdfc3,hrdataset_v14,ordinal_multiclass_performance,independent external performance-target replication,department_free,department_free,xgboost,9,109,109,3,3,True,0.9735679808089357,0.0004565510692962339,0.9735679808089357,0.025975468121768066
manuscript_final_20260712T175251Z_c664ef152ff3,c664ef152ff3a9eef89c53a403b9c2e6f677340bea0307b02d97d07cc54bdfc3,hrdataset_v14,ordinal_multiclass_performance,independent external performance-target replication,department_free,department_free,xgboost,9,116,116,3,3,True,0.9814046354888982,0.0005792341738833416,0.9814046354888982,0.018016130337218474
manuscript_final_20260712T175251Z_c664ef152ff3,c664ef152ff3a9eef89c53a403b9c2e6f677340bea0307b02d97d07cc54bdfc3,hrdataset_v14,ordinal_multiclass_performance,independent external performance-target replication,department_free,department_free,xgboost,9,125,125,4,3,False,0.9605043865916454,0.0016897605390902798,0.9605043865916454,0.0378058528692643
manuscript_final_20260712T175251Z_c664ef152ff3,c664ef152ff3a9eef89c53a403b9c2e6f677340bea0307b02d97d07cc54bdfc3,hrdataset_v14,ordinal_multiclass_performance,independent external performance-target replication,department_free,department_free,xgboost,9,128,128,3,3,True,0.9926438396079272,0.0023706502874266434,0.9926438396079272,0.004985510104646132
manuscript_final_20260712T175251Z_c664ef152ff3,c664ef152ff3a9eef89c53a403b9c2e6f677340bea0307b02d97d07cc54bdfc3,hrdataset_v14,ordinal_multiclass_performance,independent external performance-target replication,department_free,department_free,xgboost,9,160,160,3,3,True,0.9951667776086687,0.0002906122533141692,0.9951667776086687,0.004542610138017157
manuscript_final_20260712T175251Z_c664ef152ff3,c664ef152ff3a9eef89c53a403b9c2e6f677340bea0307b02d97d07cc54bdfc3,hrdataset_v14,ordinal_multiclass_performance,independent external performance-target replication,department_free,department_free,xgboost,9,163,163,3,3,True,0.9282573985640005,0.000752154198102046,0.9282573985640005,0.07099044723789753
manuscript_final_20260712T175251Z_c664ef152ff3,c664ef152ff3a9eef89c53a403b9c2e6f677340bea0307b02d97d07cc54bdfc3,hrdataset_v14,ordinal_multiclass_performance,independent external performance-target replication,department_free,department_free,xgboost,9,167,167,4,3,False,0.9927558223134662,0.0005652593636183422,0.9927558223134662,0.006678918322915518
manuscript_final_20260712T175251Z_c664ef152ff3,c664ef152ff3a9eef89c53a403b9c2e6f677340bea0307b02d97d07cc54bdfc3,hrdataset_v14,ordinal_multiclass_performance,independent external performance-target replication,department_free,department_free,xgboost,9,177,177,3,3,True,0.735650367264255,0.002377411605026352,0.735650367264255,0.2619722211307186
manuscript_final_20260712T175251Z_c664ef152ff3,c664ef152ff3a9eef89c53a403b9c2e6f677340bea0307b02d97d07cc54bdfc3,hrdataset_v14,ordinal_multiclass_performance,independent external performance-target replication,department_free,department_free,xgboost,9,182,182,3,3,True,0.894139908034079,0.0006646783743886959,0.894139908034079,0.1051954135915324
manuscript_final_20260712T175251Z_c664ef152ff3,c664ef152ff3a9eef89c53a403b9c2e6f677340bea0307b02d97d07cc54bdfc3,hrdataset_v14,ordinal_multiclass_performance,independent external performance-target replication,department_free,department_free,xgboost,9,198,198,3,3,True,0.9596701131434245,0.0006073143947554737,0.9596701131434245,0.03972257246181996
manuscript_final_20260712T175251Z_c664ef152ff3,c664ef152ff3a9eef89c53a403b9c2e6f677340bea0307b02d97d07cc54bdfc3,hrdataset_v14,ordinal_multiclass_performance,independent external performance-target replication,department_free,department_free,xgboost,9,204,204,3,3,True,0.9516861232680247,0.0010841369859816647,0.9516861232680247,0.04722973974599368
manuscript_final_20260712T175251Z_c664ef152ff3,c664ef152ff3a9eef89c53a403b9c2e6f677340bea0307b02d97d07cc54bdfc3,hrdataset_v14,ordinal_multiclass_performance,independent external performance-target replication,department_free,department_free,xgboost,9,209,209,2,2,True,0.6062383044394882,0.6062383044394882,0.38178509402687644,0.01197660153363533
manuscript_final_20260712T175251Z_c664ef152ff3,c664ef152ff3a9eef89c53a403b9c2e6f677340bea0307b02d97d07cc54bdfc3,hrdataset_v14,ordinal_multiclass_performance,independent external performance-target replication,department_free,department_free,xgboost,9,232,232,4,3,False,0.9723695012741556,0.0007038992396521776,0.9723695012741556,0.02692659948619228
manuscript_final_20260712T175251Z_c664ef152ff3,c664ef152ff3a9eef89c53a403b9c2e6f677340bea0307b02d97d07cc54bdfc3,hrdataset_v14,ordinal_multiclass_performance,independent external performance-target replication,department_free,department_free,xgboost,9,236,236,2,2,True,0.9841641439998938,0.9841641439998938,0.013607017220684192,0.0022288387794220316
manuscript_final_20260712T175251Z_c664ef152ff3,c664ef152ff3a9eef89c53a403b9c2e6f677340bea0307b02d97d07cc54bdfc3,hrdataset_v14,ordinal_multiclass_performance,independent external performance-target replication,department_free,department_free,xgboost,9,240,240,3,3,True,0.8905636645482977,0.0013938126818717473,0.8905636645482977,0.10804252276983055
manuscript_final_20260712T175251Z_c664ef152ff3,c664ef152ff3a9eef89c53a403b9c2e6f677340bea0307b02d97d07cc54bdfc3,hrdataset_v14,ordinal_multiclass_performance,independent external performance-target replication,department_free,department_free,xgboost,9,252,252,3,3,True,0.9980326477892396,0.0007786819039194844,0.9980326477892396,0.001188670306840862
manuscript_final_20260712T175251Z_c664ef152ff3,c664ef152ff3a9eef89c53a403b9c2e6f677340bea0307b02d97d07cc54bdfc3,hrdataset_v14,ordinal_multiclass_performance,independent external performance-target replication,department_free,department_free,xgboost,9,260,260,3,3,True,0.9753664791024124,0.004375578396433275,0.9753664791024124,0.02025794250115438
manuscript_final_20260712T175251Z_c664ef152ff3,c664ef152ff3a9eef89c53a403b9c2e6f677340bea0307b02d97d07cc54bdfc3,hrdataset_v14,ordinal_multiclass_performance,independent external performance-target replication,department_free,department_free,xgboost,9,268,268,3,3,True,0.8527374100385421,0.0028354322101113755,0.8527374100385421,0.14442715775134649
manuscript_final_20260712T175251Z_c664ef152ff3,c664ef152ff3a9eef89c53a403b9c2e6f677340bea0307b02d97d07cc54bdfc3,hrdataset_v14,ordinal_multiclass_performance,independent external performance-target replication,department_free,department_free,xgboost,9,280,280,3,3,True,0.8134936185199054,0.0010269619639250856,0.8134936185199054,0.1854794195161695
manuscript_final_20260712T175251Z_c664ef152ff3,c664ef152ff3a9eef89c53a403b9c2e6f677340bea0307b02d97d07cc54bdfc3,hrdataset_v14,ordinal_multiclass_performance,independent external performance-target replication,department_free,department_free,xgboost,9,287,287,3,3,True,0.9929589890859337,0.00030648908127891287,0.9929589890859337,0.00673452183278738
manuscript_final_20260712T175251Z_c664ef152ff3,c664ef152ff3a9eef89c53a403b9c2e6f677340bea0307b02d97d07cc54bdfc3,hrdataset_v14,ordinal_multiclass_performance,independent external performance-target replication,department_free,department_free,xgboost,10,3,3,3,3,True,0.7766899006096046,0.002303255063654885,0.7766899006096046,0.22100684432674045
manuscript_final_20260712T175251Z_c664ef152ff3,c664ef152ff3a9eef89c53a403b9c2e6f677340bea0307b02d97d07cc54bdfc3,hrdataset_v14,ordinal_multiclass_performance,independent external performance-target replication,department_free,department_free,xgboost,10,15,15,3,3,True,0.991510435763368,0.0008238780390181239,0.991510435763368,0.007665686197613952
manuscript_final_20260712T175251Z_c664ef152ff3,c664ef152ff3a9eef89c53a403b9c2e6f677340bea0307b02d97d07cc54bdfc3,hrdataset_v14,ordinal_multiclass_performance,independent external performance-target replication,department_free,department_free,xgboost,10,22,22,4,3,False,0.956356340483809,0.0015386220667715866,0.956356340483809,0.042105037449419375
manuscript_final_20260712T175251Z_c664ef152ff3,c664ef152ff3a9eef89c53a403b9c2e6f677340bea0307b02d97d07cc54bdfc3,hrdataset_v14,ordinal_multiclass_performance,independent external performance-target replication,department_free,department_free,xgboost,10,49,49,3,3,True,0.9993847012225805,0.0001108038116058424,0.9993847012225805,0.0005044949658136994
manuscript_final_20260712T175251Z_c664ef152ff3,c664ef152ff3a9eef89c53a403b9c2e6f677340bea0307b02d97d07cc54bdfc3,hrdataset_v14,ordinal_multiclass_performance,independent external performance-target replication,department_free,department_free,xgboost,10,59,59,3,3,True,0.9680813899754069,0.0007707209720437113,0.9680813899754069,0.031147889052549338
manuscript_final_20260712T175251Z_c664ef152ff3,c664ef152ff3a9eef89c53a403b9c2e6f677340bea0307b02d97d07cc54bdfc3,hrdataset_v14,ordinal_multiclass_performance,independent external performance-target replication,department_free,department_free,xgboost,10,78,78,3,3,True,0.8462522617036417,0.002370988648979603,0.8462522617036417,0.1513767496473788
manuscript_final_20260712T175251Z_c664ef152ff3,c664ef152ff3a9eef89c53a403b9c2e6f677340bea0307b02d97d07cc54bdfc3,hrdataset_v14,ordinal_multiclass_performance,independent external performance-target replication,department_free,department_free,xgboost,10,80,80,3,3,True,0.9976223566706024,0.00038915382496146345,0.9976223566706024,0.001988489504436148
manuscript_final_20260712T175251Z_c664ef152ff3,c664ef152ff3a9eef89c53a403b9c2e6f677340bea0307b02d97d07cc54bdfc3,hrdataset_v14,ordinal_multiclass_performance,independent external performance-target replication,department_free,department_free,xgboost,10,97,97,3,3,True,0.9451893830680774,0.0017767975178582538,0.9451893830680774,0.05303381941406437
manuscript_final_20260712T175251Z_c664ef152ff3,c664ef152ff3a9eef89c53a403b9c2e6f677340bea0307b02d97d07cc54bdfc3,hrdataset_v14,ordinal_multiclass_performance,independent external performance-target replication,department_free,department_free,xgboost,10,136,136,3,3,True,0.9976187556252998,0.0007869593264611577,0.9976187556252998,0.0015942850482390523
manuscript_final_20260712T175251Z_c664ef152ff3,c664ef152ff3a9eef89c53a403b9c2e6f677340bea0307b02d97d07cc54bdfc3,hrdataset_v14,ordinal_multiclass_performance,independent external performance-target replication,department_free,department_free,xgboost,10,153,153,3,3,True,0.9903918366358825,0.004104748776581854,0.9903918366358825,0.005503414587535692
manuscript_final_20260712T175251Z_c664ef152ff3,c664ef152ff3a9eef89c53a403b9c2e6f677340bea0307b02d97d07cc54bdfc3,hrdataset_v14,ordinal_multiclass_performance,independent external performance-target replication,department_free,department_free,xgboost,10,159,159,3,3,True,0.7932058408401628,0.0014645515171938844,0.7932058408401628,0.20532960764264338
manuscript_final_20260712T175251Z_c664ef152ff3,c664ef152ff3a9eef89c53a403b9c2e6f677340bea0307b02d97d07cc54bdfc3,hrdataset_v14,ordinal_multiclass_performance,independent external performance-target replication,department_free,department_free,xgboost,10,162,162,3,3,True,0.9307026723196992,0.0009169014387316426,0.9307026723196992,0.06838042624156916
manuscript_final_20260712T175251Z_c664ef152ff3,c664ef152ff3a9eef89c53a403b9c2e6f677340bea0307b02d97d07cc54bdfc3,hrdataset_v14,ordinal_multiclass_performance,independent external performance-target replication,department_free,department_free,xgboost,10,184,184,3,3,True,0.9890659039666113,0.004725623498216709,0.9890659039666113,0.006208472535171965
manuscript_final_20260712T175251Z_c664ef152ff3,c664ef152ff3a9eef89c53a403b9c2e6f677340bea0307b02d97d07cc54bdfc3,hrdataset_v14,ordinal_multiclass_performance,independent external performance-target replication,department_free,department_free,xgboost,10,197,197,3,3,True,0.9830345540520066,0.0004130301503019547,0.9830345540520066,0.01655241579769146
manuscript_final_20260712T175251Z_c664ef152ff3,c664ef152ff3a9eef89c53a403b9c2e6f677340bea0307b02d97d07cc54bdfc3,hrdataset_v14,ordinal_multiclass_performance,independent external performance-target replication,department_free,department_free,xgboost,10,205,205,2,2,True,0.9883931713837106,0.9883931713837106,0.011259935360103914,0.00034689325618545146
manuscript_final_20260712T175251Z_c664ef152ff3,c664ef152ff3a9eef89c53a403b9c2e6f677340bea0307b02d97d07cc54bdfc3,hrdataset_v14,ordinal_multiclass_performance,independent external performance-target replication,department_free,department_free,xgboost,10,207,207,3,3,True,0.748834223415125,0.003397726788180264,0.748834223415125,0.24776804979669484
manuscript_final_20260712T175251Z_c664ef152ff3,c664ef152ff3a9eef89c53a403b9c2e6f677340bea0307b02d97d07cc54bdfc3,hrdataset_v14,ordinal_multiclass_performance,independent external performance-target replication,department_free,department_free,xgboost,10,212,212,4,3,False,0.9352373195591214,0.0007478784203435398,0.9352373195591214,0.0640148020205351
manuscript_final_20260712T175251Z_c664ef152ff3,c664ef152ff3a9eef89c53a403b9c2e6f677340bea0307b02d97d07cc54bdfc3,hrdataset_v14,ordinal_multiclass_performance,independent external performance-target replication,department_free,department_free,xgboost,10,213,213,3,3,True,0.9880290844583057,0.00048539081374387213,0.9880290844583057,0.011485524727950431
manuscript_final_20260712T175251Z_c664ef152ff3,c664ef152ff3a9eef89c53a403b9c2e6f677340bea0307b02d97d07cc54bdfc3,hrdataset_v14,ordinal_multiclass_performance,independent external performance-target replication,department_free,department_free,xgboost,10,217,217,4,3,False,0.9854827447464253,0.0008153425145146705,0.9854827447464253,0.013701912739060055
manuscript_final_20260712T175251Z_c664ef152ff3,c664ef152ff3a9eef89c53a403b9c2e6f677340bea0307b02d97d07cc54bdfc3,hrdataset_v14,ordinal_multiclass_performance,independent external performance-target replication,department_free,department_free,xgboost,10,218,218,3,3,True,0.7487402408403203,0.0035394927709371834,0.7487402408403203,0.2477202663887425
manuscript_final_20260712T175251Z_c664ef152ff3,c664ef152ff3a9eef89c53a403b9c2e6f677340bea0307b02d97d07cc54bdfc3,hrdataset_v14,ordinal_multiclass_performance,independent external performance-target replication,department_free,department_free,xgboost,10,223,223,3,3,True,0.9596300478745577,0.0013276143828299454,0.9596300478745577,0.039042337742612315
manuscript_final_20260712T175251Z_c664ef152ff3,c664ef152ff3a9eef89c53a403b9c2e6f677340bea0307b02d97d07cc54bdfc3,hrdataset_v14,ordinal_multiclass_performance,independent external performance-target replication,department_free,department_free,xgboost,10,226,226,3,3,True,0.7035092945680556,0.003632482495029689,0.7035092945680556,0.2928582229369147
manuscript_final_20260712T175251Z_c664ef152ff3,c664ef152ff3a9eef89c53a403b9c2e6f677340bea0307b02d97d07cc54bdfc3,hrdataset_v14,ordinal_multiclass_performance,independent external performance-target replication,department_free,department_free,xgboost,10,233,233,3,3,True,0.9986569108314561,0.00011058741538470376,0.9986569108314561,0.0012325017531591956
manuscript_final_20260712T175251Z_c664ef152ff3,c664ef152ff3a9eef89c53a403b9c2e6f677340bea0307b02d97d07cc54bdfc3,hrdataset_v14,ordinal_multiclass_performance,independent external performance-target replication,department_free,department_free,xgboost,10,235,235,3,3,True,0.9940998189106476,0.0007290965027606643,0.9940998189106476,0.005171084586591788
manuscript_final_20260712T175251Z_c664ef152ff3,c664ef152ff3a9eef89c53a403b9c2e6f677340bea0307b02d97d07cc54bdfc3,hrdataset_v14,ordinal_multiclass_performance,independent external performance-target replication,department_free,department_free,xgboost,10,244,244,3,3,True,0.9668295037839055,0.00044424850480226944,0.9668295037839055,0.03272624771129225
manuscript_final_20260712T175251Z_c664ef152ff3,c664ef152ff3a9eef89c53a403b9c2e6f677340bea0307b02d97d07cc54bdfc3,hrdataset_v14,ordinal_multiclass_performance,independent external performance-target replication,department_free,department_free,xgboost,10,248,248,3,3,True,0.8729719162392896,0.001762005199453703,0.8729719162392896,0.12526607856125668
manuscript_final_20260712T175251Z_c664ef152ff3,c664ef152ff3a9eef89c53a403b9c2e6f677340bea0307b02d97d07cc54bdfc3,hrdataset_v14,ordinal_multiclass_performance,independent external performance-target replication,department_free,department_free,xgboost,10,249,249,3,3,True,0.9894650137957391,0.00046161853968148387,0.9894650137957391,0.010073367664579376
manuscript_final_20260712T175251Z_c664ef152ff3,c664ef152ff3a9eef89c53a403b9c2e6f677340bea0307b02d97d07cc54bdfc3,hrdataset_v14,ordinal_multiclass_performance,independent external performance-target replication,department_free,department_free,xgboost,10,256,256,3,3,True,0.9572466927232237,0.0005666992115294418,0.9572466927232237,0.04218660806524685
manuscript_final_20260712T175251Z_c664ef152ff3,c664ef152ff3a9eef89c53a403b9c2e6f677340bea0307b02d97d07cc54bdfc3,hrdataset_v14,ordinal_multiclass_performance,independent external performance-target replication,department_free,department_free,xgboost,10,263,263,2,2,True,0.9834803871029042,0.9834803871029042,0.01613206777770247,0.0003875451193933785
manuscript_final_20260712T175251Z_c664ef152ff3,c664ef152ff3a9eef89c53a403b9c2e6f677340bea0307b02d97d07cc54bdfc3,hrdataset_v14,ordinal_multiclass_performance,independent external performance-target replication,department_free,department_free,xgboost,10,275,275,3,3,True,0.9979502250259061,0.0006669189691232766,0.9979502250259061,0.0013828560049705826
manuscript_final_20260712T175251Z_c664ef152ff3,c664ef152ff3a9eef89c53a403b9c2e6f677340bea0307b02d97d07cc54bdfc3,hrdataset_v14,ordinal_multiclass_performance,independent external performance-target replication,department_free,department_free,xgboost,10,297,297,2,2,True,0.9890645736947123,0.9890645736947123,0.010538588272168034,0.00039683803311956807
manuscript_final_20260712T175251Z_c664ef152ff3,c664ef152ff3a9eef89c53a403b9c2e6f677340bea0307b02d97d07cc54bdfc3,hrdataset_v14,ordinal_multiclass_performance,independent external performance-target replication,department_job_role_free,department_job_role_free,xgboost,1,7,7,3,3,True,0.9381896170824172,0.0013975557087137925,0.9381896170824172,0.06041282720886904
manuscript_final_20260712T175251Z_c664ef152ff3,c664ef152ff3a9eef89c53a403b9c2e6f677340bea0307b02d97d07cc54bdfc3,hrdataset_v14,ordinal_multiclass_performance,independent external performance-target replication,department_job_role_free,department_job_role_free,xgboost,1,26,26,3,3,True,0.9719657259773615,0.0015138298210455082,0.9719657259773615,0.026520444201592993
manuscript_final_20260712T175251Z_c664ef152ff3,c664ef152ff3a9eef89c53a403b9c2e6f677340bea0307b02d97d07cc54bdfc3,hrdataset_v14,ordinal_multiclass_performance,independent external performance-target replication,department_job_role_free,department_job_role_free,xgboost,1,43,43,3,3,True,0.9898470721708237,0.004411520272723157,0.9898470721708237,0.005741407556453213
manuscript_final_20260712T175251Z_c664ef152ff3,c664ef152ff3a9eef89c53a403b9c2e6f677340bea0307b02d97d07cc54bdfc3,hrdataset_v14,ordinal_multiclass_performance,independent external performance-target replication,department_job_role_free,department_job_role_free,xgboost,1,58,58,3,3,True,0.5777907913083846,0.0012603794338541647,0.5777907913083846,0.4209488292577612
manuscript_final_20260712T175251Z_c664ef152ff3,c664ef152ff3a9eef89c53a403b9c2e6f677340bea0307b02d97d07cc54bdfc3,hrdataset_v14,ordinal_multiclass_performance,independent external performance-target replication,department_job_role_free,department_job_role_free,xgboost,1,66,66,3,3,True,0.929823683623825,0.008519510619535427,0.929823683623825,0.06165680575663961
manuscript_final_20260712T175251Z_c664ef152ff3,c664ef152ff3a9eef89c53a403b9c2e6f677340bea0307b02d97d07cc54bdfc3,hrdataset_v14,ordinal_multiclass_performance,independent external performance-target replication,department_job_role_free,department_job_role_free,xgboost,1,74,74,3,3,True,0.9825166006331983,0.005834461849440735,0.9825166006331983,0.0116489375173609
manuscript_final_20260712T175251Z_c664ef152ff3,c664ef152ff3a9eef89c53a403b9c2e6f677340bea0307b02d97d07cc54bdfc3,hrdataset_v14,ordinal_multiclass_performance,independent external performance-target replication,department_job_role_free,department_job_role_free,xgboost,1,81,81,3,3,True,0.9575587505488896,0.0004232084608967367,0.9575587505488896,0.042018040990213605
manuscript_final_20260712T175251Z_c664ef152ff3,c664ef152ff3a9eef89c53a403b9c2e6f677340bea0307b02d97d07cc54bdfc3,hrdataset_v14,ordinal_multiclass_performance,independent external performance-target replication,department_job_role_free,department_job_role_free,xgboost,1,82,82,3,3,True,0.8758094657416476,0.002161791168037918,0.8758094657416476,0.1220287430903144
manuscript_final_20260712T175251Z_c664ef152ff3,c664ef152ff3a9eef89c53a403b9c2e6f677340bea0307b02d97d07cc54bdfc3,hrdataset_v14,ordinal_multiclass_performance,independent external performance-target replication,department_job_role_free,department_job_role_free,xgboost,1,89,89,3,3,True,0.9944273349180275,0.002516968903562158,0.9944273349180275,0.0030556961784103907
manuscript_final_20260712T175251Z_c664ef152ff3,c664ef152ff3a9eef89c53a403b9c2e6f677340bea0307b02d97d07cc54bdfc3,hrdataset_v14,ordinal_multiclass_performance,independent external performance-target replication,department_job_role_free,department_job_role_free,xgboost,1,103,103,3,3,True,0.9090640062081917,0.0017134646400041782,0.9090640062081917,0.08922252915180412
manuscript_final_20260712T175251Z_c664ef152ff3,c664ef152ff3a9eef89c53a403b9c2e6f677340bea0307b02d97d07cc54bdfc3,hrdataset_v14,ordinal_multiclass_performance,independent external performance-target replication,department_job_role_free,department_job_role_free,xgboost,1,137,137,2,2,True,0.9863826565819798,0.9863826565819798,0.012976324882135466,0.0006410185358847428
manuscript_final_20260712T175251Z_c664ef152ff3,c664ef152ff3a9eef89c53a403b9c2e6f677340bea0307b02d97d07cc54bdfc3,hrdataset_v14,ordinal_multiclass_performance,independent external performance-target replication,department_job_role_free,department_job_role_free,xgboost,1,140,140,3,3,True,0.9596283463147256,0.001225775420198064,0.9596283463147256,0.039145878265076324
manuscript_final_20260712T175251Z_c664ef152ff3,c664ef152ff3a9eef89c53a403b9c2e6f677340bea0307b02d97d07cc54bdfc3,hrdataset_v14,ordinal_multiclass_performance,independent external performance-target replication,department_job_role_free,department_job_role_free,xgboost,1,145,145,4,3,False,0.7284666649932818,0.0023973622946959145,0.7284666649932818,0.2691359727120222
manuscript_final_20260712T175251Z_c664ef152ff3,c664ef152ff3a9eef89c53a403b9c2e6f677340bea0307b02d97d07cc54bdfc3,hrdataset_v14,ordinal_multiclass_performance,independent external performance-target replication,department_job_role_free,department_job_role_free,xgboost,1,173,173,3,3,True,0.9952662960752927,0.0004928684683247998,0.9952662960752927,0.004240835456382435
manuscript_final_20260712T175251Z_c664ef152ff3,c664ef152ff3a9eef89c53a403b9c2e6f677340bea0307b02d97d07cc54bdfc3,hrdataset_v14,ordinal_multiclass_performance,independent external performance-target replication,department_job_role_free,department_job_role_free,xgboost,1,174,174,4,3,False,0.7691693527725537,0.0015233495928393525,0.7691693527725537,0.2293072976346069
manuscript_final_20260712T175251Z_c664ef152ff3,c664ef152ff3a9eef89c53a403b9c2e6f677340bea0307b02d97d07cc54bdfc3,hrdataset_v14,ordinal_multiclass_performance,independent external performance-target replication,department_job_role_free,department_job_role_free,xgboost,1,188,188,2,2,True,0.9798036220479874,0.9798036220479874,0.019807209540017065,0.00038916841199544916
manuscript_final_20260712T175251Z_c664ef152ff3,c664ef152ff3a9eef89c53a403b9c2e6f677340bea0307b02d97d07cc54bdfc3,hrdataset_v14,ordinal_multiclass_performance,independent external performance-target replication,department_job_role_free,department_job_role_free,xgboost,1,194,194,3,3,True,0.9628899171725114,0.0010130045243744628,0.9628899171725114,0.03609707830311414
manuscript_final_20260712T175251Z_c664ef152ff3,c664ef152ff3a9eef89c53a403b9c2e6f677340bea0307b02d97d07cc54bdfc3,hrdataset_v14,ordinal_multiclass_performance,independent external performance-target replication,department_job_role_free,department_job_role_free,xgboost,1,208,208,4,3,False,0.9858935817173416,0.0006923709701094578,0.9858935817173416,0.01341404731254891
manuscript_final_20260712T175251Z_c664ef152ff3,c664ef152ff3a9eef89c53a403b9c2e6f677340bea0307b02d97d07cc54bdfc3,hrdataset_v14,ordinal_multiclass_performance,independent external performance-target replication,department_job_role_free,department_job_role_free,xgboost,1,210,210,3,3,True,0.9974634374777621,0.00028469118792199806,0.9974634374777621,0.0022518713343158835
manuscript_final_20260712T175251Z_c664ef152ff3,c664ef152ff3a9eef89c53a403b9c2e6f677340bea0307b02d97d07cc54bdfc3,hrdataset_v14,ordinal_multiclass_performance,independent external performance-target replication,department_job_role_free,department_job_role_free,xgboost,1,215,215,2,2,True,0.9862462331550881,0.9862462331550881,0.013152425243234529,0.0006013416016774356
manuscript_final_20260712T175251Z_c664ef152ff3,c664ef152ff3a9eef89c53a403b9c2e6f677340bea0307b02d97d07cc54bdfc3,hrdataset_v14,ordinal_multiclass_performance,independent external performance-target replication,department_job_role_free,department_job_role_free,xgboost,1,219,219,3,3,True,0.9028478677971837,0.0011193805613121696,0.9028478677971837,0.09603275164150414
manuscript_final_20260712T175251Z_c664ef152ff3,c664ef152ff3a9eef89c53a403b9c2e6f677340bea0307b02d97d07cc54bdfc3,hrdataset_v14,ordinal_multiclass_performance,independent external performance-target replication,department_job_role_free,department_job_role_free,xgboost,1,220,220,4,3,False,0.9452017585863202,0.000641755238574006,0.9452017585863202,0.05415648617510588
manuscript_final_20260712T175251Z_c664ef152ff3,c664ef152ff3a9eef89c53a403b9c2e6f677340bea0307b02d97d07cc54bdfc3,hrdataset_v14,ordinal_multiclass_performance,independent external performance-target replication,department_job_role_free,department_job_role_free,xgboost,1,247,247,3,3,True,0.8965594872972558,0.0010769393403038349,0.8965594872972558,0.10236357336244045
manuscript_final_20260712T175251Z_c664ef152ff3,c664ef152ff3a9eef89c53a403b9c2e6f677340bea0307b02d97d07cc54bdfc3,hrdataset_v14,ordinal_multiclass_performance,independent external performance-target replication,department_job_role_free,department_job_role_free,xgboost,1,253,253,3,3,True,0.9774434862709187,0.0006807473628575762,0.9774434862709187,0.021875766366223754
manuscript_final_20260712T175251Z_c664ef152ff3,c664ef152ff3a9eef89c53a403b9c2e6f677340bea0307b02d97d07cc54bdfc3,hrdataset_v14,ordinal_multiclass_performance,independent external performance-target replication,department_job_role_free,department_job_role_free,xgboost,1,267,267,2,2,True,0.9941845109157631,0.9941845109157631,0.005326375136450815,0.0004891139477860361
manuscript_final_20260712T175251Z_c664ef152ff3,c664ef152ff3a9eef89c53a403b9c2e6f677340bea0307b02d97d07cc54bdfc3,hrdataset_v14,ordinal_multiclass_performance,independent external performance-target replication,department_job_role_free,department_job_role_free,xgboost,1,269,269,3,3,True,0.9456676328404271,0.0011146762506937834,0.9456676328404271,0.0532176909088791
manuscript_final_20260712T175251Z_c664ef152ff3,c664ef152ff3a9eef89c53a403b9c2e6f677340bea0307b02d97d07cc54bdfc3,hrdataset_v14,ordinal_multiclass_performance,independent external performance-target replication,department_job_role_free,department_job_role_free,xgboost,1,273,273,3,3,True,0.9773685759212795,0.015839079114662015,0.9773685759212795,0.006792344964058553
manuscript_final_20260712T175251Z_c664ef152ff3,c664ef152ff3a9eef89c53a403b9c2e6f677340bea0307b02d97d07cc54bdfc3,hrdataset_v14,ordinal_multiclass_performance,independent external performance-target replication,department_job_role_free,department_job_role_free,xgboost,1,285,285,3,3,True,0.8307349603518923,0.0014675204736565755,0.8307349603518923,0.16779751917445113
manuscript_final_20260712T175251Z_c664ef152ff3,c664ef152ff3a9eef89c53a403b9c2e6f677340bea0307b02d97d07cc54bdfc3,hrdataset_v14,ordinal_multiclass_performance,independent external performance-target replication,department_job_role_free,department_job_role_free,xgboost,1,298,298,3,3,True,0.9965994903060633,0.001159945729766319,0.9965994903060633,0.002240563964170309
manuscript_final_20260712T175251Z_c664ef152ff3,c664ef152ff3a9eef89c53a403b9c2e6f677340bea0307b02d97d07cc54bdfc3,hrdataset_v14,ordinal_multiclass_performance,independent external performance-target replication,department_job_role_free,department_job_role_free,xgboost,1,299,299,3,3,True,0.9840787292867335,0.0004284846208455603,0.9840787292867335,0.015492786092420986
manuscript_final_20260712T175251Z_c664ef152ff3,c664ef152ff3a9eef89c53a403b9c2e6f677340bea0307b02d97d07cc54bdfc3,hrdataset_v14,ordinal_multiclass_performance,independent external performance-target replication,department_job_role_free,department_job_role_free,xgboost,1,303,303,3,3,True,0.6244185406253094,0.001495655238332715,0.6244185406253094,0.3740858041363579
manuscript_final_20260712T175251Z_c664ef152ff3,c664ef152ff3a9eef89c53a403b9c2e6f677340bea0307b02d97d07cc54bdfc3,hrdataset_v14,ordinal_multiclass_performance,independent external performance-target replication,department_job_role_free,department_job_role_free,xgboost,1,309,309,3,3,True,0.8989545566886555,0.000590086207176651,0.8989545566886555,0.10045535710416775
manuscript_final_20260712T175251Z_c664ef152ff3,c664ef152ff3a9eef89c53a403b9c2e6f677340bea0307b02d97d07cc54bdfc3,hrdataset_v14,ordinal_multiclass_performance,independent external performance-target replication,department_job_role_free,department_job_role_free,xgboost,2,1,1,3,3,True,0.9859503596621133,0.00032338146203503005,0.9859503596621133,0.013726258875851651
manuscript_final_20260712T175251Z_c664ef152ff3,c664ef152ff3a9eef89c53a403b9c2e6f677340bea0307b02d97d07cc54bdfc3,hrdataset_v14,ordinal_multiclass_performance,independent external performance-target replication,department_job_role_free,department_job_role_free,xgboost,2,12,12,4,3,False,0.9944593136003014,0.00029665462882915144,0.9944593136003014,0.005244031770869457
manuscript_final_20260712T175251Z_c664ef152ff3,c664ef152ff3a9eef89c53a403b9c2e6f677340bea0307b02d97d07cc54bdfc3,hrdataset_v14,ordinal_multiclass_performance,independent external performance-target replication,department_job_role_free,department_job_role_free,xgboost,2,18,18,3,3,True,0.9953864338186953,0.00024601017075702144,0.9953864338186953,0.0043675560105477336
manuscript_final_20260712T175251Z_c664ef152ff3,c664ef152ff3a9eef89c53a403b9c2e6f677340bea0307b02d97d07cc54bdfc3,hrdataset_v14,ordinal_multiclass_performance,independent external performance-target replication,department_job_role_free,department_job_role_free,xgboost,2,23,23,2,2,True,0.9489020325691437,0.9489020325691437,0.04934259244137771,0.0017553749894785575
manuscript_final_20260712T175251Z_c664ef152ff3,c664ef152ff3a9eef89c53a403b9c2e6f677340bea0307b02d97d07cc54bdfc3,hrdataset_v14,ordinal_multiclass_performance,independent external performance-target replication,department_job_role_free,department_job_role_free,xgboost,2,30,30,3,3,True,0.9973292751909775,0.0007225903390970735,0.9973292751909775,0.0019481344699254794
manuscript_final_20260712T175251Z_c664ef152ff3,c664ef152ff3a9eef89c53a403b9c2e6f677340bea0307b02d97d07cc54bdfc3,hrdataset_v14,ordinal_multiclass_performance,independent external performance-target replication,department_job_role_free,department_job_role_free,xgboost,2,37,37,3,3,True,0.7331006158260319,0.0025076771756498448,0.7331006158260319,0.26439170699831827
manuscript_final_20260712T175251Z_c664ef152ff3,c664ef152ff3a9eef89c53a403b9c2e6f677340bea0307b02d97d07cc54bdfc3,hrdataset_v14,ordinal_multiclass_performance,independent external performance-target replication,department_job_role_free,department_job_role_free,xgboost,2,42,42,3,3,True,0.9720463788645625,0.0005953533930354834,0.9720463788645625,0.02735826774240209
manuscript_final_20260712T175251Z_c664ef152ff3,c664ef152ff3a9eef89c53a403b9c2e6f677340bea0307b02d97d07cc54bdfc3,hrdataset_v14,ordinal_multiclass_performance,independent external performance-target replication,department_job_role_free,department_job_role_free,xgboost,2,44,44,3,3,True,0.6763005495997341,0.029304291227425512,0.6763005495997341,0.2943951591728405
manuscript_final_20260712T175251Z_c664ef152ff3,c664ef152ff3a9eef89c53a403b9c2e6f677340bea0307b02d97d07cc54bdfc3,hrdataset_v14,ordinal_multiclass_performance,independent external performance-target replication,department_job_role_free,department_job_role_free,xgboost,2,51,51,4,3,False,0.9902811104598469,0.0013111281513263266,0.9902811104598469,0.008407761388826741
manuscript_final_20260712T175251Z_c664ef152ff3,c664ef152ff3a9eef89c53a403b9c2e6f677340bea0307b02d97d07cc54bdfc3,hrdataset_v14,ordinal_multiclass_performance,independent external performance-target replication,department_job_role_free,department_job_role_free,xgboost,2,63,63,3,3,True,0.882239340092541,0.026896478558152023,0.882239340092541,0.09086418134930696
manuscript_final_20260712T175251Z_c664ef152ff3,c664ef152ff3a9eef89c53a403b9c2e6f677340bea0307b02d97d07cc54bdfc3,hrdataset_v14,ordinal_multiclass_performance,independent external performance-target replication,department_job_role_free,department_job_role_free,xgboost,2,84,84,2,2,True,0.6974861802168977,0.6974861802168977,0.2761318221013652,0.026381997681737084
manuscript_final_20260712T175251Z_c664ef152ff3,c664ef152ff3a9eef89c53a403b9c2e6f677340bea0307b02d97d07cc54bdfc3,hrdataset_v14,ordinal_multiclass_performance,independent external performance-target replication,department_job_role_free,department_job_role_free,xgboost,2,88,88,3,3,True,0.9759426957261376,0.0005586046166834413,0.9759426957261376,0.023498699657179
manuscript_final_20260712T175251Z_c664ef152ff3,c664ef152ff3a9eef89c53a403b9c2e6f677340bea0307b02d97d07cc54bdfc3,hrdataset_v14,ordinal_multiclass_performance,independent external performance-target replication,department_job_role_free,department_job_role_free,xgboost,2,91,91,2,2,True,0.9796742439924229,0.9796742439924229,0.020088347805704357,0.00023740820187274748
manuscript_final_20260712T175251Z_c664ef152ff3,c664ef152ff3a9eef89c53a403b9c2e6f677340bea0307b02d97d07cc54bdfc3,hrdataset_v14,ordinal_multiclass_performance,independent external performance-target replication,department_job_role_free,department_job_role_free,xgboost,2,117,117,3,3,True,0.9229318129149825,0.002762457190560644,0.9229318129149825,0.07430572989445683
manuscript_final_20260712T175251Z_c664ef152ff3,c664ef152ff3a9eef89c53a403b9c2e6f677340bea0307b02d97d07cc54bdfc3,hrdataset_v14,ordinal_multiclass_performance,independent external performance-target replication,department_job_role_free,department_job_role_free,xgboost,2,124,124,3,3,True,0.9829730891425,0.0006931913017495455,0.9829730891425,0.01633371955575044
manuscript_final_20260712T175251Z_c664ef152ff3,c664ef152ff3a9eef89c53a403b9c2e6f677340bea0307b02d97d07cc54bdfc3,hrdataset_v14,ordinal_multiclass_performance,independent external performance-target replication,department_job_role_free,department_job_role_free,xgboost,2,158,158,3,3,True,0.9855177593807558,0.00035422683100534187,0.9855177593807558,0.014128013788238901
manuscript_final_20260712T175251Z_c664ef152ff3,c664ef152ff3a9eef89c53a403b9c2e6f677340bea0307b02d97d07cc54bdfc3,hrdataset_v14,ordinal_multiclass_performance,independent external performance-target replication,department_job_role_free,department_job_role_free,xgboost,2,170,170,4,3,False,0.9664987586703747,0.0015856503005920524,0.9664987586703747,0.03191559102903319
manuscript_final_20260712T175251Z_c664ef152ff3,c664ef152ff3a9eef89c53a403b9c2e6f677340bea0307b02d97d07cc54bdfc3,hrdataset_v14,ordinal_multiclass_performance,independent external performance-target replication,department_job_role_free,department_job_role_free,xgboost,2,175,175,3,3,True,0.9965063101731918,0.0015975651915226445,0.9965063101731918,0.0018961246352855972
manuscript_final_20260712T175251Z_c664ef152ff3,c664ef152ff3a9eef89c53a403b9c2e6f677340bea0307b02d97d07cc54bdfc3,hrdataset_v14,ordinal_multiclass_performance,independent external performance-target replication,department_job_role_free,department_job_role_free,xgboost,2,176,176,3,3,True,0.8046463564959744,0.001040642827158811,0.8046463564959744,0.19431300067686683
manuscript_final_20260712T175251Z_c664ef152ff3,c664ef152ff3a9eef89c53a403b9c2e6f677340bea0307b02d97d07cc54bdfc3,hrdataset_v14,ordinal_multiclass_performance,independent external performance-target replication,department_job_role_free,department_job_role_free,xgboost,2,183,183,3,3,True,0.9037616560117345,0.0050480102042224,0.9037616560117345,0.09119033378404302
manuscript_final_20260712T175251Z_c664ef152ff3,c664ef152ff3a9eef89c53a403b9c2e6f677340bea0307b02d97d07cc54bdfc3,hrdataset_v14,ordinal_multiclass_performance,independent external performance-target replication,department_job_role_free,department_job_role_free,xgboost,2,187,187,3,3,True,0.5984662836715382,0.0037954638661785987,0.5984662836715382,0.3977382524622832
manuscript_final_20260712T175251Z_c664ef152ff3,c664ef152ff3a9eef89c53a403b9c2e6f677340bea0307b02d97d07cc54bdfc3,hrdataset_v14,ordinal_multiclass_performance,independent external performance-target replication,department_job_role_free,department_job_role_free,xgboost,2,200,200,3,3,True,0.9950924538284739,0.0002881644938466884,0.9950924538284739,0.004619381677679463
manuscript_final_20260712T175251Z_c664ef152ff3,c664ef152ff3a9eef89c53a403b9c2e6f677340bea0307b02d97d07cc54bdfc3,hrdataset_v14,ordinal_multiclass_performance,independent external performance-target replication,department_job_role_free,department_job_role_free,xgboost,2,216,216,3,3,True,0.9891591263684494,0.005696455935991353,0.9891591263684494,0.005144417695559294
manuscript_final_20260712T175251Z_c664ef152ff3,c664ef152ff3a9eef89c53a403b9c2e6f677340bea0307b02d97d07cc54bdfc3,hrdataset_v14,ordinal_multiclass_performance,independent external performance-target replication,department_job_role_free,department_job_role_free,xgboost,2,222,222,3,3,True,0.7257624918651766,0.033414758990814974,0.7257624918651766,0.24082274914400836
manuscript_final_20260712T175251Z_c664ef152ff3,c664ef152ff3a9eef89c53a403b9c2e6f677340bea0307b02d97d07cc54bdfc3,hrdataset_v14,ordinal_multiclass_performance,independent external performance-target replication,department_job_role_free,department_job_role_free,xgboost,2,239,239,3,3,True,0.9879688802560795,0.00425912468539494,0.9879688802560795,0.0077719950585255606
manuscript_final_20260712T175251Z_c664ef152ff3,c664ef152ff3a9eef89c53a403b9c2e6f677340bea0307b02d97d07cc54bdfc3,hrdataset_v14,ordinal_multiclass_performance,independent external performance-target replication,department_job_role_free,department_job_role_free,xgboost,2,242,242,3,3,True,0.9939387323094608,0.000660933411365371,0.9939387323094608,0.005400334279173778
manuscript_final_20260712T175251Z_c664ef152ff3,c664ef152ff3a9eef89c53a403b9c2e6f677340bea0307b02d97d07cc54bdfc3,hrdataset_v14,ordinal_multiclass_performance,independent external performance-target replication,department_job_role_free,department_job_role_free,xgboost,2,251,251,3,3,True,0.9853138355988215,0.00048565949104028666,0.9853138355988215,0.01420050491013826
manuscript_final_20260712T175251Z_c664ef152ff3,c664ef152ff3a9eef89c53a403b9c2e6f677340bea0307b02d97d07cc54bdfc3,hrdataset_v14,ordinal_multiclass_performance,independent external performance-target replication,department_job_role_free,department_job_role_free,xgboost,2,254,254,3,3,True,0.9941172555814898,0.0011895087029317707,0.9941172555814898,0.004693235715578431
manuscript_final_20260712T175251Z_c664ef152ff3,c664ef152ff3a9eef89c53a403b9c2e6f677340bea0307b02d97d07cc54bdfc3,hrdataset_v14,ordinal_multiclass_performance,independent external performance-target replication,department_job_role_free,department_job_role_free,xgboost,2,262,262,3,3,True,0.9972198595753905,0.0008339428367490336,0.9972198595753905,0.0019461975878604899
manuscript_final_20260712T175251Z_c664ef152ff3,c664ef152ff3a9eef89c53a403b9c2e6f677340bea0307b02d97d07cc54bdfc3,hrdataset_v14,ordinal_multiclass_performance,independent external performance-target replication,department_job_role_free,department_job_role_free,xgboost,2,281,281,3,3,True,0.860876351457485,0.007996763378270199,0.860876351457485,0.1311268851642448
manuscript_final_20260712T175251Z_c664ef152ff3,c664ef152ff3a9eef89c53a403b9c2e6f677340bea0307b02d97d07cc54bdfc3,hrdataset_v14,ordinal_multiclass_performance,independent external performance-target replication,department_job_role_free,department_job_role_free,xgboost,2,293,293,4,3,False,0.9922960245209029,0.0006059010534671029,0.9922960245209029,0.007098074425629921
manuscript_final_20260712T175251Z_c664ef152ff3,c664ef152ff3a9eef89c53a403b9c2e6f677340bea0307b02d97d07cc54bdfc3,hrdataset_v14,ordinal_multiclass_performance,independent external performance-target replication,department_job_role_free,department_job_role_free,xgboost,3,4,4,3,3,True,0.9958956964153614,0.0003416136444600385,0.9958956964153614,0.003762689940178601
manuscript_final_20260712T175251Z_c664ef152ff3,c664ef152ff3a9eef89c53a403b9c2e6f677340bea0307b02d97d07cc54bdfc3,hrdataset_v14,ordinal_multiclass_performance,independent external performance-target replication,department_job_role_free,department_job_role_free,xgboost,3,20,20,3,3,True,0.9858514698692412,0.0005829720776904395,0.9858514698692412,0.013565558053068307
manuscript_final_20260712T175251Z_c664ef152ff3,c664ef152ff3a9eef89c53a403b9c2e6f677340bea0307b02d97d07cc54bdfc3,hrdataset_v14,ordinal_multiclass_performance,independent external performance-target replication,department_job_role_free,department_job_role_free,xgboost,3,32,32,3,3,True,0.9986422921870602,0.0008351144717972475,0.9986422921870602,0.0005225933411424849
manuscript_final_20260712T175251Z_c664ef152ff3,c664ef152ff3a9eef89c53a403b9c2e6f677340bea0307b02d97d07cc54bdfc3,hrdataset_v14,ordinal_multiclass_performance,independent external performance-target replication,department_job_role_free,department_job_role_free,xgboost,3,39,39,3,3,True,0.8551084070960248,0.0006742909528995243,0.8551084070960248,0.1442173019510757
manuscript_final_20260712T175251Z_c664ef152ff3,c664ef152ff3a9eef89c53a403b9c2e6f677340bea0307b02d97d07cc54bdfc3,hrdataset_v14,ordinal_multiclass_performance,independent external performance-target replication,department_job_role_free,department_job_role_free,xgboost,3,56,56,3,3,True,0.9368416003319227,0.002837251618515048,0.9368416003319227,0.06032114804956233
manuscript_final_20260712T175251Z_c664ef152ff3,c664ef152ff3a9eef89c53a403b9c2e6f677340bea0307b02d97d07cc54bdfc3,hrdataset_v14,ordinal_multiclass_performance,independent external performance-target replication,department_job_role_free,department_job_role_free,xgboost,3,62,62,3,3,True,0.6730604237570749,0.006446143209640405,0.6730604237570749,0.32049343303328476
manuscript_final_20260712T175251Z_c664ef152ff3,c664ef152ff3a9eef89c53a403b9c2e6f677340bea0307b02d97d07cc54bdfc3,hrdataset_v14,ordinal_multiclass_performance,independent external performance-target replication,department_job_role_free,department_job_role_free,xgboost,3,67,67,2,2,True,0.9936348063348668,0.9936348063348668,0.005382753369029973,0.0009824402961032517
manuscript_final_20260712T175251Z_c664ef152ff3,c664ef152ff3a9eef89c53a403b9c2e6f677340bea0307b02d97d07cc54bdfc3,hrdataset_v14,ordinal_multiclass_performance,independent external performance-target replication,department_job_role_free,department_job_role_free,xgboost,3,86,86,2,2,True,0.9830528654482033,0.9830528654482033,0.015485950061303466,0.001461184490493298
manuscript_final_20260712T175251Z_c664ef152ff3,c664ef152ff3a9eef89c53a403b9c2e6f677340bea0307b02d97d07cc54bdfc3,hrdataset_v14,ordinal_multiclass_performance,independent external performance-target replication,department_job_role_free,department_job_role_free,xgboost,3,93,93,3,3,True,0.9531774823807009,0.0007395240480417927,0.9531774823807009,0.046082993571257364
manuscript_final_20260712T175251Z_c664ef152ff3,c664ef152ff3a9eef89c53a403b9c2e6f677340bea0307b02d97d07cc54bdfc3,hrdataset_v14,ordinal_multiclass_performance,independent external performance-target replication,department_job_role_free,department_job_role_free,xgboost,3,94,94,3,3,True,0.9967719806933019,0.0019334218027138403,0.9967719806933019,0.0012945975039843035
manuscript_final_20260712T175251Z_c664ef152ff3,c664ef152ff3a9eef89c53a403b9c2e6f677340bea0307b02d97d07cc54bdfc3,hrdataset_v14,ordinal_multiclass_performance,independent external performance-target replication,department_job_role_free,department_job_role_free,xgboost,3,96,96,4,3,False,0.6937234582605369,0.002788338882917062,0.6937234582605369,0.303488202856546
manuscript_final_20260712T175251Z_c664ef152ff3,c664ef152ff3a9eef89c53a403b9c2e6f677340bea0307b02d97d07cc54bdfc3,hrdataset_v14,ordinal_multiclass_performance,independent external performance-target replication,department_job_role_free,department_job_role_free,xgboost,3,114,114,3,3,True,0.9696720884829475,0.0005086016632677834,0.9696720884829475,0.029819309853784705
manuscript_final_20260712T175251Z_c664ef152ff3,c664ef152ff3a9eef89c53a403b9c2e6f677340bea0307b02d97d07cc54bdfc3,hrdataset_v14,ordinal_multiclass_performance,independent external performance-target replication,department_job_role_free,department_job_role_free,xgboost,3,120,120,3,3,True,0.9519166125557461,0.0005655681236490283,0.9519166125557461,0.047517819320604844
manuscript_final_20260712T175251Z_c664ef152ff3,c664ef152ff3a9eef89c53a403b9c2e6f677340bea0307b02d97d07cc54bdfc3,hrdataset_v14,ordinal_multiclass_performance,independent external performance-target replication,department_job_role_free,department_job_role_free,xgboost,3,126,126,3,3,True,0.9043550027940341,0.0018673020223248815,0.9043550027940341,0.093777695183641
manuscript_final_20260712T175251Z_c664ef152ff3,c664ef152ff3a9eef89c53a403b9c2e6f677340bea0307b02d97d07cc54bdfc3,hrdataset_v14,ordinal_multiclass_performance,independent external performance-target replication,department_job_role_free,department_job_role_free,xgboost,3,130,130,3,3,True,0.9415179497403259,0.0023481725641390262,0.9415179497403259,0.05613387769553505
manuscript_final_20260712T175251Z_c664ef152ff3,c664ef152ff3a9eef89c53a403b9c2e6f677340bea0307b02d97d07cc54bdfc3,hrdataset_v14,ordinal_multiclass_performance,independent external performance-target replication,department_job_role_free,department_job_role_free,xgboost,3,138,138,3,3,True,0.9353515628835567,0.001304061984103057,0.9353515628835567,0.06334437513234029
manuscript_final_20260712T175251Z_c664ef152ff3,c664ef152ff3a9eef89c53a403b9c2e6f677340bea0307b02d97d07cc54bdfc3,hrdataset_v14,ordinal_multiclass_performance,independent external performance-target replication,department_job_role_free,department_job_role_free,xgboost,3,141,141,4,3,False,0.9389876051524305,0.0012863693540347521,0.9389876051524305,0.059726025493534764
manuscript_final_20260712T175251Z_c664ef152ff3,c664ef152ff3a9eef89c53a403b9c2e6f677340bea0307b02d97d07cc54bdfc3,hrdataset_v14,ordinal_multiclass_performance,independent external performance-target replication,department_job_role_free,department_job_role_free,xgboost,3,166,166,3,3,True,0.7347900619393776,0.0028510430330873373,0.7347900619393776,0.26235889502753507
manuscript_final_20260712T175251Z_c664ef152ff3,c664ef152ff3a9eef89c53a403b9c2e6f677340bea0307b02d97d07cc54bdfc3,hrdataset_v14,ordinal_multiclass_performance,independent external performance-target replication,department_job_role_free,department_job_role_free,xgboost,3,172,172,4,3,False,0.9850983132297658,0.0007705046646920402,0.9850983132297658,0.014131182105542114
manuscript_final_20260712T175251Z_c664ef152ff3,c664ef152ff3a9eef89c53a403b9c2e6f677340bea0307b02d97d07cc54bdfc3,hrdataset_v14,ordinal_multiclass_performance,independent external performance-target replication,department_job_role_free,department_job_role_free,xgboost,3,179,179,3,3,True,0.97967894295092,0.001642543629815929,0.97967894295092,0.01867851341926413
manuscript_final_20260712T175251Z_c664ef152ff3,c664ef152ff3a9eef89c53a403b9c2e6f677340bea0307b02d97d07cc54bdfc3,hrdataset_v14,ordinal_multiclass_performance,independent external performance-target replication,department_job_role_free,department_job_role_free,xgboost,3,190,190,2,2,True,0.9921871487249496,0.9921871487249496,0.006435027852878735,0.0013778234221716746
manuscript_final_20260712T175251Z_c664ef152ff3,c664ef152ff3a9eef89c53a403b9c2e6f677340bea0307b02d97d07cc54bdfc3,hrdataset_v14,ordinal_multiclass_performance,independent external performance-target replication,department_job_role_free,department_job_role_free,xgboost,3,202,202,3,3,True,0.9932360909834427,0.0009618445440504098,0.9932360909834427,0.005802064472506906
manuscript_final_20260712T175251Z_c664ef152ff3,c664ef152ff3a9eef89c53a403b9c2e6f677340bea0307b02d97d07cc54bdfc3,hrdataset_v14,ordinal_multiclass_performance,independent external performance-target replication,department_job_role_free,department_job_role_free,xgboost,3,211,211,3,3,True,0.9951742029621534,0.0033093554959732177,0.9951742029621534,0.0015164415418734089
manuscript_final_20260712T175251Z_c664ef152ff3,c664ef152ff3a9eef89c53a403b9c2e6f677340bea0307b02d97d07cc54bdfc3,hrdataset_v14,ordinal_multiclass_performance,independent external performance-target replication,department_job_role_free,department_job_role_free,xgboost,3,228,228,3,3,True,0.9814672377352042,0.00039143577129899725,0.9814672377352042,0.018141326493496812
manuscript_final_20260712T175251Z_c664ef152ff3,c664ef152ff3a9eef89c53a403b9c2e6f677340bea0307b02d97d07cc54bdfc3,hrdataset_v14,ordinal_multiclass_performance,independent external performance-target replication,department_job_role_free,department_job_role_free,xgboost,3,234,234,3,3,True,0.9673283050578966,0.0008601113178482165,0.9673283050578966,0.03181158362425518
manuscript_final_20260712T175251Z_c664ef152ff3,c664ef152ff3a9eef89c53a403b9c2e6f677340bea0307b02d97d07cc54bdfc3,hrdataset_v14,ordinal_multiclass_performance,independent external performance-target replication,department_job_role_free,department_job_role_free,xgboost,3,238,238,3,3,True,0.8588687549552326,0.0027860816759957673,0.8588687549552326,0.13834516336877165
manuscript_final_20260712T175251Z_c664ef152ff3,c664ef152ff3a9eef89c53a403b9c2e6f677340bea0307b02d97d07cc54bdfc3,hrdataset_v14,ordinal_multiclass_performance,independent external performance-target replication,department_job_role_free,department_job_role_free,xgboost,3,265,265,4,3,False,0.9895192869115691,0.0006521590722530253,0.9895192869115691,0.009828554016177887
manuscript_final_20260712T175251Z_c664ef152ff3,c664ef152ff3a9eef89c53a403b9c2e6f677340bea0307b02d97d07cc54bdfc3,hrdataset_v14,ordinal_multiclass_performance,independent external performance-target replication,department_job_role_free,department_job_role_free,xgboost,3,271,271,3,3,True,0.9023858572875696,0.007573752851073409,0.9023858572875696,0.09004038986135703
manuscript_final_20260712T175251Z_c664ef152ff3,c664ef152ff3a9eef89c53a403b9c2e6f677340bea0307b02d97d07cc54bdfc3,hrdataset_v14,ordinal_multiclass_performance,independent external performance-target replication,department_job_role_free,department_job_role_free,xgboost,3,277,277,3,3,True,0.984443013598463,0.001873496812397308,0.984443013598463,0.013683489589139711
manuscript_final_20260712T175251Z_c664ef152ff3,c664ef152ff3a9eef89c53a403b9c2e6f677340bea0307b02d97d07cc54bdfc3,hrdataset_v14,ordinal_multiclass_performance,independent external performance-target replication,department_job_role_free,department_job_role_free,xgboost,3,295,295,3,3,True,0.9823154040404282,0.011904461824854346,0.9823154040404282,0.005780134134717506
manuscript_final_20260712T175251Z_c664ef152ff3,c664ef152ff3a9eef89c53a403b9c2e6f677340bea0307b02d97d07cc54bdfc3,hrdataset_v14,ordinal_multiclass_performance,independent external performance-target replication,department_job_role_free,department_job_role_free,xgboost,3,300,300,3,4,False,0.6122129296527045,0.0011112523020650144,0.3866758180452305,0.6122129296527045
manuscript_final_20260712T175251Z_c664ef152ff3,c664ef152ff3a9eef89c53a403b9c2e6f677340bea0307b02d97d07cc54bdfc3,hrdataset_v14,ordinal_multiclass_performance,independent external performance-target replication,department_job_role_free,department_job_role_free,xgboost,4,5,5,4,3,False,0.9861464282655213,0.0004966192254372912,0.9861464282655213,0.013356952509041392
manuscript_final_20260712T175251Z_c664ef152ff3,c664ef152ff3a9eef89c53a403b9c2e6f677340bea0307b02d97d07cc54bdfc3,hrdataset_v14,ordinal_multiclass_performance,independent external performance-target replication,department_job_role_free,department_job_role_free,xgboost,4,14,14,3,3,True,0.9940912620493767,0.0010682147060357343,0.9940912620493767,0.004840523244587577
manuscript_final_20260712T175251Z_c664ef152ff3,c664ef152ff3a9eef89c53a403b9c2e6f677340bea0307b02d97d07cc54bdfc3,hrdataset_v14,ordinal_multiclass_performance,independent external performance-target replication,department_job_role_free,department_job_role_free,xgboost,4,21,21,3,3,True,0.9225919508738951,0.0015230789281929912,0.9225919508738951,0.07588497019791192
manuscript_final_20260712T175251Z_c664ef152ff3,c664ef152ff3a9eef89c53a403b9c2e6f677340bea0307b02d97d07cc54bdfc3,hrdataset_v14,ordinal_multiclass_performance,independent external performance-target replication,department_job_role_free,department_job_role_free,xgboost,4,31,31,3,3,True,0.9959180611413913,0.0011813212947306294,0.9959180611413913,0.002900617563878076
manuscript_final_20260712T175251Z_c664ef152ff3,c664ef152ff3a9eef89c53a403b9c2e6f677340bea0307b02d97d07cc54bdfc3,hrdataset_v14,ordinal_multiclass_performance,independent external performance-target replication,department_job_role_free,department_job_role_free,xgboost,4,33,33,3,3,True,0.9343638007887036,0.001182692963615422,0.9343638007887036,0.06445350624768093
manuscript_final_20260712T175251Z_c664ef152ff3,c664ef152ff3a9eef89c53a403b9c2e6f677340bea0307b02d97d07cc54bdfc3,hrdataset_v14,ordinal_multiclass_performance,independent external performance-target replication,department_job_role_free,department_job_role_free,xgboost,4,47,47,3,3,True,0.9851306025769714,0.009046802246681588,0.9851306025769714,0.005822595176346999
manuscript_final_20260712T175251Z_c664ef152ff3,c664ef152ff3a9eef89c53a403b9c2e6f677340bea0307b02d97d07cc54bdfc3,hrdataset_v14,ordinal_multiclass_performance,independent external performance-target replication,department_job_role_free,department_job_role_free,xgboost,4,54,54,2,2,True,0.8658137934299636,0.8658137934299636,0.10699556035144496,0.027190646218591474
manuscript_final_20260712T175251Z_c664ef152ff3,c664ef152ff3a9eef89c53a403b9c2e6f677340bea0307b02d97d07cc54bdfc3,hrdataset_v14,ordinal_multiclass_performance,independent external performance-target replication,department_job_role_free,department_job_role_free,xgboost,4,60,60,3,3,True,0.9708563575785296,0.001388201590783946,0.9708563575785296,0.02775544083068639
manuscript_final_20260712T175251Z_c664ef152ff3,c664ef152ff3a9eef89c53a403b9c2e6f677340bea0307b02d97d07cc54bdfc3,hrdataset_v14,ordinal_multiclass_performance,independent external performance-target replication,department_job_role_free,department_job_role_free,xgboost,4,61,61,3,3,True,0.9979290905874734,0.0011405656049822653,0.9979290905874734,0.0009303438075443643
manuscript_final_20260712T175251Z_c664ef152ff3,c664ef152ff3a9eef89c53a403b9c2e6f677340bea0307b02d97d07cc54bdfc3,hrdataset_v14,ordinal_multiclass_performance,independent external performance-target replication,department_job_role_free,department_job_role_free,xgboost,4,68,68,3,3,True,0.9907974316174288,0.0005880932042823598,0.9907974316174288,0.008614475178288797
manuscript_final_20260712T175251Z_c664ef152ff3,c664ef152ff3a9eef89c53a403b9c2e6f677340bea0307b02d97d07cc54bdfc3,hrdataset_v14,ordinal_multiclass_performance,independent external performance-target replication,department_job_role_free,department_job_role_free,xgboost,4,69,69,2,2,True,0.9947078800624058,0.9947078800624058,0.004880380632047101,0.0004117393055470994
manuscript_final_20260712T175251Z_c664ef152ff3,c664ef152ff3a9eef89c53a403b9c2e6f677340bea0307b02d97d07cc54bdfc3,hrdataset_v14,ordinal_multiclass_performance,independent external performance-target replication,department_job_role_free,department_job_role_free,xgboost,4,85,85,2,2,True,0.9948047674482663,0.9948047674482663,0.004834965646675063,0.0003602669050586411
manuscript_final_20260712T175251Z_c664ef152ff3,c664ef152ff3a9eef89c53a403b9c2e6f677340bea0307b02d97d07cc54bdfc3,hrdataset_v14,ordinal_multiclass_performance,independent external performance-target replication,department_job_role_free,department_job_role_free,xgboost,4,106,106,4,3,False,0.9940792892802764,0.004043896429756146,0.9940792892802764,0.0018768142899673811
manuscript_final_20260712T175251Z_c664ef152ff3,c664ef152ff3a9eef89c53a403b9c2e6f677340bea0307b02d97d07cc54bdfc3,hrdataset_v14,ordinal_multiclass_performance,independent external performance-target replication,department_job_role_free,department_job_role_free,xgboost,4,108,108,3,3,True,0.9899654300839905,0.0004936787256133296,0.9899654300839905,0.009540891190396188
manuscript_final_20260712T175251Z_c664ef152ff3,c664ef152ff3a9eef89c53a403b9c2e6f677340bea0307b02d97d07cc54bdfc3,hrdataset_v14,ordinal_multiclass_performance,independent external performance-target replication,department_job_role_free,department_job_role_free,xgboost,4,111,111,4,3,False,0.7738869380847176,0.002293087654759939,0.7738869380847176,0.22381997426052247
manuscript_final_20260712T175251Z_c664ef152ff3,c664ef152ff3a9eef89c53a403b9c2e6f677340bea0307b02d97d07cc54bdfc3,hrdataset_v14,ordinal_multiclass_performance,independent external performance-target replication,department_job_role_free,department_job_role_free,xgboost,4,119,119,3,3,True,0.9146515246288428,0.0006388131542568865,0.9146515246288428,0.08470966221690032
manuscript_final_20260712T175251Z_c664ef152ff3,c664ef152ff3a9eef89c53a403b9c2e6f677340bea0307b02d97d07cc54bdfc3,hrdataset_v14,ordinal_multiclass_performance,independent external performance-target replication,department_job_role_free,department_job_role_free,xgboost,4,127,127,3,3,True,0.9576167574065331,0.0005798523264373017,0.9576167574065331,0.04180339026702963
manuscript_final_20260712T175251Z_c664ef152ff3,c664ef152ff3a9eef89c53a403b9c2e6f677340bea0307b02d97d07cc54bdfc3,hrdataset_v14,ordinal_multiclass_performance,independent external performance-target replication,department_job_role_free,department_job_role_free,xgboost,4,144,144,3,3,True,0.9920993105347558,0.005737308559730635,0.9920993105347558,0.0021633809055136284
manuscript_final_20260712T175251Z_c664ef152ff3,c664ef152ff3a9eef89c53a403b9c2e6f677340bea0307b02d97d07cc54bdfc3,hrdataset_v14,ordinal_multiclass_performance,independent external performance-target replication,department_job_role_free,department_job_role_free,xgboost,4,156,156,3,3,True,0.930794275344359,0.001108175303232708,0.930794275344359,0.06809754935240828
manuscript_final_20260712T175251Z_c664ef152ff3,c664ef152ff3a9eef89c53a403b9c2e6f677340bea0307b02d97d07cc54bdfc3,hrdataset_v14,ordinal_multiclass_performance,independent external performance-target replication,department_job_role_free,department_job_role_free,xgboost,4,169,169,3,3,True,0.9855287927512179,0.0005989056818484585,0.9855287927512179,0.013872301566933677
manuscript_final_20260712T175251Z_c664ef152ff3,c664ef152ff3a9eef89c53a403b9c2e6f677340bea0307b02d97d07cc54bdfc3,hrdataset_v14,ordinal_multiclass_performance,independent external performance-target replication,department_job_role_free,department_job_role_free,xgboost,4,180,180,3,4,False,0.6679263708642941,0.0011639896543356625,0.33090963948137025,0.6679263708642941
manuscript_final_20260712T175251Z_c664ef152ff3,c664ef152ff3a9eef89c53a403b9c2e6f677340bea0307b02d97d07cc54bdfc3,hrdataset_v14,ordinal_multiclass_performance,independent external performance-target replication,department_job_role_free,department_job_role_free,xgboost,4,231,231,3,3,True,0.964915041773823,0.0006402778889266743,0.964915041773823,0.034444680337250344
manuscript_final_20260712T175251Z_c664ef152ff3,c664ef152ff3a9eef89c53a403b9c2e6f677340bea0307b02d97d07cc54bdfc3,hrdataset_v14,ordinal_multiclass_performance,independent external performance-target replication,department_job_role_free,department_job_role_free,xgboost,4,250,250,3,3,True,0.9949219746439659,0.0036743629907132177,0.9949219746439659,0.00140366236532087
manuscript_final_20260712T175251Z_c664ef152ff3,c664ef152ff3a9eef89c53a403b9c2e6f677340bea0307b02d97d07cc54bdfc3,hrdataset_v14,ordinal_multiclass_performance,independent external performance-target replication,department_job_role_free,department_job_role_free,xgboost,4,255,255,3,3,True,0.999133123474213,0.00021635984467635185,0.999133123474213,0.0006505166811105886
manuscript_final_20260712T175251Z_c664ef152ff3,c664ef152ff3a9eef89c53a403b9c2e6f677340bea0307b02d97d07cc54bdfc3,hrdataset_v14,ordinal_multiclass_performance,independent external performance-target replication,department_job_role_free,department_job_role_free,xgboost,4,279,279,3,3,True,0.9945035103495898,0.0015187168215615656,0.9945035103495898,0.003977772828848558
manuscript_final_20260712T175251Z_c664ef152ff3,c664ef152ff3a9eef89c53a403b9c2e6f677340bea0307b02d97d07cc54bdfc3,hrdataset_v14,ordinal_multiclass_performance,independent external performance-target replication,department_job_role_free,department_job_role_free,xgboost,4,291,291,3,3,True,0.9794147656271922,0.0009956127078999425,0.9794147656271922,0.019589621664907884
manuscript_final_20260712T175251Z_c664ef152ff3,c664ef152ff3a9eef89c53a403b9c2e6f677340bea0307b02d97d07cc54bdfc3,hrdataset_v14,ordinal_multiclass_performance,independent external performance-target replication,department_job_role_free,department_job_role_free,xgboost,4,292,292,3,3,True,0.9840079907964129,0.00050827629871379,0.9840079907964129,0.015483732904873275
manuscript_final_20260712T175251Z_c664ef152ff3,c664ef152ff3a9eef89c53a403b9c2e6f677340bea0307b02d97d07cc54bdfc3,hrdataset_v14,ordinal_multiclass_performance,independent external performance-target replication,department_job_role_free,department_job_role_free,xgboost,4,296,296,3,3,True,0.9957862845309627,0.0005119355807654338,0.9957862845309627,0.0037017798882717904
manuscript_final_20260712T175251Z_c664ef152ff3,c664ef152ff3a9eef89c53a403b9c2e6f677340bea0307b02d97d07cc54bdfc3,hrdataset_v14,ordinal_multiclass_performance,independent external performance-target replication,department_job_role_free,department_job_role_free,xgboost,4,301,301,3,3,True,0.9968707109349743,0.00035326998259470305,0.9968707109349743,0.0027760190824310258
manuscript_final_20260712T175251Z_c664ef152ff3,c664ef152ff3a9eef89c53a403b9c2e6f677340bea0307b02d97d07cc54bdfc3,hrdataset_v14,ordinal_multiclass_performance,independent external performance-target replication,department_job_role_free,department_job_role_free,xgboost,4,304,304,4,3,False,0.9942283156401832,0.0003335216738543094,0.9942283156401832,0.005438162685962438
manuscript_final_20260712T175251Z_c664ef152ff3,c664ef152ff3a9eef89c53a403b9c2e6f677340bea0307b02d97d07cc54bdfc3,hrdataset_v14,ordinal_multiclass_performance,independent external performance-target replication,department_job_role_free,department_job_role_free,xgboost,4,306,306,3,3,True,0.8756435030601487,0.0006439780201159371,0.8756435030601487,0.1237125189197354
manuscript_final_20260712T175251Z_c664ef152ff3,c664ef152ff3a9eef89c53a403b9c2e6f677340bea0307b02d97d07cc54bdfc3,hrdataset_v14,ordinal_multiclass_performance,independent external performance-target replication,department_job_role_free,department_job_role_free,xgboost,5,0,0,4,4,True,0.5739795045733526,0.002259867062981339,0.42376062836366607,0.5739795045733526
manuscript_final_20260712T175251Z_c664ef152ff3,c664ef152ff3a9eef89c53a403b9c2e6f677340bea0307b02d97d07cc54bdfc3,hrdataset_v14,ordinal_multiclass_performance,independent external performance-target replication,department_job_role_free,department_job_role_free,xgboost,5,2,2,3,3,True,0.997082779969345,0.0016494367904380197,0.997082779969345,0.001267783240216917
manuscript_final_20260712T175251Z_c664ef152ff3,c664ef152ff3a9eef89c53a403b9c2e6f677340bea0307b02d97d07cc54bdfc3,hrdataset_v14,ordinal_multiclass_performance,independent external performance-target replication,department_job_role_free,department_job_role_free,xgboost,5,24,24,3,3,True,0.9665676384291041,0.00129032779364786,0.9665676384291041,0.032142033777247996
manuscript_final_20260712T175251Z_c664ef152ff3,c664ef152ff3a9eef89c53a403b9c2e6f677340bea0307b02d97d07cc54bdfc3,hrdataset_v14,ordinal_multiclass_performance,independent external performance-target replication,department_job_role_free,department_job_role_free,xgboost,5,35,35,3,3,True,0.9907256185813323,0.0010145240600965722,0.9907256185813323,0.008259857358571125
manuscript_final_20260712T175251Z_c664ef152ff3,c664ef152ff3a9eef89c53a403b9c2e6f677340bea0307b02d97d07cc54bdfc3,hrdataset_v14,ordinal_multiclass_performance,independent external performance-target replication,department_job_role_free,department_job_role_free,xgboost,5,38,38,3,3,True,0.9842990078784506,0.0013105737000879143,0.9842990078784506,0.014390418421461507
manuscript_final_20260712T175251Z_c664ef152ff3,c664ef152ff3a9eef89c53a403b9c2e6f677340bea0307b02d97d07cc54bdfc3,hrdataset_v14,ordinal_multiclass_performance,independent external performance-target replication,department_job_role_free,department_job_role_free,xgboost,5,64,64,3,2,False,0.833770168330821,0.833770168330821,0.10321369920989423,0.06301613245928485
manuscript_final_20260712T175251Z_c664ef152ff3,c664ef152ff3a9eef89c53a403b9c2e6f677340bea0307b02d97d07cc54bdfc3,hrdataset_v14,ordinal_multiclass_performance,independent external performance-target replication,department_job_role_free,department_job_role_free,xgboost,5,73,73,2,3,False,0.9871322604934946,0.0017535707506338228,0.9871322604934946,0.011114168755871602
manuscript_final_20260712T175251Z_c664ef152ff3,c664ef152ff3a9eef89c53a403b9c2e6f677340bea0307b02d97d07cc54bdfc3,hrdataset_v14,ordinal_multiclass_performance,independent external performance-target replication,department_job_role_free,department_job_role_free,xgboost,5,77,77,4,3,False,0.9651240617119419,0.0009837929908757376,0.9651240617119419,0.03389214529718244
manuscript_final_20260712T175251Z_c664ef152ff3,c664ef152ff3a9eef89c53a403b9c2e6f677340bea0307b02d97d07cc54bdfc3,hrdataset_v14,ordinal_multiclass_performance,independent external performance-target replication,department_job_role_free,department_job_role_free,xgboost,5,100,100,3,3,True,0.9244099102257929,0.0022226369096309657,0.9244099102257929,0.07336745286457612
manuscript_final_20260712T175251Z_c664ef152ff3,c664ef152ff3a9eef89c53a403b9c2e6f677340bea0307b02d97d07cc54bdfc3,hrdataset_v14,ordinal_multiclass_performance,independent external performance-target replication,department_job_role_free,department_job_role_free,xgboost,5,104,104,3,3,True,0.9737980456445184,0.003065494849025224,0.9737980456445184,0.023136459506456365
manuscript_final_20260712T175251Z_c664ef152ff3,c664ef152ff3a9eef89c53a403b9c2e6f677340bea0307b02d97d07cc54bdfc3,hrdataset_v14,ordinal_multiclass_performance,independent external performance-target replication,department_job_role_free,department_job_role_free,xgboost,5,110,110,3,3,True,0.9511003141057445,0.0012289507556665583,0.9511003141057445,0.04767073513858899
manuscript_final_20260712T175251Z_c664ef152ff3,c664ef152ff3a9eef89c53a403b9c2e6f677340bea0307b02d97d07cc54bdfc3,hrdataset_v14,ordinal_multiclass_performance,independent external performance-target replication,department_job_role_free,department_job_role_free,xgboost,5,115,115,3,3,True,0.9736795904709727,0.001286537254635089,0.9736795904709727,0.025033872274392185
manuscript_final_20260712T175251Z_c664ef152ff3,c664ef152ff3a9eef89c53a403b9c2e6f677340bea0307b02d97d07cc54bdfc3,hrdataset_v14,ordinal_multiclass_performance,independent external performance-target replication,department_job_role_free,department_job_role_free,xgboost,5,131,131,3,4,False,0.7608894231965231,0.0026042450172111637,0.23650633178626582,0.7608894231965231
manuscript_final_20260712T175251Z_c664ef152ff3,c664ef152ff3a9eef89c53a403b9c2e6f677340bea0307b02d97d07cc54bdfc3,hrdataset_v14,ordinal_multiclass_performance,independent external performance-target replication,department_job_role_free,department_job_role_free,xgboost,5,133,133,3,3,True,0.9941708188613502,0.0005798169727531066,0.9941708188613502,0.005249364165896685
manuscript_final_20260712T175251Z_c664ef152ff3,c664ef152ff3a9eef89c53a403b9c2e6f677340bea0307b02d97d07cc54bdfc3,hrdataset_v14,ordinal_multiclass_performance,independent external performance-target replication,department_job_role_free,department_job_role_free,xgboost,5,135,135,3,3,True,0.9658155031318852,0.0008396537321343427,0.9658155031318852,0.03334484313598037
manuscript_final_20260712T175251Z_c664ef152ff3,c664ef152ff3a9eef89c53a403b9c2e6f677340bea0307b02d97d07cc54bdfc3,hrdataset_v14,ordinal_multiclass_performance,independent external performance-target replication,department_job_role_free,department_job_role_free,xgboost,5,139,139,3,3,True,0.9199945137274844,0.0022827620685937043,0.9199945137274844,0.07772272420392189
manuscript_final_20260712T175251Z_c664ef152ff3,c664ef152ff3a9eef89c53a403b9c2e6f677340bea0307b02d97d07cc54bdfc3,hrdataset_v14,ordinal_multiclass_performance,independent external performance-target replication,department_job_role_free,department_job_role_free,xgboost,5,142,142,3,3,True,0.9752242676415456,0.0010737383394998448,0.9752242676415456,0.023701994018954623
manuscript_final_20260712T175251Z_c664ef152ff3,c664ef152ff3a9eef89c53a403b9c2e6f677340bea0307b02d97d07cc54bdfc3,hrdataset_v14,ordinal_multiclass_performance,independent external performance-target replication,department_job_role_free,department_job_role_free,xgboost,5,143,143,4,3,False,0.9926012851140078,0.0006142520425194059,0.9926012851140078,0.006784462843472776
manuscript_final_20260712T175251Z_c664ef152ff3,c664ef152ff3a9eef89c53a403b9c2e6f677340bea0307b02d97d07cc54bdfc3,hrdataset_v14,ordinal_multiclass_performance,independent external performance-target replication,department_job_role_free,department_job_role_free,xgboost,5,146,146,3,3,True,0.986351432827462,0.0012253777852436682,0.986351432827462,0.012423189387294345
manuscript_final_20260712T175251Z_c664ef152ff3,c664ef152ff3a9eef89c53a403b9c2e6f677340bea0307b02d97d07cc54bdfc3,hrdataset_v14,ordinal_multiclass_performance,independent external performance-target replication,department_job_role_free,department_job_role_free,xgboost,5,149,149,3,3,True,0.9943533813432538,0.0003750978963839863,0.9943533813432538,0.005271520760362207
manuscript_final_20260712T175251Z_c664ef152ff3,c664ef152ff3a9eef89c53a403b9c2e6f677340bea0307b02d97d07cc54bdfc3,hrdataset_v14,ordinal_multiclass_performance,independent external performance-target replication,department_job_role_free,department_job_role_free,xgboost,5,154,154,3,3,True,0.9929415590129566,0.0028139483841236592,0.9929415590129566,0.004244492602919784
manuscript_final_20260712T175251Z_c664ef152ff3,c664ef152ff3a9eef89c53a403b9c2e6f677340bea0307b02d97d07cc54bdfc3,hrdataset_v14,ordinal_multiclass_performance,independent external performance-target replication,department_job_role_free,department_job_role_free,xgboost,5,161,161,3,3,True,0.9894560141853637,0.0011007845349622215,0.9894560141853637,0.009443201279674119
manuscript_final_20260712T175251Z_c664ef152ff3,c664ef152ff3a9eef89c53a403b9c2e6f677340bea0307b02d97d07cc54bdfc3,hrdataset_v14,ordinal_multiclass_performance,independent external performance-target replication,department_job_role_free,department_job_role_free,xgboost,5,189,189,3,3,True,0.91702224130024,0.004706731292869099,0.91702224130024,0.07827102740689089
manuscript_final_20260712T175251Z_c664ef152ff3,c664ef152ff3a9eef89c53a403b9c2e6f677340bea0307b02d97d07cc54bdfc3,hrdataset_v14,ordinal_multiclass_performance,independent external performance-target replication,department_job_role_free,department_job_role_free,xgboost,5,196,196,3,3,True,0.8906603899321807,0.003338339439221807,0.8906603899321807,0.10600127062859757
manuscript_final_20260712T175251Z_c664ef152ff3,c664ef152ff3a9eef89c53a403b9c2e6f677340bea0307b02d97d07cc54bdfc3,hrdataset_v14,ordinal_multiclass_performance,independent external performance-target replication,department_job_role_free,department_job_role_free,xgboost,5,199,199,3,3,True,0.9759345227319337,0.006463221388683846,0.9759345227319337,0.017602255879382474
manuscript_final_20260712T175251Z_c664ef152ff3,c664ef152ff3a9eef89c53a403b9c2e6f677340bea0307b02d97d07cc54bdfc3,hrdataset_v14,ordinal_multiclass_performance,independent external performance-target replication,department_job_role_free,department_job_role_free,xgboost,5,246,246,2,2,True,0.9944988038980925,0.9944988038980925,0.00414444000020151,0.0013567561017059802
manuscript_final_20260712T175251Z_c664ef152ff3,c664ef152ff3a9eef89c53a403b9c2e6f677340bea0307b02d97d07cc54bdfc3,hrdataset_v14,ordinal_multiclass_performance,independent external performance-target replication,department_job_role_free,department_job_role_free,xgboost,5,270,270,3,3,True,0.966973848452613,0.0017125698525070321,0.966973848452613,0.03131358169487998
manuscript_final_20260712T175251Z_c664ef152ff3,c664ef152ff3a9eef89c53a403b9c2e6f677340bea0307b02d97d07cc54bdfc3,hrdataset_v14,ordinal_multiclass_performance,independent external performance-target replication,department_job_role_free,department_job_role_free,xgboost,5,276,276,3,3,True,0.8831323767440005,0.0035087111487737952,0.8831323767440005,0.11335891210722578
manuscript_final_20260712T175251Z_c664ef152ff3,c664ef152ff3a9eef89c53a403b9c2e6f677340bea0307b02d97d07cc54bdfc3,hrdataset_v14,ordinal_multiclass_performance,independent external performance-target replication,department_job_role_free,department_job_role_free,xgboost,5,282,282,4,3,False,0.9976225851012762,0.00035301896954328515,0.9976225851012762,0.0020243959291804644
manuscript_final_20260712T175251Z_c664ef152ff3,c664ef152ff3a9eef89c53a403b9c2e6f677340bea0307b02d97d07cc54bdfc3,hrdataset_v14,ordinal_multiclass_performance,independent external performance-target replication,department_job_role_free,department_job_role_free,xgboost,5,290,290,3,3,True,0.5995390997278991,0.004752161435894292,0.5995390997278991,0.39570873883620666
manuscript_final_20260712T175251Z_c664ef152ff3,c664ef152ff3a9eef89c53a403b9c2e6f677340bea0307b02d97d07cc54bdfc3,hrdataset_v14,ordinal_multiclass_performance,independent external performance-target replication,department_job_role_free,department_job_role_free,xgboost,5,307,307,2,2,True,0.9821046027343233,0.9821046027343233,0.017291346622258816,0.0006040506434179195
manuscript_final_20260712T175251Z_c664ef152ff3,c664ef152ff3a9eef89c53a403b9c2e6f677340bea0307b02d97d07cc54bdfc3,hrdataset_v14,ordinal_multiclass_performance,independent external performance-target replication,department_job_role_free,department_job_role_free,xgboost,6,25,25,3,3,True,0.9932860425649209,0.005195319492281454,0.9932860425649209,0.0015186379427976145
manuscript_final_20260712T175251Z_c664ef152ff3,c664ef152ff3a9eef89c53a403b9c2e6f677340bea0307b02d97d07cc54bdfc3,hrdataset_v14,ordinal_multiclass_performance,independent external performance-target replication,department_job_role_free,department_job_role_free,xgboost,6,41,41,3,3,True,0.7999521400785057,0.004400607612908263,0.7999521400785057,0.195647252308586
manuscript_final_20260712T175251Z_c664ef152ff3,c664ef152ff3a9eef89c53a403b9c2e6f677340bea0307b02d97d07cc54bdfc3,hrdataset_v14,ordinal_multiclass_performance,independent external performance-target replication,department_job_role_free,department_job_role_free,xgboost,6,46,46,3,3,True,0.986832685880921,0.0013608779273371094,0.986832685880921,0.01180643619174189
manuscript_final_20260712T175251Z_c664ef152ff3,c664ef152ff3a9eef89c53a403b9c2e6f677340bea0307b02d97d07cc54bdfc3,hrdataset_v14,ordinal_multiclass_performance,independent external performance-target replication,department_job_role_free,department_job_role_free,xgboost,6,48,48,3,3,True,0.9820813696705029,0.0018787482128274568,0.9820813696705029,0.01603988211666973
manuscript_final_20260712T175251Z_c664ef152ff3,c664ef152ff3a9eef89c53a403b9c2e6f677340bea0307b02d97d07cc54bdfc3,hrdataset_v14,ordinal_multiclass_performance,independent external performance-target replication,department_job_role_free,department_job_role_free,xgboost,6,50,50,3,3,True,0.9583182585916491,0.0016109756383194493,0.9583182585916491,0.04007076577003141
manuscript_final_20260712T175251Z_c664ef152ff3,c664ef152ff3a9eef89c53a403b9c2e6f677340bea0307b02d97d07cc54bdfc3,hrdataset_v14,ordinal_multiclass_performance,independent external performance-target replication,department_job_role_free,department_job_role_free,xgboost,6,65,65,3,3,True,0.9869626728008957,0.0008828255735600768,0.9869626728008957,0.012154501625544281
manuscript_final_20260712T175251Z_c664ef152ff3,c664ef152ff3a9eef89c53a403b9c2e6f677340bea0307b02d97d07cc54bdfc3,hrdataset_v14,ordinal_multiclass_performance,independent external performance-target replication,department_job_role_free,department_job_role_free,xgboost,6,72,72,2,2,True,0.6849034275508651,0.6849034275508651,0.3141720820775908,0.0009244903715441293
manuscript_final_20260712T175251Z_c664ef152ff3,c664ef152ff3a9eef89c53a403b9c2e6f677340bea0307b02d97d07cc54bdfc3,hrdataset_v14,ordinal_multiclass_performance,independent external performance-target replication,department_job_role_free,department_job_role_free,xgboost,6,75,75,3,3,True,0.502801533065164,0.0012341826113641868,0.502801533065164,0.4959642843234719
manuscript_final_20260712T175251Z_c664ef152ff3,c664ef152ff3a9eef89c53a403b9c2e6f677340bea0307b02d97d07cc54bdfc3,hrdataset_v14,ordinal_multiclass_performance,independent external performance-target replication,department_job_role_free,department_job_role_free,xgboost,6,98,98,3,3,True,0.4896299656618399,0.3987461179961965,0.4896299656618399,0.11162391634196354
manuscript_final_20260712T175251Z_c664ef152ff3,c664ef152ff3a9eef89c53a403b9c2e6f677340bea0307b02d97d07cc54bdfc3,hrdataset_v14,ordinal_multiclass_performance,independent external performance-target replication,department_job_role_free,department_job_role_free,xgboost,6,99,99,3,4,False,0.7499231277076642,0.006576623400116895,0.24350024889221886,0.7499231277076642
manuscript_final_20260712T175251Z_c664ef152ff3,c664ef152ff3a9eef89c53a403b9c2e6f677340bea0307b02d97d07cc54bdfc3,hrdataset_v14,ordinal_multiclass_performance,independent external performance-target replication,department_job_role_free,department_job_role_free,xgboost,6,105,105,2,2,True,0.9539001298942645,0.9539001298942645,0.037886937452520066,0.008212932653215382
manuscript_final_20260712T175251Z_c664ef152ff3,c664ef152ff3a9eef89c53a403b9c2e6f677340bea0307b02d97d07cc54bdfc3,hrdataset_v14,ordinal_multiclass_performance,independent external performance-target replication,department_job_role_free,department_job_role_free,xgboost,6,129,129,3,3,True,0.9895375994673118,0.004831933895587737,0.9895375994673118,0.005630466637100466
manuscript_final_20260712T175251Z_c664ef152ff3,c664ef152ff3a9eef89c53a403b9c2e6f677340bea0307b02d97d07cc54bdfc3,hrdataset_v14,ordinal_multiclass_performance,independent external performance-target replication,department_job_role_free,department_job_role_free,xgboost,6,155,155,3,3,True,0.9657515334795755,0.01937330776660538,0.9657515334795755,0.014875158753819126
manuscript_final_20260712T175251Z_c664ef152ff3,c664ef152ff3a9eef89c53a403b9c2e6f677340bea0307b02d97d07cc54bdfc3,hrdataset_v14,ordinal_multiclass_performance,independent external performance-target replication,department_job_role_free,department_job_role_free,xgboost,6,178,178,3,3,True,0.9886886182530482,0.00045173151118725076,0.9886886182530482,0.010859650235764523
manuscript_final_20260712T175251Z_c664ef152ff3,c664ef152ff3a9eef89c53a403b9c2e6f677340bea0307b02d97d07cc54bdfc3,hrdataset_v14,ordinal_multiclass_performance,independent external performance-target replication,department_job_role_free,department_job_role_free,xgboost,6,186,186,3,3,True,0.9940601179589615,0.0003343342459309961,0.9940601179589615,0.0056055477951074606
manuscript_final_20260712T175251Z_c664ef152ff3,c664ef152ff3a9eef89c53a403b9c2e6f677340bea0307b02d97d07cc54bdfc3,hrdataset_v14,ordinal_multiclass_performance,independent external performance-target replication,department_job_role_free,department_job_role_free,xgboost,6,192,192,3,3,True,0.537384764599296,0.0022250114211408594,0.537384764599296,0.4603902239795632
manuscript_final_20260712T175251Z_c664ef152ff3,c664ef152ff3a9eef89c53a403b9c2e6f677340bea0307b02d97d07cc54bdfc3,hrdataset_v14,ordinal_multiclass_performance,independent external performance-target replication,department_job_role_free,department_job_role_free,xgboost,6,195,195,3,3,True,0.9361889869012524,0.0009789860248243373,0.9361889869012524,0.06283202707392324
manuscript_final_20260712T175251Z_c664ef152ff3,c664ef152ff3a9eef89c53a403b9c2e6f677340bea0307b02d97d07cc54bdfc3,hrdataset_v14,ordinal_multiclass_performance,independent external performance-target replication,department_job_role_free,department_job_role_free,xgboost,6,201,201,4,3,False,0.9977491793603597,0.0004969997827995621,0.9977491793603597,0.0017538208568407465
manuscript_final_20260712T175251Z_c664ef152ff3,c664ef152ff3a9eef89c53a403b9c2e6f677340bea0307b02d97d07cc54bdfc3,hrdataset_v14,ordinal_multiclass_performance,independent external performance-target replication,department_job_role_free,department_job_role_free,xgboost,6,221,221,3,3,True,0.9937626148548617,0.0006002314858820477,0.9937626148548617,0.005637153659256253
manuscript_final_20260712T175251Z_c664ef152ff3,c664ef152ff3a9eef89c53a403b9c2e6f677340bea0307b02d97d07cc54bdfc3,hrdataset_v14,ordinal_multiclass_performance,independent external performance-target replication,department_job_role_free,department_job_role_free,xgboost,6,227,227,3,3,True,0.9578199892934303,0.0010536953750971407,0.9578199892934303,0.04112631533147256
manuscript_final_20260712T175251Z_c664ef152ff3,c664ef152ff3a9eef89c53a403b9c2e6f677340bea0307b02d97d07cc54bdfc3,hrdataset_v14,ordinal_multiclass_performance,independent external performance-target replication,department_job_role_free,department_job_role_free,xgboost,6,229,229,3,3,True,0.9598663163224961,0.027025316967805715,0.9598663163224961,0.01310836670969824
manuscript_final_20260712T175251Z_c664ef152ff3,c664ef152ff3a9eef89c53a403b9c2e6f677340bea0307b02d97d07cc54bdfc3,hrdataset_v14,ordinal_multiclass_performance,independent external performance-target replication,department_job_role_free,department_job_role_free,xgboost,6,230,230,3,3,True,0.9703460304500786,0.0029880494687269366,0.9703460304500786,0.026665920081194495
manuscript_final_20260712T175251Z_c664ef152ff3,c664ef152ff3a9eef89c53a403b9c2e6f677340bea0307b02d97d07cc54bdfc3,hrdataset_v14,ordinal_multiclass_performance,independent external performance-target replication,department_job_role_free,department_job_role_free,xgboost,6,237,237,4,3,False,0.9917629233287469,0.006938466295784064,0.9917629233287469,0.0012986103754690026
manuscript_final_20260712T175251Z_c664ef152ff3,c664ef152ff3a9eef89c53a403b9c2e6f677340bea0307b02d97d07cc54bdfc3,hrdataset_v14,ordinal_multiclass_performance,independent external performance-target replication,department_job_role_free,department_job_role_free,xgboost,6,243,243,3,3,True,0.9258143694889314,0.04188658575967135,0.9258143694889314,0.03229904475139726
manuscript_final_20260712T175251Z_c664ef152ff3,c664ef152ff3a9eef89c53a403b9c2e6f677340bea0307b02d97d07cc54bdfc3,hrdataset_v14,ordinal_multiclass_performance,independent external performance-target replication,department_job_role_free,department_job_role_free,xgboost,6,258,258,2,2,True,0.822848380974981,0.822848380974981,0.14895759958701435,0.02819401943800461
manuscript_final_20260712T175251Z_c664ef152ff3,c664ef152ff3a9eef89c53a403b9c2e6f677340bea0307b02d97d07cc54bdfc3,hrdataset_v14,ordinal_multiclass_performance,independent external performance-target replication,department_job_role_free,department_job_role_free,xgboost,6,272,272,3,3,True,0.9421381204680325,0.001458098366093593,0.9421381204680325,0.056403781165873974
manuscript_final_20260712T175251Z_c664ef152ff3,c664ef152ff3a9eef89c53a403b9c2e6f677340bea0307b02d97d07cc54bdfc3,hrdataset_v14,ordinal_multiclass_performance,independent external performance-target replication,department_job_role_free,department_job_role_free,xgboost,6,274,274,4,3,False,0.8444431268817263,0.0022817735606198873,0.8444431268817263,0.1532750995576538
manuscript_final_20260712T175251Z_c664ef152ff3,c664ef152ff3a9eef89c53a403b9c2e6f677340bea0307b02d97d07cc54bdfc3,hrdataset_v14,ordinal_multiclass_performance,independent external performance-target replication,department_job_role_free,department_job_role_free,xgboost,6,289,289,4,3,False,0.9730617464785842,0.0005836608149367693,0.9730617464785842,0.02635459270647901
manuscript_final_20260712T175251Z_c664ef152ff3,c664ef152ff3a9eef89c53a403b9c2e6f677340bea0307b02d97d07cc54bdfc3,hrdataset_v14,ordinal_multiclass_performance,independent external performance-target replication,department_job_role_free,department_job_role_free,xgboost,6,294,294,3,3,True,0.9805612689825657,0.003903145248990524,0.9805612689825657,0.015535585768443843
manuscript_final_20260712T175251Z_c664ef152ff3,c664ef152ff3a9eef89c53a403b9c2e6f677340bea0307b02d97d07cc54bdfc3,hrdataset_v14,ordinal_multiclass_performance,independent external performance-target replication,department_job_role_free,department_job_role_free,xgboost,6,302,302,3,3,True,0.99646237160894,0.0009544372124956194,0.99646237160894,0.002583191178564322
manuscript_final_20260712T175251Z_c664ef152ff3,c664ef152ff3a9eef89c53a403b9c2e6f677340bea0307b02d97d07cc54bdfc3,hrdataset_v14,ordinal_multiclass_performance,independent external performance-target replication,department_job_role_free,department_job_role_free,xgboost,6,310,310,3,3,True,0.973527710471226,0.0018221353755659955,0.973527710471226,0.024650154153208027
manuscript_final_20260712T175251Z_c664ef152ff3,c664ef152ff3a9eef89c53a403b9c2e6f677340bea0307b02d97d07cc54bdfc3,hrdataset_v14,ordinal_multiclass_performance,independent external performance-target replication,department_job_role_free,department_job_role_free,xgboost,7,6,6,3,3,True,0.995245123566213,0.001336633529863325,0.995245123566213,0.003418242903923662
manuscript_final_20260712T175251Z_c664ef152ff3,c664ef152ff3a9eef89c53a403b9c2e6f677340bea0307b02d97d07cc54bdfc3,hrdataset_v14,ordinal_multiclass_performance,independent external performance-target replication,department_job_role_free,department_job_role_free,xgboost,7,8,8,3,3,True,0.8865566022974715,0.002491790671145299,0.8865566022974715,0.1109516070313832
manuscript_final_20260712T175251Z_c664ef152ff3,c664ef152ff3a9eef89c53a403b9c2e6f677340bea0307b02d97d07cc54bdfc3,hrdataset_v14,ordinal_multiclass_performance,independent external performance-target replication,department_job_role_free,department_job_role_free,xgboost,7,13,13,3,3,True,0.8084959805677896,0.002142601291569296,0.8084959805677896,0.18936141814064114
manuscript_final_20260712T175251Z_c664ef152ff3,c664ef152ff3a9eef89c53a403b9c2e6f677340bea0307b02d97d07cc54bdfc3,hrdataset_v14,ordinal_multiclass_performance,independent external performance-target replication,department_job_role_free,department_job_role_free,xgboost,7,27,27,3,3,True,0.9936071376346062,0.0019211227274022102,0.9936071376346062,0.004471739637991653
manuscript_final_20260712T175251Z_c664ef152ff3,c664ef152ff3a9eef89c53a403b9c2e6f677340bea0307b02d97d07cc54bdfc3,hrdataset_v14,ordinal_multiclass_performance,independent external performance-target replication,department_job_role_free,department_job_role_free,xgboost,7,28,28,3,3,True,0.9941109093630166,0.0024596632662649736,0.9941109093630166,0.003429427370718448
manuscript_final_20260712T175251Z_c664ef152ff3,c664ef152ff3a9eef89c53a403b9c2e6f677340bea0307b02d97d07cc54bdfc3,hrdataset_v14,ordinal_multiclass_performance,independent external performance-target replication,department_job_role_free,department_job_role_free,xgboost,7,36,36,4,3,False,0.8140818523115025,0.0014031472463107452,0.8140818523115025,0.18451500044218672
manuscript_final_20260712T175251Z_c664ef152ff3,c664ef152ff3a9eef89c53a403b9c2e6f677340bea0307b02d97d07cc54bdfc3,hrdataset_v14,ordinal_multiclass_performance,independent external performance-target replication,department_job_role_free,department_job_role_free,xgboost,7,55,55,4,3,False,0.9630944522552449,0.010401245915117993,0.9630944522552449,0.026504301829637082
manuscript_final_20260712T175251Z_c664ef152ff3,c664ef152ff3a9eef89c53a403b9c2e6f677340bea0307b02d97d07cc54bdfc3,hrdataset_v14,ordinal_multiclass_performance,independent external performance-target replication,department_job_role_free,department_job_role_free,xgboost,7,76,76,4,3,False,0.8351448294959706,0.0027461955707454434,0.8351448294959706,0.162108974933284
manuscript_final_20260712T175251Z_c664ef152ff3,c664ef152ff3a9eef89c53a403b9c2e6f677340bea0307b02d97d07cc54bdfc3,hrdataset_v14,ordinal_multiclass_performance,independent external performance-target replication,department_job_role_free,department_job_role_free,xgboost,7,83,83,2,2,True,0.9809213167577822,0.9809213167577822,0.017152870696511502,0.0019258125457063328
manuscript_final_20260712T175251Z_c664ef152ff3,c664ef152ff3a9eef89c53a403b9c2e6f677340bea0307b02d97d07cc54bdfc3,hrdataset_v14,ordinal_multiclass_performance,independent external performance-target replication,department_job_role_free,department_job_role_free,xgboost,7,87,87,3,4,False,0.7832926263141551,0.0011843148911399736,0.2155230587947049,0.7832926263141551
manuscript_final_20260712T175251Z_c664ef152ff3,c664ef152ff3a9eef89c53a403b9c2e6f677340bea0307b02d97d07cc54bdfc3,hrdataset_v14,ordinal_multiclass_performance,independent external performance-target replication,department_job_role_free,department_job_role_free,xgboost,7,90,90,2,2,True,0.9939562737350084,0.9939562737350084,0.005396848576520485,0.0006468776884710838
manuscript_final_20260712T175251Z_c664ef152ff3,c664ef152ff3a9eef89c53a403b9c2e6f677340bea0307b02d97d07cc54bdfc3,hrdataset_v14,ordinal_multiclass_performance,independent external performance-target replication,department_job_role_free,department_job_role_free,xgboost,7,92,92,3,3,True,0.9108596814315403,0.0016630166962018054,0.9108596814315403,0.08747730187225793
manuscript_final_20260712T175251Z_c664ef152ff3,c664ef152ff3a9eef89c53a403b9c2e6f677340bea0307b02d97d07cc54bdfc3,hrdataset_v14,ordinal_multiclass_performance,independent external performance-target replication,department_job_role_free,department_job_role_free,xgboost,7,118,118,3,3,True,0.8090277321720755,0.0027050515661994476,0.8090277321720755,0.18826721626172516
manuscript_final_20260712T175251Z_c664ef152ff3,c664ef152ff3a9eef89c53a403b9c2e6f677340bea0307b02d97d07cc54bdfc3,hrdataset_v14,ordinal_multiclass_performance,independent external performance-target replication,department_job_role_free,department_job_role_free,xgboost,7,121,121,3,3,True,0.9910867534208221,0.00030353376378532815,0.9910867534208221,0.008609712815392554
manuscript_final_20260712T175251Z_c664ef152ff3,c664ef152ff3a9eef89c53a403b9c2e6f677340bea0307b02d97d07cc54bdfc3,hrdataset_v14,ordinal_multiclass_performance,independent external performance-target replication,department_job_role_free,department_job_role_free,xgboost,7,122,122,3,3,True,0.9804407734255347,0.0007877935142696326,0.9804407734255347,0.01877143306019567
manuscript_final_20260712T175251Z_c664ef152ff3,c664ef152ff3a9eef89c53a403b9c2e6f677340bea0307b02d97d07cc54bdfc3,hrdataset_v14,ordinal_multiclass_performance,independent external performance-target replication,department_job_role_free,department_job_role_free,xgboost,7,132,132,3,3,True,0.9919916546273962,0.005045905950533218,0.9919916546273962,0.0029624394220705307
manuscript_final_20260712T175251Z_c664ef152ff3,c664ef152ff3a9eef89c53a403b9c2e6f677340bea0307b02d97d07cc54bdfc3,hrdataset_v14,ordinal_multiclass_performance,independent external performance-target replication,department_job_role_free,department_job_role_free,xgboost,7,147,147,3,3,True,0.989277792269386,0.000878044769480426,0.989277792269386,0.009844162961133633
manuscript_final_20260712T175251Z_c664ef152ff3,c664ef152ff3a9eef89c53a403b9c2e6f677340bea0307b02d97d07cc54bdfc3,hrdataset_v14,ordinal_multiclass_performance,independent external performance-target replication,department_job_role_free,department_job_role_free,xgboost,7,150,150,3,3,True,0.8709493822779777,0.002286544521467258,0.8709493822779777,0.12676407320055508
manuscript_final_20260712T175251Z_c664ef152ff3,c664ef152ff3a9eef89c53a403b9c2e6f677340bea0307b02d97d07cc54bdfc3,hrdataset_v14,ordinal_multiclass_performance,independent external performance-target replication,department_job_role_free,department_job_role_free,xgboost,7,151,151,3,3,True,0.9805734534433457,0.0040727601407596434,0.9805734534433457,0.015353786415894632
manuscript_final_20260712T175251Z_c664ef152ff3,c664ef152ff3a9eef89c53a403b9c2e6f677340bea0307b02d97d07cc54bdfc3,hrdataset_v14,ordinal_multiclass_performance,independent external performance-target replication,department_job_role_free,department_job_role_free,xgboost,7,157,157,3,3,True,0.8690644115149428,0.0009639708593952424,0.8690644115149428,0.12997161762566195
manuscript_final_20260712T175251Z_c664ef152ff3,c664ef152ff3a9eef89c53a403b9c2e6f677340bea0307b02d97d07cc54bdfc3,hrdataset_v14,ordinal_multiclass_performance,independent external performance-target replication,department_job_role_free,department_job_role_free,xgboost,7,164,164,3,3,True,0.9590922773651057,0.0010161014065372496,0.9590922773651057,0.039891621228356995
manuscript_final_20260712T175251Z_c664ef152ff3,c664ef152ff3a9eef89c53a403b9c2e6f677340bea0307b02d97d07cc54bdfc3,hrdataset_v14,ordinal_multiclass_performance,independent external performance-target replication,department_job_role_free,department_job_role_free,xgboost,7,191,191,4,3,False,0.8324460488015774,0.0028744964277077965,0.8324460488015774,0.16467945477071488
manuscript_final_20260712T175251Z_c664ef152ff3,c664ef152ff3a9eef89c53a403b9c2e6f677340bea0307b02d97d07cc54bdfc3,hrdataset_v14,ordinal_multiclass_performance,independent external performance-target replication,department_job_role_free,department_job_role_free,xgboost,7,203,203,3,3,True,0.9340611008699461,0.008751901339376604,0.9340611008699461,0.05718699779067735
manuscript_final_20260712T175251Z_c664ef152ff3,c664ef152ff3a9eef89c53a403b9c2e6f677340bea0307b02d97d07cc54bdfc3,hrdataset_v14,ordinal_multiclass_performance,independent external performance-target replication,department_job_role_free,department_job_role_free,xgboost,7,214,214,2,2,True,0.9827533493559614,0.9827533493559614,0.016906189860575196,0.00034046078346343714
manuscript_final_20260712T175251Z_c664ef152ff3,c664ef152ff3a9eef89c53a403b9c2e6f677340bea0307b02d97d07cc54bdfc3,hrdataset_v14,ordinal_multiclass_performance,independent external performance-target replication,department_job_role_free,department_job_role_free,xgboost,7,224,224,3,3,True,0.9934724872337878,0.002033735920307088,0.9934724872337878,0.004493776845905177
manuscript_final_20260712T175251Z_c664ef152ff3,c664ef152ff3a9eef89c53a403b9c2e6f677340bea0307b02d97d07cc54bdfc3,hrdataset_v14,ordinal_multiclass_performance,independent external performance-target replication,department_job_role_free,department_job_role_free,xgboost,7,241,241,3,3,True,0.7643864897689515,0.0015755401994059948,0.7643864897689515,0.23403797003164248
manuscript_final_20260712T175251Z_c664ef152ff3,c664ef152ff3a9eef89c53a403b9c2e6f677340bea0307b02d97d07cc54bdfc3,hrdataset_v14,ordinal_multiclass_performance,independent external performance-target replication,department_job_role_free,department_job_role_free,xgboost,7,245,245,3,3,True,0.9430278719701538,0.0028646546962907736,0.9430278719701538,0.054107473333555464
manuscript_final_20260712T175251Z_c664ef152ff3,c664ef152ff3a9eef89c53a403b9c2e6f677340bea0307b02d97d07cc54bdfc3,hrdataset_v14,ordinal_multiclass_performance,independent external performance-target replication,department_job_role_free,department_job_role_free,xgboost,7,261,261,3,3,True,0.9438278915707846,0.0014287947342854514,0.9438278915707846,0.0547433136949299
manuscript_final_20260712T175251Z_c664ef152ff3,c664ef152ff3a9eef89c53a403b9c2e6f677340bea0307b02d97d07cc54bdfc3,hrdataset_v14,ordinal_multiclass_performance,independent external performance-target replication,department_job_role_free,department_job_role_free,xgboost,7,264,264,3,3,True,0.989262080246176,0.0007925062960094607,0.989262080246176,0.009945413457814556
manuscript_final_20260712T175251Z_c664ef152ff3,c664ef152ff3a9eef89c53a403b9c2e6f677340bea0307b02d97d07cc54bdfc3,hrdataset_v14,ordinal_multiclass_performance,independent external performance-target replication,department_job_role_free,department_job_role_free,xgboost,7,278,278,3,3,True,0.9513353324426158,0.012134736849187236,0.9513353324426158,0.03652993070819693
manuscript_final_20260712T175251Z_c664ef152ff3,c664ef152ff3a9eef89c53a403b9c2e6f677340bea0307b02d97d07cc54bdfc3,hrdataset_v14,ordinal_multiclass_performance,independent external performance-target replication,department_job_role_free,department_job_role_free,xgboost,7,305,305,3,3,True,0.9736464995949806,0.005514549770256332,0.9736464995949806,0.020838950634763063
manuscript_final_20260712T175251Z_c664ef152ff3,c664ef152ff3a9eef89c53a403b9c2e6f677340bea0307b02d97d07cc54bdfc3,hrdataset_v14,ordinal_multiclass_performance,independent external performance-target replication,department_job_role_free,department_job_role_free,xgboost,8,11,11,3,3,True,0.7426959476789297,0.002705249077130317,0.7426959476789297,0.25459880324394
manuscript_final_20260712T175251Z_c664ef152ff3,c664ef152ff3a9eef89c53a403b9c2e6f677340bea0307b02d97d07cc54bdfc3,hrdataset_v14,ordinal_multiclass_performance,independent external performance-target replication,department_job_role_free,department_job_role_free,xgboost,8,16,16,4,3,False,0.9791778379197412,0.0004520281258413574,0.9791778379197412,0.02037013395441739
manuscript_final_20260712T175251Z_c664ef152ff3,c664ef152ff3a9eef89c53a403b9c2e6f677340bea0307b02d97d07cc54bdfc3,hrdataset_v14,ordinal_multiclass_performance,independent external performance-target replication,department_job_role_free,department_job_role_free,xgboost,8,29,29,3,3,True,0.6578194575596072,0.0037598791969926004,0.6578194575596072,0.3384206632434002
manuscript_final_20260712T175251Z_c664ef152ff3,c664ef152ff3a9eef89c53a403b9c2e6f677340bea0307b02d97d07cc54bdfc3,hrdataset_v14,ordinal_multiclass_performance,independent external performance-target replication,department_job_role_free,department_job_role_free,xgboost,8,40,40,3,3,True,0.9799702358030515,0.0005447353575111838,0.9799702358030515,0.01948502883943727
manuscript_final_20260712T175251Z_c664ef152ff3,c664ef152ff3a9eef89c53a403b9c2e6f677340bea0307b02d97d07cc54bdfc3,hrdataset_v14,ordinal_multiclass_performance,independent external performance-target replication,department_job_role_free,department_job_role_free,xgboost,8,45,45,3,3,True,0.9940394825220477,0.004561381171327948,0.9940394825220477,0.001399136306624344
manuscript_final_20260712T175251Z_c664ef152ff3,c664ef152ff3a9eef89c53a403b9c2e6f677340bea0307b02d97d07cc54bdfc3,hrdataset_v14,ordinal_multiclass_performance,independent external performance-target replication,department_job_role_free,department_job_role_free,xgboost,8,53,53,2,2,True,0.9935497766480986,0.9935497766480986,0.005918540600594411,0.0005316827513070006
manuscript_final_20260712T175251Z_c664ef152ff3,c664ef152ff3a9eef89c53a403b9c2e6f677340bea0307b02d97d07cc54bdfc3,hrdataset_v14,ordinal_multiclass_performance,independent external performance-target replication,department_job_role_free,department_job_role_free,xgboost,8,57,57,3,3,True,0.9885001166395305,0.005932252952368165,0.9885001166395305,0.005567630408101322
manuscript_final_20260712T175251Z_c664ef152ff3,c664ef152ff3a9eef89c53a403b9c2e6f677340bea0307b02d97d07cc54bdfc3,hrdataset_v14,ordinal_multiclass_performance,independent external performance-target replication,department_job_role_free,department_job_role_free,xgboost,8,70,70,3,3,True,0.9941744599527409,0.0024025741512968745,0.9941744599527409,0.003422965895962258
manuscript_final_20260712T175251Z_c664ef152ff3,c664ef152ff3a9eef89c53a403b9c2e6f677340bea0307b02d97d07cc54bdfc3,hrdataset_v14,ordinal_multiclass_performance,independent external performance-target replication,department_job_role_free,department_job_role_free,xgboost,8,71,71,3,3,True,0.9571663550096625,0.0015643695063406978,0.9571663550096625,0.04126927548399681
manuscript_final_20260712T175251Z_c664ef152ff3,c664ef152ff3a9eef89c53a403b9c2e6f677340bea0307b02d97d07cc54bdfc3,hrdataset_v14,ordinal_multiclass_performance,independent external performance-target replication,department_job_role_free,department_job_role_free,xgboost,8,112,112,2,2,True,0.9737094902098496,0.9737094902098496,0.025841134643462136,0.00044937514668819356
manuscript_final_20260712T175251Z_c664ef152ff3,c664ef152ff3a9eef89c53a403b9c2e6f677340bea0307b02d97d07cc54bdfc3,hrdataset_v14,ordinal_multiclass_performance,independent external performance-target replication,department_job_role_free,department_job_role_free,xgboost,8,113,113,3,3,True,0.9758878199158841,0.0013438133547632983,0.9758878199158841,0.02276836672935253
manuscript_final_20260712T175251Z_c664ef152ff3,c664ef152ff3a9eef89c53a403b9c2e6f677340bea0307b02d97d07cc54bdfc3,hrdataset_v14,ordinal_multiclass_performance,independent external performance-target replication,department_job_role_free,department_job_role_free,xgboost,8,123,123,3,3,True,0.9814005841099043,0.00047149065616715666,0.9814005841099043,0.018127925233928522
manuscript_final_20260712T175251Z_c664ef152ff3,c664ef152ff3a9eef89c53a403b9c2e6f677340bea0307b02d97d07cc54bdfc3,hrdataset_v14,ordinal_multiclass_performance,independent external performance-target replication,department_job_role_free,department_job_role_free,xgboost,8,134,134,3,3,True,0.991214911563181,0.004197688477672123,0.991214911563181,0.0045873999591468815
manuscript_final_20260712T175251Z_c664ef152ff3,c664ef152ff3a9eef89c53a403b9c2e6f677340bea0307b02d97d07cc54bdfc3,hrdataset_v14,ordinal_multiclass_performance,independent external performance-target replication,department_job_role_free,department_job_role_free,xgboost,8,148,148,3,3,True,0.9801634753616253,0.007552635553513347,0.9801634753616253,0.012283889084861398
manuscript_final_20260712T175251Z_c664ef152ff3,c664ef152ff3a9eef89c53a403b9c2e6f677340bea0307b02d97d07cc54bdfc3,hrdataset_v14,ordinal_multiclass_performance,independent external performance-target replication,department_job_role_free,department_job_role_free,xgboost,8,152,152,3,3,True,0.9921288642754091,0.004167800367594423,0.9921288642754091,0.003703335356996426
manuscript_final_20260712T175251Z_c664ef152ff3,c664ef152ff3a9eef89c53a403b9c2e6f677340bea0307b02d97d07cc54bdfc3,hrdataset_v14,ordinal_multiclass_performance,independent external performance-target replication,department_job_role_free,department_job_role_free,xgboost,8,165,165,3,3,True,0.9968891082404089,0.00047709097034856273,0.9968891082404089,0.002633800789242593
manuscript_final_20260712T175251Z_c664ef152ff3,c664ef152ff3a9eef89c53a403b9c2e6f677340bea0307b02d97d07cc54bdfc3,hrdataset_v14,ordinal_multiclass_performance,independent external performance-target replication,department_job_role_free,department_job_role_free,xgboost,8,168,168,3,3,True,0.9874010649920406,0.00675381904129091,0.9874010649920406,0.00584511596666844
manuscript_final_20260712T175251Z_c664ef152ff3,c664ef152ff3a9eef89c53a403b9c2e6f677340bea0307b02d97d07cc54bdfc3,hrdataset_v14,ordinal_multiclass_performance,independent external performance-target replication,department_job_role_free,department_job_role_free,xgboost,8,171,171,3,3,True,0.8495204341205645,0.0010682366005737428,0.8495204341205645,0.14941132927886172
manuscript_final_20260712T175251Z_c664ef152ff3,c664ef152ff3a9eef89c53a403b9c2e6f677340bea0307b02d97d07cc54bdfc3,hrdataset_v14,ordinal_multiclass_performance,independent external performance-target replication,department_job_role_free,department_job_role_free,xgboost,8,181,181,3,3,True,0.9508396103727934,0.002128444548593624,0.9508396103727934,0.04703194507861301
manuscript_final_20260712T175251Z_c664ef152ff3,c664ef152ff3a9eef89c53a403b9c2e6f677340bea0307b02d97d07cc54bdfc3,hrdataset_v14,ordinal_multiclass_performance,independent external performance-target replication,department_job_role_free,department_job_role_free,xgboost,8,185,185,3,3,True,0.9051542646328525,0.001641574739345065,0.9051542646328525,0.09320416062780244
manuscript_final_20260712T175251Z_c664ef152ff3,c664ef152ff3a9eef89c53a403b9c2e6f677340bea0307b02d97d07cc54bdfc3,hrdataset_v14,ordinal_multiclass_performance,independent external performance-target replication,department_job_role_free,department_job_role_free,xgboost,8,193,193,3,3,True,0.9913957087184226,0.0054891175839491225,0.9913957087184226,0.0031151736976282565
manuscript_final_20260712T175251Z_c664ef152ff3,c664ef152ff3a9eef89c53a403b9c2e6f677340bea0307b02d97d07cc54bdfc3,hrdataset_v14,ordinal_multiclass_performance,independent external performance-target replication,department_job_role_free,department_job_role_free,xgboost,8,206,206,3,3,True,0.9884508110914826,0.0004535928519073146,0.9884508110914826,0.011095596056610153
manuscript_final_20260712T175251Z_c664ef152ff3,c664ef152ff3a9eef89c53a403b9c2e6f677340bea0307b02d97d07cc54bdfc3,hrdataset_v14,ordinal_multiclass_performance,independent external performance-target replication,department_job_role_free,department_job_role_free,xgboost,8,225,225,3,3,True,0.9492332436954378,0.0013145583690067492,0.9492332436954378,0.04945219793555545
manuscript_final_20260712T175251Z_c664ef152ff3,c664ef152ff3a9eef89c53a403b9c2e6f677340bea0307b02d97d07cc54bdfc3,hrdataset_v14,ordinal_multiclass_performance,independent external performance-target replication,department_job_role_free,department_job_role_free,xgboost,8,257,257,4,3,False,0.8901760675567842,0.003793832189010017,0.8901760675567842,0.10603010025420569
manuscript_final_20260712T175251Z_c664ef152ff3,c664ef152ff3a9eef89c53a403b9c2e6f677340bea0307b02d97d07cc54bdfc3,hrdataset_v14,ordinal_multiclass_performance,independent external performance-target replication,department_job_role_free,department_job_role_free,xgboost,8,259,259,3,3,True,0.9841407377063642,0.0029316846734802407,0.9841407377063642,0.012927577620155542
manuscript_final_20260712T175251Z_c664ef152ff3,c664ef152ff3a9eef89c53a403b9c2e6f677340bea0307b02d97d07cc54bdfc3,hrdataset_v14,ordinal_multiclass_performance,independent external performance-target replication,department_job_role_free,department_job_role_free,xgboost,8,266,266,3,3,True,0.9341795729420902,0.0015152611766241523,0.9341795729420902,0.06430516588128561
manuscript_final_20260712T175251Z_c664ef152ff3,c664ef152ff3a9eef89c53a403b9c2e6f677340bea0307b02d97d07cc54bdfc3,hrdataset_v14,ordinal_multiclass_performance,independent external performance-target replication,department_job_role_free,department_job_role_free,xgboost,8,283,283,2,2,True,0.9888920263930775,0.9888920263930775,0.009066023933510014,0.002041949673412447
manuscript_final_20260712T175251Z_c664ef152ff3,c664ef152ff3a9eef89c53a403b9c2e6f677340bea0307b02d97d07cc54bdfc3,hrdataset_v14,ordinal_multiclass_performance,independent external performance-target replication,department_job_role_free,department_job_role_free,xgboost,8,284,284,3,3,True,0.9938599312917828,0.0002920495301356898,0.9938599312917828,0.005848019178081458
manuscript_final_20260712T175251Z_c664ef152ff3,c664ef152ff3a9eef89c53a403b9c2e6f677340bea0307b02d97d07cc54bdfc3,hrdataset_v14,ordinal_multiclass_performance,independent external performance-target replication,department_job_role_free,department_job_role_free,xgboost,8,286,286,3,3,True,0.9618914644692392,0.0010194799945456624,0.9618914644692392,0.03708905553621515
manuscript_final_20260712T175251Z_c664ef152ff3,c664ef152ff3a9eef89c53a403b9c2e6f677340bea0307b02d97d07cc54bdfc3,hrdataset_v14,ordinal_multiclass_performance,independent external performance-target replication,department_job_role_free,department_job_role_free,xgboost,8,288,288,3,3,True,0.9355181908672172,0.049408151366956414,0.9355181908672172,0.0150736577658264
manuscript_final_20260712T175251Z_c664ef152ff3,c664ef152ff3a9eef89c53a403b9c2e6f677340bea0307b02d97d07cc54bdfc3,hrdataset_v14,ordinal_multiclass_performance,independent external performance-target replication,department_job_role_free,department_job_role_free,xgboost,8,308,308,4,3,False,0.5898321041569979,0.0021800076547223244,0.5898321041569979,0.40798788818827975
manuscript_final_20260712T175251Z_c664ef152ff3,c664ef152ff3a9eef89c53a403b9c2e6f677340bea0307b02d97d07cc54bdfc3,hrdataset_v14,ordinal_multiclass_performance,independent external performance-target replication,department_job_role_free,department_job_role_free,xgboost,9,9,9,3,3,True,0.7665854348075917,0.0011953681634149773,0.7665854348075917,0.23221919702899335
manuscript_final_20260712T175251Z_c664ef152ff3,c664ef152ff3a9eef89c53a403b9c2e6f677340bea0307b02d97d07cc54bdfc3,hrdataset_v14,ordinal_multiclass_performance,independent external performance-target replication,department_job_role_free,department_job_role_free,xgboost,9,10,10,3,3,True,0.9785138074432219,0.0007964176138689122,0.9785138074432219,0.020689774942909175
manuscript_final_20260712T175251Z_c664ef152ff3,c664ef152ff3a9eef89c53a403b9c2e6f677340bea0307b02d97d07cc54bdfc3,hrdataset_v14,ordinal_multiclass_performance,independent external performance-target replication,department_job_role_free,department_job_role_free,xgboost,9,17,17,3,3,True,0.6532501145027956,0.002676909157640599,0.6532501145027956,0.34407297633956385
manuscript_final_20260712T175251Z_c664ef152ff3,c664ef152ff3a9eef89c53a403b9c2e6f677340bea0307b02d97d07cc54bdfc3,hrdataset_v14,ordinal_multiclass_performance,independent external performance-target replication,department_job_role_free,department_job_role_free,xgboost,9,19,19,3,3,True,0.8425568997768424,0.0017901847628840402,0.8425568997768424,0.15565291546027354
manuscript_final_20260712T175251Z_c664ef152ff3,c664ef152ff3a9eef89c53a403b9c2e6f677340bea0307b02d97d07cc54bdfc3,hrdataset_v14,ordinal_multiclass_performance,independent external performance-target replication,department_job_role_free,department_job_role_free,xgboost,9,34,34,3,3,True,0.9604128107217098,0.013127116745345833,0.9604128107217098,0.02646007253294439
manuscript_final_20260712T175251Z_c664ef152ff3,c664ef152ff3a9eef89c53a403b9c2e6f677340bea0307b02d97d07cc54bdfc3,hrdataset_v14,ordinal_multiclass_performance,independent external performance-target replication,department_job_role_free,department_job_role_free,xgboost,9,52,52,3,3,True,0.85607790528386,0.00288026522368063,0.85607790528386,0.14104182949245944
manuscript_final_20260712T175251Z_c664ef152ff3,c664ef152ff3a9eef89c53a403b9c2e6f677340bea0307b02d97d07cc54bdfc3,hrdataset_v14,ordinal_multiclass_performance,independent external performance-target replication,department_job_role_free,department_job_role_free,xgboost,9,79,79,3,3,True,0.9730019188801938,0.01850578489038817,0.9730019188801938,0.008492296229417955
manuscript_final_20260712T175251Z_c664ef152ff3,c664ef152ff3a9eef89c53a403b9c2e6f677340bea0307b02d97d07cc54bdfc3,hrdataset_v14,ordinal_multiclass_performance,independent external performance-target replication,department_job_role_free,department_job_role_free,xgboost,9,95,95,2,2,True,0.9778685966591578,0.9778685966591578,0.02082296790973989,0.0013084354311022673
manuscript_final_20260712T175251Z_c664ef152ff3,c664ef152ff3a9eef89c53a403b9c2e6f677340bea0307b02d97d07cc54bdfc3,hrdataset_v14,ordinal_multiclass_performance,independent external performance-target replication,department_job_role_free,department_job_role_free,xgboost,9,101,101,3,3,True,0.7514409959435011,0.0021135588009234055,0.7514409959435011,0.24644544525557543
manuscript_final_20260712T175251Z_c664ef152ff3,c664ef152ff3a9eef89c53a403b9c2e6f677340bea0307b02d97d07cc54bdfc3,hrdataset_v14,ordinal_multiclass_performance,independent external performance-target replication,department_job_role_free,department_job_role_free,xgboost,9,102,102,3,3,True,0.9923948266741619,0.0021699606915880705,0.9923948266741619,0.0054352126342500535
manuscript_final_20260712T175251Z_c664ef152ff3,c664ef152ff3a9eef89c53a403b9c2e6f677340bea0307b02d97d07cc54bdfc3,hrdataset_v14,ordinal_multiclass_performance,independent external performance-target replication,department_job_role_free,department_job_role_free,xgboost,9,107,107,3,3,True,0.9425160083379246,0.001557468966867187,0.9425160083379246,0.05592652269520821
manuscript_final_20260712T175251Z_c664ef152ff3,c664ef152ff3a9eef89c53a403b9c2e6f677340bea0307b02d97d07cc54bdfc3,hrdataset_v14,ordinal_multiclass_performance,independent external performance-target replication,department_job_role_free,department_job_role_free,xgboost,9,109,109,3,3,True,0.9668883369466412,0.0004496988390512947,0.9668883369466412,0.03266196421430748
manuscript_final_20260712T175251Z_c664ef152ff3,c664ef152ff3a9eef89c53a403b9c2e6f677340bea0307b02d97d07cc54bdfc3,hrdataset_v14,ordinal_multiclass_performance,independent external performance-target replication,department_job_role_free,department_job_role_free,xgboost,9,116,116,3,3,True,0.9796071162030896,0.0005623269889018721,0.9796071162030896,0.019830556808008517
manuscript_final_20260712T175251Z_c664ef152ff3,c664ef152ff3a9eef89c53a403b9c2e6f677340bea0307b02d97d07cc54bdfc3,hrdataset_v14,ordinal_multiclass_performance,independent external performance-target replication,department_job_role_free,department_job_role_free,xgboost,9,125,125,4,3,False,0.9647410822747933,0.0015088130739472666,0.9647410822747933,0.033750104651259424
manuscript_final_20260712T175251Z_c664ef152ff3,c664ef152ff3a9eef89c53a403b9c2e6f677340bea0307b02d97d07cc54bdfc3,hrdataset_v14,ordinal_multiclass_performance,independent external performance-target replication,department_job_role_free,department_job_role_free,xgboost,9,128,128,3,3,True,0.9921549782769402,0.0029406995807186157,0.9921549782769402,0.004904322142341206
manuscript_final_20260712T175251Z_c664ef152ff3,c664ef152ff3a9eef89c53a403b9c2e6f677340bea0307b02d97d07cc54bdfc3,hrdataset_v14,ordinal_multiclass_performance,independent external performance-target replication,department_job_role_free,department_job_role_free,xgboost,9,160,160,3,3,True,0.995391896168372,0.00026162581214891293,0.995391896168372,0.004346478019479101
manuscript_final_20260712T175251Z_c664ef152ff3,c664ef152ff3a9eef89c53a403b9c2e6f677340bea0307b02d97d07cc54bdfc3,hrdataset_v14,ordinal_multiclass_performance,independent external performance-target replication,department_job_role_free,department_job_role_free,xgboost,9,163,163,3,3,True,0.9191916424979683,0.000860084878570003,0.9191916424979683,0.0799482726234618
manuscript_final_20260712T175251Z_c664ef152ff3,c664ef152ff3a9eef89c53a403b9c2e6f677340bea0307b02d97d07cc54bdfc3,hrdataset_v14,ordinal_multiclass_performance,independent external performance-target replication,department_job_role_free,department_job_role_free,xgboost,9,167,167,4,3,False,0.9907445400068121,0.00046813805656619324,0.9907445400068121,0.008787321936621675
manuscript_final_20260712T175251Z_c664ef152ff3,c664ef152ff3a9eef89c53a403b9c2e6f677340bea0307b02d97d07cc54bdfc3,hrdataset_v14,ordinal_multiclass_performance,independent external performance-target replication,department_job_role_free,department_job_role_free,xgboost,9,177,177,3,3,True,0.7833474371467529,0.0030536831253529153,0.7833474371467529,0.21359887972789418
manuscript_final_20260712T175251Z_c664ef152ff3,c664ef152ff3a9eef89c53a403b9c2e6f677340bea0307b02d97d07cc54bdfc3,hrdataset_v14,ordinal_multiclass_performance,independent external performance-target replication,department_job_role_free,department_job_role_free,xgboost,9,182,182,3,3,True,0.9011287085819173,0.000671551445883133,0.9011287085819173,0.09819973997219952
manuscript_final_20260712T175251Z_c664ef152ff3,c664ef152ff3a9eef89c53a403b9c2e6f677340bea0307b02d97d07cc54bdfc3,hrdataset_v14,ordinal_multiclass_performance,independent external performance-target replication,department_job_role_free,department_job_role_free,xgboost,9,198,198,3,3,True,0.957127993902299,0.0006979485812474668,0.957127993902299,0.04217405751645357
manuscript_final_20260712T175251Z_c664ef152ff3,c664ef152ff3a9eef89c53a403b9c2e6f677340bea0307b02d97d07cc54bdfc3,hrdataset_v14,ordinal_multiclass_performance,independent external performance-target replication,department_job_role_free,department_job_role_free,xgboost,9,204,204,3,3,True,0.9686912745391894,0.0012284242359278724,0.9686912745391894,0.03008030122488274
manuscript_final_20260712T175251Z_c664ef152ff3,c664ef152ff3a9eef89c53a403b9c2e6f677340bea0307b02d97d07cc54bdfc3,hrdataset_v14,ordinal_multiclass_performance,independent external performance-target replication,department_job_role_free,department_job_role_free,xgboost,9,209,209,2,2,True,0.5778496769969869,0.5778496769969869,0.4101068908611153,0.012043432141897877
manuscript_final_20260712T175251Z_c664ef152ff3,c664ef152ff3a9eef89c53a403b9c2e6f677340bea0307b02d97d07cc54bdfc3,hrdataset_v14,ordinal_multiclass_performance,independent external performance-target replication,department_job_role_free,department_job_role_free,xgboost,9,232,232,4,3,False,0.9754808013228077,0.000656961409505261,0.9754808013228077,0.023862237267687034
manuscript_final_20260712T175251Z_c664ef152ff3,c664ef152ff3a9eef89c53a403b9c2e6f677340bea0307b02d97d07cc54bdfc3,hrdataset_v14,ordinal_multiclass_performance,independent external performance-target replication,department_job_role_free,department_job_role_free,xgboost,9,236,236,2,2,True,0.9857493728502247,0.9857493728502247,0.011844247687125034,0.0024063794626502317
manuscript_final_20260712T175251Z_c664ef152ff3,c664ef152ff3a9eef89c53a403b9c2e6f677340bea0307b02d97d07cc54bdfc3,hrdataset_v14,ordinal_multiclass_performance,independent external performance-target replication,department_job_role_free,department_job_role_free,xgboost,9,240,240,3,3,True,0.8855177325093556,0.001308773347141413,0.8855177325093556,0.11317349414350296
manuscript_final_20260712T175251Z_c664ef152ff3,c664ef152ff3a9eef89c53a403b9c2e6f677340bea0307b02d97d07cc54bdfc3,hrdataset_v14,ordinal_multiclass_performance,independent external performance-target replication,department_job_role_free,department_job_role_free,xgboost,9,252,252,3,3,True,0.99786997573285,0.0009459051140109103,0.99786997573285,0.001184119153139124
manuscript_final_20260712T175251Z_c664ef152ff3,c664ef152ff3a9eef89c53a403b9c2e6f677340bea0307b02d97d07cc54bdfc3,hrdataset_v14,ordinal_multiclass_performance,independent external performance-target replication,department_job_role_free,department_job_role_free,xgboost,9,260,260,3,3,True,0.9733261413868223,0.004398521281696183,0.9733261413868223,0.0222753373314815
manuscript_final_20260712T175251Z_c664ef152ff3,c664ef152ff3a9eef89c53a403b9c2e6f677340bea0307b02d97d07cc54bdfc3,hrdataset_v14,ordinal_multiclass_performance,independent external performance-target replication,department_job_role_free,department_job_role_free,xgboost,9,268,268,3,3,True,0.80433283232534,0.002326647460239176,0.80433283232534,0.19334052021442083
manuscript_final_20260712T175251Z_c664ef152ff3,c664ef152ff3a9eef89c53a403b9c2e6f677340bea0307b02d97d07cc54bdfc3,hrdataset_v14,ordinal_multiclass_performance,independent external performance-target replication,department_job_role_free,department_job_role_free,xgboost,9,280,280,3,3,True,0.8070121125663126,0.0010174116695738048,0.8070121125663126,0.19197047576411364
manuscript_final_20260712T175251Z_c664ef152ff3,c664ef152ff3a9eef89c53a403b9c2e6f677340bea0307b02d97d07cc54bdfc3,hrdataset_v14,ordinal_multiclass_performance,independent external performance-target replication,department_job_role_free,department_job_role_free,xgboost,9,287,287,3,3,True,0.9924272407522212,0.00030019765057607634,0.9924272407522212,0.007272561597202739
manuscript_final_20260712T175251Z_c664ef152ff3,c664ef152ff3a9eef89c53a403b9c2e6f677340bea0307b02d97d07cc54bdfc3,hrdataset_v14,ordinal_multiclass_performance,independent external performance-target replication,department_job_role_free,department_job_role_free,xgboost,10,3,3,3,3,True,0.7906799803836926,0.003082512602706383,0.7906799803836926,0.20623750701360105
manuscript_final_20260712T175251Z_c664ef152ff3,c664ef152ff3a9eef89c53a403b9c2e6f677340bea0307b02d97d07cc54bdfc3,hrdataset_v14,ordinal_multiclass_performance,independent external performance-target replication,department_job_role_free,department_job_role_free,xgboost,10,15,15,3,3,True,0.9921254256931022,0.0008977511663576284,0.9921254256931022,0.006976823140540115
manuscript_final_20260712T175251Z_c664ef152ff3,c664ef152ff3a9eef89c53a403b9c2e6f677340bea0307b02d97d07cc54bdfc3,hrdataset_v14,ordinal_multiclass_performance,independent external performance-target replication,department_job_role_free,department_job_role_free,xgboost,10,22,22,4,3,False,0.9702431921006438,0.0014186911813427203,0.9702431921006438,0.02833811671801346
manuscript_final_20260712T175251Z_c664ef152ff3,c664ef152ff3a9eef89c53a403b9c2e6f677340bea0307b02d97d07cc54bdfc3,hrdataset_v14,ordinal_multiclass_performance,independent external performance-target replication,department_job_role_free,department_job_role_free,xgboost,10,49,49,3,3,True,0.9992140045896121,0.00011271648760351024,0.9992140045896121,0.0006732789227844572
manuscript_final_20260712T175251Z_c664ef152ff3,c664ef152ff3a9eef89c53a403b9c2e6f677340bea0307b02d97d07cc54bdfc3,hrdataset_v14,ordinal_multiclass_performance,independent external performance-target replication,department_job_role_free,department_job_role_free,xgboost,10,59,59,3,3,True,0.9671403559638787,0.0009174671527118785,0.9671403559638787,0.03194217688340945
manuscript_final_20260712T175251Z_c664ef152ff3,c664ef152ff3a9eef89c53a403b9c2e6f677340bea0307b02d97d07cc54bdfc3,hrdataset_v14,ordinal_multiclass_performance,independent external performance-target replication,department_job_role_free,department_job_role_free,xgboost,10,78,78,3,3,True,0.8170884533739661,0.002150946446949112,0.8170884533739661,0.1807606001790848
manuscript_final_20260712T175251Z_c664ef152ff3,c664ef152ff3a9eef89c53a403b9c2e6f677340bea0307b02d97d07cc54bdfc3,hrdataset_v14,ordinal_multiclass_performance,independent external performance-target replication,department_job_role_free,department_job_role_free,xgboost,10,80,80,3,3,True,0.9979421940182706,0.0003676453070296565,0.9979421940182706,0.0016901606746997425
manuscript_final_20260712T175251Z_c664ef152ff3,c664ef152ff3a9eef89c53a403b9c2e6f677340bea0307b02d97d07cc54bdfc3,hrdataset_v14,ordinal_multiclass_performance,independent external performance-target replication,department_job_role_free,department_job_role_free,xgboost,10,97,97,3,3,True,0.9445999096438015,0.0016448641707948598,0.9445999096438015,0.05375522618540365
manuscript_final_20260712T175251Z_c664ef152ff3,c664ef152ff3a9eef89c53a403b9c2e6f677340bea0307b02d97d07cc54bdfc3,hrdataset_v14,ordinal_multiclass_performance,independent external performance-target replication,department_job_role_free,department_job_role_free,xgboost,10,136,136,3,3,True,0.9975826811687246,0.0008506086366614828,0.9975826811687246,0.0015667101946138635
manuscript_final_20260712T175251Z_c664ef152ff3,c664ef152ff3a9eef89c53a403b9c2e6f677340bea0307b02d97d07cc54bdfc3,hrdataset_v14,ordinal_multiclass_performance,independent external performance-target replication,department_job_role_free,department_job_role_free,xgboost,10,153,153,3,3,True,0.9906522609538385,0.003984642432098237,0.9906522609538385,0.005363096614063277
manuscript_final_20260712T175251Z_c664ef152ff3,c664ef152ff3a9eef89c53a403b9c2e6f677340bea0307b02d97d07cc54bdfc3,hrdataset_v14,ordinal_multiclass_performance,independent external performance-target replication,department_job_role_free,department_job_role_free,xgboost,10,159,159,3,3,True,0.7317758346240771,0.0017044267262040413,0.7317758346240771,0.2665197386497188
manuscript_final_20260712T175251Z_c664ef152ff3,c664ef152ff3a9eef89c53a403b9c2e6f677340bea0307b02d97d07cc54bdfc3,hrdataset_v14,ordinal_multiclass_performance,independent external performance-target replication,department_job_role_free,department_job_role_free,xgboost,10,162,162,3,3,True,0.930682578525457,0.0008162336705311513,0.930682578525457,0.0685011878040118
manuscript_final_20260712T175251Z_c664ef152ff3,c664ef152ff3a9eef89c53a403b9c2e6f677340bea0307b02d97d07cc54bdfc3,hrdataset_v14,ordinal_multiclass_performance,independent external performance-target replication,department_job_role_free,department_job_role_free,xgboost,10,184,184,3,3,True,0.985585487324344,0.00644429431824991,0.985585487324344,0.007970218357406028
manuscript_final_20260712T175251Z_c664ef152ff3,c664ef152ff3a9eef89c53a403b9c2e6f677340bea0307b02d97d07cc54bdfc3,hrdataset_v14,ordinal_multiclass_performance,independent external performance-target replication,department_job_role_free,department_job_role_free,xgboost,10,197,197,3,3,True,0.98355323947158,0.0003902591213735077,0.98355323947158,0.016056501407046467
manuscript_final_20260712T175251Z_c664ef152ff3,c664ef152ff3a9eef89c53a403b9c2e6f677340bea0307b02d97d07cc54bdfc3,hrdataset_v14,ordinal_multiclass_performance,independent external performance-target replication,department_job_role_free,department_job_role_free,xgboost,10,205,205,2,2,True,0.9897524649310447,0.9897524649310447,0.009967524161624811,0.00028001090733043683
manuscript_final_20260712T175251Z_c664ef152ff3,c664ef152ff3a9eef89c53a403b9c2e6f677340bea0307b02d97d07cc54bdfc3,hrdataset_v14,ordinal_multiclass_performance,independent external performance-target replication,department_job_role_free,department_job_role_free,xgboost,10,207,207,3,3,True,0.773048392599396,0.0037867831592000964,0.773048392599396,0.22316482424140396
manuscript_final_20260712T175251Z_c664ef152ff3,c664ef152ff3a9eef89c53a403b9c2e6f677340bea0307b02d97d07cc54bdfc3,hrdataset_v14,ordinal_multiclass_performance,independent external performance-target replication,department_job_role_free,department_job_role_free,xgboost,10,212,212,4,3,False,0.9634761660666571,0.0006036258116647453,0.9634761660666571,0.03592020812167819
manuscript_final_20260712T175251Z_c664ef152ff3,c664ef152ff3a9eef89c53a403b9c2e6f677340bea0307b02d97d07cc54bdfc3,hrdataset_v14,ordinal_multiclass_performance,independent external performance-target replication,department_job_role_free,department_job_role_free,xgboost,10,213,213,3,3,True,0.9894726299496296,0.00030492696257986154,0.9894726299496296,0.01022244308779053
manuscript_final_20260712T175251Z_c664ef152ff3,c664ef152ff3a9eef89c53a403b9c2e6f677340bea0307b02d97d07cc54bdfc3,hrdataset_v14,ordinal_multiclass_performance,independent external performance-target replication,department_job_role_free,department_job_role_free,xgboost,10,217,217,4,3,False,0.9890326838364563,0.0006875287909586825,0.9890326838364563,0.010279787372585092
manuscript_final_20260712T175251Z_c664ef152ff3,c664ef152ff3a9eef89c53a403b9c2e6f677340bea0307b02d97d07cc54bdfc3,hrdataset_v14,ordinal_multiclass_performance,independent external performance-target replication,department_job_role_free,department_job_role_free,xgboost,10,218,218,3,3,True,0.788375489154884,0.0033546783633305478,0.788375489154884,0.20826983248178546
manuscript_final_20260712T175251Z_c664ef152ff3,c664ef152ff3a9eef89c53a403b9c2e6f677340bea0307b02d97d07cc54bdfc3,hrdataset_v14,ordinal_multiclass_performance,independent external performance-target replication,department_job_role_free,department_job_role_free,xgboost,10,223,223,3,3,True,0.961951946753127,0.0011638580760269888,0.961951946753127,0.036884195170846026
manuscript_final_20260712T175251Z_c664ef152ff3,c664ef152ff3a9eef89c53a403b9c2e6f677340bea0307b02d97d07cc54bdfc3,hrdataset_v14,ordinal_multiclass_performance,independent external performance-target replication,department_job_role_free,department_job_role_free,xgboost,10,226,226,3,3,True,0.6799293206347968,0.0030053190624234854,0.6799293206347968,0.3170653603027797
manuscript_final_20260712T175251Z_c664ef152ff3,c664ef152ff3a9eef89c53a403b9c2e6f677340bea0307b02d97d07cc54bdfc3,hrdataset_v14,ordinal_multiclass_performance,independent external performance-target replication,department_job_role_free,department_job_role_free,xgboost,10,233,233,3,3,True,0.9990799726744206,0.00010498343496035306,0.9990799726744206,0.0008150438906190245
manuscript_final_20260712T175251Z_c664ef152ff3,c664ef152ff3a9eef89c53a403b9c2e6f677340bea0307b02d97d07cc54bdfc3,hrdataset_v14,ordinal_multiclass_performance,independent external performance-target replication,department_job_role_free,department_job_role_free,xgboost,10,235,235,3,3,True,0.9948371243438459,0.0005294729274097453,0.9948371243438459,0.004633402728744438
manuscript_final_20260712T175251Z_c664ef152ff3,c664ef152ff3a9eef89c53a403b9c2e6f677340bea0307b02d97d07cc54bdfc3,hrdataset_v14,ordinal_multiclass_performance,independent external performance-target replication,department_job_role_free,department_job_role_free,xgboost,10,244,244,3,3,True,0.9613464316597461,0.00045737777666600757,0.9613464316597461,0.038196190563587945
manuscript_final_20260712T175251Z_c664ef152ff3,c664ef152ff3a9eef89c53a403b9c2e6f677340bea0307b02d97d07cc54bdfc3,hrdataset_v14,ordinal_multiclass_performance,independent external performance-target replication,department_job_role_free,department_job_role_free,xgboost,10,248,248,3,3,True,0.8948671505092486,0.0014062058625845233,0.8948671505092486,0.10372664362816687
manuscript_final_20260712T175251Z_c664ef152ff3,c664ef152ff3a9eef89c53a403b9c2e6f677340bea0307b02d97d07cc54bdfc3,hrdataset_v14,ordinal_multiclass_performance,independent external performance-target replication,department_job_role_free,department_job_role_free,xgboost,10,249,249,3,3,True,0.9873488792613632,0.00040176131041551034,0.9873488792613632,0.012249359428221291
manuscript_final_20260712T175251Z_c664ef152ff3,c664ef152ff3a9eef89c53a403b9c2e6f677340bea0307b02d97d07cc54bdfc3,hrdataset_v14,ordinal_multiclass_performance,independent external performance-target replication,department_job_role_free,department_job_role_free,xgboost,10,256,256,3,3,True,0.9638645308745458,0.0005535292586084305,0.9638645308745458,0.03558193986684576
manuscript_final_20260712T175251Z_c664ef152ff3,c664ef152ff3a9eef89c53a403b9c2e6f677340bea0307b02d97d07cc54bdfc3,hrdataset_v14,ordinal_multiclass_performance,independent external performance-target replication,department_job_role_free,department_job_role_free,xgboost,10,263,263,2,2,True,0.9872196347034926,0.9872196347034926,0.012485053606125568,0.00029531169038182363
manuscript_final_20260712T175251Z_c664ef152ff3,c664ef152ff3a9eef89c53a403b9c2e6f677340bea0307b02d97d07cc54bdfc3,hrdataset_v14,ordinal_multiclass_performance,independent external performance-target replication,department_job_role_free,department_job_role_free,xgboost,10,275,275,3,3,True,0.9981587705226911,0.0005832414129237964,0.9981587705226911,0.001257988064385158
manuscript_final_20260712T175251Z_c664ef152ff3,c664ef152ff3a9eef89c53a403b9c2e6f677340bea0307b02d97d07cc54bdfc3,hrdataset_v14,ordinal_multiclass_performance,independent external performance-target replication,department_job_role_free,department_job_role_free,xgboost,10,297,297,2,2,True,0.9875088994481058,0.9875088994481058,0.012036637686315816,0.00045446286557835117
