,precision,recall,f1-score,support
2,0.9142857142857143,0.8205128205128205,0.8648648648648649,39.0
3,0.8431372549019608,0.9828571428571429,0.9076517150395779,175.0
4,1.0,0.038461538461538464,0.07407407407407407,26.0
accuracy,0.8541666666666666,0.8541666666666666,0.8541666666666666,0.8541666666666666
macro avg,0.919140989729225,0.613943833943834,0.6155302179928389,240.0
weighted avg,0.8716923436041083,0.8541666666666666,0.8103946074482574,240.0
