,precision,recall,f1-score,support
2,0.8333333333333334,0.7692307692307693,0.8,39.0
3,0.9285714285714286,0.9657142857142857,0.9467787114845938,175.0
4,0.9545454545454546,0.8076923076923077,0.875,26.0
accuracy,0.9166666666666666,0.9166666666666666,0.9166666666666666,0.9166666666666666
macro avg,0.9054834054834054,0.8475457875457876,0.8739262371615313,240.0
weighted avg,0.9159090909090909,0.9166666666666666,0.9151511437908496,240.0
