run_id,repeated_contract_sha256,scientific_input_sha256,repetition,outer_seed,inner_seed,model_seed,fold_contract_hash,dataset_key,model_name,metric,value
phase1c_v3_20260903T215015Z_78649c4,5681e521cfbaff5963494212fcc047116056fd7d66393346df0463aef7553af9,b5c5df19ecb1a3d61e01fbfae30f5774b8659d7b038f15ae93adee008130f7da,1,1042,1043,1044,da8d7970b677b46102cab6e831bfdc4847f0d849a5bd1c0be60798500e97cde0,inx_primary,cumulative_threshold_xgboost,accuracy,0.6875
phase1c_v3_20260903T215015Z_78649c4,5681e521cfbaff5963494212fcc047116056fd7d66393346df0463aef7553af9,b5c5df19ecb1a3d61e01fbfae30f5774b8659d7b038f15ae93adee008130f7da,1,1042,1043,1044,da8d7970b677b46102cab6e831bfdc4847f0d849a5bd1c0be60798500e97cde0,inx_primary,cumulative_threshold_xgboost,adjacent_accuracy,0.9983333333333333
phase1c_v3_20260903T215015Z_78649c4,5681e521cfbaff5963494212fcc047116056fd7d66393346df0463aef7553af9,b5c5df19ecb1a3d61e01fbfae30f5774b8659d7b038f15ae93adee008130f7da,1,1042,1043,1044,da8d7970b677b46102cab6e831bfdc4847f0d849a5bd1c0be60798500e97cde0,inx_primary,cumulative_threshold_xgboost,balanced_accuracy,0.6474599375528861
phase1c_v3_20260903T215015Z_78649c4,5681e521cfbaff5963494212fcc047116056fd7d66393346df0463aef7553af9,b5c5df19ecb1a3d61e01fbfae30f5774b8659d7b038f15ae93adee008130f7da,1,1042,1043,1044,da8d7970b677b46102cab6e831bfdc4847f0d849a5bd1c0be60798500e97cde0,inx_primary,cumulative_threshold_xgboost,ece_confidence,0.03779893451370302
phase1c_v3_20260903T215015Z_78649c4,5681e521cfbaff5963494212fcc047116056fd7d66393346df0463aef7553af9,b5c5df19ecb1a3d61e01fbfae30f5774b8659d7b038f15ae93adee008130f7da,1,1042,1043,1044,da8d7970b677b46102cab6e831bfdc4847f0d849a5bd1c0be60798500e97cde0,inx_primary,cumulative_threshold_xgboost,macro_f1,0.6113391044354286
phase1c_v3_20260903T215015Z_78649c4,5681e521cfbaff5963494212fcc047116056fd7d66393346df0463aef7553af9,b5c5df19ecb1a3d61e01fbfae30f5774b8659d7b038f15ae93adee008130f7da,1,1042,1043,1044,da8d7970b677b46102cab6e831bfdc4847f0d849a5bd1c0be60798500e97cde0,inx_primary,cumulative_threshold_xgboost,macro_precision,0.603820592643923
phase1c_v3_20260903T215015Z_78649c4,5681e521cfbaff5963494212fcc047116056fd7d66393346df0463aef7553af9,b5c5df19ecb1a3d61e01fbfae30f5774b8659d7b038f15ae93adee008130f7da,1,1042,1043,1044,da8d7970b677b46102cab6e831bfdc4847f0d849a5bd1c0be60798500e97cde0,inx_primary,cumulative_threshold_xgboost,macro_recall,0.6474599375528861
phase1c_v3_20260903T215015Z_78649c4,5681e521cfbaff5963494212fcc047116056fd7d66393346df0463aef7553af9,b5c5df19ecb1a3d61e01fbfae30f5774b8659d7b038f15ae93adee008130f7da,1,1042,1043,1044,da8d7970b677b46102cab6e831bfdc4847f0d849a5bd1c0be60798500e97cde0,inx_primary,cumulative_threshold_xgboost,multiclass_brier,0.4067120775803043
phase1c_v3_20260903T215015Z_78649c4,5681e521cfbaff5963494212fcc047116056fd7d66393346df0463aef7553af9,b5c5df19ecb1a3d61e01fbfae30f5774b8659d7b038f15ae93adee008130f7da,1,1042,1043,1044,da8d7970b677b46102cab6e831bfdc4847f0d849a5bd1c0be60798500e97cde0,inx_primary,cumulative_threshold_xgboost,nll_log_loss,1.236459080520431
phase1c_v3_20260903T215015Z_78649c4,5681e521cfbaff5963494212fcc047116056fd7d66393346df0463aef7553af9,b5c5df19ecb1a3d61e01fbfae30f5774b8659d7b038f15ae93adee008130f7da,1,1042,1043,1044,da8d7970b677b46102cab6e831bfdc4847f0d849a5bd1c0be60798500e97cde0,inx_primary,cumulative_threshold_xgboost,ordinal_mae,0.31416666666666665
phase1c_v3_20260903T215015Z_78649c4,5681e521cfbaff5963494212fcc047116056fd7d66393346df0463aef7553af9,b5c5df19ecb1a3d61e01fbfae30f5774b8659d7b038f15ae93adee008130f7da,1,1042,1043,1044,da8d7970b677b46102cab6e831bfdc4847f0d849a5bd1c0be60798500e97cde0,inx_primary,cumulative_threshold_xgboost,quadratic_weighted_kappa,0.5396604845043195
phase1c_v3_20260903T215015Z_78649c4,5681e521cfbaff5963494212fcc047116056fd7d66393346df0463aef7553af9,b5c5df19ecb1a3d61e01fbfae30f5774b8659d7b038f15ae93adee008130f7da,1,1042,1043,1044,da8d7970b677b46102cab6e831bfdc4847f0d849a5bd1c0be60798500e97cde0,inx_primary,cumulative_threshold_xgboost,ranked_probability_score,0.10069105632759924
phase1c_v3_20260903T215015Z_78649c4,5681e521cfbaff5963494212fcc047116056fd7d66393346df0463aef7553af9,b5c5df19ecb1a3d61e01fbfae30f5774b8659d7b038f15ae93adee008130f7da,1,1042,1043,1044,da8d7970b677b46102cab6e831bfdc4847f0d849a5bd1c0be60798500e97cde0,inx_primary,cumulative_threshold_xgboost,two_level_reversal_rate,0.0016666666666666668
phase1c_v3_20260903T215015Z_78649c4,5681e521cfbaff5963494212fcc047116056fd7d66393346df0463aef7553af9,b5c5df19ecb1a3d61e01fbfae30f5774b8659d7b038f15ae93adee008130f7da,1,1042,1043,1044,da8d7970b677b46102cab6e831bfdc4847f0d849a5bd1c0be60798500e97cde0,inx_primary,cumulative_threshold_xgboost,weighted_f1,0.7181096310089704
phase1c_v3_20260903T215015Z_78649c4,5681e521cfbaff5963494212fcc047116056fd7d66393346df0463aef7553af9,b5c5df19ecb1a3d61e01fbfae30f5774b8659d7b038f15ae93adee008130f7da,1,1042,1043,1044,da8d7970b677b46102cab6e831bfdc4847f0d849a5bd1c0be60798500e97cde0,inx_primary,cumulative_threshold_xgboost,weighted_precision,0.7699086301793417
phase1c_v3_20260903T215015Z_78649c4,5681e521cfbaff5963494212fcc047116056fd7d66393346df0463aef7553af9,b5c5df19ecb1a3d61e01fbfae30f5774b8659d7b038f15ae93adee008130f7da,1,1042,1043,1044,da8d7970b677b46102cab6e831bfdc4847f0d849a5bd1c0be60798500e97cde0,inx_primary,cumulative_threshold_xgboost,weighted_recall,0.6875
phase1c_v3_20260903T215015Z_78649c4,5681e521cfbaff5963494212fcc047116056fd7d66393346df0463aef7553af9,b5c5df19ecb1a3d61e01fbfae30f5774b8659d7b038f15ae93adee008130f7da,1,1042,1043,1044,da8d7970b677b46102cab6e831bfdc4847f0d849a5bd1c0be60798500e97cde0,inx_primary,lightgbm,accuracy,0.81
phase1c_v3_20260903T215015Z_78649c4,5681e521cfbaff5963494212fcc047116056fd7d66393346df0463aef7553af9,b5c5df19ecb1a3d61e01fbfae30f5774b8659d7b038f15ae93adee008130f7da,1,1042,1043,1044,da8d7970b677b46102cab6e831bfdc4847f0d849a5bd1c0be60798500e97cde0,inx_primary,lightgbm,adjacent_accuracy,0.9991666666666666
phase1c_v3_20260903T215015Z_78649c4,5681e521cfbaff5963494212fcc047116056fd7d66393346df0463aef7553af9,b5c5df19ecb1a3d61e01fbfae30f5774b8659d7b038f15ae93adee008130f7da,1,1042,1043,1044,da8d7970b677b46102cab6e831bfdc4847f0d849a5bd1c0be60798500e97cde0,inx_primary,lightgbm,balanced_accuracy,0.6373414724755874
phase1c_v3_20260903T215015Z_78649c4,5681e521cfbaff5963494212fcc047116056fd7d66393346df0463aef7553af9,b5c5df19ecb1a3d61e01fbfae30f5774b8659d7b038f15ae93adee008130f7da,1,1042,1043,1044,da8d7970b677b46102cab6e831bfdc4847f0d849a5bd1c0be60798500e97cde0,inx_primary,lightgbm,ece_confidence,0.08662820567937936
phase1c_v3_20260903T215015Z_78649c4,5681e521cfbaff5963494212fcc047116056fd7d66393346df0463aef7553af9,b5c5df19ecb1a3d61e01fbfae30f5774b8659d7b038f15ae93adee008130f7da,1,1042,1043,1044,da8d7970b677b46102cab6e831bfdc4847f0d849a5bd1c0be60798500e97cde0,inx_primary,lightgbm,macro_f1,0.6252771959821247
phase1c_v3_20260903T215015Z_78649c4,5681e521cfbaff5963494212fcc047116056fd7d66393346df0463aef7553af9,b5c5df19ecb1a3d61e01fbfae30f5774b8659d7b038f15ae93adee008130f7da,1,1042,1043,1044,da8d7970b677b46102cab6e831bfdc4847f0d849a5bd1c0be60798500e97cde0,inx_primary,lightgbm,macro_precision,0.6252983025791293
phase1c_v3_20260903T215015Z_78649c4,5681e521cfbaff5963494212fcc047116056fd7d66393346df0463aef7553af9,b5c5df19ecb1a3d61e01fbfae30f5774b8659d7b038f15ae93adee008130f7da,1,1042,1043,1044,da8d7970b677b46102cab6e831bfdc4847f0d849a5bd1c0be60798500e97cde0,inx_primary,lightgbm,macro_recall,0.6373414724755874
phase1c_v3_20260903T215015Z_78649c4,5681e521cfbaff5963494212fcc047116056fd7d66393346df0463aef7553af9,b5c5df19ecb1a3d61e01fbfae30f5774b8659d7b038f15ae93adee008130f7da,1,1042,1043,1044,da8d7970b677b46102cab6e831bfdc4847f0d849a5bd1c0be60798500e97cde0,inx_primary,lightgbm,multiclass_brier,0.3109961361324531
phase1c_v3_20260903T215015Z_78649c4,5681e521cfbaff5963494212fcc047116056fd7d66393346df0463aef7553af9,b5c5df19ecb1a3d61e01fbfae30f5774b8659d7b038f15ae93adee008130f7da,1,1042,1043,1044,da8d7970b677b46102cab6e831bfdc4847f0d849a5bd1c0be60798500e97cde0,inx_primary,lightgbm,nll_log_loss,0.6148040940083381
phase1c_v3_20260903T215015Z_78649c4,5681e521cfbaff5963494212fcc047116056fd7d66393346df0463aef7553af9,b5c5df19ecb1a3d61e01fbfae30f5774b8659d7b038f15ae93adee008130f7da,1,1042,1043,1044,da8d7970b677b46102cab6e831bfdc4847f0d849a5bd1c0be60798500e97cde0,inx_primary,lightgbm,ordinal_mae,0.19083333333333333
phase1c_v3_20260903T215015Z_78649c4,5681e521cfbaff5963494212fcc047116056fd7d66393346df0463aef7553af9,b5c5df19ecb1a3d61e01fbfae30f5774b8659d7b038f15ae93adee008130f7da,1,1042,1043,1044,da8d7970b677b46102cab6e831bfdc4847f0d849a5bd1c0be60798500e97cde0,inx_primary,lightgbm,quadratic_weighted_kappa,0.6122925093570099
phase1c_v3_20260903T215015Z_78649c4,5681e521cfbaff5963494212fcc047116056fd7d66393346df0463aef7553af9,b5c5df19ecb1a3d61e01fbfae30f5774b8659d7b038f15ae93adee008130f7da,1,1042,1043,1044,da8d7970b677b46102cab6e831bfdc4847f0d849a5bd1c0be60798500e97cde0,inx_primary,lightgbm,ranked_probability_score,0.0784061478632973
phase1c_v3_20260903T215015Z_78649c4,5681e521cfbaff5963494212fcc047116056fd7d66393346df0463aef7553af9,b5c5df19ecb1a3d61e01fbfae30f5774b8659d7b038f15ae93adee008130f7da,1,1042,1043,1044,da8d7970b677b46102cab6e831bfdc4847f0d849a5bd1c0be60798500e97cde0,inx_primary,lightgbm,two_level_reversal_rate,0.0008333333333333334
phase1c_v3_20260903T215015Z_78649c4,5681e521cfbaff5963494212fcc047116056fd7d66393346df0463aef7553af9,b5c5df19ecb1a3d61e01fbfae30f5774b8659d7b038f15ae93adee008130f7da,1,1042,1043,1044,da8d7970b677b46102cab6e831bfdc4847f0d849a5bd1c0be60798500e97cde0,inx_primary,lightgbm,weighted_f1,0.7908263938050142
phase1c_v3_20260903T215015Z_78649c4,5681e521cfbaff5963494212fcc047116056fd7d66393346df0463aef7553af9,b5c5df19ecb1a3d61e01fbfae30f5774b8659d7b038f15ae93adee008130f7da,1,1042,1043,1044,da8d7970b677b46102cab6e831bfdc4847f0d849a5bd1c0be60798500e97cde0,inx_primary,lightgbm,weighted_precision,0.7764660020854782
phase1c_v3_20260903T215015Z_78649c4,5681e521cfbaff5963494212fcc047116056fd7d66393346df0463aef7553af9,b5c5df19ecb1a3d61e01fbfae30f5774b8659d7b038f15ae93adee008130f7da,1,1042,1043,1044,da8d7970b677b46102cab6e831bfdc4847f0d849a5bd1c0be60798500e97cde0,inx_primary,lightgbm,weighted_recall,0.81
phase1c_v3_20260903T215015Z_78649c4,5681e521cfbaff5963494212fcc047116056fd7d66393346df0463aef7553af9,b5c5df19ecb1a3d61e01fbfae30f5774b8659d7b038f15ae93adee008130f7da,1,1042,1043,1044,da8d7970b677b46102cab6e831bfdc4847f0d849a5bd1c0be60798500e97cde0,inx_primary,logistic_regression,accuracy,0.6108333333333333
phase1c_v3_20260903T215015Z_78649c4,5681e521cfbaff5963494212fcc047116056fd7d66393346df0463aef7553af9,b5c5df19ecb1a3d61e01fbfae30f5774b8659d7b038f15ae93adee008130f7da,1,1042,1043,1044,da8d7970b677b46102cab6e831bfdc4847f0d849a5bd1c0be60798500e97cde0,inx_primary,logistic_regression,adjacent_accuracy,0.9883333333333333
phase1c_v3_20260903T215015Z_78649c4,5681e521cfbaff5963494212fcc047116056fd7d66393346df0463aef7553af9,b5c5df19ecb1a3d61e01fbfae30f5774b8659d7b038f15ae93adee008130f7da,1,1042,1043,1044,da8d7970b677b46102cab6e831bfdc4847f0d849a5bd1c0be60798500e97cde0,inx_primary,logistic_regression,balanced_accuracy,0.5361237585222581
phase1c_v3_20260903T215015Z_78649c4,5681e521cfbaff5963494212fcc047116056fd7d66393346df0463aef7553af9,b5c5df19ecb1a3d61e01fbfae30f5774b8659d7b038f15ae93adee008130f7da,1,1042,1043,1044,da8d7970b677b46102cab6e831bfdc4847f0d849a5bd1c0be60798500e97cde0,inx_primary,logistic_regression,ece_confidence,0.10567161996421275
phase1c_v3_20260903T215015Z_78649c4,5681e521cfbaff5963494212fcc047116056fd7d66393346df0463aef7553af9,b5c5df19ecb1a3d61e01fbfae30f5774b8659d7b038f15ae93adee008130f7da,1,1042,1043,1044,da8d7970b677b46102cab6e831bfdc4847f0d849a5bd1c0be60798500e97cde0,inx_primary,logistic_regression,macro_f1,0.5029693547814353
phase1c_v3_20260903T215015Z_78649c4,5681e521cfbaff5963494212fcc047116056fd7d66393346df0463aef7553af9,b5c5df19ecb1a3d61e01fbfae30f5774b8659d7b038f15ae93adee008130f7da,1,1042,1043,1044,da8d7970b677b46102cab6e831bfdc4847f0d849a5bd1c0be60798500e97cde0,inx_primary,logistic_regression,macro_precision,0.49461292093087605
phase1c_v3_20260903T215015Z_78649c4,5681e521cfbaff5963494212fcc047116056fd7d66393346df0463aef7553af9,b5c5df19ecb1a3d61e01fbfae30f5774b8659d7b038f15ae93adee008130f7da,1,1042,1043,1044,da8d7970b677b46102cab6e831bfdc4847f0d849a5bd1c0be60798500e97cde0,inx_primary,logistic_regression,macro_recall,0.5361237585222581
phase1c_v3_20260903T215015Z_78649c4,5681e521cfbaff5963494212fcc047116056fd7d66393346df0463aef7553af9,b5c5df19ecb1a3d61e01fbfae30f5774b8659d7b038f15ae93adee008130f7da,1,1042,1043,1044,da8d7970b677b46102cab6e831bfdc4847f0d849a5bd1c0be60798500e97cde0,inx_primary,logistic_regression,multiclass_brier,0.4877989863364206
phase1c_v3_20260903T215015Z_78649c4,5681e521cfbaff5963494212fcc047116056fd7d66393346df0463aef7553af9,b5c5df19ecb1a3d61e01fbfae30f5774b8659d7b038f15ae93adee008130f7da,1,1042,1043,1044,da8d7970b677b46102cab6e831bfdc4847f0d849a5bd1c0be60798500e97cde0,inx_primary,logistic_regression,nll_log_loss,0.7787322563704244
phase1c_v3_20260903T215015Z_78649c4,5681e521cfbaff5963494212fcc047116056fd7d66393346df0463aef7553af9,b5c5df19ecb1a3d61e01fbfae30f5774b8659d7b038f15ae93adee008130f7da,1,1042,1043,1044,da8d7970b677b46102cab6e831bfdc4847f0d849a5bd1c0be60798500e97cde0,inx_primary,logistic_regression,ordinal_mae,0.4008333333333333
phase1c_v3_20260903T215015Z_78649c4,5681e521cfbaff5963494212fcc047116056fd7d66393346df0463aef7553af9,b5c5df19ecb1a3d61e01fbfae30f5774b8659d7b038f15ae93adee008130f7da,1,1042,1043,1044,da8d7970b677b46102cab6e831bfdc4847f0d849a5bd1c0be60798500e97cde0,inx_primary,logistic_regression,quadratic_weighted_kappa,0.3824888892483511
phase1c_v3_20260903T215015Z_78649c4,5681e521cfbaff5963494212fcc047116056fd7d66393346df0463aef7553af9,b5c5df19ecb1a3d61e01fbfae30f5774b8659d7b038f15ae93adee008130f7da,1,1042,1043,1044,da8d7970b677b46102cab6e831bfdc4847f0d849a5bd1c0be60798500e97cde0,inx_primary,logistic_regression,ranked_probability_score,0.1242335225310794
phase1c_v3_20260903T215015Z_78649c4,5681e521cfbaff5963494212fcc047116056fd7d66393346df0463aef7553af9,b5c5df19ecb1a3d61e01fbfae30f5774b8659d7b038f15ae93adee008130f7da,1,1042,1043,1044,da8d7970b677b46102cab6e831bfdc4847f0d849a5bd1c0be60798500e97cde0,inx_primary,logistic_regression,two_level_reversal_rate,0.011666666666666667
phase1c_v3_20260903T215015Z_78649c4,5681e521cfbaff5963494212fcc047116056fd7d66393346df0463aef7553af9,b5c5df19ecb1a3d61e01fbfae30f5774b8659d7b038f15ae93adee008130f7da,1,1042,1043,1044,da8d7970b677b46102cab6e831bfdc4847f0d849a5bd1c0be60798500e97cde0,inx_primary,logistic_regression,weighted_f1,0.6386015127303717
phase1c_v3_20260903T215015Z_78649c4,5681e521cfbaff5963494212fcc047116056fd7d66393346df0463aef7553af9,b5c5df19ecb1a3d61e01fbfae30f5774b8659d7b038f15ae93adee008130f7da,1,1042,1043,1044,da8d7970b677b46102cab6e831bfdc4847f0d849a5bd1c0be60798500e97cde0,inx_primary,logistic_regression,weighted_precision,0.6864513794751994
phase1c_v3_20260903T215015Z_78649c4,5681e521cfbaff5963494212fcc047116056fd7d66393346df0463aef7553af9,b5c5df19ecb1a3d61e01fbfae30f5774b8659d7b038f15ae93adee008130f7da,1,1042,1043,1044,da8d7970b677b46102cab6e831bfdc4847f0d849a5bd1c0be60798500e97cde0,inx_primary,logistic_regression,weighted_recall,0.6108333333333333
phase1c_v3_20260903T215015Z_78649c4,5681e521cfbaff5963494212fcc047116056fd7d66393346df0463aef7553af9,b5c5df19ecb1a3d61e01fbfae30f5774b8659d7b038f15ae93adee008130f7da,1,1042,1043,1044,da8d7970b677b46102cab6e831bfdc4847f0d849a5bd1c0be60798500e97cde0,inx_primary,majority_baseline,accuracy,0.7283333333333334
phase1c_v3_20260903T215015Z_78649c4,5681e521cfbaff5963494212fcc047116056fd7d66393346df0463aef7553af9,b5c5df19ecb1a3d61e01fbfae30f5774b8659d7b038f15ae93adee008130f7da,1,1042,1043,1044,da8d7970b677b46102cab6e831bfdc4847f0d849a5bd1c0be60798500e97cde0,inx_primary,majority_baseline,adjacent_accuracy,1.0
phase1c_v3_20260903T215015Z_78649c4,5681e521cfbaff5963494212fcc047116056fd7d66393346df0463aef7553af9,b5c5df19ecb1a3d61e01fbfae30f5774b8659d7b038f15ae93adee008130f7da,1,1042,1043,1044,da8d7970b677b46102cab6e831bfdc4847f0d849a5bd1c0be60798500e97cde0,inx_primary,majority_baseline,balanced_accuracy,0.3333333333333333
phase1c_v3_20260903T215015Z_78649c4,5681e521cfbaff5963494212fcc047116056fd7d66393346df0463aef7553af9,b5c5df19ecb1a3d61e01fbfae30f5774b8659d7b038f15ae93adee008130f7da,1,1042,1043,1044,da8d7970b677b46102cab6e831bfdc4847f0d849a5bd1c0be60798500e97cde0,inx_primary,majority_baseline,ece_confidence,0.2716666666666666
phase1c_v3_20260903T215015Z_78649c4,5681e521cfbaff5963494212fcc047116056fd7d66393346df0463aef7553af9,b5c5df19ecb1a3d61e01fbfae30f5774b8659d7b038f15ae93adee008130f7da,1,1042,1043,1044,da8d7970b677b46102cab6e831bfdc4847f0d849a5bd1c0be60798500e97cde0,inx_primary,majority_baseline,macro_f1,0.2809386049501768
phase1c_v3_20260903T215015Z_78649c4,5681e521cfbaff5963494212fcc047116056fd7d66393346df0463aef7553af9,b5c5df19ecb1a3d61e01fbfae30f5774b8659d7b038f15ae93adee008130f7da,1,1042,1043,1044,da8d7970b677b46102cab6e831bfdc4847f0d849a5bd1c0be60798500e97cde0,inx_primary,majority_baseline,macro_precision,0.2427777777777778
phase1c_v3_20260903T215015Z_78649c4,5681e521cfbaff5963494212fcc047116056fd7d66393346df0463aef7553af9,b5c5df19ecb1a3d61e01fbfae30f5774b8659d7b038f15ae93adee008130f7da,1,1042,1043,1044,da8d7970b677b46102cab6e831bfdc4847f0d849a5bd1c0be60798500e97cde0,inx_primary,majority_baseline,macro_recall,0.3333333333333333
phase1c_v3_20260903T215015Z_78649c4,5681e521cfbaff5963494212fcc047116056fd7d66393346df0463aef7553af9,b5c5df19ecb1a3d61e01fbfae30f5774b8659d7b038f15ae93adee008130f7da,1,1042,1043,1044,da8d7970b677b46102cab6e831bfdc4847f0d849a5bd1c0be60798500e97cde0,inx_primary,majority_baseline,multiclass_brier,0.5433333333333333
phase1c_v3_20260903T215015Z_78649c4,5681e521cfbaff5963494212fcc047116056fd7d66393346df0463aef7553af9,b5c5df19ecb1a3d61e01fbfae30f5774b8659d7b038f15ae93adee008130f7da,1,1042,1043,1044,da8d7970b677b46102cab6e831bfdc4847f0d849a5bd1c0be60798500e97cde0,inx_primary,majority_baseline,nll_log_loss,9.791859170710161
phase1c_v3_20260903T215015Z_78649c4,5681e521cfbaff5963494212fcc047116056fd7d66393346df0463aef7553af9,b5c5df19ecb1a3d61e01fbfae30f5774b8659d7b038f15ae93adee008130f7da,1,1042,1043,1044,da8d7970b677b46102cab6e831bfdc4847f0d849a5bd1c0be60798500e97cde0,inx_primary,majority_baseline,ordinal_mae,0.27166666666666667
phase1c_v3_20260903T215015Z_78649c4,5681e521cfbaff5963494212fcc047116056fd7d66393346df0463aef7553af9,b5c5df19ecb1a3d61e01fbfae30f5774b8659d7b038f15ae93adee008130f7da,1,1042,1043,1044,da8d7970b677b46102cab6e831bfdc4847f0d849a5bd1c0be60798500e97cde0,inx_primary,majority_baseline,quadratic_weighted_kappa,0.0
phase1c_v3_20260903T215015Z_78649c4,5681e521cfbaff5963494212fcc047116056fd7d66393346df0463aef7553af9,b5c5df19ecb1a3d61e01fbfae30f5774b8659d7b038f15ae93adee008130f7da,1,1042,1043,1044,da8d7970b677b46102cab6e831bfdc4847f0d849a5bd1c0be60798500e97cde0,inx_primary,majority_baseline,ranked_probability_score,0.13583333333333333
phase1c_v3_20260903T215015Z_78649c4,5681e521cfbaff5963494212fcc047116056fd7d66393346df0463aef7553af9,b5c5df19ecb1a3d61e01fbfae30f5774b8659d7b038f15ae93adee008130f7da,1,1042,1043,1044,da8d7970b677b46102cab6e831bfdc4847f0d849a5bd1c0be60798500e97cde0,inx_primary,majority_baseline,two_level_reversal_rate,0.0
phase1c_v3_20260903T215015Z_78649c4,5681e521cfbaff5963494212fcc047116056fd7d66393346df0463aef7553af9,b5c5df19ecb1a3d61e01fbfae30f5774b8659d7b038f15ae93adee008130f7da,1,1042,1043,1044,da8d7970b677b46102cab6e831bfdc4847f0d849a5bd1c0be60798500e97cde0,inx_primary,majority_baseline,weighted_f1,0.6138508518161363
phase1c_v3_20260903T215015Z_78649c4,5681e521cfbaff5963494212fcc047116056fd7d66393346df0463aef7553af9,b5c5df19ecb1a3d61e01fbfae30f5774b8659d7b038f15ae93adee008130f7da,1,1042,1043,1044,da8d7970b677b46102cab6e831bfdc4847f0d849a5bd1c0be60798500e97cde0,inx_primary,majority_baseline,weighted_precision,0.5304694444444444
phase1c_v3_20260903T215015Z_78649c4,5681e521cfbaff5963494212fcc047116056fd7d66393346df0463aef7553af9,b5c5df19ecb1a3d61e01fbfae30f5774b8659d7b038f15ae93adee008130f7da,1,1042,1043,1044,da8d7970b677b46102cab6e831bfdc4847f0d849a5bd1c0be60798500e97cde0,inx_primary,majority_baseline,weighted_recall,0.7283333333333334
phase1c_v3_20260903T215015Z_78649c4,5681e521cfbaff5963494212fcc047116056fd7d66393346df0463aef7553af9,b5c5df19ecb1a3d61e01fbfae30f5774b8659d7b038f15ae93adee008130f7da,1,1042,1043,1044,da8d7970b677b46102cab6e831bfdc4847f0d849a5bd1c0be60798500e97cde0,inx_primary,ordinal_median_baseline,accuracy,0.7283333333333334
phase1c_v3_20260903T215015Z_78649c4,5681e521cfbaff5963494212fcc047116056fd7d66393346df0463aef7553af9,b5c5df19ecb1a3d61e01fbfae30f5774b8659d7b038f15ae93adee008130f7da,1,1042,1043,1044,da8d7970b677b46102cab6e831bfdc4847f0d849a5bd1c0be60798500e97cde0,inx_primary,ordinal_median_baseline,adjacent_accuracy,1.0
phase1c_v3_20260903T215015Z_78649c4,5681e521cfbaff5963494212fcc047116056fd7d66393346df0463aef7553af9,b5c5df19ecb1a3d61e01fbfae30f5774b8659d7b038f15ae93adee008130f7da,1,1042,1043,1044,da8d7970b677b46102cab6e831bfdc4847f0d849a5bd1c0be60798500e97cde0,inx_primary,ordinal_median_baseline,balanced_accuracy,0.3333333333333333
phase1c_v3_20260903T215015Z_78649c4,5681e521cfbaff5963494212fcc047116056fd7d66393346df0463aef7553af9,b5c5df19ecb1a3d61e01fbfae30f5774b8659d7b038f15ae93adee008130f7da,1,1042,1043,1044,da8d7970b677b46102cab6e831bfdc4847f0d849a5bd1c0be60798500e97cde0,inx_primary,ordinal_median_baseline,ece_confidence,0.2716666666666666
phase1c_v3_20260903T215015Z_78649c4,5681e521cfbaff5963494212fcc047116056fd7d66393346df0463aef7553af9,b5c5df19ecb1a3d61e01fbfae30f5774b8659d7b038f15ae93adee008130f7da,1,1042,1043,1044,da8d7970b677b46102cab6e831bfdc4847f0d849a5bd1c0be60798500e97cde0,inx_primary,ordinal_median_baseline,macro_f1,0.2809386049501768
phase1c_v3_20260903T215015Z_78649c4,5681e521cfbaff5963494212fcc047116056fd7d66393346df0463aef7553af9,b5c5df19ecb1a3d61e01fbfae30f5774b8659d7b038f15ae93adee008130f7da,1,1042,1043,1044,da8d7970b677b46102cab6e831bfdc4847f0d849a5bd1c0be60798500e97cde0,inx_primary,ordinal_median_baseline,macro_precision,0.2427777777777778
phase1c_v3_20260903T215015Z_78649c4,5681e521cfbaff5963494212fcc047116056fd7d66393346df0463aef7553af9,b5c5df19ecb1a3d61e01fbfae30f5774b8659d7b038f15ae93adee008130f7da,1,1042,1043,1044,da8d7970b677b46102cab6e831bfdc4847f0d849a5bd1c0be60798500e97cde0,inx_primary,ordinal_median_baseline,macro_recall,0.3333333333333333
phase1c_v3_20260903T215015Z_78649c4,5681e521cfbaff5963494212fcc047116056fd7d66393346df0463aef7553af9,b5c5df19ecb1a3d61e01fbfae30f5774b8659d7b038f15ae93adee008130f7da,1,1042,1043,1044,da8d7970b677b46102cab6e831bfdc4847f0d849a5bd1c0be60798500e97cde0,inx_primary,ordinal_median_baseline,multiclass_brier,0.5433333333333333
phase1c_v3_20260903T215015Z_78649c4,5681e521cfbaff5963494212fcc047116056fd7d66393346df0463aef7553af9,b5c5df19ecb1a3d61e01fbfae30f5774b8659d7b038f15ae93adee008130f7da,1,1042,1043,1044,da8d7970b677b46102cab6e831bfdc4847f0d849a5bd1c0be60798500e97cde0,inx_primary,ordinal_median_baseline,nll_log_loss,9.791859170710161
phase1c_v3_20260903T215015Z_78649c4,5681e521cfbaff5963494212fcc047116056fd7d66393346df0463aef7553af9,b5c5df19ecb1a3d61e01fbfae30f5774b8659d7b038f15ae93adee008130f7da,1,1042,1043,1044,da8d7970b677b46102cab6e831bfdc4847f0d849a5bd1c0be60798500e97cde0,inx_primary,ordinal_median_baseline,ordinal_mae,0.27166666666666667
phase1c_v3_20260903T215015Z_78649c4,5681e521cfbaff5963494212fcc047116056fd7d66393346df0463aef7553af9,b5c5df19ecb1a3d61e01fbfae30f5774b8659d7b038f15ae93adee008130f7da,1,1042,1043,1044,da8d7970b677b46102cab6e831bfdc4847f0d849a5bd1c0be60798500e97cde0,inx_primary,ordinal_median_baseline,quadratic_weighted_kappa,0.0
phase1c_v3_20260903T215015Z_78649c4,5681e521cfbaff5963494212fcc047116056fd7d66393346df0463aef7553af9,b5c5df19ecb1a3d61e01fbfae30f5774b8659d7b038f15ae93adee008130f7da,1,1042,1043,1044,da8d7970b677b46102cab6e831bfdc4847f0d849a5bd1c0be60798500e97cde0,inx_primary,ordinal_median_baseline,ranked_probability_score,0.13583333333333333
phase1c_v3_20260903T215015Z_78649c4,5681e521cfbaff5963494212fcc047116056fd7d66393346df0463aef7553af9,b5c5df19ecb1a3d61e01fbfae30f5774b8659d7b038f15ae93adee008130f7da,1,1042,1043,1044,da8d7970b677b46102cab6e831bfdc4847f0d849a5bd1c0be60798500e97cde0,inx_primary,ordinal_median_baseline,two_level_reversal_rate,0.0
phase1c_v3_20260903T215015Z_78649c4,5681e521cfbaff5963494212fcc047116056fd7d66393346df0463aef7553af9,b5c5df19ecb1a3d61e01fbfae30f5774b8659d7b038f15ae93adee008130f7da,1,1042,1043,1044,da8d7970b677b46102cab6e831bfdc4847f0d849a5bd1c0be60798500e97cde0,inx_primary,ordinal_median_baseline,weighted_f1,0.6138508518161363
phase1c_v3_20260903T215015Z_78649c4,5681e521cfbaff5963494212fcc047116056fd7d66393346df0463aef7553af9,b5c5df19ecb1a3d61e01fbfae30f5774b8659d7b038f15ae93adee008130f7da,1,1042,1043,1044,da8d7970b677b46102cab6e831bfdc4847f0d849a5bd1c0be60798500e97cde0,inx_primary,ordinal_median_baseline,weighted_precision,0.5304694444444444
phase1c_v3_20260903T215015Z_78649c4,5681e521cfbaff5963494212fcc047116056fd7d66393346df0463aef7553af9,b5c5df19ecb1a3d61e01fbfae30f5774b8659d7b038f15ae93adee008130f7da,1,1042,1043,1044,da8d7970b677b46102cab6e831bfdc4847f0d849a5bd1c0be60798500e97cde0,inx_primary,ordinal_median_baseline,weighted_recall,0.7283333333333334
phase1c_v3_20260903T215015Z_78649c4,5681e521cfbaff5963494212fcc047116056fd7d66393346df0463aef7553af9,b5c5df19ecb1a3d61e01fbfae30f5774b8659d7b038f15ae93adee008130f7da,1,1042,1043,1044,da8d7970b677b46102cab6e831bfdc4847f0d849a5bd1c0be60798500e97cde0,inx_primary,proportional_odds_logistic,accuracy,0.5416666666666666
phase1c_v3_20260903T215015Z_78649c4,5681e521cfbaff5963494212fcc047116056fd7d66393346df0463aef7553af9,b5c5df19ecb1a3d61e01fbfae30f5774b8659d7b038f15ae93adee008130f7da,1,1042,1043,1044,da8d7970b677b46102cab6e831bfdc4847f0d849a5bd1c0be60798500e97cde0,inx_primary,proportional_odds_logistic,adjacent_accuracy,0.9866666666666667
phase1c_v3_20260903T215015Z_78649c4,5681e521cfbaff5963494212fcc047116056fd7d66393346df0463aef7553af9,b5c5df19ecb1a3d61e01fbfae30f5774b8659d7b038f15ae93adee008130f7da,1,1042,1043,1044,da8d7970b677b46102cab6e831bfdc4847f0d849a5bd1c0be60798500e97cde0,inx_primary,proportional_odds_logistic,balanced_accuracy,0.5513562933589355
phase1c_v3_20260903T215015Z_78649c4,5681e521cfbaff5963494212fcc047116056fd7d66393346df0463aef7553af9,b5c5df19ecb1a3d61e01fbfae30f5774b8659d7b038f15ae93adee008130f7da,1,1042,1043,1044,da8d7970b677b46102cab6e831bfdc4847f0d849a5bd1c0be60798500e97cde0,inx_primary,proportional_odds_logistic,ece_confidence,0.184839781453292
phase1c_v3_20260903T215015Z_78649c4,5681e521cfbaff5963494212fcc047116056fd7d66393346df0463aef7553af9,b5c5df19ecb1a3d61e01fbfae30f5774b8659d7b038f15ae93adee008130f7da,1,1042,1043,1044,da8d7970b677b46102cab6e831bfdc4847f0d849a5bd1c0be60798500e97cde0,inx_primary,proportional_odds_logistic,macro_f1,0.48027133156090535
phase1c_v3_20260903T215015Z_78649c4,5681e521cfbaff5963494212fcc047116056fd7d66393346df0463aef7553af9,b5c5df19ecb1a3d61e01fbfae30f5774b8659d7b038f15ae93adee008130f7da,1,1042,1043,1044,da8d7970b677b46102cab6e831bfdc4847f0d849a5bd1c0be60798500e97cde0,inx_primary,proportional_odds_logistic,macro_precision,0.4808534351723362
phase1c_v3_20260903T215015Z_78649c4,5681e521cfbaff5963494212fcc047116056fd7d66393346df0463aef7553af9,b5c5df19ecb1a3d61e01fbfae30f5774b8659d7b038f15ae93adee008130f7da,1,1042,1043,1044,da8d7970b677b46102cab6e831bfdc4847f0d849a5bd1c0be60798500e97cde0,inx_primary,proportional_odds_logistic,macro_recall,0.5513562933589355
phase1c_v3_20260903T215015Z_78649c4,5681e521cfbaff5963494212fcc047116056fd7d66393346df0463aef7553af9,b5c5df19ecb1a3d61e01fbfae30f5774b8659d7b038f15ae93adee008130f7da,1,1042,1043,1044,da8d7970b677b46102cab6e831bfdc4847f0d849a5bd1c0be60798500e97cde0,inx_primary,proportional_odds_logistic,multiclass_brier,0.5818887652872192
phase1c_v3_20260903T215015Z_78649c4,5681e521cfbaff5963494212fcc047116056fd7d66393346df0463aef7553af9,b5c5df19ecb1a3d61e01fbfae30f5774b8659d7b038f15ae93adee008130f7da,1,1042,1043,1044,da8d7970b677b46102cab6e831bfdc4847f0d849a5bd1c0be60798500e97cde0,inx_primary,proportional_odds_logistic,nll_log_loss,0.8980874751279521
phase1c_v3_20260903T215015Z_78649c4,5681e521cfbaff5963494212fcc047116056fd7d66393346df0463aef7553af9,b5c5df19ecb1a3d61e01fbfae30f5774b8659d7b038f15ae93adee008130f7da,1,1042,1043,1044,da8d7970b677b46102cab6e831bfdc4847f0d849a5bd1c0be60798500e97cde0,inx_primary,proportional_odds_logistic,ordinal_mae,0.4716666666666667
phase1c_v3_20260903T215015Z_78649c4,5681e521cfbaff5963494212fcc047116056fd7d66393346df0463aef7553af9,b5c5df19ecb1a3d61e01fbfae30f5774b8659d7b038f15ae93adee008130f7da,1,1042,1043,1044,da8d7970b677b46102cab6e831bfdc4847f0d849a5bd1c0be60798500e97cde0,inx_primary,proportional_odds_logistic,quadratic_weighted_kappa,0.37770562770562777
phase1c_v3_20260903T215015Z_78649c4,5681e521cfbaff5963494212fcc047116056fd7d66393346df0463aef7553af9,b5c5df19ecb1a3d61e01fbfae30f5774b8659d7b038f15ae93adee008130f7da,1,1042,1043,1044,da8d7970b677b46102cab6e831bfdc4847f0d849a5bd1c0be60798500e97cde0,inx_primary,proportional_odds_logistic,ranked_probability_score,0.14205287593008534
phase1c_v3_20260903T215015Z_78649c4,5681e521cfbaff5963494212fcc047116056fd7d66393346df0463aef7553af9,b5c5df19ecb1a3d61e01fbfae30f5774b8659d7b038f15ae93adee008130f7da,1,1042,1043,1044,da8d7970b677b46102cab6e831bfdc4847f0d849a5bd1c0be60798500e97cde0,inx_primary,proportional_odds_logistic,two_level_reversal_rate,0.013333333333333334
phase1c_v3_20260903T215015Z_78649c4,5681e521cfbaff5963494212fcc047116056fd7d66393346df0463aef7553af9,b5c5df19ecb1a3d61e01fbfae30f5774b8659d7b038f15ae93adee008130f7da,1,1042,1043,1044,da8d7970b677b46102cab6e831bfdc4847f0d849a5bd1c0be60798500e97cde0,inx_primary,proportional_odds_logistic,weighted_f1,0.578413733378031
phase1c_v3_20260903T215015Z_78649c4,5681e521cfbaff5963494212fcc047116056fd7d66393346df0463aef7553af9,b5c5df19ecb1a3d61e01fbfae30f5774b8659d7b038f15ae93adee008130f7da,1,1042,1043,1044,da8d7970b677b46102cab6e831bfdc4847f0d849a5bd1c0be60798500e97cde0,inx_primary,proportional_odds_logistic,weighted_precision,0.6774754178957719
phase1c_v3_20260903T215015Z_78649c4,5681e521cfbaff5963494212fcc047116056fd7d66393346df0463aef7553af9,b5c5df19ecb1a3d61e01fbfae30f5774b8659d7b038f15ae93adee008130f7da,1,1042,1043,1044,da8d7970b677b46102cab6e831bfdc4847f0d849a5bd1c0be60798500e97cde0,inx_primary,proportional_odds_logistic,weighted_recall,0.5416666666666666
phase1c_v3_20260903T215015Z_78649c4,5681e521cfbaff5963494212fcc047116056fd7d66393346df0463aef7553af9,b5c5df19ecb1a3d61e01fbfae30f5774b8659d7b038f15ae93adee008130f7da,1,1042,1043,1044,da8d7970b677b46102cab6e831bfdc4847f0d849a5bd1c0be60798500e97cde0,inx_primary,random_forest,accuracy,0.8441666666666666
phase1c_v3_20260903T215015Z_78649c4,5681e521cfbaff5963494212fcc047116056fd7d66393346df0463aef7553af9,b5c5df19ecb1a3d61e01fbfae30f5774b8659d7b038f15ae93adee008130f7da,1,1042,1043,1044,da8d7970b677b46102cab6e831bfdc4847f0d849a5bd1c0be60798500e97cde0,inx_primary,random_forest,adjacent_accuracy,0.9983333333333333
phase1c_v3_20260903T215015Z_78649c4,5681e521cfbaff5963494212fcc047116056fd7d66393346df0463aef7553af9,b5c5df19ecb1a3d61e01fbfae30f5774b8659d7b038f15ae93adee008130f7da,1,1042,1043,1044,da8d7970b677b46102cab6e831bfdc4847f0d849a5bd1c0be60798500e97cde0,inx_primary,random_forest,balanced_accuracy,0.6277818049327167
phase1c_v3_20260903T215015Z_78649c4,5681e521cfbaff5963494212fcc047116056fd7d66393346df0463aef7553af9,b5c5df19ecb1a3d61e01fbfae30f5774b8659d7b038f15ae93adee008130f7da,1,1042,1043,1044,da8d7970b677b46102cab6e831bfdc4847f0d849a5bd1c0be60798500e97cde0,inx_primary,random_forest,ece_confidence,0.23234460202136667
phase1c_v3_20260903T215015Z_78649c4,5681e521cfbaff5963494212fcc047116056fd7d66393346df0463aef7553af9,b5c5df19ecb1a3d61e01fbfae30f5774b8659d7b038f15ae93adee008130f7da,1,1042,1043,1044,da8d7970b677b46102cab6e831bfdc4847f0d849a5bd1c0be60798500e97cde0,inx_primary,random_forest,macro_f1,0.5958710819224606
phase1c_v3_20260903T215015Z_78649c4,5681e521cfbaff5963494212fcc047116056fd7d66393346df0463aef7553af9,b5c5df19ecb1a3d61e01fbfae30f5774b8659d7b038f15ae93adee008130f7da,1,1042,1043,1044,da8d7970b677b46102cab6e831bfdc4847f0d849a5bd1c0be60798500e97cde0,inx_primary,random_forest,macro_precision,0.60805695908903
phase1c_v3_20260903T215015Z_78649c4,5681e521cfbaff5963494212fcc047116056fd7d66393346df0463aef7553af9,b5c5df19ecb1a3d61e01fbfae30f5774b8659d7b038f15ae93adee008130f7da,1,1042,1043,1044,da8d7970b677b46102cab6e831bfdc4847f0d849a5bd1c0be60798500e97cde0,inx_primary,random_forest,macro_recall,0.6277818049327167
phase1c_v3_20260903T215015Z_78649c4,5681e521cfbaff5963494212fcc047116056fd7d66393346df0463aef7553af9,b5c5df19ecb1a3d61e01fbfae30f5774b8659d7b038f15ae93adee008130f7da,1,1042,1043,1044,da8d7970b677b46102cab6e831bfdc4847f0d849a5bd1c0be60798500e97cde0,inx_primary,random_forest,multiclass_brier,0.3547341823224959
phase1c_v3_20260903T215015Z_78649c4,5681e521cfbaff5963494212fcc047116056fd7d66393346df0463aef7553af9,b5c5df19ecb1a3d61e01fbfae30f5774b8659d7b038f15ae93adee008130f7da,1,1042,1043,1044,da8d7970b677b46102cab6e831bfdc4847f0d849a5bd1c0be60798500e97cde0,inx_primary,random_forest,nll_log_loss,0.6212216935821991
phase1c_v3_20260903T215015Z_78649c4,5681e521cfbaff5963494212fcc047116056fd7d66393346df0463aef7553af9,b5c5df19ecb1a3d61e01fbfae30f5774b8659d7b038f15ae93adee008130f7da,1,1042,1043,1044,da8d7970b677b46102cab6e831bfdc4847f0d849a5bd1c0be60798500e97cde0,inx_primary,random_forest,ordinal_mae,0.1575
phase1c_v3_20260903T215015Z_78649c4,5681e521cfbaff5963494212fcc047116056fd7d66393346df0463aef7553af9,b5c5df19ecb1a3d61e01fbfae30f5774b8659d7b038f15ae93adee008130f7da,1,1042,1043,1044,da8d7970b677b46102cab6e831bfdc4847f0d849a5bd1c0be60798500e97cde0,inx_primary,random_forest,quadratic_weighted_kappa,0.6340561619506893
phase1c_v3_20260903T215015Z_78649c4,5681e521cfbaff5963494212fcc047116056fd7d66393346df0463aef7553af9,b5c5df19ecb1a3d61e01fbfae30f5774b8659d7b038f15ae93adee008130f7da,1,1042,1043,1044,da8d7970b677b46102cab6e831bfdc4847f0d849a5bd1c0be60798500e97cde0,inx_primary,random_forest,ranked_probability_score,0.08491083154418853
phase1c_v3_20260903T215015Z_78649c4,5681e521cfbaff5963494212fcc047116056fd7d66393346df0463aef7553af9,b5c5df19ecb1a3d61e01fbfae30f5774b8659d7b038f15ae93adee008130f7da,1,1042,1043,1044,da8d7970b677b46102cab6e831bfdc4847f0d849a5bd1c0be60798500e97cde0,inx_primary,random_forest,two_level_reversal_rate,0.0016666666666666668
phase1c_v3_20260903T215015Z_78649c4,5681e521cfbaff5963494212fcc047116056fd7d66393346df0463aef7553af9,b5c5df19ecb1a3d61e01fbfae30f5774b8659d7b038f15ae93adee008130f7da,1,1042,1043,1044,da8d7970b677b46102cab6e831bfdc4847f0d849a5bd1c0be60798500e97cde0,inx_primary,random_forest,weighted_f1,0.798284683539092
phase1c_v3_20260903T215015Z_78649c4,5681e521cfbaff5963494212fcc047116056fd7d66393346df0463aef7553af9,b5c5df19ecb1a3d61e01fbfae30f5774b8659d7b038f15ae93adee008130f7da,1,1042,1043,1044,da8d7970b677b46102cab6e831bfdc4847f0d849a5bd1c0be60798500e97cde0,inx_primary,random_forest,weighted_precision,0.7706723568440986
phase1c_v3_20260903T215015Z_78649c4,5681e521cfbaff5963494212fcc047116056fd7d66393346df0463aef7553af9,b5c5df19ecb1a3d61e01fbfae30f5774b8659d7b038f15ae93adee008130f7da,1,1042,1043,1044,da8d7970b677b46102cab6e831bfdc4847f0d849a5bd1c0be60798500e97cde0,inx_primary,random_forest,weighted_recall,0.8441666666666666
phase1c_v3_20260903T215015Z_78649c4,5681e521cfbaff5963494212fcc047116056fd7d66393346df0463aef7553af9,b5c5df19ecb1a3d61e01fbfae30f5774b8659d7b038f15ae93adee008130f7da,1,1042,1043,1044,da8d7970b677b46102cab6e831bfdc4847f0d849a5bd1c0be60798500e97cde0,inx_primary,stratified_baseline,accuracy,0.5475
phase1c_v3_20260903T215015Z_78649c4,5681e521cfbaff5963494212fcc047116056fd7d66393346df0463aef7553af9,b5c5df19ecb1a3d61e01fbfae30f5774b8659d7b038f15ae93adee008130f7da,1,1042,1043,1044,da8d7970b677b46102cab6e831bfdc4847f0d849a5bd1c0be60798500e97cde0,inx_primary,stratified_baseline,adjacent_accuracy,0.9566666666666667
phase1c_v3_20260903T215015Z_78649c4,5681e521cfbaff5963494212fcc047116056fd7d66393346df0463aef7553af9,b5c5df19ecb1a3d61e01fbfae30f5774b8659d7b038f15ae93adee008130f7da,1,1042,1043,1044,da8d7970b677b46102cab6e831bfdc4847f0d849a5bd1c0be60798500e97cde0,inx_primary,stratified_baseline,balanced_accuracy,0.3375645863909329
phase1c_v3_20260903T215015Z_78649c4,5681e521cfbaff5963494212fcc047116056fd7d66393346df0463aef7553af9,b5c5df19ecb1a3d61e01fbfae30f5774b8659d7b038f15ae93adee008130f7da,1,1042,1043,1044,da8d7970b677b46102cab6e831bfdc4847f0d849a5bd1c0be60798500e97cde0,inx_primary,stratified_baseline,ece_confidence,0.4525
phase1c_v3_20260903T215015Z_78649c4,5681e521cfbaff5963494212fcc047116056fd7d66393346df0463aef7553af9,b5c5df19ecb1a3d61e01fbfae30f5774b8659d7b038f15ae93adee008130f7da,1,1042,1043,1044,da8d7970b677b46102cab6e831bfdc4847f0d849a5bd1c0be60798500e97cde0,inx_primary,stratified_baseline,macro_f1,0.33629011311903945
phase1c_v3_20260903T215015Z_78649c4,5681e521cfbaff5963494212fcc047116056fd7d66393346df0463aef7553af9,b5c5df19ecb1a3d61e01fbfae30f5774b8659d7b038f15ae93adee008130f7da,1,1042,1043,1044,da8d7970b677b46102cab6e831bfdc4847f0d849a5bd1c0be60798500e97cde0,inx_primary,stratified_baseline,macro_precision,0.3369146269002797
phase1c_v3_20260903T215015Z_78649c4,5681e521cfbaff5963494212fcc047116056fd7d66393346df0463aef7553af9,b5c5df19ecb1a3d61e01fbfae30f5774b8659d7b038f15ae93adee008130f7da,1,1042,1043,1044,da8d7970b677b46102cab6e831bfdc4847f0d849a5bd1c0be60798500e97cde0,inx_primary,stratified_baseline,macro_recall,0.3375645863909329
phase1c_v3_20260903T215015Z_78649c4,5681e521cfbaff5963494212fcc047116056fd7d66393346df0463aef7553af9,b5c5df19ecb1a3d61e01fbfae30f5774b8659d7b038f15ae93adee008130f7da,1,1042,1043,1044,da8d7970b677b46102cab6e831bfdc4847f0d849a5bd1c0be60798500e97cde0,inx_primary,stratified_baseline,multiclass_brier,0.905
phase1c_v3_20260903T215015Z_78649c4,5681e521cfbaff5963494212fcc047116056fd7d66393346df0463aef7553af9,b5c5df19ecb1a3d61e01fbfae30f5774b8659d7b038f15ae93adee008130f7da,1,1042,1043,1044,da8d7970b677b46102cab6e831bfdc4847f0d849a5bd1c0be60798500e97cde0,inx_primary,stratified_baseline,nll_log_loss,16.309753158575514
phase1c_v3_20260903T215015Z_78649c4,5681e521cfbaff5963494212fcc047116056fd7d66393346df0463aef7553af9,b5c5df19ecb1a3d61e01fbfae30f5774b8659d7b038f15ae93adee008130f7da,1,1042,1043,1044,da8d7970b677b46102cab6e831bfdc4847f0d849a5bd1c0be60798500e97cde0,inx_primary,stratified_baseline,ordinal_mae,0.49583333333333335
phase1c_v3_20260903T215015Z_78649c4,5681e521cfbaff5963494212fcc047116056fd7d66393346df0463aef7553af9,b5c5df19ecb1a3d61e01fbfae30f5774b8659d7b038f15ae93adee008130f7da,1,1042,1043,1044,da8d7970b677b46102cab6e831bfdc4847f0d849a5bd1c0be60798500e97cde0,inx_primary,stratified_baseline,quadratic_weighted_kappa,-0.0023181894223645028
phase1c_v3_20260903T215015Z_78649c4,5681e521cfbaff5963494212fcc047116056fd7d66393346df0463aef7553af9,b5c5df19ecb1a3d61e01fbfae30f5774b8659d7b038f15ae93adee008130f7da,1,1042,1043,1044,da8d7970b677b46102cab6e831bfdc4847f0d849a5bd1c0be60798500e97cde0,inx_primary,stratified_baseline,ranked_probability_score,0.24791666666666667
phase1c_v3_20260903T215015Z_78649c4,5681e521cfbaff5963494212fcc047116056fd7d66393346df0463aef7553af9,b5c5df19ecb1a3d61e01fbfae30f5774b8659d7b038f15ae93adee008130f7da,1,1042,1043,1044,da8d7970b677b46102cab6e831bfdc4847f0d849a5bd1c0be60798500e97cde0,inx_primary,stratified_baseline,two_level_reversal_rate,0.043333333333333335
phase1c_v3_20260903T215015Z_78649c4,5681e521cfbaff5963494212fcc047116056fd7d66393346df0463aef7553af9,b5c5df19ecb1a3d61e01fbfae30f5774b8659d7b038f15ae93adee008130f7da,1,1042,1043,1044,da8d7970b677b46102cab6e831bfdc4847f0d849a5bd1c0be60798500e97cde0,inx_primary,stratified_baseline,weighted_f1,0.5591611065793652
phase1c_v3_20260903T215015Z_78649c4,5681e521cfbaff5963494212fcc047116056fd7d66393346df0463aef7553af9,b5c5df19ecb1a3d61e01fbfae30f5774b8659d7b038f15ae93adee008130f7da,1,1042,1043,1044,da8d7970b677b46102cab6e831bfdc4847f0d849a5bd1c0be60798500e97cde0,inx_primary,stratified_baseline,weighted_precision,0.5721938495427735
phase1c_v3_20260903T215015Z_78649c4,5681e521cfbaff5963494212fcc047116056fd7d66393346df0463aef7553af9,b5c5df19ecb1a3d61e01fbfae30f5774b8659d7b038f15ae93adee008130f7da,1,1042,1043,1044,da8d7970b677b46102cab6e831bfdc4847f0d849a5bd1c0be60798500e97cde0,inx_primary,stratified_baseline,weighted_recall,0.5475
phase1c_v3_20260903T215015Z_78649c4,5681e521cfbaff5963494212fcc047116056fd7d66393346df0463aef7553af9,b5c5df19ecb1a3d61e01fbfae30f5774b8659d7b038f15ae93adee008130f7da,1,1042,1043,1044,da8d7970b677b46102cab6e831bfdc4847f0d849a5bd1c0be60798500e97cde0,inx_primary,xgboost,accuracy,0.77
phase1c_v3_20260903T215015Z_78649c4,5681e521cfbaff5963494212fcc047116056fd7d66393346df0463aef7553af9,b5c5df19ecb1a3d61e01fbfae30f5774b8659d7b038f15ae93adee008130f7da,1,1042,1043,1044,da8d7970b677b46102cab6e831bfdc4847f0d849a5bd1c0be60798500e97cde0,inx_primary,xgboost,adjacent_accuracy,0.9983333333333333
phase1c_v3_20260903T215015Z_78649c4,5681e521cfbaff5963494212fcc047116056fd7d66393346df0463aef7553af9,b5c5df19ecb1a3d61e01fbfae30f5774b8659d7b038f15ae93adee008130f7da,1,1042,1043,1044,da8d7970b677b46102cab6e831bfdc4847f0d849a5bd1c0be60798500e97cde0,inx_primary,xgboost,balanced_accuracy,0.6426173433120991
phase1c_v3_20260903T215015Z_78649c4,5681e521cfbaff5963494212fcc047116056fd7d66393346df0463aef7553af9,b5c5df19ecb1a3d61e01fbfae30f5774b8659d7b038f15ae93adee008130f7da,1,1042,1043,1044,da8d7970b677b46102cab6e831bfdc4847f0d849a5bd1c0be60798500e97cde0,inx_primary,xgboost,ece_confidence,0.06747155348975038
phase1c_v3_20260903T215015Z_78649c4,5681e521cfbaff5963494212fcc047116056fd7d66393346df0463aef7553af9,b5c5df19ecb1a3d61e01fbfae30f5774b8659d7b038f15ae93adee008130f7da,1,1042,1043,1044,da8d7970b677b46102cab6e831bfdc4847f0d849a5bd1c0be60798500e97cde0,inx_primary,xgboost,macro_f1,0.6297293596791791
phase1c_v3_20260903T215015Z_78649c4,5681e521cfbaff5963494212fcc047116056fd7d66393346df0463aef7553af9,b5c5df19ecb1a3d61e01fbfae30f5774b8659d7b038f15ae93adee008130f7da,1,1042,1043,1044,da8d7970b677b46102cab6e831bfdc4847f0d849a5bd1c0be60798500e97cde0,inx_primary,xgboost,macro_precision,0.6186703384864399
phase1c_v3_20260903T215015Z_78649c4,5681e521cfbaff5963494212fcc047116056fd7d66393346df0463aef7553af9,b5c5df19ecb1a3d61e01fbfae30f5774b8659d7b038f15ae93adee008130f7da,1,1042,1043,1044,da8d7970b677b46102cab6e831bfdc4847f0d849a5bd1c0be60798500e97cde0,inx_primary,xgboost,macro_recall,0.6426173433120991
phase1c_v3_20260903T215015Z_78649c4,5681e521cfbaff5963494212fcc047116056fd7d66393346df0463aef7553af9,b5c5df19ecb1a3d61e01fbfae30f5774b8659d7b038f15ae93adee008130f7da,1,1042,1043,1044,da8d7970b677b46102cab6e831bfdc4847f0d849a5bd1c0be60798500e97cde0,inx_primary,xgboost,multiclass_brier,0.33368314288961587
phase1c_v3_20260903T215015Z_78649c4,5681e521cfbaff5963494212fcc047116056fd7d66393346df0463aef7553af9,b5c5df19ecb1a3d61e01fbfae30f5774b8659d7b038f15ae93adee008130f7da,1,1042,1043,1044,da8d7970b677b46102cab6e831bfdc4847f0d849a5bd1c0be60798500e97cde0,inx_primary,xgboost,nll_log_loss,0.5603284387767555
phase1c_v3_20260903T215015Z_78649c4,5681e521cfbaff5963494212fcc047116056fd7d66393346df0463aef7553af9,b5c5df19ecb1a3d61e01fbfae30f5774b8659d7b038f15ae93adee008130f7da,1,1042,1043,1044,da8d7970b677b46102cab6e831bfdc4847f0d849a5bd1c0be60798500e97cde0,inx_primary,xgboost,ordinal_mae,0.23166666666666666
phase1c_v3_20260903T215015Z_78649c4,5681e521cfbaff5963494212fcc047116056fd7d66393346df0463aef7553af9,b5c5df19ecb1a3d61e01fbfae30f5774b8659d7b038f15ae93adee008130f7da,1,1042,1043,1044,da8d7970b677b46102cab6e831bfdc4847f0d849a5bd1c0be60798500e97cde0,inx_primary,xgboost,quadratic_weighted_kappa,0.5818215969867429
phase1c_v3_20260903T215015Z_78649c4,5681e521cfbaff5963494212fcc047116056fd7d66393346df0463aef7553af9,b5c5df19ecb1a3d61e01fbfae30f5774b8659d7b038f15ae93adee008130f7da,1,1042,1043,1044,da8d7970b677b46102cab6e831bfdc4847f0d849a5bd1c0be60798500e97cde0,inx_primary,xgboost,ranked_probability_score,0.083553352562958
phase1c_v3_20260903T215015Z_78649c4,5681e521cfbaff5963494212fcc047116056fd7d66393346df0463aef7553af9,b5c5df19ecb1a3d61e01fbfae30f5774b8659d7b038f15ae93adee008130f7da,1,1042,1043,1044,da8d7970b677b46102cab6e831bfdc4847f0d849a5bd1c0be60798500e97cde0,inx_primary,xgboost,two_level_reversal_rate,0.0016666666666666668
phase1c_v3_20260903T215015Z_78649c4,5681e521cfbaff5963494212fcc047116056fd7d66393346df0463aef7553af9,b5c5df19ecb1a3d61e01fbfae30f5774b8659d7b038f15ae93adee008130f7da,1,1042,1043,1044,da8d7970b677b46102cab6e831bfdc4847f0d849a5bd1c0be60798500e97cde0,inx_primary,xgboost,weighted_f1,0.7722462399738814
phase1c_v3_20260903T215015Z_78649c4,5681e521cfbaff5963494212fcc047116056fd7d66393346df0463aef7553af9,b5c5df19ecb1a3d61e01fbfae30f5774b8659d7b038f15ae93adee008130f7da,1,1042,1043,1044,da8d7970b677b46102cab6e831bfdc4847f0d849a5bd1c0be60798500e97cde0,inx_primary,xgboost,weighted_precision,0.7756494919459419
phase1c_v3_20260903T215015Z_78649c4,5681e521cfbaff5963494212fcc047116056fd7d66393346df0463aef7553af9,b5c5df19ecb1a3d61e01fbfae30f5774b8659d7b038f15ae93adee008130f7da,1,1042,1043,1044,da8d7970b677b46102cab6e831bfdc4847f0d849a5bd1c0be60798500e97cde0,inx_primary,xgboost,weighted_recall,0.77
phase1c_v3_20260903T215015Z_78649c4,5681e521cfbaff5963494212fcc047116056fd7d66393346df0463aef7553af9,b5c5df19ecb1a3d61e01fbfae30f5774b8659d7b038f15ae93adee008130f7da,2,2042,2043,2044,b16ffe4915f49804acd0255190963585b04011aef58c1d8fa21bbd6ff4d3b548,inx_primary,cumulative_threshold_xgboost,accuracy,0.7
phase1c_v3_20260903T215015Z_78649c4,5681e521cfbaff5963494212fcc047116056fd7d66393346df0463aef7553af9,b5c5df19ecb1a3d61e01fbfae30f5774b8659d7b038f15ae93adee008130f7da,2,2042,2043,2044,b16ffe4915f49804acd0255190963585b04011aef58c1d8fa21bbd6ff4d3b548,inx_primary,cumulative_threshold_xgboost,adjacent_accuracy,0.9983333333333333
phase1c_v3_20260903T215015Z_78649c4,5681e521cfbaff5963494212fcc047116056fd7d66393346df0463aef7553af9,b5c5df19ecb1a3d61e01fbfae30f5774b8659d7b038f15ae93adee008130f7da,2,2042,2043,2044,b16ffe4915f49804acd0255190963585b04011aef58c1d8fa21bbd6ff4d3b548,inx_primary,cumulative_threshold_xgboost,balanced_accuracy,0.658275529362368
phase1c_v3_20260903T215015Z_78649c4,5681e521cfbaff5963494212fcc047116056fd7d66393346df0463aef7553af9,b5c5df19ecb1a3d61e01fbfae30f5774b8659d7b038f15ae93adee008130f7da,2,2042,2043,2044,b16ffe4915f49804acd0255190963585b04011aef58c1d8fa21bbd6ff4d3b548,inx_primary,cumulative_threshold_xgboost,ece_confidence,0.032702624519200384
phase1c_v3_20260903T215015Z_78649c4,5681e521cfbaff5963494212fcc047116056fd7d66393346df0463aef7553af9,b5c5df19ecb1a3d61e01fbfae30f5774b8659d7b038f15ae93adee008130f7da,2,2042,2043,2044,b16ffe4915f49804acd0255190963585b04011aef58c1d8fa21bbd6ff4d3b548,inx_primary,cumulative_threshold_xgboost,macro_f1,0.6191329157984394
phase1c_v3_20260903T215015Z_78649c4,5681e521cfbaff5963494212fcc047116056fd7d66393346df0463aef7553af9,b5c5df19ecb1a3d61e01fbfae30f5774b8659d7b038f15ae93adee008130f7da,2,2042,2043,2044,b16ffe4915f49804acd0255190963585b04011aef58c1d8fa21bbd6ff4d3b548,inx_primary,cumulative_threshold_xgboost,macro_precision,0.6073307511032212
phase1c_v3_20260903T215015Z_78649c4,5681e521cfbaff5963494212fcc047116056fd7d66393346df0463aef7553af9,b5c5df19ecb1a3d61e01fbfae30f5774b8659d7b038f15ae93adee008130f7da,2,2042,2043,2044,b16ffe4915f49804acd0255190963585b04011aef58c1d8fa21bbd6ff4d3b548,inx_primary,cumulative_threshold_xgboost,macro_recall,0.658275529362368
phase1c_v3_20260903T215015Z_78649c4,5681e521cfbaff5963494212fcc047116056fd7d66393346df0463aef7553af9,b5c5df19ecb1a3d61e01fbfae30f5774b8659d7b038f15ae93adee008130f7da,2,2042,2043,2044,b16ffe4915f49804acd0255190963585b04011aef58c1d8fa21bbd6ff4d3b548,inx_primary,cumulative_threshold_xgboost,multiclass_brier,0.4010895399531657
phase1c_v3_20260903T215015Z_78649c4,5681e521cfbaff5963494212fcc047116056fd7d66393346df0463aef7553af9,b5c5df19ecb1a3d61e01fbfae30f5774b8659d7b038f15ae93adee008130f7da,2,2042,2043,2044,b16ffe4915f49804acd0255190963585b04011aef58c1d8fa21bbd6ff4d3b548,inx_primary,cumulative_threshold_xgboost,nll_log_loss,1.2540978807761003
phase1c_v3_20260903T215015Z_78649c4,5681e521cfbaff5963494212fcc047116056fd7d66393346df0463aef7553af9,b5c5df19ecb1a3d61e01fbfae30f5774b8659d7b038f15ae93adee008130f7da,2,2042,2043,2044,b16ffe4915f49804acd0255190963585b04011aef58c1d8fa21bbd6ff4d3b548,inx_primary,cumulative_threshold_xgboost,ordinal_mae,0.3016666666666667
phase1c_v3_20260903T215015Z_78649c4,5681e521cfbaff5963494212fcc047116056fd7d66393346df0463aef7553af9,b5c5df19ecb1a3d61e01fbfae30f5774b8659d7b038f15ae93adee008130f7da,2,2042,2043,2044,b16ffe4915f49804acd0255190963585b04011aef58c1d8fa21bbd6ff4d3b548,inx_primary,cumulative_threshold_xgboost,quadratic_weighted_kappa,0.5508614624408921
phase1c_v3_20260903T215015Z_78649c4,5681e521cfbaff5963494212fcc047116056fd7d66393346df0463aef7553af9,b5c5df19ecb1a3d61e01fbfae30f5774b8659d7b038f15ae93adee008130f7da,2,2042,2043,2044,b16ffe4915f49804acd0255190963585b04011aef58c1d8fa21bbd6ff4d3b548,inx_primary,cumulative_threshold_xgboost,ranked_probability_score,0.09916828370383568
phase1c_v3_20260903T215015Z_78649c4,5681e521cfbaff5963494212fcc047116056fd7d66393346df0463aef7553af9,b5c5df19ecb1a3d61e01fbfae30f5774b8659d7b038f15ae93adee008130f7da,2,2042,2043,2044,b16ffe4915f49804acd0255190963585b04011aef58c1d8fa21bbd6ff4d3b548,inx_primary,cumulative_threshold_xgboost,two_level_reversal_rate,0.0016666666666666668
phase1c_v3_20260903T215015Z_78649c4,5681e521cfbaff5963494212fcc047116056fd7d66393346df0463aef7553af9,b5c5df19ecb1a3d61e01fbfae30f5774b8659d7b038f15ae93adee008130f7da,2,2042,2043,2044,b16ffe4915f49804acd0255190963585b04011aef58c1d8fa21bbd6ff4d3b548,inx_primary,cumulative_threshold_xgboost,weighted_f1,0.726976974841092
phase1c_v3_20260903T215015Z_78649c4,5681e521cfbaff5963494212fcc047116056fd7d66393346df0463aef7553af9,b5c5df19ecb1a3d61e01fbfae30f5774b8659d7b038f15ae93adee008130f7da,2,2042,2043,2044,b16ffe4915f49804acd0255190963585b04011aef58c1d8fa21bbd6ff4d3b548,inx_primary,cumulative_threshold_xgboost,weighted_precision,0.7734029221598074
phase1c_v3_20260903T215015Z_78649c4,5681e521cfbaff5963494212fcc047116056fd7d66393346df0463aef7553af9,b5c5df19ecb1a3d61e01fbfae30f5774b8659d7b038f15ae93adee008130f7da,2,2042,2043,2044,b16ffe4915f49804acd0255190963585b04011aef58c1d8fa21bbd6ff4d3b548,inx_primary,cumulative_threshold_xgboost,weighted_recall,0.7
phase1c_v3_20260903T215015Z_78649c4,5681e521cfbaff5963494212fcc047116056fd7d66393346df0463aef7553af9,b5c5df19ecb1a3d61e01fbfae30f5774b8659d7b038f15ae93adee008130f7da,2,2042,2043,2044,b16ffe4915f49804acd0255190963585b04011aef58c1d8fa21bbd6ff4d3b548,inx_primary,lightgbm,accuracy,0.8083333333333333
phase1c_v3_20260903T215015Z_78649c4,5681e521cfbaff5963494212fcc047116056fd7d66393346df0463aef7553af9,b5c5df19ecb1a3d61e01fbfae30f5774b8659d7b038f15ae93adee008130f7da,2,2042,2043,2044,b16ffe4915f49804acd0255190963585b04011aef58c1d8fa21bbd6ff4d3b548,inx_primary,lightgbm,adjacent_accuracy,0.9983333333333333
phase1c_v3_20260903T215015Z_78649c4,5681e521cfbaff5963494212fcc047116056fd7d66393346df0463aef7553af9,b5c5df19ecb1a3d61e01fbfae30f5774b8659d7b038f15ae93adee008130f7da,2,2042,2043,2044,b16ffe4915f49804acd0255190963585b04011aef58c1d8fa21bbd6ff4d3b548,inx_primary,lightgbm,balanced_accuracy,0.6213191148551737
phase1c_v3_20260903T215015Z_78649c4,5681e521cfbaff5963494212fcc047116056fd7d66393346df0463aef7553af9,b5c5df19ecb1a3d61e01fbfae30f5774b8659d7b038f15ae93adee008130f7da,2,2042,2043,2044,b16ffe4915f49804acd0255190963585b04011aef58c1d8fa21bbd6ff4d3b548,inx_primary,lightgbm,ece_confidence,0.09308084124045368
phase1c_v3_20260903T215015Z_78649c4,5681e521cfbaff5963494212fcc047116056fd7d66393346df0463aef7553af9,b5c5df19ecb1a3d61e01fbfae30f5774b8659d7b038f15ae93adee008130f7da,2,2042,2043,2044,b16ffe4915f49804acd0255190963585b04011aef58c1d8fa21bbd6ff4d3b548,inx_primary,lightgbm,macro_f1,0.6082143805721042
phase1c_v3_20260903T215015Z_78649c4,5681e521cfbaff5963494212fcc047116056fd7d66393346df0463aef7553af9,b5c5df19ecb1a3d61e01fbfae30f5774b8659d7b038f15ae93adee008130f7da,2,2042,2043,2044,b16ffe4915f49804acd0255190963585b04011aef58c1d8fa21bbd6ff4d3b548,inx_primary,lightgbm,macro_precision,0.6100873871791398
phase1c_v3_20260903T215015Z_78649c4,5681e521cfbaff5963494212fcc047116056fd7d66393346df0463aef7553af9,b5c5df19ecb1a3d61e01fbfae30f5774b8659d7b038f15ae93adee008130f7da,2,2042,2043,2044,b16ffe4915f49804acd0255190963585b04011aef58c1d8fa21bbd6ff4d3b548,inx_primary,lightgbm,macro_recall,0.6213191148551737
phase1c_v3_20260903T215015Z_78649c4,5681e521cfbaff5963494212fcc047116056fd7d66393346df0463aef7553af9,b5c5df19ecb1a3d61e01fbfae30f5774b8659d7b038f15ae93adee008130f7da,2,2042,2043,2044,b16ffe4915f49804acd0255190963585b04011aef58c1d8fa21bbd6ff4d3b548,inx_primary,lightgbm,multiclass_brier,0.31803036469681095
phase1c_v3_20260903T215015Z_78649c4,5681e521cfbaff5963494212fcc047116056fd7d66393346df0463aef7553af9,b5c5df19ecb1a3d61e01fbfae30f5774b8659d7b038f15ae93adee008130f7da,2,2042,2043,2044,b16ffe4915f49804acd0255190963585b04011aef58c1d8fa21bbd6ff4d3b548,inx_primary,lightgbm,nll_log_loss,0.6247171125422909
phase1c_v3_20260903T215015Z_78649c4,5681e521cfbaff5963494212fcc047116056fd7d66393346df0463aef7553af9,b5c5df19ecb1a3d61e01fbfae30f5774b8659d7b038f15ae93adee008130f7da,2,2042,2043,2044,b16ffe4915f49804acd0255190963585b04011aef58c1d8fa21bbd6ff4d3b548,inx_primary,lightgbm,ordinal_mae,0.19333333333333333
phase1c_v3_20260903T215015Z_78649c4,5681e521cfbaff5963494212fcc047116056fd7d66393346df0463aef7553af9,b5c5df19ecb1a3d61e01fbfae30f5774b8659d7b038f15ae93adee008130f7da,2,2042,2043,2044,b16ffe4915f49804acd0255190963585b04011aef58c1d8fa21bbd6ff4d3b548,inx_primary,lightgbm,quadratic_weighted_kappa,0.5930192453611092
phase1c_v3_20260903T215015Z_78649c4,5681e521cfbaff5963494212fcc047116056fd7d66393346df0463aef7553af9,b5c5df19ecb1a3d61e01fbfae30f5774b8659d7b038f15ae93adee008130f7da,2,2042,2043,2044,b16ffe4915f49804acd0255190963585b04011aef58c1d8fa21bbd6ff4d3b548,inx_primary,lightgbm,ranked_probability_score,0.08054141230252335
phase1c_v3_20260903T215015Z_78649c4,5681e521cfbaff5963494212fcc047116056fd7d66393346df0463aef7553af9,b5c5df19ecb1a3d61e01fbfae30f5774b8659d7b038f15ae93adee008130f7da,2,2042,2043,2044,b16ffe4915f49804acd0255190963585b04011aef58c1d8fa21bbd6ff4d3b548,inx_primary,lightgbm,two_level_reversal_rate,0.0016666666666666668
phase1c_v3_20260903T215015Z_78649c4,5681e521cfbaff5963494212fcc047116056fd7d66393346df0463aef7553af9,b5c5df19ecb1a3d61e01fbfae30f5774b8659d7b038f15ae93adee008130f7da,2,2042,2043,2044,b16ffe4915f49804acd0255190963585b04011aef58c1d8fa21bbd6ff4d3b548,inx_primary,lightgbm,weighted_f1,0.7845646438329366
phase1c_v3_20260903T215015Z_78649c4,5681e521cfbaff5963494212fcc047116056fd7d66393346df0463aef7553af9,b5c5df19ecb1a3d61e01fbfae30f5774b8659d7b038f15ae93adee008130f7da,2,2042,2043,2044,b16ffe4915f49804acd0255190963585b04011aef58c1d8fa21bbd6ff4d3b548,inx_primary,lightgbm,weighted_precision,0.7669714244721298
phase1c_v3_20260903T215015Z_78649c4,5681e521cfbaff5963494212fcc047116056fd7d66393346df0463aef7553af9,b5c5df19ecb1a3d61e01fbfae30f5774b8659d7b038f15ae93adee008130f7da,2,2042,2043,2044,b16ffe4915f49804acd0255190963585b04011aef58c1d8fa21bbd6ff4d3b548,inx_primary,lightgbm,weighted_recall,0.8083333333333333
phase1c_v3_20260903T215015Z_78649c4,5681e521cfbaff5963494212fcc047116056fd7d66393346df0463aef7553af9,b5c5df19ecb1a3d61e01fbfae30f5774b8659d7b038f15ae93adee008130f7da,2,2042,2043,2044,b16ffe4915f49804acd0255190963585b04011aef58c1d8fa21bbd6ff4d3b548,inx_primary,logistic_regression,accuracy,0.72
phase1c_v3_20260903T215015Z_78649c4,5681e521cfbaff5963494212fcc047116056fd7d66393346df0463aef7553af9,b5c5df19ecb1a3d61e01fbfae30f5774b8659d7b038f15ae93adee008130f7da,2,2042,2043,2044,b16ffe4915f49804acd0255190963585b04011aef58c1d8fa21bbd6ff4d3b548,inx_primary,logistic_regression,adjacent_accuracy,0.9933333333333333
phase1c_v3_20260903T215015Z_78649c4,5681e521cfbaff5963494212fcc047116056fd7d66393346df0463aef7553af9,b5c5df19ecb1a3d61e01fbfae30f5774b8659d7b038f15ae93adee008130f7da,2,2042,2043,2044,b16ffe4915f49804acd0255190963585b04011aef58c1d8fa21bbd6ff4d3b548,inx_primary,logistic_regression,balanced_accuracy,0.518085917086837
phase1c_v3_20260903T215015Z_78649c4,5681e521cfbaff5963494212fcc047116056fd7d66393346df0463aef7553af9,b5c5df19ecb1a3d61e01fbfae30f5774b8659d7b038f15ae93adee008130f7da,2,2042,2043,2044,b16ffe4915f49804acd0255190963585b04011aef58c1d8fa21bbd6ff4d3b548,inx_primary,logistic_regression,ece_confidence,0.05124329906743888
phase1c_v3_20260903T215015Z_78649c4,5681e521cfbaff5963494212fcc047116056fd7d66393346df0463aef7553af9,b5c5df19ecb1a3d61e01fbfae30f5774b8659d7b038f15ae93adee008130f7da,2,2042,2043,2044,b16ffe4915f49804acd0255190963585b04011aef58c1d8fa21bbd6ff4d3b548,inx_primary,logistic_regression,macro_f1,0.5161883451376181
phase1c_v3_20260903T215015Z_78649c4,5681e521cfbaff5963494212fcc047116056fd7d66393346df0463aef7553af9,b5c5df19ecb1a3d61e01fbfae30f5774b8659d7b038f15ae93adee008130f7da,2,2042,2043,2044,b16ffe4915f49804acd0255190963585b04011aef58c1d8fa21bbd6ff4d3b548,inx_primary,logistic_regression,macro_precision,0.5212045728131692
phase1c_v3_20260903T215015Z_78649c4,5681e521cfbaff5963494212fcc047116056fd7d66393346df0463aef7553af9,b5c5df19ecb1a3d61e01fbfae30f5774b8659d7b038f15ae93adee008130f7da,2,2042,2043,2044,b16ffe4915f49804acd0255190963585b04011aef58c1d8fa21bbd6ff4d3b548,inx_primary,logistic_regression,macro_recall,0.518085917086837
phase1c_v3_20260903T215015Z_78649c4,5681e521cfbaff5963494212fcc047116056fd7d66393346df0463aef7553af9,b5c5df19ecb1a3d61e01fbfae30f5774b8659d7b038f15ae93adee008130f7da,2,2042,2043,2044,b16ffe4915f49804acd0255190963585b04011aef58c1d8fa21bbd6ff4d3b548,inx_primary,logistic_regression,multiclass_brier,0.40107280282820523
phase1c_v3_20260903T215015Z_78649c4,5681e521cfbaff5963494212fcc047116056fd7d66393346df0463aef7553af9,b5c5df19ecb1a3d61e01fbfae30f5774b8659d7b038f15ae93adee008130f7da,2,2042,2043,2044,b16ffe4915f49804acd0255190963585b04011aef58c1d8fa21bbd6ff4d3b548,inx_primary,logistic_regression,nll_log_loss,0.6814675090718144
phase1c_v3_20260903T215015Z_78649c4,5681e521cfbaff5963494212fcc047116056fd7d66393346df0463aef7553af9,b5c5df19ecb1a3d61e01fbfae30f5774b8659d7b038f15ae93adee008130f7da,2,2042,2043,2044,b16ffe4915f49804acd0255190963585b04011aef58c1d8fa21bbd6ff4d3b548,inx_primary,logistic_regression,ordinal_mae,0.2866666666666667
phase1c_v3_20260903T215015Z_78649c4,5681e521cfbaff5963494212fcc047116056fd7d66393346df0463aef7553af9,b5c5df19ecb1a3d61e01fbfae30f5774b8659d7b038f15ae93adee008130f7da,2,2042,2043,2044,b16ffe4915f49804acd0255190963585b04011aef58c1d8fa21bbd6ff4d3b548,inx_primary,logistic_regression,quadratic_weighted_kappa,0.3951477407648022
phase1c_v3_20260903T215015Z_78649c4,5681e521cfbaff5963494212fcc047116056fd7d66393346df0463aef7553af9,b5c5df19ecb1a3d61e01fbfae30f5774b8659d7b038f15ae93adee008130f7da,2,2042,2043,2044,b16ffe4915f49804acd0255190963585b04011aef58c1d8fa21bbd6ff4d3b548,inx_primary,logistic_regression,ranked_probability_score,0.10405744787835697
phase1c_v3_20260903T215015Z_78649c4,5681e521cfbaff5963494212fcc047116056fd7d66393346df0463aef7553af9,b5c5df19ecb1a3d61e01fbfae30f5774b8659d7b038f15ae93adee008130f7da,2,2042,2043,2044,b16ffe4915f49804acd0255190963585b04011aef58c1d8fa21bbd6ff4d3b548,inx_primary,logistic_regression,two_level_reversal_rate,0.006666666666666667
phase1c_v3_20260903T215015Z_78649c4,5681e521cfbaff5963494212fcc047116056fd7d66393346df0463aef7553af9,b5c5df19ecb1a3d61e01fbfae30f5774b8659d7b038f15ae93adee008130f7da,2,2042,2043,2044,b16ffe4915f49804acd0255190963585b04011aef58c1d8fa21bbd6ff4d3b548,inx_primary,logistic_regression,weighted_f1,0.7059518043991923
phase1c_v3_20260903T215015Z_78649c4,5681e521cfbaff5963494212fcc047116056fd7d66393346df0463aef7553af9,b5c5df19ecb1a3d61e01fbfae30f5774b8659d7b038f15ae93adee008130f7da,2,2042,2043,2044,b16ffe4915f49804acd0255190963585b04011aef58c1d8fa21bbd6ff4d3b548,inx_primary,logistic_regression,weighted_precision,0.6948259430839605
phase1c_v3_20260903T215015Z_78649c4,5681e521cfbaff5963494212fcc047116056fd7d66393346df0463aef7553af9,b5c5df19ecb1a3d61e01fbfae30f5774b8659d7b038f15ae93adee008130f7da,2,2042,2043,2044,b16ffe4915f49804acd0255190963585b04011aef58c1d8fa21bbd6ff4d3b548,inx_primary,logistic_regression,weighted_recall,0.72
phase1c_v3_20260903T215015Z_78649c4,5681e521cfbaff5963494212fcc047116056fd7d66393346df0463aef7553af9,b5c5df19ecb1a3d61e01fbfae30f5774b8659d7b038f15ae93adee008130f7da,2,2042,2043,2044,b16ffe4915f49804acd0255190963585b04011aef58c1d8fa21bbd6ff4d3b548,inx_primary,majority_baseline,accuracy,0.7283333333333334
phase1c_v3_20260903T215015Z_78649c4,5681e521cfbaff5963494212fcc047116056fd7d66393346df0463aef7553af9,b5c5df19ecb1a3d61e01fbfae30f5774b8659d7b038f15ae93adee008130f7da,2,2042,2043,2044,b16ffe4915f49804acd0255190963585b04011aef58c1d8fa21bbd6ff4d3b548,inx_primary,majority_baseline,adjacent_accuracy,1.0
phase1c_v3_20260903T215015Z_78649c4,5681e521cfbaff5963494212fcc047116056fd7d66393346df0463aef7553af9,b5c5df19ecb1a3d61e01fbfae30f5774b8659d7b038f15ae93adee008130f7da,2,2042,2043,2044,b16ffe4915f49804acd0255190963585b04011aef58c1d8fa21bbd6ff4d3b548,inx_primary,majority_baseline,balanced_accuracy,0.3333333333333333
phase1c_v3_20260903T215015Z_78649c4,5681e521cfbaff5963494212fcc047116056fd7d66393346df0463aef7553af9,b5c5df19ecb1a3d61e01fbfae30f5774b8659d7b038f15ae93adee008130f7da,2,2042,2043,2044,b16ffe4915f49804acd0255190963585b04011aef58c1d8fa21bbd6ff4d3b548,inx_primary,majority_baseline,ece_confidence,0.2716666666666666
phase1c_v3_20260903T215015Z_78649c4,5681e521cfbaff5963494212fcc047116056fd7d66393346df0463aef7553af9,b5c5df19ecb1a3d61e01fbfae30f5774b8659d7b038f15ae93adee008130f7da,2,2042,2043,2044,b16ffe4915f49804acd0255190963585b04011aef58c1d8fa21bbd6ff4d3b548,inx_primary,majority_baseline,macro_f1,0.2809386049501768
phase1c_v3_20260903T215015Z_78649c4,5681e521cfbaff5963494212fcc047116056fd7d66393346df0463aef7553af9,b5c5df19ecb1a3d61e01fbfae30f5774b8659d7b038f15ae93adee008130f7da,2,2042,2043,2044,b16ffe4915f49804acd0255190963585b04011aef58c1d8fa21bbd6ff4d3b548,inx_primary,majority_baseline,macro_precision,0.2427777777777778
phase1c_v3_20260903T215015Z_78649c4,5681e521cfbaff5963494212fcc047116056fd7d66393346df0463aef7553af9,b5c5df19ecb1a3d61e01fbfae30f5774b8659d7b038f15ae93adee008130f7da,2,2042,2043,2044,b16ffe4915f49804acd0255190963585b04011aef58c1d8fa21bbd6ff4d3b548,inx_primary,majority_baseline,macro_recall,0.3333333333333333
phase1c_v3_20260903T215015Z_78649c4,5681e521cfbaff5963494212fcc047116056fd7d66393346df0463aef7553af9,b5c5df19ecb1a3d61e01fbfae30f5774b8659d7b038f15ae93adee008130f7da,2,2042,2043,2044,b16ffe4915f49804acd0255190963585b04011aef58c1d8fa21bbd6ff4d3b548,inx_primary,majority_baseline,multiclass_brier,0.5433333333333333
phase1c_v3_20260903T215015Z_78649c4,5681e521cfbaff5963494212fcc047116056fd7d66393346df0463aef7553af9,b5c5df19ecb1a3d61e01fbfae30f5774b8659d7b038f15ae93adee008130f7da,2,2042,2043,2044,b16ffe4915f49804acd0255190963585b04011aef58c1d8fa21bbd6ff4d3b548,inx_primary,majority_baseline,nll_log_loss,9.791859170710161
phase1c_v3_20260903T215015Z_78649c4,5681e521cfbaff5963494212fcc047116056fd7d66393346df0463aef7553af9,b5c5df19ecb1a3d61e01fbfae30f5774b8659d7b038f15ae93adee008130f7da,2,2042,2043,2044,b16ffe4915f49804acd0255190963585b04011aef58c1d8fa21bbd6ff4d3b548,inx_primary,majority_baseline,ordinal_mae,0.27166666666666667
phase1c_v3_20260903T215015Z_78649c4,5681e521cfbaff5963494212fcc047116056fd7d66393346df0463aef7553af9,b5c5df19ecb1a3d61e01fbfae30f5774b8659d7b038f15ae93adee008130f7da,2,2042,2043,2044,b16ffe4915f49804acd0255190963585b04011aef58c1d8fa21bbd6ff4d3b548,inx_primary,majority_baseline,quadratic_weighted_kappa,0.0
phase1c_v3_20260903T215015Z_78649c4,5681e521cfbaff5963494212fcc047116056fd7d66393346df0463aef7553af9,b5c5df19ecb1a3d61e01fbfae30f5774b8659d7b038f15ae93adee008130f7da,2,2042,2043,2044,b16ffe4915f49804acd0255190963585b04011aef58c1d8fa21bbd6ff4d3b548,inx_primary,majority_baseline,ranked_probability_score,0.13583333333333333
phase1c_v3_20260903T215015Z_78649c4,5681e521cfbaff5963494212fcc047116056fd7d66393346df0463aef7553af9,b5c5df19ecb1a3d61e01fbfae30f5774b8659d7b038f15ae93adee008130f7da,2,2042,2043,2044,b16ffe4915f49804acd0255190963585b04011aef58c1d8fa21bbd6ff4d3b548,inx_primary,majority_baseline,two_level_reversal_rate,0.0
phase1c_v3_20260903T215015Z_78649c4,5681e521cfbaff5963494212fcc047116056fd7d66393346df0463aef7553af9,b5c5df19ecb1a3d61e01fbfae30f5774b8659d7b038f15ae93adee008130f7da,2,2042,2043,2044,b16ffe4915f49804acd0255190963585b04011aef58c1d8fa21bbd6ff4d3b548,inx_primary,majority_baseline,weighted_f1,0.6138508518161363
phase1c_v3_20260903T215015Z_78649c4,5681e521cfbaff5963494212fcc047116056fd7d66393346df0463aef7553af9,b5c5df19ecb1a3d61e01fbfae30f5774b8659d7b038f15ae93adee008130f7da,2,2042,2043,2044,b16ffe4915f49804acd0255190963585b04011aef58c1d8fa21bbd6ff4d3b548,inx_primary,majority_baseline,weighted_precision,0.5304694444444444
phase1c_v3_20260903T215015Z_78649c4,5681e521cfbaff5963494212fcc047116056fd7d66393346df0463aef7553af9,b5c5df19ecb1a3d61e01fbfae30f5774b8659d7b038f15ae93adee008130f7da,2,2042,2043,2044,b16ffe4915f49804acd0255190963585b04011aef58c1d8fa21bbd6ff4d3b548,inx_primary,majority_baseline,weighted_recall,0.7283333333333334
phase1c_v3_20260903T215015Z_78649c4,5681e521cfbaff5963494212fcc047116056fd7d66393346df0463aef7553af9,b5c5df19ecb1a3d61e01fbfae30f5774b8659d7b038f15ae93adee008130f7da,2,2042,2043,2044,b16ffe4915f49804acd0255190963585b04011aef58c1d8fa21bbd6ff4d3b548,inx_primary,ordinal_median_baseline,accuracy,0.7283333333333334
phase1c_v3_20260903T215015Z_78649c4,5681e521cfbaff5963494212fcc047116056fd7d66393346df0463aef7553af9,b5c5df19ecb1a3d61e01fbfae30f5774b8659d7b038f15ae93adee008130f7da,2,2042,2043,2044,b16ffe4915f49804acd0255190963585b04011aef58c1d8fa21bbd6ff4d3b548,inx_primary,ordinal_median_baseline,adjacent_accuracy,1.0
phase1c_v3_20260903T215015Z_78649c4,5681e521cfbaff5963494212fcc047116056fd7d66393346df0463aef7553af9,b5c5df19ecb1a3d61e01fbfae30f5774b8659d7b038f15ae93adee008130f7da,2,2042,2043,2044,b16ffe4915f49804acd0255190963585b04011aef58c1d8fa21bbd6ff4d3b548,inx_primary,ordinal_median_baseline,balanced_accuracy,0.3333333333333333
phase1c_v3_20260903T215015Z_78649c4,5681e521cfbaff5963494212fcc047116056fd7d66393346df0463aef7553af9,b5c5df19ecb1a3d61e01fbfae30f5774b8659d7b038f15ae93adee008130f7da,2,2042,2043,2044,b16ffe4915f49804acd0255190963585b04011aef58c1d8fa21bbd6ff4d3b548,inx_primary,ordinal_median_baseline,ece_confidence,0.2716666666666666
phase1c_v3_20260903T215015Z_78649c4,5681e521cfbaff5963494212fcc047116056fd7d66393346df0463aef7553af9,b5c5df19ecb1a3d61e01fbfae30f5774b8659d7b038f15ae93adee008130f7da,2,2042,2043,2044,b16ffe4915f49804acd0255190963585b04011aef58c1d8fa21bbd6ff4d3b548,inx_primary,ordinal_median_baseline,macro_f1,0.2809386049501768
phase1c_v3_20260903T215015Z_78649c4,5681e521cfbaff5963494212fcc047116056fd7d66393346df0463aef7553af9,b5c5df19ecb1a3d61e01fbfae30f5774b8659d7b038f15ae93adee008130f7da,2,2042,2043,2044,b16ffe4915f49804acd0255190963585b04011aef58c1d8fa21bbd6ff4d3b548,inx_primary,ordinal_median_baseline,macro_precision,0.2427777777777778
phase1c_v3_20260903T215015Z_78649c4,5681e521cfbaff5963494212fcc047116056fd7d66393346df0463aef7553af9,b5c5df19ecb1a3d61e01fbfae30f5774b8659d7b038f15ae93adee008130f7da,2,2042,2043,2044,b16ffe4915f49804acd0255190963585b04011aef58c1d8fa21bbd6ff4d3b548,inx_primary,ordinal_median_baseline,macro_recall,0.3333333333333333
phase1c_v3_20260903T215015Z_78649c4,5681e521cfbaff5963494212fcc047116056fd7d66393346df0463aef7553af9,b5c5df19ecb1a3d61e01fbfae30f5774b8659d7b038f15ae93adee008130f7da,2,2042,2043,2044,b16ffe4915f49804acd0255190963585b04011aef58c1d8fa21bbd6ff4d3b548,inx_primary,ordinal_median_baseline,multiclass_brier,0.5433333333333333
phase1c_v3_20260903T215015Z_78649c4,5681e521cfbaff5963494212fcc047116056fd7d66393346df0463aef7553af9,b5c5df19ecb1a3d61e01fbfae30f5774b8659d7b038f15ae93adee008130f7da,2,2042,2043,2044,b16ffe4915f49804acd0255190963585b04011aef58c1d8fa21bbd6ff4d3b548,inx_primary,ordinal_median_baseline,nll_log_loss,9.791859170710161
phase1c_v3_20260903T215015Z_78649c4,5681e521cfbaff5963494212fcc047116056fd7d66393346df0463aef7553af9,b5c5df19ecb1a3d61e01fbfae30f5774b8659d7b038f15ae93adee008130f7da,2,2042,2043,2044,b16ffe4915f49804acd0255190963585b04011aef58c1d8fa21bbd6ff4d3b548,inx_primary,ordinal_median_baseline,ordinal_mae,0.27166666666666667
phase1c_v3_20260903T215015Z_78649c4,5681e521cfbaff5963494212fcc047116056fd7d66393346df0463aef7553af9,b5c5df19ecb1a3d61e01fbfae30f5774b8659d7b038f15ae93adee008130f7da,2,2042,2043,2044,b16ffe4915f49804acd0255190963585b04011aef58c1d8fa21bbd6ff4d3b548,inx_primary,ordinal_median_baseline,quadratic_weighted_kappa,0.0
phase1c_v3_20260903T215015Z_78649c4,5681e521cfbaff5963494212fcc047116056fd7d66393346df0463aef7553af9,b5c5df19ecb1a3d61e01fbfae30f5774b8659d7b038f15ae93adee008130f7da,2,2042,2043,2044,b16ffe4915f49804acd0255190963585b04011aef58c1d8fa21bbd6ff4d3b548,inx_primary,ordinal_median_baseline,ranked_probability_score,0.13583333333333333
phase1c_v3_20260903T215015Z_78649c4,5681e521cfbaff5963494212fcc047116056fd7d66393346df0463aef7553af9,b5c5df19ecb1a3d61e01fbfae30f5774b8659d7b038f15ae93adee008130f7da,2,2042,2043,2044,b16ffe4915f49804acd0255190963585b04011aef58c1d8fa21bbd6ff4d3b548,inx_primary,ordinal_median_baseline,two_level_reversal_rate,0.0
phase1c_v3_20260903T215015Z_78649c4,5681e521cfbaff5963494212fcc047116056fd7d66393346df0463aef7553af9,b5c5df19ecb1a3d61e01fbfae30f5774b8659d7b038f15ae93adee008130f7da,2,2042,2043,2044,b16ffe4915f49804acd0255190963585b04011aef58c1d8fa21bbd6ff4d3b548,inx_primary,ordinal_median_baseline,weighted_f1,0.6138508518161363
phase1c_v3_20260903T215015Z_78649c4,5681e521cfbaff5963494212fcc047116056fd7d66393346df0463aef7553af9,b5c5df19ecb1a3d61e01fbfae30f5774b8659d7b038f15ae93adee008130f7da,2,2042,2043,2044,b16ffe4915f49804acd0255190963585b04011aef58c1d8fa21bbd6ff4d3b548,inx_primary,ordinal_median_baseline,weighted_precision,0.5304694444444444
phase1c_v3_20260903T215015Z_78649c4,5681e521cfbaff5963494212fcc047116056fd7d66393346df0463aef7553af9,b5c5df19ecb1a3d61e01fbfae30f5774b8659d7b038f15ae93adee008130f7da,2,2042,2043,2044,b16ffe4915f49804acd0255190963585b04011aef58c1d8fa21bbd6ff4d3b548,inx_primary,ordinal_median_baseline,weighted_recall,0.7283333333333334
phase1c_v3_20260903T215015Z_78649c4,5681e521cfbaff5963494212fcc047116056fd7d66393346df0463aef7553af9,b5c5df19ecb1a3d61e01fbfae30f5774b8659d7b038f15ae93adee008130f7da,2,2042,2043,2044,b16ffe4915f49804acd0255190963585b04011aef58c1d8fa21bbd6ff4d3b548,inx_primary,proportional_odds_logistic,accuracy,0.5358333333333334
phase1c_v3_20260903T215015Z_78649c4,5681e521cfbaff5963494212fcc047116056fd7d66393346df0463aef7553af9,b5c5df19ecb1a3d61e01fbfae30f5774b8659d7b038f15ae93adee008130f7da,2,2042,2043,2044,b16ffe4915f49804acd0255190963585b04011aef58c1d8fa21bbd6ff4d3b548,inx_primary,proportional_odds_logistic,adjacent_accuracy,0.9891666666666666
phase1c_v3_20260903T215015Z_78649c4,5681e521cfbaff5963494212fcc047116056fd7d66393346df0463aef7553af9,b5c5df19ecb1a3d61e01fbfae30f5774b8659d7b038f15ae93adee008130f7da,2,2042,2043,2044,b16ffe4915f49804acd0255190963585b04011aef58c1d8fa21bbd6ff4d3b548,inx_primary,proportional_odds_logistic,balanced_accuracy,0.5318376384572804
phase1c_v3_20260903T215015Z_78649c4,5681e521cfbaff5963494212fcc047116056fd7d66393346df0463aef7553af9,b5c5df19ecb1a3d61e01fbfae30f5774b8659d7b038f15ae93adee008130f7da,2,2042,2043,2044,b16ffe4915f49804acd0255190963585b04011aef58c1d8fa21bbd6ff4d3b548,inx_primary,proportional_odds_logistic,ece_confidence,0.20843837271502852
phase1c_v3_20260903T215015Z_78649c4,5681e521cfbaff5963494212fcc047116056fd7d66393346df0463aef7553af9,b5c5df19ecb1a3d61e01fbfae30f5774b8659d7b038f15ae93adee008130f7da,2,2042,2043,2044,b16ffe4915f49804acd0255190963585b04011aef58c1d8fa21bbd6ff4d3b548,inx_primary,proportional_odds_logistic,macro_f1,0.46944482805466947
phase1c_v3_20260903T215015Z_78649c4,5681e521cfbaff5963494212fcc047116056fd7d66393346df0463aef7553af9,b5c5df19ecb1a3d61e01fbfae30f5774b8659d7b038f15ae93adee008130f7da,2,2042,2043,2044,b16ffe4915f49804acd0255190963585b04011aef58c1d8fa21bbd6ff4d3b548,inx_primary,proportional_odds_logistic,macro_precision,0.4695804536103135
phase1c_v3_20260903T215015Z_78649c4,5681e521cfbaff5963494212fcc047116056fd7d66393346df0463aef7553af9,b5c5df19ecb1a3d61e01fbfae30f5774b8659d7b038f15ae93adee008130f7da,2,2042,2043,2044,b16ffe4915f49804acd0255190963585b04011aef58c1d8fa21bbd6ff4d3b548,inx_primary,proportional_odds_logistic,macro_recall,0.5318376384572804
phase1c_v3_20260903T215015Z_78649c4,5681e521cfbaff5963494212fcc047116056fd7d66393346df0463aef7553af9,b5c5df19ecb1a3d61e01fbfae30f5774b8659d7b038f15ae93adee008130f7da,2,2042,2043,2044,b16ffe4915f49804acd0255190963585b04011aef58c1d8fa21bbd6ff4d3b548,inx_primary,proportional_odds_logistic,multiclass_brier,0.5878836090176935
phase1c_v3_20260903T215015Z_78649c4,5681e521cfbaff5963494212fcc047116056fd7d66393346df0463aef7553af9,b5c5df19ecb1a3d61e01fbfae30f5774b8659d7b038f15ae93adee008130f7da,2,2042,2043,2044,b16ffe4915f49804acd0255190963585b04011aef58c1d8fa21bbd6ff4d3b548,inx_primary,proportional_odds_logistic,nll_log_loss,0.9074957484640612
phase1c_v3_20260903T215015Z_78649c4,5681e521cfbaff5963494212fcc047116056fd7d66393346df0463aef7553af9,b5c5df19ecb1a3d61e01fbfae30f5774b8659d7b038f15ae93adee008130f7da,2,2042,2043,2044,b16ffe4915f49804acd0255190963585b04011aef58c1d8fa21bbd6ff4d3b548,inx_primary,proportional_odds_logistic,ordinal_mae,0.475
phase1c_v3_20260903T215015Z_78649c4,5681e521cfbaff5963494212fcc047116056fd7d66393346df0463aef7553af9,b5c5df19ecb1a3d61e01fbfae30f5774b8659d7b038f15ae93adee008130f7da,2,2042,2043,2044,b16ffe4915f49804acd0255190963585b04011aef58c1d8fa21bbd6ff4d3b548,inx_primary,proportional_odds_logistic,quadratic_weighted_kappa,0.3671602910779511
phase1c_v3_20260903T215015Z_78649c4,5681e521cfbaff5963494212fcc047116056fd7d66393346df0463aef7553af9,b5c5df19ecb1a3d61e01fbfae30f5774b8659d7b038f15ae93adee008130f7da,2,2042,2043,2044,b16ffe4915f49804acd0255190963585b04011aef58c1d8fa21bbd6ff4d3b548,inx_primary,proportional_odds_logistic,ranked_probability_score,0.1433116267920995
phase1c_v3_20260903T215015Z_78649c4,5681e521cfbaff5963494212fcc047116056fd7d66393346df0463aef7553af9,b5c5df19ecb1a3d61e01fbfae30f5774b8659d7b038f15ae93adee008130f7da,2,2042,2043,2044,b16ffe4915f49804acd0255190963585b04011aef58c1d8fa21bbd6ff4d3b548,inx_primary,proportional_odds_logistic,two_level_reversal_rate,0.010833333333333334
phase1c_v3_20260903T215015Z_78649c4,5681e521cfbaff5963494212fcc047116056fd7d66393346df0463aef7553af9,b5c5df19ecb1a3d61e01fbfae30f5774b8659d7b038f15ae93adee008130f7da,2,2042,2043,2044,b16ffe4915f49804acd0255190963585b04011aef58c1d8fa21bbd6ff4d3b548,inx_primary,proportional_odds_logistic,weighted_f1,0.5722271896939465
phase1c_v3_20260903T215015Z_78649c4,5681e521cfbaff5963494212fcc047116056fd7d66393346df0463aef7553af9,b5c5df19ecb1a3d61e01fbfae30f5774b8659d7b038f15ae93adee008130f7da,2,2042,2043,2044,b16ffe4915f49804acd0255190963585b04011aef58c1d8fa21bbd6ff4d3b548,inx_primary,proportional_odds_logistic,weighted_precision,0.6614863615374538
phase1c_v3_20260903T215015Z_78649c4,5681e521cfbaff5963494212fcc047116056fd7d66393346df0463aef7553af9,b5c5df19ecb1a3d61e01fbfae30f5774b8659d7b038f15ae93adee008130f7da,2,2042,2043,2044,b16ffe4915f49804acd0255190963585b04011aef58c1d8fa21bbd6ff4d3b548,inx_primary,proportional_odds_logistic,weighted_recall,0.5358333333333334
phase1c_v3_20260903T215015Z_78649c4,5681e521cfbaff5963494212fcc047116056fd7d66393346df0463aef7553af9,b5c5df19ecb1a3d61e01fbfae30f5774b8659d7b038f15ae93adee008130f7da,2,2042,2043,2044,b16ffe4915f49804acd0255190963585b04011aef58c1d8fa21bbd6ff4d3b548,inx_primary,random_forest,accuracy,0.8416666666666667
phase1c_v3_20260903T215015Z_78649c4,5681e521cfbaff5963494212fcc047116056fd7d66393346df0463aef7553af9,b5c5df19ecb1a3d61e01fbfae30f5774b8659d7b038f15ae93adee008130f7da,2,2042,2043,2044,b16ffe4915f49804acd0255190963585b04011aef58c1d8fa21bbd6ff4d3b548,inx_primary,random_forest,adjacent_accuracy,0.9983333333333333
phase1c_v3_20260903T215015Z_78649c4,5681e521cfbaff5963494212fcc047116056fd7d66393346df0463aef7553af9,b5c5df19ecb1a3d61e01fbfae30f5774b8659d7b038f15ae93adee008130f7da,2,2042,2043,2044,b16ffe4915f49804acd0255190963585b04011aef58c1d8fa21bbd6ff4d3b548,inx_primary,random_forest,balanced_accuracy,0.6279744649781688
phase1c_v3_20260903T215015Z_78649c4,5681e521cfbaff5963494212fcc047116056fd7d66393346df0463aef7553af9,b5c5df19ecb1a3d61e01fbfae30f5774b8659d7b038f15ae93adee008130f7da,2,2042,2043,2044,b16ffe4915f49804acd0255190963585b04011aef58c1d8fa21bbd6ff4d3b548,inx_primary,random_forest,ece_confidence,0.2128633642171556
phase1c_v3_20260903T215015Z_78649c4,5681e521cfbaff5963494212fcc047116056fd7d66393346df0463aef7553af9,b5c5df19ecb1a3d61e01fbfae30f5774b8659d7b038f15ae93adee008130f7da,2,2042,2043,2044,b16ffe4915f49804acd0255190963585b04011aef58c1d8fa21bbd6ff4d3b548,inx_primary,random_forest,macro_f1,0.5926785162853748
phase1c_v3_20260903T215015Z_78649c4,5681e521cfbaff5963494212fcc047116056fd7d66393346df0463aef7553af9,b5c5df19ecb1a3d61e01fbfae30f5774b8659d7b038f15ae93adee008130f7da,2,2042,2043,2044,b16ffe4915f49804acd0255190963585b04011aef58c1d8fa21bbd6ff4d3b548,inx_primary,random_forest,macro_precision,0.6101193786378972
phase1c_v3_20260903T215015Z_78649c4,5681e521cfbaff5963494212fcc047116056fd7d66393346df0463aef7553af9,b5c5df19ecb1a3d61e01fbfae30f5774b8659d7b038f15ae93adee008130f7da,2,2042,2043,2044,b16ffe4915f49804acd0255190963585b04011aef58c1d8fa21bbd6ff4d3b548,inx_primary,random_forest,macro_recall,0.6279744649781688
phase1c_v3_20260903T215015Z_78649c4,5681e521cfbaff5963494212fcc047116056fd7d66393346df0463aef7553af9,b5c5df19ecb1a3d61e01fbfae30f5774b8659d7b038f15ae93adee008130f7da,2,2042,2043,2044,b16ffe4915f49804acd0255190963585b04011aef58c1d8fa21bbd6ff4d3b548,inx_primary,random_forest,multiclass_brier,0.3448038238438471
phase1c_v3_20260903T215015Z_78649c4,5681e521cfbaff5963494212fcc047116056fd7d66393346df0463aef7553af9,b5c5df19ecb1a3d61e01fbfae30f5774b8659d7b038f15ae93adee008130f7da,2,2042,2043,2044,b16ffe4915f49804acd0255190963585b04011aef58c1d8fa21bbd6ff4d3b548,inx_primary,random_forest,nll_log_loss,0.6044649174713821
phase1c_v3_20260903T215015Z_78649c4,5681e521cfbaff5963494212fcc047116056fd7d66393346df0463aef7553af9,b5c5df19ecb1a3d61e01fbfae30f5774b8659d7b038f15ae93adee008130f7da,2,2042,2043,2044,b16ffe4915f49804acd0255190963585b04011aef58c1d8fa21bbd6ff4d3b548,inx_primary,random_forest,ordinal_mae,0.16
phase1c_v3_20260903T215015Z_78649c4,5681e521cfbaff5963494212fcc047116056fd7d66393346df0463aef7553af9,b5c5df19ecb1a3d61e01fbfae30f5774b8659d7b038f15ae93adee008130f7da,2,2042,2043,2044,b16ffe4915f49804acd0255190963585b04011aef58c1d8fa21bbd6ff4d3b548,inx_primary,random_forest,quadratic_weighted_kappa,0.6313572073427625
phase1c_v3_20260903T215015Z_78649c4,5681e521cfbaff5963494212fcc047116056fd7d66393346df0463aef7553af9,b5c5df19ecb1a3d61e01fbfae30f5774b8659d7b038f15ae93adee008130f7da,2,2042,2043,2044,b16ffe4915f49804acd0255190963585b04011aef58c1d8fa21bbd6ff4d3b548,inx_primary,random_forest,ranked_probability_score,0.08309039290165478
phase1c_v3_20260903T215015Z_78649c4,5681e521cfbaff5963494212fcc047116056fd7d66393346df0463aef7553af9,b5c5df19ecb1a3d61e01fbfae30f5774b8659d7b038f15ae93adee008130f7da,2,2042,2043,2044,b16ffe4915f49804acd0255190963585b04011aef58c1d8fa21bbd6ff4d3b548,inx_primary,random_forest,two_level_reversal_rate,0.0016666666666666668
phase1c_v3_20260903T215015Z_78649c4,5681e521cfbaff5963494212fcc047116056fd7d66393346df0463aef7553af9,b5c5df19ecb1a3d61e01fbfae30f5774b8659d7b038f15ae93adee008130f7da,2,2042,2043,2044,b16ffe4915f49804acd0255190963585b04011aef58c1d8fa21bbd6ff4d3b548,inx_primary,random_forest,weighted_f1,0.7956565900419238
phase1c_v3_20260903T215015Z_78649c4,5681e521cfbaff5963494212fcc047116056fd7d66393346df0463aef7553af9,b5c5df19ecb1a3d61e01fbfae30f5774b8659d7b038f15ae93adee008130f7da,2,2042,2043,2044,b16ffe4915f49804acd0255190963585b04011aef58c1d8fa21bbd6ff4d3b548,inx_primary,random_forest,weighted_precision,0.7705958273087903
phase1c_v3_20260903T215015Z_78649c4,5681e521cfbaff5963494212fcc047116056fd7d66393346df0463aef7553af9,b5c5df19ecb1a3d61e01fbfae30f5774b8659d7b038f15ae93adee008130f7da,2,2042,2043,2044,b16ffe4915f49804acd0255190963585b04011aef58c1d8fa21bbd6ff4d3b548,inx_primary,random_forest,weighted_recall,0.8416666666666667
phase1c_v3_20260903T215015Z_78649c4,5681e521cfbaff5963494212fcc047116056fd7d66393346df0463aef7553af9,b5c5df19ecb1a3d61e01fbfae30f5774b8659d7b038f15ae93adee008130f7da,2,2042,2043,2044,b16ffe4915f49804acd0255190963585b04011aef58c1d8fa21bbd6ff4d3b548,inx_primary,stratified_baseline,accuracy,0.5583333333333333
phase1c_v3_20260903T215015Z_78649c4,5681e521cfbaff5963494212fcc047116056fd7d66393346df0463aef7553af9,b5c5df19ecb1a3d61e01fbfae30f5774b8659d7b038f15ae93adee008130f7da,2,2042,2043,2044,b16ffe4915f49804acd0255190963585b04011aef58c1d8fa21bbd6ff4d3b548,inx_primary,stratified_baseline,adjacent_accuracy,0.9708333333333333
phase1c_v3_20260903T215015Z_78649c4,5681e521cfbaff5963494212fcc047116056fd7d66393346df0463aef7553af9,b5c5df19ecb1a3d61e01fbfae30f5774b8659d7b038f15ae93adee008130f7da,2,2042,2043,2044,b16ffe4915f49804acd0255190963585b04011aef58c1d8fa21bbd6ff4d3b548,inx_primary,stratified_baseline,balanced_accuracy,0.3384874363489098
phase1c_v3_20260903T215015Z_78649c4,5681e521cfbaff5963494212fcc047116056fd7d66393346df0463aef7553af9,b5c5df19ecb1a3d61e01fbfae30f5774b8659d7b038f15ae93adee008130f7da,2,2042,2043,2044,b16ffe4915f49804acd0255190963585b04011aef58c1d8fa21bbd6ff4d3b548,inx_primary,stratified_baseline,ece_confidence,0.44166666666666665
phase1c_v3_20260903T215015Z_78649c4,5681e521cfbaff5963494212fcc047116056fd7d66393346df0463aef7553af9,b5c5df19ecb1a3d61e01fbfae30f5774b8659d7b038f15ae93adee008130f7da,2,2042,2043,2044,b16ffe4915f49804acd0255190963585b04011aef58c1d8fa21bbd6ff4d3b548,inx_primary,stratified_baseline,macro_f1,0.3380100776616104
phase1c_v3_20260903T215015Z_78649c4,5681e521cfbaff5963494212fcc047116056fd7d66393346df0463aef7553af9,b5c5df19ecb1a3d61e01fbfae30f5774b8659d7b038f15ae93adee008130f7da,2,2042,2043,2044,b16ffe4915f49804acd0255190963585b04011aef58c1d8fa21bbd6ff4d3b548,inx_primary,stratified_baseline,macro_precision,0.33792207611057057
phase1c_v3_20260903T215015Z_78649c4,5681e521cfbaff5963494212fcc047116056fd7d66393346df0463aef7553af9,b5c5df19ecb1a3d61e01fbfae30f5774b8659d7b038f15ae93adee008130f7da,2,2042,2043,2044,b16ffe4915f49804acd0255190963585b04011aef58c1d8fa21bbd6ff4d3b548,inx_primary,stratified_baseline,macro_recall,0.3384874363489098
phase1c_v3_20260903T215015Z_78649c4,5681e521cfbaff5963494212fcc047116056fd7d66393346df0463aef7553af9,b5c5df19ecb1a3d61e01fbfae30f5774b8659d7b038f15ae93adee008130f7da,2,2042,2043,2044,b16ffe4915f49804acd0255190963585b04011aef58c1d8fa21bbd6ff4d3b548,inx_primary,stratified_baseline,multiclass_brier,0.8833333333333333
phase1c_v3_20260903T215015Z_78649c4,5681e521cfbaff5963494212fcc047116056fd7d66393346df0463aef7553af9,b5c5df19ecb1a3d61e01fbfae30f5774b8659d7b038f15ae93adee008130f7da,2,2042,2043,2044,b16ffe4915f49804acd0255190963585b04011aef58c1d8fa21bbd6ff4d3b548,inx_primary,stratified_baseline,nll_log_loss,15.919280246860078
phase1c_v3_20260903T215015Z_78649c4,5681e521cfbaff5963494212fcc047116056fd7d66393346df0463aef7553af9,b5c5df19ecb1a3d61e01fbfae30f5774b8659d7b038f15ae93adee008130f7da,2,2042,2043,2044,b16ffe4915f49804acd0255190963585b04011aef58c1d8fa21bbd6ff4d3b548,inx_primary,stratified_baseline,ordinal_mae,0.4708333333333333
phase1c_v3_20260903T215015Z_78649c4,5681e521cfbaff5963494212fcc047116056fd7d66393346df0463aef7553af9,b5c5df19ecb1a3d61e01fbfae30f5774b8659d7b038f15ae93adee008130f7da,2,2042,2043,2044,b16ffe4915f49804acd0255190963585b04011aef58c1d8fa21bbd6ff4d3b548,inx_primary,stratified_baseline,quadratic_weighted_kappa,0.041099338081695413
phase1c_v3_20260903T215015Z_78649c4,5681e521cfbaff5963494212fcc047116056fd7d66393346df0463aef7553af9,b5c5df19ecb1a3d61e01fbfae30f5774b8659d7b038f15ae93adee008130f7da,2,2042,2043,2044,b16ffe4915f49804acd0255190963585b04011aef58c1d8fa21bbd6ff4d3b548,inx_primary,stratified_baseline,ranked_probability_score,0.23541666666666666
phase1c_v3_20260903T215015Z_78649c4,5681e521cfbaff5963494212fcc047116056fd7d66393346df0463aef7553af9,b5c5df19ecb1a3d61e01fbfae30f5774b8659d7b038f15ae93adee008130f7da,2,2042,2043,2044,b16ffe4915f49804acd0255190963585b04011aef58c1d8fa21bbd6ff4d3b548,inx_primary,stratified_baseline,two_level_reversal_rate,0.029166666666666667
phase1c_v3_20260903T215015Z_78649c4,5681e521cfbaff5963494212fcc047116056fd7d66393346df0463aef7553af9,b5c5df19ecb1a3d61e01fbfae30f5774b8659d7b038f15ae93adee008130f7da,2,2042,2043,2044,b16ffe4915f49804acd0255190963585b04011aef58c1d8fa21bbd6ff4d3b548,inx_primary,stratified_baseline,weighted_f1,0.5624530194604291
phase1c_v3_20260903T215015Z_78649c4,5681e521cfbaff5963494212fcc047116056fd7d66393346df0463aef7553af9,b5c5df19ecb1a3d61e01fbfae30f5774b8659d7b038f15ae93adee008130f7da,2,2042,2043,2044,b16ffe4915f49804acd0255190963585b04011aef58c1d8fa21bbd6ff4d3b548,inx_primary,stratified_baseline,weighted_precision,0.5668585436957531
phase1c_v3_20260903T215015Z_78649c4,5681e521cfbaff5963494212fcc047116056fd7d66393346df0463aef7553af9,b5c5df19ecb1a3d61e01fbfae30f5774b8659d7b038f15ae93adee008130f7da,2,2042,2043,2044,b16ffe4915f49804acd0255190963585b04011aef58c1d8fa21bbd6ff4d3b548,inx_primary,stratified_baseline,weighted_recall,0.5583333333333333
phase1c_v3_20260903T215015Z_78649c4,5681e521cfbaff5963494212fcc047116056fd7d66393346df0463aef7553af9,b5c5df19ecb1a3d61e01fbfae30f5774b8659d7b038f15ae93adee008130f7da,2,2042,2043,2044,b16ffe4915f49804acd0255190963585b04011aef58c1d8fa21bbd6ff4d3b548,inx_primary,xgboost,accuracy,0.775
phase1c_v3_20260903T215015Z_78649c4,5681e521cfbaff5963494212fcc047116056fd7d66393346df0463aef7553af9,b5c5df19ecb1a3d61e01fbfae30f5774b8659d7b038f15ae93adee008130f7da,2,2042,2043,2044,b16ffe4915f49804acd0255190963585b04011aef58c1d8fa21bbd6ff4d3b548,inx_primary,xgboost,adjacent_accuracy,0.9991666666666666
phase1c_v3_20260903T215015Z_78649c4,5681e521cfbaff5963494212fcc047116056fd7d66393346df0463aef7553af9,b5c5df19ecb1a3d61e01fbfae30f5774b8659d7b038f15ae93adee008130f7da,2,2042,2043,2044,b16ffe4915f49804acd0255190963585b04011aef58c1d8fa21bbd6ff4d3b548,inx_primary,xgboost,balanced_accuracy,0.6526740904527595
phase1c_v3_20260903T215015Z_78649c4,5681e521cfbaff5963494212fcc047116056fd7d66393346df0463aef7553af9,b5c5df19ecb1a3d61e01fbfae30f5774b8659d7b038f15ae93adee008130f7da,2,2042,2043,2044,b16ffe4915f49804acd0255190963585b04011aef58c1d8fa21bbd6ff4d3b548,inx_primary,xgboost,ece_confidence,0.05486587222194893
phase1c_v3_20260903T215015Z_78649c4,5681e521cfbaff5963494212fcc047116056fd7d66393346df0463aef7553af9,b5c5df19ecb1a3d61e01fbfae30f5774b8659d7b038f15ae93adee008130f7da,2,2042,2043,2044,b16ffe4915f49804acd0255190963585b04011aef58c1d8fa21bbd6ff4d3b548,inx_primary,xgboost,macro_f1,0.6362794834824373
phase1c_v3_20260903T215015Z_78649c4,5681e521cfbaff5963494212fcc047116056fd7d66393346df0463aef7553af9,b5c5df19ecb1a3d61e01fbfae30f5774b8659d7b038f15ae93adee008130f7da,2,2042,2043,2044,b16ffe4915f49804acd0255190963585b04011aef58c1d8fa21bbd6ff4d3b548,inx_primary,xgboost,macro_precision,0.6226822314604047
phase1c_v3_20260903T215015Z_78649c4,5681e521cfbaff5963494212fcc047116056fd7d66393346df0463aef7553af9,b5c5df19ecb1a3d61e01fbfae30f5774b8659d7b038f15ae93adee008130f7da,2,2042,2043,2044,b16ffe4915f49804acd0255190963585b04011aef58c1d8fa21bbd6ff4d3b548,inx_primary,xgboost,macro_recall,0.6526740904527595
phase1c_v3_20260903T215015Z_78649c4,5681e521cfbaff5963494212fcc047116056fd7d66393346df0463aef7553af9,b5c5df19ecb1a3d61e01fbfae30f5774b8659d7b038f15ae93adee008130f7da,2,2042,2043,2044,b16ffe4915f49804acd0255190963585b04011aef58c1d8fa21bbd6ff4d3b548,inx_primary,xgboost,multiclass_brier,0.33536823182613223
phase1c_v3_20260903T215015Z_78649c4,5681e521cfbaff5963494212fcc047116056fd7d66393346df0463aef7553af9,b5c5df19ecb1a3d61e01fbfae30f5774b8659d7b038f15ae93adee008130f7da,2,2042,2043,2044,b16ffe4915f49804acd0255190963585b04011aef58c1d8fa21bbd6ff4d3b548,inx_primary,xgboost,nll_log_loss,0.5560020643399245
phase1c_v3_20260903T215015Z_78649c4,5681e521cfbaff5963494212fcc047116056fd7d66393346df0463aef7553af9,b5c5df19ecb1a3d61e01fbfae30f5774b8659d7b038f15ae93adee008130f7da,2,2042,2043,2044,b16ffe4915f49804acd0255190963585b04011aef58c1d8fa21bbd6ff4d3b548,inx_primary,xgboost,ordinal_mae,0.22583333333333333
phase1c_v3_20260903T215015Z_78649c4,5681e521cfbaff5963494212fcc047116056fd7d66393346df0463aef7553af9,b5c5df19ecb1a3d61e01fbfae30f5774b8659d7b038f15ae93adee008130f7da,2,2042,2043,2044,b16ffe4915f49804acd0255190963585b04011aef58c1d8fa21bbd6ff4d3b548,inx_primary,xgboost,quadratic_weighted_kappa,0.5949614990875507
phase1c_v3_20260903T215015Z_78649c4,5681e521cfbaff5963494212fcc047116056fd7d66393346df0463aef7553af9,b5c5df19ecb1a3d61e01fbfae30f5774b8659d7b038f15ae93adee008130f7da,2,2042,2043,2044,b16ffe4915f49804acd0255190963585b04011aef58c1d8fa21bbd6ff4d3b548,inx_primary,xgboost,ranked_probability_score,0.08371419683688901
phase1c_v3_20260903T215015Z_78649c4,5681e521cfbaff5963494212fcc047116056fd7d66393346df0463aef7553af9,b5c5df19ecb1a3d61e01fbfae30f5774b8659d7b038f15ae93adee008130f7da,2,2042,2043,2044,b16ffe4915f49804acd0255190963585b04011aef58c1d8fa21bbd6ff4d3b548,inx_primary,xgboost,two_level_reversal_rate,0.0008333333333333334
phase1c_v3_20260903T215015Z_78649c4,5681e521cfbaff5963494212fcc047116056fd7d66393346df0463aef7553af9,b5c5df19ecb1a3d61e01fbfae30f5774b8659d7b038f15ae93adee008130f7da,2,2042,2043,2044,b16ffe4915f49804acd0255190963585b04011aef58c1d8fa21bbd6ff4d3b548,inx_primary,xgboost,weighted_f1,0.7756468838358999
phase1c_v3_20260903T215015Z_78649c4,5681e521cfbaff5963494212fcc047116056fd7d66393346df0463aef7553af9,b5c5df19ecb1a3d61e01fbfae30f5774b8659d7b038f15ae93adee008130f7da,2,2042,2043,2044,b16ffe4915f49804acd0255190963585b04011aef58c1d8fa21bbd6ff4d3b548,inx_primary,xgboost,weighted_precision,0.7779594078063828
phase1c_v3_20260903T215015Z_78649c4,5681e521cfbaff5963494212fcc047116056fd7d66393346df0463aef7553af9,b5c5df19ecb1a3d61e01fbfae30f5774b8659d7b038f15ae93adee008130f7da,2,2042,2043,2044,b16ffe4915f49804acd0255190963585b04011aef58c1d8fa21bbd6ff4d3b548,inx_primary,xgboost,weighted_recall,0.775
phase1c_v3_20260903T215015Z_78649c4,5681e521cfbaff5963494212fcc047116056fd7d66393346df0463aef7553af9,b5c5df19ecb1a3d61e01fbfae30f5774b8659d7b038f15ae93adee008130f7da,3,3042,3043,3044,9c1c49af7719cefb0359e08bf2a263d4ba59601117649a1d4ab9080502fdc961,inx_primary,cumulative_threshold_xgboost,accuracy,0.6933333333333334
phase1c_v3_20260903T215015Z_78649c4,5681e521cfbaff5963494212fcc047116056fd7d66393346df0463aef7553af9,b5c5df19ecb1a3d61e01fbfae30f5774b8659d7b038f15ae93adee008130f7da,3,3042,3043,3044,9c1c49af7719cefb0359e08bf2a263d4ba59601117649a1d4ab9080502fdc961,inx_primary,cumulative_threshold_xgboost,adjacent_accuracy,0.9983333333333333
phase1c_v3_20260903T215015Z_78649c4,5681e521cfbaff5963494212fcc047116056fd7d66393346df0463aef7553af9,b5c5df19ecb1a3d61e01fbfae30f5774b8659d7b038f15ae93adee008130f7da,3,3042,3043,3044,9c1c49af7719cefb0359e08bf2a263d4ba59601117649a1d4ab9080502fdc961,inx_primary,cumulative_threshold_xgboost,balanced_accuracy,0.64208398357588
phase1c_v3_20260903T215015Z_78649c4,5681e521cfbaff5963494212fcc047116056fd7d66393346df0463aef7553af9,b5c5df19ecb1a3d61e01fbfae30f5774b8659d7b038f15ae93adee008130f7da,3,3042,3043,3044,9c1c49af7719cefb0359e08bf2a263d4ba59601117649a1d4ab9080502fdc961,inx_primary,cumulative_threshold_xgboost,ece_confidence,0.03358054402517154
phase1c_v3_20260903T215015Z_78649c4,5681e521cfbaff5963494212fcc047116056fd7d66393346df0463aef7553af9,b5c5df19ecb1a3d61e01fbfae30f5774b8659d7b038f15ae93adee008130f7da,3,3042,3043,3044,9c1c49af7719cefb0359e08bf2a263d4ba59601117649a1d4ab9080502fdc961,inx_primary,cumulative_threshold_xgboost,macro_f1,0.609415617040224
phase1c_v3_20260903T215015Z_78649c4,5681e521cfbaff5963494212fcc047116056fd7d66393346df0463aef7553af9,b5c5df19ecb1a3d61e01fbfae30f5774b8659d7b038f15ae93adee008130f7da,3,3042,3043,3044,9c1c49af7719cefb0359e08bf2a263d4ba59601117649a1d4ab9080502fdc961,inx_primary,cumulative_threshold_xgboost,macro_precision,0.6004772391290144
phase1c_v3_20260903T215015Z_78649c4,5681e521cfbaff5963494212fcc047116056fd7d66393346df0463aef7553af9,b5c5df19ecb1a3d61e01fbfae30f5774b8659d7b038f15ae93adee008130f7da,3,3042,3043,3044,9c1c49af7719cefb0359e08bf2a263d4ba59601117649a1d4ab9080502fdc961,inx_primary,cumulative_threshold_xgboost,macro_recall,0.64208398357588
phase1c_v3_20260903T215015Z_78649c4,5681e521cfbaff5963494212fcc047116056fd7d66393346df0463aef7553af9,b5c5df19ecb1a3d61e01fbfae30f5774b8659d7b038f15ae93adee008130f7da,3,3042,3043,3044,9c1c49af7719cefb0359e08bf2a263d4ba59601117649a1d4ab9080502fdc961,inx_primary,cumulative_threshold_xgboost,multiclass_brier,0.40914734714121936
phase1c_v3_20260903T215015Z_78649c4,5681e521cfbaff5963494212fcc047116056fd7d66393346df0463aef7553af9,b5c5df19ecb1a3d61e01fbfae30f5774b8659d7b038f15ae93adee008130f7da,3,3042,3043,3044,9c1c49af7719cefb0359e08bf2a263d4ba59601117649a1d4ab9080502fdc961,inx_primary,cumulative_threshold_xgboost,nll_log_loss,1.238361272610541
phase1c_v3_20260903T215015Z_78649c4,5681e521cfbaff5963494212fcc047116056fd7d66393346df0463aef7553af9,b5c5df19ecb1a3d61e01fbfae30f5774b8659d7b038f15ae93adee008130f7da,3,3042,3043,3044,9c1c49af7719cefb0359e08bf2a263d4ba59601117649a1d4ab9080502fdc961,inx_primary,cumulative_threshold_xgboost,ordinal_mae,0.30833333333333335
phase1c_v3_20260903T215015Z_78649c4,5681e521cfbaff5963494212fcc047116056fd7d66393346df0463aef7553af9,b5c5df19ecb1a3d61e01fbfae30f5774b8659d7b038f15ae93adee008130f7da,3,3042,3043,3044,9c1c49af7719cefb0359e08bf2a263d4ba59601117649a1d4ab9080502fdc961,inx_primary,cumulative_threshold_xgboost,quadratic_weighted_kappa,0.5399150360030835
phase1c_v3_20260903T215015Z_78649c4,5681e521cfbaff5963494212fcc047116056fd7d66393346df0463aef7553af9,b5c5df19ecb1a3d61e01fbfae30f5774b8659d7b038f15ae93adee008130f7da,3,3042,3043,3044,9c1c49af7719cefb0359e08bf2a263d4ba59601117649a1d4ab9080502fdc961,inx_primary,cumulative_threshold_xgboost,ranked_probability_score,0.10107183947850182
phase1c_v3_20260903T215015Z_78649c4,5681e521cfbaff5963494212fcc047116056fd7d66393346df0463aef7553af9,b5c5df19ecb1a3d61e01fbfae30f5774b8659d7b038f15ae93adee008130f7da,3,3042,3043,3044,9c1c49af7719cefb0359e08bf2a263d4ba59601117649a1d4ab9080502fdc961,inx_primary,cumulative_threshold_xgboost,two_level_reversal_rate,0.0016666666666666668
phase1c_v3_20260903T215015Z_78649c4,5681e521cfbaff5963494212fcc047116056fd7d66393346df0463aef7553af9,b5c5df19ecb1a3d61e01fbfae30f5774b8659d7b038f15ae93adee008130f7da,3,3042,3043,3044,9c1c49af7719cefb0359e08bf2a263d4ba59601117649a1d4ab9080502fdc961,inx_primary,cumulative_threshold_xgboost,weighted_f1,0.7216727144447589
phase1c_v3_20260903T215015Z_78649c4,5681e521cfbaff5963494212fcc047116056fd7d66393346df0463aef7553af9,b5c5df19ecb1a3d61e01fbfae30f5774b8659d7b038f15ae93adee008130f7da,3,3042,3043,3044,9c1c49af7719cefb0359e08bf2a263d4ba59601117649a1d4ab9080502fdc961,inx_primary,cumulative_threshold_xgboost,weighted_precision,0.76791973204368
phase1c_v3_20260903T215015Z_78649c4,5681e521cfbaff5963494212fcc047116056fd7d66393346df0463aef7553af9,b5c5df19ecb1a3d61e01fbfae30f5774b8659d7b038f15ae93adee008130f7da,3,3042,3043,3044,9c1c49af7719cefb0359e08bf2a263d4ba59601117649a1d4ab9080502fdc961,inx_primary,cumulative_threshold_xgboost,weighted_recall,0.6933333333333334
phase1c_v3_20260903T215015Z_78649c4,5681e521cfbaff5963494212fcc047116056fd7d66393346df0463aef7553af9,b5c5df19ecb1a3d61e01fbfae30f5774b8659d7b038f15ae93adee008130f7da,3,3042,3043,3044,9c1c49af7719cefb0359e08bf2a263d4ba59601117649a1d4ab9080502fdc961,inx_primary,lightgbm,accuracy,0.8133333333333334
phase1c_v3_20260903T215015Z_78649c4,5681e521cfbaff5963494212fcc047116056fd7d66393346df0463aef7553af9,b5c5df19ecb1a3d61e01fbfae30f5774b8659d7b038f15ae93adee008130f7da,3,3042,3043,3044,9c1c49af7719cefb0359e08bf2a263d4ba59601117649a1d4ab9080502fdc961,inx_primary,lightgbm,adjacent_accuracy,0.9983333333333333
phase1c_v3_20260903T215015Z_78649c4,5681e521cfbaff5963494212fcc047116056fd7d66393346df0463aef7553af9,b5c5df19ecb1a3d61e01fbfae30f5774b8659d7b038f15ae93adee008130f7da,3,3042,3043,3044,9c1c49af7719cefb0359e08bf2a263d4ba59601117649a1d4ab9080502fdc961,inx_primary,lightgbm,balanced_accuracy,0.6284249582569902
phase1c_v3_20260903T215015Z_78649c4,5681e521cfbaff5963494212fcc047116056fd7d66393346df0463aef7553af9,b5c5df19ecb1a3d61e01fbfae30f5774b8659d7b038f15ae93adee008130f7da,3,3042,3043,3044,9c1c49af7719cefb0359e08bf2a263d4ba59601117649a1d4ab9080502fdc961,inx_primary,lightgbm,ece_confidence,0.09356820926340245
phase1c_v3_20260903T215015Z_78649c4,5681e521cfbaff5963494212fcc047116056fd7d66393346df0463aef7553af9,b5c5df19ecb1a3d61e01fbfae30f5774b8659d7b038f15ae93adee008130f7da,3,3042,3043,3044,9c1c49af7719cefb0359e08bf2a263d4ba59601117649a1d4ab9080502fdc961,inx_primary,lightgbm,macro_f1,0.6166241546215873
phase1c_v3_20260903T215015Z_78649c4,5681e521cfbaff5963494212fcc047116056fd7d66393346df0463aef7553af9,b5c5df19ecb1a3d61e01fbfae30f5774b8659d7b038f15ae93adee008130f7da,3,3042,3043,3044,9c1c49af7719cefb0359e08bf2a263d4ba59601117649a1d4ab9080502fdc961,inx_primary,lightgbm,macro_precision,0.6203158412678426
phase1c_v3_20260903T215015Z_78649c4,5681e521cfbaff5963494212fcc047116056fd7d66393346df0463aef7553af9,b5c5df19ecb1a3d61e01fbfae30f5774b8659d7b038f15ae93adee008130f7da,3,3042,3043,3044,9c1c49af7719cefb0359e08bf2a263d4ba59601117649a1d4ab9080502fdc961,inx_primary,lightgbm,macro_recall,0.6284249582569902
phase1c_v3_20260903T215015Z_78649c4,5681e521cfbaff5963494212fcc047116056fd7d66393346df0463aef7553af9,b5c5df19ecb1a3d61e01fbfae30f5774b8659d7b038f15ae93adee008130f7da,3,3042,3043,3044,9c1c49af7719cefb0359e08bf2a263d4ba59601117649a1d4ab9080502fdc961,inx_primary,lightgbm,multiclass_brier,0.31109059325401334
phase1c_v3_20260903T215015Z_78649c4,5681e521cfbaff5963494212fcc047116056fd7d66393346df0463aef7553af9,b5c5df19ecb1a3d61e01fbfae30f5774b8659d7b038f15ae93adee008130f7da,3,3042,3043,3044,9c1c49af7719cefb0359e08bf2a263d4ba59601117649a1d4ab9080502fdc961,inx_primary,lightgbm,nll_log_loss,0.6027719763408569
phase1c_v3_20260903T215015Z_78649c4,5681e521cfbaff5963494212fcc047116056fd7d66393346df0463aef7553af9,b5c5df19ecb1a3d61e01fbfae30f5774b8659d7b038f15ae93adee008130f7da,3,3042,3043,3044,9c1c49af7719cefb0359e08bf2a263d4ba59601117649a1d4ab9080502fdc961,inx_primary,lightgbm,ordinal_mae,0.18833333333333332
phase1c_v3_20260903T215015Z_78649c4,5681e521cfbaff5963494212fcc047116056fd7d66393346df0463aef7553af9,b5c5df19ecb1a3d61e01fbfae30f5774b8659d7b038f15ae93adee008130f7da,3,3042,3043,3044,9c1c49af7719cefb0359e08bf2a263d4ba59601117649a1d4ab9080502fdc961,inx_primary,lightgbm,quadratic_weighted_kappa,0.6035075218645489
phase1c_v3_20260903T215015Z_78649c4,5681e521cfbaff5963494212fcc047116056fd7d66393346df0463aef7553af9,b5c5df19ecb1a3d61e01fbfae30f5774b8659d7b038f15ae93adee008130f7da,3,3042,3043,3044,9c1c49af7719cefb0359e08bf2a263d4ba59601117649a1d4ab9080502fdc961,inx_primary,lightgbm,ranked_probability_score,0.07844224201238835
phase1c_v3_20260903T215015Z_78649c4,5681e521cfbaff5963494212fcc047116056fd7d66393346df0463aef7553af9,b5c5df19ecb1a3d61e01fbfae30f5774b8659d7b038f15ae93adee008130f7da,3,3042,3043,3044,9c1c49af7719cefb0359e08bf2a263d4ba59601117649a1d4ab9080502fdc961,inx_primary,lightgbm,two_level_reversal_rate,0.0016666666666666668
phase1c_v3_20260903T215015Z_78649c4,5681e521cfbaff5963494212fcc047116056fd7d66393346df0463aef7553af9,b5c5df19ecb1a3d61e01fbfae30f5774b8659d7b038f15ae93adee008130f7da,3,3042,3043,3044,9c1c49af7719cefb0359e08bf2a263d4ba59601117649a1d4ab9080502fdc961,inx_primary,lightgbm,weighted_f1,0.7900130009058122
phase1c_v3_20260903T215015Z_78649c4,5681e521cfbaff5963494212fcc047116056fd7d66393346df0463aef7553af9,b5c5df19ecb1a3d61e01fbfae30f5774b8659d7b038f15ae93adee008130f7da,3,3042,3043,3044,9c1c49af7719cefb0359e08bf2a263d4ba59601117649a1d4ab9080502fdc961,inx_primary,lightgbm,weighted_precision,0.7730256586050654
phase1c_v3_20260903T215015Z_78649c4,5681e521cfbaff5963494212fcc047116056fd7d66393346df0463aef7553af9,b5c5df19ecb1a3d61e01fbfae30f5774b8659d7b038f15ae93adee008130f7da,3,3042,3043,3044,9c1c49af7719cefb0359e08bf2a263d4ba59601117649a1d4ab9080502fdc961,inx_primary,lightgbm,weighted_recall,0.8133333333333334
phase1c_v3_20260903T215015Z_78649c4,5681e521cfbaff5963494212fcc047116056fd7d66393346df0463aef7553af9,b5c5df19ecb1a3d61e01fbfae30f5774b8659d7b038f15ae93adee008130f7da,3,3042,3043,3044,9c1c49af7719cefb0359e08bf2a263d4ba59601117649a1d4ab9080502fdc961,inx_primary,logistic_regression,accuracy,0.6633333333333333
phase1c_v3_20260903T215015Z_78649c4,5681e521cfbaff5963494212fcc047116056fd7d66393346df0463aef7553af9,b5c5df19ecb1a3d61e01fbfae30f5774b8659d7b038f15ae93adee008130f7da,3,3042,3043,3044,9c1c49af7719cefb0359e08bf2a263d4ba59601117649a1d4ab9080502fdc961,inx_primary,logistic_regression,adjacent_accuracy,0.9883333333333333
phase1c_v3_20260903T215015Z_78649c4,5681e521cfbaff5963494212fcc047116056fd7d66393346df0463aef7553af9,b5c5df19ecb1a3d61e01fbfae30f5774b8659d7b038f15ae93adee008130f7da,3,3042,3043,3044,9c1c49af7719cefb0359e08bf2a263d4ba59601117649a1d4ab9080502fdc961,inx_primary,logistic_regression,balanced_accuracy,0.5178531642118894
phase1c_v3_20260903T215015Z_78649c4,5681e521cfbaff5963494212fcc047116056fd7d66393346df0463aef7553af9,b5c5df19ecb1a3d61e01fbfae30f5774b8659d7b038f15ae93adee008130f7da,3,3042,3043,3044,9c1c49af7719cefb0359e08bf2a263d4ba59601117649a1d4ab9080502fdc961,inx_primary,logistic_regression,ece_confidence,0.0770554957737766
phase1c_v3_20260903T215015Z_78649c4,5681e521cfbaff5963494212fcc047116056fd7d66393346df0463aef7553af9,b5c5df19ecb1a3d61e01fbfae30f5774b8659d7b038f15ae93adee008130f7da,3,3042,3043,3044,9c1c49af7719cefb0359e08bf2a263d4ba59601117649a1d4ab9080502fdc961,inx_primary,logistic_regression,macro_f1,0.5032193199705381
phase1c_v3_20260903T215015Z_78649c4,5681e521cfbaff5963494212fcc047116056fd7d66393346df0463aef7553af9,b5c5df19ecb1a3d61e01fbfae30f5774b8659d7b038f15ae93adee008130f7da,3,3042,3043,3044,9c1c49af7719cefb0359e08bf2a263d4ba59601117649a1d4ab9080502fdc961,inx_primary,logistic_regression,macro_precision,0.49298251453423864
phase1c_v3_20260903T215015Z_78649c4,5681e521cfbaff5963494212fcc047116056fd7d66393346df0463aef7553af9,b5c5df19ecb1a3d61e01fbfae30f5774b8659d7b038f15ae93adee008130f7da,3,3042,3043,3044,9c1c49af7719cefb0359e08bf2a263d4ba59601117649a1d4ab9080502fdc961,inx_primary,logistic_regression,macro_recall,0.5178531642118894
phase1c_v3_20260903T215015Z_78649c4,5681e521cfbaff5963494212fcc047116056fd7d66393346df0463aef7553af9,b5c5df19ecb1a3d61e01fbfae30f5774b8659d7b038f15ae93adee008130f7da,3,3042,3043,3044,9c1c49af7719cefb0359e08bf2a263d4ba59601117649a1d4ab9080502fdc961,inx_primary,logistic_regression,multiclass_brier,0.4476677137215473
phase1c_v3_20260903T215015Z_78649c4,5681e521cfbaff5963494212fcc047116056fd7d66393346df0463aef7553af9,b5c5df19ecb1a3d61e01fbfae30f5774b8659d7b038f15ae93adee008130f7da,3,3042,3043,3044,9c1c49af7719cefb0359e08bf2a263d4ba59601117649a1d4ab9080502fdc961,inx_primary,logistic_regression,nll_log_loss,0.7380745778541673
phase1c_v3_20260903T215015Z_78649c4,5681e521cfbaff5963494212fcc047116056fd7d66393346df0463aef7553af9,b5c5df19ecb1a3d61e01fbfae30f5774b8659d7b038f15ae93adee008130f7da,3,3042,3043,3044,9c1c49af7719cefb0359e08bf2a263d4ba59601117649a1d4ab9080502fdc961,inx_primary,logistic_regression,ordinal_mae,0.34833333333333333
phase1c_v3_20260903T215015Z_78649c4,5681e521cfbaff5963494212fcc047116056fd7d66393346df0463aef7553af9,b5c5df19ecb1a3d61e01fbfae30f5774b8659d7b038f15ae93adee008130f7da,3,3042,3043,3044,9c1c49af7719cefb0359e08bf2a263d4ba59601117649a1d4ab9080502fdc961,inx_primary,logistic_regression,quadratic_weighted_kappa,0.36642327471091296
phase1c_v3_20260903T215015Z_78649c4,5681e521cfbaff5963494212fcc047116056fd7d66393346df0463aef7553af9,b5c5df19ecb1a3d61e01fbfae30f5774b8659d7b038f15ae93adee008130f7da,3,3042,3043,3044,9c1c49af7719cefb0359e08bf2a263d4ba59601117649a1d4ab9080502fdc961,inx_primary,logistic_regression,ranked_probability_score,0.1140906845878017
phase1c_v3_20260903T215015Z_78649c4,5681e521cfbaff5963494212fcc047116056fd7d66393346df0463aef7553af9,b5c5df19ecb1a3d61e01fbfae30f5774b8659d7b038f15ae93adee008130f7da,3,3042,3043,3044,9c1c49af7719cefb0359e08bf2a263d4ba59601117649a1d4ab9080502fdc961,inx_primary,logistic_regression,two_level_reversal_rate,0.011666666666666667
phase1c_v3_20260903T215015Z_78649c4,5681e521cfbaff5963494212fcc047116056fd7d66393346df0463aef7553af9,b5c5df19ecb1a3d61e01fbfae30f5774b8659d7b038f15ae93adee008130f7da,3,3042,3043,3044,9c1c49af7719cefb0359e08bf2a263d4ba59601117649a1d4ab9080502fdc961,inx_primary,logistic_regression,weighted_f1,0.671855148287546
phase1c_v3_20260903T215015Z_78649c4,5681e521cfbaff5963494212fcc047116056fd7d66393346df0463aef7553af9,b5c5df19ecb1a3d61e01fbfae30f5774b8659d7b038f15ae93adee008130f7da,3,3042,3043,3044,9c1c49af7719cefb0359e08bf2a263d4ba59601117649a1d4ab9080502fdc961,inx_primary,logistic_regression,weighted_precision,0.6835173689699552
phase1c_v3_20260903T215015Z_78649c4,5681e521cfbaff5963494212fcc047116056fd7d66393346df0463aef7553af9,b5c5df19ecb1a3d61e01fbfae30f5774b8659d7b038f15ae93adee008130f7da,3,3042,3043,3044,9c1c49af7719cefb0359e08bf2a263d4ba59601117649a1d4ab9080502fdc961,inx_primary,logistic_regression,weighted_recall,0.6633333333333333
phase1c_v3_20260903T215015Z_78649c4,5681e521cfbaff5963494212fcc047116056fd7d66393346df0463aef7553af9,b5c5df19ecb1a3d61e01fbfae30f5774b8659d7b038f15ae93adee008130f7da,3,3042,3043,3044,9c1c49af7719cefb0359e08bf2a263d4ba59601117649a1d4ab9080502fdc961,inx_primary,majority_baseline,accuracy,0.7283333333333334
phase1c_v3_20260903T215015Z_78649c4,5681e521cfbaff5963494212fcc047116056fd7d66393346df0463aef7553af9,b5c5df19ecb1a3d61e01fbfae30f5774b8659d7b038f15ae93adee008130f7da,3,3042,3043,3044,9c1c49af7719cefb0359e08bf2a263d4ba59601117649a1d4ab9080502fdc961,inx_primary,majority_baseline,adjacent_accuracy,1.0
phase1c_v3_20260903T215015Z_78649c4,5681e521cfbaff5963494212fcc047116056fd7d66393346df0463aef7553af9,b5c5df19ecb1a3d61e01fbfae30f5774b8659d7b038f15ae93adee008130f7da,3,3042,3043,3044,9c1c49af7719cefb0359e08bf2a263d4ba59601117649a1d4ab9080502fdc961,inx_primary,majority_baseline,balanced_accuracy,0.3333333333333333
phase1c_v3_20260903T215015Z_78649c4,5681e521cfbaff5963494212fcc047116056fd7d66393346df0463aef7553af9,b5c5df19ecb1a3d61e01fbfae30f5774b8659d7b038f15ae93adee008130f7da,3,3042,3043,3044,9c1c49af7719cefb0359e08bf2a263d4ba59601117649a1d4ab9080502fdc961,inx_primary,majority_baseline,ece_confidence,0.2716666666666666
phase1c_v3_20260903T215015Z_78649c4,5681e521cfbaff5963494212fcc047116056fd7d66393346df0463aef7553af9,b5c5df19ecb1a3d61e01fbfae30f5774b8659d7b038f15ae93adee008130f7da,3,3042,3043,3044,9c1c49af7719cefb0359e08bf2a263d4ba59601117649a1d4ab9080502fdc961,inx_primary,majority_baseline,macro_f1,0.2809386049501768
phase1c_v3_20260903T215015Z_78649c4,5681e521cfbaff5963494212fcc047116056fd7d66393346df0463aef7553af9,b5c5df19ecb1a3d61e01fbfae30f5774b8659d7b038f15ae93adee008130f7da,3,3042,3043,3044,9c1c49af7719cefb0359e08bf2a263d4ba59601117649a1d4ab9080502fdc961,inx_primary,majority_baseline,macro_precision,0.2427777777777778
phase1c_v3_20260903T215015Z_78649c4,5681e521cfbaff5963494212fcc047116056fd7d66393346df0463aef7553af9,b5c5df19ecb1a3d61e01fbfae30f5774b8659d7b038f15ae93adee008130f7da,3,3042,3043,3044,9c1c49af7719cefb0359e08bf2a263d4ba59601117649a1d4ab9080502fdc961,inx_primary,majority_baseline,macro_recall,0.3333333333333333
phase1c_v3_20260903T215015Z_78649c4,5681e521cfbaff5963494212fcc047116056fd7d66393346df0463aef7553af9,b5c5df19ecb1a3d61e01fbfae30f5774b8659d7b038f15ae93adee008130f7da,3,3042,3043,3044,9c1c49af7719cefb0359e08bf2a263d4ba59601117649a1d4ab9080502fdc961,inx_primary,majority_baseline,multiclass_brier,0.5433333333333333
phase1c_v3_20260903T215015Z_78649c4,5681e521cfbaff5963494212fcc047116056fd7d66393346df0463aef7553af9,b5c5df19ecb1a3d61e01fbfae30f5774b8659d7b038f15ae93adee008130f7da,3,3042,3043,3044,9c1c49af7719cefb0359e08bf2a263d4ba59601117649a1d4ab9080502fdc961,inx_primary,majority_baseline,nll_log_loss,9.791859170710161
phase1c_v3_20260903T215015Z_78649c4,5681e521cfbaff5963494212fcc047116056fd7d66393346df0463aef7553af9,b5c5df19ecb1a3d61e01fbfae30f5774b8659d7b038f15ae93adee008130f7da,3,3042,3043,3044,9c1c49af7719cefb0359e08bf2a263d4ba59601117649a1d4ab9080502fdc961,inx_primary,majority_baseline,ordinal_mae,0.27166666666666667
phase1c_v3_20260903T215015Z_78649c4,5681e521cfbaff5963494212fcc047116056fd7d66393346df0463aef7553af9,b5c5df19ecb1a3d61e01fbfae30f5774b8659d7b038f15ae93adee008130f7da,3,3042,3043,3044,9c1c49af7719cefb0359e08bf2a263d4ba59601117649a1d4ab9080502fdc961,inx_primary,majority_baseline,quadratic_weighted_kappa,0.0
phase1c_v3_20260903T215015Z_78649c4,5681e521cfbaff5963494212fcc047116056fd7d66393346df0463aef7553af9,b5c5df19ecb1a3d61e01fbfae30f5774b8659d7b038f15ae93adee008130f7da,3,3042,3043,3044,9c1c49af7719cefb0359e08bf2a263d4ba59601117649a1d4ab9080502fdc961,inx_primary,majority_baseline,ranked_probability_score,0.13583333333333333
phase1c_v3_20260903T215015Z_78649c4,5681e521cfbaff5963494212fcc047116056fd7d66393346df0463aef7553af9,b5c5df19ecb1a3d61e01fbfae30f5774b8659d7b038f15ae93adee008130f7da,3,3042,3043,3044,9c1c49af7719cefb0359e08bf2a263d4ba59601117649a1d4ab9080502fdc961,inx_primary,majority_baseline,two_level_reversal_rate,0.0
phase1c_v3_20260903T215015Z_78649c4,5681e521cfbaff5963494212fcc047116056fd7d66393346df0463aef7553af9,b5c5df19ecb1a3d61e01fbfae30f5774b8659d7b038f15ae93adee008130f7da,3,3042,3043,3044,9c1c49af7719cefb0359e08bf2a263d4ba59601117649a1d4ab9080502fdc961,inx_primary,majority_baseline,weighted_f1,0.6138508518161363
phase1c_v3_20260903T215015Z_78649c4,5681e521cfbaff5963494212fcc047116056fd7d66393346df0463aef7553af9,b5c5df19ecb1a3d61e01fbfae30f5774b8659d7b038f15ae93adee008130f7da,3,3042,3043,3044,9c1c49af7719cefb0359e08bf2a263d4ba59601117649a1d4ab9080502fdc961,inx_primary,majority_baseline,weighted_precision,0.5304694444444444
phase1c_v3_20260903T215015Z_78649c4,5681e521cfbaff5963494212fcc047116056fd7d66393346df0463aef7553af9,b5c5df19ecb1a3d61e01fbfae30f5774b8659d7b038f15ae93adee008130f7da,3,3042,3043,3044,9c1c49af7719cefb0359e08bf2a263d4ba59601117649a1d4ab9080502fdc961,inx_primary,majority_baseline,weighted_recall,0.7283333333333334
phase1c_v3_20260903T215015Z_78649c4,5681e521cfbaff5963494212fcc047116056fd7d66393346df0463aef7553af9,b5c5df19ecb1a3d61e01fbfae30f5774b8659d7b038f15ae93adee008130f7da,3,3042,3043,3044,9c1c49af7719cefb0359e08bf2a263d4ba59601117649a1d4ab9080502fdc961,inx_primary,ordinal_median_baseline,accuracy,0.7283333333333334
phase1c_v3_20260903T215015Z_78649c4,5681e521cfbaff5963494212fcc047116056fd7d66393346df0463aef7553af9,b5c5df19ecb1a3d61e01fbfae30f5774b8659d7b038f15ae93adee008130f7da,3,3042,3043,3044,9c1c49af7719cefb0359e08bf2a263d4ba59601117649a1d4ab9080502fdc961,inx_primary,ordinal_median_baseline,adjacent_accuracy,1.0
phase1c_v3_20260903T215015Z_78649c4,5681e521cfbaff5963494212fcc047116056fd7d66393346df0463aef7553af9,b5c5df19ecb1a3d61e01fbfae30f5774b8659d7b038f15ae93adee008130f7da,3,3042,3043,3044,9c1c49af7719cefb0359e08bf2a263d4ba59601117649a1d4ab9080502fdc961,inx_primary,ordinal_median_baseline,balanced_accuracy,0.3333333333333333
phase1c_v3_20260903T215015Z_78649c4,5681e521cfbaff5963494212fcc047116056fd7d66393346df0463aef7553af9,b5c5df19ecb1a3d61e01fbfae30f5774b8659d7b038f15ae93adee008130f7da,3,3042,3043,3044,9c1c49af7719cefb0359e08bf2a263d4ba59601117649a1d4ab9080502fdc961,inx_primary,ordinal_median_baseline,ece_confidence,0.2716666666666666
phase1c_v3_20260903T215015Z_78649c4,5681e521cfbaff5963494212fcc047116056fd7d66393346df0463aef7553af9,b5c5df19ecb1a3d61e01fbfae30f5774b8659d7b038f15ae93adee008130f7da,3,3042,3043,3044,9c1c49af7719cefb0359e08bf2a263d4ba59601117649a1d4ab9080502fdc961,inx_primary,ordinal_median_baseline,macro_f1,0.2809386049501768
phase1c_v3_20260903T215015Z_78649c4,5681e521cfbaff5963494212fcc047116056fd7d66393346df0463aef7553af9,b5c5df19ecb1a3d61e01fbfae30f5774b8659d7b038f15ae93adee008130f7da,3,3042,3043,3044,9c1c49af7719cefb0359e08bf2a263d4ba59601117649a1d4ab9080502fdc961,inx_primary,ordinal_median_baseline,macro_precision,0.2427777777777778
phase1c_v3_20260903T215015Z_78649c4,5681e521cfbaff5963494212fcc047116056fd7d66393346df0463aef7553af9,b5c5df19ecb1a3d61e01fbfae30f5774b8659d7b038f15ae93adee008130f7da,3,3042,3043,3044,9c1c49af7719cefb0359e08bf2a263d4ba59601117649a1d4ab9080502fdc961,inx_primary,ordinal_median_baseline,macro_recall,0.3333333333333333
phase1c_v3_20260903T215015Z_78649c4,5681e521cfbaff5963494212fcc047116056fd7d66393346df0463aef7553af9,b5c5df19ecb1a3d61e01fbfae30f5774b8659d7b038f15ae93adee008130f7da,3,3042,3043,3044,9c1c49af7719cefb0359e08bf2a263d4ba59601117649a1d4ab9080502fdc961,inx_primary,ordinal_median_baseline,multiclass_brier,0.5433333333333333
phase1c_v3_20260903T215015Z_78649c4,5681e521cfbaff5963494212fcc047116056fd7d66393346df0463aef7553af9,b5c5df19ecb1a3d61e01fbfae30f5774b8659d7b038f15ae93adee008130f7da,3,3042,3043,3044,9c1c49af7719cefb0359e08bf2a263d4ba59601117649a1d4ab9080502fdc961,inx_primary,ordinal_median_baseline,nll_log_loss,9.791859170710161
phase1c_v3_20260903T215015Z_78649c4,5681e521cfbaff5963494212fcc047116056fd7d66393346df0463aef7553af9,b5c5df19ecb1a3d61e01fbfae30f5774b8659d7b038f15ae93adee008130f7da,3,3042,3043,3044,9c1c49af7719cefb0359e08bf2a263d4ba59601117649a1d4ab9080502fdc961,inx_primary,ordinal_median_baseline,ordinal_mae,0.27166666666666667
phase1c_v3_20260903T215015Z_78649c4,5681e521cfbaff5963494212fcc047116056fd7d66393346df0463aef7553af9,b5c5df19ecb1a3d61e01fbfae30f5774b8659d7b038f15ae93adee008130f7da,3,3042,3043,3044,9c1c49af7719cefb0359e08bf2a263d4ba59601117649a1d4ab9080502fdc961,inx_primary,ordinal_median_baseline,quadratic_weighted_kappa,0.0
phase1c_v3_20260903T215015Z_78649c4,5681e521cfbaff5963494212fcc047116056fd7d66393346df0463aef7553af9,b5c5df19ecb1a3d61e01fbfae30f5774b8659d7b038f15ae93adee008130f7da,3,3042,3043,3044,9c1c49af7719cefb0359e08bf2a263d4ba59601117649a1d4ab9080502fdc961,inx_primary,ordinal_median_baseline,ranked_probability_score,0.13583333333333333
phase1c_v3_20260903T215015Z_78649c4,5681e521cfbaff5963494212fcc047116056fd7d66393346df0463aef7553af9,b5c5df19ecb1a3d61e01fbfae30f5774b8659d7b038f15ae93adee008130f7da,3,3042,3043,3044,9c1c49af7719cefb0359e08bf2a263d4ba59601117649a1d4ab9080502fdc961,inx_primary,ordinal_median_baseline,two_level_reversal_rate,0.0
phase1c_v3_20260903T215015Z_78649c4,5681e521cfbaff5963494212fcc047116056fd7d66393346df0463aef7553af9,b5c5df19ecb1a3d61e01fbfae30f5774b8659d7b038f15ae93adee008130f7da,3,3042,3043,3044,9c1c49af7719cefb0359e08bf2a263d4ba59601117649a1d4ab9080502fdc961,inx_primary,ordinal_median_baseline,weighted_f1,0.6138508518161363
phase1c_v3_20260903T215015Z_78649c4,5681e521cfbaff5963494212fcc047116056fd7d66393346df0463aef7553af9,b5c5df19ecb1a3d61e01fbfae30f5774b8659d7b038f15ae93adee008130f7da,3,3042,3043,3044,9c1c49af7719cefb0359e08bf2a263d4ba59601117649a1d4ab9080502fdc961,inx_primary,ordinal_median_baseline,weighted_precision,0.5304694444444444
phase1c_v3_20260903T215015Z_78649c4,5681e521cfbaff5963494212fcc047116056fd7d66393346df0463aef7553af9,b5c5df19ecb1a3d61e01fbfae30f5774b8659d7b038f15ae93adee008130f7da,3,3042,3043,3044,9c1c49af7719cefb0359e08bf2a263d4ba59601117649a1d4ab9080502fdc961,inx_primary,ordinal_median_baseline,weighted_recall,0.7283333333333334
phase1c_v3_20260903T215015Z_78649c4,5681e521cfbaff5963494212fcc047116056fd7d66393346df0463aef7553af9,b5c5df19ecb1a3d61e01fbfae30f5774b8659d7b038f15ae93adee008130f7da,3,3042,3043,3044,9c1c49af7719cefb0359e08bf2a263d4ba59601117649a1d4ab9080502fdc961,inx_primary,proportional_odds_logistic,accuracy,0.4866666666666667
phase1c_v3_20260903T215015Z_78649c4,5681e521cfbaff5963494212fcc047116056fd7d66393346df0463aef7553af9,b5c5df19ecb1a3d61e01fbfae30f5774b8659d7b038f15ae93adee008130f7da,3,3042,3043,3044,9c1c49af7719cefb0359e08bf2a263d4ba59601117649a1d4ab9080502fdc961,inx_primary,proportional_odds_logistic,adjacent_accuracy,0.9866666666666667
phase1c_v3_20260903T215015Z_78649c4,5681e521cfbaff5963494212fcc047116056fd7d66393346df0463aef7553af9,b5c5df19ecb1a3d61e01fbfae30f5774b8659d7b038f15ae93adee008130f7da,3,3042,3043,3044,9c1c49af7719cefb0359e08bf2a263d4ba59601117649a1d4ab9080502fdc961,inx_primary,proportional_odds_logistic,balanced_accuracy,0.5818756938799875
phase1c_v3_20260903T215015Z_78649c4,5681e521cfbaff5963494212fcc047116056fd7d66393346df0463aef7553af9,b5c5df19ecb1a3d61e01fbfae30f5774b8659d7b038f15ae93adee008130f7da,3,3042,3043,3044,9c1c49af7719cefb0359e08bf2a263d4ba59601117649a1d4ab9080502fdc961,inx_primary,proportional_odds_logistic,ece_confidence,0.24794161688154837
phase1c_v3_20260903T215015Z_78649c4,5681e521cfbaff5963494212fcc047116056fd7d66393346df0463aef7553af9,b5c5df19ecb1a3d61e01fbfae30f5774b8659d7b038f15ae93adee008130f7da,3,3042,3043,3044,9c1c49af7719cefb0359e08bf2a263d4ba59601117649a1d4ab9080502fdc961,inx_primary,proportional_odds_logistic,macro_f1,0.46496251918101955
phase1c_v3_20260903T215015Z_78649c4,5681e521cfbaff5963494212fcc047116056fd7d66393346df0463aef7553af9,b5c5df19ecb1a3d61e01fbfae30f5774b8659d7b038f15ae93adee008130f7da,3,3042,3043,3044,9c1c49af7719cefb0359e08bf2a263d4ba59601117649a1d4ab9080502fdc961,inx_primary,proportional_odds_logistic,macro_precision,0.4850041293886534
phase1c_v3_20260903T215015Z_78649c4,5681e521cfbaff5963494212fcc047116056fd7d66393346df0463aef7553af9,b5c5df19ecb1a3d61e01fbfae30f5774b8659d7b038f15ae93adee008130f7da,3,3042,3043,3044,9c1c49af7719cefb0359e08bf2a263d4ba59601117649a1d4ab9080502fdc961,inx_primary,proportional_odds_logistic,macro_recall,0.5818756938799875
phase1c_v3_20260903T215015Z_78649c4,5681e521cfbaff5963494212fcc047116056fd7d66393346df0463aef7553af9,b5c5df19ecb1a3d61e01fbfae30f5774b8659d7b038f15ae93adee008130f7da,3,3042,3043,3044,9c1c49af7719cefb0359e08bf2a263d4ba59601117649a1d4ab9080502fdc961,inx_primary,proportional_odds_logistic,multiclass_brier,0.6334072521070182
phase1c_v3_20260903T215015Z_78649c4,5681e521cfbaff5963494212fcc047116056fd7d66393346df0463aef7553af9,b5c5df19ecb1a3d61e01fbfae30f5774b8659d7b038f15ae93adee008130f7da,3,3042,3043,3044,9c1c49af7719cefb0359e08bf2a263d4ba59601117649a1d4ab9080502fdc961,inx_primary,proportional_odds_logistic,nll_log_loss,0.9664452837866073
phase1c_v3_20260903T215015Z_78649c4,5681e521cfbaff5963494212fcc047116056fd7d66393346df0463aef7553af9,b5c5df19ecb1a3d61e01fbfae30f5774b8659d7b038f15ae93adee008130f7da,3,3042,3043,3044,9c1c49af7719cefb0359e08bf2a263d4ba59601117649a1d4ab9080502fdc961,inx_primary,proportional_odds_logistic,ordinal_mae,0.5266666666666666
phase1c_v3_20260903T215015Z_78649c4,5681e521cfbaff5963494212fcc047116056fd7d66393346df0463aef7553af9,b5c5df19ecb1a3d61e01fbfae30f5774b8659d7b038f15ae93adee008130f7da,3,3042,3043,3044,9c1c49af7719cefb0359e08bf2a263d4ba59601117649a1d4ab9080502fdc961,inx_primary,proportional_odds_logistic,quadratic_weighted_kappa,0.3948011228991213
phase1c_v3_20260903T215015Z_78649c4,5681e521cfbaff5963494212fcc047116056fd7d66393346df0463aef7553af9,b5c5df19ecb1a3d61e01fbfae30f5774b8659d7b038f15ae93adee008130f7da,3,3042,3043,3044,9c1c49af7719cefb0359e08bf2a263d4ba59601117649a1d4ab9080502fdc961,inx_primary,proportional_odds_logistic,ranked_probability_score,0.15268047500323068
phase1c_v3_20260903T215015Z_78649c4,5681e521cfbaff5963494212fcc047116056fd7d66393346df0463aef7553af9,b5c5df19ecb1a3d61e01fbfae30f5774b8659d7b038f15ae93adee008130f7da,3,3042,3043,3044,9c1c49af7719cefb0359e08bf2a263d4ba59601117649a1d4ab9080502fdc961,inx_primary,proportional_odds_logistic,two_level_reversal_rate,0.013333333333333334
phase1c_v3_20260903T215015Z_78649c4,5681e521cfbaff5963494212fcc047116056fd7d66393346df0463aef7553af9,b5c5df19ecb1a3d61e01fbfae30f5774b8659d7b038f15ae93adee008130f7da,3,3042,3043,3044,9c1c49af7719cefb0359e08bf2a263d4ba59601117649a1d4ab9080502fdc961,inx_primary,proportional_odds_logistic,weighted_f1,0.5208244127370658
phase1c_v3_20260903T215015Z_78649c4,5681e521cfbaff5963494212fcc047116056fd7d66393346df0463aef7553af9,b5c5df19ecb1a3d61e01fbfae30f5774b8659d7b038f15ae93adee008130f7da,3,3042,3043,3044,9c1c49af7719cefb0359e08bf2a263d4ba59601117649a1d4ab9080502fdc961,inx_primary,proportional_odds_logistic,weighted_precision,0.6867854443119386
phase1c_v3_20260903T215015Z_78649c4,5681e521cfbaff5963494212fcc047116056fd7d66393346df0463aef7553af9,b5c5df19ecb1a3d61e01fbfae30f5774b8659d7b038f15ae93adee008130f7da,3,3042,3043,3044,9c1c49af7719cefb0359e08bf2a263d4ba59601117649a1d4ab9080502fdc961,inx_primary,proportional_odds_logistic,weighted_recall,0.4866666666666667
phase1c_v3_20260903T215015Z_78649c4,5681e521cfbaff5963494212fcc047116056fd7d66393346df0463aef7553af9,b5c5df19ecb1a3d61e01fbfae30f5774b8659d7b038f15ae93adee008130f7da,3,3042,3043,3044,9c1c49af7719cefb0359e08bf2a263d4ba59601117649a1d4ab9080502fdc961,inx_primary,random_forest,accuracy,0.8425
phase1c_v3_20260903T215015Z_78649c4,5681e521cfbaff5963494212fcc047116056fd7d66393346df0463aef7553af9,b5c5df19ecb1a3d61e01fbfae30f5774b8659d7b038f15ae93adee008130f7da,3,3042,3043,3044,9c1c49af7719cefb0359e08bf2a263d4ba59601117649a1d4ab9080502fdc961,inx_primary,random_forest,adjacent_accuracy,0.9983333333333333
phase1c_v3_20260903T215015Z_78649c4,5681e521cfbaff5963494212fcc047116056fd7d66393346df0463aef7553af9,b5c5df19ecb1a3d61e01fbfae30f5774b8659d7b038f15ae93adee008130f7da,3,3042,3043,3044,9c1c49af7719cefb0359e08bf2a263d4ba59601117649a1d4ab9080502fdc961,inx_primary,random_forest,balanced_accuracy,0.6270190284262331
phase1c_v3_20260903T215015Z_78649c4,5681e521cfbaff5963494212fcc047116056fd7d66393346df0463aef7553af9,b5c5df19ecb1a3d61e01fbfae30f5774b8659d7b038f15ae93adee008130f7da,3,3042,3043,3044,9c1c49af7719cefb0359e08bf2a263d4ba59601117649a1d4ab9080502fdc961,inx_primary,random_forest,ece_confidence,0.22359609729334087
phase1c_v3_20260903T215015Z_78649c4,5681e521cfbaff5963494212fcc047116056fd7d66393346df0463aef7553af9,b5c5df19ecb1a3d61e01fbfae30f5774b8659d7b038f15ae93adee008130f7da,3,3042,3043,3044,9c1c49af7719cefb0359e08bf2a263d4ba59601117649a1d4ab9080502fdc961,inx_primary,random_forest,macro_f1,0.5940615929966806
phase1c_v3_20260903T215015Z_78649c4,5681e521cfbaff5963494212fcc047116056fd7d66393346df0463aef7553af9,b5c5df19ecb1a3d61e01fbfae30f5774b8659d7b038f15ae93adee008130f7da,3,3042,3043,3044,9c1c49af7719cefb0359e08bf2a263d4ba59601117649a1d4ab9080502fdc961,inx_primary,random_forest,macro_precision,0.6054219175320092
phase1c_v3_20260903T215015Z_78649c4,5681e521cfbaff5963494212fcc047116056fd7d66393346df0463aef7553af9,b5c5df19ecb1a3d61e01fbfae30f5774b8659d7b038f15ae93adee008130f7da,3,3042,3043,3044,9c1c49af7719cefb0359e08bf2a263d4ba59601117649a1d4ab9080502fdc961,inx_primary,random_forest,macro_recall,0.6270190284262331
phase1c_v3_20260903T215015Z_78649c4,5681e521cfbaff5963494212fcc047116056fd7d66393346df0463aef7553af9,b5c5df19ecb1a3d61e01fbfae30f5774b8659d7b038f15ae93adee008130f7da,3,3042,3043,3044,9c1c49af7719cefb0359e08bf2a263d4ba59601117649a1d4ab9080502fdc961,inx_primary,random_forest,multiclass_brier,0.3551707119892079
phase1c_v3_20260903T215015Z_78649c4,5681e521cfbaff5963494212fcc047116056fd7d66393346df0463aef7553af9,b5c5df19ecb1a3d61e01fbfae30f5774b8659d7b038f15ae93adee008130f7da,3,3042,3043,3044,9c1c49af7719cefb0359e08bf2a263d4ba59601117649a1d4ab9080502fdc961,inx_primary,random_forest,nll_log_loss,0.6213625398147513
phase1c_v3_20260903T215015Z_78649c4,5681e521cfbaff5963494212fcc047116056fd7d66393346df0463aef7553af9,b5c5df19ecb1a3d61e01fbfae30f5774b8659d7b038f15ae93adee008130f7da,3,3042,3043,3044,9c1c49af7719cefb0359e08bf2a263d4ba59601117649a1d4ab9080502fdc961,inx_primary,random_forest,ordinal_mae,0.15916666666666668
phase1c_v3_20260903T215015Z_78649c4,5681e521cfbaff5963494212fcc047116056fd7d66393346df0463aef7553af9,b5c5df19ecb1a3d61e01fbfae30f5774b8659d7b038f15ae93adee008130f7da,3,3042,3043,3044,9c1c49af7719cefb0359e08bf2a263d4ba59601117649a1d4ab9080502fdc961,inx_primary,random_forest,quadratic_weighted_kappa,0.6315169533695728
phase1c_v3_20260903T215015Z_78649c4,5681e521cfbaff5963494212fcc047116056fd7d66393346df0463aef7553af9,b5c5df19ecb1a3d61e01fbfae30f5774b8659d7b038f15ae93adee008130f7da,3,3042,3043,3044,9c1c49af7719cefb0359e08bf2a263d4ba59601117649a1d4ab9080502fdc961,inx_primary,random_forest,ranked_probability_score,0.08526762063650982
phase1c_v3_20260903T215015Z_78649c4,5681e521cfbaff5963494212fcc047116056fd7d66393346df0463aef7553af9,b5c5df19ecb1a3d61e01fbfae30f5774b8659d7b038f15ae93adee008130f7da,3,3042,3043,3044,9c1c49af7719cefb0359e08bf2a263d4ba59601117649a1d4ab9080502fdc961,inx_primary,random_forest,two_level_reversal_rate,0.0016666666666666668
phase1c_v3_20260903T215015Z_78649c4,5681e521cfbaff5963494212fcc047116056fd7d66393346df0463aef7553af9,b5c5df19ecb1a3d61e01fbfae30f5774b8659d7b038f15ae93adee008130f7da,3,3042,3043,3044,9c1c49af7719cefb0359e08bf2a263d4ba59601117649a1d4ab9080502fdc961,inx_primary,random_forest,weighted_f1,0.7967328761972701
phase1c_v3_20260903T215015Z_78649c4,5681e521cfbaff5963494212fcc047116056fd7d66393346df0463aef7553af9,b5c5df19ecb1a3d61e01fbfae30f5774b8659d7b038f15ae93adee008130f7da,3,3042,3043,3044,9c1c49af7719cefb0359e08bf2a263d4ba59601117649a1d4ab9080502fdc961,inx_primary,random_forest,weighted_precision,0.7692230365964311
phase1c_v3_20260903T215015Z_78649c4,5681e521cfbaff5963494212fcc047116056fd7d66393346df0463aef7553af9,b5c5df19ecb1a3d61e01fbfae30f5774b8659d7b038f15ae93adee008130f7da,3,3042,3043,3044,9c1c49af7719cefb0359e08bf2a263d4ba59601117649a1d4ab9080502fdc961,inx_primary,random_forest,weighted_recall,0.8425
phase1c_v3_20260903T215015Z_78649c4,5681e521cfbaff5963494212fcc047116056fd7d66393346df0463aef7553af9,b5c5df19ecb1a3d61e01fbfae30f5774b8659d7b038f15ae93adee008130f7da,3,3042,3043,3044,9c1c49af7719cefb0359e08bf2a263d4ba59601117649a1d4ab9080502fdc961,inx_primary,stratified_baseline,accuracy,0.6175
phase1c_v3_20260903T215015Z_78649c4,5681e521cfbaff5963494212fcc047116056fd7d66393346df0463aef7553af9,b5c5df19ecb1a3d61e01fbfae30f5774b8659d7b038f15ae93adee008130f7da,3,3042,3043,3044,9c1c49af7719cefb0359e08bf2a263d4ba59601117649a1d4ab9080502fdc961,inx_primary,stratified_baseline,adjacent_accuracy,0.9716666666666667
phase1c_v3_20260903T215015Z_78649c4,5681e521cfbaff5963494212fcc047116056fd7d66393346df0463aef7553af9,b5c5df19ecb1a3d61e01fbfae30f5774b8659d7b038f15ae93adee008130f7da,3,3042,3043,3044,9c1c49af7719cefb0359e08bf2a263d4ba59601117649a1d4ab9080502fdc961,inx_primary,stratified_baseline,balanced_accuracy,0.348692342281481
phase1c_v3_20260903T215015Z_78649c4,5681e521cfbaff5963494212fcc047116056fd7d66393346df0463aef7553af9,b5c5df19ecb1a3d61e01fbfae30f5774b8659d7b038f15ae93adee008130f7da,3,3042,3043,3044,9c1c49af7719cefb0359e08bf2a263d4ba59601117649a1d4ab9080502fdc961,inx_primary,stratified_baseline,ece_confidence,0.38249999999999995
phase1c_v3_20260903T215015Z_78649c4,5681e521cfbaff5963494212fcc047116056fd7d66393346df0463aef7553af9,b5c5df19ecb1a3d61e01fbfae30f5774b8659d7b038f15ae93adee008130f7da,3,3042,3043,3044,9c1c49af7719cefb0359e08bf2a263d4ba59601117649a1d4ab9080502fdc961,inx_primary,stratified_baseline,macro_f1,0.3477968024554294
phase1c_v3_20260903T215015Z_78649c4,5681e521cfbaff5963494212fcc047116056fd7d66393346df0463aef7553af9,b5c5df19ecb1a3d61e01fbfae30f5774b8659d7b038f15ae93adee008130f7da,3,3042,3043,3044,9c1c49af7719cefb0359e08bf2a263d4ba59601117649a1d4ab9080502fdc961,inx_primary,stratified_baseline,macro_precision,0.35035099322380026
phase1c_v3_20260903T215015Z_78649c4,5681e521cfbaff5963494212fcc047116056fd7d66393346df0463aef7553af9,b5c5df19ecb1a3d61e01fbfae30f5774b8659d7b038f15ae93adee008130f7da,3,3042,3043,3044,9c1c49af7719cefb0359e08bf2a263d4ba59601117649a1d4ab9080502fdc961,inx_primary,stratified_baseline,macro_recall,0.348692342281481
phase1c_v3_20260903T215015Z_78649c4,5681e521cfbaff5963494212fcc047116056fd7d66393346df0463aef7553af9,b5c5df19ecb1a3d61e01fbfae30f5774b8659d7b038f15ae93adee008130f7da,3,3042,3043,3044,9c1c49af7719cefb0359e08bf2a263d4ba59601117649a1d4ab9080502fdc961,inx_primary,stratified_baseline,multiclass_brier,0.765
phase1c_v3_20260903T215015Z_78649c4,5681e521cfbaff5963494212fcc047116056fd7d66393346df0463aef7553af9,b5c5df19ecb1a3d61e01fbfae30f5774b8659d7b038f15ae93adee008130f7da,3,3042,3043,3044,9c1c49af7719cefb0359e08bf2a263d4ba59601117649a1d4ab9080502fdc961,inx_primary,stratified_baseline,nll_log_loss,13.78669742133731
phase1c_v3_20260903T215015Z_78649c4,5681e521cfbaff5963494212fcc047116056fd7d66393346df0463aef7553af9,b5c5df19ecb1a3d61e01fbfae30f5774b8659d7b038f15ae93adee008130f7da,3,3042,3043,3044,9c1c49af7719cefb0359e08bf2a263d4ba59601117649a1d4ab9080502fdc961,inx_primary,stratified_baseline,ordinal_mae,0.41083333333333333
phase1c_v3_20260903T215015Z_78649c4,5681e521cfbaff5963494212fcc047116056fd7d66393346df0463aef7553af9,b5c5df19ecb1a3d61e01fbfae30f5774b8659d7b038f15ae93adee008130f7da,3,3042,3043,3044,9c1c49af7719cefb0359e08bf2a263d4ba59601117649a1d4ab9080502fdc961,inx_primary,stratified_baseline,quadratic_weighted_kappa,0.023130278317903374
phase1c_v3_20260903T215015Z_78649c4,5681e521cfbaff5963494212fcc047116056fd7d66393346df0463aef7553af9,b5c5df19ecb1a3d61e01fbfae30f5774b8659d7b038f15ae93adee008130f7da,3,3042,3043,3044,9c1c49af7719cefb0359e08bf2a263d4ba59601117649a1d4ab9080502fdc961,inx_primary,stratified_baseline,ranked_probability_score,0.20541666666666666
phase1c_v3_20260903T215015Z_78649c4,5681e521cfbaff5963494212fcc047116056fd7d66393346df0463aef7553af9,b5c5df19ecb1a3d61e01fbfae30f5774b8659d7b038f15ae93adee008130f7da,3,3042,3043,3044,9c1c49af7719cefb0359e08bf2a263d4ba59601117649a1d4ab9080502fdc961,inx_primary,stratified_baseline,two_level_reversal_rate,0.028333333333333332
phase1c_v3_20260903T215015Z_78649c4,5681e521cfbaff5963494212fcc047116056fd7d66393346df0463aef7553af9,b5c5df19ecb1a3d61e01fbfae30f5774b8659d7b038f15ae93adee008130f7da,3,3042,3043,3044,9c1c49af7719cefb0359e08bf2a263d4ba59601117649a1d4ab9080502fdc961,inx_primary,stratified_baseline,weighted_f1,0.5988524456639094
phase1c_v3_20260903T215015Z_78649c4,5681e521cfbaff5963494212fcc047116056fd7d66393346df0463aef7553af9,b5c5df19ecb1a3d61e01fbfae30f5774b8659d7b038f15ae93adee008130f7da,3,3042,3043,3044,9c1c49af7719cefb0359e08bf2a263d4ba59601117649a1d4ab9080502fdc961,inx_primary,stratified_baseline,weighted_precision,0.5829796394922492
phase1c_v3_20260903T215015Z_78649c4,5681e521cfbaff5963494212fcc047116056fd7d66393346df0463aef7553af9,b5c5df19ecb1a3d61e01fbfae30f5774b8659d7b038f15ae93adee008130f7da,3,3042,3043,3044,9c1c49af7719cefb0359e08bf2a263d4ba59601117649a1d4ab9080502fdc961,inx_primary,stratified_baseline,weighted_recall,0.6175
phase1c_v3_20260903T215015Z_78649c4,5681e521cfbaff5963494212fcc047116056fd7d66393346df0463aef7553af9,b5c5df19ecb1a3d61e01fbfae30f5774b8659d7b038f15ae93adee008130f7da,3,3042,3043,3044,9c1c49af7719cefb0359e08bf2a263d4ba59601117649a1d4ab9080502fdc961,inx_primary,xgboost,accuracy,0.7458333333333333
phase1c_v3_20260903T215015Z_78649c4,5681e521cfbaff5963494212fcc047116056fd7d66393346df0463aef7553af9,b5c5df19ecb1a3d61e01fbfae30f5774b8659d7b038f15ae93adee008130f7da,3,3042,3043,3044,9c1c49af7719cefb0359e08bf2a263d4ba59601117649a1d4ab9080502fdc961,inx_primary,xgboost,adjacent_accuracy,0.9983333333333333
phase1c_v3_20260903T215015Z_78649c4,5681e521cfbaff5963494212fcc047116056fd7d66393346df0463aef7553af9,b5c5df19ecb1a3d61e01fbfae30f5774b8659d7b038f15ae93adee008130f7da,3,3042,3043,3044,9c1c49af7719cefb0359e08bf2a263d4ba59601117649a1d4ab9080502fdc961,inx_primary,xgboost,balanced_accuracy,0.6304727903727645
phase1c_v3_20260903T215015Z_78649c4,5681e521cfbaff5963494212fcc047116056fd7d66393346df0463aef7553af9,b5c5df19ecb1a3d61e01fbfae30f5774b8659d7b038f15ae93adee008130f7da,3,3042,3043,3044,9c1c49af7719cefb0359e08bf2a263d4ba59601117649a1d4ab9080502fdc961,inx_primary,xgboost,ece_confidence,0.06599459627622492
phase1c_v3_20260903T215015Z_78649c4,5681e521cfbaff5963494212fcc047116056fd7d66393346df0463aef7553af9,b5c5df19ecb1a3d61e01fbfae30f5774b8659d7b038f15ae93adee008130f7da,3,3042,3043,3044,9c1c49af7719cefb0359e08bf2a263d4ba59601117649a1d4ab9080502fdc961,inx_primary,xgboost,macro_f1,0.6123817970888034
phase1c_v3_20260903T215015Z_78649c4,5681e521cfbaff5963494212fcc047116056fd7d66393346df0463aef7553af9,b5c5df19ecb1a3d61e01fbfae30f5774b8659d7b038f15ae93adee008130f7da,3,3042,3043,3044,9c1c49af7719cefb0359e08bf2a263d4ba59601117649a1d4ab9080502fdc961,inx_primary,xgboost,macro_precision,0.5989913486578812
phase1c_v3_20260903T215015Z_78649c4,5681e521cfbaff5963494212fcc047116056fd7d66393346df0463aef7553af9,b5c5df19ecb1a3d61e01fbfae30f5774b8659d7b038f15ae93adee008130f7da,3,3042,3043,3044,9c1c49af7719cefb0359e08bf2a263d4ba59601117649a1d4ab9080502fdc961,inx_primary,xgboost,macro_recall,0.6304727903727645
phase1c_v3_20260903T215015Z_78649c4,5681e521cfbaff5963494212fcc047116056fd7d66393346df0463aef7553af9,b5c5df19ecb1a3d61e01fbfae30f5774b8659d7b038f15ae93adee008130f7da,3,3042,3043,3044,9c1c49af7719cefb0359e08bf2a263d4ba59601117649a1d4ab9080502fdc961,inx_primary,xgboost,multiclass_brier,0.3697657615263754
phase1c_v3_20260903T215015Z_78649c4,5681e521cfbaff5963494212fcc047116056fd7d66393346df0463aef7553af9,b5c5df19ecb1a3d61e01fbfae30f5774b8659d7b038f15ae93adee008130f7da,3,3042,3043,3044,9c1c49af7719cefb0359e08bf2a263d4ba59601117649a1d4ab9080502fdc961,inx_primary,xgboost,nll_log_loss,0.5857433607896589
phase1c_v3_20260903T215015Z_78649c4,5681e521cfbaff5963494212fcc047116056fd7d66393346df0463aef7553af9,b5c5df19ecb1a3d61e01fbfae30f5774b8659d7b038f15ae93adee008130f7da,3,3042,3043,3044,9c1c49af7719cefb0359e08bf2a263d4ba59601117649a1d4ab9080502fdc961,inx_primary,xgboost,ordinal_mae,0.25583333333333336
phase1c_v3_20260903T215015Z_78649c4,5681e521cfbaff5963494212fcc047116056fd7d66393346df0463aef7553af9,b5c5df19ecb1a3d61e01fbfae30f5774b8659d7b038f15ae93adee008130f7da,3,3042,3043,3044,9c1c49af7719cefb0359e08bf2a263d4ba59601117649a1d4ab9080502fdc961,inx_primary,xgboost,quadratic_weighted_kappa,0.5600530011175503
phase1c_v3_20260903T215015Z_78649c4,5681e521cfbaff5963494212fcc047116056fd7d66393346df0463aef7553af9,b5c5df19ecb1a3d61e01fbfae30f5774b8659d7b038f15ae93adee008130f7da,3,3042,3043,3044,9c1c49af7719cefb0359e08bf2a263d4ba59601117649a1d4ab9080502fdc961,inx_primary,xgboost,ranked_probability_score,0.09212810237899915
phase1c_v3_20260903T215015Z_78649c4,5681e521cfbaff5963494212fcc047116056fd7d66393346df0463aef7553af9,b5c5df19ecb1a3d61e01fbfae30f5774b8659d7b038f15ae93adee008130f7da,3,3042,3043,3044,9c1c49af7719cefb0359e08bf2a263d4ba59601117649a1d4ab9080502fdc961,inx_primary,xgboost,two_level_reversal_rate,0.0016666666666666668
phase1c_v3_20260903T215015Z_78649c4,5681e521cfbaff5963494212fcc047116056fd7d66393346df0463aef7553af9,b5c5df19ecb1a3d61e01fbfae30f5774b8659d7b038f15ae93adee008130f7da,3,3042,3043,3044,9c1c49af7719cefb0359e08bf2a263d4ba59601117649a1d4ab9080502fdc961,inx_primary,xgboost,weighted_f1,0.7542133533916872
phase1c_v3_20260903T215015Z_78649c4,5681e521cfbaff5963494212fcc047116056fd7d66393346df0463aef7553af9,b5c5df19ecb1a3d61e01fbfae30f5774b8659d7b038f15ae93adee008130f7da,3,3042,3043,3044,9c1c49af7719cefb0359e08bf2a263d4ba59601117649a1d4ab9080502fdc961,inx_primary,xgboost,weighted_precision,0.7659087330783623
phase1c_v3_20260903T215015Z_78649c4,5681e521cfbaff5963494212fcc047116056fd7d66393346df0463aef7553af9,b5c5df19ecb1a3d61e01fbfae30f5774b8659d7b038f15ae93adee008130f7da,3,3042,3043,3044,9c1c49af7719cefb0359e08bf2a263d4ba59601117649a1d4ab9080502fdc961,inx_primary,xgboost,weighted_recall,0.7458333333333333
phase1c_v3_20260903T215015Z_78649c4,5681e521cfbaff5963494212fcc047116056fd7d66393346df0463aef7553af9,b5c5df19ecb1a3d61e01fbfae30f5774b8659d7b038f15ae93adee008130f7da,4,4042,4043,4044,c0e273a90bf53ba2d0685207583bd788c1b1ac11411d7664fbb08a7785b697a2,inx_primary,cumulative_threshold_xgboost,accuracy,0.6891666666666667
phase1c_v3_20260903T215015Z_78649c4,5681e521cfbaff5963494212fcc047116056fd7d66393346df0463aef7553af9,b5c5df19ecb1a3d61e01fbfae30f5774b8659d7b038f15ae93adee008130f7da,4,4042,4043,4044,c0e273a90bf53ba2d0685207583bd788c1b1ac11411d7664fbb08a7785b697a2,inx_primary,cumulative_threshold_xgboost,adjacent_accuracy,0.9966666666666667
phase1c_v3_20260903T215015Z_78649c4,5681e521cfbaff5963494212fcc047116056fd7d66393346df0463aef7553af9,b5c5df19ecb1a3d61e01fbfae30f5774b8659d7b038f15ae93adee008130f7da,4,4042,4043,4044,c0e273a90bf53ba2d0685207583bd788c1b1ac11411d7664fbb08a7785b697a2,inx_primary,cumulative_threshold_xgboost,balanced_accuracy,0.6546543068754019
phase1c_v3_20260903T215015Z_78649c4,5681e521cfbaff5963494212fcc047116056fd7d66393346df0463aef7553af9,b5c5df19ecb1a3d61e01fbfae30f5774b8659d7b038f15ae93adee008130f7da,4,4042,4043,4044,c0e273a90bf53ba2d0685207583bd788c1b1ac11411d7664fbb08a7785b697a2,inx_primary,cumulative_threshold_xgboost,ece_confidence,0.05190318680639999
phase1c_v3_20260903T215015Z_78649c4,5681e521cfbaff5963494212fcc047116056fd7d66393346df0463aef7553af9,b5c5df19ecb1a3d61e01fbfae30f5774b8659d7b038f15ae93adee008130f7da,4,4042,4043,4044,c0e273a90bf53ba2d0685207583bd788c1b1ac11411d7664fbb08a7785b697a2,inx_primary,cumulative_threshold_xgboost,macro_f1,0.6137782856632232
phase1c_v3_20260903T215015Z_78649c4,5681e521cfbaff5963494212fcc047116056fd7d66393346df0463aef7553af9,b5c5df19ecb1a3d61e01fbfae30f5774b8659d7b038f15ae93adee008130f7da,4,4042,4043,4044,c0e273a90bf53ba2d0685207583bd788c1b1ac11411d7664fbb08a7785b697a2,inx_primary,cumulative_threshold_xgboost,macro_precision,0.6044579073710132
phase1c_v3_20260903T215015Z_78649c4,5681e521cfbaff5963494212fcc047116056fd7d66393346df0463aef7553af9,b5c5df19ecb1a3d61e01fbfae30f5774b8659d7b038f15ae93adee008130f7da,4,4042,4043,4044,c0e273a90bf53ba2d0685207583bd788c1b1ac11411d7664fbb08a7785b697a2,inx_primary,cumulative_threshold_xgboost,macro_recall,0.6546543068754019
phase1c_v3_20260903T215015Z_78649c4,5681e521cfbaff5963494212fcc047116056fd7d66393346df0463aef7553af9,b5c5df19ecb1a3d61e01fbfae30f5774b8659d7b038f15ae93adee008130f7da,4,4042,4043,4044,c0e273a90bf53ba2d0685207583bd788c1b1ac11411d7664fbb08a7785b697a2,inx_primary,cumulative_threshold_xgboost,multiclass_brier,0.41289116672114107
phase1c_v3_20260903T215015Z_78649c4,5681e521cfbaff5963494212fcc047116056fd7d66393346df0463aef7553af9,b5c5df19ecb1a3d61e01fbfae30f5774b8659d7b038f15ae93adee008130f7da,4,4042,4043,4044,c0e273a90bf53ba2d0685207583bd788c1b1ac11411d7664fbb08a7785b697a2,inx_primary,cumulative_threshold_xgboost,nll_log_loss,1.360817137153919
phase1c_v3_20260903T215015Z_78649c4,5681e521cfbaff5963494212fcc047116056fd7d66393346df0463aef7553af9,b5c5df19ecb1a3d61e01fbfae30f5774b8659d7b038f15ae93adee008130f7da,4,4042,4043,4044,c0e273a90bf53ba2d0685207583bd788c1b1ac11411d7664fbb08a7785b697a2,inx_primary,cumulative_threshold_xgboost,ordinal_mae,0.31416666666666665
phase1c_v3_20260903T215015Z_78649c4,5681e521cfbaff5963494212fcc047116056fd7d66393346df0463aef7553af9,b5c5df19ecb1a3d61e01fbfae30f5774b8659d7b038f15ae93adee008130f7da,4,4042,4043,4044,c0e273a90bf53ba2d0685207583bd788c1b1ac11411d7664fbb08a7785b697a2,inx_primary,cumulative_threshold_xgboost,quadratic_weighted_kappa,0.5380609759511745
phase1c_v3_20260903T215015Z_78649c4,5681e521cfbaff5963494212fcc047116056fd7d66393346df0463aef7553af9,b5c5df19ecb1a3d61e01fbfae30f5774b8659d7b038f15ae93adee008130f7da,4,4042,4043,4044,c0e273a90bf53ba2d0685207583bd788c1b1ac11411d7664fbb08a7785b697a2,inx_primary,cumulative_threshold_xgboost,ranked_probability_score,0.10230858015926898
phase1c_v3_20260903T215015Z_78649c4,5681e521cfbaff5963494212fcc047116056fd7d66393346df0463aef7553af9,b5c5df19ecb1a3d61e01fbfae30f5774b8659d7b038f15ae93adee008130f7da,4,4042,4043,4044,c0e273a90bf53ba2d0685207583bd788c1b1ac11411d7664fbb08a7785b697a2,inx_primary,cumulative_threshold_xgboost,two_level_reversal_rate,0.0033333333333333335
phase1c_v3_20260903T215015Z_78649c4,5681e521cfbaff5963494212fcc047116056fd7d66393346df0463aef7553af9,b5c5df19ecb1a3d61e01fbfae30f5774b8659d7b038f15ae93adee008130f7da,4,4042,4043,4044,c0e273a90bf53ba2d0685207583bd788c1b1ac11411d7664fbb08a7785b697a2,inx_primary,cumulative_threshold_xgboost,weighted_f1,0.7195125733526504
phase1c_v3_20260903T215015Z_78649c4,5681e521cfbaff5963494212fcc047116056fd7d66393346df0463aef7553af9,b5c5df19ecb1a3d61e01fbfae30f5774b8659d7b038f15ae93adee008130f7da,4,4042,4043,4044,c0e273a90bf53ba2d0685207583bd788c1b1ac11411d7664fbb08a7785b697a2,inx_primary,cumulative_threshold_xgboost,weighted_precision,0.7730742325480645
phase1c_v3_20260903T215015Z_78649c4,5681e521cfbaff5963494212fcc047116056fd7d66393346df0463aef7553af9,b5c5df19ecb1a3d61e01fbfae30f5774b8659d7b038f15ae93adee008130f7da,4,4042,4043,4044,c0e273a90bf53ba2d0685207583bd788c1b1ac11411d7664fbb08a7785b697a2,inx_primary,cumulative_threshold_xgboost,weighted_recall,0.6891666666666667
phase1c_v3_20260903T215015Z_78649c4,5681e521cfbaff5963494212fcc047116056fd7d66393346df0463aef7553af9,b5c5df19ecb1a3d61e01fbfae30f5774b8659d7b038f15ae93adee008130f7da,4,4042,4043,4044,c0e273a90bf53ba2d0685207583bd788c1b1ac11411d7664fbb08a7785b697a2,inx_primary,lightgbm,accuracy,0.8191666666666667
phase1c_v3_20260903T215015Z_78649c4,5681e521cfbaff5963494212fcc047116056fd7d66393346df0463aef7553af9,b5c5df19ecb1a3d61e01fbfae30f5774b8659d7b038f15ae93adee008130f7da,4,4042,4043,4044,c0e273a90bf53ba2d0685207583bd788c1b1ac11411d7664fbb08a7785b697a2,inx_primary,lightgbm,adjacent_accuracy,0.9983333333333333
phase1c_v3_20260903T215015Z_78649c4,5681e521cfbaff5963494212fcc047116056fd7d66393346df0463aef7553af9,b5c5df19ecb1a3d61e01fbfae30f5774b8659d7b038f15ae93adee008130f7da,4,4042,4043,4044,c0e273a90bf53ba2d0685207583bd788c1b1ac11411d7664fbb08a7785b697a2,inx_primary,lightgbm,balanced_accuracy,0.6549297142316558
phase1c_v3_20260903T215015Z_78649c4,5681e521cfbaff5963494212fcc047116056fd7d66393346df0463aef7553af9,b5c5df19ecb1a3d61e01fbfae30f5774b8659d7b038f15ae93adee008130f7da,4,4042,4043,4044,c0e273a90bf53ba2d0685207583bd788c1b1ac11411d7664fbb08a7785b697a2,inx_primary,lightgbm,ece_confidence,0.09226257421304351
phase1c_v3_20260903T215015Z_78649c4,5681e521cfbaff5963494212fcc047116056fd7d66393346df0463aef7553af9,b5c5df19ecb1a3d61e01fbfae30f5774b8659d7b038f15ae93adee008130f7da,4,4042,4043,4044,c0e273a90bf53ba2d0685207583bd788c1b1ac11411d7664fbb08a7785b697a2,inx_primary,lightgbm,macro_f1,0.6440674743793099
phase1c_v3_20260903T215015Z_78649c4,5681e521cfbaff5963494212fcc047116056fd7d66393346df0463aef7553af9,b5c5df19ecb1a3d61e01fbfae30f5774b8659d7b038f15ae93adee008130f7da,4,4042,4043,4044,c0e273a90bf53ba2d0685207583bd788c1b1ac11411d7664fbb08a7785b697a2,inx_primary,lightgbm,macro_precision,0.6503523219639963
phase1c_v3_20260903T215015Z_78649c4,5681e521cfbaff5963494212fcc047116056fd7d66393346df0463aef7553af9,b5c5df19ecb1a3d61e01fbfae30f5774b8659d7b038f15ae93adee008130f7da,4,4042,4043,4044,c0e273a90bf53ba2d0685207583bd788c1b1ac11411d7664fbb08a7785b697a2,inx_primary,lightgbm,macro_recall,0.6549297142316558
phase1c_v3_20260903T215015Z_78649c4,5681e521cfbaff5963494212fcc047116056fd7d66393346df0463aef7553af9,b5c5df19ecb1a3d61e01fbfae30f5774b8659d7b038f15ae93adee008130f7da,4,4042,4043,4044,c0e273a90bf53ba2d0685207583bd788c1b1ac11411d7664fbb08a7785b697a2,inx_primary,lightgbm,multiclass_brier,0.30405559159314727
phase1c_v3_20260903T215015Z_78649c4,5681e521cfbaff5963494212fcc047116056fd7d66393346df0463aef7553af9,b5c5df19ecb1a3d61e01fbfae30f5774b8659d7b038f15ae93adee008130f7da,4,4042,4043,4044,c0e273a90bf53ba2d0685207583bd788c1b1ac11411d7664fbb08a7785b697a2,inx_primary,lightgbm,nll_log_loss,0.6054383589385386
phase1c_v3_20260903T215015Z_78649c4,5681e521cfbaff5963494212fcc047116056fd7d66393346df0463aef7553af9,b5c5df19ecb1a3d61e01fbfae30f5774b8659d7b038f15ae93adee008130f7da,4,4042,4043,4044,c0e273a90bf53ba2d0685207583bd788c1b1ac11411d7664fbb08a7785b697a2,inx_primary,lightgbm,ordinal_mae,0.1825
phase1c_v3_20260903T215015Z_78649c4,5681e521cfbaff5963494212fcc047116056fd7d66393346df0463aef7553af9,b5c5df19ecb1a3d61e01fbfae30f5774b8659d7b038f15ae93adee008130f7da,4,4042,4043,4044,c0e273a90bf53ba2d0685207583bd788c1b1ac11411d7664fbb08a7785b697a2,inx_primary,lightgbm,quadratic_weighted_kappa,0.6278309050551578
phase1c_v3_20260903T215015Z_78649c4,5681e521cfbaff5963494212fcc047116056fd7d66393346df0463aef7553af9,b5c5df19ecb1a3d61e01fbfae30f5774b8659d7b038f15ae93adee008130f7da,4,4042,4043,4044,c0e273a90bf53ba2d0685207583bd788c1b1ac11411d7664fbb08a7785b697a2,inx_primary,lightgbm,ranked_probability_score,0.07679565031557424
phase1c_v3_20260903T215015Z_78649c4,5681e521cfbaff5963494212fcc047116056fd7d66393346df0463aef7553af9,b5c5df19ecb1a3d61e01fbfae30f5774b8659d7b038f15ae93adee008130f7da,4,4042,4043,4044,c0e273a90bf53ba2d0685207583bd788c1b1ac11411d7664fbb08a7785b697a2,inx_primary,lightgbm,two_level_reversal_rate,0.0016666666666666668
phase1c_v3_20260903T215015Z_78649c4,5681e521cfbaff5963494212fcc047116056fd7d66393346df0463aef7553af9,b5c5df19ecb1a3d61e01fbfae30f5774b8659d7b038f15ae93adee008130f7da,4,4042,4043,4044,c0e273a90bf53ba2d0685207583bd788c1b1ac11411d7664fbb08a7785b697a2,inx_primary,lightgbm,weighted_f1,0.800968756819997
phase1c_v3_20260903T215015Z_78649c4,5681e521cfbaff5963494212fcc047116056fd7d66393346df0463aef7553af9,b5c5df19ecb1a3d61e01fbfae30f5774b8659d7b038f15ae93adee008130f7da,4,4042,4043,4044,c0e273a90bf53ba2d0685207583bd788c1b1ac11411d7664fbb08a7785b697a2,inx_primary,lightgbm,weighted_precision,0.7892758566738357
phase1c_v3_20260903T215015Z_78649c4,5681e521cfbaff5963494212fcc047116056fd7d66393346df0463aef7553af9,b5c5df19ecb1a3d61e01fbfae30f5774b8659d7b038f15ae93adee008130f7da,4,4042,4043,4044,c0e273a90bf53ba2d0685207583bd788c1b1ac11411d7664fbb08a7785b697a2,inx_primary,lightgbm,weighted_recall,0.8191666666666667
phase1c_v3_20260903T215015Z_78649c4,5681e521cfbaff5963494212fcc047116056fd7d66393346df0463aef7553af9,b5c5df19ecb1a3d61e01fbfae30f5774b8659d7b038f15ae93adee008130f7da,4,4042,4043,4044,c0e273a90bf53ba2d0685207583bd788c1b1ac11411d7664fbb08a7785b697a2,inx_primary,logistic_regression,accuracy,0.6733333333333333
phase1c_v3_20260903T215015Z_78649c4,5681e521cfbaff5963494212fcc047116056fd7d66393346df0463aef7553af9,b5c5df19ecb1a3d61e01fbfae30f5774b8659d7b038f15ae93adee008130f7da,4,4042,4043,4044,c0e273a90bf53ba2d0685207583bd788c1b1ac11411d7664fbb08a7785b697a2,inx_primary,logistic_regression,adjacent_accuracy,0.9883333333333333
phase1c_v3_20260903T215015Z_78649c4,5681e521cfbaff5963494212fcc047116056fd7d66393346df0463aef7553af9,b5c5df19ecb1a3d61e01fbfae30f5774b8659d7b038f15ae93adee008130f7da,4,4042,4043,4044,c0e273a90bf53ba2d0685207583bd788c1b1ac11411d7664fbb08a7785b697a2,inx_primary,logistic_regression,balanced_accuracy,0.5208157443171244
phase1c_v3_20260903T215015Z_78649c4,5681e521cfbaff5963494212fcc047116056fd7d66393346df0463aef7553af9,b5c5df19ecb1a3d61e01fbfae30f5774b8659d7b038f15ae93adee008130f7da,4,4042,4043,4044,c0e273a90bf53ba2d0685207583bd788c1b1ac11411d7664fbb08a7785b697a2,inx_primary,logistic_regression,ece_confidence,0.07213748872583342
phase1c_v3_20260903T215015Z_78649c4,5681e521cfbaff5963494212fcc047116056fd7d66393346df0463aef7553af9,b5c5df19ecb1a3d61e01fbfae30f5774b8659d7b038f15ae93adee008130f7da,4,4042,4043,4044,c0e273a90bf53ba2d0685207583bd788c1b1ac11411d7664fbb08a7785b697a2,inx_primary,logistic_regression,macro_f1,0.5066255305795941
phase1c_v3_20260903T215015Z_78649c4,5681e521cfbaff5963494212fcc047116056fd7d66393346df0463aef7553af9,b5c5df19ecb1a3d61e01fbfae30f5774b8659d7b038f15ae93adee008130f7da,4,4042,4043,4044,c0e273a90bf53ba2d0685207583bd788c1b1ac11411d7664fbb08a7785b697a2,inx_primary,logistic_regression,macro_precision,0.49616699809219633
phase1c_v3_20260903T215015Z_78649c4,5681e521cfbaff5963494212fcc047116056fd7d66393346df0463aef7553af9,b5c5df19ecb1a3d61e01fbfae30f5774b8659d7b038f15ae93adee008130f7da,4,4042,4043,4044,c0e273a90bf53ba2d0685207583bd788c1b1ac11411d7664fbb08a7785b697a2,inx_primary,logistic_regression,macro_recall,0.5208157443171244
phase1c_v3_20260903T215015Z_78649c4,5681e521cfbaff5963494212fcc047116056fd7d66393346df0463aef7553af9,b5c5df19ecb1a3d61e01fbfae30f5774b8659d7b038f15ae93adee008130f7da,4,4042,4043,4044,c0e273a90bf53ba2d0685207583bd788c1b1ac11411d7664fbb08a7785b697a2,inx_primary,logistic_regression,multiclass_brier,0.44258296344615095
phase1c_v3_20260903T215015Z_78649c4,5681e521cfbaff5963494212fcc047116056fd7d66393346df0463aef7553af9,b5c5df19ecb1a3d61e01fbfae30f5774b8659d7b038f15ae93adee008130f7da,4,4042,4043,4044,c0e273a90bf53ba2d0685207583bd788c1b1ac11411d7664fbb08a7785b697a2,inx_primary,logistic_regression,nll_log_loss,0.7356061026279641
phase1c_v3_20260903T215015Z_78649c4,5681e521cfbaff5963494212fcc047116056fd7d66393346df0463aef7553af9,b5c5df19ecb1a3d61e01fbfae30f5774b8659d7b038f15ae93adee008130f7da,4,4042,4043,4044,c0e273a90bf53ba2d0685207583bd788c1b1ac11411d7664fbb08a7785b697a2,inx_primary,logistic_regression,ordinal_mae,0.3383333333333333
phase1c_v3_20260903T215015Z_78649c4,5681e521cfbaff5963494212fcc047116056fd7d66393346df0463aef7553af9,b5c5df19ecb1a3d61e01fbfae30f5774b8659d7b038f15ae93adee008130f7da,4,4042,4043,4044,c0e273a90bf53ba2d0685207583bd788c1b1ac11411d7664fbb08a7785b697a2,inx_primary,logistic_regression,quadratic_weighted_kappa,0.37165194729984075
phase1c_v3_20260903T215015Z_78649c4,5681e521cfbaff5963494212fcc047116056fd7d66393346df0463aef7553af9,b5c5df19ecb1a3d61e01fbfae30f5774b8659d7b038f15ae93adee008130f7da,4,4042,4043,4044,c0e273a90bf53ba2d0685207583bd788c1b1ac11411d7664fbb08a7785b697a2,inx_primary,logistic_regression,ranked_probability_score,0.11445966289486482
phase1c_v3_20260903T215015Z_78649c4,5681e521cfbaff5963494212fcc047116056fd7d66393346df0463aef7553af9,b5c5df19ecb1a3d61e01fbfae30f5774b8659d7b038f15ae93adee008130f7da,4,4042,4043,4044,c0e273a90bf53ba2d0685207583bd788c1b1ac11411d7664fbb08a7785b697a2,inx_primary,logistic_regression,two_level_reversal_rate,0.011666666666666667
phase1c_v3_20260903T215015Z_78649c4,5681e521cfbaff5963494212fcc047116056fd7d66393346df0463aef7553af9,b5c5df19ecb1a3d61e01fbfae30f5774b8659d7b038f15ae93adee008130f7da,4,4042,4043,4044,c0e273a90bf53ba2d0685207583bd788c1b1ac11411d7664fbb08a7785b697a2,inx_primary,logistic_regression,weighted_f1,0.6788374699223441
phase1c_v3_20260903T215015Z_78649c4,5681e521cfbaff5963494212fcc047116056fd7d66393346df0463aef7553af9,b5c5df19ecb1a3d61e01fbfae30f5774b8659d7b038f15ae93adee008130f7da,4,4042,4043,4044,c0e273a90bf53ba2d0685207583bd788c1b1ac11411d7664fbb08a7785b697a2,inx_primary,logistic_regression,weighted_precision,0.6868345395282273
phase1c_v3_20260903T215015Z_78649c4,5681e521cfbaff5963494212fcc047116056fd7d66393346df0463aef7553af9,b5c5df19ecb1a3d61e01fbfae30f5774b8659d7b038f15ae93adee008130f7da,4,4042,4043,4044,c0e273a90bf53ba2d0685207583bd788c1b1ac11411d7664fbb08a7785b697a2,inx_primary,logistic_regression,weighted_recall,0.6733333333333333
phase1c_v3_20260903T215015Z_78649c4,5681e521cfbaff5963494212fcc047116056fd7d66393346df0463aef7553af9,b5c5df19ecb1a3d61e01fbfae30f5774b8659d7b038f15ae93adee008130f7da,4,4042,4043,4044,c0e273a90bf53ba2d0685207583bd788c1b1ac11411d7664fbb08a7785b697a2,inx_primary,majority_baseline,accuracy,0.7283333333333334
phase1c_v3_20260903T215015Z_78649c4,5681e521cfbaff5963494212fcc047116056fd7d66393346df0463aef7553af9,b5c5df19ecb1a3d61e01fbfae30f5774b8659d7b038f15ae93adee008130f7da,4,4042,4043,4044,c0e273a90bf53ba2d0685207583bd788c1b1ac11411d7664fbb08a7785b697a2,inx_primary,majority_baseline,adjacent_accuracy,1.0
phase1c_v3_20260903T215015Z_78649c4,5681e521cfbaff5963494212fcc047116056fd7d66393346df0463aef7553af9,b5c5df19ecb1a3d61e01fbfae30f5774b8659d7b038f15ae93adee008130f7da,4,4042,4043,4044,c0e273a90bf53ba2d0685207583bd788c1b1ac11411d7664fbb08a7785b697a2,inx_primary,majority_baseline,balanced_accuracy,0.3333333333333333
phase1c_v3_20260903T215015Z_78649c4,5681e521cfbaff5963494212fcc047116056fd7d66393346df0463aef7553af9,b5c5df19ecb1a3d61e01fbfae30f5774b8659d7b038f15ae93adee008130f7da,4,4042,4043,4044,c0e273a90bf53ba2d0685207583bd788c1b1ac11411d7664fbb08a7785b697a2,inx_primary,majority_baseline,ece_confidence,0.2716666666666666
phase1c_v3_20260903T215015Z_78649c4,5681e521cfbaff5963494212fcc047116056fd7d66393346df0463aef7553af9,b5c5df19ecb1a3d61e01fbfae30f5774b8659d7b038f15ae93adee008130f7da,4,4042,4043,4044,c0e273a90bf53ba2d0685207583bd788c1b1ac11411d7664fbb08a7785b697a2,inx_primary,majority_baseline,macro_f1,0.2809386049501768
phase1c_v3_20260903T215015Z_78649c4,5681e521cfbaff5963494212fcc047116056fd7d66393346df0463aef7553af9,b5c5df19ecb1a3d61e01fbfae30f5774b8659d7b038f15ae93adee008130f7da,4,4042,4043,4044,c0e273a90bf53ba2d0685207583bd788c1b1ac11411d7664fbb08a7785b697a2,inx_primary,majority_baseline,macro_precision,0.2427777777777778
phase1c_v3_20260903T215015Z_78649c4,5681e521cfbaff5963494212fcc047116056fd7d66393346df0463aef7553af9,b5c5df19ecb1a3d61e01fbfae30f5774b8659d7b038f15ae93adee008130f7da,4,4042,4043,4044,c0e273a90bf53ba2d0685207583bd788c1b1ac11411d7664fbb08a7785b697a2,inx_primary,majority_baseline,macro_recall,0.3333333333333333
phase1c_v3_20260903T215015Z_78649c4,5681e521cfbaff5963494212fcc047116056fd7d66393346df0463aef7553af9,b5c5df19ecb1a3d61e01fbfae30f5774b8659d7b038f15ae93adee008130f7da,4,4042,4043,4044,c0e273a90bf53ba2d0685207583bd788c1b1ac11411d7664fbb08a7785b697a2,inx_primary,majority_baseline,multiclass_brier,0.5433333333333333
phase1c_v3_20260903T215015Z_78649c4,5681e521cfbaff5963494212fcc047116056fd7d66393346df0463aef7553af9,b5c5df19ecb1a3d61e01fbfae30f5774b8659d7b038f15ae93adee008130f7da,4,4042,4043,4044,c0e273a90bf53ba2d0685207583bd788c1b1ac11411d7664fbb08a7785b697a2,inx_primary,majority_baseline,nll_log_loss,9.791859170710161
phase1c_v3_20260903T215015Z_78649c4,5681e521cfbaff5963494212fcc047116056fd7d66393346df0463aef7553af9,b5c5df19ecb1a3d61e01fbfae30f5774b8659d7b038f15ae93adee008130f7da,4,4042,4043,4044,c0e273a90bf53ba2d0685207583bd788c1b1ac11411d7664fbb08a7785b697a2,inx_primary,majority_baseline,ordinal_mae,0.27166666666666667
phase1c_v3_20260903T215015Z_78649c4,5681e521cfbaff5963494212fcc047116056fd7d66393346df0463aef7553af9,b5c5df19ecb1a3d61e01fbfae30f5774b8659d7b038f15ae93adee008130f7da,4,4042,4043,4044,c0e273a90bf53ba2d0685207583bd788c1b1ac11411d7664fbb08a7785b697a2,inx_primary,majority_baseline,quadratic_weighted_kappa,0.0
phase1c_v3_20260903T215015Z_78649c4,5681e521cfbaff5963494212fcc047116056fd7d66393346df0463aef7553af9,b5c5df19ecb1a3d61e01fbfae30f5774b8659d7b038f15ae93adee008130f7da,4,4042,4043,4044,c0e273a90bf53ba2d0685207583bd788c1b1ac11411d7664fbb08a7785b697a2,inx_primary,majority_baseline,ranked_probability_score,0.13583333333333333
phase1c_v3_20260903T215015Z_78649c4,5681e521cfbaff5963494212fcc047116056fd7d66393346df0463aef7553af9,b5c5df19ecb1a3d61e01fbfae30f5774b8659d7b038f15ae93adee008130f7da,4,4042,4043,4044,c0e273a90bf53ba2d0685207583bd788c1b1ac11411d7664fbb08a7785b697a2,inx_primary,majority_baseline,two_level_reversal_rate,0.0
phase1c_v3_20260903T215015Z_78649c4,5681e521cfbaff5963494212fcc047116056fd7d66393346df0463aef7553af9,b5c5df19ecb1a3d61e01fbfae30f5774b8659d7b038f15ae93adee008130f7da,4,4042,4043,4044,c0e273a90bf53ba2d0685207583bd788c1b1ac11411d7664fbb08a7785b697a2,inx_primary,majority_baseline,weighted_f1,0.6138508518161363
phase1c_v3_20260903T215015Z_78649c4,5681e521cfbaff5963494212fcc047116056fd7d66393346df0463aef7553af9,b5c5df19ecb1a3d61e01fbfae30f5774b8659d7b038f15ae93adee008130f7da,4,4042,4043,4044,c0e273a90bf53ba2d0685207583bd788c1b1ac11411d7664fbb08a7785b697a2,inx_primary,majority_baseline,weighted_precision,0.5304694444444444
phase1c_v3_20260903T215015Z_78649c4,5681e521cfbaff5963494212fcc047116056fd7d66393346df0463aef7553af9,b5c5df19ecb1a3d61e01fbfae30f5774b8659d7b038f15ae93adee008130f7da,4,4042,4043,4044,c0e273a90bf53ba2d0685207583bd788c1b1ac11411d7664fbb08a7785b697a2,inx_primary,majority_baseline,weighted_recall,0.7283333333333334
phase1c_v3_20260903T215015Z_78649c4,5681e521cfbaff5963494212fcc047116056fd7d66393346df0463aef7553af9,b5c5df19ecb1a3d61e01fbfae30f5774b8659d7b038f15ae93adee008130f7da,4,4042,4043,4044,c0e273a90bf53ba2d0685207583bd788c1b1ac11411d7664fbb08a7785b697a2,inx_primary,ordinal_median_baseline,accuracy,0.7283333333333334
phase1c_v3_20260903T215015Z_78649c4,5681e521cfbaff5963494212fcc047116056fd7d66393346df0463aef7553af9,b5c5df19ecb1a3d61e01fbfae30f5774b8659d7b038f15ae93adee008130f7da,4,4042,4043,4044,c0e273a90bf53ba2d0685207583bd788c1b1ac11411d7664fbb08a7785b697a2,inx_primary,ordinal_median_baseline,adjacent_accuracy,1.0
phase1c_v3_20260903T215015Z_78649c4,5681e521cfbaff5963494212fcc047116056fd7d66393346df0463aef7553af9,b5c5df19ecb1a3d61e01fbfae30f5774b8659d7b038f15ae93adee008130f7da,4,4042,4043,4044,c0e273a90bf53ba2d0685207583bd788c1b1ac11411d7664fbb08a7785b697a2,inx_primary,ordinal_median_baseline,balanced_accuracy,0.3333333333333333
phase1c_v3_20260903T215015Z_78649c4,5681e521cfbaff5963494212fcc047116056fd7d66393346df0463aef7553af9,b5c5df19ecb1a3d61e01fbfae30f5774b8659d7b038f15ae93adee008130f7da,4,4042,4043,4044,c0e273a90bf53ba2d0685207583bd788c1b1ac11411d7664fbb08a7785b697a2,inx_primary,ordinal_median_baseline,ece_confidence,0.2716666666666666
phase1c_v3_20260903T215015Z_78649c4,5681e521cfbaff5963494212fcc047116056fd7d66393346df0463aef7553af9,b5c5df19ecb1a3d61e01fbfae30f5774b8659d7b038f15ae93adee008130f7da,4,4042,4043,4044,c0e273a90bf53ba2d0685207583bd788c1b1ac11411d7664fbb08a7785b697a2,inx_primary,ordinal_median_baseline,macro_f1,0.2809386049501768
phase1c_v3_20260903T215015Z_78649c4,5681e521cfbaff5963494212fcc047116056fd7d66393346df0463aef7553af9,b5c5df19ecb1a3d61e01fbfae30f5774b8659d7b038f15ae93adee008130f7da,4,4042,4043,4044,c0e273a90bf53ba2d0685207583bd788c1b1ac11411d7664fbb08a7785b697a2,inx_primary,ordinal_median_baseline,macro_precision,0.2427777777777778
phase1c_v3_20260903T215015Z_78649c4,5681e521cfbaff5963494212fcc047116056fd7d66393346df0463aef7553af9,b5c5df19ecb1a3d61e01fbfae30f5774b8659d7b038f15ae93adee008130f7da,4,4042,4043,4044,c0e273a90bf53ba2d0685207583bd788c1b1ac11411d7664fbb08a7785b697a2,inx_primary,ordinal_median_baseline,macro_recall,0.3333333333333333
phase1c_v3_20260903T215015Z_78649c4,5681e521cfbaff5963494212fcc047116056fd7d66393346df0463aef7553af9,b5c5df19ecb1a3d61e01fbfae30f5774b8659d7b038f15ae93adee008130f7da,4,4042,4043,4044,c0e273a90bf53ba2d0685207583bd788c1b1ac11411d7664fbb08a7785b697a2,inx_primary,ordinal_median_baseline,multiclass_brier,0.5433333333333333
phase1c_v3_20260903T215015Z_78649c4,5681e521cfbaff5963494212fcc047116056fd7d66393346df0463aef7553af9,b5c5df19ecb1a3d61e01fbfae30f5774b8659d7b038f15ae93adee008130f7da,4,4042,4043,4044,c0e273a90bf53ba2d0685207583bd788c1b1ac11411d7664fbb08a7785b697a2,inx_primary,ordinal_median_baseline,nll_log_loss,9.791859170710161
phase1c_v3_20260903T215015Z_78649c4,5681e521cfbaff5963494212fcc047116056fd7d66393346df0463aef7553af9,b5c5df19ecb1a3d61e01fbfae30f5774b8659d7b038f15ae93adee008130f7da,4,4042,4043,4044,c0e273a90bf53ba2d0685207583bd788c1b1ac11411d7664fbb08a7785b697a2,inx_primary,ordinal_median_baseline,ordinal_mae,0.27166666666666667
phase1c_v3_20260903T215015Z_78649c4,5681e521cfbaff5963494212fcc047116056fd7d66393346df0463aef7553af9,b5c5df19ecb1a3d61e01fbfae30f5774b8659d7b038f15ae93adee008130f7da,4,4042,4043,4044,c0e273a90bf53ba2d0685207583bd788c1b1ac11411d7664fbb08a7785b697a2,inx_primary,ordinal_median_baseline,quadratic_weighted_kappa,0.0
phase1c_v3_20260903T215015Z_78649c4,5681e521cfbaff5963494212fcc047116056fd7d66393346df0463aef7553af9,b5c5df19ecb1a3d61e01fbfae30f5774b8659d7b038f15ae93adee008130f7da,4,4042,4043,4044,c0e273a90bf53ba2d0685207583bd788c1b1ac11411d7664fbb08a7785b697a2,inx_primary,ordinal_median_baseline,ranked_probability_score,0.13583333333333333
phase1c_v3_20260903T215015Z_78649c4,5681e521cfbaff5963494212fcc047116056fd7d66393346df0463aef7553af9,b5c5df19ecb1a3d61e01fbfae30f5774b8659d7b038f15ae93adee008130f7da,4,4042,4043,4044,c0e273a90bf53ba2d0685207583bd788c1b1ac11411d7664fbb08a7785b697a2,inx_primary,ordinal_median_baseline,two_level_reversal_rate,0.0
phase1c_v3_20260903T215015Z_78649c4,5681e521cfbaff5963494212fcc047116056fd7d66393346df0463aef7553af9,b5c5df19ecb1a3d61e01fbfae30f5774b8659d7b038f15ae93adee008130f7da,4,4042,4043,4044,c0e273a90bf53ba2d0685207583bd788c1b1ac11411d7664fbb08a7785b697a2,inx_primary,ordinal_median_baseline,weighted_f1,0.6138508518161363
phase1c_v3_20260903T215015Z_78649c4,5681e521cfbaff5963494212fcc047116056fd7d66393346df0463aef7553af9,b5c5df19ecb1a3d61e01fbfae30f5774b8659d7b038f15ae93adee008130f7da,4,4042,4043,4044,c0e273a90bf53ba2d0685207583bd788c1b1ac11411d7664fbb08a7785b697a2,inx_primary,ordinal_median_baseline,weighted_precision,0.5304694444444444
phase1c_v3_20260903T215015Z_78649c4,5681e521cfbaff5963494212fcc047116056fd7d66393346df0463aef7553af9,b5c5df19ecb1a3d61e01fbfae30f5774b8659d7b038f15ae93adee008130f7da,4,4042,4043,4044,c0e273a90bf53ba2d0685207583bd788c1b1ac11411d7664fbb08a7785b697a2,inx_primary,ordinal_median_baseline,weighted_recall,0.7283333333333334
phase1c_v3_20260903T215015Z_78649c4,5681e521cfbaff5963494212fcc047116056fd7d66393346df0463aef7553af9,b5c5df19ecb1a3d61e01fbfae30f5774b8659d7b038f15ae93adee008130f7da,4,4042,4043,4044,c0e273a90bf53ba2d0685207583bd788c1b1ac11411d7664fbb08a7785b697a2,inx_primary,proportional_odds_logistic,accuracy,0.5408333333333334
phase1c_v3_20260903T215015Z_78649c4,5681e521cfbaff5963494212fcc047116056fd7d66393346df0463aef7553af9,b5c5df19ecb1a3d61e01fbfae30f5774b8659d7b038f15ae93adee008130f7da,4,4042,4043,4044,c0e273a90bf53ba2d0685207583bd788c1b1ac11411d7664fbb08a7785b697a2,inx_primary,proportional_odds_logistic,adjacent_accuracy,0.9883333333333333
phase1c_v3_20260903T215015Z_78649c4,5681e521cfbaff5963494212fcc047116056fd7d66393346df0463aef7553af9,b5c5df19ecb1a3d61e01fbfae30f5774b8659d7b038f15ae93adee008130f7da,4,4042,4043,4044,c0e273a90bf53ba2d0685207583bd788c1b1ac11411d7664fbb08a7785b697a2,inx_primary,proportional_odds_logistic,balanced_accuracy,0.5574064979217259
phase1c_v3_20260903T215015Z_78649c4,5681e521cfbaff5963494212fcc047116056fd7d66393346df0463aef7553af9,b5c5df19ecb1a3d61e01fbfae30f5774b8659d7b038f15ae93adee008130f7da,4,4042,4043,4044,c0e273a90bf53ba2d0685207583bd788c1b1ac11411d7664fbb08a7785b697a2,inx_primary,proportional_odds_logistic,ece_confidence,0.19391281108593994
phase1c_v3_20260903T215015Z_78649c4,5681e521cfbaff5963494212fcc047116056fd7d66393346df0463aef7553af9,b5c5df19ecb1a3d61e01fbfae30f5774b8659d7b038f15ae93adee008130f7da,4,4042,4043,4044,c0e273a90bf53ba2d0685207583bd788c1b1ac11411d7664fbb08a7785b697a2,inx_primary,proportional_odds_logistic,macro_f1,0.483779694325212
phase1c_v3_20260903T215015Z_78649c4,5681e521cfbaff5963494212fcc047116056fd7d66393346df0463aef7553af9,b5c5df19ecb1a3d61e01fbfae30f5774b8659d7b038f15ae93adee008130f7da,4,4042,4043,4044,c0e273a90bf53ba2d0685207583bd788c1b1ac11411d7664fbb08a7785b697a2,inx_primary,proportional_odds_logistic,macro_precision,0.4850640125737116
phase1c_v3_20260903T215015Z_78649c4,5681e521cfbaff5963494212fcc047116056fd7d66393346df0463aef7553af9,b5c5df19ecb1a3d61e01fbfae30f5774b8659d7b038f15ae93adee008130f7da,4,4042,4043,4044,c0e273a90bf53ba2d0685207583bd788c1b1ac11411d7664fbb08a7785b697a2,inx_primary,proportional_odds_logistic,macro_recall,0.5574064979217259
phase1c_v3_20260903T215015Z_78649c4,5681e521cfbaff5963494212fcc047116056fd7d66393346df0463aef7553af9,b5c5df19ecb1a3d61e01fbfae30f5774b8659d7b038f15ae93adee008130f7da,4,4042,4043,4044,c0e273a90bf53ba2d0685207583bd788c1b1ac11411d7664fbb08a7785b697a2,inx_primary,proportional_odds_logistic,multiclass_brier,0.5975494881121691
phase1c_v3_20260903T215015Z_78649c4,5681e521cfbaff5963494212fcc047116056fd7d66393346df0463aef7553af9,b5c5df19ecb1a3d61e01fbfae30f5774b8659d7b038f15ae93adee008130f7da,4,4042,4043,4044,c0e273a90bf53ba2d0685207583bd788c1b1ac11411d7664fbb08a7785b697a2,inx_primary,proportional_odds_logistic,nll_log_loss,0.9221870873009762
phase1c_v3_20260903T215015Z_78649c4,5681e521cfbaff5963494212fcc047116056fd7d66393346df0463aef7553af9,b5c5df19ecb1a3d61e01fbfae30f5774b8659d7b038f15ae93adee008130f7da,4,4042,4043,4044,c0e273a90bf53ba2d0685207583bd788c1b1ac11411d7664fbb08a7785b697a2,inx_primary,proportional_odds_logistic,ordinal_mae,0.4708333333333333
phase1c_v3_20260903T215015Z_78649c4,5681e521cfbaff5963494212fcc047116056fd7d66393346df0463aef7553af9,b5c5df19ecb1a3d61e01fbfae30f5774b8659d7b038f15ae93adee008130f7da,4,4042,4043,4044,c0e273a90bf53ba2d0685207583bd788c1b1ac11411d7664fbb08a7785b697a2,inx_primary,proportional_odds_logistic,quadratic_weighted_kappa,0.3870864383830658
phase1c_v3_20260903T215015Z_78649c4,5681e521cfbaff5963494212fcc047116056fd7d66393346df0463aef7553af9,b5c5df19ecb1a3d61e01fbfae30f5774b8659d7b038f15ae93adee008130f7da,4,4042,4043,4044,c0e273a90bf53ba2d0685207583bd788c1b1ac11411d7664fbb08a7785b697a2,inx_primary,proportional_odds_logistic,ranked_probability_score,0.14677691846666596
phase1c_v3_20260903T215015Z_78649c4,5681e521cfbaff5963494212fcc047116056fd7d66393346df0463aef7553af9,b5c5df19ecb1a3d61e01fbfae30f5774b8659d7b038f15ae93adee008130f7da,4,4042,4043,4044,c0e273a90bf53ba2d0685207583bd788c1b1ac11411d7664fbb08a7785b697a2,inx_primary,proportional_odds_logistic,two_level_reversal_rate,0.011666666666666667
phase1c_v3_20260903T215015Z_78649c4,5681e521cfbaff5963494212fcc047116056fd7d66393346df0463aef7553af9,b5c5df19ecb1a3d61e01fbfae30f5774b8659d7b038f15ae93adee008130f7da,4,4042,4043,4044,c0e273a90bf53ba2d0685207583bd788c1b1ac11411d7664fbb08a7785b697a2,inx_primary,proportional_odds_logistic,weighted_f1,0.5778030303449865
phase1c_v3_20260903T215015Z_78649c4,5681e521cfbaff5963494212fcc047116056fd7d66393346df0463aef7553af9,b5c5df19ecb1a3d61e01fbfae30f5774b8659d7b038f15ae93adee008130f7da,4,4042,4043,4044,c0e273a90bf53ba2d0685207583bd788c1b1ac11411d7664fbb08a7785b697a2,inx_primary,proportional_odds_logistic,weighted_precision,0.6792960761884362
phase1c_v3_20260903T215015Z_78649c4,5681e521cfbaff5963494212fcc047116056fd7d66393346df0463aef7553af9,b5c5df19ecb1a3d61e01fbfae30f5774b8659d7b038f15ae93adee008130f7da,4,4042,4043,4044,c0e273a90bf53ba2d0685207583bd788c1b1ac11411d7664fbb08a7785b697a2,inx_primary,proportional_odds_logistic,weighted_recall,0.5408333333333334
phase1c_v3_20260903T215015Z_78649c4,5681e521cfbaff5963494212fcc047116056fd7d66393346df0463aef7553af9,b5c5df19ecb1a3d61e01fbfae30f5774b8659d7b038f15ae93adee008130f7da,4,4042,4043,4044,c0e273a90bf53ba2d0685207583bd788c1b1ac11411d7664fbb08a7785b697a2,inx_primary,random_forest,accuracy,0.84
phase1c_v3_20260903T215015Z_78649c4,5681e521cfbaff5963494212fcc047116056fd7d66393346df0463aef7553af9,b5c5df19ecb1a3d61e01fbfae30f5774b8659d7b038f15ae93adee008130f7da,4,4042,4043,4044,c0e273a90bf53ba2d0685207583bd788c1b1ac11411d7664fbb08a7785b697a2,inx_primary,random_forest,adjacent_accuracy,0.9983333333333333
phase1c_v3_20260903T215015Z_78649c4,5681e521cfbaff5963494212fcc047116056fd7d66393346df0463aef7553af9,b5c5df19ecb1a3d61e01fbfae30f5774b8659d7b038f15ae93adee008130f7da,4,4042,4043,4044,c0e273a90bf53ba2d0685207583bd788c1b1ac11411d7664fbb08a7785b697a2,inx_primary,random_forest,balanced_accuracy,0.6301625922105292
phase1c_v3_20260903T215015Z_78649c4,5681e521cfbaff5963494212fcc047116056fd7d66393346df0463aef7553af9,b5c5df19ecb1a3d61e01fbfae30f5774b8659d7b038f15ae93adee008130f7da,4,4042,4043,4044,c0e273a90bf53ba2d0685207583bd788c1b1ac11411d7664fbb08a7785b697a2,inx_primary,random_forest,ece_confidence,0.24246685131652615
phase1c_v3_20260903T215015Z_78649c4,5681e521cfbaff5963494212fcc047116056fd7d66393346df0463aef7553af9,b5c5df19ecb1a3d61e01fbfae30f5774b8659d7b038f15ae93adee008130f7da,4,4042,4043,4044,c0e273a90bf53ba2d0685207583bd788c1b1ac11411d7664fbb08a7785b697a2,inx_primary,random_forest,macro_f1,0.5998938976154877
phase1c_v3_20260903T215015Z_78649c4,5681e521cfbaff5963494212fcc047116056fd7d66393346df0463aef7553af9,b5c5df19ecb1a3d61e01fbfae30f5774b8659d7b038f15ae93adee008130f7da,4,4042,4043,4044,c0e273a90bf53ba2d0685207583bd788c1b1ac11411d7664fbb08a7785b697a2,inx_primary,random_forest,macro_precision,0.6532040304767578
phase1c_v3_20260903T215015Z_78649c4,5681e521cfbaff5963494212fcc047116056fd7d66393346df0463aef7553af9,b5c5df19ecb1a3d61e01fbfae30f5774b8659d7b038f15ae93adee008130f7da,4,4042,4043,4044,c0e273a90bf53ba2d0685207583bd788c1b1ac11411d7664fbb08a7785b697a2,inx_primary,random_forest,macro_recall,0.6301625922105292
phase1c_v3_20260903T215015Z_78649c4,5681e521cfbaff5963494212fcc047116056fd7d66393346df0463aef7553af9,b5c5df19ecb1a3d61e01fbfae30f5774b8659d7b038f15ae93adee008130f7da,4,4042,4043,4044,c0e273a90bf53ba2d0685207583bd788c1b1ac11411d7664fbb08a7785b697a2,inx_primary,random_forest,multiclass_brier,0.36899818415671976
phase1c_v3_20260903T215015Z_78649c4,5681e521cfbaff5963494212fcc047116056fd7d66393346df0463aef7553af9,b5c5df19ecb1a3d61e01fbfae30f5774b8659d7b038f15ae93adee008130f7da,4,4042,4043,4044,c0e273a90bf53ba2d0685207583bd788c1b1ac11411d7664fbb08a7785b697a2,inx_primary,random_forest,nll_log_loss,0.6433465465472918
phase1c_v3_20260903T215015Z_78649c4,5681e521cfbaff5963494212fcc047116056fd7d66393346df0463aef7553af9,b5c5df19ecb1a3d61e01fbfae30f5774b8659d7b038f15ae93adee008130f7da,4,4042,4043,4044,c0e273a90bf53ba2d0685207583bd788c1b1ac11411d7664fbb08a7785b697a2,inx_primary,random_forest,ordinal_mae,0.16166666666666665
phase1c_v3_20260903T215015Z_78649c4,5681e521cfbaff5963494212fcc047116056fd7d66393346df0463aef7553af9,b5c5df19ecb1a3d61e01fbfae30f5774b8659d7b038f15ae93adee008130f7da,4,4042,4043,4044,c0e273a90bf53ba2d0685207583bd788c1b1ac11411d7664fbb08a7785b697a2,inx_primary,random_forest,quadratic_weighted_kappa,0.6306613276295172
phase1c_v3_20260903T215015Z_78649c4,5681e521cfbaff5963494212fcc047116056fd7d66393346df0463aef7553af9,b5c5df19ecb1a3d61e01fbfae30f5774b8659d7b038f15ae93adee008130f7da,4,4042,4043,4044,c0e273a90bf53ba2d0685207583bd788c1b1ac11411d7664fbb08a7785b697a2,inx_primary,random_forest,ranked_probability_score,0.08787817917630805
phase1c_v3_20260903T215015Z_78649c4,5681e521cfbaff5963494212fcc047116056fd7d66393346df0463aef7553af9,b5c5df19ecb1a3d61e01fbfae30f5774b8659d7b038f15ae93adee008130f7da,4,4042,4043,4044,c0e273a90bf53ba2d0685207583bd788c1b1ac11411d7664fbb08a7785b697a2,inx_primary,random_forest,two_level_reversal_rate,0.0016666666666666668
phase1c_v3_20260903T215015Z_78649c4,5681e521cfbaff5963494212fcc047116056fd7d66393346df0463aef7553af9,b5c5df19ecb1a3d61e01fbfae30f5774b8659d7b038f15ae93adee008130f7da,4,4042,4043,4044,c0e273a90bf53ba2d0685207583bd788c1b1ac11411d7664fbb08a7785b697a2,inx_primary,random_forest,weighted_f1,0.796981149316204
phase1c_v3_20260903T215015Z_78649c4,5681e521cfbaff5963494212fcc047116056fd7d66393346df0463aef7553af9,b5c5df19ecb1a3d61e01fbfae30f5774b8659d7b038f15ae93adee008130f7da,4,4042,4043,4044,c0e273a90bf53ba2d0685207583bd788c1b1ac11411d7664fbb08a7785b697a2,inx_primary,random_forest,weighted_precision,0.7848438996848087
phase1c_v3_20260903T215015Z_78649c4,5681e521cfbaff5963494212fcc047116056fd7d66393346df0463aef7553af9,b5c5df19ecb1a3d61e01fbfae30f5774b8659d7b038f15ae93adee008130f7da,4,4042,4043,4044,c0e273a90bf53ba2d0685207583bd788c1b1ac11411d7664fbb08a7785b697a2,inx_primary,random_forest,weighted_recall,0.84
phase1c_v3_20260903T215015Z_78649c4,5681e521cfbaff5963494212fcc047116056fd7d66393346df0463aef7553af9,b5c5df19ecb1a3d61e01fbfae30f5774b8659d7b038f15ae93adee008130f7da,4,4042,4043,4044,c0e273a90bf53ba2d0685207583bd788c1b1ac11411d7664fbb08a7785b697a2,inx_primary,stratified_baseline,accuracy,0.5533333333333333
phase1c_v3_20260903T215015Z_78649c4,5681e521cfbaff5963494212fcc047116056fd7d66393346df0463aef7553af9,b5c5df19ecb1a3d61e01fbfae30f5774b8659d7b038f15ae93adee008130f7da,4,4042,4043,4044,c0e273a90bf53ba2d0685207583bd788c1b1ac11411d7664fbb08a7785b697a2,inx_primary,stratified_baseline,adjacent_accuracy,0.9625
phase1c_v3_20260903T215015Z_78649c4,5681e521cfbaff5963494212fcc047116056fd7d66393346df0463aef7553af9,b5c5df19ecb1a3d61e01fbfae30f5774b8659d7b038f15ae93adee008130f7da,4,4042,4043,4044,c0e273a90bf53ba2d0685207583bd788c1b1ac11411d7664fbb08a7785b697a2,inx_primary,stratified_baseline,balanced_accuracy,0.33672889216780316
phase1c_v3_20260903T215015Z_78649c4,5681e521cfbaff5963494212fcc047116056fd7d66393346df0463aef7553af9,b5c5df19ecb1a3d61e01fbfae30f5774b8659d7b038f15ae93adee008130f7da,4,4042,4043,4044,c0e273a90bf53ba2d0685207583bd788c1b1ac11411d7664fbb08a7785b697a2,inx_primary,stratified_baseline,ece_confidence,0.44666666666666666
phase1c_v3_20260903T215015Z_78649c4,5681e521cfbaff5963494212fcc047116056fd7d66393346df0463aef7553af9,b5c5df19ecb1a3d61e01fbfae30f5774b8659d7b038f15ae93adee008130f7da,4,4042,4043,4044,c0e273a90bf53ba2d0685207583bd788c1b1ac11411d7664fbb08a7785b697a2,inx_primary,stratified_baseline,macro_f1,0.3357909788310194
phase1c_v3_20260903T215015Z_78649c4,5681e521cfbaff5963494212fcc047116056fd7d66393346df0463aef7553af9,b5c5df19ecb1a3d61e01fbfae30f5774b8659d7b038f15ae93adee008130f7da,4,4042,4043,4044,c0e273a90bf53ba2d0685207583bd788c1b1ac11411d7664fbb08a7785b697a2,inx_primary,stratified_baseline,macro_precision,0.3359898369371561
phase1c_v3_20260903T215015Z_78649c4,5681e521cfbaff5963494212fcc047116056fd7d66393346df0463aef7553af9,b5c5df19ecb1a3d61e01fbfae30f5774b8659d7b038f15ae93adee008130f7da,4,4042,4043,4044,c0e273a90bf53ba2d0685207583bd788c1b1ac11411d7664fbb08a7785b697a2,inx_primary,stratified_baseline,macro_recall,0.33672889216780316
phase1c_v3_20260903T215015Z_78649c4,5681e521cfbaff5963494212fcc047116056fd7d66393346df0463aef7553af9,b5c5df19ecb1a3d61e01fbfae30f5774b8659d7b038f15ae93adee008130f7da,4,4042,4043,4044,c0e273a90bf53ba2d0685207583bd788c1b1ac11411d7664fbb08a7785b697a2,inx_primary,stratified_baseline,multiclass_brier,0.8933333333333333
phase1c_v3_20260903T215015Z_78649c4,5681e521cfbaff5963494212fcc047116056fd7d66393346df0463aef7553af9,b5c5df19ecb1a3d61e01fbfae30f5774b8659d7b038f15ae93adee008130f7da,4,4042,4043,4044,c0e273a90bf53ba2d0685207583bd788c1b1ac11411d7664fbb08a7785b697a2,inx_primary,stratified_baseline,nll_log_loss,16.09949851380566
phase1c_v3_20260903T215015Z_78649c4,5681e521cfbaff5963494212fcc047116056fd7d66393346df0463aef7553af9,b5c5df19ecb1a3d61e01fbfae30f5774b8659d7b038f15ae93adee008130f7da,4,4042,4043,4044,c0e273a90bf53ba2d0685207583bd788c1b1ac11411d7664fbb08a7785b697a2,inx_primary,stratified_baseline,ordinal_mae,0.4841666666666667
phase1c_v3_20260903T215015Z_78649c4,5681e521cfbaff5963494212fcc047116056fd7d66393346df0463aef7553af9,b5c5df19ecb1a3d61e01fbfae30f5774b8659d7b038f15ae93adee008130f7da,4,4042,4043,4044,c0e273a90bf53ba2d0685207583bd788c1b1ac11411d7664fbb08a7785b697a2,inx_primary,stratified_baseline,quadratic_weighted_kappa,0.011748071853230124
phase1c_v3_20260903T215015Z_78649c4,5681e521cfbaff5963494212fcc047116056fd7d66393346df0463aef7553af9,b5c5df19ecb1a3d61e01fbfae30f5774b8659d7b038f15ae93adee008130f7da,4,4042,4043,4044,c0e273a90bf53ba2d0685207583bd788c1b1ac11411d7664fbb08a7785b697a2,inx_primary,stratified_baseline,ranked_probability_score,0.24208333333333334
phase1c_v3_20260903T215015Z_78649c4,5681e521cfbaff5963494212fcc047116056fd7d66393346df0463aef7553af9,b5c5df19ecb1a3d61e01fbfae30f5774b8659d7b038f15ae93adee008130f7da,4,4042,4043,4044,c0e273a90bf53ba2d0685207583bd788c1b1ac11411d7664fbb08a7785b697a2,inx_primary,stratified_baseline,two_level_reversal_rate,0.0375
phase1c_v3_20260903T215015Z_78649c4,5681e521cfbaff5963494212fcc047116056fd7d66393346df0463aef7553af9,b5c5df19ecb1a3d61e01fbfae30f5774b8659d7b038f15ae93adee008130f7da,4,4042,4043,4044,c0e273a90bf53ba2d0685207583bd788c1b1ac11411d7664fbb08a7785b697a2,inx_primary,stratified_baseline,weighted_f1,0.5614517164187334
phase1c_v3_20260903T215015Z_78649c4,5681e521cfbaff5963494212fcc047116056fd7d66393346df0463aef7553af9,b5c5df19ecb1a3d61e01fbfae30f5774b8659d7b038f15ae93adee008130f7da,4,4042,4043,4044,c0e273a90bf53ba2d0685207583bd788c1b1ac11411d7664fbb08a7785b697a2,inx_primary,stratified_baseline,weighted_precision,0.5704993497717595
phase1c_v3_20260903T215015Z_78649c4,5681e521cfbaff5963494212fcc047116056fd7d66393346df0463aef7553af9,b5c5df19ecb1a3d61e01fbfae30f5774b8659d7b038f15ae93adee008130f7da,4,4042,4043,4044,c0e273a90bf53ba2d0685207583bd788c1b1ac11411d7664fbb08a7785b697a2,inx_primary,stratified_baseline,weighted_recall,0.5533333333333333
phase1c_v3_20260903T215015Z_78649c4,5681e521cfbaff5963494212fcc047116056fd7d66393346df0463aef7553af9,b5c5df19ecb1a3d61e01fbfae30f5774b8659d7b038f15ae93adee008130f7da,4,4042,4043,4044,c0e273a90bf53ba2d0685207583bd788c1b1ac11411d7664fbb08a7785b697a2,inx_primary,xgboost,accuracy,0.7858333333333334
phase1c_v3_20260903T215015Z_78649c4,5681e521cfbaff5963494212fcc047116056fd7d66393346df0463aef7553af9,b5c5df19ecb1a3d61e01fbfae30f5774b8659d7b038f15ae93adee008130f7da,4,4042,4043,4044,c0e273a90bf53ba2d0685207583bd788c1b1ac11411d7664fbb08a7785b697a2,inx_primary,xgboost,adjacent_accuracy,0.9983333333333333
phase1c_v3_20260903T215015Z_78649c4,5681e521cfbaff5963494212fcc047116056fd7d66393346df0463aef7553af9,b5c5df19ecb1a3d61e01fbfae30f5774b8659d7b038f15ae93adee008130f7da,4,4042,4043,4044,c0e273a90bf53ba2d0685207583bd788c1b1ac11411d7664fbb08a7785b697a2,inx_primary,xgboost,balanced_accuracy,0.6538741945392256
phase1c_v3_20260903T215015Z_78649c4,5681e521cfbaff5963494212fcc047116056fd7d66393346df0463aef7553af9,b5c5df19ecb1a3d61e01fbfae30f5774b8659d7b038f15ae93adee008130f7da,4,4042,4043,4044,c0e273a90bf53ba2d0685207583bd788c1b1ac11411d7664fbb08a7785b697a2,inx_primary,xgboost,ece_confidence,0.06442793311807717
phase1c_v3_20260903T215015Z_78649c4,5681e521cfbaff5963494212fcc047116056fd7d66393346df0463aef7553af9,b5c5df19ecb1a3d61e01fbfae30f5774b8659d7b038f15ae93adee008130f7da,4,4042,4043,4044,c0e273a90bf53ba2d0685207583bd788c1b1ac11411d7664fbb08a7785b697a2,inx_primary,xgboost,macro_f1,0.6368774594954879
phase1c_v3_20260903T215015Z_78649c4,5681e521cfbaff5963494212fcc047116056fd7d66393346df0463aef7553af9,b5c5df19ecb1a3d61e01fbfae30f5774b8659d7b038f15ae93adee008130f7da,4,4042,4043,4044,c0e273a90bf53ba2d0685207583bd788c1b1ac11411d7664fbb08a7785b697a2,inx_primary,xgboost,macro_precision,0.6237596381956725
phase1c_v3_20260903T215015Z_78649c4,5681e521cfbaff5963494212fcc047116056fd7d66393346df0463aef7553af9,b5c5df19ecb1a3d61e01fbfae30f5774b8659d7b038f15ae93adee008130f7da,4,4042,4043,4044,c0e273a90bf53ba2d0685207583bd788c1b1ac11411d7664fbb08a7785b697a2,inx_primary,xgboost,macro_recall,0.6538741945392256
phase1c_v3_20260903T215015Z_78649c4,5681e521cfbaff5963494212fcc047116056fd7d66393346df0463aef7553af9,b5c5df19ecb1a3d61e01fbfae30f5774b8659d7b038f15ae93adee008130f7da,4,4042,4043,4044,c0e273a90bf53ba2d0685207583bd788c1b1ac11411d7664fbb08a7785b697a2,inx_primary,xgboost,multiclass_brier,0.3335962362131405
phase1c_v3_20260903T215015Z_78649c4,5681e521cfbaff5963494212fcc047116056fd7d66393346df0463aef7553af9,b5c5df19ecb1a3d61e01fbfae30f5774b8659d7b038f15ae93adee008130f7da,4,4042,4043,4044,c0e273a90bf53ba2d0685207583bd788c1b1ac11411d7664fbb08a7785b697a2,inx_primary,xgboost,nll_log_loss,0.5650790643066502
phase1c_v3_20260903T215015Z_78649c4,5681e521cfbaff5963494212fcc047116056fd7d66393346df0463aef7553af9,b5c5df19ecb1a3d61e01fbfae30f5774b8659d7b038f15ae93adee008130f7da,4,4042,4043,4044,c0e273a90bf53ba2d0685207583bd788c1b1ac11411d7664fbb08a7785b697a2,inx_primary,xgboost,ordinal_mae,0.21583333333333332
phase1c_v3_20260903T215015Z_78649c4,5681e521cfbaff5963494212fcc047116056fd7d66393346df0463aef7553af9,b5c5df19ecb1a3d61e01fbfae30f5774b8659d7b038f15ae93adee008130f7da,4,4042,4043,4044,c0e273a90bf53ba2d0685207583bd788c1b1ac11411d7664fbb08a7785b697a2,inx_primary,xgboost,quadratic_weighted_kappa,0.6001439279144136
phase1c_v3_20260903T215015Z_78649c4,5681e521cfbaff5963494212fcc047116056fd7d66393346df0463aef7553af9,b5c5df19ecb1a3d61e01fbfae30f5774b8659d7b038f15ae93adee008130f7da,4,4042,4043,4044,c0e273a90bf53ba2d0685207583bd788c1b1ac11411d7664fbb08a7785b697a2,inx_primary,xgboost,ranked_probability_score,0.08382091462119379
phase1c_v3_20260903T215015Z_78649c4,5681e521cfbaff5963494212fcc047116056fd7d66393346df0463aef7553af9,b5c5df19ecb1a3d61e01fbfae30f5774b8659d7b038f15ae93adee008130f7da,4,4042,4043,4044,c0e273a90bf53ba2d0685207583bd788c1b1ac11411d7664fbb08a7785b697a2,inx_primary,xgboost,two_level_reversal_rate,0.0016666666666666668
phase1c_v3_20260903T215015Z_78649c4,5681e521cfbaff5963494212fcc047116056fd7d66393346df0463aef7553af9,b5c5df19ecb1a3d61e01fbfae30f5774b8659d7b038f15ae93adee008130f7da,4,4042,4043,4044,c0e273a90bf53ba2d0685207583bd788c1b1ac11411d7664fbb08a7785b697a2,inx_primary,xgboost,weighted_f1,0.781699643336903
phase1c_v3_20260903T215015Z_78649c4,5681e521cfbaff5963494212fcc047116056fd7d66393346df0463aef7553af9,b5c5df19ecb1a3d61e01fbfae30f5774b8659d7b038f15ae93adee008130f7da,4,4042,4043,4044,c0e273a90bf53ba2d0685207583bd788c1b1ac11411d7664fbb08a7785b697a2,inx_primary,xgboost,weighted_precision,0.7794648687067187
phase1c_v3_20260903T215015Z_78649c4,5681e521cfbaff5963494212fcc047116056fd7d66393346df0463aef7553af9,b5c5df19ecb1a3d61e01fbfae30f5774b8659d7b038f15ae93adee008130f7da,4,4042,4043,4044,c0e273a90bf53ba2d0685207583bd788c1b1ac11411d7664fbb08a7785b697a2,inx_primary,xgboost,weighted_recall,0.7858333333333334
phase1c_v3_20260903T215015Z_78649c4,5681e521cfbaff5963494212fcc047116056fd7d66393346df0463aef7553af9,b5c5df19ecb1a3d61e01fbfae30f5774b8659d7b038f15ae93adee008130f7da,5,5042,5043,5044,6fdbe892040ec8dfc7ae5a8ee8dfbe79afc79d84697a9102f10086e04d7ef86c,inx_primary,cumulative_threshold_xgboost,accuracy,0.7091666666666666
phase1c_v3_20260903T215015Z_78649c4,5681e521cfbaff5963494212fcc047116056fd7d66393346df0463aef7553af9,b5c5df19ecb1a3d61e01fbfae30f5774b8659d7b038f15ae93adee008130f7da,5,5042,5043,5044,6fdbe892040ec8dfc7ae5a8ee8dfbe79afc79d84697a9102f10086e04d7ef86c,inx_primary,cumulative_threshold_xgboost,adjacent_accuracy,0.9983333333333333
phase1c_v3_20260903T215015Z_78649c4,5681e521cfbaff5963494212fcc047116056fd7d66393346df0463aef7553af9,b5c5df19ecb1a3d61e01fbfae30f5774b8659d7b038f15ae93adee008130f7da,5,5042,5043,5044,6fdbe892040ec8dfc7ae5a8ee8dfbe79afc79d84697a9102f10086e04d7ef86c,inx_primary,cumulative_threshold_xgboost,balanced_accuracy,0.6595198964091836
phase1c_v3_20260903T215015Z_78649c4,5681e521cfbaff5963494212fcc047116056fd7d66393346df0463aef7553af9,b5c5df19ecb1a3d61e01fbfae30f5774b8659d7b038f15ae93adee008130f7da,5,5042,5043,5044,6fdbe892040ec8dfc7ae5a8ee8dfbe79afc79d84697a9102f10086e04d7ef86c,inx_primary,cumulative_threshold_xgboost,ece_confidence,0.03572428114052549
phase1c_v3_20260903T215015Z_78649c4,5681e521cfbaff5963494212fcc047116056fd7d66393346df0463aef7553af9,b5c5df19ecb1a3d61e01fbfae30f5774b8659d7b038f15ae93adee008130f7da,5,5042,5043,5044,6fdbe892040ec8dfc7ae5a8ee8dfbe79afc79d84697a9102f10086e04d7ef86c,inx_primary,cumulative_threshold_xgboost,macro_f1,0.6237238611254653
phase1c_v3_20260903T215015Z_78649c4,5681e521cfbaff5963494212fcc047116056fd7d66393346df0463aef7553af9,b5c5df19ecb1a3d61e01fbfae30f5774b8659d7b038f15ae93adee008130f7da,5,5042,5043,5044,6fdbe892040ec8dfc7ae5a8ee8dfbe79afc79d84697a9102f10086e04d7ef86c,inx_primary,cumulative_threshold_xgboost,macro_precision,0.6114205828749718
phase1c_v3_20260903T215015Z_78649c4,5681e521cfbaff5963494212fcc047116056fd7d66393346df0463aef7553af9,b5c5df19ecb1a3d61e01fbfae30f5774b8659d7b038f15ae93adee008130f7da,5,5042,5043,5044,6fdbe892040ec8dfc7ae5a8ee8dfbe79afc79d84697a9102f10086e04d7ef86c,inx_primary,cumulative_threshold_xgboost,macro_recall,0.6595198964091836
phase1c_v3_20260903T215015Z_78649c4,5681e521cfbaff5963494212fcc047116056fd7d66393346df0463aef7553af9,b5c5df19ecb1a3d61e01fbfae30f5774b8659d7b038f15ae93adee008130f7da,5,5042,5043,5044,6fdbe892040ec8dfc7ae5a8ee8dfbe79afc79d84697a9102f10086e04d7ef86c,inx_primary,cumulative_threshold_xgboost,multiclass_brier,0.40463082445206366
phase1c_v3_20260903T215015Z_78649c4,5681e521cfbaff5963494212fcc047116056fd7d66393346df0463aef7553af9,b5c5df19ecb1a3d61e01fbfae30f5774b8659d7b038f15ae93adee008130f7da,5,5042,5043,5044,6fdbe892040ec8dfc7ae5a8ee8dfbe79afc79d84697a9102f10086e04d7ef86c,inx_primary,cumulative_threshold_xgboost,nll_log_loss,1.2063913870155516
phase1c_v3_20260903T215015Z_78649c4,5681e521cfbaff5963494212fcc047116056fd7d66393346df0463aef7553af9,b5c5df19ecb1a3d61e01fbfae30f5774b8659d7b038f15ae93adee008130f7da,5,5042,5043,5044,6fdbe892040ec8dfc7ae5a8ee8dfbe79afc79d84697a9102f10086e04d7ef86c,inx_primary,cumulative_threshold_xgboost,ordinal_mae,0.2925
phase1c_v3_20260903T215015Z_78649c4,5681e521cfbaff5963494212fcc047116056fd7d66393346df0463aef7553af9,b5c5df19ecb1a3d61e01fbfae30f5774b8659d7b038f15ae93adee008130f7da,5,5042,5043,5044,6fdbe892040ec8dfc7ae5a8ee8dfbe79afc79d84697a9102f10086e04d7ef86c,inx_primary,cumulative_threshold_xgboost,quadratic_weighted_kappa,0.5567837062870127
phase1c_v3_20260903T215015Z_78649c4,5681e521cfbaff5963494212fcc047116056fd7d66393346df0463aef7553af9,b5c5df19ecb1a3d61e01fbfae30f5774b8659d7b038f15ae93adee008130f7da,5,5042,5043,5044,6fdbe892040ec8dfc7ae5a8ee8dfbe79afc79d84697a9102f10086e04d7ef86c,inx_primary,cumulative_threshold_xgboost,ranked_probability_score,0.10037953555297845
phase1c_v3_20260903T215015Z_78649c4,5681e521cfbaff5963494212fcc047116056fd7d66393346df0463aef7553af9,b5c5df19ecb1a3d61e01fbfae30f5774b8659d7b038f15ae93adee008130f7da,5,5042,5043,5044,6fdbe892040ec8dfc7ae5a8ee8dfbe79afc79d84697a9102f10086e04d7ef86c,inx_primary,cumulative_threshold_xgboost,two_level_reversal_rate,0.0016666666666666668
phase1c_v3_20260903T215015Z_78649c4,5681e521cfbaff5963494212fcc047116056fd7d66393346df0463aef7553af9,b5c5df19ecb1a3d61e01fbfae30f5774b8659d7b038f15ae93adee008130f7da,5,5042,5043,5044,6fdbe892040ec8dfc7ae5a8ee8dfbe79afc79d84697a9102f10086e04d7ef86c,inx_primary,cumulative_threshold_xgboost,weighted_f1,0.7343254492039322
phase1c_v3_20260903T215015Z_78649c4,5681e521cfbaff5963494212fcc047116056fd7d66393346df0463aef7553af9,b5c5df19ecb1a3d61e01fbfae30f5774b8659d7b038f15ae93adee008130f7da,5,5042,5043,5044,6fdbe892040ec8dfc7ae5a8ee8dfbe79afc79d84697a9102f10086e04d7ef86c,inx_primary,cumulative_threshold_xgboost,weighted_precision,0.7760185605712956
phase1c_v3_20260903T215015Z_78649c4,5681e521cfbaff5963494212fcc047116056fd7d66393346df0463aef7553af9,b5c5df19ecb1a3d61e01fbfae30f5774b8659d7b038f15ae93adee008130f7da,5,5042,5043,5044,6fdbe892040ec8dfc7ae5a8ee8dfbe79afc79d84697a9102f10086e04d7ef86c,inx_primary,cumulative_threshold_xgboost,weighted_recall,0.7091666666666666
phase1c_v3_20260903T215015Z_78649c4,5681e521cfbaff5963494212fcc047116056fd7d66393346df0463aef7553af9,b5c5df19ecb1a3d61e01fbfae30f5774b8659d7b038f15ae93adee008130f7da,5,5042,5043,5044,6fdbe892040ec8dfc7ae5a8ee8dfbe79afc79d84697a9102f10086e04d7ef86c,inx_primary,lightgbm,accuracy,0.8075
phase1c_v3_20260903T215015Z_78649c4,5681e521cfbaff5963494212fcc047116056fd7d66393346df0463aef7553af9,b5c5df19ecb1a3d61e01fbfae30f5774b8659d7b038f15ae93adee008130f7da,5,5042,5043,5044,6fdbe892040ec8dfc7ae5a8ee8dfbe79afc79d84697a9102f10086e04d7ef86c,inx_primary,lightgbm,adjacent_accuracy,0.9966666666666667
phase1c_v3_20260903T215015Z_78649c4,5681e521cfbaff5963494212fcc047116056fd7d66393346df0463aef7553af9,b5c5df19ecb1a3d61e01fbfae30f5774b8659d7b038f15ae93adee008130f7da,5,5042,5043,5044,6fdbe892040ec8dfc7ae5a8ee8dfbe79afc79d84697a9102f10086e04d7ef86c,inx_primary,lightgbm,balanced_accuracy,0.6399552509215393
phase1c_v3_20260903T215015Z_78649c4,5681e521cfbaff5963494212fcc047116056fd7d66393346df0463aef7553af9,b5c5df19ecb1a3d61e01fbfae30f5774b8659d7b038f15ae93adee008130f7da,5,5042,5043,5044,6fdbe892040ec8dfc7ae5a8ee8dfbe79afc79d84697a9102f10086e04d7ef86c,inx_primary,lightgbm,ece_confidence,0.08667744685495773
phase1c_v3_20260903T215015Z_78649c4,5681e521cfbaff5963494212fcc047116056fd7d66393346df0463aef7553af9,b5c5df19ecb1a3d61e01fbfae30f5774b8659d7b038f15ae93adee008130f7da,5,5042,5043,5044,6fdbe892040ec8dfc7ae5a8ee8dfbe79afc79d84697a9102f10086e04d7ef86c,inx_primary,lightgbm,macro_f1,0.6305080309641591
phase1c_v3_20260903T215015Z_78649c4,5681e521cfbaff5963494212fcc047116056fd7d66393346df0463aef7553af9,b5c5df19ecb1a3d61e01fbfae30f5774b8659d7b038f15ae93adee008130f7da,5,5042,5043,5044,6fdbe892040ec8dfc7ae5a8ee8dfbe79afc79d84697a9102f10086e04d7ef86c,inx_primary,lightgbm,macro_precision,0.629872408183208
phase1c_v3_20260903T215015Z_78649c4,5681e521cfbaff5963494212fcc047116056fd7d66393346df0463aef7553af9,b5c5df19ecb1a3d61e01fbfae30f5774b8659d7b038f15ae93adee008130f7da,5,5042,5043,5044,6fdbe892040ec8dfc7ae5a8ee8dfbe79afc79d84697a9102f10086e04d7ef86c,inx_primary,lightgbm,macro_recall,0.6399552509215393
phase1c_v3_20260903T215015Z_78649c4,5681e521cfbaff5963494212fcc047116056fd7d66393346df0463aef7553af9,b5c5df19ecb1a3d61e01fbfae30f5774b8659d7b038f15ae93adee008130f7da,5,5042,5043,5044,6fdbe892040ec8dfc7ae5a8ee8dfbe79afc79d84697a9102f10086e04d7ef86c,inx_primary,lightgbm,multiclass_brier,0.31706946913851847
phase1c_v3_20260903T215015Z_78649c4,5681e521cfbaff5963494212fcc047116056fd7d66393346df0463aef7553af9,b5c5df19ecb1a3d61e01fbfae30f5774b8659d7b038f15ae93adee008130f7da,5,5042,5043,5044,6fdbe892040ec8dfc7ae5a8ee8dfbe79afc79d84697a9102f10086e04d7ef86c,inx_primary,lightgbm,nll_log_loss,0.6010113984954205
phase1c_v3_20260903T215015Z_78649c4,5681e521cfbaff5963494212fcc047116056fd7d66393346df0463aef7553af9,b5c5df19ecb1a3d61e01fbfae30f5774b8659d7b038f15ae93adee008130f7da,5,5042,5043,5044,6fdbe892040ec8dfc7ae5a8ee8dfbe79afc79d84697a9102f10086e04d7ef86c,inx_primary,lightgbm,ordinal_mae,0.19583333333333333
phase1c_v3_20260903T215015Z_78649c4,5681e521cfbaff5963494212fcc047116056fd7d66393346df0463aef7553af9,b5c5df19ecb1a3d61e01fbfae30f5774b8659d7b038f15ae93adee008130f7da,5,5042,5043,5044,6fdbe892040ec8dfc7ae5a8ee8dfbe79afc79d84697a9102f10086e04d7ef86c,inx_primary,lightgbm,quadratic_weighted_kappa,0.5983802991488306
phase1c_v3_20260903T215015Z_78649c4,5681e521cfbaff5963494212fcc047116056fd7d66393346df0463aef7553af9,b5c5df19ecb1a3d61e01fbfae30f5774b8659d7b038f15ae93adee008130f7da,5,5042,5043,5044,6fdbe892040ec8dfc7ae5a8ee8dfbe79afc79d84697a9102f10086e04d7ef86c,inx_primary,lightgbm,ranked_probability_score,0.08037649612700774
phase1c_v3_20260903T215015Z_78649c4,5681e521cfbaff5963494212fcc047116056fd7d66393346df0463aef7553af9,b5c5df19ecb1a3d61e01fbfae30f5774b8659d7b038f15ae93adee008130f7da,5,5042,5043,5044,6fdbe892040ec8dfc7ae5a8ee8dfbe79afc79d84697a9102f10086e04d7ef86c,inx_primary,lightgbm,two_level_reversal_rate,0.0033333333333333335
phase1c_v3_20260903T215015Z_78649c4,5681e521cfbaff5963494212fcc047116056fd7d66393346df0463aef7553af9,b5c5df19ecb1a3d61e01fbfae30f5774b8659d7b038f15ae93adee008130f7da,5,5042,5043,5044,6fdbe892040ec8dfc7ae5a8ee8dfbe79afc79d84697a9102f10086e04d7ef86c,inx_primary,lightgbm,weighted_f1,0.791912285676698
phase1c_v3_20260903T215015Z_78649c4,5681e521cfbaff5963494212fcc047116056fd7d66393346df0463aef7553af9,b5c5df19ecb1a3d61e01fbfae30f5774b8659d7b038f15ae93adee008130f7da,5,5042,5043,5044,6fdbe892040ec8dfc7ae5a8ee8dfbe79afc79d84697a9102f10086e04d7ef86c,inx_primary,lightgbm,weighted_precision,0.7798165015210682
phase1c_v3_20260903T215015Z_78649c4,5681e521cfbaff5963494212fcc047116056fd7d66393346df0463aef7553af9,b5c5df19ecb1a3d61e01fbfae30f5774b8659d7b038f15ae93adee008130f7da,5,5042,5043,5044,6fdbe892040ec8dfc7ae5a8ee8dfbe79afc79d84697a9102f10086e04d7ef86c,inx_primary,lightgbm,weighted_recall,0.8075
phase1c_v3_20260903T215015Z_78649c4,5681e521cfbaff5963494212fcc047116056fd7d66393346df0463aef7553af9,b5c5df19ecb1a3d61e01fbfae30f5774b8659d7b038f15ae93adee008130f7da,5,5042,5043,5044,6fdbe892040ec8dfc7ae5a8ee8dfbe79afc79d84697a9102f10086e04d7ef86c,inx_primary,logistic_regression,accuracy,0.775
phase1c_v3_20260903T215015Z_78649c4,5681e521cfbaff5963494212fcc047116056fd7d66393346df0463aef7553af9,b5c5df19ecb1a3d61e01fbfae30f5774b8659d7b038f15ae93adee008130f7da,5,5042,5043,5044,6fdbe892040ec8dfc7ae5a8ee8dfbe79afc79d84697a9102f10086e04d7ef86c,inx_primary,logistic_regression,adjacent_accuracy,0.9933333333333333
phase1c_v3_20260903T215015Z_78649c4,5681e521cfbaff5963494212fcc047116056fd7d66393346df0463aef7553af9,b5c5df19ecb1a3d61e01fbfae30f5774b8659d7b038f15ae93adee008130f7da,5,5042,5043,5044,6fdbe892040ec8dfc7ae5a8ee8dfbe79afc79d84697a9102f10086e04d7ef86c,inx_primary,logistic_regression,balanced_accuracy,0.5044154536947478
phase1c_v3_20260903T215015Z_78649c4,5681e521cfbaff5963494212fcc047116056fd7d66393346df0463aef7553af9,b5c5df19ecb1a3d61e01fbfae30f5774b8659d7b038f15ae93adee008130f7da,5,5042,5043,5044,6fdbe892040ec8dfc7ae5a8ee8dfbe79afc79d84697a9102f10086e04d7ef86c,inx_primary,logistic_regression,ece_confidence,0.042849158495294554
phase1c_v3_20260903T215015Z_78649c4,5681e521cfbaff5963494212fcc047116056fd7d66393346df0463aef7553af9,b5c5df19ecb1a3d61e01fbfae30f5774b8659d7b038f15ae93adee008130f7da,5,5042,5043,5044,6fdbe892040ec8dfc7ae5a8ee8dfbe79afc79d84697a9102f10086e04d7ef86c,inx_primary,logistic_regression,macro_f1,0.4896686761036911
phase1c_v3_20260903T215015Z_78649c4,5681e521cfbaff5963494212fcc047116056fd7d66393346df0463aef7553af9,b5c5df19ecb1a3d61e01fbfae30f5774b8659d7b038f15ae93adee008130f7da,5,5042,5043,5044,6fdbe892040ec8dfc7ae5a8ee8dfbe79afc79d84697a9102f10086e04d7ef86c,inx_primary,logistic_regression,macro_precision,0.47960937500000006
phase1c_v3_20260903T215015Z_78649c4,5681e521cfbaff5963494212fcc047116056fd7d66393346df0463aef7553af9,b5c5df19ecb1a3d61e01fbfae30f5774b8659d7b038f15ae93adee008130f7da,5,5042,5043,5044,6fdbe892040ec8dfc7ae5a8ee8dfbe79afc79d84697a9102f10086e04d7ef86c,inx_primary,logistic_regression,macro_recall,0.5044154536947478
phase1c_v3_20260903T215015Z_78649c4,5681e521cfbaff5963494212fcc047116056fd7d66393346df0463aef7553af9,b5c5df19ecb1a3d61e01fbfae30f5774b8659d7b038f15ae93adee008130f7da,5,5042,5043,5044,6fdbe892040ec8dfc7ae5a8ee8dfbe79afc79d84697a9102f10086e04d7ef86c,inx_primary,logistic_regression,multiclass_brier,0.3506669941678265
phase1c_v3_20260903T215015Z_78649c4,5681e521cfbaff5963494212fcc047116056fd7d66393346df0463aef7553af9,b5c5df19ecb1a3d61e01fbfae30f5774b8659d7b038f15ae93adee008130f7da,5,5042,5043,5044,6fdbe892040ec8dfc7ae5a8ee8dfbe79afc79d84697a9102f10086e04d7ef86c,inx_primary,logistic_regression,nll_log_loss,0.6089922657580197
phase1c_v3_20260903T215015Z_78649c4,5681e521cfbaff5963494212fcc047116056fd7d66393346df0463aef7553af9,b5c5df19ecb1a3d61e01fbfae30f5774b8659d7b038f15ae93adee008130f7da,5,5042,5043,5044,6fdbe892040ec8dfc7ae5a8ee8dfbe79afc79d84697a9102f10086e04d7ef86c,inx_primary,logistic_regression,ordinal_mae,0.23166666666666666
phase1c_v3_20260903T215015Z_78649c4,5681e521cfbaff5963494212fcc047116056fd7d66393346df0463aef7553af9,b5c5df19ecb1a3d61e01fbfae30f5774b8659d7b038f15ae93adee008130f7da,5,5042,5043,5044,6fdbe892040ec8dfc7ae5a8ee8dfbe79afc79d84697a9102f10086e04d7ef86c,inx_primary,logistic_regression,quadratic_weighted_kappa,0.3925870831783811
phase1c_v3_20260903T215015Z_78649c4,5681e521cfbaff5963494212fcc047116056fd7d66393346df0463aef7553af9,b5c5df19ecb1a3d61e01fbfae30f5774b8659d7b038f15ae93adee008130f7da,5,5042,5043,5044,6fdbe892040ec8dfc7ae5a8ee8dfbe79afc79d84697a9102f10086e04d7ef86c,inx_primary,logistic_regression,ranked_probability_score,0.09155133843412044
phase1c_v3_20260903T215015Z_78649c4,5681e521cfbaff5963494212fcc047116056fd7d66393346df0463aef7553af9,b5c5df19ecb1a3d61e01fbfae30f5774b8659d7b038f15ae93adee008130f7da,5,5042,5043,5044,6fdbe892040ec8dfc7ae5a8ee8dfbe79afc79d84697a9102f10086e04d7ef86c,inx_primary,logistic_regression,two_level_reversal_rate,0.006666666666666667
phase1c_v3_20260903T215015Z_78649c4,5681e521cfbaff5963494212fcc047116056fd7d66393346df0463aef7553af9,b5c5df19ecb1a3d61e01fbfae30f5774b8659d7b038f15ae93adee008130f7da,5,5042,5043,5044,6fdbe892040ec8dfc7ae5a8ee8dfbe79afc79d84697a9102f10086e04d7ef86c,inx_primary,logistic_regression,weighted_f1,0.7259332840254992
phase1c_v3_20260903T215015Z_78649c4,5681e521cfbaff5963494212fcc047116056fd7d66393346df0463aef7553af9,b5c5df19ecb1a3d61e01fbfae30f5774b8659d7b038f15ae93adee008130f7da,5,5042,5043,5044,6fdbe892040ec8dfc7ae5a8ee8dfbe79afc79d84697a9102f10086e04d7ef86c,inx_primary,logistic_regression,weighted_precision,0.6852798177083333
phase1c_v3_20260903T215015Z_78649c4,5681e521cfbaff5963494212fcc047116056fd7d66393346df0463aef7553af9,b5c5df19ecb1a3d61e01fbfae30f5774b8659d7b038f15ae93adee008130f7da,5,5042,5043,5044,6fdbe892040ec8dfc7ae5a8ee8dfbe79afc79d84697a9102f10086e04d7ef86c,inx_primary,logistic_regression,weighted_recall,0.775
phase1c_v3_20260903T215015Z_78649c4,5681e521cfbaff5963494212fcc047116056fd7d66393346df0463aef7553af9,b5c5df19ecb1a3d61e01fbfae30f5774b8659d7b038f15ae93adee008130f7da,5,5042,5043,5044,6fdbe892040ec8dfc7ae5a8ee8dfbe79afc79d84697a9102f10086e04d7ef86c,inx_primary,majority_baseline,accuracy,0.7283333333333334
phase1c_v3_20260903T215015Z_78649c4,5681e521cfbaff5963494212fcc047116056fd7d66393346df0463aef7553af9,b5c5df19ecb1a3d61e01fbfae30f5774b8659d7b038f15ae93adee008130f7da,5,5042,5043,5044,6fdbe892040ec8dfc7ae5a8ee8dfbe79afc79d84697a9102f10086e04d7ef86c,inx_primary,majority_baseline,adjacent_accuracy,1.0
phase1c_v3_20260903T215015Z_78649c4,5681e521cfbaff5963494212fcc047116056fd7d66393346df0463aef7553af9,b5c5df19ecb1a3d61e01fbfae30f5774b8659d7b038f15ae93adee008130f7da,5,5042,5043,5044,6fdbe892040ec8dfc7ae5a8ee8dfbe79afc79d84697a9102f10086e04d7ef86c,inx_primary,majority_baseline,balanced_accuracy,0.3333333333333333
phase1c_v3_20260903T215015Z_78649c4,5681e521cfbaff5963494212fcc047116056fd7d66393346df0463aef7553af9,b5c5df19ecb1a3d61e01fbfae30f5774b8659d7b038f15ae93adee008130f7da,5,5042,5043,5044,6fdbe892040ec8dfc7ae5a8ee8dfbe79afc79d84697a9102f10086e04d7ef86c,inx_primary,majority_baseline,ece_confidence,0.2716666666666666
phase1c_v3_20260903T215015Z_78649c4,5681e521cfbaff5963494212fcc047116056fd7d66393346df0463aef7553af9,b5c5df19ecb1a3d61e01fbfae30f5774b8659d7b038f15ae93adee008130f7da,5,5042,5043,5044,6fdbe892040ec8dfc7ae5a8ee8dfbe79afc79d84697a9102f10086e04d7ef86c,inx_primary,majority_baseline,macro_f1,0.2809386049501768
phase1c_v3_20260903T215015Z_78649c4,5681e521cfbaff5963494212fcc047116056fd7d66393346df0463aef7553af9,b5c5df19ecb1a3d61e01fbfae30f5774b8659d7b038f15ae93adee008130f7da,5,5042,5043,5044,6fdbe892040ec8dfc7ae5a8ee8dfbe79afc79d84697a9102f10086e04d7ef86c,inx_primary,majority_baseline,macro_precision,0.2427777777777778
phase1c_v3_20260903T215015Z_78649c4,5681e521cfbaff5963494212fcc047116056fd7d66393346df0463aef7553af9,b5c5df19ecb1a3d61e01fbfae30f5774b8659d7b038f15ae93adee008130f7da,5,5042,5043,5044,6fdbe892040ec8dfc7ae5a8ee8dfbe79afc79d84697a9102f10086e04d7ef86c,inx_primary,majority_baseline,macro_recall,0.3333333333333333
phase1c_v3_20260903T215015Z_78649c4,5681e521cfbaff5963494212fcc047116056fd7d66393346df0463aef7553af9,b5c5df19ecb1a3d61e01fbfae30f5774b8659d7b038f15ae93adee008130f7da,5,5042,5043,5044,6fdbe892040ec8dfc7ae5a8ee8dfbe79afc79d84697a9102f10086e04d7ef86c,inx_primary,majority_baseline,multiclass_brier,0.5433333333333333
phase1c_v3_20260903T215015Z_78649c4,5681e521cfbaff5963494212fcc047116056fd7d66393346df0463aef7553af9,b5c5df19ecb1a3d61e01fbfae30f5774b8659d7b038f15ae93adee008130f7da,5,5042,5043,5044,6fdbe892040ec8dfc7ae5a8ee8dfbe79afc79d84697a9102f10086e04d7ef86c,inx_primary,majority_baseline,nll_log_loss,9.791859170710161
phase1c_v3_20260903T215015Z_78649c4,5681e521cfbaff5963494212fcc047116056fd7d66393346df0463aef7553af9,b5c5df19ecb1a3d61e01fbfae30f5774b8659d7b038f15ae93adee008130f7da,5,5042,5043,5044,6fdbe892040ec8dfc7ae5a8ee8dfbe79afc79d84697a9102f10086e04d7ef86c,inx_primary,majority_baseline,ordinal_mae,0.27166666666666667
phase1c_v3_20260903T215015Z_78649c4,5681e521cfbaff5963494212fcc047116056fd7d66393346df0463aef7553af9,b5c5df19ecb1a3d61e01fbfae30f5774b8659d7b038f15ae93adee008130f7da,5,5042,5043,5044,6fdbe892040ec8dfc7ae5a8ee8dfbe79afc79d84697a9102f10086e04d7ef86c,inx_primary,majority_baseline,quadratic_weighted_kappa,0.0
phase1c_v3_20260903T215015Z_78649c4,5681e521cfbaff5963494212fcc047116056fd7d66393346df0463aef7553af9,b5c5df19ecb1a3d61e01fbfae30f5774b8659d7b038f15ae93adee008130f7da,5,5042,5043,5044,6fdbe892040ec8dfc7ae5a8ee8dfbe79afc79d84697a9102f10086e04d7ef86c,inx_primary,majority_baseline,ranked_probability_score,0.13583333333333333
phase1c_v3_20260903T215015Z_78649c4,5681e521cfbaff5963494212fcc047116056fd7d66393346df0463aef7553af9,b5c5df19ecb1a3d61e01fbfae30f5774b8659d7b038f15ae93adee008130f7da,5,5042,5043,5044,6fdbe892040ec8dfc7ae5a8ee8dfbe79afc79d84697a9102f10086e04d7ef86c,inx_primary,majority_baseline,two_level_reversal_rate,0.0
phase1c_v3_20260903T215015Z_78649c4,5681e521cfbaff5963494212fcc047116056fd7d66393346df0463aef7553af9,b5c5df19ecb1a3d61e01fbfae30f5774b8659d7b038f15ae93adee008130f7da,5,5042,5043,5044,6fdbe892040ec8dfc7ae5a8ee8dfbe79afc79d84697a9102f10086e04d7ef86c,inx_primary,majority_baseline,weighted_f1,0.6138508518161363
phase1c_v3_20260903T215015Z_78649c4,5681e521cfbaff5963494212fcc047116056fd7d66393346df0463aef7553af9,b5c5df19ecb1a3d61e01fbfae30f5774b8659d7b038f15ae93adee008130f7da,5,5042,5043,5044,6fdbe892040ec8dfc7ae5a8ee8dfbe79afc79d84697a9102f10086e04d7ef86c,inx_primary,majority_baseline,weighted_precision,0.5304694444444444
phase1c_v3_20260903T215015Z_78649c4,5681e521cfbaff5963494212fcc047116056fd7d66393346df0463aef7553af9,b5c5df19ecb1a3d61e01fbfae30f5774b8659d7b038f15ae93adee008130f7da,5,5042,5043,5044,6fdbe892040ec8dfc7ae5a8ee8dfbe79afc79d84697a9102f10086e04d7ef86c,inx_primary,majority_baseline,weighted_recall,0.7283333333333334
phase1c_v3_20260903T215015Z_78649c4,5681e521cfbaff5963494212fcc047116056fd7d66393346df0463aef7553af9,b5c5df19ecb1a3d61e01fbfae30f5774b8659d7b038f15ae93adee008130f7da,5,5042,5043,5044,6fdbe892040ec8dfc7ae5a8ee8dfbe79afc79d84697a9102f10086e04d7ef86c,inx_primary,ordinal_median_baseline,accuracy,0.7283333333333334
phase1c_v3_20260903T215015Z_78649c4,5681e521cfbaff5963494212fcc047116056fd7d66393346df0463aef7553af9,b5c5df19ecb1a3d61e01fbfae30f5774b8659d7b038f15ae93adee008130f7da,5,5042,5043,5044,6fdbe892040ec8dfc7ae5a8ee8dfbe79afc79d84697a9102f10086e04d7ef86c,inx_primary,ordinal_median_baseline,adjacent_accuracy,1.0
phase1c_v3_20260903T215015Z_78649c4,5681e521cfbaff5963494212fcc047116056fd7d66393346df0463aef7553af9,b5c5df19ecb1a3d61e01fbfae30f5774b8659d7b038f15ae93adee008130f7da,5,5042,5043,5044,6fdbe892040ec8dfc7ae5a8ee8dfbe79afc79d84697a9102f10086e04d7ef86c,inx_primary,ordinal_median_baseline,balanced_accuracy,0.3333333333333333
phase1c_v3_20260903T215015Z_78649c4,5681e521cfbaff5963494212fcc047116056fd7d66393346df0463aef7553af9,b5c5df19ecb1a3d61e01fbfae30f5774b8659d7b038f15ae93adee008130f7da,5,5042,5043,5044,6fdbe892040ec8dfc7ae5a8ee8dfbe79afc79d84697a9102f10086e04d7ef86c,inx_primary,ordinal_median_baseline,ece_confidence,0.2716666666666666
phase1c_v3_20260903T215015Z_78649c4,5681e521cfbaff5963494212fcc047116056fd7d66393346df0463aef7553af9,b5c5df19ecb1a3d61e01fbfae30f5774b8659d7b038f15ae93adee008130f7da,5,5042,5043,5044,6fdbe892040ec8dfc7ae5a8ee8dfbe79afc79d84697a9102f10086e04d7ef86c,inx_primary,ordinal_median_baseline,macro_f1,0.2809386049501768
phase1c_v3_20260903T215015Z_78649c4,5681e521cfbaff5963494212fcc047116056fd7d66393346df0463aef7553af9,b5c5df19ecb1a3d61e01fbfae30f5774b8659d7b038f15ae93adee008130f7da,5,5042,5043,5044,6fdbe892040ec8dfc7ae5a8ee8dfbe79afc79d84697a9102f10086e04d7ef86c,inx_primary,ordinal_median_baseline,macro_precision,0.2427777777777778
phase1c_v3_20260903T215015Z_78649c4,5681e521cfbaff5963494212fcc047116056fd7d66393346df0463aef7553af9,b5c5df19ecb1a3d61e01fbfae30f5774b8659d7b038f15ae93adee008130f7da,5,5042,5043,5044,6fdbe892040ec8dfc7ae5a8ee8dfbe79afc79d84697a9102f10086e04d7ef86c,inx_primary,ordinal_median_baseline,macro_recall,0.3333333333333333
phase1c_v3_20260903T215015Z_78649c4,5681e521cfbaff5963494212fcc047116056fd7d66393346df0463aef7553af9,b5c5df19ecb1a3d61e01fbfae30f5774b8659d7b038f15ae93adee008130f7da,5,5042,5043,5044,6fdbe892040ec8dfc7ae5a8ee8dfbe79afc79d84697a9102f10086e04d7ef86c,inx_primary,ordinal_median_baseline,multiclass_brier,0.5433333333333333
phase1c_v3_20260903T215015Z_78649c4,5681e521cfbaff5963494212fcc047116056fd7d66393346df0463aef7553af9,b5c5df19ecb1a3d61e01fbfae30f5774b8659d7b038f15ae93adee008130f7da,5,5042,5043,5044,6fdbe892040ec8dfc7ae5a8ee8dfbe79afc79d84697a9102f10086e04d7ef86c,inx_primary,ordinal_median_baseline,nll_log_loss,9.791859170710161
phase1c_v3_20260903T215015Z_78649c4,5681e521cfbaff5963494212fcc047116056fd7d66393346df0463aef7553af9,b5c5df19ecb1a3d61e01fbfae30f5774b8659d7b038f15ae93adee008130f7da,5,5042,5043,5044,6fdbe892040ec8dfc7ae5a8ee8dfbe79afc79d84697a9102f10086e04d7ef86c,inx_primary,ordinal_median_baseline,ordinal_mae,0.27166666666666667
phase1c_v3_20260903T215015Z_78649c4,5681e521cfbaff5963494212fcc047116056fd7d66393346df0463aef7553af9,b5c5df19ecb1a3d61e01fbfae30f5774b8659d7b038f15ae93adee008130f7da,5,5042,5043,5044,6fdbe892040ec8dfc7ae5a8ee8dfbe79afc79d84697a9102f10086e04d7ef86c,inx_primary,ordinal_median_baseline,quadratic_weighted_kappa,0.0
phase1c_v3_20260903T215015Z_78649c4,5681e521cfbaff5963494212fcc047116056fd7d66393346df0463aef7553af9,b5c5df19ecb1a3d61e01fbfae30f5774b8659d7b038f15ae93adee008130f7da,5,5042,5043,5044,6fdbe892040ec8dfc7ae5a8ee8dfbe79afc79d84697a9102f10086e04d7ef86c,inx_primary,ordinal_median_baseline,ranked_probability_score,0.13583333333333333
phase1c_v3_20260903T215015Z_78649c4,5681e521cfbaff5963494212fcc047116056fd7d66393346df0463aef7553af9,b5c5df19ecb1a3d61e01fbfae30f5774b8659d7b038f15ae93adee008130f7da,5,5042,5043,5044,6fdbe892040ec8dfc7ae5a8ee8dfbe79afc79d84697a9102f10086e04d7ef86c,inx_primary,ordinal_median_baseline,two_level_reversal_rate,0.0
phase1c_v3_20260903T215015Z_78649c4,5681e521cfbaff5963494212fcc047116056fd7d66393346df0463aef7553af9,b5c5df19ecb1a3d61e01fbfae30f5774b8659d7b038f15ae93adee008130f7da,5,5042,5043,5044,6fdbe892040ec8dfc7ae5a8ee8dfbe79afc79d84697a9102f10086e04d7ef86c,inx_primary,ordinal_median_baseline,weighted_f1,0.6138508518161363
phase1c_v3_20260903T215015Z_78649c4,5681e521cfbaff5963494212fcc047116056fd7d66393346df0463aef7553af9,b5c5df19ecb1a3d61e01fbfae30f5774b8659d7b038f15ae93adee008130f7da,5,5042,5043,5044,6fdbe892040ec8dfc7ae5a8ee8dfbe79afc79d84697a9102f10086e04d7ef86c,inx_primary,ordinal_median_baseline,weighted_precision,0.5304694444444444
phase1c_v3_20260903T215015Z_78649c4,5681e521cfbaff5963494212fcc047116056fd7d66393346df0463aef7553af9,b5c5df19ecb1a3d61e01fbfae30f5774b8659d7b038f15ae93adee008130f7da,5,5042,5043,5044,6fdbe892040ec8dfc7ae5a8ee8dfbe79afc79d84697a9102f10086e04d7ef86c,inx_primary,ordinal_median_baseline,weighted_recall,0.7283333333333334
phase1c_v3_20260903T215015Z_78649c4,5681e521cfbaff5963494212fcc047116056fd7d66393346df0463aef7553af9,b5c5df19ecb1a3d61e01fbfae30f5774b8659d7b038f15ae93adee008130f7da,5,5042,5043,5044,6fdbe892040ec8dfc7ae5a8ee8dfbe79afc79d84697a9102f10086e04d7ef86c,inx_primary,proportional_odds_logistic,accuracy,0.5891666666666666
phase1c_v3_20260903T215015Z_78649c4,5681e521cfbaff5963494212fcc047116056fd7d66393346df0463aef7553af9,b5c5df19ecb1a3d61e01fbfae30f5774b8659d7b038f15ae93adee008130f7da,5,5042,5043,5044,6fdbe892040ec8dfc7ae5a8ee8dfbe79afc79d84697a9102f10086e04d7ef86c,inx_primary,proportional_odds_logistic,adjacent_accuracy,0.99
phase1c_v3_20260903T215015Z_78649c4,5681e521cfbaff5963494212fcc047116056fd7d66393346df0463aef7553af9,b5c5df19ecb1a3d61e01fbfae30f5774b8659d7b038f15ae93adee008130f7da,5,5042,5043,5044,6fdbe892040ec8dfc7ae5a8ee8dfbe79afc79d84697a9102f10086e04d7ef86c,inx_primary,proportional_odds_logistic,balanced_accuracy,0.5233062060363954
phase1c_v3_20260903T215015Z_78649c4,5681e521cfbaff5963494212fcc047116056fd7d66393346df0463aef7553af9,b5c5df19ecb1a3d61e01fbfae30f5774b8659d7b038f15ae93adee008130f7da,5,5042,5043,5044,6fdbe892040ec8dfc7ae5a8ee8dfbe79afc79d84697a9102f10086e04d7ef86c,inx_primary,proportional_odds_logistic,ece_confidence,0.14648852094680684
phase1c_v3_20260903T215015Z_78649c4,5681e521cfbaff5963494212fcc047116056fd7d66393346df0463aef7553af9,b5c5df19ecb1a3d61e01fbfae30f5774b8659d7b038f15ae93adee008130f7da,5,5042,5043,5044,6fdbe892040ec8dfc7ae5a8ee8dfbe79afc79d84697a9102f10086e04d7ef86c,inx_primary,proportional_odds_logistic,macro_f1,0.48771062041455226
phase1c_v3_20260903T215015Z_78649c4,5681e521cfbaff5963494212fcc047116056fd7d66393346df0463aef7553af9,b5c5df19ecb1a3d61e01fbfae30f5774b8659d7b038f15ae93adee008130f7da,5,5042,5043,5044,6fdbe892040ec8dfc7ae5a8ee8dfbe79afc79d84697a9102f10086e04d7ef86c,inx_primary,proportional_odds_logistic,macro_precision,0.4809611062283457
phase1c_v3_20260903T215015Z_78649c4,5681e521cfbaff5963494212fcc047116056fd7d66393346df0463aef7553af9,b5c5df19ecb1a3d61e01fbfae30f5774b8659d7b038f15ae93adee008130f7da,5,5042,5043,5044,6fdbe892040ec8dfc7ae5a8ee8dfbe79afc79d84697a9102f10086e04d7ef86c,inx_primary,proportional_odds_logistic,macro_recall,0.5233062060363954
phase1c_v3_20260903T215015Z_78649c4,5681e521cfbaff5963494212fcc047116056fd7d66393346df0463aef7553af9,b5c5df19ecb1a3d61e01fbfae30f5774b8659d7b038f15ae93adee008130f7da,5,5042,5043,5044,6fdbe892040ec8dfc7ae5a8ee8dfbe79afc79d84697a9102f10086e04d7ef86c,inx_primary,proportional_odds_logistic,multiclass_brier,0.5256036543476917
phase1c_v3_20260903T215015Z_78649c4,5681e521cfbaff5963494212fcc047116056fd7d66393346df0463aef7553af9,b5c5df19ecb1a3d61e01fbfae30f5774b8659d7b038f15ae93adee008130f7da,5,5042,5043,5044,6fdbe892040ec8dfc7ae5a8ee8dfbe79afc79d84697a9102f10086e04d7ef86c,inx_primary,proportional_odds_logistic,nll_log_loss,0.8286291549558134
phase1c_v3_20260903T215015Z_78649c4,5681e521cfbaff5963494212fcc047116056fd7d66393346df0463aef7553af9,b5c5df19ecb1a3d61e01fbfae30f5774b8659d7b038f15ae93adee008130f7da,5,5042,5043,5044,6fdbe892040ec8dfc7ae5a8ee8dfbe79afc79d84697a9102f10086e04d7ef86c,inx_primary,proportional_odds_logistic,ordinal_mae,0.42083333333333334
phase1c_v3_20260903T215015Z_78649c4,5681e521cfbaff5963494212fcc047116056fd7d66393346df0463aef7553af9,b5c5df19ecb1a3d61e01fbfae30f5774b8659d7b038f15ae93adee008130f7da,5,5042,5043,5044,6fdbe892040ec8dfc7ae5a8ee8dfbe79afc79d84697a9102f10086e04d7ef86c,inx_primary,proportional_odds_logistic,quadratic_weighted_kappa,0.3676409061024445
phase1c_v3_20260903T215015Z_78649c4,5681e521cfbaff5963494212fcc047116056fd7d66393346df0463aef7553af9,b5c5df19ecb1a3d61e01fbfae30f5774b8659d7b038f15ae93adee008130f7da,5,5042,5043,5044,6fdbe892040ec8dfc7ae5a8ee8dfbe79afc79d84697a9102f10086e04d7ef86c,inx_primary,proportional_odds_logistic,ranked_probability_score,0.12992753568215099
phase1c_v3_20260903T215015Z_78649c4,5681e521cfbaff5963494212fcc047116056fd7d66393346df0463aef7553af9,b5c5df19ecb1a3d61e01fbfae30f5774b8659d7b038f15ae93adee008130f7da,5,5042,5043,5044,6fdbe892040ec8dfc7ae5a8ee8dfbe79afc79d84697a9102f10086e04d7ef86c,inx_primary,proportional_odds_logistic,two_level_reversal_rate,0.01
phase1c_v3_20260903T215015Z_78649c4,5681e521cfbaff5963494212fcc047116056fd7d66393346df0463aef7553af9,b5c5df19ecb1a3d61e01fbfae30f5774b8659d7b038f15ae93adee008130f7da,5,5042,5043,5044,6fdbe892040ec8dfc7ae5a8ee8dfbe79afc79d84697a9102f10086e04d7ef86c,inx_primary,proportional_odds_logistic,weighted_f1,0.6182893522249632
phase1c_v3_20260903T215015Z_78649c4,5681e521cfbaff5963494212fcc047116056fd7d66393346df0463aef7553af9,b5c5df19ecb1a3d61e01fbfae30f5774b8659d7b038f15ae93adee008130f7da,5,5042,5043,5044,6fdbe892040ec8dfc7ae5a8ee8dfbe79afc79d84697a9102f10086e04d7ef86c,inx_primary,proportional_odds_logistic,weighted_precision,0.6696574987460877
phase1c_v3_20260903T215015Z_78649c4,5681e521cfbaff5963494212fcc047116056fd7d66393346df0463aef7553af9,b5c5df19ecb1a3d61e01fbfae30f5774b8659d7b038f15ae93adee008130f7da,5,5042,5043,5044,6fdbe892040ec8dfc7ae5a8ee8dfbe79afc79d84697a9102f10086e04d7ef86c,inx_primary,proportional_odds_logistic,weighted_recall,0.5891666666666666
phase1c_v3_20260903T215015Z_78649c4,5681e521cfbaff5963494212fcc047116056fd7d66393346df0463aef7553af9,b5c5df19ecb1a3d61e01fbfae30f5774b8659d7b038f15ae93adee008130f7da,5,5042,5043,5044,6fdbe892040ec8dfc7ae5a8ee8dfbe79afc79d84697a9102f10086e04d7ef86c,inx_primary,random_forest,accuracy,0.8425
phase1c_v3_20260903T215015Z_78649c4,5681e521cfbaff5963494212fcc047116056fd7d66393346df0463aef7553af9,b5c5df19ecb1a3d61e01fbfae30f5774b8659d7b038f15ae93adee008130f7da,5,5042,5043,5044,6fdbe892040ec8dfc7ae5a8ee8dfbe79afc79d84697a9102f10086e04d7ef86c,inx_primary,random_forest,adjacent_accuracy,0.9975
phase1c_v3_20260903T215015Z_78649c4,5681e521cfbaff5963494212fcc047116056fd7d66393346df0463aef7553af9,b5c5df19ecb1a3d61e01fbfae30f5774b8659d7b038f15ae93adee008130f7da,5,5042,5043,5044,6fdbe892040ec8dfc7ae5a8ee8dfbe79afc79d84697a9102f10086e04d7ef86c,inx_primary,random_forest,balanced_accuracy,0.6283558532314106
phase1c_v3_20260903T215015Z_78649c4,5681e521cfbaff5963494212fcc047116056fd7d66393346df0463aef7553af9,b5c5df19ecb1a3d61e01fbfae30f5774b8659d7b038f15ae93adee008130f7da,5,5042,5043,5044,6fdbe892040ec8dfc7ae5a8ee8dfbe79afc79d84697a9102f10086e04d7ef86c,inx_primary,random_forest,ece_confidence,0.22680783556539033
phase1c_v3_20260903T215015Z_78649c4,5681e521cfbaff5963494212fcc047116056fd7d66393346df0463aef7553af9,b5c5df19ecb1a3d61e01fbfae30f5774b8659d7b038f15ae93adee008130f7da,5,5042,5043,5044,6fdbe892040ec8dfc7ae5a8ee8dfbe79afc79d84697a9102f10086e04d7ef86c,inx_primary,random_forest,macro_f1,0.595032234269751
phase1c_v3_20260903T215015Z_78649c4,5681e521cfbaff5963494212fcc047116056fd7d66393346df0463aef7553af9,b5c5df19ecb1a3d61e01fbfae30f5774b8659d7b038f15ae93adee008130f7da,5,5042,5043,5044,6fdbe892040ec8dfc7ae5a8ee8dfbe79afc79d84697a9102f10086e04d7ef86c,inx_primary,random_forest,macro_precision,0.5956461281169552
phase1c_v3_20260903T215015Z_78649c4,5681e521cfbaff5963494212fcc047116056fd7d66393346df0463aef7553af9,b5c5df19ecb1a3d61e01fbfae30f5774b8659d7b038f15ae93adee008130f7da,5,5042,5043,5044,6fdbe892040ec8dfc7ae5a8ee8dfbe79afc79d84697a9102f10086e04d7ef86c,inx_primary,random_forest,macro_recall,0.6283558532314106
phase1c_v3_20260903T215015Z_78649c4,5681e521cfbaff5963494212fcc047116056fd7d66393346df0463aef7553af9,b5c5df19ecb1a3d61e01fbfae30f5774b8659d7b038f15ae93adee008130f7da,5,5042,5043,5044,6fdbe892040ec8dfc7ae5a8ee8dfbe79afc79d84697a9102f10086e04d7ef86c,inx_primary,random_forest,multiclass_brier,0.35702257929958703
phase1c_v3_20260903T215015Z_78649c4,5681e521cfbaff5963494212fcc047116056fd7d66393346df0463aef7553af9,b5c5df19ecb1a3d61e01fbfae30f5774b8659d7b038f15ae93adee008130f7da,5,5042,5043,5044,6fdbe892040ec8dfc7ae5a8ee8dfbe79afc79d84697a9102f10086e04d7ef86c,inx_primary,random_forest,nll_log_loss,0.6234741179970574
phase1c_v3_20260903T215015Z_78649c4,5681e521cfbaff5963494212fcc047116056fd7d66393346df0463aef7553af9,b5c5df19ecb1a3d61e01fbfae30f5774b8659d7b038f15ae93adee008130f7da,5,5042,5043,5044,6fdbe892040ec8dfc7ae5a8ee8dfbe79afc79d84697a9102f10086e04d7ef86c,inx_primary,random_forest,ordinal_mae,0.16
phase1c_v3_20260903T215015Z_78649c4,5681e521cfbaff5963494212fcc047116056fd7d66393346df0463aef7553af9,b5c5df19ecb1a3d61e01fbfae30f5774b8659d7b038f15ae93adee008130f7da,5,5042,5043,5044,6fdbe892040ec8dfc7ae5a8ee8dfbe79afc79d84697a9102f10086e04d7ef86c,inx_primary,random_forest,quadratic_weighted_kappa,0.6280293067818898
phase1c_v3_20260903T215015Z_78649c4,5681e521cfbaff5963494212fcc047116056fd7d66393346df0463aef7553af9,b5c5df19ecb1a3d61e01fbfae30f5774b8659d7b038f15ae93adee008130f7da,5,5042,5043,5044,6fdbe892040ec8dfc7ae5a8ee8dfbe79afc79d84697a9102f10086e04d7ef86c,inx_primary,random_forest,ranked_probability_score,0.0856686075757019
phase1c_v3_20260903T215015Z_78649c4,5681e521cfbaff5963494212fcc047116056fd7d66393346df0463aef7553af9,b5c5df19ecb1a3d61e01fbfae30f5774b8659d7b038f15ae93adee008130f7da,5,5042,5043,5044,6fdbe892040ec8dfc7ae5a8ee8dfbe79afc79d84697a9102f10086e04d7ef86c,inx_primary,random_forest,two_level_reversal_rate,0.0025
phase1c_v3_20260903T215015Z_78649c4,5681e521cfbaff5963494212fcc047116056fd7d66393346df0463aef7553af9,b5c5df19ecb1a3d61e01fbfae30f5774b8659d7b038f15ae93adee008130f7da,5,5042,5043,5044,6fdbe892040ec8dfc7ae5a8ee8dfbe79afc79d84697a9102f10086e04d7ef86c,inx_primary,random_forest,weighted_f1,0.7974280150653428
phase1c_v3_20260903T215015Z_78649c4,5681e521cfbaff5963494212fcc047116056fd7d66393346df0463aef7553af9,b5c5df19ecb1a3d61e01fbfae30f5774b8659d7b038f15ae93adee008130f7da,5,5042,5043,5044,6fdbe892040ec8dfc7ae5a8ee8dfbe79afc79d84697a9102f10086e04d7ef86c,inx_primary,random_forest,weighted_precision,0.7670296615743091
phase1c_v3_20260903T215015Z_78649c4,5681e521cfbaff5963494212fcc047116056fd7d66393346df0463aef7553af9,b5c5df19ecb1a3d61e01fbfae30f5774b8659d7b038f15ae93adee008130f7da,5,5042,5043,5044,6fdbe892040ec8dfc7ae5a8ee8dfbe79afc79d84697a9102f10086e04d7ef86c,inx_primary,random_forest,weighted_recall,0.8425
phase1c_v3_20260903T215015Z_78649c4,5681e521cfbaff5963494212fcc047116056fd7d66393346df0463aef7553af9,b5c5df19ecb1a3d61e01fbfae30f5774b8659d7b038f15ae93adee008130f7da,5,5042,5043,5044,6fdbe892040ec8dfc7ae5a8ee8dfbe79afc79d84697a9102f10086e04d7ef86c,inx_primary,stratified_baseline,accuracy,0.585
phase1c_v3_20260903T215015Z_78649c4,5681e521cfbaff5963494212fcc047116056fd7d66393346df0463aef7553af9,b5c5df19ecb1a3d61e01fbfae30f5774b8659d7b038f15ae93adee008130f7da,5,5042,5043,5044,6fdbe892040ec8dfc7ae5a8ee8dfbe79afc79d84697a9102f10086e04d7ef86c,inx_primary,stratified_baseline,adjacent_accuracy,0.9683333333333334
phase1c_v3_20260903T215015Z_78649c4,5681e521cfbaff5963494212fcc047116056fd7d66393346df0463aef7553af9,b5c5df19ecb1a3d61e01fbfae30f5774b8659d7b038f15ae93adee008130f7da,5,5042,5043,5044,6fdbe892040ec8dfc7ae5a8ee8dfbe79afc79d84697a9102f10086e04d7ef86c,inx_primary,stratified_baseline,balanced_accuracy,0.31671673206623313
phase1c_v3_20260903T215015Z_78649c4,5681e521cfbaff5963494212fcc047116056fd7d66393346df0463aef7553af9,b5c5df19ecb1a3d61e01fbfae30f5774b8659d7b038f15ae93adee008130f7da,5,5042,5043,5044,6fdbe892040ec8dfc7ae5a8ee8dfbe79afc79d84697a9102f10086e04d7ef86c,inx_primary,stratified_baseline,ece_confidence,0.41500000000000004
phase1c_v3_20260903T215015Z_78649c4,5681e521cfbaff5963494212fcc047116056fd7d66393346df0463aef7553af9,b5c5df19ecb1a3d61e01fbfae30f5774b8659d7b038f15ae93adee008130f7da,5,5042,5043,5044,6fdbe892040ec8dfc7ae5a8ee8dfbe79afc79d84697a9102f10086e04d7ef86c,inx_primary,stratified_baseline,macro_f1,0.31442160338398456
phase1c_v3_20260903T215015Z_78649c4,5681e521cfbaff5963494212fcc047116056fd7d66393346df0463aef7553af9,b5c5df19ecb1a3d61e01fbfae30f5774b8659d7b038f15ae93adee008130f7da,5,5042,5043,5044,6fdbe892040ec8dfc7ae5a8ee8dfbe79afc79d84697a9102f10086e04d7ef86c,inx_primary,stratified_baseline,macro_precision,0.3137768817204301
phase1c_v3_20260903T215015Z_78649c4,5681e521cfbaff5963494212fcc047116056fd7d66393346df0463aef7553af9,b5c5df19ecb1a3d61e01fbfae30f5774b8659d7b038f15ae93adee008130f7da,5,5042,5043,5044,6fdbe892040ec8dfc7ae5a8ee8dfbe79afc79d84697a9102f10086e04d7ef86c,inx_primary,stratified_baseline,macro_recall,0.31671673206623313
phase1c_v3_20260903T215015Z_78649c4,5681e521cfbaff5963494212fcc047116056fd7d66393346df0463aef7553af9,b5c5df19ecb1a3d61e01fbfae30f5774b8659d7b038f15ae93adee008130f7da,5,5042,5043,5044,6fdbe892040ec8dfc7ae5a8ee8dfbe79afc79d84697a9102f10086e04d7ef86c,inx_primary,stratified_baseline,multiclass_brier,0.83
phase1c_v3_20260903T215015Z_78649c4,5681e521cfbaff5963494212fcc047116056fd7d66393346df0463aef7553af9,b5c5df19ecb1a3d61e01fbfae30f5774b8659d7b038f15ae93adee008130f7da,5,5042,5043,5044,6fdbe892040ec8dfc7ae5a8ee8dfbe79afc79d84697a9102f10086e04d7ef86c,inx_primary,stratified_baseline,nll_log_loss,14.958116156483618
phase1c_v3_20260903T215015Z_78649c4,5681e521cfbaff5963494212fcc047116056fd7d66393346df0463aef7553af9,b5c5df19ecb1a3d61e01fbfae30f5774b8659d7b038f15ae93adee008130f7da,5,5042,5043,5044,6fdbe892040ec8dfc7ae5a8ee8dfbe79afc79d84697a9102f10086e04d7ef86c,inx_primary,stratified_baseline,ordinal_mae,0.44666666666666666
phase1c_v3_20260903T215015Z_78649c4,5681e521cfbaff5963494212fcc047116056fd7d66393346df0463aef7553af9,b5c5df19ecb1a3d61e01fbfae30f5774b8659d7b038f15ae93adee008130f7da,5,5042,5043,5044,6fdbe892040ec8dfc7ae5a8ee8dfbe79afc79d84697a9102f10086e04d7ef86c,inx_primary,stratified_baseline,quadratic_weighted_kappa,-0.03582510578279274
phase1c_v3_20260903T215015Z_78649c4,5681e521cfbaff5963494212fcc047116056fd7d66393346df0463aef7553af9,b5c5df19ecb1a3d61e01fbfae30f5774b8659d7b038f15ae93adee008130f7da,5,5042,5043,5044,6fdbe892040ec8dfc7ae5a8ee8dfbe79afc79d84697a9102f10086e04d7ef86c,inx_primary,stratified_baseline,ranked_probability_score,0.22333333333333333
phase1c_v3_20260903T215015Z_78649c4,5681e521cfbaff5963494212fcc047116056fd7d66393346df0463aef7553af9,b5c5df19ecb1a3d61e01fbfae30f5774b8659d7b038f15ae93adee008130f7da,5,5042,5043,5044,6fdbe892040ec8dfc7ae5a8ee8dfbe79afc79d84697a9102f10086e04d7ef86c,inx_primary,stratified_baseline,two_level_reversal_rate,0.03166666666666667
phase1c_v3_20260903T215015Z_78649c4,5681e521cfbaff5963494212fcc047116056fd7d66393346df0463aef7553af9,b5c5df19ecb1a3d61e01fbfae30f5774b8659d7b038f15ae93adee008130f7da,5,5042,5043,5044,6fdbe892040ec8dfc7ae5a8ee8dfbe79afc79d84697a9102f10086e04d7ef86c,inx_primary,stratified_baseline,weighted_f1,0.5699704569464801
phase1c_v3_20260903T215015Z_78649c4,5681e521cfbaff5963494212fcc047116056fd7d66393346df0463aef7553af9,b5c5df19ecb1a3d61e01fbfae30f5774b8659d7b038f15ae93adee008130f7da,5,5042,5043,5044,6fdbe892040ec8dfc7ae5a8ee8dfbe79afc79d84697a9102f10086e04d7ef86c,inx_primary,stratified_baseline,weighted_precision,0.5564774865591399
phase1c_v3_20260903T215015Z_78649c4,5681e521cfbaff5963494212fcc047116056fd7d66393346df0463aef7553af9,b5c5df19ecb1a3d61e01fbfae30f5774b8659d7b038f15ae93adee008130f7da,5,5042,5043,5044,6fdbe892040ec8dfc7ae5a8ee8dfbe79afc79d84697a9102f10086e04d7ef86c,inx_primary,stratified_baseline,weighted_recall,0.585
phase1c_v3_20260903T215015Z_78649c4,5681e521cfbaff5963494212fcc047116056fd7d66393346df0463aef7553af9,b5c5df19ecb1a3d61e01fbfae30f5774b8659d7b038f15ae93adee008130f7da,5,5042,5043,5044,6fdbe892040ec8dfc7ae5a8ee8dfbe79afc79d84697a9102f10086e04d7ef86c,inx_primary,xgboost,accuracy,0.7633333333333333
phase1c_v3_20260903T215015Z_78649c4,5681e521cfbaff5963494212fcc047116056fd7d66393346df0463aef7553af9,b5c5df19ecb1a3d61e01fbfae30f5774b8659d7b038f15ae93adee008130f7da,5,5042,5043,5044,6fdbe892040ec8dfc7ae5a8ee8dfbe79afc79d84697a9102f10086e04d7ef86c,inx_primary,xgboost,adjacent_accuracy,0.9983333333333333
phase1c_v3_20260903T215015Z_78649c4,5681e521cfbaff5963494212fcc047116056fd7d66393346df0463aef7553af9,b5c5df19ecb1a3d61e01fbfae30f5774b8659d7b038f15ae93adee008130f7da,5,5042,5043,5044,6fdbe892040ec8dfc7ae5a8ee8dfbe79afc79d84697a9102f10086e04d7ef86c,inx_primary,xgboost,balanced_accuracy,0.643576711701697
phase1c_v3_20260903T215015Z_78649c4,5681e521cfbaff5963494212fcc047116056fd7d66393346df0463aef7553af9,b5c5df19ecb1a3d61e01fbfae30f5774b8659d7b038f15ae93adee008130f7da,5,5042,5043,5044,6fdbe892040ec8dfc7ae5a8ee8dfbe79afc79d84697a9102f10086e04d7ef86c,inx_primary,xgboost,ece_confidence,0.05461058268029238
phase1c_v3_20260903T215015Z_78649c4,5681e521cfbaff5963494212fcc047116056fd7d66393346df0463aef7553af9,b5c5df19ecb1a3d61e01fbfae30f5774b8659d7b038f15ae93adee008130f7da,5,5042,5043,5044,6fdbe892040ec8dfc7ae5a8ee8dfbe79afc79d84697a9102f10086e04d7ef86c,inx_primary,xgboost,macro_f1,0.6286193491679578
phase1c_v3_20260903T215015Z_78649c4,5681e521cfbaff5963494212fcc047116056fd7d66393346df0463aef7553af9,b5c5df19ecb1a3d61e01fbfae30f5774b8659d7b038f15ae93adee008130f7da,5,5042,5043,5044,6fdbe892040ec8dfc7ae5a8ee8dfbe79afc79d84697a9102f10086e04d7ef86c,inx_primary,xgboost,macro_precision,0.6165060954640526
phase1c_v3_20260903T215015Z_78649c4,5681e521cfbaff5963494212fcc047116056fd7d66393346df0463aef7553af9,b5c5df19ecb1a3d61e01fbfae30f5774b8659d7b038f15ae93adee008130f7da,5,5042,5043,5044,6fdbe892040ec8dfc7ae5a8ee8dfbe79afc79d84697a9102f10086e04d7ef86c,inx_primary,xgboost,macro_recall,0.643576711701697
phase1c_v3_20260903T215015Z_78649c4,5681e521cfbaff5963494212fcc047116056fd7d66393346df0463aef7553af9,b5c5df19ecb1a3d61e01fbfae30f5774b8659d7b038f15ae93adee008130f7da,5,5042,5043,5044,6fdbe892040ec8dfc7ae5a8ee8dfbe79afc79d84697a9102f10086e04d7ef86c,inx_primary,xgboost,multiclass_brier,0.35400727344243055
phase1c_v3_20260903T215015Z_78649c4,5681e521cfbaff5963494212fcc047116056fd7d66393346df0463aef7553af9,b5c5df19ecb1a3d61e01fbfae30f5774b8659d7b038f15ae93adee008130f7da,5,5042,5043,5044,6fdbe892040ec8dfc7ae5a8ee8dfbe79afc79d84697a9102f10086e04d7ef86c,inx_primary,xgboost,nll_log_loss,0.5712524420385564
phase1c_v3_20260903T215015Z_78649c4,5681e521cfbaff5963494212fcc047116056fd7d66393346df0463aef7553af9,b5c5df19ecb1a3d61e01fbfae30f5774b8659d7b038f15ae93adee008130f7da,5,5042,5043,5044,6fdbe892040ec8dfc7ae5a8ee8dfbe79afc79d84697a9102f10086e04d7ef86c,inx_primary,xgboost,ordinal_mae,0.23833333333333334
phase1c_v3_20260903T215015Z_78649c4,5681e521cfbaff5963494212fcc047116056fd7d66393346df0463aef7553af9,b5c5df19ecb1a3d61e01fbfae30f5774b8659d7b038f15ae93adee008130f7da,5,5042,5043,5044,6fdbe892040ec8dfc7ae5a8ee8dfbe79afc79d84697a9102f10086e04d7ef86c,inx_primary,xgboost,quadratic_weighted_kappa,0.5793362215689308
phase1c_v3_20260903T215015Z_78649c4,5681e521cfbaff5963494212fcc047116056fd7d66393346df0463aef7553af9,b5c5df19ecb1a3d61e01fbfae30f5774b8659d7b038f15ae93adee008130f7da,5,5042,5043,5044,6fdbe892040ec8dfc7ae5a8ee8dfbe79afc79d84697a9102f10086e04d7ef86c,inx_primary,xgboost,ranked_probability_score,0.08846115389283274
phase1c_v3_20260903T215015Z_78649c4,5681e521cfbaff5963494212fcc047116056fd7d66393346df0463aef7553af9,b5c5df19ecb1a3d61e01fbfae30f5774b8659d7b038f15ae93adee008130f7da,5,5042,5043,5044,6fdbe892040ec8dfc7ae5a8ee8dfbe79afc79d84697a9102f10086e04d7ef86c,inx_primary,xgboost,two_level_reversal_rate,0.0016666666666666668
phase1c_v3_20260903T215015Z_78649c4,5681e521cfbaff5963494212fcc047116056fd7d66393346df0463aef7553af9,b5c5df19ecb1a3d61e01fbfae30f5774b8659d7b038f15ae93adee008130f7da,5,5042,5043,5044,6fdbe892040ec8dfc7ae5a8ee8dfbe79afc79d84697a9102f10086e04d7ef86c,inx_primary,xgboost,weighted_f1,0.7687033808047414
phase1c_v3_20260903T215015Z_78649c4,5681e521cfbaff5963494212fcc047116056fd7d66393346df0463aef7553af9,b5c5df19ecb1a3d61e01fbfae30f5774b8659d7b038f15ae93adee008130f7da,5,5042,5043,5044,6fdbe892040ec8dfc7ae5a8ee8dfbe79afc79d84697a9102f10086e04d7ef86c,inx_primary,xgboost,weighted_precision,0.7759848772518465
phase1c_v3_20260903T215015Z_78649c4,5681e521cfbaff5963494212fcc047116056fd7d66393346df0463aef7553af9,b5c5df19ecb1a3d61e01fbfae30f5774b8659d7b038f15ae93adee008130f7da,5,5042,5043,5044,6fdbe892040ec8dfc7ae5a8ee8dfbe79afc79d84697a9102f10086e04d7ef86c,inx_primary,xgboost,weighted_recall,0.7633333333333333
