metric,mean,std
accuracy,0.2875,0.04299951550114644
balanced_accuracy,0.29489029559796476,0.06788825028740618
macro_f1,0.24120600735255388,0.033088933085169546
