feature_set,model,metric,mean,std,ci_low,ci_high
no_salary_hike_no_attrition,xgboost,balanced_accuracy,0.6272439775388958,0.026882624971567657,0.6121714192744139,0.6439971001724631
no_salary_hike_no_attrition,lightgbm,balanced_accuracy,0.6046946182472498,0.014612399332010107,0.5960425374433995,0.6131200198269164
no_salary_hike_no_attrition,catboost,balanced_accuracy,0.5999400538964966,0.020177622165538953,0.588327274560487,0.6121976456946965
no_salary_hike_no_attrition_no_department,xgboost,balanced_accuracy,0.626250421286719,0.026025646626788617,0.6109618152945057,0.6413652091380085
no_salary_hike_no_attrition_no_department,lightgbm,balanced_accuracy,0.6076589713976285,0.01588868928608494,0.598516975563255,0.6166374445276441
no_salary_hike_no_attrition_no_department,catboost,balanced_accuracy,0.5886238977799776,0.030617408522670045,0.5698552711782067,0.6058279287887953
