feature_set,model_a,model_b,metric,mean_a,mean_b,mean_diff_a_minus_b,wilcoxon_stat,p_value,p_holm,significant_holm
no_salary_hike_no_attrition,catboost,lightgbm,balanced_accuracy,0.5999400538964966,0.6046946182472498,-0.004754564350753165,13.0,0.30078125,0.30078125,False
no_salary_hike_no_attrition,catboost,xgboost,balanced_accuracy,0.5999400538964966,0.6272439775388958,-0.027303923642399197,1.0,0.00390625,0.01171875,True
no_salary_hike_no_attrition,lightgbm,xgboost,balanced_accuracy,0.6046946182472498,0.6272439775388958,-0.02254935929164603,1.0,0.0078125,0.015625,True
no_salary_hike_no_attrition_no_department,catboost,lightgbm,balanced_accuracy,0.5886238977799776,0.6076589713976285,-0.01903507361765089,6.0,0.02734375,0.02734375,True
no_salary_hike_no_attrition_no_department,catboost,xgboost,balanced_accuracy,0.5886238977799776,0.626250421286719,-0.03762652350674145,1.0,0.00390625,0.01171875,True
no_salary_hike_no_attrition_no_department,lightgbm,xgboost,balanced_accuracy,0.6076589713976285,0.626250421286719,-0.01859144988909056,0.0,0.0078125,0.015625,True
