feature_set,model,metric,mean,std,ci_low,ci_high
no_salary_hike_no_attrition,lightgbm,ece_confidence,0.13492281693268277,0.019494934233362796,0.1232930172942204,0.14650457755209445
no_salary_hike_no_attrition,xgboost,ece_confidence,0.08405855968594551,0.020142153243843847,0.07252776227643093,0.0962406385069092
no_salary_hike_no_attrition,catboost,ece_confidence,0.07838981850590632,0.025713202958385598,0.06334958464219212,0.09394317013585311
no_salary_hike_no_attrition_no_department,lightgbm,ece_confidence,0.13873456030429723,0.020341485564437472,0.12638149576158958,0.15006630267433085
no_salary_hike_no_attrition_no_department,xgboost,ece_confidence,0.08080865311125915,0.026703045977718123,0.06564879678996903,0.09674401799341042
no_salary_hike_no_attrition_no_department,catboost,ece_confidence,0.07183763777663958,0.026934340645635338,0.056035375798935805,0.08771259668506359
