feature_set,model,metric,mean,std,ci_low,ci_high
no_salary_hike_no_attrition,xgboost,macro_f1,0.6033579410084791,0.02854361122728732,0.588289409737053,0.6217411939436813
no_salary_hike_no_attrition,lightgbm,macro_f1,0.5820106374373656,0.018065283171451115,0.5726182797162462,0.5934053676724673
no_salary_hike_no_attrition,catboost,macro_f1,0.5578770497414102,0.01894167399871222,0.5468073604488782,0.5696694416025273
no_salary_hike_no_attrition_no_department,xgboost,macro_f1,0.5987215278292141,0.028332620126966187,0.5819725523258421,0.6153515746879821
no_salary_hike_no_attrition_no_department,lightgbm,macro_f1,0.5859581862658361,0.020723158545501424,0.5740954134184184,0.5979711199415726
no_salary_hike_no_attrition_no_department,catboost,macro_f1,0.5483536642230996,0.025495326926585397,0.5331445166184821,0.562852833414231
