feature_set,model,metric,mean,std,ci_low,ci_high
no_salary_hike_no_attrition,catboost,multiclass_brier,0.29984803321530806,0.02373683796531306,0.2865417983978984,0.31455375458386425
no_salary_hike_no_attrition,lightgbm,multiclass_brier,0.2990936061161851,0.02222713020700611,0.28672469618668145,0.31223734098370215
no_salary_hike_no_attrition,xgboost,multiclass_brier,0.26042814845427814,0.025858307233532985,0.24609456152296572,0.27620007117639933
no_salary_hike_no_attrition_no_department,catboost,multiclass_brier,0.3003379429285159,0.02508775333730291,0.2858320995816675,0.31535841640945744
no_salary_hike_no_attrition_no_department,lightgbm,multiclass_brier,0.29743843867225117,0.024816819460960038,0.2832153392663022,0.3116269995513253
no_salary_hike_no_attrition_no_department,xgboost,multiclass_brier,0.2665237065304438,0.019681773529117076,0.25515033480727706,0.27836845074623745
