feature_set,model,metric,mean,std,ci_low,ci_high
no_salary_hike_no_attrition,lightgbm,nll_log_loss,0.7369005429014566,0.08652087115264932,0.6906104942914336,0.7914276431879366
no_salary_hike_no_attrition,catboost,nll_log_loss,0.5116957594077235,0.04404235936505188,0.4870283041380228,0.5389133015347672
no_salary_hike_no_attrition,xgboost,nll_log_loss,0.46981263617890445,0.05103799166357524,0.44233509507047114,0.5026597700432456
no_salary_hike_no_attrition_no_department,lightgbm,nll_log_loss,0.7374911901882426,0.09465319441811863,0.6849650428730224,0.7964444480522747
no_salary_hike_no_attrition_no_department,catboost,nll_log_loss,0.5121640930816049,0.0434844874947375,0.4866841999285854,0.5382687677653072
no_salary_hike_no_attrition_no_department,xgboost,nll_log_loss,0.47769559286708513,0.041045459319842666,0.4549891937224652,0.5036614402356868
