feature_set,model,metric,mean,std,ci_low,ci_high
no_salary_hike_no_attrition,xgboost,quadratic_weighted_kappa,0.6442151680602106,0.04706130892888133,0.6170680506661319,0.6727669104983847
no_salary_hike_no_attrition,lightgbm,quadratic_weighted_kappa,0.5872131143606752,0.0386444070097847,0.5644965572424129,0.6105877233387959
no_salary_hike_no_attrition,catboost,quadratic_weighted_kappa,0.5786299971459605,0.04649722652797497,0.5509993816152822,0.6054034198601872
no_salary_hike_no_attrition_no_department,xgboost,quadratic_weighted_kappa,0.6380278784486674,0.05171212697389797,0.6071792540241391,0.6689309223883232
no_salary_hike_no_attrition_no_department,lightgbm,quadratic_weighted_kappa,0.6006999974264656,0.030437931928465358,0.5835335152594369,0.6191352486382888
no_salary_hike_no_attrition_no_department,catboost,quadratic_weighted_kappa,0.563675576129038,0.05865852601679025,0.5268671765824624,0.5963312446357918
