run_id,config_hash,scientific_input_hash,source_tree_hash,metric_schema_hash,table_id,dataset_identity,model_identity,evaluation_scope,denominator,uncertainty_method,source_artifact,source_sha256,source_record_type,source_row_number,fold_contract_hash,xgboost_model_set_sha256,dataset_sha256,policy,role,audit_only,n_samples,n_folds,n_features,macro_f1_oof,macro_f1_ci_low,macro_f1_ci_high,quadratic_weighted_kappa_oof,quadratic_weighted_kappa_ci_low,quadratic_weighted_kappa_ci_high,ordinal_mae_oof,ordinal_mae_ci_low,ordinal_mae_ci_high,severe_error_rate_oof,severe_error_rate_ci_low,severe_error_rate_ci_high,resample_hash,excluded_features_json,point_estimate_unit,confidence_interval_method,comparison_id,system_a,system_b,task_type,metric,estimate_a,estimate_b,raw_difference_a_minus_b,raw_difference_ci_low,raw_difference_ci_high,improvement_oriented_difference,improvement_ci_low,improvement_ci_high,bootstrap_std,n_resamples,n_valid,confidence_level,method,strata,seed,better_direction,primary_metric,primary_gate_comparison,gate_eligible,gate_triggered,adjacent_policy_step,predeclared_comparison,multiplicity_adjustment,inference_scope,reference_policy,definition,absolute_metric_degradation,absolute_degradation_ci_low,absolute_degradation_ci_high,domain_low,domain_high,domain_span,domain_normalized_degradation,domain_normalized_ci_low,domain_normalized_ci_high,normalization_status,n_valid_bootstrap
canonical_v2_20260714T221501Z_483f96f,51415c2ce68c89d9ce2b042b0a7a811fe3e98180b72460006f9d0465f6bf49b7,06c507bee525ea1daca43b61249764007d4d8baaa05c9333f23446ea723ce160,f1e358e99914563305428cece1b1595bc76a58643184407ec5b222162d650332,98ae57b622a56983192975c5bff94374ed51322f13c76af633c3c96ceb198cdd,leakage_policy_sensitivity,"{""dataset_sha256"":""b8deac0a615b97076622ae540f4cfd0d3c3f1e7acb83ba3ff6560470a9ccf60a""}","{""policy"":""full_feature_upper_bound""}",same_fold_same_selected_candidate_policy_sensitivity,1200,paired_stratified_percentile_bootstrap_5000_draws,policy_ablation/manuscript_policy_table.csv,a0a3a45d8aa6eac99d5fcfb61b6b8ab5fb3bfb32d0cd0ee6b42ca0623e97a2ba,manuscript_policy_table,1,c1300316fe5baec24e789c06aec35dd4f283fa4843b71c7aab1edbf4818f8e91,d483d8ddb93a47a99a2eab54fe3d138d8f614798dd418bca860ea3f20c813f51,b8deac0a615b97076622ae540f4cfd0d3c3f1e7acb83ba3ff6560470a9ccf60a,full_feature_upper_bound,diagnostic_upper_bound_never_deployable,True,1200,10.0,26.0,0.8913552207839571,0.8697902072423065,0.9127095823155054,0.8495935988656218,0.8160081845453239,0.881413698155139,0.0775,0.0625,0.0925,0.0025,0.0,0.0058333333333333,3528e4377f9907c2a7c1b51806abf09e0ec2d5513da630618b0a0cb9950a37d0,"[""EmpNumber"",""PerformanceRating""]",all_exactly_once_oof_samples,paired_stratified_sample_level_percentile_bootstrap,,,,,,,,,,,,,,,,,,,,,,,,,,,,,,,,,,,,,,,,,,
canonical_v2_20260714T221501Z_483f96f,51415c2ce68c89d9ce2b042b0a7a811fe3e98180b72460006f9d0465f6bf49b7,06c507bee525ea1daca43b61249764007d4d8baaa05c9333f23446ea723ce160,f1e358e99914563305428cece1b1595bc76a58643184407ec5b222162d650332,98ae57b622a56983192975c5bff94374ed51322f13c76af633c3c96ceb198cdd,leakage_policy_sensitivity,"{""dataset_sha256"":""b8deac0a615b97076622ae540f4cfd0d3c3f1e7acb83ba3ff6560470a9ccf60a""}","{""policy"":""no_salary_hike""}",same_fold_same_selected_candidate_policy_sensitivity,1200,paired_stratified_percentile_bootstrap_5000_draws,policy_ablation/manuscript_policy_table.csv,a0a3a45d8aa6eac99d5fcfb61b6b8ab5fb3bfb32d0cd0ee6b42ca0623e97a2ba,manuscript_policy_table,2,c1300316fe5baec24e789c06aec35dd4f283fa4843b71c7aab1edbf4818f8e91,d483d8ddb93a47a99a2eab54fe3d138d8f614798dd418bca860ea3f20c813f51,b8deac0a615b97076622ae540f4cfd0d3c3f1e7acb83ba3ff6560470a9ccf60a,no_salary_hike,leakage_ablation_non_primary,True,1200,10.0,25.0,0.6270282387001987,0.6032603056453223,0.6514846535355684,0.5812874657348556,0.5506905899217441,0.6127937500295441,0.2283333333333333,0.2091666666666666,0.2483333333333333,0.0016666666666666,0.0,0.0041666666666666,3528e4377f9907c2a7c1b51806abf09e0ec2d5513da630618b0a0cb9950a37d0,"[""EmpNumber"",""PerformanceRating"",""EmpLastSalaryHikePercent""]",all_exactly_once_oof_samples,paired_stratified_sample_level_percentile_bootstrap,,,,,,,,,,,,,,,,,,,,,,,,,,,,,,,,,,,,,,,,,,
canonical_v2_20260714T221501Z_483f96f,51415c2ce68c89d9ce2b042b0a7a811fe3e98180b72460006f9d0465f6bf49b7,06c507bee525ea1daca43b61249764007d4d8baaa05c9333f23446ea723ce160,f1e358e99914563305428cece1b1595bc76a58643184407ec5b222162d650332,98ae57b622a56983192975c5bff94374ed51322f13c76af633c3c96ceb198cdd,leakage_policy_sensitivity,"{""dataset_sha256"":""b8deac0a615b97076622ae540f4cfd0d3c3f1e7acb83ba3ff6560470a9ccf60a""}","{""policy"":""no_salary_hike_no_attrition_sensitive_retaining_audit""}",same_fold_same_selected_candidate_policy_sensitivity,1200,paired_stratified_percentile_bootstrap_5000_draws,policy_ablation/manuscript_policy_table.csv,a0a3a45d8aa6eac99d5fcfb61b6b8ab5fb3bfb32d0cd0ee6b42ca0623e97a2ba,manuscript_policy_table,3,c1300316fe5baec24e789c06aec35dd4f283fa4843b71c7aab1edbf4818f8e91,d483d8ddb93a47a99a2eab54fe3d138d8f614798dd418bca860ea3f20c813f51,b8deac0a615b97076622ae540f4cfd0d3c3f1e7acb83ba3ff6560470a9ccf60a,no_salary_hike_no_attrition_sensitive_retaining_audit,sensitive_retaining_leakage_ablation_non_primary,True,1200,10.0,24.0,0.6278873375943658,0.6039498998185849,0.6537798235217634,0.5813780260707635,0.5508893046716115,0.6134348471899791,0.2308333333333333,0.2108125000000001,0.2508333333333333,0.0016666666666666,0.0,0.0041666666666666,3528e4377f9907c2a7c1b51806abf09e0ec2d5513da630618b0a0cb9950a37d0,"[""EmpLastSalaryHikePercent"",""Attrition"",""EmpNumber"",""PerformanceRating""]",all_exactly_once_oof_samples,paired_stratified_sample_level_percentile_bootstrap,,,,,,,,,,,,,,,,,,,,,,,,,,,,,,,,,,,,,,,,,,
canonical_v2_20260714T221501Z_483f96f,51415c2ce68c89d9ce2b042b0a7a811fe3e98180b72460006f9d0465f6bf49b7,06c507bee525ea1daca43b61249764007d4d8baaa05c9333f23446ea723ce160,f1e358e99914563305428cece1b1595bc76a58643184407ec5b222162d650332,98ae57b622a56983192975c5bff94374ed51322f13c76af633c3c96ceb198cdd,leakage_policy_sensitivity,"{""dataset_sha256"":""b8deac0a615b97076622ae540f4cfd0d3c3f1e7acb83ba3ff6560470a9ccf60a""}","{""policy"":""no_salary_hike_no_attrition""}",same_fold_same_selected_candidate_policy_sensitivity,1200,paired_stratified_percentile_bootstrap_5000_draws,policy_ablation/manuscript_policy_table.csv,a0a3a45d8aa6eac99d5fcfb61b6b8ab5fb3bfb32d0cd0ee6b42ca0623e97a2ba,manuscript_policy_table,4,c1300316fe5baec24e789c06aec35dd4f283fa4843b71c7aab1edbf4818f8e91,d483d8ddb93a47a99a2eab54fe3d138d8f614798dd418bca860ea3f20c813f51,b8deac0a615b97076622ae540f4cfd0d3c3f1e7acb83ba3ff6560470a9ccf60a,no_salary_hike_no_attrition,governed_leakage_ablation_non_primary,False,1200,10.0,21.0,0.6149849773365884,0.5914534372946596,0.6393441497425267,0.5568556185071087,0.5237504303566207,0.5897779274519408,0.2483333333333333,0.2275,0.27,0.0025,0.0,0.0058333333333333,3528e4377f9907c2a7c1b51806abf09e0ec2d5513da630618b0a0cb9950a37d0,"[""Age"",""Gender"",""MaritalStatus"",""EmpLastSalaryHikePercent"",""Attrition"",""EmpNumber"",""PerformanceRating""]",all_exactly_once_oof_samples,paired_stratified_sample_level_percentile_bootstrap,,,,,,,,,,,,,,,,,,,,,,,,,,,,,,,,,,,,,,,,,,
canonical_v2_20260714T221501Z_483f96f,51415c2ce68c89d9ce2b042b0a7a811fe3e98180b72460006f9d0465f6bf49b7,06c507bee525ea1daca43b61249764007d4d8baaa05c9333f23446ea723ce160,f1e358e99914563305428cece1b1595bc76a58643184407ec5b222162d650332,98ae57b622a56983192975c5bff94374ed51322f13c76af633c3c96ceb198cdd,leakage_policy_sensitivity,"{""dataset_sha256"":""b8deac0a615b97076622ae540f4cfd0d3c3f1e7acb83ba3ff6560470a9ccf60a""}","{""policy"":""no_salary_hike_no_attrition_no_department""}",same_fold_same_selected_candidate_policy_sensitivity,1200,paired_stratified_percentile_bootstrap_5000_draws,policy_ablation/manuscript_policy_table.csv,a0a3a45d8aa6eac99d5fcfb61b6b8ab5fb3bfb32d0cd0ee6b42ca0623e97a2ba,manuscript_policy_table,5,c1300316fe5baec24e789c06aec35dd4f283fa4843b71c7aab1edbf4818f8e91,d483d8ddb93a47a99a2eab54fe3d138d8f614798dd418bca860ea3f20c813f51,b8deac0a615b97076622ae540f4cfd0d3c3f1e7acb83ba3ff6560470a9ccf60a,no_salary_hike_no_attrition_no_department,canonical_primary,False,1200,10.0,20.0,0.6210211647446707,0.5973194455340743,0.6446899209821426,0.567602077831626,0.5351869047456209,0.5997216934759624,0.2433333333333333,0.2225,0.2641874999999997,0.0025,0.0,0.0058333333333333,3528e4377f9907c2a7c1b51806abf09e0ec2d5513da630618b0a0cb9950a37d0,"[""Age"",""Gender"",""MaritalStatus"",""EmpDepartment"",""EmpLastSalaryHikePercent"",""Attrition"",""EmpNumber"",""PerformanceRating""]",all_exactly_once_oof_samples,paired_stratified_sample_level_percentile_bootstrap,,,,,,,,,,,,,,,,,,,,,,,,,,,,,,,,,,,,,,,,,,
canonical_v2_20260714T221501Z_483f96f,51415c2ce68c89d9ce2b042b0a7a811fe3e98180b72460006f9d0465f6bf49b7,06c507bee525ea1daca43b61249764007d4d8baaa05c9333f23446ea723ce160,f1e358e99914563305428cece1b1595bc76a58643184407ec5b222162d650332,98ae57b622a56983192975c5bff94374ed51322f13c76af633c3c96ceb198cdd,leakage_policy_sensitivity,"{""dataset_sha256"":""b8deac0a615b97076622ae540f4cfd0d3c3f1e7acb83ba3ff6560470a9ccf60a""}","{""policy"":""no_salary_hike_no_attrition_no_department_no_job_role""}",same_fold_same_selected_candidate_policy_sensitivity,1200,paired_stratified_percentile_bootstrap_5000_draws,policy_ablation/manuscript_policy_table.csv,a0a3a45d8aa6eac99d5fcfb61b6b8ab5fb3bfb32d0cd0ee6b42ca0623e97a2ba,manuscript_policy_table,6,c1300316fe5baec24e789c06aec35dd4f283fa4843b71c7aab1edbf4818f8e91,d483d8ddb93a47a99a2eab54fe3d138d8f614798dd418bca860ea3f20c813f51,b8deac0a615b97076622ae540f4cfd0d3c3f1e7acb83ba3ff6560470a9ccf60a,no_salary_hike_no_attrition_no_department_no_job_role,strict_proxy_sensitivity_non_primary,False,1200,10.0,19.0,0.5880275901395676,0.5642962563747641,0.6118227585054229,0.533795321690263,0.5026023421986137,0.5637815983303365,0.28,0.2583125000000001,0.3033333333333333,0.0033333333333333,0.0008333333333333,0.0066666666666666,3528e4377f9907c2a7c1b51806abf09e0ec2d5513da630618b0a0cb9950a37d0,"[""Age"",""Gender"",""MaritalStatus"",""EmpDepartment"",""EmpJobRole"",""EmpLastSalaryHikePercent"",""Attrition"",""EmpNumber"",""PerformanceRating""]",all_exactly_once_oof_samples,paired_stratified_sample_level_percentile_bootstrap,,,,,,,,,,,,,,,,,,,,,,,,,,,,,,,,,,,,,,,,,,
canonical_v2_20260714T221501Z_483f96f,51415c2ce68c89d9ce2b042b0a7a811fe3e98180b72460006f9d0465f6bf49b7,06c507bee525ea1daca43b61249764007d4d8baaa05c9333f23446ea723ce160,f1e358e99914563305428cece1b1595bc76a58643184407ec5b222162d650332,98ae57b622a56983192975c5bff94374ed51322f13c76af633c3c96ceb198cdd,leakage_policy_sensitivity,"{""dataset_sha256"":""b8deac0a615b97076622ae540f4cfd0d3c3f1e7acb83ba3ff6560470a9ccf60a""}",xgboost_exact_outer_fold_policy_models,same_fold_same_selected_candidate_policy_sensitivity,1200,paired_stratified_percentile_bootstrap_5000_draws,policy_ablation/policy_pairwise_tests.csv,37f3bf751b3b5308a772ef8f3a6da38e8c3ef3a7db112d1159a1d3414a4385bb,policy_pairwise_tests,1,c1300316fe5baec24e789c06aec35dd4f283fa4843b71c7aab1edbf4818f8e91,d483d8ddb93a47a99a2eab54fe3d138d8f614798dd418bca860ea3f20c813f51,b8deac0a615b97076622ae540f4cfd0d3c3f1e7acb83ba3ff6560470a9ccf60a,,,,1200,,,,,,,,,,,,,,,3528e4377f9907c2a7c1b51806abf09e0ec2d5513da630618b0a0cb9950a37d0,,,,full_feature_upper_bound__minus__no_salary_hike,full_feature_upper_bound,no_salary_hike,ordinal_multiclass_performance,accuracy,0.925,0.7733333333333333,0.1516666666666667,0.1316666666666667,0.1708333333333334,0.1516666666666667,0.1316666666666667,0.1708333333333334,0.0099764102192764,5000.0,5000.0,0.95,paired_stratified_percentile,outer_fold;y_true,42.0,higher,,False,False,False,True,True,none,pointwise_paired_oof_bootstrap_no_familywise_or_false_discovery_claim,,,,,,,,,,,,,
canonical_v2_20260714T221501Z_483f96f,51415c2ce68c89d9ce2b042b0a7a811fe3e98180b72460006f9d0465f6bf49b7,06c507bee525ea1daca43b61249764007d4d8baaa05c9333f23446ea723ce160,f1e358e99914563305428cece1b1595bc76a58643184407ec5b222162d650332,98ae57b622a56983192975c5bff94374ed51322f13c76af633c3c96ceb198cdd,leakage_policy_sensitivity,"{""dataset_sha256"":""b8deac0a615b97076622ae540f4cfd0d3c3f1e7acb83ba3ff6560470a9ccf60a""}",xgboost_exact_outer_fold_policy_models,same_fold_same_selected_candidate_policy_sensitivity,1200,paired_stratified_percentile_bootstrap_5000_draws,policy_ablation/policy_pairwise_tests.csv,37f3bf751b3b5308a772ef8f3a6da38e8c3ef3a7db112d1159a1d3414a4385bb,policy_pairwise_tests,2,c1300316fe5baec24e789c06aec35dd4f283fa4843b71c7aab1edbf4818f8e91,d483d8ddb93a47a99a2eab54fe3d138d8f614798dd418bca860ea3f20c813f51,b8deac0a615b97076622ae540f4cfd0d3c3f1e7acb83ba3ff6560470a9ccf60a,,,,1200,,,,,,,,,,,,,,,3528e4377f9907c2a7c1b51806abf09e0ec2d5513da630618b0a0cb9950a37d0,,,,full_feature_upper_bound__minus__no_salary_hike,full_feature_upper_bound,no_salary_hike,ordinal_multiclass_performance,balanced_accuracy,0.8982051399364853,0.637711303509034,0.2604938364274513,0.2303795343322108,0.2908528060572222,0.2604938364274513,0.2303795343322108,0.2908528060572222,0.0154206157682014,5000.0,5000.0,0.95,paired_stratified_percentile,outer_fold;y_true,42.0,higher,,False,False,False,True,True,none,pointwise_paired_oof_bootstrap_no_familywise_or_false_discovery_claim,,,,,,,,,,,,,
canonical_v2_20260714T221501Z_483f96f,51415c2ce68c89d9ce2b042b0a7a811fe3e98180b72460006f9d0465f6bf49b7,06c507bee525ea1daca43b61249764007d4d8baaa05c9333f23446ea723ce160,f1e358e99914563305428cece1b1595bc76a58643184407ec5b222162d650332,98ae57b622a56983192975c5bff94374ed51322f13c76af633c3c96ceb198cdd,leakage_policy_sensitivity,"{""dataset_sha256"":""b8deac0a615b97076622ae540f4cfd0d3c3f1e7acb83ba3ff6560470a9ccf60a""}",xgboost_exact_outer_fold_policy_models,same_fold_same_selected_candidate_policy_sensitivity,1200,paired_stratified_percentile_bootstrap_5000_draws,policy_ablation/policy_pairwise_tests.csv,37f3bf751b3b5308a772ef8f3a6da38e8c3ef3a7db112d1159a1d3414a4385bb,policy_pairwise_tests,3,c1300316fe5baec24e789c06aec35dd4f283fa4843b71c7aab1edbf4818f8e91,d483d8ddb93a47a99a2eab54fe3d138d8f614798dd418bca860ea3f20c813f51,b8deac0a615b97076622ae540f4cfd0d3c3f1e7acb83ba3ff6560470a9ccf60a,,,,1200,,,,,,,,,,,,,,,3528e4377f9907c2a7c1b51806abf09e0ec2d5513da630618b0a0cb9950a37d0,,,,full_feature_upper_bound__minus__no_salary_hike,full_feature_upper_bound,no_salary_hike,ordinal_multiclass_performance,macro_f1,0.8913552207839571,0.6270282387001987,0.2643269820837584,0.2366163193981617,0.2913851149564992,0.2643269820837584,0.2366163193981617,0.2913851149564992,0.0140448006144499,5000.0,5000.0,0.95,paired_stratified_percentile,outer_fold;y_true,42.0,higher,,False,False,False,True,True,none,pointwise_paired_oof_bootstrap_no_familywise_or_false_discovery_claim,,,,,,,,,,,,,
canonical_v2_20260714T221501Z_483f96f,51415c2ce68c89d9ce2b042b0a7a811fe3e98180b72460006f9d0465f6bf49b7,06c507bee525ea1daca43b61249764007d4d8baaa05c9333f23446ea723ce160,f1e358e99914563305428cece1b1595bc76a58643184407ec5b222162d650332,98ae57b622a56983192975c5bff94374ed51322f13c76af633c3c96ceb198cdd,leakage_policy_sensitivity,"{""dataset_sha256"":""b8deac0a615b97076622ae540f4cfd0d3c3f1e7acb83ba3ff6560470a9ccf60a""}",xgboost_exact_outer_fold_policy_models,same_fold_same_selected_candidate_policy_sensitivity,1200,paired_stratified_percentile_bootstrap_5000_draws,policy_ablation/policy_pairwise_tests.csv,37f3bf751b3b5308a772ef8f3a6da38e8c3ef3a7db112d1159a1d3414a4385bb,policy_pairwise_tests,4,c1300316fe5baec24e789c06aec35dd4f283fa4843b71c7aab1edbf4818f8e91,d483d8ddb93a47a99a2eab54fe3d138d8f614798dd418bca860ea3f20c813f51,b8deac0a615b97076622ae540f4cfd0d3c3f1e7acb83ba3ff6560470a9ccf60a,,,,1200,,,,,,,,,,,,,,,3528e4377f9907c2a7c1b51806abf09e0ec2d5513da630618b0a0cb9950a37d0,,,,full_feature_upper_bound__minus__no_salary_hike,full_feature_upper_bound,no_salary_hike,ordinal_multiclass_performance,quadratic_weighted_kappa,0.8495935988656218,0.5812874657348556,0.2683061331307662,0.2348562664566424,0.3003052404100453,0.2683061331307662,0.2348562664566424,0.3003052404100453,0.0167367684536168,5000.0,5000.0,0.95,paired_stratified_percentile,outer_fold;y_true,42.0,higher,,False,False,False,True,True,none,pointwise_paired_oof_bootstrap_no_familywise_or_false_discovery_claim,,,,,,,,,,,,,
canonical_v2_20260714T221501Z_483f96f,51415c2ce68c89d9ce2b042b0a7a811fe3e98180b72460006f9d0465f6bf49b7,06c507bee525ea1daca43b61249764007d4d8baaa05c9333f23446ea723ce160,f1e358e99914563305428cece1b1595bc76a58643184407ec5b222162d650332,98ae57b622a56983192975c5bff94374ed51322f13c76af633c3c96ceb198cdd,leakage_policy_sensitivity,"{""dataset_sha256"":""b8deac0a615b97076622ae540f4cfd0d3c3f1e7acb83ba3ff6560470a9ccf60a""}",xgboost_exact_outer_fold_policy_models,same_fold_same_selected_candidate_policy_sensitivity,1200,paired_stratified_percentile_bootstrap_5000_draws,policy_ablation/policy_pairwise_tests.csv,37f3bf751b3b5308a772ef8f3a6da38e8c3ef3a7db112d1159a1d3414a4385bb,policy_pairwise_tests,5,c1300316fe5baec24e789c06aec35dd4f283fa4843b71c7aab1edbf4818f8e91,d483d8ddb93a47a99a2eab54fe3d138d8f614798dd418bca860ea3f20c813f51,b8deac0a615b97076622ae540f4cfd0d3c3f1e7acb83ba3ff6560470a9ccf60a,,,,1200,,,,,,,,,,,,,,,3528e4377f9907c2a7c1b51806abf09e0ec2d5513da630618b0a0cb9950a37d0,,,,full_feature_upper_bound__minus__no_salary_hike,full_feature_upper_bound,no_salary_hike,ordinal_multiclass_performance,ordinal_mae,0.0775,0.2283333333333333,-0.1508333333333333,-0.17,-0.1308333333333333,0.1508333333333333,0.1308333333333333,0.17,0.0100880805401675,5000.0,5000.0,0.95,paired_stratified_percentile,outer_fold;y_true,42.0,lower,,False,False,False,True,True,none,pointwise_paired_oof_bootstrap_no_familywise_or_false_discovery_claim,,,,,,,,,,,,,
canonical_v2_20260714T221501Z_483f96f,51415c2ce68c89d9ce2b042b0a7a811fe3e98180b72460006f9d0465f6bf49b7,06c507bee525ea1daca43b61249764007d4d8baaa05c9333f23446ea723ce160,f1e358e99914563305428cece1b1595bc76a58643184407ec5b222162d650332,98ae57b622a56983192975c5bff94374ed51322f13c76af633c3c96ceb198cdd,leakage_policy_sensitivity,"{""dataset_sha256"":""b8deac0a615b97076622ae540f4cfd0d3c3f1e7acb83ba3ff6560470a9ccf60a""}",xgboost_exact_outer_fold_policy_models,same_fold_same_selected_candidate_policy_sensitivity,1200,paired_stratified_percentile_bootstrap_5000_draws,policy_ablation/policy_pairwise_tests.csv,37f3bf751b3b5308a772ef8f3a6da38e8c3ef3a7db112d1159a1d3414a4385bb,policy_pairwise_tests,6,c1300316fe5baec24e789c06aec35dd4f283fa4843b71c7aab1edbf4818f8e91,d483d8ddb93a47a99a2eab54fe3d138d8f614798dd418bca860ea3f20c813f51,b8deac0a615b97076622ae540f4cfd0d3c3f1e7acb83ba3ff6560470a9ccf60a,,,,1200,,,,,,,,,,,,,,,3528e4377f9907c2a7c1b51806abf09e0ec2d5513da630618b0a0cb9950a37d0,,,,full_feature_upper_bound__minus__no_salary_hike,full_feature_upper_bound,no_salary_hike,ordinal_multiclass_performance,severe_error_rate,0.0025,0.0016666666666666,0.0008333333333333,0.0,0.0025,-0.0008333333333333,-0.0025,0.0,0.0008157203850683,5000.0,5000.0,0.95,paired_stratified_percentile,outer_fold;y_true,42.0,lower,,False,False,False,True,True,none,pointwise_paired_oof_bootstrap_no_familywise_or_false_discovery_claim,,,,,,,,,,,,,
canonical_v2_20260714T221501Z_483f96f,51415c2ce68c89d9ce2b042b0a7a811fe3e98180b72460006f9d0465f6bf49b7,06c507bee525ea1daca43b61249764007d4d8baaa05c9333f23446ea723ce160,f1e358e99914563305428cece1b1595bc76a58643184407ec5b222162d650332,98ae57b622a56983192975c5bff94374ed51322f13c76af633c3c96ceb198cdd,leakage_policy_sensitivity,"{""dataset_sha256"":""b8deac0a615b97076622ae540f4cfd0d3c3f1e7acb83ba3ff6560470a9ccf60a""}",xgboost_exact_outer_fold_policy_models,same_fold_same_selected_candidate_policy_sensitivity,1200,paired_stratified_percentile_bootstrap_5000_draws,policy_ablation/policy_pairwise_tests.csv,37f3bf751b3b5308a772ef8f3a6da38e8c3ef3a7db112d1159a1d3414a4385bb,policy_pairwise_tests,7,c1300316fe5baec24e789c06aec35dd4f283fa4843b71c7aab1edbf4818f8e91,d483d8ddb93a47a99a2eab54fe3d138d8f614798dd418bca860ea3f20c813f51,b8deac0a615b97076622ae540f4cfd0d3c3f1e7acb83ba3ff6560470a9ccf60a,,,,1200,,,,,,,,,,,,,,,3528e4377f9907c2a7c1b51806abf09e0ec2d5513da630618b0a0cb9950a37d0,,,,full_feature_upper_bound__minus__no_salary_hike,full_feature_upper_bound,no_salary_hike,ordinal_multiclass_performance,nll_log_loss,0.2223892052143236,0.5423096303869286,-0.319920425172605,-0.3504304919044043,-0.289242665726098,0.319920425172605,0.289242665726098,0.3504304919044043,0.0155559059147881,5000.0,5000.0,0.95,paired_stratified_percentile,outer_fold;y_true,42.0,lower,,False,False,False,True,True,none,pointwise_paired_oof_bootstrap_no_familywise_or_false_discovery_claim,,,,,,,,,,,,,
canonical_v2_20260714T221501Z_483f96f,51415c2ce68c89d9ce2b042b0a7a811fe3e98180b72460006f9d0465f6bf49b7,06c507bee525ea1daca43b61249764007d4d8baaa05c9333f23446ea723ce160,f1e358e99914563305428cece1b1595bc76a58643184407ec5b222162d650332,98ae57b622a56983192975c5bff94374ed51322f13c76af633c3c96ceb198cdd,leakage_policy_sensitivity,"{""dataset_sha256"":""b8deac0a615b97076622ae540f4cfd0d3c3f1e7acb83ba3ff6560470a9ccf60a""}",xgboost_exact_outer_fold_policy_models,same_fold_same_selected_candidate_policy_sensitivity,1200,paired_stratified_percentile_bootstrap_5000_draws,policy_ablation/policy_pairwise_tests.csv,37f3bf751b3b5308a772ef8f3a6da38e8c3ef3a7db112d1159a1d3414a4385bb,policy_pairwise_tests,8,c1300316fe5baec24e789c06aec35dd4f283fa4843b71c7aab1edbf4818f8e91,d483d8ddb93a47a99a2eab54fe3d138d8f614798dd418bca860ea3f20c813f51,b8deac0a615b97076622ae540f4cfd0d3c3f1e7acb83ba3ff6560470a9ccf60a,,,,1200,,,,,,,,,,,,,,,3528e4377f9907c2a7c1b51806abf09e0ec2d5513da630618b0a0cb9950a37d0,,,,full_feature_upper_bound__minus__no_salary_hike,full_feature_upper_bound,no_salary_hike,ordinal_multiclass_performance,multiclass_brier,0.1192936211165942,0.3326614479859311,-0.2133678268693368,-0.2327584236758952,-0.1938143326589791,0.2133678268693368,0.1938143326589791,0.2327584236758952,0.0098566415132109,5000.0,5000.0,0.95,paired_stratified_percentile,outer_fold;y_true,42.0,lower,,False,False,False,True,True,none,pointwise_paired_oof_bootstrap_no_familywise_or_false_discovery_claim,,,,,,,,,,,,,
canonical_v2_20260714T221501Z_483f96f,51415c2ce68c89d9ce2b042b0a7a811fe3e98180b72460006f9d0465f6bf49b7,06c507bee525ea1daca43b61249764007d4d8baaa05c9333f23446ea723ce160,f1e358e99914563305428cece1b1595bc76a58643184407ec5b222162d650332,98ae57b622a56983192975c5bff94374ed51322f13c76af633c3c96ceb198cdd,leakage_policy_sensitivity,"{""dataset_sha256"":""b8deac0a615b97076622ae540f4cfd0d3c3f1e7acb83ba3ff6560470a9ccf60a""}",xgboost_exact_outer_fold_policy_models,same_fold_same_selected_candidate_policy_sensitivity,1200,paired_stratified_percentile_bootstrap_5000_draws,policy_ablation/policy_pairwise_tests.csv,37f3bf751b3b5308a772ef8f3a6da38e8c3ef3a7db112d1159a1d3414a4385bb,policy_pairwise_tests,9,c1300316fe5baec24e789c06aec35dd4f283fa4843b71c7aab1edbf4818f8e91,d483d8ddb93a47a99a2eab54fe3d138d8f614798dd418bca860ea3f20c813f51,b8deac0a615b97076622ae540f4cfd0d3c3f1e7acb83ba3ff6560470a9ccf60a,,,,1200,,,,,,,,,,,,,,,3528e4377f9907c2a7c1b51806abf09e0ec2d5513da630618b0a0cb9950a37d0,,,,full_feature_upper_bound__minus__no_salary_hike,full_feature_upper_bound,no_salary_hike,ordinal_multiclass_performance,ece_confidence,0.0185249040781206,0.0476821886092085,-0.0291572845310878,-0.0529904979913069,-0.0113603403562746,0.0291572845310878,0.0113603403562746,0.0529904979913069,0.0105308433603011,5000.0,5000.0,0.95,paired_stratified_percentile,outer_fold;y_true,42.0,lower,,False,False,False,True,True,none,pointwise_paired_oof_bootstrap_no_familywise_or_false_discovery_claim,,,,,,,,,,,,,
canonical_v2_20260714T221501Z_483f96f,51415c2ce68c89d9ce2b042b0a7a811fe3e98180b72460006f9d0465f6bf49b7,06c507bee525ea1daca43b61249764007d4d8baaa05c9333f23446ea723ce160,f1e358e99914563305428cece1b1595bc76a58643184407ec5b222162d650332,98ae57b622a56983192975c5bff94374ed51322f13c76af633c3c96ceb198cdd,leakage_policy_sensitivity,"{""dataset_sha256"":""b8deac0a615b97076622ae540f4cfd0d3c3f1e7acb83ba3ff6560470a9ccf60a""}",xgboost_exact_outer_fold_policy_models,same_fold_same_selected_candidate_policy_sensitivity,1200,paired_stratified_percentile_bootstrap_5000_draws,policy_ablation/policy_pairwise_tests.csv,37f3bf751b3b5308a772ef8f3a6da38e8c3ef3a7db112d1159a1d3414a4385bb,policy_pairwise_tests,10,c1300316fe5baec24e789c06aec35dd4f283fa4843b71c7aab1edbf4818f8e91,d483d8ddb93a47a99a2eab54fe3d138d8f614798dd418bca860ea3f20c813f51,b8deac0a615b97076622ae540f4cfd0d3c3f1e7acb83ba3ff6560470a9ccf60a,,,,1200,,,,,,,,,,,,,,,3528e4377f9907c2a7c1b51806abf09e0ec2d5513da630618b0a0cb9950a37d0,,,,full_feature_upper_bound__minus__no_salary_hike_no_attrition_sensitive_retaining_audit,full_feature_upper_bound,no_salary_hike_no_attrition_sensitive_retaining_audit,ordinal_multiclass_performance,accuracy,0.925,0.7708333333333334,0.1541666666666666,0.135,0.1741666666666667,0.1541666666666666,0.135,0.1741666666666667,0.0100939498701679,5000.0,5000.0,0.95,paired_stratified_percentile,outer_fold;y_true,42.0,higher,,False,False,False,False,False,none,pointwise_paired_oof_bootstrap_no_familywise_or_false_discovery_claim,,,,,,,,,,,,,
canonical_v2_20260714T221501Z_483f96f,51415c2ce68c89d9ce2b042b0a7a811fe3e98180b72460006f9d0465f6bf49b7,06c507bee525ea1daca43b61249764007d4d8baaa05c9333f23446ea723ce160,f1e358e99914563305428cece1b1595bc76a58643184407ec5b222162d650332,98ae57b622a56983192975c5bff94374ed51322f13c76af633c3c96ceb198cdd,leakage_policy_sensitivity,"{""dataset_sha256"":""b8deac0a615b97076622ae540f4cfd0d3c3f1e7acb83ba3ff6560470a9ccf60a""}",xgboost_exact_outer_fold_policy_models,same_fold_same_selected_candidate_policy_sensitivity,1200,paired_stratified_percentile_bootstrap_5000_draws,policy_ablation/policy_pairwise_tests.csv,37f3bf751b3b5308a772ef8f3a6da38e8c3ef3a7db112d1159a1d3414a4385bb,policy_pairwise_tests,11,c1300316fe5baec24e789c06aec35dd4f283fa4843b71c7aab1edbf4818f8e91,d483d8ddb93a47a99a2eab54fe3d138d8f614798dd418bca860ea3f20c813f51,b8deac0a615b97076622ae540f4cfd0d3c3f1e7acb83ba3ff6560470a9ccf60a,,,,1200,,,,,,,,,,,,,,,3528e4377f9907c2a7c1b51806abf09e0ec2d5513da630618b0a0cb9950a37d0,,,,full_feature_upper_bound__minus__no_salary_hike_no_attrition_sensitive_retaining_audit,full_feature_upper_bound,no_salary_hike_no_attrition_sensitive_retaining_audit,ordinal_multiclass_performance,balanced_accuracy,0.8982051399364853,0.6400478278264968,0.2581573121099885,0.2281825559971128,0.2877011775377212,0.2581573121099885,0.2281825559971128,0.2877011775377212,0.0154320733630894,5000.0,5000.0,0.95,paired_stratified_percentile,outer_fold;y_true,42.0,higher,,False,False,False,False,False,none,pointwise_paired_oof_bootstrap_no_familywise_or_false_discovery_claim,,,,,,,,,,,,,
canonical_v2_20260714T221501Z_483f96f,51415c2ce68c89d9ce2b042b0a7a811fe3e98180b72460006f9d0465f6bf49b7,06c507bee525ea1daca43b61249764007d4d8baaa05c9333f23446ea723ce160,f1e358e99914563305428cece1b1595bc76a58643184407ec5b222162d650332,98ae57b622a56983192975c5bff94374ed51322f13c76af633c3c96ceb198cdd,leakage_policy_sensitivity,"{""dataset_sha256"":""b8deac0a615b97076622ae540f4cfd0d3c3f1e7acb83ba3ff6560470a9ccf60a""}",xgboost_exact_outer_fold_policy_models,same_fold_same_selected_candidate_policy_sensitivity,1200,paired_stratified_percentile_bootstrap_5000_draws,policy_ablation/policy_pairwise_tests.csv,37f3bf751b3b5308a772ef8f3a6da38e8c3ef3a7db112d1159a1d3414a4385bb,policy_pairwise_tests,12,c1300316fe5baec24e789c06aec35dd4f283fa4843b71c7aab1edbf4818f8e91,d483d8ddb93a47a99a2eab54fe3d138d8f614798dd418bca860ea3f20c813f51,b8deac0a615b97076622ae540f4cfd0d3c3f1e7acb83ba3ff6560470a9ccf60a,,,,1200,,,,,,,,,,,,,,,3528e4377f9907c2a7c1b51806abf09e0ec2d5513da630618b0a0cb9950a37d0,,,,full_feature_upper_bound__minus__no_salary_hike_no_attrition_sensitive_retaining_audit,full_feature_upper_bound,no_salary_hike_no_attrition_sensitive_retaining_audit,ordinal_multiclass_performance,macro_f1,0.8913552207839571,0.6278873375943658,0.2634678831895913,0.2355301441626072,0.2902193959150693,0.2634678831895913,0.2355301441626072,0.2902193959150693,0.0140204989389338,5000.0,5000.0,0.95,paired_stratified_percentile,outer_fold;y_true,42.0,higher,,False,False,False,False,False,none,pointwise_paired_oof_bootstrap_no_familywise_or_false_discovery_claim,,,,,,,,,,,,,
canonical_v2_20260714T221501Z_483f96f,51415c2ce68c89d9ce2b042b0a7a811fe3e98180b72460006f9d0465f6bf49b7,06c507bee525ea1daca43b61249764007d4d8baaa05c9333f23446ea723ce160,f1e358e99914563305428cece1b1595bc76a58643184407ec5b222162d650332,98ae57b622a56983192975c5bff94374ed51322f13c76af633c3c96ceb198cdd,leakage_policy_sensitivity,"{""dataset_sha256"":""b8deac0a615b97076622ae540f4cfd0d3c3f1e7acb83ba3ff6560470a9ccf60a""}",xgboost_exact_outer_fold_policy_models,same_fold_same_selected_candidate_policy_sensitivity,1200,paired_stratified_percentile_bootstrap_5000_draws,policy_ablation/policy_pairwise_tests.csv,37f3bf751b3b5308a772ef8f3a6da38e8c3ef3a7db112d1159a1d3414a4385bb,policy_pairwise_tests,13,c1300316fe5baec24e789c06aec35dd4f283fa4843b71c7aab1edbf4818f8e91,d483d8ddb93a47a99a2eab54fe3d138d8f614798dd418bca860ea3f20c813f51,b8deac0a615b97076622ae540f4cfd0d3c3f1e7acb83ba3ff6560470a9ccf60a,,,,1200,,,,,,,,,,,,,,,3528e4377f9907c2a7c1b51806abf09e0ec2d5513da630618b0a0cb9950a37d0,,,,full_feature_upper_bound__minus__no_salary_hike_no_attrition_sensitive_retaining_audit,full_feature_upper_bound,no_salary_hike_no_attrition_sensitive_retaining_audit,ordinal_multiclass_performance,quadratic_weighted_kappa,0.8495935988656218,0.5813780260707635,0.2682155727948583,0.2350889432384461,0.3003944588295099,0.2682155727948583,0.2350889432384461,0.3003944588295099,0.0166933612425467,5000.0,5000.0,0.95,paired_stratified_percentile,outer_fold;y_true,42.0,higher,,False,False,False,False,False,none,pointwise_paired_oof_bootstrap_no_familywise_or_false_discovery_claim,,,,,,,,,,,,,
canonical_v2_20260714T221501Z_483f96f,51415c2ce68c89d9ce2b042b0a7a811fe3e98180b72460006f9d0465f6bf49b7,06c507bee525ea1daca43b61249764007d4d8baaa05c9333f23446ea723ce160,f1e358e99914563305428cece1b1595bc76a58643184407ec5b222162d650332,98ae57b622a56983192975c5bff94374ed51322f13c76af633c3c96ceb198cdd,leakage_policy_sensitivity,"{""dataset_sha256"":""b8deac0a615b97076622ae540f4cfd0d3c3f1e7acb83ba3ff6560470a9ccf60a""}",xgboost_exact_outer_fold_policy_models,same_fold_same_selected_candidate_policy_sensitivity,1200,paired_stratified_percentile_bootstrap_5000_draws,policy_ablation/policy_pairwise_tests.csv,37f3bf751b3b5308a772ef8f3a6da38e8c3ef3a7db112d1159a1d3414a4385bb,policy_pairwise_tests,14,c1300316fe5baec24e789c06aec35dd4f283fa4843b71c7aab1edbf4818f8e91,d483d8ddb93a47a99a2eab54fe3d138d8f614798dd418bca860ea3f20c813f51,b8deac0a615b97076622ae540f4cfd0d3c3f1e7acb83ba3ff6560470a9ccf60a,,,,1200,,,,,,,,,,,,,,,3528e4377f9907c2a7c1b51806abf09e0ec2d5513da630618b0a0cb9950a37d0,,,,full_feature_upper_bound__minus__no_salary_hike_no_attrition_sensitive_retaining_audit,full_feature_upper_bound,no_salary_hike_no_attrition_sensitive_retaining_audit,ordinal_multiclass_performance,ordinal_mae,0.0775,0.2308333333333333,-0.1533333333333333,-0.1741666666666666,-0.1333333333333333,0.1533333333333333,0.1333333333333333,0.1741666666666666,0.010206091010757,5000.0,5000.0,0.95,paired_stratified_percentile,outer_fold;y_true,42.0,lower,,False,False,False,False,False,none,pointwise_paired_oof_bootstrap_no_familywise_or_false_discovery_claim,,,,,,,,,,,,,
canonical_v2_20260714T221501Z_483f96f,51415c2ce68c89d9ce2b042b0a7a811fe3e98180b72460006f9d0465f6bf49b7,06c507bee525ea1daca43b61249764007d4d8baaa05c9333f23446ea723ce160,f1e358e99914563305428cece1b1595bc76a58643184407ec5b222162d650332,98ae57b622a56983192975c5bff94374ed51322f13c76af633c3c96ceb198cdd,leakage_policy_sensitivity,"{""dataset_sha256"":""b8deac0a615b97076622ae540f4cfd0d3c3f1e7acb83ba3ff6560470a9ccf60a""}",xgboost_exact_outer_fold_policy_models,same_fold_same_selected_candidate_policy_sensitivity,1200,paired_stratified_percentile_bootstrap_5000_draws,policy_ablation/policy_pairwise_tests.csv,37f3bf751b3b5308a772ef8f3a6da38e8c3ef3a7db112d1159a1d3414a4385bb,policy_pairwise_tests,15,c1300316fe5baec24e789c06aec35dd4f283fa4843b71c7aab1edbf4818f8e91,d483d8ddb93a47a99a2eab54fe3d138d8f614798dd418bca860ea3f20c813f51,b8deac0a615b97076622ae540f4cfd0d3c3f1e7acb83ba3ff6560470a9ccf60a,,,,1200,,,,,,,,,,,,,,,3528e4377f9907c2a7c1b51806abf09e0ec2d5513da630618b0a0cb9950a37d0,,,,full_feature_upper_bound__minus__no_salary_hike_no_attrition_sensitive_retaining_audit,full_feature_upper_bound,no_salary_hike_no_attrition_sensitive_retaining_audit,ordinal_multiclass_performance,severe_error_rate,0.0025,0.0016666666666666,0.0008333333333333,0.0,0.0025,-0.0008333333333333,-0.0025,0.0,0.0008157203850683,5000.0,5000.0,0.95,paired_stratified_percentile,outer_fold;y_true,42.0,lower,,False,False,False,False,False,none,pointwise_paired_oof_bootstrap_no_familywise_or_false_discovery_claim,,,,,,,,,,,,,
canonical_v2_20260714T221501Z_483f96f,51415c2ce68c89d9ce2b042b0a7a811fe3e98180b72460006f9d0465f6bf49b7,06c507bee525ea1daca43b61249764007d4d8baaa05c9333f23446ea723ce160,f1e358e99914563305428cece1b1595bc76a58643184407ec5b222162d650332,98ae57b622a56983192975c5bff94374ed51322f13c76af633c3c96ceb198cdd,leakage_policy_sensitivity,"{""dataset_sha256"":""b8deac0a615b97076622ae540f4cfd0d3c3f1e7acb83ba3ff6560470a9ccf60a""}",xgboost_exact_outer_fold_policy_models,same_fold_same_selected_candidate_policy_sensitivity,1200,paired_stratified_percentile_bootstrap_5000_draws,policy_ablation/policy_pairwise_tests.csv,37f3bf751b3b5308a772ef8f3a6da38e8c3ef3a7db112d1159a1d3414a4385bb,policy_pairwise_tests,16,c1300316fe5baec24e789c06aec35dd4f283fa4843b71c7aab1edbf4818f8e91,d483d8ddb93a47a99a2eab54fe3d138d8f614798dd418bca860ea3f20c813f51,b8deac0a615b97076622ae540f4cfd0d3c3f1e7acb83ba3ff6560470a9ccf60a,,,,1200,,,,,,,,,,,,,,,3528e4377f9907c2a7c1b51806abf09e0ec2d5513da630618b0a0cb9950a37d0,,,,full_feature_upper_bound__minus__no_salary_hike_no_attrition_sensitive_retaining_audit,full_feature_upper_bound,no_salary_hike_no_attrition_sensitive_retaining_audit,ordinal_multiclass_performance,nll_log_loss,0.2223892052143236,0.5441086871505008,-0.3217194819361771,-0.3521956278333778,-0.2914033228343751,0.3217194819361771,0.291403322834375,0.3521956278333778,0.0155615508223888,5000.0,5000.0,0.95,paired_stratified_percentile,outer_fold;y_true,42.0,lower,,False,False,False,False,False,none,pointwise_paired_oof_bootstrap_no_familywise_or_false_discovery_claim,,,,,,,,,,,,,
canonical_v2_20260714T221501Z_483f96f,51415c2ce68c89d9ce2b042b0a7a811fe3e98180b72460006f9d0465f6bf49b7,06c507bee525ea1daca43b61249764007d4d8baaa05c9333f23446ea723ce160,f1e358e99914563305428cece1b1595bc76a58643184407ec5b222162d650332,98ae57b622a56983192975c5bff94374ed51322f13c76af633c3c96ceb198cdd,leakage_policy_sensitivity,"{""dataset_sha256"":""b8deac0a615b97076622ae540f4cfd0d3c3f1e7acb83ba3ff6560470a9ccf60a""}",xgboost_exact_outer_fold_policy_models,same_fold_same_selected_candidate_policy_sensitivity,1200,paired_stratified_percentile_bootstrap_5000_draws,policy_ablation/policy_pairwise_tests.csv,37f3bf751b3b5308a772ef8f3a6da38e8c3ef3a7db112d1159a1d3414a4385bb,policy_pairwise_tests,17,c1300316fe5baec24e789c06aec35dd4f283fa4843b71c7aab1edbf4818f8e91,d483d8ddb93a47a99a2eab54fe3d138d8f614798dd418bca860ea3f20c813f51,b8deac0a615b97076622ae540f4cfd0d3c3f1e7acb83ba3ff6560470a9ccf60a,,,,1200,,,,,,,,,,,,,,,3528e4377f9907c2a7c1b51806abf09e0ec2d5513da630618b0a0cb9950a37d0,,,,full_feature_upper_bound__minus__no_salary_hike_no_attrition_sensitive_retaining_audit,full_feature_upper_bound,no_salary_hike_no_attrition_sensitive_retaining_audit,ordinal_multiclass_performance,multiclass_brier,0.1192936211165942,0.3345440935368255,-0.2152504724202313,-0.2349347531840338,-0.1958758226637201,0.2152504724202313,0.1958758226637201,0.2349347531840338,0.0098444937237408,5000.0,5000.0,0.95,paired_stratified_percentile,outer_fold;y_true,42.0,lower,,False,False,False,False,False,none,pointwise_paired_oof_bootstrap_no_familywise_or_false_discovery_claim,,,,,,,,,,,,,
canonical_v2_20260714T221501Z_483f96f,51415c2ce68c89d9ce2b042b0a7a811fe3e98180b72460006f9d0465f6bf49b7,06c507bee525ea1daca43b61249764007d4d8baaa05c9333f23446ea723ce160,f1e358e99914563305428cece1b1595bc76a58643184407ec5b222162d650332,98ae57b622a56983192975c5bff94374ed51322f13c76af633c3c96ceb198cdd,leakage_policy_sensitivity,"{""dataset_sha256"":""b8deac0a615b97076622ae540f4cfd0d3c3f1e7acb83ba3ff6560470a9ccf60a""}",xgboost_exact_outer_fold_policy_models,same_fold_same_selected_candidate_policy_sensitivity,1200,paired_stratified_percentile_bootstrap_5000_draws,policy_ablation/policy_pairwise_tests.csv,37f3bf751b3b5308a772ef8f3a6da38e8c3ef3a7db112d1159a1d3414a4385bb,policy_pairwise_tests,18,c1300316fe5baec24e789c06aec35dd4f283fa4843b71c7aab1edbf4818f8e91,d483d8ddb93a47a99a2eab54fe3d138d8f614798dd418bca860ea3f20c813f51,b8deac0a615b97076622ae540f4cfd0d3c3f1e7acb83ba3ff6560470a9ccf60a,,,,1200,,,,,,,,,,,,,,,3528e4377f9907c2a7c1b51806abf09e0ec2d5513da630618b0a0cb9950a37d0,,,,full_feature_upper_bound__minus__no_salary_hike_no_attrition_sensitive_retaining_audit,full_feature_upper_bound,no_salary_hike_no_attrition_sensitive_retaining_audit,ordinal_multiclass_performance,ece_confidence,0.0185249040781206,0.0455902970342997,-0.0270653929561791,-0.0501718644868281,-0.0086284535570476,0.0270653929561791,0.0086284535570476,0.0501718644868281,0.0106108590313205,5000.0,5000.0,0.95,paired_stratified_percentile,outer_fold;y_true,42.0,lower,,False,False,False,False,False,none,pointwise_paired_oof_bootstrap_no_familywise_or_false_discovery_claim,,,,,,,,,,,,,
canonical_v2_20260714T221501Z_483f96f,51415c2ce68c89d9ce2b042b0a7a811fe3e98180b72460006f9d0465f6bf49b7,06c507bee525ea1daca43b61249764007d4d8baaa05c9333f23446ea723ce160,f1e358e99914563305428cece1b1595bc76a58643184407ec5b222162d650332,98ae57b622a56983192975c5bff94374ed51322f13c76af633c3c96ceb198cdd,leakage_policy_sensitivity,"{""dataset_sha256"":""b8deac0a615b97076622ae540f4cfd0d3c3f1e7acb83ba3ff6560470a9ccf60a""}",xgboost_exact_outer_fold_policy_models,same_fold_same_selected_candidate_policy_sensitivity,1200,paired_stratified_percentile_bootstrap_5000_draws,policy_ablation/policy_pairwise_tests.csv,37f3bf751b3b5308a772ef8f3a6da38e8c3ef3a7db112d1159a1d3414a4385bb,policy_pairwise_tests,19,c1300316fe5baec24e789c06aec35dd4f283fa4843b71c7aab1edbf4818f8e91,d483d8ddb93a47a99a2eab54fe3d138d8f614798dd418bca860ea3f20c813f51,b8deac0a615b97076622ae540f4cfd0d3c3f1e7acb83ba3ff6560470a9ccf60a,,,,1200,,,,,,,,,,,,,,,3528e4377f9907c2a7c1b51806abf09e0ec2d5513da630618b0a0cb9950a37d0,,,,full_feature_upper_bound__minus__no_salary_hike_no_attrition,full_feature_upper_bound,no_salary_hike_no_attrition,ordinal_multiclass_performance,accuracy,0.925,0.7541666666666667,0.1708333333333334,0.1508333333333333,0.1908333333333333,0.1708333333333334,0.1508333333333333,0.1908333333333333,0.0101834450203611,5000.0,5000.0,0.95,paired_stratified_percentile,outer_fold;y_true,42.0,higher,,False,False,False,False,False,none,pointwise_paired_oof_bootstrap_no_familywise_or_false_discovery_claim,,,,,,,,,,,,,
canonical_v2_20260714T221501Z_483f96f,51415c2ce68c89d9ce2b042b0a7a811fe3e98180b72460006f9d0465f6bf49b7,06c507bee525ea1daca43b61249764007d4d8baaa05c9333f23446ea723ce160,f1e358e99914563305428cece1b1595bc76a58643184407ec5b222162d650332,98ae57b622a56983192975c5bff94374ed51322f13c76af633c3c96ceb198cdd,leakage_policy_sensitivity,"{""dataset_sha256"":""b8deac0a615b97076622ae540f4cfd0d3c3f1e7acb83ba3ff6560470a9ccf60a""}",xgboost_exact_outer_fold_policy_models,same_fold_same_selected_candidate_policy_sensitivity,1200,paired_stratified_percentile_bootstrap_5000_draws,policy_ablation/policy_pairwise_tests.csv,37f3bf751b3b5308a772ef8f3a6da38e8c3ef3a7db112d1159a1d3414a4385bb,policy_pairwise_tests,20,c1300316fe5baec24e789c06aec35dd4f283fa4843b71c7aab1edbf4818f8e91,d483d8ddb93a47a99a2eab54fe3d138d8f614798dd418bca860ea3f20c813f51,b8deac0a615b97076622ae540f4cfd0d3c3f1e7acb83ba3ff6560470a9ccf60a,,,,1200,,,,,,,,,,,,,,,3528e4377f9907c2a7c1b51806abf09e0ec2d5513da630618b0a0cb9950a37d0,,,,full_feature_upper_bound__minus__no_salary_hike_no_attrition,full_feature_upper_bound,no_salary_hike_no_attrition,ordinal_multiclass_performance,balanced_accuracy,0.8982051399364853,0.6262657240741177,0.2719394158623676,0.2413054126987871,0.3006179910525672,0.2719394158623676,0.2413054126987871,0.3006179910525672,0.0150249075424211,5000.0,5000.0,0.95,paired_stratified_percentile,outer_fold;y_true,42.0,higher,,False,False,False,False,False,none,pointwise_paired_oof_bootstrap_no_familywise_or_false_discovery_claim,,,,,,,,,,,,,
canonical_v2_20260714T221501Z_483f96f,51415c2ce68c89d9ce2b042b0a7a811fe3e98180b72460006f9d0465f6bf49b7,06c507bee525ea1daca43b61249764007d4d8baaa05c9333f23446ea723ce160,f1e358e99914563305428cece1b1595bc76a58643184407ec5b222162d650332,98ae57b622a56983192975c5bff94374ed51322f13c76af633c3c96ceb198cdd,leakage_policy_sensitivity,"{""dataset_sha256"":""b8deac0a615b97076622ae540f4cfd0d3c3f1e7acb83ba3ff6560470a9ccf60a""}",xgboost_exact_outer_fold_policy_models,same_fold_same_selected_candidate_policy_sensitivity,1200,paired_stratified_percentile_bootstrap_5000_draws,policy_ablation/policy_pairwise_tests.csv,37f3bf751b3b5308a772ef8f3a6da38e8c3ef3a7db112d1159a1d3414a4385bb,policy_pairwise_tests,21,c1300316fe5baec24e789c06aec35dd4f283fa4843b71c7aab1edbf4818f8e91,d483d8ddb93a47a99a2eab54fe3d138d8f614798dd418bca860ea3f20c813f51,b8deac0a615b97076622ae540f4cfd0d3c3f1e7acb83ba3ff6560470a9ccf60a,,,,1200,,,,,,,,,,,,,,,3528e4377f9907c2a7c1b51806abf09e0ec2d5513da630618b0a0cb9950a37d0,,,,full_feature_upper_bound__minus__no_salary_hike_no_attrition,full_feature_upper_bound,no_salary_hike_no_attrition,ordinal_multiclass_performance,macro_f1,0.8913552207839571,0.6149849773365884,0.2763702434473687,0.2501059139228548,0.3018240898908329,0.2763702434473687,0.2501059139228548,0.3018240898908329,0.0131337855761264,5000.0,5000.0,0.95,paired_stratified_percentile,outer_fold;y_true,42.0,higher,,False,False,False,False,False,none,pointwise_paired_oof_bootstrap_no_familywise_or_false_discovery_claim,,,,,,,,,,,,,
canonical_v2_20260714T221501Z_483f96f,51415c2ce68c89d9ce2b042b0a7a811fe3e98180b72460006f9d0465f6bf49b7,06c507bee525ea1daca43b61249764007d4d8baaa05c9333f23446ea723ce160,f1e358e99914563305428cece1b1595bc76a58643184407ec5b222162d650332,98ae57b622a56983192975c5bff94374ed51322f13c76af633c3c96ceb198cdd,leakage_policy_sensitivity,"{""dataset_sha256"":""b8deac0a615b97076622ae540f4cfd0d3c3f1e7acb83ba3ff6560470a9ccf60a""}",xgboost_exact_outer_fold_policy_models,same_fold_same_selected_candidate_policy_sensitivity,1200,paired_stratified_percentile_bootstrap_5000_draws,policy_ablation/policy_pairwise_tests.csv,37f3bf751b3b5308a772ef8f3a6da38e8c3ef3a7db112d1159a1d3414a4385bb,policy_pairwise_tests,22,c1300316fe5baec24e789c06aec35dd4f283fa4843b71c7aab1edbf4818f8e91,d483d8ddb93a47a99a2eab54fe3d138d8f614798dd418bca860ea3f20c813f51,b8deac0a615b97076622ae540f4cfd0d3c3f1e7acb83ba3ff6560470a9ccf60a,,,,1200,,,,,,,,,,,,,,,3528e4377f9907c2a7c1b51806abf09e0ec2d5513da630618b0a0cb9950a37d0,,,,full_feature_upper_bound__minus__no_salary_hike_no_attrition,full_feature_upper_bound,no_salary_hike_no_attrition,ordinal_multiclass_performance,quadratic_weighted_kappa,0.8495935988656218,0.5568556185071087,0.292737980358513,0.262974222047556,0.3221568519589606,0.292737980358513,0.262974222047556,0.3221568519589606,0.0150753804763295,5000.0,5000.0,0.95,paired_stratified_percentile,outer_fold;y_true,42.0,higher,,False,False,False,False,False,none,pointwise_paired_oof_bootstrap_no_familywise_or_false_discovery_claim,,,,,,,,,,,,,
canonical_v2_20260714T221501Z_483f96f,51415c2ce68c89d9ce2b042b0a7a811fe3e98180b72460006f9d0465f6bf49b7,06c507bee525ea1daca43b61249764007d4d8baaa05c9333f23446ea723ce160,f1e358e99914563305428cece1b1595bc76a58643184407ec5b222162d650332,98ae57b622a56983192975c5bff94374ed51322f13c76af633c3c96ceb198cdd,leakage_policy_sensitivity,"{""dataset_sha256"":""b8deac0a615b97076622ae540f4cfd0d3c3f1e7acb83ba3ff6560470a9ccf60a""}",xgboost_exact_outer_fold_policy_models,same_fold_same_selected_candidate_policy_sensitivity,1200,paired_stratified_percentile_bootstrap_5000_draws,policy_ablation/policy_pairwise_tests.csv,37f3bf751b3b5308a772ef8f3a6da38e8c3ef3a7db112d1159a1d3414a4385bb,policy_pairwise_tests,23,c1300316fe5baec24e789c06aec35dd4f283fa4843b71c7aab1edbf4818f8e91,d483d8ddb93a47a99a2eab54fe3d138d8f614798dd418bca860ea3f20c813f51,b8deac0a615b97076622ae540f4cfd0d3c3f1e7acb83ba3ff6560470a9ccf60a,,,,1200,,,,,,,,,,,,,,,3528e4377f9907c2a7c1b51806abf09e0ec2d5513da630618b0a0cb9950a37d0,,,,full_feature_upper_bound__minus__no_salary_hike_no_attrition,full_feature_upper_bound,no_salary_hike_no_attrition,ordinal_multiclass_performance,ordinal_mae,0.0775,0.2483333333333333,-0.1708333333333333,-0.1908333333333333,-0.1508333333333333,0.1708333333333333,0.1508333333333333,0.1908333333333333,0.0101834450203611,5000.0,5000.0,0.95,paired_stratified_percentile,outer_fold;y_true,42.0,lower,,False,False,False,False,False,none,pointwise_paired_oof_bootstrap_no_familywise_or_false_discovery_claim,,,,,,,,,,,,,
canonical_v2_20260714T221501Z_483f96f,51415c2ce68c89d9ce2b042b0a7a811fe3e98180b72460006f9d0465f6bf49b7,06c507bee525ea1daca43b61249764007d4d8baaa05c9333f23446ea723ce160,f1e358e99914563305428cece1b1595bc76a58643184407ec5b222162d650332,98ae57b622a56983192975c5bff94374ed51322f13c76af633c3c96ceb198cdd,leakage_policy_sensitivity,"{""dataset_sha256"":""b8deac0a615b97076622ae540f4cfd0d3c3f1e7acb83ba3ff6560470a9ccf60a""}",xgboost_exact_outer_fold_policy_models,same_fold_same_selected_candidate_policy_sensitivity,1200,paired_stratified_percentile_bootstrap_5000_draws,policy_ablation/policy_pairwise_tests.csv,37f3bf751b3b5308a772ef8f3a6da38e8c3ef3a7db112d1159a1d3414a4385bb,policy_pairwise_tests,24,c1300316fe5baec24e789c06aec35dd4f283fa4843b71c7aab1edbf4818f8e91,d483d8ddb93a47a99a2eab54fe3d138d8f614798dd418bca860ea3f20c813f51,b8deac0a615b97076622ae540f4cfd0d3c3f1e7acb83ba3ff6560470a9ccf60a,,,,1200,,,,,,,,,,,,,,,3528e4377f9907c2a7c1b51806abf09e0ec2d5513da630618b0a0cb9950a37d0,,,,full_feature_upper_bound__minus__no_salary_hike_no_attrition,full_feature_upper_bound,no_salary_hike_no_attrition,ordinal_multiclass_performance,severe_error_rate,0.0025,0.0025,0.0,0.0,0.0,-0.0,-0.0,0.0,0.0,5000.0,5000.0,0.95,paired_stratified_percentile,outer_fold;y_true,42.0,lower,,False,False,False,False,False,none,pointwise_paired_oof_bootstrap_no_familywise_or_false_discovery_claim,,,,,,,,,,,,,
canonical_v2_20260714T221501Z_483f96f,51415c2ce68c89d9ce2b042b0a7a811fe3e98180b72460006f9d0465f6bf49b7,06c507bee525ea1daca43b61249764007d4d8baaa05c9333f23446ea723ce160,f1e358e99914563305428cece1b1595bc76a58643184407ec5b222162d650332,98ae57b622a56983192975c5bff94374ed51322f13c76af633c3c96ceb198cdd,leakage_policy_sensitivity,"{""dataset_sha256"":""b8deac0a615b97076622ae540f4cfd0d3c3f1e7acb83ba3ff6560470a9ccf60a""}",xgboost_exact_outer_fold_policy_models,same_fold_same_selected_candidate_policy_sensitivity,1200,paired_stratified_percentile_bootstrap_5000_draws,policy_ablation/policy_pairwise_tests.csv,37f3bf751b3b5308a772ef8f3a6da38e8c3ef3a7db112d1159a1d3414a4385bb,policy_pairwise_tests,25,c1300316fe5baec24e789c06aec35dd4f283fa4843b71c7aab1edbf4818f8e91,d483d8ddb93a47a99a2eab54fe3d138d8f614798dd418bca860ea3f20c813f51,b8deac0a615b97076622ae540f4cfd0d3c3f1e7acb83ba3ff6560470a9ccf60a,,,,1200,,,,,,,,,,,,,,,3528e4377f9907c2a7c1b51806abf09e0ec2d5513da630618b0a0cb9950a37d0,,,,full_feature_upper_bound__minus__no_salary_hike_no_attrition,full_feature_upper_bound,no_salary_hike_no_attrition,ordinal_multiclass_performance,nll_log_loss,0.2223892052143236,0.5396320636037443,-0.3172428583894207,-0.347537233933402,-0.2874743193462707,0.3172428583894207,0.2874743193462707,0.347537233933402,0.0152765272607472,5000.0,5000.0,0.95,paired_stratified_percentile,outer_fold;y_true,42.0,lower,,False,False,False,False,False,none,pointwise_paired_oof_bootstrap_no_familywise_or_false_discovery_claim,,,,,,,,,,,,,
canonical_v2_20260714T221501Z_483f96f,51415c2ce68c89d9ce2b042b0a7a811fe3e98180b72460006f9d0465f6bf49b7,06c507bee525ea1daca43b61249764007d4d8baaa05c9333f23446ea723ce160,f1e358e99914563305428cece1b1595bc76a58643184407ec5b222162d650332,98ae57b622a56983192975c5bff94374ed51322f13c76af633c3c96ceb198cdd,leakage_policy_sensitivity,"{""dataset_sha256"":""b8deac0a615b97076622ae540f4cfd0d3c3f1e7acb83ba3ff6560470a9ccf60a""}",xgboost_exact_outer_fold_policy_models,same_fold_same_selected_candidate_policy_sensitivity,1200,paired_stratified_percentile_bootstrap_5000_draws,policy_ablation/policy_pairwise_tests.csv,37f3bf751b3b5308a772ef8f3a6da38e8c3ef3a7db112d1159a1d3414a4385bb,policy_pairwise_tests,26,c1300316fe5baec24e789c06aec35dd4f283fa4843b71c7aab1edbf4818f8e91,d483d8ddb93a47a99a2eab54fe3d138d8f614798dd418bca860ea3f20c813f51,b8deac0a615b97076622ae540f4cfd0d3c3f1e7acb83ba3ff6560470a9ccf60a,,,,1200,,,,,,,,,,,,,,,3528e4377f9907c2a7c1b51806abf09e0ec2d5513da630618b0a0cb9950a37d0,,,,full_feature_upper_bound__minus__no_salary_hike_no_attrition,full_feature_upper_bound,no_salary_hike_no_attrition,ordinal_multiclass_performance,multiclass_brier,0.1192936211165942,0.3348576250422374,-0.2155640039256431,-0.2348977714940264,-0.1962898360403964,0.2155640039256431,0.1962898360403963,0.2348977714940264,0.0097765248730249,5000.0,5000.0,0.95,paired_stratified_percentile,outer_fold;y_true,42.0,lower,,False,False,False,False,False,none,pointwise_paired_oof_bootstrap_no_familywise_or_false_discovery_claim,,,,,,,,,,,,,
canonical_v2_20260714T221501Z_483f96f,51415c2ce68c89d9ce2b042b0a7a811fe3e98180b72460006f9d0465f6bf49b7,06c507bee525ea1daca43b61249764007d4d8baaa05c9333f23446ea723ce160,f1e358e99914563305428cece1b1595bc76a58643184407ec5b222162d650332,98ae57b622a56983192975c5bff94374ed51322f13c76af633c3c96ceb198cdd,leakage_policy_sensitivity,"{""dataset_sha256"":""b8deac0a615b97076622ae540f4cfd0d3c3f1e7acb83ba3ff6560470a9ccf60a""}",xgboost_exact_outer_fold_policy_models,same_fold_same_selected_candidate_policy_sensitivity,1200,paired_stratified_percentile_bootstrap_5000_draws,policy_ablation/policy_pairwise_tests.csv,37f3bf751b3b5308a772ef8f3a6da38e8c3ef3a7db112d1159a1d3414a4385bb,policy_pairwise_tests,27,c1300316fe5baec24e789c06aec35dd4f283fa4843b71c7aab1edbf4818f8e91,d483d8ddb93a47a99a2eab54fe3d138d8f614798dd418bca860ea3f20c813f51,b8deac0a615b97076622ae540f4cfd0d3c3f1e7acb83ba3ff6560470a9ccf60a,,,,1200,,,,,,,,,,,,,,,3528e4377f9907c2a7c1b51806abf09e0ec2d5513da630618b0a0cb9950a37d0,,,,full_feature_upper_bound__minus__no_salary_hike_no_attrition,full_feature_upper_bound,no_salary_hike_no_attrition,ordinal_multiclass_performance,ece_confidence,0.0185249040781206,0.0452774045977991,-0.0267525005196785,-0.0494525682275339,-0.0078158084413802,0.0267525005196785,0.0078158084413802,0.0494525682275339,0.0107393201564118,5000.0,5000.0,0.95,paired_stratified_percentile,outer_fold;y_true,42.0,lower,,False,False,False,False,False,none,pointwise_paired_oof_bootstrap_no_familywise_or_false_discovery_claim,,,,,,,,,,,,,
canonical_v2_20260714T221501Z_483f96f,51415c2ce68c89d9ce2b042b0a7a811fe3e98180b72460006f9d0465f6bf49b7,06c507bee525ea1daca43b61249764007d4d8baaa05c9333f23446ea723ce160,f1e358e99914563305428cece1b1595bc76a58643184407ec5b222162d650332,98ae57b622a56983192975c5bff94374ed51322f13c76af633c3c96ceb198cdd,leakage_policy_sensitivity,"{""dataset_sha256"":""b8deac0a615b97076622ae540f4cfd0d3c3f1e7acb83ba3ff6560470a9ccf60a""}",xgboost_exact_outer_fold_policy_models,same_fold_same_selected_candidate_policy_sensitivity,1200,paired_stratified_percentile_bootstrap_5000_draws,policy_ablation/policy_pairwise_tests.csv,37f3bf751b3b5308a772ef8f3a6da38e8c3ef3a7db112d1159a1d3414a4385bb,policy_pairwise_tests,28,c1300316fe5baec24e789c06aec35dd4f283fa4843b71c7aab1edbf4818f8e91,d483d8ddb93a47a99a2eab54fe3d138d8f614798dd418bca860ea3f20c813f51,b8deac0a615b97076622ae540f4cfd0d3c3f1e7acb83ba3ff6560470a9ccf60a,,,,1200,,,,,,,,,,,,,,,3528e4377f9907c2a7c1b51806abf09e0ec2d5513da630618b0a0cb9950a37d0,,,,full_feature_upper_bound__minus__no_salary_hike_no_attrition_no_department,full_feature_upper_bound,no_salary_hike_no_attrition_no_department,ordinal_multiclass_performance,accuracy,0.925,0.7591666666666667,0.1658333333333334,0.1458333333333333,0.1858333333333334,0.1658333333333334,0.1458333333333333,0.1858333333333334,0.0104275885250745,5000.0,5000.0,0.95,paired_stratified_percentile,outer_fold;y_true,42.0,higher,,False,False,False,False,False,none,pointwise_paired_oof_bootstrap_no_familywise_or_false_discovery_claim,,,,,,,,,,,,,
canonical_v2_20260714T221501Z_483f96f,51415c2ce68c89d9ce2b042b0a7a811fe3e98180b72460006f9d0465f6bf49b7,06c507bee525ea1daca43b61249764007d4d8baaa05c9333f23446ea723ce160,f1e358e99914563305428cece1b1595bc76a58643184407ec5b222162d650332,98ae57b622a56983192975c5bff94374ed51322f13c76af633c3c96ceb198cdd,leakage_policy_sensitivity,"{""dataset_sha256"":""b8deac0a615b97076622ae540f4cfd0d3c3f1e7acb83ba3ff6560470a9ccf60a""}",xgboost_exact_outer_fold_policy_models,same_fold_same_selected_candidate_policy_sensitivity,1200,paired_stratified_percentile_bootstrap_5000_draws,policy_ablation/policy_pairwise_tests.csv,37f3bf751b3b5308a772ef8f3a6da38e8c3ef3a7db112d1159a1d3414a4385bb,policy_pairwise_tests,29,c1300316fe5baec24e789c06aec35dd4f283fa4843b71c7aab1edbf4818f8e91,d483d8ddb93a47a99a2eab54fe3d138d8f614798dd418bca860ea3f20c813f51,b8deac0a615b97076622ae540f4cfd0d3c3f1e7acb83ba3ff6560470a9ccf60a,,,,1200,,,,,,,,,,,,,,,3528e4377f9907c2a7c1b51806abf09e0ec2d5513da630618b0a0cb9950a37d0,,,,full_feature_upper_bound__minus__no_salary_hike_no_attrition_no_department,full_feature_upper_bound,no_salary_hike_no_attrition_no_department,ordinal_multiclass_performance,balanced_accuracy,0.8982051399364853,0.6360452170862891,0.2621599228501962,0.232134562199408,0.2914252339622127,0.2621599228501962,0.232134562199408,0.2914252339622127,0.0152182015909625,5000.0,5000.0,0.95,paired_stratified_percentile,outer_fold;y_true,42.0,higher,,False,False,False,False,False,none,pointwise_paired_oof_bootstrap_no_familywise_or_false_discovery_claim,,,,,,,,,,,,,
canonical_v2_20260714T221501Z_483f96f,51415c2ce68c89d9ce2b042b0a7a811fe3e98180b72460006f9d0465f6bf49b7,06c507bee525ea1daca43b61249764007d4d8baaa05c9333f23446ea723ce160,f1e358e99914563305428cece1b1595bc76a58643184407ec5b222162d650332,98ae57b622a56983192975c5bff94374ed51322f13c76af633c3c96ceb198cdd,leakage_policy_sensitivity,"{""dataset_sha256"":""b8deac0a615b97076622ae540f4cfd0d3c3f1e7acb83ba3ff6560470a9ccf60a""}",xgboost_exact_outer_fold_policy_models,same_fold_same_selected_candidate_policy_sensitivity,1200,paired_stratified_percentile_bootstrap_5000_draws,policy_ablation/policy_pairwise_tests.csv,37f3bf751b3b5308a772ef8f3a6da38e8c3ef3a7db112d1159a1d3414a4385bb,policy_pairwise_tests,30,c1300316fe5baec24e789c06aec35dd4f283fa4843b71c7aab1edbf4818f8e91,d483d8ddb93a47a99a2eab54fe3d138d8f614798dd418bca860ea3f20c813f51,b8deac0a615b97076622ae540f4cfd0d3c3f1e7acb83ba3ff6560470a9ccf60a,,,,1200,,,,,,,,,,,,,,,3528e4377f9907c2a7c1b51806abf09e0ec2d5513da630618b0a0cb9950a37d0,,,,full_feature_upper_bound__minus__no_salary_hike_no_attrition_no_department,full_feature_upper_bound,no_salary_hike_no_attrition_no_department,ordinal_multiclass_performance,macro_f1,0.8913552207839571,0.6210211647446707,0.2703340560392864,0.2437404995988628,0.2963853684421912,0.2703340560392864,0.2437404995988628,0.2963853684421912,0.0134880720777607,5000.0,5000.0,0.95,paired_stratified_percentile,outer_fold;y_true,42.0,higher,,False,False,False,False,False,none,pointwise_paired_oof_bootstrap_no_familywise_or_false_discovery_claim,,,,,,,,,,,,,
canonical_v2_20260714T221501Z_483f96f,51415c2ce68c89d9ce2b042b0a7a811fe3e98180b72460006f9d0465f6bf49b7,06c507bee525ea1daca43b61249764007d4d8baaa05c9333f23446ea723ce160,f1e358e99914563305428cece1b1595bc76a58643184407ec5b222162d650332,98ae57b622a56983192975c5bff94374ed51322f13c76af633c3c96ceb198cdd,leakage_policy_sensitivity,"{""dataset_sha256"":""b8deac0a615b97076622ae540f4cfd0d3c3f1e7acb83ba3ff6560470a9ccf60a""}",xgboost_exact_outer_fold_policy_models,same_fold_same_selected_candidate_policy_sensitivity,1200,paired_stratified_percentile_bootstrap_5000_draws,policy_ablation/policy_pairwise_tests.csv,37f3bf751b3b5308a772ef8f3a6da38e8c3ef3a7db112d1159a1d3414a4385bb,policy_pairwise_tests,31,c1300316fe5baec24e789c06aec35dd4f283fa4843b71c7aab1edbf4818f8e91,d483d8ddb93a47a99a2eab54fe3d138d8f614798dd418bca860ea3f20c813f51,b8deac0a615b97076622ae540f4cfd0d3c3f1e7acb83ba3ff6560470a9ccf60a,,,,1200,,,,,,,,,,,,,,,3528e4377f9907c2a7c1b51806abf09e0ec2d5513da630618b0a0cb9950a37d0,,,,full_feature_upper_bound__minus__no_salary_hike_no_attrition_no_department,full_feature_upper_bound,no_salary_hike_no_attrition_no_department,ordinal_multiclass_performance,quadratic_weighted_kappa,0.8495935988656218,0.567602077831626,0.2819915210339958,0.2512672665211945,0.3128878887429657,0.2819915210339958,0.2512672665211945,0.3128878887429657,0.0154980203015422,5000.0,5000.0,0.95,paired_stratified_percentile,outer_fold;y_true,42.0,higher,,False,False,False,False,False,none,pointwise_paired_oof_bootstrap_no_familywise_or_false_discovery_claim,,,,,,,,,,,,,
canonical_v2_20260714T221501Z_483f96f,51415c2ce68c89d9ce2b042b0a7a811fe3e98180b72460006f9d0465f6bf49b7,06c507bee525ea1daca43b61249764007d4d8baaa05c9333f23446ea723ce160,f1e358e99914563305428cece1b1595bc76a58643184407ec5b222162d650332,98ae57b622a56983192975c5bff94374ed51322f13c76af633c3c96ceb198cdd,leakage_policy_sensitivity,"{""dataset_sha256"":""b8deac0a615b97076622ae540f4cfd0d3c3f1e7acb83ba3ff6560470a9ccf60a""}",xgboost_exact_outer_fold_policy_models,same_fold_same_selected_candidate_policy_sensitivity,1200,paired_stratified_percentile_bootstrap_5000_draws,policy_ablation/policy_pairwise_tests.csv,37f3bf751b3b5308a772ef8f3a6da38e8c3ef3a7db112d1159a1d3414a4385bb,policy_pairwise_tests,32,c1300316fe5baec24e789c06aec35dd4f283fa4843b71c7aab1edbf4818f8e91,d483d8ddb93a47a99a2eab54fe3d138d8f614798dd418bca860ea3f20c813f51,b8deac0a615b97076622ae540f4cfd0d3c3f1e7acb83ba3ff6560470a9ccf60a,,,,1200,,,,,,,,,,,,,,,3528e4377f9907c2a7c1b51806abf09e0ec2d5513da630618b0a0cb9950a37d0,,,,full_feature_upper_bound__minus__no_salary_hike_no_attrition_no_department,full_feature_upper_bound,no_salary_hike_no_attrition_no_department,ordinal_multiclass_performance,ordinal_mae,0.0775,0.2433333333333333,-0.1658333333333333,-0.1858333333333333,-0.1458333333333333,0.1658333333333333,0.1458333333333333,0.1858333333333333,0.0104275885250745,5000.0,5000.0,0.95,paired_stratified_percentile,outer_fold;y_true,42.0,lower,,False,False,False,False,False,none,pointwise_paired_oof_bootstrap_no_familywise_or_false_discovery_claim,,,,,,,,,,,,,
canonical_v2_20260714T221501Z_483f96f,51415c2ce68c89d9ce2b042b0a7a811fe3e98180b72460006f9d0465f6bf49b7,06c507bee525ea1daca43b61249764007d4d8baaa05c9333f23446ea723ce160,f1e358e99914563305428cece1b1595bc76a58643184407ec5b222162d650332,98ae57b622a56983192975c5bff94374ed51322f13c76af633c3c96ceb198cdd,leakage_policy_sensitivity,"{""dataset_sha256"":""b8deac0a615b97076622ae540f4cfd0d3c3f1e7acb83ba3ff6560470a9ccf60a""}",xgboost_exact_outer_fold_policy_models,same_fold_same_selected_candidate_policy_sensitivity,1200,paired_stratified_percentile_bootstrap_5000_draws,policy_ablation/policy_pairwise_tests.csv,37f3bf751b3b5308a772ef8f3a6da38e8c3ef3a7db112d1159a1d3414a4385bb,policy_pairwise_tests,33,c1300316fe5baec24e789c06aec35dd4f283fa4843b71c7aab1edbf4818f8e91,d483d8ddb93a47a99a2eab54fe3d138d8f614798dd418bca860ea3f20c813f51,b8deac0a615b97076622ae540f4cfd0d3c3f1e7acb83ba3ff6560470a9ccf60a,,,,1200,,,,,,,,,,,,,,,3528e4377f9907c2a7c1b51806abf09e0ec2d5513da630618b0a0cb9950a37d0,,,,full_feature_upper_bound__minus__no_salary_hike_no_attrition_no_department,full_feature_upper_bound,no_salary_hike_no_attrition_no_department,ordinal_multiclass_performance,severe_error_rate,0.0025,0.0025,0.0,0.0,0.0,-0.0,-0.0,0.0,0.0,5000.0,5000.0,0.95,paired_stratified_percentile,outer_fold;y_true,42.0,lower,,False,False,False,False,False,none,pointwise_paired_oof_bootstrap_no_familywise_or_false_discovery_claim,,,,,,,,,,,,,
canonical_v2_20260714T221501Z_483f96f,51415c2ce68c89d9ce2b042b0a7a811fe3e98180b72460006f9d0465f6bf49b7,06c507bee525ea1daca43b61249764007d4d8baaa05c9333f23446ea723ce160,f1e358e99914563305428cece1b1595bc76a58643184407ec5b222162d650332,98ae57b622a56983192975c5bff94374ed51322f13c76af633c3c96ceb198cdd,leakage_policy_sensitivity,"{""dataset_sha256"":""b8deac0a615b97076622ae540f4cfd0d3c3f1e7acb83ba3ff6560470a9ccf60a""}",xgboost_exact_outer_fold_policy_models,same_fold_same_selected_candidate_policy_sensitivity,1200,paired_stratified_percentile_bootstrap_5000_draws,policy_ablation/policy_pairwise_tests.csv,37f3bf751b3b5308a772ef8f3a6da38e8c3ef3a7db112d1159a1d3414a4385bb,policy_pairwise_tests,34,c1300316fe5baec24e789c06aec35dd4f283fa4843b71c7aab1edbf4818f8e91,d483d8ddb93a47a99a2eab54fe3d138d8f614798dd418bca860ea3f20c813f51,b8deac0a615b97076622ae540f4cfd0d3c3f1e7acb83ba3ff6560470a9ccf60a,,,,1200,,,,,,,,,,,,,,,3528e4377f9907c2a7c1b51806abf09e0ec2d5513da630618b0a0cb9950a37d0,,,,full_feature_upper_bound__minus__no_salary_hike_no_attrition_no_department,full_feature_upper_bound,no_salary_hike_no_attrition_no_department,ordinal_multiclass_performance,nll_log_loss,0.2223892052143236,0.5514626110693018,-0.3290734058549782,-0.3598090566602908,-0.2982247661319707,0.3290734058549782,0.2982247661319707,0.3598090566602908,0.0155428191225242,5000.0,5000.0,0.95,paired_stratified_percentile,outer_fold;y_true,42.0,lower,,False,False,False,False,False,none,pointwise_paired_oof_bootstrap_no_familywise_or_false_discovery_claim,,,,,,,,,,,,,
canonical_v2_20260714T221501Z_483f96f,51415c2ce68c89d9ce2b042b0a7a811fe3e98180b72460006f9d0465f6bf49b7,06c507bee525ea1daca43b61249764007d4d8baaa05c9333f23446ea723ce160,f1e358e99914563305428cece1b1595bc76a58643184407ec5b222162d650332,98ae57b622a56983192975c5bff94374ed51322f13c76af633c3c96ceb198cdd,leakage_policy_sensitivity,"{""dataset_sha256"":""b8deac0a615b97076622ae540f4cfd0d3c3f1e7acb83ba3ff6560470a9ccf60a""}",xgboost_exact_outer_fold_policy_models,same_fold_same_selected_candidate_policy_sensitivity,1200,paired_stratified_percentile_bootstrap_5000_draws,policy_ablation/policy_pairwise_tests.csv,37f3bf751b3b5308a772ef8f3a6da38e8c3ef3a7db112d1159a1d3414a4385bb,policy_pairwise_tests,35,c1300316fe5baec24e789c06aec35dd4f283fa4843b71c7aab1edbf4818f8e91,d483d8ddb93a47a99a2eab54fe3d138d8f614798dd418bca860ea3f20c813f51,b8deac0a615b97076622ae540f4cfd0d3c3f1e7acb83ba3ff6560470a9ccf60a,,,,1200,,,,,,,,,,,,,,,3528e4377f9907c2a7c1b51806abf09e0ec2d5513da630618b0a0cb9950a37d0,,,,full_feature_upper_bound__minus__no_salary_hike_no_attrition_no_department,full_feature_upper_bound,no_salary_hike_no_attrition_no_department,ordinal_multiclass_performance,multiclass_brier,0.1192936211165942,0.342606326573343,-0.2233127054567488,-0.2429190171313576,-0.2037285894059349,0.2233127054567488,0.2037285894059348,0.2429190171313576,0.0099268493217553,5000.0,5000.0,0.95,paired_stratified_percentile,outer_fold;y_true,42.0,lower,,False,False,False,False,False,none,pointwise_paired_oof_bootstrap_no_familywise_or_false_discovery_claim,,,,,,,,,,,,,
canonical_v2_20260714T221501Z_483f96f,51415c2ce68c89d9ce2b042b0a7a811fe3e98180b72460006f9d0465f6bf49b7,06c507bee525ea1daca43b61249764007d4d8baaa05c9333f23446ea723ce160,f1e358e99914563305428cece1b1595bc76a58643184407ec5b222162d650332,98ae57b622a56983192975c5bff94374ed51322f13c76af633c3c96ceb198cdd,leakage_policy_sensitivity,"{""dataset_sha256"":""b8deac0a615b97076622ae540f4cfd0d3c3f1e7acb83ba3ff6560470a9ccf60a""}",xgboost_exact_outer_fold_policy_models,same_fold_same_selected_candidate_policy_sensitivity,1200,paired_stratified_percentile_bootstrap_5000_draws,policy_ablation/policy_pairwise_tests.csv,37f3bf751b3b5308a772ef8f3a6da38e8c3ef3a7db112d1159a1d3414a4385bb,policy_pairwise_tests,36,c1300316fe5baec24e789c06aec35dd4f283fa4843b71c7aab1edbf4818f8e91,d483d8ddb93a47a99a2eab54fe3d138d8f614798dd418bca860ea3f20c813f51,b8deac0a615b97076622ae540f4cfd0d3c3f1e7acb83ba3ff6560470a9ccf60a,,,,1200,,,,,,,,,,,,,,,3528e4377f9907c2a7c1b51806abf09e0ec2d5513da630618b0a0cb9950a37d0,,,,full_feature_upper_bound__minus__no_salary_hike_no_attrition_no_department,full_feature_upper_bound,no_salary_hike_no_attrition_no_department,ordinal_multiclass_performance,ece_confidence,0.0185249040781206,0.0375426568313583,-0.0190177527532376,-0.0458746322530308,-0.0060347253347035,0.0190177527532376,0.0060347253347035,0.0458746322530308,0.0101054816565736,5000.0,5000.0,0.95,paired_stratified_percentile,outer_fold;y_true,42.0,lower,,False,False,False,False,False,none,pointwise_paired_oof_bootstrap_no_familywise_or_false_discovery_claim,,,,,,,,,,,,,
canonical_v2_20260714T221501Z_483f96f,51415c2ce68c89d9ce2b042b0a7a811fe3e98180b72460006f9d0465f6bf49b7,06c507bee525ea1daca43b61249764007d4d8baaa05c9333f23446ea723ce160,f1e358e99914563305428cece1b1595bc76a58643184407ec5b222162d650332,98ae57b622a56983192975c5bff94374ed51322f13c76af633c3c96ceb198cdd,leakage_policy_sensitivity,"{""dataset_sha256"":""b8deac0a615b97076622ae540f4cfd0d3c3f1e7acb83ba3ff6560470a9ccf60a""}",xgboost_exact_outer_fold_policy_models,same_fold_same_selected_candidate_policy_sensitivity,1200,paired_stratified_percentile_bootstrap_5000_draws,policy_ablation/policy_pairwise_tests.csv,37f3bf751b3b5308a772ef8f3a6da38e8c3ef3a7db112d1159a1d3414a4385bb,policy_pairwise_tests,37,c1300316fe5baec24e789c06aec35dd4f283fa4843b71c7aab1edbf4818f8e91,d483d8ddb93a47a99a2eab54fe3d138d8f614798dd418bca860ea3f20c813f51,b8deac0a615b97076622ae540f4cfd0d3c3f1e7acb83ba3ff6560470a9ccf60a,,,,1200,,,,,,,,,,,,,,,3528e4377f9907c2a7c1b51806abf09e0ec2d5513da630618b0a0cb9950a37d0,,,,full_feature_upper_bound__minus__no_salary_hike_no_attrition_no_department_no_job_role,full_feature_upper_bound,no_salary_hike_no_attrition_no_department_no_job_role,ordinal_multiclass_performance,accuracy,0.925,0.7233333333333334,0.2016666666666666,0.1791666666666667,0.2241666666666666,0.2016666666666666,0.1791666666666667,0.2241666666666666,0.0114597734684528,5000.0,5000.0,0.95,paired_stratified_percentile,outer_fold;y_true,42.0,higher,,False,False,False,False,False,none,pointwise_paired_oof_bootstrap_no_familywise_or_false_discovery_claim,,,,,,,,,,,,,
canonical_v2_20260714T221501Z_483f96f,51415c2ce68c89d9ce2b042b0a7a811fe3e98180b72460006f9d0465f6bf49b7,06c507bee525ea1daca43b61249764007d4d8baaa05c9333f23446ea723ce160,f1e358e99914563305428cece1b1595bc76a58643184407ec5b222162d650332,98ae57b622a56983192975c5bff94374ed51322f13c76af633c3c96ceb198cdd,leakage_policy_sensitivity,"{""dataset_sha256"":""b8deac0a615b97076622ae540f4cfd0d3c3f1e7acb83ba3ff6560470a9ccf60a""}",xgboost_exact_outer_fold_policy_models,same_fold_same_selected_candidate_policy_sensitivity,1200,paired_stratified_percentile_bootstrap_5000_draws,policy_ablation/policy_pairwise_tests.csv,37f3bf751b3b5308a772ef8f3a6da38e8c3ef3a7db112d1159a1d3414a4385bb,policy_pairwise_tests,38,c1300316fe5baec24e789c06aec35dd4f283fa4843b71c7aab1edbf4818f8e91,d483d8ddb93a47a99a2eab54fe3d138d8f614798dd418bca860ea3f20c813f51,b8deac0a615b97076622ae540f4cfd0d3c3f1e7acb83ba3ff6560470a9ccf60a,,,,1200,,,,,,,,,,,,,,,3528e4377f9907c2a7c1b51806abf09e0ec2d5513da630618b0a0cb9950a37d0,,,,full_feature_upper_bound__minus__no_salary_hike_no_attrition_no_department_no_job_role,full_feature_upper_bound,no_salary_hike_no_attrition_no_department_no_job_role,ordinal_multiclass_performance,balanced_accuracy,0.8982051399364853,0.6249928214176014,0.2732123185188839,0.2418208691696507,0.303429327958392,0.2732123185188839,0.2418208691696507,0.303429327958392,0.0158695582094341,5000.0,5000.0,0.95,paired_stratified_percentile,outer_fold;y_true,42.0,higher,,False,False,False,False,False,none,pointwise_paired_oof_bootstrap_no_familywise_or_false_discovery_claim,,,,,,,,,,,,,
canonical_v2_20260714T221501Z_483f96f,51415c2ce68c89d9ce2b042b0a7a811fe3e98180b72460006f9d0465f6bf49b7,06c507bee525ea1daca43b61249764007d4d8baaa05c9333f23446ea723ce160,f1e358e99914563305428cece1b1595bc76a58643184407ec5b222162d650332,98ae57b622a56983192975c5bff94374ed51322f13c76af633c3c96ceb198cdd,leakage_policy_sensitivity,"{""dataset_sha256"":""b8deac0a615b97076622ae540f4cfd0d3c3f1e7acb83ba3ff6560470a9ccf60a""}",xgboost_exact_outer_fold_policy_models,same_fold_same_selected_candidate_policy_sensitivity,1200,paired_stratified_percentile_bootstrap_5000_draws,policy_ablation/policy_pairwise_tests.csv,37f3bf751b3b5308a772ef8f3a6da38e8c3ef3a7db112d1159a1d3414a4385bb,policy_pairwise_tests,39,c1300316fe5baec24e789c06aec35dd4f283fa4843b71c7aab1edbf4818f8e91,d483d8ddb93a47a99a2eab54fe3d138d8f614798dd418bca860ea3f20c813f51,b8deac0a615b97076622ae540f4cfd0d3c3f1e7acb83ba3ff6560470a9ccf60a,,,,1200,,,,,,,,,,,,,,,3528e4377f9907c2a7c1b51806abf09e0ec2d5513da630618b0a0cb9950a37d0,,,,full_feature_upper_bound__minus__no_salary_hike_no_attrition_no_department_no_job_role,full_feature_upper_bound,no_salary_hike_no_attrition_no_department_no_job_role,ordinal_multiclass_performance,macro_f1,0.8913552207839571,0.5880275901395676,0.3033276306443895,0.2750623317583524,0.3306105514721275,0.3033276306443895,0.2750623317583524,0.3306105514721275,0.0142072427227807,5000.0,5000.0,0.95,paired_stratified_percentile,outer_fold;y_true,42.0,higher,,False,False,False,False,False,none,pointwise_paired_oof_bootstrap_no_familywise_or_false_discovery_claim,,,,,,,,,,,,,
canonical_v2_20260714T221501Z_483f96f,51415c2ce68c89d9ce2b042b0a7a811fe3e98180b72460006f9d0465f6bf49b7,06c507bee525ea1daca43b61249764007d4d8baaa05c9333f23446ea723ce160,f1e358e99914563305428cece1b1595bc76a58643184407ec5b222162d650332,98ae57b622a56983192975c5bff94374ed51322f13c76af633c3c96ceb198cdd,leakage_policy_sensitivity,"{""dataset_sha256"":""b8deac0a615b97076622ae540f4cfd0d3c3f1e7acb83ba3ff6560470a9ccf60a""}",xgboost_exact_outer_fold_policy_models,same_fold_same_selected_candidate_policy_sensitivity,1200,paired_stratified_percentile_bootstrap_5000_draws,policy_ablation/policy_pairwise_tests.csv,37f3bf751b3b5308a772ef8f3a6da38e8c3ef3a7db112d1159a1d3414a4385bb,policy_pairwise_tests,40,c1300316fe5baec24e789c06aec35dd4f283fa4843b71c7aab1edbf4818f8e91,d483d8ddb93a47a99a2eab54fe3d138d8f614798dd418bca860ea3f20c813f51,b8deac0a615b97076622ae540f4cfd0d3c3f1e7acb83ba3ff6560470a9ccf60a,,,,1200,,,,,,,,,,,,,,,3528e4377f9907c2a7c1b51806abf09e0ec2d5513da630618b0a0cb9950a37d0,,,,full_feature_upper_bound__minus__no_salary_hike_no_attrition_no_department_no_job_role,full_feature_upper_bound,no_salary_hike_no_attrition_no_department_no_job_role,ordinal_multiclass_performance,quadratic_weighted_kappa,0.8495935988656218,0.533795321690263,0.3157982771753588,0.2835100189843634,0.3473556927472767,0.3157982771753588,0.2835100189843634,0.3473556927472767,0.0163970099338126,5000.0,5000.0,0.95,paired_stratified_percentile,outer_fold;y_true,42.0,higher,,False,False,False,False,False,none,pointwise_paired_oof_bootstrap_no_familywise_or_false_discovery_claim,,,,,,,,,,,,,
canonical_v2_20260714T221501Z_483f96f,51415c2ce68c89d9ce2b042b0a7a811fe3e98180b72460006f9d0465f6bf49b7,06c507bee525ea1daca43b61249764007d4d8baaa05c9333f23446ea723ce160,f1e358e99914563305428cece1b1595bc76a58643184407ec5b222162d650332,98ae57b622a56983192975c5bff94374ed51322f13c76af633c3c96ceb198cdd,leakage_policy_sensitivity,"{""dataset_sha256"":""b8deac0a615b97076622ae540f4cfd0d3c3f1e7acb83ba3ff6560470a9ccf60a""}",xgboost_exact_outer_fold_policy_models,same_fold_same_selected_candidate_policy_sensitivity,1200,paired_stratified_percentile_bootstrap_5000_draws,policy_ablation/policy_pairwise_tests.csv,37f3bf751b3b5308a772ef8f3a6da38e8c3ef3a7db112d1159a1d3414a4385bb,policy_pairwise_tests,41,c1300316fe5baec24e789c06aec35dd4f283fa4843b71c7aab1edbf4818f8e91,d483d8ddb93a47a99a2eab54fe3d138d8f614798dd418bca860ea3f20c813f51,b8deac0a615b97076622ae540f4cfd0d3c3f1e7acb83ba3ff6560470a9ccf60a,,,,1200,,,,,,,,,,,,,,,3528e4377f9907c2a7c1b51806abf09e0ec2d5513da630618b0a0cb9950a37d0,,,,full_feature_upper_bound__minus__no_salary_hike_no_attrition_no_department_no_job_role,full_feature_upper_bound,no_salary_hike_no_attrition_no_department_no_job_role,ordinal_multiclass_performance,ordinal_mae,0.0775,0.28,-0.2025,-0.225,-0.18,0.2025,0.18,0.225,0.0114912898876492,5000.0,5000.0,0.95,paired_stratified_percentile,outer_fold;y_true,42.0,lower,,False,False,False,False,False,none,pointwise_paired_oof_bootstrap_no_familywise_or_false_discovery_claim,,,,,,,,,,,,,
canonical_v2_20260714T221501Z_483f96f,51415c2ce68c89d9ce2b042b0a7a811fe3e98180b72460006f9d0465f6bf49b7,06c507bee525ea1daca43b61249764007d4d8baaa05c9333f23446ea723ce160,f1e358e99914563305428cece1b1595bc76a58643184407ec5b222162d650332,98ae57b622a56983192975c5bff94374ed51322f13c76af633c3c96ceb198cdd,leakage_policy_sensitivity,"{""dataset_sha256"":""b8deac0a615b97076622ae540f4cfd0d3c3f1e7acb83ba3ff6560470a9ccf60a""}",xgboost_exact_outer_fold_policy_models,same_fold_same_selected_candidate_policy_sensitivity,1200,paired_stratified_percentile_bootstrap_5000_draws,policy_ablation/policy_pairwise_tests.csv,37f3bf751b3b5308a772ef8f3a6da38e8c3ef3a7db112d1159a1d3414a4385bb,policy_pairwise_tests,42,c1300316fe5baec24e789c06aec35dd4f283fa4843b71c7aab1edbf4818f8e91,d483d8ddb93a47a99a2eab54fe3d138d8f614798dd418bca860ea3f20c813f51,b8deac0a615b97076622ae540f4cfd0d3c3f1e7acb83ba3ff6560470a9ccf60a,,,,1200,,,,,,,,,,,,,,,3528e4377f9907c2a7c1b51806abf09e0ec2d5513da630618b0a0cb9950a37d0,,,,full_feature_upper_bound__minus__no_salary_hike_no_attrition_no_department_no_job_role,full_feature_upper_bound,no_salary_hike_no_attrition_no_department_no_job_role,ordinal_multiclass_performance,severe_error_rate,0.0025,0.0033333333333333,-0.0008333333333333,-0.0025,0.0,0.0008333333333333,-0.0,0.0025,0.0008182765925914,5000.0,5000.0,0.95,paired_stratified_percentile,outer_fold;y_true,42.0,lower,,False,False,False,False,False,none,pointwise_paired_oof_bootstrap_no_familywise_or_false_discovery_claim,,,,,,,,,,,,,
canonical_v2_20260714T221501Z_483f96f,51415c2ce68c89d9ce2b042b0a7a811fe3e98180b72460006f9d0465f6bf49b7,06c507bee525ea1daca43b61249764007d4d8baaa05c9333f23446ea723ce160,f1e358e99914563305428cece1b1595bc76a58643184407ec5b222162d650332,98ae57b622a56983192975c5bff94374ed51322f13c76af633c3c96ceb198cdd,leakage_policy_sensitivity,"{""dataset_sha256"":""b8deac0a615b97076622ae540f4cfd0d3c3f1e7acb83ba3ff6560470a9ccf60a""}",xgboost_exact_outer_fold_policy_models,same_fold_same_selected_candidate_policy_sensitivity,1200,paired_stratified_percentile_bootstrap_5000_draws,policy_ablation/policy_pairwise_tests.csv,37f3bf751b3b5308a772ef8f3a6da38e8c3ef3a7db112d1159a1d3414a4385bb,policy_pairwise_tests,43,c1300316fe5baec24e789c06aec35dd4f283fa4843b71c7aab1edbf4818f8e91,d483d8ddb93a47a99a2eab54fe3d138d8f614798dd418bca860ea3f20c813f51,b8deac0a615b97076622ae540f4cfd0d3c3f1e7acb83ba3ff6560470a9ccf60a,,,,1200,,,,,,,,,,,,,,,3528e4377f9907c2a7c1b51806abf09e0ec2d5513da630618b0a0cb9950a37d0,,,,full_feature_upper_bound__minus__no_salary_hike_no_attrition_no_department_no_job_role,full_feature_upper_bound,no_salary_hike_no_attrition_no_department_no_job_role,ordinal_multiclass_performance,nll_log_loss,0.2223892052143236,0.6216621001121422,-0.3992728948978186,-0.4397365876272328,-0.3585138488592851,0.3992728948978186,0.3585138488592851,0.4397365876272328,0.0207753803583643,5000.0,5000.0,0.95,paired_stratified_percentile,outer_fold;y_true,42.0,lower,,False,False,False,False,False,none,pointwise_paired_oof_bootstrap_no_familywise_or_false_discovery_claim,,,,,,,,,,,,,
canonical_v2_20260714T221501Z_483f96f,51415c2ce68c89d9ce2b042b0a7a811fe3e98180b72460006f9d0465f6bf49b7,06c507bee525ea1daca43b61249764007d4d8baaa05c9333f23446ea723ce160,f1e358e99914563305428cece1b1595bc76a58643184407ec5b222162d650332,98ae57b622a56983192975c5bff94374ed51322f13c76af633c3c96ceb198cdd,leakage_policy_sensitivity,"{""dataset_sha256"":""b8deac0a615b97076622ae540f4cfd0d3c3f1e7acb83ba3ff6560470a9ccf60a""}",xgboost_exact_outer_fold_policy_models,same_fold_same_selected_candidate_policy_sensitivity,1200,paired_stratified_percentile_bootstrap_5000_draws,policy_ablation/policy_pairwise_tests.csv,37f3bf751b3b5308a772ef8f3a6da38e8c3ef3a7db112d1159a1d3414a4385bb,policy_pairwise_tests,44,c1300316fe5baec24e789c06aec35dd4f283fa4843b71c7aab1edbf4818f8e91,d483d8ddb93a47a99a2eab54fe3d138d8f614798dd418bca860ea3f20c813f51,b8deac0a615b97076622ae540f4cfd0d3c3f1e7acb83ba3ff6560470a9ccf60a,,,,1200,,,,,,,,,,,,,,,3528e4377f9907c2a7c1b51806abf09e0ec2d5513da630618b0a0cb9950a37d0,,,,full_feature_upper_bound__minus__no_salary_hike_no_attrition_no_department_no_job_role,full_feature_upper_bound,no_salary_hike_no_attrition_no_department_no_job_role,ordinal_multiclass_performance,multiclass_brier,0.1192936211165942,0.3856139232431197,-0.2663203021265255,-0.2904445324921262,-0.2418931229126424,0.2663203021265255,0.2418931229126424,0.2904445324921262,0.0124869787111447,5000.0,5000.0,0.95,paired_stratified_percentile,outer_fold;y_true,42.0,lower,,False,False,False,False,False,none,pointwise_paired_oof_bootstrap_no_familywise_or_false_discovery_claim,,,,,,,,,,,,,
canonical_v2_20260714T221501Z_483f96f,51415c2ce68c89d9ce2b042b0a7a811fe3e98180b72460006f9d0465f6bf49b7,06c507bee525ea1daca43b61249764007d4d8baaa05c9333f23446ea723ce160,f1e358e99914563305428cece1b1595bc76a58643184407ec5b222162d650332,98ae57b622a56983192975c5bff94374ed51322f13c76af633c3c96ceb198cdd,leakage_policy_sensitivity,"{""dataset_sha256"":""b8deac0a615b97076622ae540f4cfd0d3c3f1e7acb83ba3ff6560470a9ccf60a""}",xgboost_exact_outer_fold_policy_models,same_fold_same_selected_candidate_policy_sensitivity,1200,paired_stratified_percentile_bootstrap_5000_draws,policy_ablation/policy_pairwise_tests.csv,37f3bf751b3b5308a772ef8f3a6da38e8c3ef3a7db112d1159a1d3414a4385bb,policy_pairwise_tests,45,c1300316fe5baec24e789c06aec35dd4f283fa4843b71c7aab1edbf4818f8e91,d483d8ddb93a47a99a2eab54fe3d138d8f614798dd418bca860ea3f20c813f51,b8deac0a615b97076622ae540f4cfd0d3c3f1e7acb83ba3ff6560470a9ccf60a,,,,1200,,,,,,,,,,,,,,,3528e4377f9907c2a7c1b51806abf09e0ec2d5513da630618b0a0cb9950a37d0,,,,full_feature_upper_bound__minus__no_salary_hike_no_attrition_no_department_no_job_role,full_feature_upper_bound,no_salary_hike_no_attrition_no_department_no_job_role,ordinal_multiclass_performance,ece_confidence,0.0185249040781206,0.0578324226833836,-0.0393075186052629,-0.0645192536499001,-0.0213311890746696,0.0393075186052629,0.0213311890746696,0.0645192536499001,0.0110762094764319,5000.0,5000.0,0.95,paired_stratified_percentile,outer_fold;y_true,42.0,lower,,False,False,False,False,False,none,pointwise_paired_oof_bootstrap_no_familywise_or_false_discovery_claim,,,,,,,,,,,,,
canonical_v2_20260714T221501Z_483f96f,51415c2ce68c89d9ce2b042b0a7a811fe3e98180b72460006f9d0465f6bf49b7,06c507bee525ea1daca43b61249764007d4d8baaa05c9333f23446ea723ce160,f1e358e99914563305428cece1b1595bc76a58643184407ec5b222162d650332,98ae57b622a56983192975c5bff94374ed51322f13c76af633c3c96ceb198cdd,leakage_policy_sensitivity,"{""dataset_sha256"":""b8deac0a615b97076622ae540f4cfd0d3c3f1e7acb83ba3ff6560470a9ccf60a""}",xgboost_exact_outer_fold_policy_models,same_fold_same_selected_candidate_policy_sensitivity,1200,paired_stratified_percentile_bootstrap_5000_draws,policy_ablation/policy_pairwise_tests.csv,37f3bf751b3b5308a772ef8f3a6da38e8c3ef3a7db112d1159a1d3414a4385bb,policy_pairwise_tests,46,c1300316fe5baec24e789c06aec35dd4f283fa4843b71c7aab1edbf4818f8e91,d483d8ddb93a47a99a2eab54fe3d138d8f614798dd418bca860ea3f20c813f51,b8deac0a615b97076622ae540f4cfd0d3c3f1e7acb83ba3ff6560470a9ccf60a,,,,1200,,,,,,,,,,,,,,,3528e4377f9907c2a7c1b51806abf09e0ec2d5513da630618b0a0cb9950a37d0,,,,no_salary_hike__minus__no_salary_hike_no_attrition_sensitive_retaining_audit,no_salary_hike,no_salary_hike_no_attrition_sensitive_retaining_audit,ordinal_multiclass_performance,accuracy,0.7733333333333333,0.7708333333333334,0.0024999999999999,-0.0075,0.0133333333333333,0.0024999999999999,-0.0075,0.0133333333333333,0.0053354126121805,5000.0,5000.0,0.95,paired_stratified_percentile,outer_fold;y_true,42.0,higher,,False,False,False,True,True,none,pointwise_paired_oof_bootstrap_no_familywise_or_false_discovery_claim,,,,,,,,,,,,,
canonical_v2_20260714T221501Z_483f96f,51415c2ce68c89d9ce2b042b0a7a811fe3e98180b72460006f9d0465f6bf49b7,06c507bee525ea1daca43b61249764007d4d8baaa05c9333f23446ea723ce160,f1e358e99914563305428cece1b1595bc76a58643184407ec5b222162d650332,98ae57b622a56983192975c5bff94374ed51322f13c76af633c3c96ceb198cdd,leakage_policy_sensitivity,"{""dataset_sha256"":""b8deac0a615b97076622ae540f4cfd0d3c3f1e7acb83ba3ff6560470a9ccf60a""}",xgboost_exact_outer_fold_policy_models,same_fold_same_selected_candidate_policy_sensitivity,1200,paired_stratified_percentile_bootstrap_5000_draws,policy_ablation/policy_pairwise_tests.csv,37f3bf751b3b5308a772ef8f3a6da38e8c3ef3a7db112d1159a1d3414a4385bb,policy_pairwise_tests,47,c1300316fe5baec24e789c06aec35dd4f283fa4843b71c7aab1edbf4818f8e91,d483d8ddb93a47a99a2eab54fe3d138d8f614798dd418bca860ea3f20c813f51,b8deac0a615b97076622ae540f4cfd0d3c3f1e7acb83ba3ff6560470a9ccf60a,,,,1200,,,,,,,,,,,,,,,3528e4377f9907c2a7c1b51806abf09e0ec2d5513da630618b0a0cb9950a37d0,,,,no_salary_hike__minus__no_salary_hike_no_attrition_sensitive_retaining_audit,no_salary_hike,no_salary_hike_no_attrition_sensitive_retaining_audit,ordinal_multiclass_performance,balanced_accuracy,0.637711303509034,0.6400478278264968,-0.0023365243174627,-0.0176767676767677,0.0128149908340523,-0.0023365243174627,-0.0176767676767677,0.0128149908340523,0.0078153380664569,5000.0,5000.0,0.95,paired_stratified_percentile,outer_fold;y_true,42.0,higher,,False,False,False,True,True,none,pointwise_paired_oof_bootstrap_no_familywise_or_false_discovery_claim,,,,,,,,,,,,,
canonical_v2_20260714T221501Z_483f96f,51415c2ce68c89d9ce2b042b0a7a811fe3e98180b72460006f9d0465f6bf49b7,06c507bee525ea1daca43b61249764007d4d8baaa05c9333f23446ea723ce160,f1e358e99914563305428cece1b1595bc76a58643184407ec5b222162d650332,98ae57b622a56983192975c5bff94374ed51322f13c76af633c3c96ceb198cdd,leakage_policy_sensitivity,"{""dataset_sha256"":""b8deac0a615b97076622ae540f4cfd0d3c3f1e7acb83ba3ff6560470a9ccf60a""}",xgboost_exact_outer_fold_policy_models,same_fold_same_selected_candidate_policy_sensitivity,1200,paired_stratified_percentile_bootstrap_5000_draws,policy_ablation/policy_pairwise_tests.csv,37f3bf751b3b5308a772ef8f3a6da38e8c3ef3a7db112d1159a1d3414a4385bb,policy_pairwise_tests,48,c1300316fe5baec24e789c06aec35dd4f283fa4843b71c7aab1edbf4818f8e91,d483d8ddb93a47a99a2eab54fe3d138d8f614798dd418bca860ea3f20c813f51,b8deac0a615b97076622ae540f4cfd0d3c3f1e7acb83ba3ff6560470a9ccf60a,,,,1200,,,,,,,,,,,,,,,3528e4377f9907c2a7c1b51806abf09e0ec2d5513da630618b0a0cb9950a37d0,,,,no_salary_hike__minus__no_salary_hike_no_attrition_sensitive_retaining_audit,no_salary_hike,no_salary_hike_no_attrition_sensitive_retaining_audit,ordinal_multiclass_performance,macro_f1,0.6270282387001987,0.6278873375943658,-0.000859098894167,-0.0159842130756341,0.0136976696014374,-0.000859098894167,-0.0159842130756341,0.0136976696014374,0.0076144704031255,5000.0,5000.0,0.95,paired_stratified_percentile,outer_fold;y_true,42.0,higher,,False,False,False,True,True,none,pointwise_paired_oof_bootstrap_no_familywise_or_false_discovery_claim,,,,,,,,,,,,,
canonical_v2_20260714T221501Z_483f96f,51415c2ce68c89d9ce2b042b0a7a811fe3e98180b72460006f9d0465f6bf49b7,06c507bee525ea1daca43b61249764007d4d8baaa05c9333f23446ea723ce160,f1e358e99914563305428cece1b1595bc76a58643184407ec5b222162d650332,98ae57b622a56983192975c5bff94374ed51322f13c76af633c3c96ceb198cdd,leakage_policy_sensitivity,"{""dataset_sha256"":""b8deac0a615b97076622ae540f4cfd0d3c3f1e7acb83ba3ff6560470a9ccf60a""}",xgboost_exact_outer_fold_policy_models,same_fold_same_selected_candidate_policy_sensitivity,1200,paired_stratified_percentile_bootstrap_5000_draws,policy_ablation/policy_pairwise_tests.csv,37f3bf751b3b5308a772ef8f3a6da38e8c3ef3a7db112d1159a1d3414a4385bb,policy_pairwise_tests,49,c1300316fe5baec24e789c06aec35dd4f283fa4843b71c7aab1edbf4818f8e91,d483d8ddb93a47a99a2eab54fe3d138d8f614798dd418bca860ea3f20c813f51,b8deac0a615b97076622ae540f4cfd0d3c3f1e7acb83ba3ff6560470a9ccf60a,,,,1200,,,,,,,,,,,,,,,3528e4377f9907c2a7c1b51806abf09e0ec2d5513da630618b0a0cb9950a37d0,,,,no_salary_hike__minus__no_salary_hike_no_attrition_sensitive_retaining_audit,no_salary_hike,no_salary_hike_no_attrition_sensitive_retaining_audit,ordinal_multiclass_performance,quadratic_weighted_kappa,0.5812874657348556,0.5813780260707635,-9.056033590792988e-05,-0.0160792406493051,0.0152207328268766,-9.056033590792988e-05,-0.0160792406493051,0.0152207328268766,0.0080573115732038,5000.0,5000.0,0.95,paired_stratified_percentile,outer_fold;y_true,42.0,higher,,False,False,False,True,True,none,pointwise_paired_oof_bootstrap_no_familywise_or_false_discovery_claim,,,,,,,,,,,,,
canonical_v2_20260714T221501Z_483f96f,51415c2ce68c89d9ce2b042b0a7a811fe3e98180b72460006f9d0465f6bf49b7,06c507bee525ea1daca43b61249764007d4d8baaa05c9333f23446ea723ce160,f1e358e99914563305428cece1b1595bc76a58643184407ec5b222162d650332,98ae57b622a56983192975c5bff94374ed51322f13c76af633c3c96ceb198cdd,leakage_policy_sensitivity,"{""dataset_sha256"":""b8deac0a615b97076622ae540f4cfd0d3c3f1e7acb83ba3ff6560470a9ccf60a""}",xgboost_exact_outer_fold_policy_models,same_fold_same_selected_candidate_policy_sensitivity,1200,paired_stratified_percentile_bootstrap_5000_draws,policy_ablation/policy_pairwise_tests.csv,37f3bf751b3b5308a772ef8f3a6da38e8c3ef3a7db112d1159a1d3414a4385bb,policy_pairwise_tests,50,c1300316fe5baec24e789c06aec35dd4f283fa4843b71c7aab1edbf4818f8e91,d483d8ddb93a47a99a2eab54fe3d138d8f614798dd418bca860ea3f20c813f51,b8deac0a615b97076622ae540f4cfd0d3c3f1e7acb83ba3ff6560470a9ccf60a,,,,1200,,,,,,,,,,,,,,,3528e4377f9907c2a7c1b51806abf09e0ec2d5513da630618b0a0cb9950a37d0,,,,no_salary_hike__minus__no_salary_hike_no_attrition_sensitive_retaining_audit,no_salary_hike,no_salary_hike_no_attrition_sensitive_retaining_audit,ordinal_multiclass_performance,ordinal_mae,0.2283333333333333,0.2308333333333333,-0.0025,-0.0133333333333333,0.0075,0.0025,-0.0075,0.0133333333333333,0.0053354126121805,5000.0,5000.0,0.95,paired_stratified_percentile,outer_fold;y_true,42.0,lower,,False,False,False,True,True,none,pointwise_paired_oof_bootstrap_no_familywise_or_false_discovery_claim,,,,,,,,,,,,,
canonical_v2_20260714T221501Z_483f96f,51415c2ce68c89d9ce2b042b0a7a811fe3e98180b72460006f9d0465f6bf49b7,06c507bee525ea1daca43b61249764007d4d8baaa05c9333f23446ea723ce160,f1e358e99914563305428cece1b1595bc76a58643184407ec5b222162d650332,98ae57b622a56983192975c5bff94374ed51322f13c76af633c3c96ceb198cdd,leakage_policy_sensitivity,"{""dataset_sha256"":""b8deac0a615b97076622ae540f4cfd0d3c3f1e7acb83ba3ff6560470a9ccf60a""}",xgboost_exact_outer_fold_policy_models,same_fold_same_selected_candidate_policy_sensitivity,1200,paired_stratified_percentile_bootstrap_5000_draws,policy_ablation/policy_pairwise_tests.csv,37f3bf751b3b5308a772ef8f3a6da38e8c3ef3a7db112d1159a1d3414a4385bb,policy_pairwise_tests,51,c1300316fe5baec24e789c06aec35dd4f283fa4843b71c7aab1edbf4818f8e91,d483d8ddb93a47a99a2eab54fe3d138d8f614798dd418bca860ea3f20c813f51,b8deac0a615b97076622ae540f4cfd0d3c3f1e7acb83ba3ff6560470a9ccf60a,,,,1200,,,,,,,,,,,,,,,3528e4377f9907c2a7c1b51806abf09e0ec2d5513da630618b0a0cb9950a37d0,,,,no_salary_hike__minus__no_salary_hike_no_attrition_sensitive_retaining_audit,no_salary_hike,no_salary_hike_no_attrition_sensitive_retaining_audit,ordinal_multiclass_performance,severe_error_rate,0.0016666666666666,0.0016666666666666,0.0,0.0,0.0,-0.0,-0.0,0.0,0.0,5000.0,5000.0,0.95,paired_stratified_percentile,outer_fold;y_true,42.0,lower,,False,False,False,True,True,none,pointwise_paired_oof_bootstrap_no_familywise_or_false_discovery_claim,,,,,,,,,,,,,
canonical_v2_20260714T221501Z_483f96f,51415c2ce68c89d9ce2b042b0a7a811fe3e98180b72460006f9d0465f6bf49b7,06c507bee525ea1daca43b61249764007d4d8baaa05c9333f23446ea723ce160,f1e358e99914563305428cece1b1595bc76a58643184407ec5b222162d650332,98ae57b622a56983192975c5bff94374ed51322f13c76af633c3c96ceb198cdd,leakage_policy_sensitivity,"{""dataset_sha256"":""b8deac0a615b97076622ae540f4cfd0d3c3f1e7acb83ba3ff6560470a9ccf60a""}",xgboost_exact_outer_fold_policy_models,same_fold_same_selected_candidate_policy_sensitivity,1200,paired_stratified_percentile_bootstrap_5000_draws,policy_ablation/policy_pairwise_tests.csv,37f3bf751b3b5308a772ef8f3a6da38e8c3ef3a7db112d1159a1d3414a4385bb,policy_pairwise_tests,52,c1300316fe5baec24e789c06aec35dd4f283fa4843b71c7aab1edbf4818f8e91,d483d8ddb93a47a99a2eab54fe3d138d8f614798dd418bca860ea3f20c813f51,b8deac0a615b97076622ae540f4cfd0d3c3f1e7acb83ba3ff6560470a9ccf60a,,,,1200,,,,,,,,,,,,,,,3528e4377f9907c2a7c1b51806abf09e0ec2d5513da630618b0a0cb9950a37d0,,,,no_salary_hike__minus__no_salary_hike_no_attrition_sensitive_retaining_audit,no_salary_hike,no_salary_hike_no_attrition_sensitive_retaining_audit,ordinal_multiclass_performance,nll_log_loss,0.5423096303869286,0.5441086871505008,-0.0017990567635721,-0.0069465896009419,0.0032384220501705,0.0017990567635721,-0.0032384220501705,0.0069465896009419,0.002609066739097,5000.0,5000.0,0.95,paired_stratified_percentile,outer_fold;y_true,42.0,lower,,False,False,False,True,True,none,pointwise_paired_oof_bootstrap_no_familywise_or_false_discovery_claim,,,,,,,,,,,,,
canonical_v2_20260714T221501Z_483f96f,51415c2ce68c89d9ce2b042b0a7a811fe3e98180b72460006f9d0465f6bf49b7,06c507bee525ea1daca43b61249764007d4d8baaa05c9333f23446ea723ce160,f1e358e99914563305428cece1b1595bc76a58643184407ec5b222162d650332,98ae57b622a56983192975c5bff94374ed51322f13c76af633c3c96ceb198cdd,leakage_policy_sensitivity,"{""dataset_sha256"":""b8deac0a615b97076622ae540f4cfd0d3c3f1e7acb83ba3ff6560470a9ccf60a""}",xgboost_exact_outer_fold_policy_models,same_fold_same_selected_candidate_policy_sensitivity,1200,paired_stratified_percentile_bootstrap_5000_draws,policy_ablation/policy_pairwise_tests.csv,37f3bf751b3b5308a772ef8f3a6da38e8c3ef3a7db112d1159a1d3414a4385bb,policy_pairwise_tests,53,c1300316fe5baec24e789c06aec35dd4f283fa4843b71c7aab1edbf4818f8e91,d483d8ddb93a47a99a2eab54fe3d138d8f614798dd418bca860ea3f20c813f51,b8deac0a615b97076622ae540f4cfd0d3c3f1e7acb83ba3ff6560470a9ccf60a,,,,1200,,,,,,,,,,,,,,,3528e4377f9907c2a7c1b51806abf09e0ec2d5513da630618b0a0cb9950a37d0,,,,no_salary_hike__minus__no_salary_hike_no_attrition_sensitive_retaining_audit,no_salary_hike,no_salary_hike_no_attrition_sensitive_retaining_audit,ordinal_multiclass_performance,multiclass_brier,0.3326614479859311,0.3345440935368255,-0.0018826455508944,-0.0052922723045577,0.0014565292859394,0.0018826455508944,-0.0014565292859394,0.0052922723045577,0.0017523964778153,5000.0,5000.0,0.95,paired_stratified_percentile,outer_fold;y_true,42.0,lower,,False,False,False,True,True,none,pointwise_paired_oof_bootstrap_no_familywise_or_false_discovery_claim,,,,,,,,,,,,,
canonical_v2_20260714T221501Z_483f96f,51415c2ce68c89d9ce2b042b0a7a811fe3e98180b72460006f9d0465f6bf49b7,06c507bee525ea1daca43b61249764007d4d8baaa05c9333f23446ea723ce160,f1e358e99914563305428cece1b1595bc76a58643184407ec5b222162d650332,98ae57b622a56983192975c5bff94374ed51322f13c76af633c3c96ceb198cdd,leakage_policy_sensitivity,"{""dataset_sha256"":""b8deac0a615b97076622ae540f4cfd0d3c3f1e7acb83ba3ff6560470a9ccf60a""}",xgboost_exact_outer_fold_policy_models,same_fold_same_selected_candidate_policy_sensitivity,1200,paired_stratified_percentile_bootstrap_5000_draws,policy_ablation/policy_pairwise_tests.csv,37f3bf751b3b5308a772ef8f3a6da38e8c3ef3a7db112d1159a1d3414a4385bb,policy_pairwise_tests,54,c1300316fe5baec24e789c06aec35dd4f283fa4843b71c7aab1edbf4818f8e91,d483d8ddb93a47a99a2eab54fe3d138d8f614798dd418bca860ea3f20c813f51,b8deac0a615b97076622ae540f4cfd0d3c3f1e7acb83ba3ff6560470a9ccf60a,,,,1200,,,,,,,,,,,,,,,3528e4377f9907c2a7c1b51806abf09e0ec2d5513da630618b0a0cb9950a37d0,,,,no_salary_hike__minus__no_salary_hike_no_attrition_sensitive_retaining_audit,no_salary_hike,no_salary_hike_no_attrition_sensitive_retaining_audit,ordinal_multiclass_performance,ece_confidence,0.0476821886092085,0.0455902970342997,0.0020918915749087,-0.0129980582594456,0.017257401219449,-0.0020918915749087,-0.017257401219449,0.0129980582594456,0.0076468453047647,5000.0,5000.0,0.95,paired_stratified_percentile,outer_fold;y_true,42.0,lower,,False,False,False,True,True,none,pointwise_paired_oof_bootstrap_no_familywise_or_false_discovery_claim,,,,,,,,,,,,,
canonical_v2_20260714T221501Z_483f96f,51415c2ce68c89d9ce2b042b0a7a811fe3e98180b72460006f9d0465f6bf49b7,06c507bee525ea1daca43b61249764007d4d8baaa05c9333f23446ea723ce160,f1e358e99914563305428cece1b1595bc76a58643184407ec5b222162d650332,98ae57b622a56983192975c5bff94374ed51322f13c76af633c3c96ceb198cdd,leakage_policy_sensitivity,"{""dataset_sha256"":""b8deac0a615b97076622ae540f4cfd0d3c3f1e7acb83ba3ff6560470a9ccf60a""}",xgboost_exact_outer_fold_policy_models,same_fold_same_selected_candidate_policy_sensitivity,1200,paired_stratified_percentile_bootstrap_5000_draws,policy_ablation/policy_pairwise_tests.csv,37f3bf751b3b5308a772ef8f3a6da38e8c3ef3a7db112d1159a1d3414a4385bb,policy_pairwise_tests,55,c1300316fe5baec24e789c06aec35dd4f283fa4843b71c7aab1edbf4818f8e91,d483d8ddb93a47a99a2eab54fe3d138d8f614798dd418bca860ea3f20c813f51,b8deac0a615b97076622ae540f4cfd0d3c3f1e7acb83ba3ff6560470a9ccf60a,,,,1200,,,,,,,,,,,,,,,3528e4377f9907c2a7c1b51806abf09e0ec2d5513da630618b0a0cb9950a37d0,,,,no_salary_hike__minus__no_salary_hike_no_attrition,no_salary_hike,no_salary_hike_no_attrition,ordinal_multiclass_performance,accuracy,0.7733333333333333,0.7541666666666667,0.0191666666666666,0.0041666666666666,0.0341666666666666,0.0191666666666666,0.0041666666666666,0.0341666666666666,0.0077811589491845,5000.0,5000.0,0.95,paired_stratified_percentile,outer_fold;y_true,42.0,higher,,False,False,False,False,False,none,pointwise_paired_oof_bootstrap_no_familywise_or_false_discovery_claim,,,,,,,,,,,,,
canonical_v2_20260714T221501Z_483f96f,51415c2ce68c89d9ce2b042b0a7a811fe3e98180b72460006f9d0465f6bf49b7,06c507bee525ea1daca43b61249764007d4d8baaa05c9333f23446ea723ce160,f1e358e99914563305428cece1b1595bc76a58643184407ec5b222162d650332,98ae57b622a56983192975c5bff94374ed51322f13c76af633c3c96ceb198cdd,leakage_policy_sensitivity,"{""dataset_sha256"":""b8deac0a615b97076622ae540f4cfd0d3c3f1e7acb83ba3ff6560470a9ccf60a""}",xgboost_exact_outer_fold_policy_models,same_fold_same_selected_candidate_policy_sensitivity,1200,paired_stratified_percentile_bootstrap_5000_draws,policy_ablation/policy_pairwise_tests.csv,37f3bf751b3b5308a772ef8f3a6da38e8c3ef3a7db112d1159a1d3414a4385bb,policy_pairwise_tests,56,c1300316fe5baec24e789c06aec35dd4f283fa4843b71c7aab1edbf4818f8e91,d483d8ddb93a47a99a2eab54fe3d138d8f614798dd418bca860ea3f20c813f51,b8deac0a615b97076622ae540f4cfd0d3c3f1e7acb83ba3ff6560470a9ccf60a,,,,1200,,,,,,,,,,,,,,,3528e4377f9907c2a7c1b51806abf09e0ec2d5513da630618b0a0cb9950a37d0,,,,no_salary_hike__minus__no_salary_hike_no_attrition,no_salary_hike,no_salary_hike_no_attrition,ordinal_multiclass_performance,balanced_accuracy,0.637711303509034,0.6262657240741177,0.0114455794349163,-0.0103834009371118,0.0338371253524654,0.0114455794349163,-0.0103834009371118,0.0338371253524654,0.0111854487938215,5000.0,5000.0,0.95,paired_stratified_percentile,outer_fold;y_true,42.0,higher,,False,False,False,False,False,none,pointwise_paired_oof_bootstrap_no_familywise_or_false_discovery_claim,,,,,,,,,,,,,
canonical_v2_20260714T221501Z_483f96f,51415c2ce68c89d9ce2b042b0a7a811fe3e98180b72460006f9d0465f6bf49b7,06c507bee525ea1daca43b61249764007d4d8baaa05c9333f23446ea723ce160,f1e358e99914563305428cece1b1595bc76a58643184407ec5b222162d650332,98ae57b622a56983192975c5bff94374ed51322f13c76af633c3c96ceb198cdd,leakage_policy_sensitivity,"{""dataset_sha256"":""b8deac0a615b97076622ae540f4cfd0d3c3f1e7acb83ba3ff6560470a9ccf60a""}",xgboost_exact_outer_fold_policy_models,same_fold_same_selected_candidate_policy_sensitivity,1200,paired_stratified_percentile_bootstrap_5000_draws,policy_ablation/policy_pairwise_tests.csv,37f3bf751b3b5308a772ef8f3a6da38e8c3ef3a7db112d1159a1d3414a4385bb,policy_pairwise_tests,57,c1300316fe5baec24e789c06aec35dd4f283fa4843b71c7aab1edbf4818f8e91,d483d8ddb93a47a99a2eab54fe3d138d8f614798dd418bca860ea3f20c813f51,b8deac0a615b97076622ae540f4cfd0d3c3f1e7acb83ba3ff6560470a9ccf60a,,,,1200,,,,,,,,,,,,,,,3528e4377f9907c2a7c1b51806abf09e0ec2d5513da630618b0a0cb9950a37d0,,,,no_salary_hike__minus__no_salary_hike_no_attrition,no_salary_hike,no_salary_hike_no_attrition,ordinal_multiclass_performance,macro_f1,0.6270282387001987,0.6149849773365884,0.0120432613636103,-0.0083514963377464,0.0332547560150455,0.0120432613636103,-0.0083514963377464,0.0332547560150455,0.0106384409034937,5000.0,5000.0,0.95,paired_stratified_percentile,outer_fold;y_true,42.0,higher,,False,False,False,False,False,none,pointwise_paired_oof_bootstrap_no_familywise_or_false_discovery_claim,,,,,,,,,,,,,
canonical_v2_20260714T221501Z_483f96f,51415c2ce68c89d9ce2b042b0a7a811fe3e98180b72460006f9d0465f6bf49b7,06c507bee525ea1daca43b61249764007d4d8baaa05c9333f23446ea723ce160,f1e358e99914563305428cece1b1595bc76a58643184407ec5b222162d650332,98ae57b622a56983192975c5bff94374ed51322f13c76af633c3c96ceb198cdd,leakage_policy_sensitivity,"{""dataset_sha256"":""b8deac0a615b97076622ae540f4cfd0d3c3f1e7acb83ba3ff6560470a9ccf60a""}",xgboost_exact_outer_fold_policy_models,same_fold_same_selected_candidate_policy_sensitivity,1200,paired_stratified_percentile_bootstrap_5000_draws,policy_ablation/policy_pairwise_tests.csv,37f3bf751b3b5308a772ef8f3a6da38e8c3ef3a7db112d1159a1d3414a4385bb,policy_pairwise_tests,58,c1300316fe5baec24e789c06aec35dd4f283fa4843b71c7aab1edbf4818f8e91,d483d8ddb93a47a99a2eab54fe3d138d8f614798dd418bca860ea3f20c813f51,b8deac0a615b97076622ae540f4cfd0d3c3f1e7acb83ba3ff6560470a9ccf60a,,,,1200,,,,,,,,,,,,,,,3528e4377f9907c2a7c1b51806abf09e0ec2d5513da630618b0a0cb9950a37d0,,,,no_salary_hike__minus__no_salary_hike_no_attrition,no_salary_hike,no_salary_hike_no_attrition,ordinal_multiclass_performance,quadratic_weighted_kappa,0.5812874657348556,0.5568556185071087,0.0244318472277468,0.0006819281210384,0.0499332275236228,0.0244318472277468,0.0006819281210384,0.0499332275236228,0.0126968640523639,5000.0,5000.0,0.95,paired_stratified_percentile,outer_fold;y_true,42.0,higher,,False,False,False,False,False,none,pointwise_paired_oof_bootstrap_no_familywise_or_false_discovery_claim,,,,,,,,,,,,,
canonical_v2_20260714T221501Z_483f96f,51415c2ce68c89d9ce2b042b0a7a811fe3e98180b72460006f9d0465f6bf49b7,06c507bee525ea1daca43b61249764007d4d8baaa05c9333f23446ea723ce160,f1e358e99914563305428cece1b1595bc76a58643184407ec5b222162d650332,98ae57b622a56983192975c5bff94374ed51322f13c76af633c3c96ceb198cdd,leakage_policy_sensitivity,"{""dataset_sha256"":""b8deac0a615b97076622ae540f4cfd0d3c3f1e7acb83ba3ff6560470a9ccf60a""}",xgboost_exact_outer_fold_policy_models,same_fold_same_selected_candidate_policy_sensitivity,1200,paired_stratified_percentile_bootstrap_5000_draws,policy_ablation/policy_pairwise_tests.csv,37f3bf751b3b5308a772ef8f3a6da38e8c3ef3a7db112d1159a1d3414a4385bb,policy_pairwise_tests,59,c1300316fe5baec24e789c06aec35dd4f283fa4843b71c7aab1edbf4818f8e91,d483d8ddb93a47a99a2eab54fe3d138d8f614798dd418bca860ea3f20c813f51,b8deac0a615b97076622ae540f4cfd0d3c3f1e7acb83ba3ff6560470a9ccf60a,,,,1200,,,,,,,,,,,,,,,3528e4377f9907c2a7c1b51806abf09e0ec2d5513da630618b0a0cb9950a37d0,,,,no_salary_hike__minus__no_salary_hike_no_attrition,no_salary_hike,no_salary_hike_no_attrition,ordinal_multiclass_performance,ordinal_mae,0.2283333333333333,0.2483333333333333,-0.0199999999999999,-0.0358333333333333,-0.005,0.0199999999999999,0.005,0.0358333333333333,0.0079073913809184,5000.0,5000.0,0.95,paired_stratified_percentile,outer_fold;y_true,42.0,lower,,False,False,False,False,False,none,pointwise_paired_oof_bootstrap_no_familywise_or_false_discovery_claim,,,,,,,,,,,,,
canonical_v2_20260714T221501Z_483f96f,51415c2ce68c89d9ce2b042b0a7a811fe3e98180b72460006f9d0465f6bf49b7,06c507bee525ea1daca43b61249764007d4d8baaa05c9333f23446ea723ce160,f1e358e99914563305428cece1b1595bc76a58643184407ec5b222162d650332,98ae57b622a56983192975c5bff94374ed51322f13c76af633c3c96ceb198cdd,leakage_policy_sensitivity,"{""dataset_sha256"":""b8deac0a615b97076622ae540f4cfd0d3c3f1e7acb83ba3ff6560470a9ccf60a""}",xgboost_exact_outer_fold_policy_models,same_fold_same_selected_candidate_policy_sensitivity,1200,paired_stratified_percentile_bootstrap_5000_draws,policy_ablation/policy_pairwise_tests.csv,37f3bf751b3b5308a772ef8f3a6da38e8c3ef3a7db112d1159a1d3414a4385bb,policy_pairwise_tests,60,c1300316fe5baec24e789c06aec35dd4f283fa4843b71c7aab1edbf4818f8e91,d483d8ddb93a47a99a2eab54fe3d138d8f614798dd418bca860ea3f20c813f51,b8deac0a615b97076622ae540f4cfd0d3c3f1e7acb83ba3ff6560470a9ccf60a,,,,1200,,,,,,,,,,,,,,,3528e4377f9907c2a7c1b51806abf09e0ec2d5513da630618b0a0cb9950a37d0,,,,no_salary_hike__minus__no_salary_hike_no_attrition,no_salary_hike,no_salary_hike_no_attrition,ordinal_multiclass_performance,severe_error_rate,0.0016666666666666,0.0025,-0.0008333333333333,-0.0025,0.0,0.0008333333333333,-0.0,0.0025,0.0008157203850683,5000.0,5000.0,0.95,paired_stratified_percentile,outer_fold;y_true,42.0,lower,,False,False,False,False,False,none,pointwise_paired_oof_bootstrap_no_familywise_or_false_discovery_claim,,,,,,,,,,,,,
canonical_v2_20260714T221501Z_483f96f,51415c2ce68c89d9ce2b042b0a7a811fe3e98180b72460006f9d0465f6bf49b7,06c507bee525ea1daca43b61249764007d4d8baaa05c9333f23446ea723ce160,f1e358e99914563305428cece1b1595bc76a58643184407ec5b222162d650332,98ae57b622a56983192975c5bff94374ed51322f13c76af633c3c96ceb198cdd,leakage_policy_sensitivity,"{""dataset_sha256"":""b8deac0a615b97076622ae540f4cfd0d3c3f1e7acb83ba3ff6560470a9ccf60a""}",xgboost_exact_outer_fold_policy_models,same_fold_same_selected_candidate_policy_sensitivity,1200,paired_stratified_percentile_bootstrap_5000_draws,policy_ablation/policy_pairwise_tests.csv,37f3bf751b3b5308a772ef8f3a6da38e8c3ef3a7db112d1159a1d3414a4385bb,policy_pairwise_tests,61,c1300316fe5baec24e789c06aec35dd4f283fa4843b71c7aab1edbf4818f8e91,d483d8ddb93a47a99a2eab54fe3d138d8f614798dd418bca860ea3f20c813f51,b8deac0a615b97076622ae540f4cfd0d3c3f1e7acb83ba3ff6560470a9ccf60a,,,,1200,,,,,,,,,,,,,,,3528e4377f9907c2a7c1b51806abf09e0ec2d5513da630618b0a0cb9950a37d0,,,,no_salary_hike__minus__no_salary_hike_no_attrition,no_salary_hike,no_salary_hike_no_attrition,ordinal_multiclass_performance,nll_log_loss,0.5423096303869286,0.5396320636037443,0.0026775667831843,-0.0067100797591438,0.0118760914225252,-0.0026775667831843,-0.0118760914225252,0.0067100797591438,0.0047593059044431,5000.0,5000.0,0.95,paired_stratified_percentile,outer_fold;y_true,42.0,lower,,False,False,False,False,False,none,pointwise_paired_oof_bootstrap_no_familywise_or_false_discovery_claim,,,,,,,,,,,,,
canonical_v2_20260714T221501Z_483f96f,51415c2ce68c89d9ce2b042b0a7a811fe3e98180b72460006f9d0465f6bf49b7,06c507bee525ea1daca43b61249764007d4d8baaa05c9333f23446ea723ce160,f1e358e99914563305428cece1b1595bc76a58643184407ec5b222162d650332,98ae57b622a56983192975c5bff94374ed51322f13c76af633c3c96ceb198cdd,leakage_policy_sensitivity,"{""dataset_sha256"":""b8deac0a615b97076622ae540f4cfd0d3c3f1e7acb83ba3ff6560470a9ccf60a""}",xgboost_exact_outer_fold_policy_models,same_fold_same_selected_candidate_policy_sensitivity,1200,paired_stratified_percentile_bootstrap_5000_draws,policy_ablation/policy_pairwise_tests.csv,37f3bf751b3b5308a772ef8f3a6da38e8c3ef3a7db112d1159a1d3414a4385bb,policy_pairwise_tests,62,c1300316fe5baec24e789c06aec35dd4f283fa4843b71c7aab1edbf4818f8e91,d483d8ddb93a47a99a2eab54fe3d138d8f614798dd418bca860ea3f20c813f51,b8deac0a615b97076622ae540f4cfd0d3c3f1e7acb83ba3ff6560470a9ccf60a,,,,1200,,,,,,,,,,,,,,,3528e4377f9907c2a7c1b51806abf09e0ec2d5513da630618b0a0cb9950a37d0,,,,no_salary_hike__minus__no_salary_hike_no_attrition,no_salary_hike,no_salary_hike_no_attrition,ordinal_multiclass_performance,multiclass_brier,0.3326614479859311,0.3348576250422374,-0.0021961770563063,-0.0094192910604603,0.0050869957215353,0.0021961770563063,-0.0050869957215353,0.0094192910604603,0.0036899979542886,5000.0,5000.0,0.95,paired_stratified_percentile,outer_fold;y_true,42.0,lower,,False,False,False,False,False,none,pointwise_paired_oof_bootstrap_no_familywise_or_false_discovery_claim,,,,,,,,,,,,,
canonical_v2_20260714T221501Z_483f96f,51415c2ce68c89d9ce2b042b0a7a811fe3e98180b72460006f9d0465f6bf49b7,06c507bee525ea1daca43b61249764007d4d8baaa05c9333f23446ea723ce160,f1e358e99914563305428cece1b1595bc76a58643184407ec5b222162d650332,98ae57b622a56983192975c5bff94374ed51322f13c76af633c3c96ceb198cdd,leakage_policy_sensitivity,"{""dataset_sha256"":""b8deac0a615b97076622ae540f4cfd0d3c3f1e7acb83ba3ff6560470a9ccf60a""}",xgboost_exact_outer_fold_policy_models,same_fold_same_selected_candidate_policy_sensitivity,1200,paired_stratified_percentile_bootstrap_5000_draws,policy_ablation/policy_pairwise_tests.csv,37f3bf751b3b5308a772ef8f3a6da38e8c3ef3a7db112d1159a1d3414a4385bb,policy_pairwise_tests,63,c1300316fe5baec24e789c06aec35dd4f283fa4843b71c7aab1edbf4818f8e91,d483d8ddb93a47a99a2eab54fe3d138d8f614798dd418bca860ea3f20c813f51,b8deac0a615b97076622ae540f4cfd0d3c3f1e7acb83ba3ff6560470a9ccf60a,,,,1200,,,,,,,,,,,,,,,3528e4377f9907c2a7c1b51806abf09e0ec2d5513da630618b0a0cb9950a37d0,,,,no_salary_hike__minus__no_salary_hike_no_attrition,no_salary_hike,no_salary_hike_no_attrition,ordinal_multiclass_performance,ece_confidence,0.0476821886092085,0.0452774045977991,0.0024047840114093,-0.0165957560713196,0.0242734537836353,-0.0024047840114093,-0.0242734537836353,0.0165957560713196,0.0104161405555563,5000.0,5000.0,0.95,paired_stratified_percentile,outer_fold;y_true,42.0,lower,,False,False,False,False,False,none,pointwise_paired_oof_bootstrap_no_familywise_or_false_discovery_claim,,,,,,,,,,,,,
canonical_v2_20260714T221501Z_483f96f,51415c2ce68c89d9ce2b042b0a7a811fe3e98180b72460006f9d0465f6bf49b7,06c507bee525ea1daca43b61249764007d4d8baaa05c9333f23446ea723ce160,f1e358e99914563305428cece1b1595bc76a58643184407ec5b222162d650332,98ae57b622a56983192975c5bff94374ed51322f13c76af633c3c96ceb198cdd,leakage_policy_sensitivity,"{""dataset_sha256"":""b8deac0a615b97076622ae540f4cfd0d3c3f1e7acb83ba3ff6560470a9ccf60a""}",xgboost_exact_outer_fold_policy_models,same_fold_same_selected_candidate_policy_sensitivity,1200,paired_stratified_percentile_bootstrap_5000_draws,policy_ablation/policy_pairwise_tests.csv,37f3bf751b3b5308a772ef8f3a6da38e8c3ef3a7db112d1159a1d3414a4385bb,policy_pairwise_tests,64,c1300316fe5baec24e789c06aec35dd4f283fa4843b71c7aab1edbf4818f8e91,d483d8ddb93a47a99a2eab54fe3d138d8f614798dd418bca860ea3f20c813f51,b8deac0a615b97076622ae540f4cfd0d3c3f1e7acb83ba3ff6560470a9ccf60a,,,,1200,,,,,,,,,,,,,,,3528e4377f9907c2a7c1b51806abf09e0ec2d5513da630618b0a0cb9950a37d0,,,,no_salary_hike__minus__no_salary_hike_no_attrition_no_department,no_salary_hike,no_salary_hike_no_attrition_no_department,ordinal_multiclass_performance,accuracy,0.7733333333333333,0.7591666666666667,0.0141666666666666,-0.0008333333333333,0.0299999999999999,0.0141666666666666,-0.0008333333333333,0.0299999999999999,0.0078637180367986,5000.0,5000.0,0.95,paired_stratified_percentile,outer_fold;y_true,42.0,higher,,False,False,False,False,False,none,pointwise_paired_oof_bootstrap_no_familywise_or_false_discovery_claim,,,,,,,,,,,,,
canonical_v2_20260714T221501Z_483f96f,51415c2ce68c89d9ce2b042b0a7a811fe3e98180b72460006f9d0465f6bf49b7,06c507bee525ea1daca43b61249764007d4d8baaa05c9333f23446ea723ce160,f1e358e99914563305428cece1b1595bc76a58643184407ec5b222162d650332,98ae57b622a56983192975c5bff94374ed51322f13c76af633c3c96ceb198cdd,leakage_policy_sensitivity,"{""dataset_sha256"":""b8deac0a615b97076622ae540f4cfd0d3c3f1e7acb83ba3ff6560470a9ccf60a""}",xgboost_exact_outer_fold_policy_models,same_fold_same_selected_candidate_policy_sensitivity,1200,paired_stratified_percentile_bootstrap_5000_draws,policy_ablation/policy_pairwise_tests.csv,37f3bf751b3b5308a772ef8f3a6da38e8c3ef3a7db112d1159a1d3414a4385bb,policy_pairwise_tests,65,c1300316fe5baec24e789c06aec35dd4f283fa4843b71c7aab1edbf4818f8e91,d483d8ddb93a47a99a2eab54fe3d138d8f614798dd418bca860ea3f20c813f51,b8deac0a615b97076622ae540f4cfd0d3c3f1e7acb83ba3ff6560470a9ccf60a,,,,1200,,,,,,,,,,,,,,,3528e4377f9907c2a7c1b51806abf09e0ec2d5513da630618b0a0cb9950a37d0,,,,no_salary_hike__minus__no_salary_hike_no_attrition_no_department,no_salary_hike,no_salary_hike_no_attrition_no_department,ordinal_multiclass_performance,balanced_accuracy,0.637711303509034,0.6360452170862891,0.0016660864227449,-0.0186966253037344,0.0229642731783618,0.0016660864227449,-0.0186966253037344,0.0229642731783618,0.0105508511489122,5000.0,5000.0,0.95,paired_stratified_percentile,outer_fold;y_true,42.0,higher,,False,False,False,False,False,none,pointwise_paired_oof_bootstrap_no_familywise_or_false_discovery_claim,,,,,,,,,,,,,
canonical_v2_20260714T221501Z_483f96f,51415c2ce68c89d9ce2b042b0a7a811fe3e98180b72460006f9d0465f6bf49b7,06c507bee525ea1daca43b61249764007d4d8baaa05c9333f23446ea723ce160,f1e358e99914563305428cece1b1595bc76a58643184407ec5b222162d650332,98ae57b622a56983192975c5bff94374ed51322f13c76af633c3c96ceb198cdd,leakage_policy_sensitivity,"{""dataset_sha256"":""b8deac0a615b97076622ae540f4cfd0d3c3f1e7acb83ba3ff6560470a9ccf60a""}",xgboost_exact_outer_fold_policy_models,same_fold_same_selected_candidate_policy_sensitivity,1200,paired_stratified_percentile_bootstrap_5000_draws,policy_ablation/policy_pairwise_tests.csv,37f3bf751b3b5308a772ef8f3a6da38e8c3ef3a7db112d1159a1d3414a4385bb,policy_pairwise_tests,66,c1300316fe5baec24e789c06aec35dd4f283fa4843b71c7aab1edbf4818f8e91,d483d8ddb93a47a99a2eab54fe3d138d8f614798dd418bca860ea3f20c813f51,b8deac0a615b97076622ae540f4cfd0d3c3f1e7acb83ba3ff6560470a9ccf60a,,,,1200,,,,,,,,,,,,,,,3528e4377f9907c2a7c1b51806abf09e0ec2d5513da630618b0a0cb9950a37d0,,,,no_salary_hike__minus__no_salary_hike_no_attrition_no_department,no_salary_hike,no_salary_hike_no_attrition_no_department,ordinal_multiclass_performance,macro_f1,0.6270282387001987,0.6210211647446707,0.006007073955528,-0.0142638703572791,0.0264524121522059,0.006007073955528,-0.0142638703572791,0.0264524121522059,0.0102692240198229,5000.0,5000.0,0.95,paired_stratified_percentile,outer_fold;y_true,42.0,higher,,False,False,False,False,False,none,pointwise_paired_oof_bootstrap_no_familywise_or_false_discovery_claim,,,,,,,,,,,,,
canonical_v2_20260714T221501Z_483f96f,51415c2ce68c89d9ce2b042b0a7a811fe3e98180b72460006f9d0465f6bf49b7,06c507bee525ea1daca43b61249764007d4d8baaa05c9333f23446ea723ce160,f1e358e99914563305428cece1b1595bc76a58643184407ec5b222162d650332,98ae57b622a56983192975c5bff94374ed51322f13c76af633c3c96ceb198cdd,leakage_policy_sensitivity,"{""dataset_sha256"":""b8deac0a615b97076622ae540f4cfd0d3c3f1e7acb83ba3ff6560470a9ccf60a""}",xgboost_exact_outer_fold_policy_models,same_fold_same_selected_candidate_policy_sensitivity,1200,paired_stratified_percentile_bootstrap_5000_draws,policy_ablation/policy_pairwise_tests.csv,37f3bf751b3b5308a772ef8f3a6da38e8c3ef3a7db112d1159a1d3414a4385bb,policy_pairwise_tests,67,c1300316fe5baec24e789c06aec35dd4f283fa4843b71c7aab1edbf4818f8e91,d483d8ddb93a47a99a2eab54fe3d138d8f614798dd418bca860ea3f20c813f51,b8deac0a615b97076622ae540f4cfd0d3c3f1e7acb83ba3ff6560470a9ccf60a,,,,1200,,,,,,,,,,,,,,,3528e4377f9907c2a7c1b51806abf09e0ec2d5513da630618b0a0cb9950a37d0,,,,no_salary_hike__minus__no_salary_hike_no_attrition_no_department,no_salary_hike,no_salary_hike_no_attrition_no_department,ordinal_multiclass_performance,quadratic_weighted_kappa,0.5812874657348556,0.567602077831626,0.0136853879032295,-0.0107867200968062,0.0388468854461275,0.0136853879032295,-0.0107867200968062,0.0388468854461275,0.0125240638745729,5000.0,5000.0,0.95,paired_stratified_percentile,outer_fold;y_true,42.0,higher,,False,False,False,False,False,none,pointwise_paired_oof_bootstrap_no_familywise_or_false_discovery_claim,,,,,,,,,,,,,
canonical_v2_20260714T221501Z_483f96f,51415c2ce68c89d9ce2b042b0a7a811fe3e98180b72460006f9d0465f6bf49b7,06c507bee525ea1daca43b61249764007d4d8baaa05c9333f23446ea723ce160,f1e358e99914563305428cece1b1595bc76a58643184407ec5b222162d650332,98ae57b622a56983192975c5bff94374ed51322f13c76af633c3c96ceb198cdd,leakage_policy_sensitivity,"{""dataset_sha256"":""b8deac0a615b97076622ae540f4cfd0d3c3f1e7acb83ba3ff6560470a9ccf60a""}",xgboost_exact_outer_fold_policy_models,same_fold_same_selected_candidate_policy_sensitivity,1200,paired_stratified_percentile_bootstrap_5000_draws,policy_ablation/policy_pairwise_tests.csv,37f3bf751b3b5308a772ef8f3a6da38e8c3ef3a7db112d1159a1d3414a4385bb,policy_pairwise_tests,68,c1300316fe5baec24e789c06aec35dd4f283fa4843b71c7aab1edbf4818f8e91,d483d8ddb93a47a99a2eab54fe3d138d8f614798dd418bca860ea3f20c813f51,b8deac0a615b97076622ae540f4cfd0d3c3f1e7acb83ba3ff6560470a9ccf60a,,,,1200,,,,,,,,,,,,,,,3528e4377f9907c2a7c1b51806abf09e0ec2d5513da630618b0a0cb9950a37d0,,,,no_salary_hike__minus__no_salary_hike_no_attrition_no_department,no_salary_hike,no_salary_hike_no_attrition_no_department,ordinal_multiclass_performance,ordinal_mae,0.2283333333333333,0.2433333333333333,-0.015,-0.0308333333333333,0.0008333333333333,0.015,-0.0008333333333333,0.0308333333333333,0.008000843136359,5000.0,5000.0,0.95,paired_stratified_percentile,outer_fold;y_true,42.0,lower,,False,False,False,False,False,none,pointwise_paired_oof_bootstrap_no_familywise_or_false_discovery_claim,,,,,,,,,,,,,
canonical_v2_20260714T221501Z_483f96f,51415c2ce68c89d9ce2b042b0a7a811fe3e98180b72460006f9d0465f6bf49b7,06c507bee525ea1daca43b61249764007d4d8baaa05c9333f23446ea723ce160,f1e358e99914563305428cece1b1595bc76a58643184407ec5b222162d650332,98ae57b622a56983192975c5bff94374ed51322f13c76af633c3c96ceb198cdd,leakage_policy_sensitivity,"{""dataset_sha256"":""b8deac0a615b97076622ae540f4cfd0d3c3f1e7acb83ba3ff6560470a9ccf60a""}",xgboost_exact_outer_fold_policy_models,same_fold_same_selected_candidate_policy_sensitivity,1200,paired_stratified_percentile_bootstrap_5000_draws,policy_ablation/policy_pairwise_tests.csv,37f3bf751b3b5308a772ef8f3a6da38e8c3ef3a7db112d1159a1d3414a4385bb,policy_pairwise_tests,69,c1300316fe5baec24e789c06aec35dd4f283fa4843b71c7aab1edbf4818f8e91,d483d8ddb93a47a99a2eab54fe3d138d8f614798dd418bca860ea3f20c813f51,b8deac0a615b97076622ae540f4cfd0d3c3f1e7acb83ba3ff6560470a9ccf60a,,,,1200,,,,,,,,,,,,,,,3528e4377f9907c2a7c1b51806abf09e0ec2d5513da630618b0a0cb9950a37d0,,,,no_salary_hike__minus__no_salary_hike_no_attrition_no_department,no_salary_hike,no_salary_hike_no_attrition_no_department,ordinal_multiclass_performance,severe_error_rate,0.0016666666666666,0.0025,-0.0008333333333333,-0.0025,0.0,0.0008333333333333,-0.0,0.0025,0.0008157203850683,5000.0,5000.0,0.95,paired_stratified_percentile,outer_fold;y_true,42.0,lower,,False,False,False,False,False,none,pointwise_paired_oof_bootstrap_no_familywise_or_false_discovery_claim,,,,,,,,,,,,,
canonical_v2_20260714T221501Z_483f96f,51415c2ce68c89d9ce2b042b0a7a811fe3e98180b72460006f9d0465f6bf49b7,06c507bee525ea1daca43b61249764007d4d8baaa05c9333f23446ea723ce160,f1e358e99914563305428cece1b1595bc76a58643184407ec5b222162d650332,98ae57b622a56983192975c5bff94374ed51322f13c76af633c3c96ceb198cdd,leakage_policy_sensitivity,"{""dataset_sha256"":""b8deac0a615b97076622ae540f4cfd0d3c3f1e7acb83ba3ff6560470a9ccf60a""}",xgboost_exact_outer_fold_policy_models,same_fold_same_selected_candidate_policy_sensitivity,1200,paired_stratified_percentile_bootstrap_5000_draws,policy_ablation/policy_pairwise_tests.csv,37f3bf751b3b5308a772ef8f3a6da38e8c3ef3a7db112d1159a1d3414a4385bb,policy_pairwise_tests,70,c1300316fe5baec24e789c06aec35dd4f283fa4843b71c7aab1edbf4818f8e91,d483d8ddb93a47a99a2eab54fe3d138d8f614798dd418bca860ea3f20c813f51,b8deac0a615b97076622ae540f4cfd0d3c3f1e7acb83ba3ff6560470a9ccf60a,,,,1200,,,,,,,,,,,,,,,3528e4377f9907c2a7c1b51806abf09e0ec2d5513da630618b0a0cb9950a37d0,,,,no_salary_hike__minus__no_salary_hike_no_attrition_no_department,no_salary_hike,no_salary_hike_no_attrition_no_department,ordinal_multiclass_performance,nll_log_loss,0.5423096303869286,0.5514626110693018,-0.0091529806823732,-0.0231657692002254,0.0041941910842753,0.0091529806823732,-0.0041941910842753,0.0231657692002254,0.006857710687968,5000.0,5000.0,0.95,paired_stratified_percentile,outer_fold;y_true,42.0,lower,,False,False,False,False,False,none,pointwise_paired_oof_bootstrap_no_familywise_or_false_discovery_claim,,,,,,,,,,,,,
canonical_v2_20260714T221501Z_483f96f,51415c2ce68c89d9ce2b042b0a7a811fe3e98180b72460006f9d0465f6bf49b7,06c507bee525ea1daca43b61249764007d4d8baaa05c9333f23446ea723ce160,f1e358e99914563305428cece1b1595bc76a58643184407ec5b222162d650332,98ae57b622a56983192975c5bff94374ed51322f13c76af633c3c96ceb198cdd,leakage_policy_sensitivity,"{""dataset_sha256"":""b8deac0a615b97076622ae540f4cfd0d3c3f1e7acb83ba3ff6560470a9ccf60a""}",xgboost_exact_outer_fold_policy_models,same_fold_same_selected_candidate_policy_sensitivity,1200,paired_stratified_percentile_bootstrap_5000_draws,policy_ablation/policy_pairwise_tests.csv,37f3bf751b3b5308a772ef8f3a6da38e8c3ef3a7db112d1159a1d3414a4385bb,policy_pairwise_tests,71,c1300316fe5baec24e789c06aec35dd4f283fa4843b71c7aab1edbf4818f8e91,d483d8ddb93a47a99a2eab54fe3d138d8f614798dd418bca860ea3f20c813f51,b8deac0a615b97076622ae540f4cfd0d3c3f1e7acb83ba3ff6560470a9ccf60a,,,,1200,,,,,,,,,,,,,,,3528e4377f9907c2a7c1b51806abf09e0ec2d5513da630618b0a0cb9950a37d0,,,,no_salary_hike__minus__no_salary_hike_no_attrition_no_department,no_salary_hike,no_salary_hike_no_attrition_no_department,ordinal_multiclass_performance,multiclass_brier,0.3326614479859311,0.342606326573343,-0.0099448785874119,-0.0193580745708444,-0.0009308955840681,0.0099448785874119,0.0009308955840681,0.0193580745708444,0.0046513862227744,5000.0,5000.0,0.95,paired_stratified_percentile,outer_fold;y_true,42.0,lower,,False,False,False,False,False,none,pointwise_paired_oof_bootstrap_no_familywise_or_false_discovery_claim,,,,,,,,,,,,,
canonical_v2_20260714T221501Z_483f96f,51415c2ce68c89d9ce2b042b0a7a811fe3e98180b72460006f9d0465f6bf49b7,06c507bee525ea1daca43b61249764007d4d8baaa05c9333f23446ea723ce160,f1e358e99914563305428cece1b1595bc76a58643184407ec5b222162d650332,98ae57b622a56983192975c5bff94374ed51322f13c76af633c3c96ceb198cdd,leakage_policy_sensitivity,"{""dataset_sha256"":""b8deac0a615b97076622ae540f4cfd0d3c3f1e7acb83ba3ff6560470a9ccf60a""}",xgboost_exact_outer_fold_policy_models,same_fold_same_selected_candidate_policy_sensitivity,1200,paired_stratified_percentile_bootstrap_5000_draws,policy_ablation/policy_pairwise_tests.csv,37f3bf751b3b5308a772ef8f3a6da38e8c3ef3a7db112d1159a1d3414a4385bb,policy_pairwise_tests,72,c1300316fe5baec24e789c06aec35dd4f283fa4843b71c7aab1edbf4818f8e91,d483d8ddb93a47a99a2eab54fe3d138d8f614798dd418bca860ea3f20c813f51,b8deac0a615b97076622ae540f4cfd0d3c3f1e7acb83ba3ff6560470a9ccf60a,,,,1200,,,,,,,,,,,,,,,3528e4377f9907c2a7c1b51806abf09e0ec2d5513da630618b0a0cb9950a37d0,,,,no_salary_hike__minus__no_salary_hike_no_attrition_no_department,no_salary_hike,no_salary_hike_no_attrition_no_department,ordinal_multiclass_performance,ece_confidence,0.0476821886092085,0.0375426568313583,0.0101395317778501,-0.0129483648102552,0.0260489906168246,-0.0101395317778501,-0.0260489906168246,0.0129483648102552,0.0098773942058742,5000.0,5000.0,0.95,paired_stratified_percentile,outer_fold;y_true,42.0,lower,,False,False,False,False,False,none,pointwise_paired_oof_bootstrap_no_familywise_or_false_discovery_claim,,,,,,,,,,,,,
canonical_v2_20260714T221501Z_483f96f,51415c2ce68c89d9ce2b042b0a7a811fe3e98180b72460006f9d0465f6bf49b7,06c507bee525ea1daca43b61249764007d4d8baaa05c9333f23446ea723ce160,f1e358e99914563305428cece1b1595bc76a58643184407ec5b222162d650332,98ae57b622a56983192975c5bff94374ed51322f13c76af633c3c96ceb198cdd,leakage_policy_sensitivity,"{""dataset_sha256"":""b8deac0a615b97076622ae540f4cfd0d3c3f1e7acb83ba3ff6560470a9ccf60a""}",xgboost_exact_outer_fold_policy_models,same_fold_same_selected_candidate_policy_sensitivity,1200,paired_stratified_percentile_bootstrap_5000_draws,policy_ablation/policy_pairwise_tests.csv,37f3bf751b3b5308a772ef8f3a6da38e8c3ef3a7db112d1159a1d3414a4385bb,policy_pairwise_tests,73,c1300316fe5baec24e789c06aec35dd4f283fa4843b71c7aab1edbf4818f8e91,d483d8ddb93a47a99a2eab54fe3d138d8f614798dd418bca860ea3f20c813f51,b8deac0a615b97076622ae540f4cfd0d3c3f1e7acb83ba3ff6560470a9ccf60a,,,,1200,,,,,,,,,,,,,,,3528e4377f9907c2a7c1b51806abf09e0ec2d5513da630618b0a0cb9950a37d0,,,,no_salary_hike__minus__no_salary_hike_no_attrition_no_department_no_job_role,no_salary_hike,no_salary_hike_no_attrition_no_department_no_job_role,ordinal_multiclass_performance,accuracy,0.7733333333333333,0.7233333333333334,0.0499999999999999,0.03,0.0708333333333333,0.0499999999999999,0.03,0.0708333333333333,0.0105130274038206,5000.0,5000.0,0.95,paired_stratified_percentile,outer_fold;y_true,42.0,higher,,False,False,False,False,False,none,pointwise_paired_oof_bootstrap_no_familywise_or_false_discovery_claim,,,,,,,,,,,,,
canonical_v2_20260714T221501Z_483f96f,51415c2ce68c89d9ce2b042b0a7a811fe3e98180b72460006f9d0465f6bf49b7,06c507bee525ea1daca43b61249764007d4d8baaa05c9333f23446ea723ce160,f1e358e99914563305428cece1b1595bc76a58643184407ec5b222162d650332,98ae57b622a56983192975c5bff94374ed51322f13c76af633c3c96ceb198cdd,leakage_policy_sensitivity,"{""dataset_sha256"":""b8deac0a615b97076622ae540f4cfd0d3c3f1e7acb83ba3ff6560470a9ccf60a""}",xgboost_exact_outer_fold_policy_models,same_fold_same_selected_candidate_policy_sensitivity,1200,paired_stratified_percentile_bootstrap_5000_draws,policy_ablation/policy_pairwise_tests.csv,37f3bf751b3b5308a772ef8f3a6da38e8c3ef3a7db112d1159a1d3414a4385bb,policy_pairwise_tests,74,c1300316fe5baec24e789c06aec35dd4f283fa4843b71c7aab1edbf4818f8e91,d483d8ddb93a47a99a2eab54fe3d138d8f614798dd418bca860ea3f20c813f51,b8deac0a615b97076622ae540f4cfd0d3c3f1e7acb83ba3ff6560470a9ccf60a,,,,1200,,,,,,,,,,,,,,,3528e4377f9907c2a7c1b51806abf09e0ec2d5513da630618b0a0cb9950a37d0,,,,no_salary_hike__minus__no_salary_hike_no_attrition_no_department_no_job_role,no_salary_hike,no_salary_hike_no_attrition_no_department_no_job_role,ordinal_multiclass_performance,balanced_accuracy,0.637711303509034,0.6249928214176014,0.0127184820914326,-0.0100609947168016,0.0354574311850963,0.0127184820914326,-0.0100609947168016,0.0354574311850963,0.0117903418180675,5000.0,5000.0,0.95,paired_stratified_percentile,outer_fold;y_true,42.0,higher,,False,False,False,False,False,none,pointwise_paired_oof_bootstrap_no_familywise_or_false_discovery_claim,,,,,,,,,,,,,
canonical_v2_20260714T221501Z_483f96f,51415c2ce68c89d9ce2b042b0a7a811fe3e98180b72460006f9d0465f6bf49b7,06c507bee525ea1daca43b61249764007d4d8baaa05c9333f23446ea723ce160,f1e358e99914563305428cece1b1595bc76a58643184407ec5b222162d650332,98ae57b622a56983192975c5bff94374ed51322f13c76af633c3c96ceb198cdd,leakage_policy_sensitivity,"{""dataset_sha256"":""b8deac0a615b97076622ae540f4cfd0d3c3f1e7acb83ba3ff6560470a9ccf60a""}",xgboost_exact_outer_fold_policy_models,same_fold_same_selected_candidate_policy_sensitivity,1200,paired_stratified_percentile_bootstrap_5000_draws,policy_ablation/policy_pairwise_tests.csv,37f3bf751b3b5308a772ef8f3a6da38e8c3ef3a7db112d1159a1d3414a4385bb,policy_pairwise_tests,75,c1300316fe5baec24e789c06aec35dd4f283fa4843b71c7aab1edbf4818f8e91,d483d8ddb93a47a99a2eab54fe3d138d8f614798dd418bca860ea3f20c813f51,b8deac0a615b97076622ae540f4cfd0d3c3f1e7acb83ba3ff6560470a9ccf60a,,,,1200,,,,,,,,,,,,,,,3528e4377f9907c2a7c1b51806abf09e0ec2d5513da630618b0a0cb9950a37d0,,,,no_salary_hike__minus__no_salary_hike_no_attrition_no_department_no_job_role,no_salary_hike,no_salary_hike_no_attrition_no_department_no_job_role,ordinal_multiclass_performance,macro_f1,0.6270282387001987,0.5880275901395676,0.0390006485606311,0.0163174130886594,0.0621006655388171,0.0390006485606311,0.0163174130886594,0.0621006655388171,0.0118429494303936,5000.0,5000.0,0.95,paired_stratified_percentile,outer_fold;y_true,42.0,higher,,False,False,False,False,False,none,pointwise_paired_oof_bootstrap_no_familywise_or_false_discovery_claim,,,,,,,,,,,,,
canonical_v2_20260714T221501Z_483f96f,51415c2ce68c89d9ce2b042b0a7a811fe3e98180b72460006f9d0465f6bf49b7,06c507bee525ea1daca43b61249764007d4d8baaa05c9333f23446ea723ce160,f1e358e99914563305428cece1b1595bc76a58643184407ec5b222162d650332,98ae57b622a56983192975c5bff94374ed51322f13c76af633c3c96ceb198cdd,leakage_policy_sensitivity,"{""dataset_sha256"":""b8deac0a615b97076622ae540f4cfd0d3c3f1e7acb83ba3ff6560470a9ccf60a""}",xgboost_exact_outer_fold_policy_models,same_fold_same_selected_candidate_policy_sensitivity,1200,paired_stratified_percentile_bootstrap_5000_draws,policy_ablation/policy_pairwise_tests.csv,37f3bf751b3b5308a772ef8f3a6da38e8c3ef3a7db112d1159a1d3414a4385bb,policy_pairwise_tests,76,c1300316fe5baec24e789c06aec35dd4f283fa4843b71c7aab1edbf4818f8e91,d483d8ddb93a47a99a2eab54fe3d138d8f614798dd418bca860ea3f20c813f51,b8deac0a615b97076622ae540f4cfd0d3c3f1e7acb83ba3ff6560470a9ccf60a,,,,1200,,,,,,,,,,,,,,,3528e4377f9907c2a7c1b51806abf09e0ec2d5513da630618b0a0cb9950a37d0,,,,no_salary_hike__minus__no_salary_hike_no_attrition_no_department_no_job_role,no_salary_hike,no_salary_hike_no_attrition_no_department_no_job_role,ordinal_multiclass_performance,quadratic_weighted_kappa,0.5812874657348556,0.533795321690263,0.0474921440445925,0.0182652288429572,0.0779981475085116,0.0474921440445925,0.0182652288429572,0.0779981475085116,0.015460261473127,5000.0,5000.0,0.95,paired_stratified_percentile,outer_fold;y_true,42.0,higher,,False,False,False,False,False,none,pointwise_paired_oof_bootstrap_no_familywise_or_false_discovery_claim,,,,,,,,,,,,,
canonical_v2_20260714T221501Z_483f96f,51415c2ce68c89d9ce2b042b0a7a811fe3e98180b72460006f9d0465f6bf49b7,06c507bee525ea1daca43b61249764007d4d8baaa05c9333f23446ea723ce160,f1e358e99914563305428cece1b1595bc76a58643184407ec5b222162d650332,98ae57b622a56983192975c5bff94374ed51322f13c76af633c3c96ceb198cdd,leakage_policy_sensitivity,"{""dataset_sha256"":""b8deac0a615b97076622ae540f4cfd0d3c3f1e7acb83ba3ff6560470a9ccf60a""}",xgboost_exact_outer_fold_policy_models,same_fold_same_selected_candidate_policy_sensitivity,1200,paired_stratified_percentile_bootstrap_5000_draws,policy_ablation/policy_pairwise_tests.csv,37f3bf751b3b5308a772ef8f3a6da38e8c3ef3a7db112d1159a1d3414a4385bb,policy_pairwise_tests,77,c1300316fe5baec24e789c06aec35dd4f283fa4843b71c7aab1edbf4818f8e91,d483d8ddb93a47a99a2eab54fe3d138d8f614798dd418bca860ea3f20c813f51,b8deac0a615b97076622ae540f4cfd0d3c3f1e7acb83ba3ff6560470a9ccf60a,,,,1200,,,,,,,,,,,,,,,3528e4377f9907c2a7c1b51806abf09e0ec2d5513da630618b0a0cb9950a37d0,,,,no_salary_hike__minus__no_salary_hike_no_attrition_no_department_no_job_role,no_salary_hike,no_salary_hike_no_attrition_no_department_no_job_role,ordinal_multiclass_performance,ordinal_mae,0.2283333333333333,0.28,-0.0516666666666666,-0.0725,-0.0316666666666666,0.0516666666666666,0.0316666666666666,0.0725,0.0107217352248765,5000.0,5000.0,0.95,paired_stratified_percentile,outer_fold;y_true,42.0,lower,,False,False,False,False,False,none,pointwise_paired_oof_bootstrap_no_familywise_or_false_discovery_claim,,,,,,,,,,,,,
canonical_v2_20260714T221501Z_483f96f,51415c2ce68c89d9ce2b042b0a7a811fe3e98180b72460006f9d0465f6bf49b7,06c507bee525ea1daca43b61249764007d4d8baaa05c9333f23446ea723ce160,f1e358e99914563305428cece1b1595bc76a58643184407ec5b222162d650332,98ae57b622a56983192975c5bff94374ed51322f13c76af633c3c96ceb198cdd,leakage_policy_sensitivity,"{""dataset_sha256"":""b8deac0a615b97076622ae540f4cfd0d3c3f1e7acb83ba3ff6560470a9ccf60a""}",xgboost_exact_outer_fold_policy_models,same_fold_same_selected_candidate_policy_sensitivity,1200,paired_stratified_percentile_bootstrap_5000_draws,policy_ablation/policy_pairwise_tests.csv,37f3bf751b3b5308a772ef8f3a6da38e8c3ef3a7db112d1159a1d3414a4385bb,policy_pairwise_tests,78,c1300316fe5baec24e789c06aec35dd4f283fa4843b71c7aab1edbf4818f8e91,d483d8ddb93a47a99a2eab54fe3d138d8f614798dd418bca860ea3f20c813f51,b8deac0a615b97076622ae540f4cfd0d3c3f1e7acb83ba3ff6560470a9ccf60a,,,,1200,,,,,,,,,,,,,,,3528e4377f9907c2a7c1b51806abf09e0ec2d5513da630618b0a0cb9950a37d0,,,,no_salary_hike__minus__no_salary_hike_no_attrition_no_department_no_job_role,no_salary_hike,no_salary_hike_no_attrition_no_department_no_job_role,ordinal_multiclass_performance,severe_error_rate,0.0016666666666666,0.0033333333333333,-0.0016666666666666,-0.0041666666666666,0.0,0.0016666666666666,-0.0,0.0041666666666666,0.0011622409124469,5000.0,5000.0,0.95,paired_stratified_percentile,outer_fold;y_true,42.0,lower,,False,False,False,False,False,none,pointwise_paired_oof_bootstrap_no_familywise_or_false_discovery_claim,,,,,,,,,,,,,
canonical_v2_20260714T221501Z_483f96f,51415c2ce68c89d9ce2b042b0a7a811fe3e98180b72460006f9d0465f6bf49b7,06c507bee525ea1daca43b61249764007d4d8baaa05c9333f23446ea723ce160,f1e358e99914563305428cece1b1595bc76a58643184407ec5b222162d650332,98ae57b622a56983192975c5bff94374ed51322f13c76af633c3c96ceb198cdd,leakage_policy_sensitivity,"{""dataset_sha256"":""b8deac0a615b97076622ae540f4cfd0d3c3f1e7acb83ba3ff6560470a9ccf60a""}",xgboost_exact_outer_fold_policy_models,same_fold_same_selected_candidate_policy_sensitivity,1200,paired_stratified_percentile_bootstrap_5000_draws,policy_ablation/policy_pairwise_tests.csv,37f3bf751b3b5308a772ef8f3a6da38e8c3ef3a7db112d1159a1d3414a4385bb,policy_pairwise_tests,79,c1300316fe5baec24e789c06aec35dd4f283fa4843b71c7aab1edbf4818f8e91,d483d8ddb93a47a99a2eab54fe3d138d8f614798dd418bca860ea3f20c813f51,b8deac0a615b97076622ae540f4cfd0d3c3f1e7acb83ba3ff6560470a9ccf60a,,,,1200,,,,,,,,,,,,,,,3528e4377f9907c2a7c1b51806abf09e0ec2d5513da630618b0a0cb9950a37d0,,,,no_salary_hike__minus__no_salary_hike_no_attrition_no_department_no_job_role,no_salary_hike,no_salary_hike_no_attrition_no_department_no_job_role,ordinal_multiclass_performance,nll_log_loss,0.5423096303869286,0.6216621001121422,-0.0793524697252135,-0.1109403632862785,-0.0478119904532873,0.0793524697252135,0.0478119904532872,0.1109403632862785,0.0162447261568034,5000.0,5000.0,0.95,paired_stratified_percentile,outer_fold;y_true,42.0,lower,,False,False,False,False,False,none,pointwise_paired_oof_bootstrap_no_familywise_or_false_discovery_claim,,,,,,,,,,,,,
canonical_v2_20260714T221501Z_483f96f,51415c2ce68c89d9ce2b042b0a7a811fe3e98180b72460006f9d0465f6bf49b7,06c507bee525ea1daca43b61249764007d4d8baaa05c9333f23446ea723ce160,f1e358e99914563305428cece1b1595bc76a58643184407ec5b222162d650332,98ae57b622a56983192975c5bff94374ed51322f13c76af633c3c96ceb198cdd,leakage_policy_sensitivity,"{""dataset_sha256"":""b8deac0a615b97076622ae540f4cfd0d3c3f1e7acb83ba3ff6560470a9ccf60a""}",xgboost_exact_outer_fold_policy_models,same_fold_same_selected_candidate_policy_sensitivity,1200,paired_stratified_percentile_bootstrap_5000_draws,policy_ablation/policy_pairwise_tests.csv,37f3bf751b3b5308a772ef8f3a6da38e8c3ef3a7db112d1159a1d3414a4385bb,policy_pairwise_tests,80,c1300316fe5baec24e789c06aec35dd4f283fa4843b71c7aab1edbf4818f8e91,d483d8ddb93a47a99a2eab54fe3d138d8f614798dd418bca860ea3f20c813f51,b8deac0a615b97076622ae540f4cfd0d3c3f1e7acb83ba3ff6560470a9ccf60a,,,,1200,,,,,,,,,,,,,,,3528e4377f9907c2a7c1b51806abf09e0ec2d5513da630618b0a0cb9950a37d0,,,,no_salary_hike__minus__no_salary_hike_no_attrition_no_department_no_job_role,no_salary_hike,no_salary_hike_no_attrition_no_department_no_job_role,ordinal_multiclass_performance,multiclass_brier,0.3326614479859311,0.3856139232431197,-0.0529524752571886,-0.0725086128846253,-0.0332299053493489,0.0529524752571886,0.0332299053493489,0.0725086128846253,0.0101815676560256,5000.0,5000.0,0.95,paired_stratified_percentile,outer_fold;y_true,42.0,lower,,False,False,False,False,False,none,pointwise_paired_oof_bootstrap_no_familywise_or_false_discovery_claim,,,,,,,,,,,,,
canonical_v2_20260714T221501Z_483f96f,51415c2ce68c89d9ce2b042b0a7a811fe3e98180b72460006f9d0465f6bf49b7,06c507bee525ea1daca43b61249764007d4d8baaa05c9333f23446ea723ce160,f1e358e99914563305428cece1b1595bc76a58643184407ec5b222162d650332,98ae57b622a56983192975c5bff94374ed51322f13c76af633c3c96ceb198cdd,leakage_policy_sensitivity,"{""dataset_sha256"":""b8deac0a615b97076622ae540f4cfd0d3c3f1e7acb83ba3ff6560470a9ccf60a""}",xgboost_exact_outer_fold_policy_models,same_fold_same_selected_candidate_policy_sensitivity,1200,paired_stratified_percentile_bootstrap_5000_draws,policy_ablation/policy_pairwise_tests.csv,37f3bf751b3b5308a772ef8f3a6da38e8c3ef3a7db112d1159a1d3414a4385bb,policy_pairwise_tests,81,c1300316fe5baec24e789c06aec35dd4f283fa4843b71c7aab1edbf4818f8e91,d483d8ddb93a47a99a2eab54fe3d138d8f614798dd418bca860ea3f20c813f51,b8deac0a615b97076622ae540f4cfd0d3c3f1e7acb83ba3ff6560470a9ccf60a,,,,1200,,,,,,,,,,,,,,,3528e4377f9907c2a7c1b51806abf09e0ec2d5513da630618b0a0cb9950a37d0,,,,no_salary_hike__minus__no_salary_hike_no_attrition_no_department_no_job_role,no_salary_hike,no_salary_hike_no_attrition_no_department_no_job_role,ordinal_multiclass_performance,ece_confidence,0.0476821886092085,0.0578324226833836,-0.0101502340741751,-0.0342529775577129,0.0135691588977354,0.0101502340741751,-0.0135691588977354,0.0342529775577129,0.0124396487902271,5000.0,5000.0,0.95,paired_stratified_percentile,outer_fold;y_true,42.0,lower,,False,False,False,False,False,none,pointwise_paired_oof_bootstrap_no_familywise_or_false_discovery_claim,,,,,,,,,,,,,
canonical_v2_20260714T221501Z_483f96f,51415c2ce68c89d9ce2b042b0a7a811fe3e98180b72460006f9d0465f6bf49b7,06c507bee525ea1daca43b61249764007d4d8baaa05c9333f23446ea723ce160,f1e358e99914563305428cece1b1595bc76a58643184407ec5b222162d650332,98ae57b622a56983192975c5bff94374ed51322f13c76af633c3c96ceb198cdd,leakage_policy_sensitivity,"{""dataset_sha256"":""b8deac0a615b97076622ae540f4cfd0d3c3f1e7acb83ba3ff6560470a9ccf60a""}",xgboost_exact_outer_fold_policy_models,same_fold_same_selected_candidate_policy_sensitivity,1200,paired_stratified_percentile_bootstrap_5000_draws,policy_ablation/policy_pairwise_tests.csv,37f3bf751b3b5308a772ef8f3a6da38e8c3ef3a7db112d1159a1d3414a4385bb,policy_pairwise_tests,82,c1300316fe5baec24e789c06aec35dd4f283fa4843b71c7aab1edbf4818f8e91,d483d8ddb93a47a99a2eab54fe3d138d8f614798dd418bca860ea3f20c813f51,b8deac0a615b97076622ae540f4cfd0d3c3f1e7acb83ba3ff6560470a9ccf60a,,,,1200,,,,,,,,,,,,,,,3528e4377f9907c2a7c1b51806abf09e0ec2d5513da630618b0a0cb9950a37d0,,,,no_salary_hike_no_attrition_sensitive_retaining_audit__minus__no_salary_hike_no_attrition,no_salary_hike_no_attrition_sensitive_retaining_audit,no_salary_hike_no_attrition,ordinal_multiclass_performance,accuracy,0.7708333333333334,0.7541666666666667,0.0166666666666667,0.0016666666666665,0.0316666666666667,0.0166666666666667,0.0016666666666665,0.0316666666666667,0.0077237543583019,5000.0,5000.0,0.95,paired_stratified_percentile,outer_fold;y_true,42.0,higher,,False,False,False,True,True,none,pointwise_paired_oof_bootstrap_no_familywise_or_false_discovery_claim,,,,,,,,,,,,,
canonical_v2_20260714T221501Z_483f96f,51415c2ce68c89d9ce2b042b0a7a811fe3e98180b72460006f9d0465f6bf49b7,06c507bee525ea1daca43b61249764007d4d8baaa05c9333f23446ea723ce160,f1e358e99914563305428cece1b1595bc76a58643184407ec5b222162d650332,98ae57b622a56983192975c5bff94374ed51322f13c76af633c3c96ceb198cdd,leakage_policy_sensitivity,"{""dataset_sha256"":""b8deac0a615b97076622ae540f4cfd0d3c3f1e7acb83ba3ff6560470a9ccf60a""}",xgboost_exact_outer_fold_policy_models,same_fold_same_selected_candidate_policy_sensitivity,1200,paired_stratified_percentile_bootstrap_5000_draws,policy_ablation/policy_pairwise_tests.csv,37f3bf751b3b5308a772ef8f3a6da38e8c3ef3a7db112d1159a1d3414a4385bb,policy_pairwise_tests,83,c1300316fe5baec24e789c06aec35dd4f283fa4843b71c7aab1edbf4818f8e91,d483d8ddb93a47a99a2eab54fe3d138d8f614798dd418bca860ea3f20c813f51,b8deac0a615b97076622ae540f4cfd0d3c3f1e7acb83ba3ff6560470a9ccf60a,,,,1200,,,,,,,,,,,,,,,3528e4377f9907c2a7c1b51806abf09e0ec2d5513da630618b0a0cb9950a37d0,,,,no_salary_hike_no_attrition_sensitive_retaining_audit__minus__no_salary_hike_no_attrition,no_salary_hike_no_attrition_sensitive_retaining_audit,no_salary_hike_no_attrition,ordinal_multiclass_performance,balanced_accuracy,0.6400478278264968,0.6262657240741177,0.013782103752379,-0.0071952822833063,0.0351357338870313,0.013782103752379,-0.0071952822833063,0.0351357338870313,0.0108752627714611,5000.0,5000.0,0.95,paired_stratified_percentile,outer_fold;y_true,42.0,higher,,False,False,False,True,True,none,pointwise_paired_oof_bootstrap_no_familywise_or_false_discovery_claim,,,,,,,,,,,,,
canonical_v2_20260714T221501Z_483f96f,51415c2ce68c89d9ce2b042b0a7a811fe3e98180b72460006f9d0465f6bf49b7,06c507bee525ea1daca43b61249764007d4d8baaa05c9333f23446ea723ce160,f1e358e99914563305428cece1b1595bc76a58643184407ec5b222162d650332,98ae57b622a56983192975c5bff94374ed51322f13c76af633c3c96ceb198cdd,leakage_policy_sensitivity,"{""dataset_sha256"":""b8deac0a615b97076622ae540f4cfd0d3c3f1e7acb83ba3ff6560470a9ccf60a""}",xgboost_exact_outer_fold_policy_models,same_fold_same_selected_candidate_policy_sensitivity,1200,paired_stratified_percentile_bootstrap_5000_draws,policy_ablation/policy_pairwise_tests.csv,37f3bf751b3b5308a772ef8f3a6da38e8c3ef3a7db112d1159a1d3414a4385bb,policy_pairwise_tests,84,c1300316fe5baec24e789c06aec35dd4f283fa4843b71c7aab1edbf4818f8e91,d483d8ddb93a47a99a2eab54fe3d138d8f614798dd418bca860ea3f20c813f51,b8deac0a615b97076622ae540f4cfd0d3c3f1e7acb83ba3ff6560470a9ccf60a,,,,1200,,,,,,,,,,,,,,,3528e4377f9907c2a7c1b51806abf09e0ec2d5513da630618b0a0cb9950a37d0,,,,no_salary_hike_no_attrition_sensitive_retaining_audit__minus__no_salary_hike_no_attrition,no_salary_hike_no_attrition_sensitive_retaining_audit,no_salary_hike_no_attrition,ordinal_multiclass_performance,macro_f1,0.6278873375943658,0.6149849773365884,0.0129023602577773,-0.0073162267977481,0.0330714001192081,0.0129023602577773,-0.0073162267977481,0.0330714001192081,0.0102705820376208,5000.0,5000.0,0.95,paired_stratified_percentile,outer_fold;y_true,42.0,higher,,False,False,False,True,True,none,pointwise_paired_oof_bootstrap_no_familywise_or_false_discovery_claim,,,,,,,,,,,,,
canonical_v2_20260714T221501Z_483f96f,51415c2ce68c89d9ce2b042b0a7a811fe3e98180b72460006f9d0465f6bf49b7,06c507bee525ea1daca43b61249764007d4d8baaa05c9333f23446ea723ce160,f1e358e99914563305428cece1b1595bc76a58643184407ec5b222162d650332,98ae57b622a56983192975c5bff94374ed51322f13c76af633c3c96ceb198cdd,leakage_policy_sensitivity,"{""dataset_sha256"":""b8deac0a615b97076622ae540f4cfd0d3c3f1e7acb83ba3ff6560470a9ccf60a""}",xgboost_exact_outer_fold_policy_models,same_fold_same_selected_candidate_policy_sensitivity,1200,paired_stratified_percentile_bootstrap_5000_draws,policy_ablation/policy_pairwise_tests.csv,37f3bf751b3b5308a772ef8f3a6da38e8c3ef3a7db112d1159a1d3414a4385bb,policy_pairwise_tests,85,c1300316fe5baec24e789c06aec35dd4f283fa4843b71c7aab1edbf4818f8e91,d483d8ddb93a47a99a2eab54fe3d138d8f614798dd418bca860ea3f20c813f51,b8deac0a615b97076622ae540f4cfd0d3c3f1e7acb83ba3ff6560470a9ccf60a,,,,1200,,,,,,,,,,,,,,,3528e4377f9907c2a7c1b51806abf09e0ec2d5513da630618b0a0cb9950a37d0,,,,no_salary_hike_no_attrition_sensitive_retaining_audit__minus__no_salary_hike_no_attrition,no_salary_hike_no_attrition_sensitive_retaining_audit,no_salary_hike_no_attrition,ordinal_multiclass_performance,quadratic_weighted_kappa,0.5813780260707635,0.5568556185071087,0.0245224075636547,0.0011252459500793,0.0494321607314184,0.0245224075636547,0.0011252459500793,0.0494321607314184,0.0123750155444513,5000.0,5000.0,0.95,paired_stratified_percentile,outer_fold;y_true,42.0,higher,,False,False,False,True,True,none,pointwise_paired_oof_bootstrap_no_familywise_or_false_discovery_claim,,,,,,,,,,,,,
canonical_v2_20260714T221501Z_483f96f,51415c2ce68c89d9ce2b042b0a7a811fe3e98180b72460006f9d0465f6bf49b7,06c507bee525ea1daca43b61249764007d4d8baaa05c9333f23446ea723ce160,f1e358e99914563305428cece1b1595bc76a58643184407ec5b222162d650332,98ae57b622a56983192975c5bff94374ed51322f13c76af633c3c96ceb198cdd,leakage_policy_sensitivity,"{""dataset_sha256"":""b8deac0a615b97076622ae540f4cfd0d3c3f1e7acb83ba3ff6560470a9ccf60a""}",xgboost_exact_outer_fold_policy_models,same_fold_same_selected_candidate_policy_sensitivity,1200,paired_stratified_percentile_bootstrap_5000_draws,policy_ablation/policy_pairwise_tests.csv,37f3bf751b3b5308a772ef8f3a6da38e8c3ef3a7db112d1159a1d3414a4385bb,policy_pairwise_tests,86,c1300316fe5baec24e789c06aec35dd4f283fa4843b71c7aab1edbf4818f8e91,d483d8ddb93a47a99a2eab54fe3d138d8f614798dd418bca860ea3f20c813f51,b8deac0a615b97076622ae540f4cfd0d3c3f1e7acb83ba3ff6560470a9ccf60a,,,,1200,,,,,,,,,,,,,,,3528e4377f9907c2a7c1b51806abf09e0ec2d5513da630618b0a0cb9950a37d0,,,,no_salary_hike_no_attrition_sensitive_retaining_audit__minus__no_salary_hike_no_attrition,no_salary_hike_no_attrition_sensitive_retaining_audit,no_salary_hike_no_attrition,ordinal_multiclass_performance,ordinal_mae,0.2308333333333333,0.2483333333333333,-0.0174999999999999,-0.0333333333333333,-0.0024999999999999,0.0174999999999999,0.0024999999999999,0.0333333333333333,0.0078531934181392,5000.0,5000.0,0.95,paired_stratified_percentile,outer_fold;y_true,42.0,lower,,False,False,False,True,True,none,pointwise_paired_oof_bootstrap_no_familywise_or_false_discovery_claim,,,,,,,,,,,,,
canonical_v2_20260714T221501Z_483f96f,51415c2ce68c89d9ce2b042b0a7a811fe3e98180b72460006f9d0465f6bf49b7,06c507bee525ea1daca43b61249764007d4d8baaa05c9333f23446ea723ce160,f1e358e99914563305428cece1b1595bc76a58643184407ec5b222162d650332,98ae57b622a56983192975c5bff94374ed51322f13c76af633c3c96ceb198cdd,leakage_policy_sensitivity,"{""dataset_sha256"":""b8deac0a615b97076622ae540f4cfd0d3c3f1e7acb83ba3ff6560470a9ccf60a""}",xgboost_exact_outer_fold_policy_models,same_fold_same_selected_candidate_policy_sensitivity,1200,paired_stratified_percentile_bootstrap_5000_draws,policy_ablation/policy_pairwise_tests.csv,37f3bf751b3b5308a772ef8f3a6da38e8c3ef3a7db112d1159a1d3414a4385bb,policy_pairwise_tests,87,c1300316fe5baec24e789c06aec35dd4f283fa4843b71c7aab1edbf4818f8e91,d483d8ddb93a47a99a2eab54fe3d138d8f614798dd418bca860ea3f20c813f51,b8deac0a615b97076622ae540f4cfd0d3c3f1e7acb83ba3ff6560470a9ccf60a,,,,1200,,,,,,,,,,,,,,,3528e4377f9907c2a7c1b51806abf09e0ec2d5513da630618b0a0cb9950a37d0,,,,no_salary_hike_no_attrition_sensitive_retaining_audit__minus__no_salary_hike_no_attrition,no_salary_hike_no_attrition_sensitive_retaining_audit,no_salary_hike_no_attrition,ordinal_multiclass_performance,severe_error_rate,0.0016666666666666,0.0025,-0.0008333333333333,-0.0025,0.0,0.0008333333333333,-0.0,0.0025,0.0008157203850683,5000.0,5000.0,0.95,paired_stratified_percentile,outer_fold;y_true,42.0,lower,,False,False,False,True,True,none,pointwise_paired_oof_bootstrap_no_familywise_or_false_discovery_claim,,,,,,,,,,,,,
canonical_v2_20260714T221501Z_483f96f,51415c2ce68c89d9ce2b042b0a7a811fe3e98180b72460006f9d0465f6bf49b7,06c507bee525ea1daca43b61249764007d4d8baaa05c9333f23446ea723ce160,f1e358e99914563305428cece1b1595bc76a58643184407ec5b222162d650332,98ae57b622a56983192975c5bff94374ed51322f13c76af633c3c96ceb198cdd,leakage_policy_sensitivity,"{""dataset_sha256"":""b8deac0a615b97076622ae540f4cfd0d3c3f1e7acb83ba3ff6560470a9ccf60a""}",xgboost_exact_outer_fold_policy_models,same_fold_same_selected_candidate_policy_sensitivity,1200,paired_stratified_percentile_bootstrap_5000_draws,policy_ablation/policy_pairwise_tests.csv,37f3bf751b3b5308a772ef8f3a6da38e8c3ef3a7db112d1159a1d3414a4385bb,policy_pairwise_tests,88,c1300316fe5baec24e789c06aec35dd4f283fa4843b71c7aab1edbf4818f8e91,d483d8ddb93a47a99a2eab54fe3d138d8f614798dd418bca860ea3f20c813f51,b8deac0a615b97076622ae540f4cfd0d3c3f1e7acb83ba3ff6560470a9ccf60a,,,,1200,,,,,,,,,,,,,,,3528e4377f9907c2a7c1b51806abf09e0ec2d5513da630618b0a0cb9950a37d0,,,,no_salary_hike_no_attrition_sensitive_retaining_audit__minus__no_salary_hike_no_attrition,no_salary_hike_no_attrition_sensitive_retaining_audit,no_salary_hike_no_attrition,ordinal_multiclass_performance,nll_log_loss,0.5441086871505008,0.5396320636037443,0.0044766235467564,-0.0050711375069154,0.01373219507469,-0.0044766235467564,-0.01373219507469,0.0050711375069154,0.0047807521099462,5000.0,5000.0,0.95,paired_stratified_percentile,outer_fold;y_true,42.0,lower,,False,False,False,True,True,none,pointwise_paired_oof_bootstrap_no_familywise_or_false_discovery_claim,,,,,,,,,,,,,
canonical_v2_20260714T221501Z_483f96f,51415c2ce68c89d9ce2b042b0a7a811fe3e98180b72460006f9d0465f6bf49b7,06c507bee525ea1daca43b61249764007d4d8baaa05c9333f23446ea723ce160,f1e358e99914563305428cece1b1595bc76a58643184407ec5b222162d650332,98ae57b622a56983192975c5bff94374ed51322f13c76af633c3c96ceb198cdd,leakage_policy_sensitivity,"{""dataset_sha256"":""b8deac0a615b97076622ae540f4cfd0d3c3f1e7acb83ba3ff6560470a9ccf60a""}",xgboost_exact_outer_fold_policy_models,same_fold_same_selected_candidate_policy_sensitivity,1200,paired_stratified_percentile_bootstrap_5000_draws,policy_ablation/policy_pairwise_tests.csv,37f3bf751b3b5308a772ef8f3a6da38e8c3ef3a7db112d1159a1d3414a4385bb,policy_pairwise_tests,89,c1300316fe5baec24e789c06aec35dd4f283fa4843b71c7aab1edbf4818f8e91,d483d8ddb93a47a99a2eab54fe3d138d8f614798dd418bca860ea3f20c813f51,b8deac0a615b97076622ae540f4cfd0d3c3f1e7acb83ba3ff6560470a9ccf60a,,,,1200,,,,,,,,,,,,,,,3528e4377f9907c2a7c1b51806abf09e0ec2d5513da630618b0a0cb9950a37d0,,,,no_salary_hike_no_attrition_sensitive_retaining_audit__minus__no_salary_hike_no_attrition,no_salary_hike_no_attrition_sensitive_retaining_audit,no_salary_hike_no_attrition,ordinal_multiclass_performance,multiclass_brier,0.3345440935368255,0.3348576250422374,-0.0003135315054118,-0.0075589125683838,0.0070248118025318,0.0003135315054118,-0.0070248118025318,0.0075589125683838,0.0036651315825867,5000.0,5000.0,0.95,paired_stratified_percentile,outer_fold;y_true,42.0,lower,,False,False,False,True,True,none,pointwise_paired_oof_bootstrap_no_familywise_or_false_discovery_claim,,,,,,,,,,,,,
canonical_v2_20260714T221501Z_483f96f,51415c2ce68c89d9ce2b042b0a7a811fe3e98180b72460006f9d0465f6bf49b7,06c507bee525ea1daca43b61249764007d4d8baaa05c9333f23446ea723ce160,f1e358e99914563305428cece1b1595bc76a58643184407ec5b222162d650332,98ae57b622a56983192975c5bff94374ed51322f13c76af633c3c96ceb198cdd,leakage_policy_sensitivity,"{""dataset_sha256"":""b8deac0a615b97076622ae540f4cfd0d3c3f1e7acb83ba3ff6560470a9ccf60a""}",xgboost_exact_outer_fold_policy_models,same_fold_same_selected_candidate_policy_sensitivity,1200,paired_stratified_percentile_bootstrap_5000_draws,policy_ablation/policy_pairwise_tests.csv,37f3bf751b3b5308a772ef8f3a6da38e8c3ef3a7db112d1159a1d3414a4385bb,policy_pairwise_tests,90,c1300316fe5baec24e789c06aec35dd4f283fa4843b71c7aab1edbf4818f8e91,d483d8ddb93a47a99a2eab54fe3d138d8f614798dd418bca860ea3f20c813f51,b8deac0a615b97076622ae540f4cfd0d3c3f1e7acb83ba3ff6560470a9ccf60a,,,,1200,,,,,,,,,,,,,,,3528e4377f9907c2a7c1b51806abf09e0ec2d5513da630618b0a0cb9950a37d0,,,,no_salary_hike_no_attrition_sensitive_retaining_audit__minus__no_salary_hike_no_attrition,no_salary_hike_no_attrition_sensitive_retaining_audit,no_salary_hike_no_attrition,ordinal_multiclass_performance,ece_confidence,0.0455902970342997,0.0452774045977991,0.0003128924365005,-0.020545141657382,0.0218621632560521,-0.0003128924365005,-0.0218621632560521,0.020545141657382,0.0108825368256823,5000.0,5000.0,0.95,paired_stratified_percentile,outer_fold;y_true,42.0,lower,,False,False,False,True,True,none,pointwise_paired_oof_bootstrap_no_familywise_or_false_discovery_claim,,,,,,,,,,,,,
canonical_v2_20260714T221501Z_483f96f,51415c2ce68c89d9ce2b042b0a7a811fe3e98180b72460006f9d0465f6bf49b7,06c507bee525ea1daca43b61249764007d4d8baaa05c9333f23446ea723ce160,f1e358e99914563305428cece1b1595bc76a58643184407ec5b222162d650332,98ae57b622a56983192975c5bff94374ed51322f13c76af633c3c96ceb198cdd,leakage_policy_sensitivity,"{""dataset_sha256"":""b8deac0a615b97076622ae540f4cfd0d3c3f1e7acb83ba3ff6560470a9ccf60a""}",xgboost_exact_outer_fold_policy_models,same_fold_same_selected_candidate_policy_sensitivity,1200,paired_stratified_percentile_bootstrap_5000_draws,policy_ablation/policy_pairwise_tests.csv,37f3bf751b3b5308a772ef8f3a6da38e8c3ef3a7db112d1159a1d3414a4385bb,policy_pairwise_tests,91,c1300316fe5baec24e789c06aec35dd4f283fa4843b71c7aab1edbf4818f8e91,d483d8ddb93a47a99a2eab54fe3d138d8f614798dd418bca860ea3f20c813f51,b8deac0a615b97076622ae540f4cfd0d3c3f1e7acb83ba3ff6560470a9ccf60a,,,,1200,,,,,,,,,,,,,,,3528e4377f9907c2a7c1b51806abf09e0ec2d5513da630618b0a0cb9950a37d0,,,,no_salary_hike_no_attrition_sensitive_retaining_audit__minus__no_salary_hike_no_attrition_no_department,no_salary_hike_no_attrition_sensitive_retaining_audit,no_salary_hike_no_attrition_no_department,ordinal_multiclass_performance,accuracy,0.7708333333333334,0.7591666666666667,0.0116666666666667,-0.0033333333333334,0.0266666666666667,0.0116666666666667,-0.0033333333333334,0.0266666666666667,0.0077637823926991,5000.0,5000.0,0.95,paired_stratified_percentile,outer_fold;y_true,42.0,higher,,False,False,False,False,False,none,pointwise_paired_oof_bootstrap_no_familywise_or_false_discovery_claim,,,,,,,,,,,,,
canonical_v2_20260714T221501Z_483f96f,51415c2ce68c89d9ce2b042b0a7a811fe3e98180b72460006f9d0465f6bf49b7,06c507bee525ea1daca43b61249764007d4d8baaa05c9333f23446ea723ce160,f1e358e99914563305428cece1b1595bc76a58643184407ec5b222162d650332,98ae57b622a56983192975c5bff94374ed51322f13c76af633c3c96ceb198cdd,leakage_policy_sensitivity,"{""dataset_sha256"":""b8deac0a615b97076622ae540f4cfd0d3c3f1e7acb83ba3ff6560470a9ccf60a""}",xgboost_exact_outer_fold_policy_models,same_fold_same_selected_candidate_policy_sensitivity,1200,paired_stratified_percentile_bootstrap_5000_draws,policy_ablation/policy_pairwise_tests.csv,37f3bf751b3b5308a772ef8f3a6da38e8c3ef3a7db112d1159a1d3414a4385bb,policy_pairwise_tests,92,c1300316fe5baec24e789c06aec35dd4f283fa4843b71c7aab1edbf4818f8e91,d483d8ddb93a47a99a2eab54fe3d138d8f614798dd418bca860ea3f20c813f51,b8deac0a615b97076622ae540f4cfd0d3c3f1e7acb83ba3ff6560470a9ccf60a,,,,1200,,,,,,,,,,,,,,,3528e4377f9907c2a7c1b51806abf09e0ec2d5513da630618b0a0cb9950a37d0,,,,no_salary_hike_no_attrition_sensitive_retaining_audit__minus__no_salary_hike_no_attrition_no_department,no_salary_hike_no_attrition_sensitive_retaining_audit,no_salary_hike_no_attrition_no_department,ordinal_multiclass_performance,balanced_accuracy,0.6400478278264968,0.6360452170862891,0.0040026107402076,-0.0160116895320899,0.0239270566072625,0.0040026107402076,-0.0160116895320899,0.0239270566072625,0.0103022904554712,5000.0,5000.0,0.95,paired_stratified_percentile,outer_fold;y_true,42.0,higher,,False,False,False,False,False,none,pointwise_paired_oof_bootstrap_no_familywise_or_false_discovery_claim,,,,,,,,,,,,,
canonical_v2_20260714T221501Z_483f96f,51415c2ce68c89d9ce2b042b0a7a811fe3e98180b72460006f9d0465f6bf49b7,06c507bee525ea1daca43b61249764007d4d8baaa05c9333f23446ea723ce160,f1e358e99914563305428cece1b1595bc76a58643184407ec5b222162d650332,98ae57b622a56983192975c5bff94374ed51322f13c76af633c3c96ceb198cdd,leakage_policy_sensitivity,"{""dataset_sha256"":""b8deac0a615b97076622ae540f4cfd0d3c3f1e7acb83ba3ff6560470a9ccf60a""}",xgboost_exact_outer_fold_policy_models,same_fold_same_selected_candidate_policy_sensitivity,1200,paired_stratified_percentile_bootstrap_5000_draws,policy_ablation/policy_pairwise_tests.csv,37f3bf751b3b5308a772ef8f3a6da38e8c3ef3a7db112d1159a1d3414a4385bb,policy_pairwise_tests,93,c1300316fe5baec24e789c06aec35dd4f283fa4843b71c7aab1edbf4818f8e91,d483d8ddb93a47a99a2eab54fe3d138d8f614798dd418bca860ea3f20c813f51,b8deac0a615b97076622ae540f4cfd0d3c3f1e7acb83ba3ff6560470a9ccf60a,,,,1200,,,,,,,,,,,,,,,3528e4377f9907c2a7c1b51806abf09e0ec2d5513da630618b0a0cb9950a37d0,,,,no_salary_hike_no_attrition_sensitive_retaining_audit__minus__no_salary_hike_no_attrition_no_department,no_salary_hike_no_attrition_sensitive_retaining_audit,no_salary_hike_no_attrition_no_department,ordinal_multiclass_performance,macro_f1,0.6278873375943658,0.6210211647446707,0.006866172849695,-0.012464758199617,0.026329976945737,0.006866172849695,-0.012464758199617,0.026329976945737,0.0100120851965843,5000.0,5000.0,0.95,paired_stratified_percentile,outer_fold;y_true,42.0,higher,,False,False,False,False,False,none,pointwise_paired_oof_bootstrap_no_familywise_or_false_discovery_claim,,,,,,,,,,,,,
canonical_v2_20260714T221501Z_483f96f,51415c2ce68c89d9ce2b042b0a7a811fe3e98180b72460006f9d0465f6bf49b7,06c507bee525ea1daca43b61249764007d4d8baaa05c9333f23446ea723ce160,f1e358e99914563305428cece1b1595bc76a58643184407ec5b222162d650332,98ae57b622a56983192975c5bff94374ed51322f13c76af633c3c96ceb198cdd,leakage_policy_sensitivity,"{""dataset_sha256"":""b8deac0a615b97076622ae540f4cfd0d3c3f1e7acb83ba3ff6560470a9ccf60a""}",xgboost_exact_outer_fold_policy_models,same_fold_same_selected_candidate_policy_sensitivity,1200,paired_stratified_percentile_bootstrap_5000_draws,policy_ablation/policy_pairwise_tests.csv,37f3bf751b3b5308a772ef8f3a6da38e8c3ef3a7db112d1159a1d3414a4385bb,policy_pairwise_tests,94,c1300316fe5baec24e789c06aec35dd4f283fa4843b71c7aab1edbf4818f8e91,d483d8ddb93a47a99a2eab54fe3d138d8f614798dd418bca860ea3f20c813f51,b8deac0a615b97076622ae540f4cfd0d3c3f1e7acb83ba3ff6560470a9ccf60a,,,,1200,,,,,,,,,,,,,,,3528e4377f9907c2a7c1b51806abf09e0ec2d5513da630618b0a0cb9950a37d0,,,,no_salary_hike_no_attrition_sensitive_retaining_audit__minus__no_salary_hike_no_attrition_no_department,no_salary_hike_no_attrition_sensitive_retaining_audit,no_salary_hike_no_attrition_no_department,ordinal_multiclass_performance,quadratic_weighted_kappa,0.5813780260707635,0.567602077831626,0.0137759482391375,-0.0098438098575095,0.0379104747565294,0.0137759482391375,-0.0098438098575095,0.0379104747565294,0.0122300838887334,5000.0,5000.0,0.95,paired_stratified_percentile,outer_fold;y_true,42.0,higher,,False,False,False,False,False,none,pointwise_paired_oof_bootstrap_no_familywise_or_false_discovery_claim,,,,,,,,,,,,,
canonical_v2_20260714T221501Z_483f96f,51415c2ce68c89d9ce2b042b0a7a811fe3e98180b72460006f9d0465f6bf49b7,06c507bee525ea1daca43b61249764007d4d8baaa05c9333f23446ea723ce160,f1e358e99914563305428cece1b1595bc76a58643184407ec5b222162d650332,98ae57b622a56983192975c5bff94374ed51322f13c76af633c3c96ceb198cdd,leakage_policy_sensitivity,"{""dataset_sha256"":""b8deac0a615b97076622ae540f4cfd0d3c3f1e7acb83ba3ff6560470a9ccf60a""}",xgboost_exact_outer_fold_policy_models,same_fold_same_selected_candidate_policy_sensitivity,1200,paired_stratified_percentile_bootstrap_5000_draws,policy_ablation/policy_pairwise_tests.csv,37f3bf751b3b5308a772ef8f3a6da38e8c3ef3a7db112d1159a1d3414a4385bb,policy_pairwise_tests,95,c1300316fe5baec24e789c06aec35dd4f283fa4843b71c7aab1edbf4818f8e91,d483d8ddb93a47a99a2eab54fe3d138d8f614798dd418bca860ea3f20c813f51,b8deac0a615b97076622ae540f4cfd0d3c3f1e7acb83ba3ff6560470a9ccf60a,,,,1200,,,,,,,,,,,,,,,3528e4377f9907c2a7c1b51806abf09e0ec2d5513da630618b0a0cb9950a37d0,,,,no_salary_hike_no_attrition_sensitive_retaining_audit__minus__no_salary_hike_no_attrition_no_department,no_salary_hike_no_attrition_sensitive_retaining_audit,no_salary_hike_no_attrition_no_department,ordinal_multiclass_performance,ordinal_mae,0.2308333333333333,0.2433333333333333,-0.0125,-0.0283333333333333,0.0033333333333333,0.0125,-0.0033333333333333,0.0283333333333333,0.007904910384584,5000.0,5000.0,0.95,paired_stratified_percentile,outer_fold;y_true,42.0,lower,,False,False,False,False,False,none,pointwise_paired_oof_bootstrap_no_familywise_or_false_discovery_claim,,,,,,,,,,,,,
canonical_v2_20260714T221501Z_483f96f,51415c2ce68c89d9ce2b042b0a7a811fe3e98180b72460006f9d0465f6bf49b7,06c507bee525ea1daca43b61249764007d4d8baaa05c9333f23446ea723ce160,f1e358e99914563305428cece1b1595bc76a58643184407ec5b222162d650332,98ae57b622a56983192975c5bff94374ed51322f13c76af633c3c96ceb198cdd,leakage_policy_sensitivity,"{""dataset_sha256"":""b8deac0a615b97076622ae540f4cfd0d3c3f1e7acb83ba3ff6560470a9ccf60a""}",xgboost_exact_outer_fold_policy_models,same_fold_same_selected_candidate_policy_sensitivity,1200,paired_stratified_percentile_bootstrap_5000_draws,policy_ablation/policy_pairwise_tests.csv,37f3bf751b3b5308a772ef8f3a6da38e8c3ef3a7db112d1159a1d3414a4385bb,policy_pairwise_tests,96,c1300316fe5baec24e789c06aec35dd4f283fa4843b71c7aab1edbf4818f8e91,d483d8ddb93a47a99a2eab54fe3d138d8f614798dd418bca860ea3f20c813f51,b8deac0a615b97076622ae540f4cfd0d3c3f1e7acb83ba3ff6560470a9ccf60a,,,,1200,,,,,,,,,,,,,,,3528e4377f9907c2a7c1b51806abf09e0ec2d5513da630618b0a0cb9950a37d0,,,,no_salary_hike_no_attrition_sensitive_retaining_audit__minus__no_salary_hike_no_attrition_no_department,no_salary_hike_no_attrition_sensitive_retaining_audit,no_salary_hike_no_attrition_no_department,ordinal_multiclass_performance,severe_error_rate,0.0016666666666666,0.0025,-0.0008333333333333,-0.0025,0.0,0.0008333333333333,-0.0,0.0025,0.0008157203850683,5000.0,5000.0,0.95,paired_stratified_percentile,outer_fold;y_true,42.0,lower,,False,False,False,False,False,none,pointwise_paired_oof_bootstrap_no_familywise_or_false_discovery_claim,,,,,,,,,,,,,
canonical_v2_20260714T221501Z_483f96f,51415c2ce68c89d9ce2b042b0a7a811fe3e98180b72460006f9d0465f6bf49b7,06c507bee525ea1daca43b61249764007d4d8baaa05c9333f23446ea723ce160,f1e358e99914563305428cece1b1595bc76a58643184407ec5b222162d650332,98ae57b622a56983192975c5bff94374ed51322f13c76af633c3c96ceb198cdd,leakage_policy_sensitivity,"{""dataset_sha256"":""b8deac0a615b97076622ae540f4cfd0d3c3f1e7acb83ba3ff6560470a9ccf60a""}",xgboost_exact_outer_fold_policy_models,same_fold_same_selected_candidate_policy_sensitivity,1200,paired_stratified_percentile_bootstrap_5000_draws,policy_ablation/policy_pairwise_tests.csv,37f3bf751b3b5308a772ef8f3a6da38e8c3ef3a7db112d1159a1d3414a4385bb,policy_pairwise_tests,97,c1300316fe5baec24e789c06aec35dd4f283fa4843b71c7aab1edbf4818f8e91,d483d8ddb93a47a99a2eab54fe3d138d8f614798dd418bca860ea3f20c813f51,b8deac0a615b97076622ae540f4cfd0d3c3f1e7acb83ba3ff6560470a9ccf60a,,,,1200,,,,,,,,,,,,,,,3528e4377f9907c2a7c1b51806abf09e0ec2d5513da630618b0a0cb9950a37d0,,,,no_salary_hike_no_attrition_sensitive_retaining_audit__minus__no_salary_hike_no_attrition_no_department,no_salary_hike_no_attrition_sensitive_retaining_audit,no_salary_hike_no_attrition_no_department,ordinal_multiclass_performance,nll_log_loss,0.5441086871505008,0.5514626110693018,-0.007353923918801,-0.0213738998941689,0.0057571213539268,0.007353923918801,-0.0057571213539268,0.0213738998941689,0.0067935629346963,5000.0,5000.0,0.95,paired_stratified_percentile,outer_fold;y_true,42.0,lower,,False,False,False,False,False,none,pointwise_paired_oof_bootstrap_no_familywise_or_false_discovery_claim,,,,,,,,,,,,,
canonical_v2_20260714T221501Z_483f96f,51415c2ce68c89d9ce2b042b0a7a811fe3e98180b72460006f9d0465f6bf49b7,06c507bee525ea1daca43b61249764007d4d8baaa05c9333f23446ea723ce160,f1e358e99914563305428cece1b1595bc76a58643184407ec5b222162d650332,98ae57b622a56983192975c5bff94374ed51322f13c76af633c3c96ceb198cdd,leakage_policy_sensitivity,"{""dataset_sha256"":""b8deac0a615b97076622ae540f4cfd0d3c3f1e7acb83ba3ff6560470a9ccf60a""}",xgboost_exact_outer_fold_policy_models,same_fold_same_selected_candidate_policy_sensitivity,1200,paired_stratified_percentile_bootstrap_5000_draws,policy_ablation/policy_pairwise_tests.csv,37f3bf751b3b5308a772ef8f3a6da38e8c3ef3a7db112d1159a1d3414a4385bb,policy_pairwise_tests,98,c1300316fe5baec24e789c06aec35dd4f283fa4843b71c7aab1edbf4818f8e91,d483d8ddb93a47a99a2eab54fe3d138d8f614798dd418bca860ea3f20c813f51,b8deac0a615b97076622ae540f4cfd0d3c3f1e7acb83ba3ff6560470a9ccf60a,,,,1200,,,,,,,,,,,,,,,3528e4377f9907c2a7c1b51806abf09e0ec2d5513da630618b0a0cb9950a37d0,,,,no_salary_hike_no_attrition_sensitive_retaining_audit__minus__no_salary_hike_no_attrition_no_department,no_salary_hike_no_attrition_sensitive_retaining_audit,no_salary_hike_no_attrition_no_department,ordinal_multiclass_performance,multiclass_brier,0.3345440935368255,0.342606326573343,-0.0080622330365174,-0.0173519047491319,0.0007124233598498,0.0080622330365174,-0.0007124233598499,0.0173519047491319,0.0045820158487777,5000.0,5000.0,0.95,paired_stratified_percentile,outer_fold;y_true,42.0,lower,,False,False,False,False,False,none,pointwise_paired_oof_bootstrap_no_familywise_or_false_discovery_claim,,,,,,,,,,,,,
canonical_v2_20260714T221501Z_483f96f,51415c2ce68c89d9ce2b042b0a7a811fe3e98180b72460006f9d0465f6bf49b7,06c507bee525ea1daca43b61249764007d4d8baaa05c9333f23446ea723ce160,f1e358e99914563305428cece1b1595bc76a58643184407ec5b222162d650332,98ae57b622a56983192975c5bff94374ed51322f13c76af633c3c96ceb198cdd,leakage_policy_sensitivity,"{""dataset_sha256"":""b8deac0a615b97076622ae540f4cfd0d3c3f1e7acb83ba3ff6560470a9ccf60a""}",xgboost_exact_outer_fold_policy_models,same_fold_same_selected_candidate_policy_sensitivity,1200,paired_stratified_percentile_bootstrap_5000_draws,policy_ablation/policy_pairwise_tests.csv,37f3bf751b3b5308a772ef8f3a6da38e8c3ef3a7db112d1159a1d3414a4385bb,policy_pairwise_tests,99,c1300316fe5baec24e789c06aec35dd4f283fa4843b71c7aab1edbf4818f8e91,d483d8ddb93a47a99a2eab54fe3d138d8f614798dd418bca860ea3f20c813f51,b8deac0a615b97076622ae540f4cfd0d3c3f1e7acb83ba3ff6560470a9ccf60a,,,,1200,,,,,,,,,,,,,,,3528e4377f9907c2a7c1b51806abf09e0ec2d5513da630618b0a0cb9950a37d0,,,,no_salary_hike_no_attrition_sensitive_retaining_audit__minus__no_salary_hike_no_attrition_no_department,no_salary_hike_no_attrition_sensitive_retaining_audit,no_salary_hike_no_attrition_no_department,ordinal_multiclass_performance,ece_confidence,0.0455902970342997,0.0375426568313583,0.0080476402029414,-0.0162196523588359,0.0230922614315545,-0.0080476402029414,-0.0230922614315546,0.0162196523588359,0.0100918028597164,5000.0,5000.0,0.95,paired_stratified_percentile,outer_fold;y_true,42.0,lower,,False,False,False,False,False,none,pointwise_paired_oof_bootstrap_no_familywise_or_false_discovery_claim,,,,,,,,,,,,,
canonical_v2_20260714T221501Z_483f96f,51415c2ce68c89d9ce2b042b0a7a811fe3e98180b72460006f9d0465f6bf49b7,06c507bee525ea1daca43b61249764007d4d8baaa05c9333f23446ea723ce160,f1e358e99914563305428cece1b1595bc76a58643184407ec5b222162d650332,98ae57b622a56983192975c5bff94374ed51322f13c76af633c3c96ceb198cdd,leakage_policy_sensitivity,"{""dataset_sha256"":""b8deac0a615b97076622ae540f4cfd0d3c3f1e7acb83ba3ff6560470a9ccf60a""}",xgboost_exact_outer_fold_policy_models,same_fold_same_selected_candidate_policy_sensitivity,1200,paired_stratified_percentile_bootstrap_5000_draws,policy_ablation/policy_pairwise_tests.csv,37f3bf751b3b5308a772ef8f3a6da38e8c3ef3a7db112d1159a1d3414a4385bb,policy_pairwise_tests,100,c1300316fe5baec24e789c06aec35dd4f283fa4843b71c7aab1edbf4818f8e91,d483d8ddb93a47a99a2eab54fe3d138d8f614798dd418bca860ea3f20c813f51,b8deac0a615b97076622ae540f4cfd0d3c3f1e7acb83ba3ff6560470a9ccf60a,,,,1200,,,,,,,,,,,,,,,3528e4377f9907c2a7c1b51806abf09e0ec2d5513da630618b0a0cb9950a37d0,,,,no_salary_hike_no_attrition_sensitive_retaining_audit__minus__no_salary_hike_no_attrition_no_department_no_job_role,no_salary_hike_no_attrition_sensitive_retaining_audit,no_salary_hike_no_attrition_no_department_no_job_role,ordinal_multiclass_performance,accuracy,0.7708333333333334,0.7233333333333334,0.0474999999999999,0.0266666666666666,0.0691666666666666,0.0474999999999999,0.0266666666666666,0.0691666666666666,0.0105863795528219,5000.0,5000.0,0.95,paired_stratified_percentile,outer_fold;y_true,42.0,higher,,False,False,False,False,False,none,pointwise_paired_oof_bootstrap_no_familywise_or_false_discovery_claim,,,,,,,,,,,,,
canonical_v2_20260714T221501Z_483f96f,51415c2ce68c89d9ce2b042b0a7a811fe3e98180b72460006f9d0465f6bf49b7,06c507bee525ea1daca43b61249764007d4d8baaa05c9333f23446ea723ce160,f1e358e99914563305428cece1b1595bc76a58643184407ec5b222162d650332,98ae57b622a56983192975c5bff94374ed51322f13c76af633c3c96ceb198cdd,leakage_policy_sensitivity,"{""dataset_sha256"":""b8deac0a615b97076622ae540f4cfd0d3c3f1e7acb83ba3ff6560470a9ccf60a""}",xgboost_exact_outer_fold_policy_models,same_fold_same_selected_candidate_policy_sensitivity,1200,paired_stratified_percentile_bootstrap_5000_draws,policy_ablation/policy_pairwise_tests.csv,37f3bf751b3b5308a772ef8f3a6da38e8c3ef3a7db112d1159a1d3414a4385bb,policy_pairwise_tests,101,c1300316fe5baec24e789c06aec35dd4f283fa4843b71c7aab1edbf4818f8e91,d483d8ddb93a47a99a2eab54fe3d138d8f614798dd418bca860ea3f20c813f51,b8deac0a615b97076622ae540f4cfd0d3c3f1e7acb83ba3ff6560470a9ccf60a,,,,1200,,,,,,,,,,,,,,,3528e4377f9907c2a7c1b51806abf09e0ec2d5513da630618b0a0cb9950a37d0,,,,no_salary_hike_no_attrition_sensitive_retaining_audit__minus__no_salary_hike_no_attrition_no_department_no_job_role,no_salary_hike_no_attrition_sensitive_retaining_audit,no_salary_hike_no_attrition_no_department_no_job_role,ordinal_multiclass_performance,balanced_accuracy,0.6400478278264968,0.6249928214176014,0.0150550064088954,-0.0096365453944955,0.0402633640183475,0.0150550064088954,-0.0096365453944955,0.0402633640183475,0.0126332117147655,5000.0,5000.0,0.95,paired_stratified_percentile,outer_fold;y_true,42.0,higher,,False,False,False,False,False,none,pointwise_paired_oof_bootstrap_no_familywise_or_false_discovery_claim,,,,,,,,,,,,,
canonical_v2_20260714T221501Z_483f96f,51415c2ce68c89d9ce2b042b0a7a811fe3e98180b72460006f9d0465f6bf49b7,06c507bee525ea1daca43b61249764007d4d8baaa05c9333f23446ea723ce160,f1e358e99914563305428cece1b1595bc76a58643184407ec5b222162d650332,98ae57b622a56983192975c5bff94374ed51322f13c76af633c3c96ceb198cdd,leakage_policy_sensitivity,"{""dataset_sha256"":""b8deac0a615b97076622ae540f4cfd0d3c3f1e7acb83ba3ff6560470a9ccf60a""}",xgboost_exact_outer_fold_policy_models,same_fold_same_selected_candidate_policy_sensitivity,1200,paired_stratified_percentile_bootstrap_5000_draws,policy_ablation/policy_pairwise_tests.csv,37f3bf751b3b5308a772ef8f3a6da38e8c3ef3a7db112d1159a1d3414a4385bb,policy_pairwise_tests,102,c1300316fe5baec24e789c06aec35dd4f283fa4843b71c7aab1edbf4818f8e91,d483d8ddb93a47a99a2eab54fe3d138d8f614798dd418bca860ea3f20c813f51,b8deac0a615b97076622ae540f4cfd0d3c3f1e7acb83ba3ff6560470a9ccf60a,,,,1200,,,,,,,,,,,,,,,3528e4377f9907c2a7c1b51806abf09e0ec2d5513da630618b0a0cb9950a37d0,,,,no_salary_hike_no_attrition_sensitive_retaining_audit__minus__no_salary_hike_no_attrition_no_department_no_job_role,no_salary_hike_no_attrition_sensitive_retaining_audit,no_salary_hike_no_attrition_no_department_no_job_role,ordinal_multiclass_performance,macro_f1,0.6278873375943658,0.5880275901395676,0.0398597474547981,0.0157803299868064,0.0650404927961001,0.0398597474547981,0.0157803299868064,0.0650404927961001,0.0125349457509358,5000.0,5000.0,0.95,paired_stratified_percentile,outer_fold;y_true,42.0,higher,,False,False,False,False,False,none,pointwise_paired_oof_bootstrap_no_familywise_or_false_discovery_claim,,,,,,,,,,,,,
canonical_v2_20260714T221501Z_483f96f,51415c2ce68c89d9ce2b042b0a7a811fe3e98180b72460006f9d0465f6bf49b7,06c507bee525ea1daca43b61249764007d4d8baaa05c9333f23446ea723ce160,f1e358e99914563305428cece1b1595bc76a58643184407ec5b222162d650332,98ae57b622a56983192975c5bff94374ed51322f13c76af633c3c96ceb198cdd,leakage_policy_sensitivity,"{""dataset_sha256"":""b8deac0a615b97076622ae540f4cfd0d3c3f1e7acb83ba3ff6560470a9ccf60a""}",xgboost_exact_outer_fold_policy_models,same_fold_same_selected_candidate_policy_sensitivity,1200,paired_stratified_percentile_bootstrap_5000_draws,policy_ablation/policy_pairwise_tests.csv,37f3bf751b3b5308a772ef8f3a6da38e8c3ef3a7db112d1159a1d3414a4385bb,policy_pairwise_tests,103,c1300316fe5baec24e789c06aec35dd4f283fa4843b71c7aab1edbf4818f8e91,d483d8ddb93a47a99a2eab54fe3d138d8f614798dd418bca860ea3f20c813f51,b8deac0a615b97076622ae540f4cfd0d3c3f1e7acb83ba3ff6560470a9ccf60a,,,,1200,,,,,,,,,,,,,,,3528e4377f9907c2a7c1b51806abf09e0ec2d5513da630618b0a0cb9950a37d0,,,,no_salary_hike_no_attrition_sensitive_retaining_audit__minus__no_salary_hike_no_attrition_no_department_no_job_role,no_salary_hike_no_attrition_sensitive_retaining_audit,no_salary_hike_no_attrition_no_department_no_job_role,ordinal_multiclass_performance,quadratic_weighted_kappa,0.5813780260707635,0.533795321690263,0.0475827043805004,0.0174844192110993,0.0790565819194901,0.0475827043805004,0.0174844192110993,0.0790565819194901,0.0157793884079039,5000.0,5000.0,0.95,paired_stratified_percentile,outer_fold;y_true,42.0,higher,,False,False,False,False,False,none,pointwise_paired_oof_bootstrap_no_familywise_or_false_discovery_claim,,,,,,,,,,,,,
canonical_v2_20260714T221501Z_483f96f,51415c2ce68c89d9ce2b042b0a7a811fe3e98180b72460006f9d0465f6bf49b7,06c507bee525ea1daca43b61249764007d4d8baaa05c9333f23446ea723ce160,f1e358e99914563305428cece1b1595bc76a58643184407ec5b222162d650332,98ae57b622a56983192975c5bff94374ed51322f13c76af633c3c96ceb198cdd,leakage_policy_sensitivity,"{""dataset_sha256"":""b8deac0a615b97076622ae540f4cfd0d3c3f1e7acb83ba3ff6560470a9ccf60a""}",xgboost_exact_outer_fold_policy_models,same_fold_same_selected_candidate_policy_sensitivity,1200,paired_stratified_percentile_bootstrap_5000_draws,policy_ablation/policy_pairwise_tests.csv,37f3bf751b3b5308a772ef8f3a6da38e8c3ef3a7db112d1159a1d3414a4385bb,policy_pairwise_tests,104,c1300316fe5baec24e789c06aec35dd4f283fa4843b71c7aab1edbf4818f8e91,d483d8ddb93a47a99a2eab54fe3d138d8f614798dd418bca860ea3f20c813f51,b8deac0a615b97076622ae540f4cfd0d3c3f1e7acb83ba3ff6560470a9ccf60a,,,,1200,,,,,,,,,,,,,,,3528e4377f9907c2a7c1b51806abf09e0ec2d5513da630618b0a0cb9950a37d0,,,,no_salary_hike_no_attrition_sensitive_retaining_audit__minus__no_salary_hike_no_attrition_no_department_no_job_role,no_salary_hike_no_attrition_sensitive_retaining_audit,no_salary_hike_no_attrition_no_department_no_job_role,ordinal_multiclass_performance,ordinal_mae,0.2308333333333333,0.28,-0.0491666666666666,-0.0708333333333333,-0.0283333333333333,0.0491666666666666,0.0283333333333333,0.0708333333333333,0.0107852655521083,5000.0,5000.0,0.95,paired_stratified_percentile,outer_fold;y_true,42.0,lower,,False,False,False,False,False,none,pointwise_paired_oof_bootstrap_no_familywise_or_false_discovery_claim,,,,,,,,,,,,,
canonical_v2_20260714T221501Z_483f96f,51415c2ce68c89d9ce2b042b0a7a811fe3e98180b72460006f9d0465f6bf49b7,06c507bee525ea1daca43b61249764007d4d8baaa05c9333f23446ea723ce160,f1e358e99914563305428cece1b1595bc76a58643184407ec5b222162d650332,98ae57b622a56983192975c5bff94374ed51322f13c76af633c3c96ceb198cdd,leakage_policy_sensitivity,"{""dataset_sha256"":""b8deac0a615b97076622ae540f4cfd0d3c3f1e7acb83ba3ff6560470a9ccf60a""}",xgboost_exact_outer_fold_policy_models,same_fold_same_selected_candidate_policy_sensitivity,1200,paired_stratified_percentile_bootstrap_5000_draws,policy_ablation/policy_pairwise_tests.csv,37f3bf751b3b5308a772ef8f3a6da38e8c3ef3a7db112d1159a1d3414a4385bb,policy_pairwise_tests,105,c1300316fe5baec24e789c06aec35dd4f283fa4843b71c7aab1edbf4818f8e91,d483d8ddb93a47a99a2eab54fe3d138d8f614798dd418bca860ea3f20c813f51,b8deac0a615b97076622ae540f4cfd0d3c3f1e7acb83ba3ff6560470a9ccf60a,,,,1200,,,,,,,,,,,,,,,3528e4377f9907c2a7c1b51806abf09e0ec2d5513da630618b0a0cb9950a37d0,,,,no_salary_hike_no_attrition_sensitive_retaining_audit__minus__no_salary_hike_no_attrition_no_department_no_job_role,no_salary_hike_no_attrition_sensitive_retaining_audit,no_salary_hike_no_attrition_no_department_no_job_role,ordinal_multiclass_performance,severe_error_rate,0.0016666666666666,0.0033333333333333,-0.0016666666666666,-0.0041666666666666,0.0,0.0016666666666666,-0.0,0.0041666666666666,0.0011622409124469,5000.0,5000.0,0.95,paired_stratified_percentile,outer_fold;y_true,42.0,lower,,False,False,False,False,False,none,pointwise_paired_oof_bootstrap_no_familywise_or_false_discovery_claim,,,,,,,,,,,,,
canonical_v2_20260714T221501Z_483f96f,51415c2ce68c89d9ce2b042b0a7a811fe3e98180b72460006f9d0465f6bf49b7,06c507bee525ea1daca43b61249764007d4d8baaa05c9333f23446ea723ce160,f1e358e99914563305428cece1b1595bc76a58643184407ec5b222162d650332,98ae57b622a56983192975c5bff94374ed51322f13c76af633c3c96ceb198cdd,leakage_policy_sensitivity,"{""dataset_sha256"":""b8deac0a615b97076622ae540f4cfd0d3c3f1e7acb83ba3ff6560470a9ccf60a""}",xgboost_exact_outer_fold_policy_models,same_fold_same_selected_candidate_policy_sensitivity,1200,paired_stratified_percentile_bootstrap_5000_draws,policy_ablation/policy_pairwise_tests.csv,37f3bf751b3b5308a772ef8f3a6da38e8c3ef3a7db112d1159a1d3414a4385bb,policy_pairwise_tests,106,c1300316fe5baec24e789c06aec35dd4f283fa4843b71c7aab1edbf4818f8e91,d483d8ddb93a47a99a2eab54fe3d138d8f614798dd418bca860ea3f20c813f51,b8deac0a615b97076622ae540f4cfd0d3c3f1e7acb83ba3ff6560470a9ccf60a,,,,1200,,,,,,,,,,,,,,,3528e4377f9907c2a7c1b51806abf09e0ec2d5513da630618b0a0cb9950a37d0,,,,no_salary_hike_no_attrition_sensitive_retaining_audit__minus__no_salary_hike_no_attrition_no_department_no_job_role,no_salary_hike_no_attrition_sensitive_retaining_audit,no_salary_hike_no_attrition_no_department_no_job_role,ordinal_multiclass_performance,nll_log_loss,0.5441086871505008,0.6216621001121422,-0.0775534129616414,-0.1091572541768161,-0.0464402137980832,0.0775534129616414,0.0464402137980832,0.1091572541768161,0.0161661064107959,5000.0,5000.0,0.95,paired_stratified_percentile,outer_fold;y_true,42.0,lower,,False,False,False,False,False,none,pointwise_paired_oof_bootstrap_no_familywise_or_false_discovery_claim,,,,,,,,,,,,,
canonical_v2_20260714T221501Z_483f96f,51415c2ce68c89d9ce2b042b0a7a811fe3e98180b72460006f9d0465f6bf49b7,06c507bee525ea1daca43b61249764007d4d8baaa05c9333f23446ea723ce160,f1e358e99914563305428cece1b1595bc76a58643184407ec5b222162d650332,98ae57b622a56983192975c5bff94374ed51322f13c76af633c3c96ceb198cdd,leakage_policy_sensitivity,"{""dataset_sha256"":""b8deac0a615b97076622ae540f4cfd0d3c3f1e7acb83ba3ff6560470a9ccf60a""}",xgboost_exact_outer_fold_policy_models,same_fold_same_selected_candidate_policy_sensitivity,1200,paired_stratified_percentile_bootstrap_5000_draws,policy_ablation/policy_pairwise_tests.csv,37f3bf751b3b5308a772ef8f3a6da38e8c3ef3a7db112d1159a1d3414a4385bb,policy_pairwise_tests,107,c1300316fe5baec24e789c06aec35dd4f283fa4843b71c7aab1edbf4818f8e91,d483d8ddb93a47a99a2eab54fe3d138d8f614798dd418bca860ea3f20c813f51,b8deac0a615b97076622ae540f4cfd0d3c3f1e7acb83ba3ff6560470a9ccf60a,,,,1200,,,,,,,,,,,,,,,3528e4377f9907c2a7c1b51806abf09e0ec2d5513da630618b0a0cb9950a37d0,,,,no_salary_hike_no_attrition_sensitive_retaining_audit__minus__no_salary_hike_no_attrition_no_department_no_job_role,no_salary_hike_no_attrition_sensitive_retaining_audit,no_salary_hike_no_attrition_no_department_no_job_role,ordinal_multiclass_performance,multiclass_brier,0.3345440935368255,0.3856139232431197,-0.0510698297062942,-0.0707665202701994,-0.0313240816054853,0.0510698297062942,0.0313240816054853,0.0707665202701994,0.0101062065258036,5000.0,5000.0,0.95,paired_stratified_percentile,outer_fold;y_true,42.0,lower,,False,False,False,False,False,none,pointwise_paired_oof_bootstrap_no_familywise_or_false_discovery_claim,,,,,,,,,,,,,
canonical_v2_20260714T221501Z_483f96f,51415c2ce68c89d9ce2b042b0a7a811fe3e98180b72460006f9d0465f6bf49b7,06c507bee525ea1daca43b61249764007d4d8baaa05c9333f23446ea723ce160,f1e358e99914563305428cece1b1595bc76a58643184407ec5b222162d650332,98ae57b622a56983192975c5bff94374ed51322f13c76af633c3c96ceb198cdd,leakage_policy_sensitivity,"{""dataset_sha256"":""b8deac0a615b97076622ae540f4cfd0d3c3f1e7acb83ba3ff6560470a9ccf60a""}",xgboost_exact_outer_fold_policy_models,same_fold_same_selected_candidate_policy_sensitivity,1200,paired_stratified_percentile_bootstrap_5000_draws,policy_ablation/policy_pairwise_tests.csv,37f3bf751b3b5308a772ef8f3a6da38e8c3ef3a7db112d1159a1d3414a4385bb,policy_pairwise_tests,108,c1300316fe5baec24e789c06aec35dd4f283fa4843b71c7aab1edbf4818f8e91,d483d8ddb93a47a99a2eab54fe3d138d8f614798dd418bca860ea3f20c813f51,b8deac0a615b97076622ae540f4cfd0d3c3f1e7acb83ba3ff6560470a9ccf60a,,,,1200,,,,,,,,,,,,,,,3528e4377f9907c2a7c1b51806abf09e0ec2d5513da630618b0a0cb9950a37d0,,,,no_salary_hike_no_attrition_sensitive_retaining_audit__minus__no_salary_hike_no_attrition_no_department_no_job_role,no_salary_hike_no_attrition_sensitive_retaining_audit,no_salary_hike_no_attrition_no_department_no_job_role,ordinal_multiclass_performance,ece_confidence,0.0455902970342997,0.0578324226833836,-0.0122421256490838,-0.0375095276951679,0.0115548661388095,0.0122421256490838,-0.0115548661388095,0.0375095276951679,0.0124510178262216,5000.0,5000.0,0.95,paired_stratified_percentile,outer_fold;y_true,42.0,lower,,False,False,False,False,False,none,pointwise_paired_oof_bootstrap_no_familywise_or_false_discovery_claim,,,,,,,,,,,,,
canonical_v2_20260714T221501Z_483f96f,51415c2ce68c89d9ce2b042b0a7a811fe3e98180b72460006f9d0465f6bf49b7,06c507bee525ea1daca43b61249764007d4d8baaa05c9333f23446ea723ce160,f1e358e99914563305428cece1b1595bc76a58643184407ec5b222162d650332,98ae57b622a56983192975c5bff94374ed51322f13c76af633c3c96ceb198cdd,leakage_policy_sensitivity,"{""dataset_sha256"":""b8deac0a615b97076622ae540f4cfd0d3c3f1e7acb83ba3ff6560470a9ccf60a""}",xgboost_exact_outer_fold_policy_models,same_fold_same_selected_candidate_policy_sensitivity,1200,paired_stratified_percentile_bootstrap_5000_draws,policy_ablation/policy_pairwise_tests.csv,37f3bf751b3b5308a772ef8f3a6da38e8c3ef3a7db112d1159a1d3414a4385bb,policy_pairwise_tests,109,c1300316fe5baec24e789c06aec35dd4f283fa4843b71c7aab1edbf4818f8e91,d483d8ddb93a47a99a2eab54fe3d138d8f614798dd418bca860ea3f20c813f51,b8deac0a615b97076622ae540f4cfd0d3c3f1e7acb83ba3ff6560470a9ccf60a,,,,1200,,,,,,,,,,,,,,,3528e4377f9907c2a7c1b51806abf09e0ec2d5513da630618b0a0cb9950a37d0,,,,no_salary_hike_no_attrition__minus__no_salary_hike_no_attrition_no_department,no_salary_hike_no_attrition,no_salary_hike_no_attrition_no_department,ordinal_multiclass_performance,accuracy,0.7541666666666667,0.7591666666666667,-0.005,-0.0158333333333332,0.0058333333333333,-0.005,-0.0158333333333332,0.0058333333333333,0.0054612984354056,5000.0,5000.0,0.95,paired_stratified_percentile,outer_fold;y_true,42.0,higher,,False,False,False,True,True,none,pointwise_paired_oof_bootstrap_no_familywise_or_false_discovery_claim,,,,,,,,,,,,,
canonical_v2_20260714T221501Z_483f96f,51415c2ce68c89d9ce2b042b0a7a811fe3e98180b72460006f9d0465f6bf49b7,06c507bee525ea1daca43b61249764007d4d8baaa05c9333f23446ea723ce160,f1e358e99914563305428cece1b1595bc76a58643184407ec5b222162d650332,98ae57b622a56983192975c5bff94374ed51322f13c76af633c3c96ceb198cdd,leakage_policy_sensitivity,"{""dataset_sha256"":""b8deac0a615b97076622ae540f4cfd0d3c3f1e7acb83ba3ff6560470a9ccf60a""}",xgboost_exact_outer_fold_policy_models,same_fold_same_selected_candidate_policy_sensitivity,1200,paired_stratified_percentile_bootstrap_5000_draws,policy_ablation/policy_pairwise_tests.csv,37f3bf751b3b5308a772ef8f3a6da38e8c3ef3a7db112d1159a1d3414a4385bb,policy_pairwise_tests,110,c1300316fe5baec24e789c06aec35dd4f283fa4843b71c7aab1edbf4818f8e91,d483d8ddb93a47a99a2eab54fe3d138d8f614798dd418bca860ea3f20c813f51,b8deac0a615b97076622ae540f4cfd0d3c3f1e7acb83ba3ff6560470a9ccf60a,,,,1200,,,,,,,,,,,,,,,3528e4377f9907c2a7c1b51806abf09e0ec2d5513da630618b0a0cb9950a37d0,,,,no_salary_hike_no_attrition__minus__no_salary_hike_no_attrition_no_department,no_salary_hike_no_attrition,no_salary_hike_no_attrition_no_department,ordinal_multiclass_performance,balanced_accuracy,0.6262657240741177,0.6360452170862891,-0.0097794930121714,-0.0231253757585765,0.0030521143040015,-0.0097794930121714,-0.0231253757585765,0.0030521143040015,0.0066684619478642,5000.0,5000.0,0.95,paired_stratified_percentile,outer_fold;y_true,42.0,higher,,False,False,False,True,True,none,pointwise_paired_oof_bootstrap_no_familywise_or_false_discovery_claim,,,,,,,,,,,,,
canonical_v2_20260714T221501Z_483f96f,51415c2ce68c89d9ce2b042b0a7a811fe3e98180b72460006f9d0465f6bf49b7,06c507bee525ea1daca43b61249764007d4d8baaa05c9333f23446ea723ce160,f1e358e99914563305428cece1b1595bc76a58643184407ec5b222162d650332,98ae57b622a56983192975c5bff94374ed51322f13c76af633c3c96ceb198cdd,leakage_policy_sensitivity,"{""dataset_sha256"":""b8deac0a615b97076622ae540f4cfd0d3c3f1e7acb83ba3ff6560470a9ccf60a""}",xgboost_exact_outer_fold_policy_models,same_fold_same_selected_candidate_policy_sensitivity,1200,paired_stratified_percentile_bootstrap_5000_draws,policy_ablation/policy_pairwise_tests.csv,37f3bf751b3b5308a772ef8f3a6da38e8c3ef3a7db112d1159a1d3414a4385bb,policy_pairwise_tests,111,c1300316fe5baec24e789c06aec35dd4f283fa4843b71c7aab1edbf4818f8e91,d483d8ddb93a47a99a2eab54fe3d138d8f614798dd418bca860ea3f20c813f51,b8deac0a615b97076622ae540f4cfd0d3c3f1e7acb83ba3ff6560470a9ccf60a,,,,1200,,,,,,,,,,,,,,,3528e4377f9907c2a7c1b51806abf09e0ec2d5513da630618b0a0cb9950a37d0,,,,no_salary_hike_no_attrition__minus__no_salary_hike_no_attrition_no_department,no_salary_hike_no_attrition,no_salary_hike_no_attrition_no_department,ordinal_multiclass_performance,macro_f1,0.6149849773365884,0.6210211647446707,-0.0060361874080823,-0.0188094788408553,0.0064420175407855,-0.0060361874080823,-0.0188094788408553,0.0064420175407855,0.0064347195294075,5000.0,5000.0,0.95,paired_stratified_percentile,outer_fold;y_true,42.0,higher,,False,False,False,True,True,none,pointwise_paired_oof_bootstrap_no_familywise_or_false_discovery_claim,,,,,,,,,,,,,
canonical_v2_20260714T221501Z_483f96f,51415c2ce68c89d9ce2b042b0a7a811fe3e98180b72460006f9d0465f6bf49b7,06c507bee525ea1daca43b61249764007d4d8baaa05c9333f23446ea723ce160,f1e358e99914563305428cece1b1595bc76a58643184407ec5b222162d650332,98ae57b622a56983192975c5bff94374ed51322f13c76af633c3c96ceb198cdd,leakage_policy_sensitivity,"{""dataset_sha256"":""b8deac0a615b97076622ae540f4cfd0d3c3f1e7acb83ba3ff6560470a9ccf60a""}",xgboost_exact_outer_fold_policy_models,same_fold_same_selected_candidate_policy_sensitivity,1200,paired_stratified_percentile_bootstrap_5000_draws,policy_ablation/policy_pairwise_tests.csv,37f3bf751b3b5308a772ef8f3a6da38e8c3ef3a7db112d1159a1d3414a4385bb,policy_pairwise_tests,112,c1300316fe5baec24e789c06aec35dd4f283fa4843b71c7aab1edbf4818f8e91,d483d8ddb93a47a99a2eab54fe3d138d8f614798dd418bca860ea3f20c813f51,b8deac0a615b97076622ae540f4cfd0d3c3f1e7acb83ba3ff6560470a9ccf60a,,,,1200,,,,,,,,,,,,,,,3528e4377f9907c2a7c1b51806abf09e0ec2d5513da630618b0a0cb9950a37d0,,,,no_salary_hike_no_attrition__minus__no_salary_hike_no_attrition_no_department,no_salary_hike_no_attrition,no_salary_hike_no_attrition_no_department,ordinal_multiclass_performance,quadratic_weighted_kappa,0.5568556185071087,0.567602077831626,-0.0107464593245172,-0.025892383723522,0.0038958384395926,-0.0107464593245172,-0.025892383723522,0.0038958384395926,0.0076029446386185,5000.0,5000.0,0.95,paired_stratified_percentile,outer_fold;y_true,42.0,higher,,False,False,False,True,True,none,pointwise_paired_oof_bootstrap_no_familywise_or_false_discovery_claim,,,,,,,,,,,,,
canonical_v2_20260714T221501Z_483f96f,51415c2ce68c89d9ce2b042b0a7a811fe3e98180b72460006f9d0465f6bf49b7,06c507bee525ea1daca43b61249764007d4d8baaa05c9333f23446ea723ce160,f1e358e99914563305428cece1b1595bc76a58643184407ec5b222162d650332,98ae57b622a56983192975c5bff94374ed51322f13c76af633c3c96ceb198cdd,leakage_policy_sensitivity,"{""dataset_sha256"":""b8deac0a615b97076622ae540f4cfd0d3c3f1e7acb83ba3ff6560470a9ccf60a""}",xgboost_exact_outer_fold_policy_models,same_fold_same_selected_candidate_policy_sensitivity,1200,paired_stratified_percentile_bootstrap_5000_draws,policy_ablation/policy_pairwise_tests.csv,37f3bf751b3b5308a772ef8f3a6da38e8c3ef3a7db112d1159a1d3414a4385bb,policy_pairwise_tests,113,c1300316fe5baec24e789c06aec35dd4f283fa4843b71c7aab1edbf4818f8e91,d483d8ddb93a47a99a2eab54fe3d138d8f614798dd418bca860ea3f20c813f51,b8deac0a615b97076622ae540f4cfd0d3c3f1e7acb83ba3ff6560470a9ccf60a,,,,1200,,,,,,,,,,,,,,,3528e4377f9907c2a7c1b51806abf09e0ec2d5513da630618b0a0cb9950a37d0,,,,no_salary_hike_no_attrition__minus__no_salary_hike_no_attrition_no_department,no_salary_hike_no_attrition,no_salary_hike_no_attrition_no_department,ordinal_multiclass_performance,ordinal_mae,0.2483333333333333,0.2433333333333333,0.0049999999999999,-0.0058333333333333,0.0158333333333333,-0.0049999999999999,-0.0158333333333333,0.0058333333333333,0.0054612984354056,5000.0,5000.0,0.95,paired_stratified_percentile,outer_fold;y_true,42.0,lower,,False,False,False,True,True,none,pointwise_paired_oof_bootstrap_no_familywise_or_false_discovery_claim,,,,,,,,,,,,,
canonical_v2_20260714T221501Z_483f96f,51415c2ce68c89d9ce2b042b0a7a811fe3e98180b72460006f9d0465f6bf49b7,06c507bee525ea1daca43b61249764007d4d8baaa05c9333f23446ea723ce160,f1e358e99914563305428cece1b1595bc76a58643184407ec5b222162d650332,98ae57b622a56983192975c5bff94374ed51322f13c76af633c3c96ceb198cdd,leakage_policy_sensitivity,"{""dataset_sha256"":""b8deac0a615b97076622ae540f4cfd0d3c3f1e7acb83ba3ff6560470a9ccf60a""}",xgboost_exact_outer_fold_policy_models,same_fold_same_selected_candidate_policy_sensitivity,1200,paired_stratified_percentile_bootstrap_5000_draws,policy_ablation/policy_pairwise_tests.csv,37f3bf751b3b5308a772ef8f3a6da38e8c3ef3a7db112d1159a1d3414a4385bb,policy_pairwise_tests,114,c1300316fe5baec24e789c06aec35dd4f283fa4843b71c7aab1edbf4818f8e91,d483d8ddb93a47a99a2eab54fe3d138d8f614798dd418bca860ea3f20c813f51,b8deac0a615b97076622ae540f4cfd0d3c3f1e7acb83ba3ff6560470a9ccf60a,,,,1200,,,,,,,,,,,,,,,3528e4377f9907c2a7c1b51806abf09e0ec2d5513da630618b0a0cb9950a37d0,,,,no_salary_hike_no_attrition__minus__no_salary_hike_no_attrition_no_department,no_salary_hike_no_attrition,no_salary_hike_no_attrition_no_department,ordinal_multiclass_performance,severe_error_rate,0.0025,0.0025,0.0,0.0,0.0,-0.0,-0.0,0.0,0.0,5000.0,5000.0,0.95,paired_stratified_percentile,outer_fold;y_true,42.0,lower,,False,False,False,True,True,none,pointwise_paired_oof_bootstrap_no_familywise_or_false_discovery_claim,,,,,,,,,,,,,
canonical_v2_20260714T221501Z_483f96f,51415c2ce68c89d9ce2b042b0a7a811fe3e98180b72460006f9d0465f6bf49b7,06c507bee525ea1daca43b61249764007d4d8baaa05c9333f23446ea723ce160,f1e358e99914563305428cece1b1595bc76a58643184407ec5b222162d650332,98ae57b622a56983192975c5bff94374ed51322f13c76af633c3c96ceb198cdd,leakage_policy_sensitivity,"{""dataset_sha256"":""b8deac0a615b97076622ae540f4cfd0d3c3f1e7acb83ba3ff6560470a9ccf60a""}",xgboost_exact_outer_fold_policy_models,same_fold_same_selected_candidate_policy_sensitivity,1200,paired_stratified_percentile_bootstrap_5000_draws,policy_ablation/policy_pairwise_tests.csv,37f3bf751b3b5308a772ef8f3a6da38e8c3ef3a7db112d1159a1d3414a4385bb,policy_pairwise_tests,115,c1300316fe5baec24e789c06aec35dd4f283fa4843b71c7aab1edbf4818f8e91,d483d8ddb93a47a99a2eab54fe3d138d8f614798dd418bca860ea3f20c813f51,b8deac0a615b97076622ae540f4cfd0d3c3f1e7acb83ba3ff6560470a9ccf60a,,,,1200,,,,,,,,,,,,,,,3528e4377f9907c2a7c1b51806abf09e0ec2d5513da630618b0a0cb9950a37d0,,,,no_salary_hike_no_attrition__minus__no_salary_hike_no_attrition_no_department,no_salary_hike_no_attrition,no_salary_hike_no_attrition_no_department,ordinal_multiclass_performance,nll_log_loss,0.5396320636037443,0.5514626110693018,-0.0118305474655575,-0.0227574398104844,-0.0011956728088085,0.0118305474655575,0.0011956728088085,0.0227574398104844,0.0055292636234999,5000.0,5000.0,0.95,paired_stratified_percentile,outer_fold;y_true,42.0,lower,,False,False,False,True,True,none,pointwise_paired_oof_bootstrap_no_familywise_or_false_discovery_claim,,,,,,,,,,,,,
canonical_v2_20260714T221501Z_483f96f,51415c2ce68c89d9ce2b042b0a7a811fe3e98180b72460006f9d0465f6bf49b7,06c507bee525ea1daca43b61249764007d4d8baaa05c9333f23446ea723ce160,f1e358e99914563305428cece1b1595bc76a58643184407ec5b222162d650332,98ae57b622a56983192975c5bff94374ed51322f13c76af633c3c96ceb198cdd,leakage_policy_sensitivity,"{""dataset_sha256"":""b8deac0a615b97076622ae540f4cfd0d3c3f1e7acb83ba3ff6560470a9ccf60a""}",xgboost_exact_outer_fold_policy_models,same_fold_same_selected_candidate_policy_sensitivity,1200,paired_stratified_percentile_bootstrap_5000_draws,policy_ablation/policy_pairwise_tests.csv,37f3bf751b3b5308a772ef8f3a6da38e8c3ef3a7db112d1159a1d3414a4385bb,policy_pairwise_tests,116,c1300316fe5baec24e789c06aec35dd4f283fa4843b71c7aab1edbf4818f8e91,d483d8ddb93a47a99a2eab54fe3d138d8f614798dd418bca860ea3f20c813f51,b8deac0a615b97076622ae540f4cfd0d3c3f1e7acb83ba3ff6560470a9ccf60a,,,,1200,,,,,,,,,,,,,,,3528e4377f9907c2a7c1b51806abf09e0ec2d5513da630618b0a0cb9950a37d0,,,,no_salary_hike_no_attrition__minus__no_salary_hike_no_attrition_no_department,no_salary_hike_no_attrition,no_salary_hike_no_attrition_no_department,ordinal_multiclass_performance,multiclass_brier,0.3348576250422374,0.342606326573343,-0.0077487015311056,-0.0144706032678167,-0.0012831257902815,0.0077487015311056,0.0012831257902815,0.0144706032678167,0.0034581069331224,5000.0,5000.0,0.95,paired_stratified_percentile,outer_fold;y_true,42.0,lower,,False,False,False,True,True,none,pointwise_paired_oof_bootstrap_no_familywise_or_false_discovery_claim,,,,,,,,,,,,,
canonical_v2_20260714T221501Z_483f96f,51415c2ce68c89d9ce2b042b0a7a811fe3e98180b72460006f9d0465f6bf49b7,06c507bee525ea1daca43b61249764007d4d8baaa05c9333f23446ea723ce160,f1e358e99914563305428cece1b1595bc76a58643184407ec5b222162d650332,98ae57b622a56983192975c5bff94374ed51322f13c76af633c3c96ceb198cdd,leakage_policy_sensitivity,"{""dataset_sha256"":""b8deac0a615b97076622ae540f4cfd0d3c3f1e7acb83ba3ff6560470a9ccf60a""}",xgboost_exact_outer_fold_policy_models,same_fold_same_selected_candidate_policy_sensitivity,1200,paired_stratified_percentile_bootstrap_5000_draws,policy_ablation/policy_pairwise_tests.csv,37f3bf751b3b5308a772ef8f3a6da38e8c3ef3a7db112d1159a1d3414a4385bb,policy_pairwise_tests,117,c1300316fe5baec24e789c06aec35dd4f283fa4843b71c7aab1edbf4818f8e91,d483d8ddb93a47a99a2eab54fe3d138d8f614798dd418bca860ea3f20c813f51,b8deac0a615b97076622ae540f4cfd0d3c3f1e7acb83ba3ff6560470a9ccf60a,,,,1200,,,,,,,,,,,,,,,3528e4377f9907c2a7c1b51806abf09e0ec2d5513da630618b0a0cb9950a37d0,,,,no_salary_hike_no_attrition__minus__no_salary_hike_no_attrition_no_department,no_salary_hike_no_attrition,no_salary_hike_no_attrition_no_department,ordinal_multiclass_performance,ece_confidence,0.0452774045977991,0.0375426568313583,0.0077347477664408,-0.015526977023833,0.0226583228157301,-0.0077347477664408,-0.0226583228157302,0.015526977023833,0.0097796513687698,5000.0,5000.0,0.95,paired_stratified_percentile,outer_fold;y_true,42.0,lower,,False,False,False,True,True,none,pointwise_paired_oof_bootstrap_no_familywise_or_false_discovery_claim,,,,,,,,,,,,,
canonical_v2_20260714T221501Z_483f96f,51415c2ce68c89d9ce2b042b0a7a811fe3e98180b72460006f9d0465f6bf49b7,06c507bee525ea1daca43b61249764007d4d8baaa05c9333f23446ea723ce160,f1e358e99914563305428cece1b1595bc76a58643184407ec5b222162d650332,98ae57b622a56983192975c5bff94374ed51322f13c76af633c3c96ceb198cdd,leakage_policy_sensitivity,"{""dataset_sha256"":""b8deac0a615b97076622ae540f4cfd0d3c3f1e7acb83ba3ff6560470a9ccf60a""}",xgboost_exact_outer_fold_policy_models,same_fold_same_selected_candidate_policy_sensitivity,1200,paired_stratified_percentile_bootstrap_5000_draws,policy_ablation/policy_pairwise_tests.csv,37f3bf751b3b5308a772ef8f3a6da38e8c3ef3a7db112d1159a1d3414a4385bb,policy_pairwise_tests,118,c1300316fe5baec24e789c06aec35dd4f283fa4843b71c7aab1edbf4818f8e91,d483d8ddb93a47a99a2eab54fe3d138d8f614798dd418bca860ea3f20c813f51,b8deac0a615b97076622ae540f4cfd0d3c3f1e7acb83ba3ff6560470a9ccf60a,,,,1200,,,,,,,,,,,,,,,3528e4377f9907c2a7c1b51806abf09e0ec2d5513da630618b0a0cb9950a37d0,,,,no_salary_hike_no_attrition__minus__no_salary_hike_no_attrition_no_department_no_job_role,no_salary_hike_no_attrition,no_salary_hike_no_attrition_no_department_no_job_role,ordinal_multiclass_performance,accuracy,0.7541666666666667,0.7233333333333334,0.0308333333333332,0.0108333333333333,0.0508333333333334,0.0308333333333332,0.0108333333333333,0.0508333333333334,0.0102215923931313,5000.0,5000.0,0.95,paired_stratified_percentile,outer_fold;y_true,42.0,higher,,False,False,False,False,False,none,pointwise_paired_oof_bootstrap_no_familywise_or_false_discovery_claim,,,,,,,,,,,,,
canonical_v2_20260714T221501Z_483f96f,51415c2ce68c89d9ce2b042b0a7a811fe3e98180b72460006f9d0465f6bf49b7,06c507bee525ea1daca43b61249764007d4d8baaa05c9333f23446ea723ce160,f1e358e99914563305428cece1b1595bc76a58643184407ec5b222162d650332,98ae57b622a56983192975c5bff94374ed51322f13c76af633c3c96ceb198cdd,leakage_policy_sensitivity,"{""dataset_sha256"":""b8deac0a615b97076622ae540f4cfd0d3c3f1e7acb83ba3ff6560470a9ccf60a""}",xgboost_exact_outer_fold_policy_models,same_fold_same_selected_candidate_policy_sensitivity,1200,paired_stratified_percentile_bootstrap_5000_draws,policy_ablation/policy_pairwise_tests.csv,37f3bf751b3b5308a772ef8f3a6da38e8c3ef3a7db112d1159a1d3414a4385bb,policy_pairwise_tests,119,c1300316fe5baec24e789c06aec35dd4f283fa4843b71c7aab1edbf4818f8e91,d483d8ddb93a47a99a2eab54fe3d138d8f614798dd418bca860ea3f20c813f51,b8deac0a615b97076622ae540f4cfd0d3c3f1e7acb83ba3ff6560470a9ccf60a,,,,1200,,,,,,,,,,,,,,,3528e4377f9907c2a7c1b51806abf09e0ec2d5513da630618b0a0cb9950a37d0,,,,no_salary_hike_no_attrition__minus__no_salary_hike_no_attrition_no_department_no_job_role,no_salary_hike_no_attrition,no_salary_hike_no_attrition_no_department_no_job_role,ordinal_multiclass_performance,balanced_accuracy,0.6262657240741177,0.6249928214176014,0.0012729026565163,-0.0216112280534949,0.0241092496242711,0.0012729026565163,-0.0216112280534949,0.0241092496242711,0.011719821294429,5000.0,5000.0,0.95,paired_stratified_percentile,outer_fold;y_true,42.0,higher,,False,False,False,False,False,none,pointwise_paired_oof_bootstrap_no_familywise_or_false_discovery_claim,,,,,,,,,,,,,
canonical_v2_20260714T221501Z_483f96f,51415c2ce68c89d9ce2b042b0a7a811fe3e98180b72460006f9d0465f6bf49b7,06c507bee525ea1daca43b61249764007d4d8baaa05c9333f23446ea723ce160,f1e358e99914563305428cece1b1595bc76a58643184407ec5b222162d650332,98ae57b622a56983192975c5bff94374ed51322f13c76af633c3c96ceb198cdd,leakage_policy_sensitivity,"{""dataset_sha256"":""b8deac0a615b97076622ae540f4cfd0d3c3f1e7acb83ba3ff6560470a9ccf60a""}",xgboost_exact_outer_fold_policy_models,same_fold_same_selected_candidate_policy_sensitivity,1200,paired_stratified_percentile_bootstrap_5000_draws,policy_ablation/policy_pairwise_tests.csv,37f3bf751b3b5308a772ef8f3a6da38e8c3ef3a7db112d1159a1d3414a4385bb,policy_pairwise_tests,120,c1300316fe5baec24e789c06aec35dd4f283fa4843b71c7aab1edbf4818f8e91,d483d8ddb93a47a99a2eab54fe3d138d8f614798dd418bca860ea3f20c813f51,b8deac0a615b97076622ae540f4cfd0d3c3f1e7acb83ba3ff6560470a9ccf60a,,,,1200,,,,,,,,,,,,,,,3528e4377f9907c2a7c1b51806abf09e0ec2d5513da630618b0a0cb9950a37d0,,,,no_salary_hike_no_attrition__minus__no_salary_hike_no_attrition_no_department_no_job_role,no_salary_hike_no_attrition,no_salary_hike_no_attrition_no_department_no_job_role,ordinal_multiclass_performance,macro_f1,0.6149849773365884,0.5880275901395676,0.0269573871970207,0.005232063232049,0.0495614345184005,0.0269573871970207,0.005232063232049,0.0495614345184005,0.0114288681018325,5000.0,5000.0,0.95,paired_stratified_percentile,outer_fold;y_true,42.0,higher,,False,False,False,False,False,none,pointwise_paired_oof_bootstrap_no_familywise_or_false_discovery_claim,,,,,,,,,,,,,
canonical_v2_20260714T221501Z_483f96f,51415c2ce68c89d9ce2b042b0a7a811fe3e98180b72460006f9d0465f6bf49b7,06c507bee525ea1daca43b61249764007d4d8baaa05c9333f23446ea723ce160,f1e358e99914563305428cece1b1595bc76a58643184407ec5b222162d650332,98ae57b622a56983192975c5bff94374ed51322f13c76af633c3c96ceb198cdd,leakage_policy_sensitivity,"{""dataset_sha256"":""b8deac0a615b97076622ae540f4cfd0d3c3f1e7acb83ba3ff6560470a9ccf60a""}",xgboost_exact_outer_fold_policy_models,same_fold_same_selected_candidate_policy_sensitivity,1200,paired_stratified_percentile_bootstrap_5000_draws,policy_ablation/policy_pairwise_tests.csv,37f3bf751b3b5308a772ef8f3a6da38e8c3ef3a7db112d1159a1d3414a4385bb,policy_pairwise_tests,121,c1300316fe5baec24e789c06aec35dd4f283fa4843b71c7aab1edbf4818f8e91,d483d8ddb93a47a99a2eab54fe3d138d8f614798dd418bca860ea3f20c813f51,b8deac0a615b97076622ae540f4cfd0d3c3f1e7acb83ba3ff6560470a9ccf60a,,,,1200,,,,,,,,,,,,,,,3528e4377f9907c2a7c1b51806abf09e0ec2d5513da630618b0a0cb9950a37d0,,,,no_salary_hike_no_attrition__minus__no_salary_hike_no_attrition_no_department_no_job_role,no_salary_hike_no_attrition,no_salary_hike_no_attrition_no_department_no_job_role,ordinal_multiclass_performance,quadratic_weighted_kappa,0.5568556185071087,0.533795321690263,0.0230602968168457,-0.0042590382703874,0.0510136321221744,0.0230602968168457,-0.0042590382703874,0.0510136321221744,0.0142145408513031,5000.0,5000.0,0.95,paired_stratified_percentile,outer_fold;y_true,42.0,higher,,False,False,False,False,False,none,pointwise_paired_oof_bootstrap_no_familywise_or_false_discovery_claim,,,,,,,,,,,,,
canonical_v2_20260714T221501Z_483f96f,51415c2ce68c89d9ce2b042b0a7a811fe3e98180b72460006f9d0465f6bf49b7,06c507bee525ea1daca43b61249764007d4d8baaa05c9333f23446ea723ce160,f1e358e99914563305428cece1b1595bc76a58643184407ec5b222162d650332,98ae57b622a56983192975c5bff94374ed51322f13c76af633c3c96ceb198cdd,leakage_policy_sensitivity,"{""dataset_sha256"":""b8deac0a615b97076622ae540f4cfd0d3c3f1e7acb83ba3ff6560470a9ccf60a""}",xgboost_exact_outer_fold_policy_models,same_fold_same_selected_candidate_policy_sensitivity,1200,paired_stratified_percentile_bootstrap_5000_draws,policy_ablation/policy_pairwise_tests.csv,37f3bf751b3b5308a772ef8f3a6da38e8c3ef3a7db112d1159a1d3414a4385bb,policy_pairwise_tests,122,c1300316fe5baec24e789c06aec35dd4f283fa4843b71c7aab1edbf4818f8e91,d483d8ddb93a47a99a2eab54fe3d138d8f614798dd418bca860ea3f20c813f51,b8deac0a615b97076622ae540f4cfd0d3c3f1e7acb83ba3ff6560470a9ccf60a,,,,1200,,,,,,,,,,,,,,,3528e4377f9907c2a7c1b51806abf09e0ec2d5513da630618b0a0cb9950a37d0,,,,no_salary_hike_no_attrition__minus__no_salary_hike_no_attrition_no_department_no_job_role,no_salary_hike_no_attrition,no_salary_hike_no_attrition_no_department_no_job_role,ordinal_multiclass_performance,ordinal_mae,0.2483333333333333,0.28,-0.0316666666666667,-0.0516666666666666,-0.0116666666666666,0.0316666666666667,0.0116666666666666,0.0516666666666666,0.0103379459026543,5000.0,5000.0,0.95,paired_stratified_percentile,outer_fold;y_true,42.0,lower,,False,False,False,False,False,none,pointwise_paired_oof_bootstrap_no_familywise_or_false_discovery_claim,,,,,,,,,,,,,
canonical_v2_20260714T221501Z_483f96f,51415c2ce68c89d9ce2b042b0a7a811fe3e98180b72460006f9d0465f6bf49b7,06c507bee525ea1daca43b61249764007d4d8baaa05c9333f23446ea723ce160,f1e358e99914563305428cece1b1595bc76a58643184407ec5b222162d650332,98ae57b622a56983192975c5bff94374ed51322f13c76af633c3c96ceb198cdd,leakage_policy_sensitivity,"{""dataset_sha256"":""b8deac0a615b97076622ae540f4cfd0d3c3f1e7acb83ba3ff6560470a9ccf60a""}",xgboost_exact_outer_fold_policy_models,same_fold_same_selected_candidate_policy_sensitivity,1200,paired_stratified_percentile_bootstrap_5000_draws,policy_ablation/policy_pairwise_tests.csv,37f3bf751b3b5308a772ef8f3a6da38e8c3ef3a7db112d1159a1d3414a4385bb,policy_pairwise_tests,123,c1300316fe5baec24e789c06aec35dd4f283fa4843b71c7aab1edbf4818f8e91,d483d8ddb93a47a99a2eab54fe3d138d8f614798dd418bca860ea3f20c813f51,b8deac0a615b97076622ae540f4cfd0d3c3f1e7acb83ba3ff6560470a9ccf60a,,,,1200,,,,,,,,,,,,,,,3528e4377f9907c2a7c1b51806abf09e0ec2d5513da630618b0a0cb9950a37d0,,,,no_salary_hike_no_attrition__minus__no_salary_hike_no_attrition_no_department_no_job_role,no_salary_hike_no_attrition,no_salary_hike_no_attrition_no_department_no_job_role,ordinal_multiclass_performance,severe_error_rate,0.0025,0.0033333333333333,-0.0008333333333333,-0.0025,0.0,0.0008333333333333,-0.0,0.0025,0.0008182765925914,5000.0,5000.0,0.95,paired_stratified_percentile,outer_fold;y_true,42.0,lower,,False,False,False,False,False,none,pointwise_paired_oof_bootstrap_no_familywise_or_false_discovery_claim,,,,,,,,,,,,,
canonical_v2_20260714T221501Z_483f96f,51415c2ce68c89d9ce2b042b0a7a811fe3e98180b72460006f9d0465f6bf49b7,06c507bee525ea1daca43b61249764007d4d8baaa05c9333f23446ea723ce160,f1e358e99914563305428cece1b1595bc76a58643184407ec5b222162d650332,98ae57b622a56983192975c5bff94374ed51322f13c76af633c3c96ceb198cdd,leakage_policy_sensitivity,"{""dataset_sha256"":""b8deac0a615b97076622ae540f4cfd0d3c3f1e7acb83ba3ff6560470a9ccf60a""}",xgboost_exact_outer_fold_policy_models,same_fold_same_selected_candidate_policy_sensitivity,1200,paired_stratified_percentile_bootstrap_5000_draws,policy_ablation/policy_pairwise_tests.csv,37f3bf751b3b5308a772ef8f3a6da38e8c3ef3a7db112d1159a1d3414a4385bb,policy_pairwise_tests,124,c1300316fe5baec24e789c06aec35dd4f283fa4843b71c7aab1edbf4818f8e91,d483d8ddb93a47a99a2eab54fe3d138d8f614798dd418bca860ea3f20c813f51,b8deac0a615b97076622ae540f4cfd0d3c3f1e7acb83ba3ff6560470a9ccf60a,,,,1200,,,,,,,,,,,,,,,3528e4377f9907c2a7c1b51806abf09e0ec2d5513da630618b0a0cb9950a37d0,,,,no_salary_hike_no_attrition__minus__no_salary_hike_no_attrition_no_department_no_job_role,no_salary_hike_no_attrition,no_salary_hike_no_attrition_no_department_no_job_role,ordinal_multiclass_performance,nll_log_loss,0.5396320636037443,0.6216621001121422,-0.0820300365083979,-0.1125596368453042,-0.0522048106547929,0.0820300365083979,0.0522048106547929,0.1125596368453042,0.0155414134408027,5000.0,5000.0,0.95,paired_stratified_percentile,outer_fold;y_true,42.0,lower,,False,False,False,False,False,none,pointwise_paired_oof_bootstrap_no_familywise_or_false_discovery_claim,,,,,,,,,,,,,
canonical_v2_20260714T221501Z_483f96f,51415c2ce68c89d9ce2b042b0a7a811fe3e98180b72460006f9d0465f6bf49b7,06c507bee525ea1daca43b61249764007d4d8baaa05c9333f23446ea723ce160,f1e358e99914563305428cece1b1595bc76a58643184407ec5b222162d650332,98ae57b622a56983192975c5bff94374ed51322f13c76af633c3c96ceb198cdd,leakage_policy_sensitivity,"{""dataset_sha256"":""b8deac0a615b97076622ae540f4cfd0d3c3f1e7acb83ba3ff6560470a9ccf60a""}",xgboost_exact_outer_fold_policy_models,same_fold_same_selected_candidate_policy_sensitivity,1200,paired_stratified_percentile_bootstrap_5000_draws,policy_ablation/policy_pairwise_tests.csv,37f3bf751b3b5308a772ef8f3a6da38e8c3ef3a7db112d1159a1d3414a4385bb,policy_pairwise_tests,125,c1300316fe5baec24e789c06aec35dd4f283fa4843b71c7aab1edbf4818f8e91,d483d8ddb93a47a99a2eab54fe3d138d8f614798dd418bca860ea3f20c813f51,b8deac0a615b97076622ae540f4cfd0d3c3f1e7acb83ba3ff6560470a9ccf60a,,,,1200,,,,,,,,,,,,,,,3528e4377f9907c2a7c1b51806abf09e0ec2d5513da630618b0a0cb9950a37d0,,,,no_salary_hike_no_attrition__minus__no_salary_hike_no_attrition_no_department_no_job_role,no_salary_hike_no_attrition,no_salary_hike_no_attrition_no_department_no_job_role,ordinal_multiclass_performance,multiclass_brier,0.3348576250422374,0.3856139232431197,-0.0507562982008823,-0.069911819216945,-0.0322899444744962,0.0507562982008823,0.0322899444744962,0.069911819216945,0.0096199954914011,5000.0,5000.0,0.95,paired_stratified_percentile,outer_fold;y_true,42.0,lower,,False,False,False,False,False,none,pointwise_paired_oof_bootstrap_no_familywise_or_false_discovery_claim,,,,,,,,,,,,,
canonical_v2_20260714T221501Z_483f96f,51415c2ce68c89d9ce2b042b0a7a811fe3e98180b72460006f9d0465f6bf49b7,06c507bee525ea1daca43b61249764007d4d8baaa05c9333f23446ea723ce160,f1e358e99914563305428cece1b1595bc76a58643184407ec5b222162d650332,98ae57b622a56983192975c5bff94374ed51322f13c76af633c3c96ceb198cdd,leakage_policy_sensitivity,"{""dataset_sha256"":""b8deac0a615b97076622ae540f4cfd0d3c3f1e7acb83ba3ff6560470a9ccf60a""}",xgboost_exact_outer_fold_policy_models,same_fold_same_selected_candidate_policy_sensitivity,1200,paired_stratified_percentile_bootstrap_5000_draws,policy_ablation/policy_pairwise_tests.csv,37f3bf751b3b5308a772ef8f3a6da38e8c3ef3a7db112d1159a1d3414a4385bb,policy_pairwise_tests,126,c1300316fe5baec24e789c06aec35dd4f283fa4843b71c7aab1edbf4818f8e91,d483d8ddb93a47a99a2eab54fe3d138d8f614798dd418bca860ea3f20c813f51,b8deac0a615b97076622ae540f4cfd0d3c3f1e7acb83ba3ff6560470a9ccf60a,,,,1200,,,,,,,,,,,,,,,3528e4377f9907c2a7c1b51806abf09e0ec2d5513da630618b0a0cb9950a37d0,,,,no_salary_hike_no_attrition__minus__no_salary_hike_no_attrition_no_department_no_job_role,no_salary_hike_no_attrition,no_salary_hike_no_attrition_no_department_no_job_role,ordinal_multiclass_performance,ece_confidence,0.0452774045977991,0.0578324226833836,-0.0125550180855844,-0.0386619208745836,0.0114044568489837,0.0125550180855844,-0.0114044568489837,0.0386619208745836,0.0127132542370501,5000.0,5000.0,0.95,paired_stratified_percentile,outer_fold;y_true,42.0,lower,,False,False,False,False,False,none,pointwise_paired_oof_bootstrap_no_familywise_or_false_discovery_claim,,,,,,,,,,,,,
canonical_v2_20260714T221501Z_483f96f,51415c2ce68c89d9ce2b042b0a7a811fe3e98180b72460006f9d0465f6bf49b7,06c507bee525ea1daca43b61249764007d4d8baaa05c9333f23446ea723ce160,f1e358e99914563305428cece1b1595bc76a58643184407ec5b222162d650332,98ae57b622a56983192975c5bff94374ed51322f13c76af633c3c96ceb198cdd,leakage_policy_sensitivity,"{""dataset_sha256"":""b8deac0a615b97076622ae540f4cfd0d3c3f1e7acb83ba3ff6560470a9ccf60a""}",xgboost_exact_outer_fold_policy_models,same_fold_same_selected_candidate_policy_sensitivity,1200,paired_stratified_percentile_bootstrap_5000_draws,policy_ablation/policy_pairwise_tests.csv,37f3bf751b3b5308a772ef8f3a6da38e8c3ef3a7db112d1159a1d3414a4385bb,policy_pairwise_tests,127,c1300316fe5baec24e789c06aec35dd4f283fa4843b71c7aab1edbf4818f8e91,d483d8ddb93a47a99a2eab54fe3d138d8f614798dd418bca860ea3f20c813f51,b8deac0a615b97076622ae540f4cfd0d3c3f1e7acb83ba3ff6560470a9ccf60a,,,,1200,,,,,,,,,,,,,,,3528e4377f9907c2a7c1b51806abf09e0ec2d5513da630618b0a0cb9950a37d0,,,,no_salary_hike_no_attrition_no_department__minus__no_salary_hike_no_attrition_no_department_no_job_role,no_salary_hike_no_attrition_no_department,no_salary_hike_no_attrition_no_department_no_job_role,ordinal_multiclass_performance,accuracy,0.7591666666666667,0.7233333333333334,0.0358333333333332,0.0175,0.0541666666666666,0.0358333333333332,0.0175,0.0541666666666666,0.0093115078458566,5000.0,5000.0,0.95,paired_stratified_percentile,outer_fold;y_true,42.0,higher,,False,False,False,True,True,none,pointwise_paired_oof_bootstrap_no_familywise_or_false_discovery_claim,,,,,,,,,,,,,
canonical_v2_20260714T221501Z_483f96f,51415c2ce68c89d9ce2b042b0a7a811fe3e98180b72460006f9d0465f6bf49b7,06c507bee525ea1daca43b61249764007d4d8baaa05c9333f23446ea723ce160,f1e358e99914563305428cece1b1595bc76a58643184407ec5b222162d650332,98ae57b622a56983192975c5bff94374ed51322f13c76af633c3c96ceb198cdd,leakage_policy_sensitivity,"{""dataset_sha256"":""b8deac0a615b97076622ae540f4cfd0d3c3f1e7acb83ba3ff6560470a9ccf60a""}",xgboost_exact_outer_fold_policy_models,same_fold_same_selected_candidate_policy_sensitivity,1200,paired_stratified_percentile_bootstrap_5000_draws,policy_ablation/policy_pairwise_tests.csv,37f3bf751b3b5308a772ef8f3a6da38e8c3ef3a7db112d1159a1d3414a4385bb,policy_pairwise_tests,128,c1300316fe5baec24e789c06aec35dd4f283fa4843b71c7aab1edbf4818f8e91,d483d8ddb93a47a99a2eab54fe3d138d8f614798dd418bca860ea3f20c813f51,b8deac0a615b97076622ae540f4cfd0d3c3f1e7acb83ba3ff6560470a9ccf60a,,,,1200,,,,,,,,,,,,,,,3528e4377f9907c2a7c1b51806abf09e0ec2d5513da630618b0a0cb9950a37d0,,,,no_salary_hike_no_attrition_no_department__minus__no_salary_hike_no_attrition_no_department_no_job_role,no_salary_hike_no_attrition_no_department,no_salary_hike_no_attrition_no_department_no_job_role,ordinal_multiclass_performance,balanced_accuracy,0.6360452170862891,0.6249928214176014,0.0110523956686877,-0.0078256809644964,0.0303551152373959,0.0110523956686877,-0.0078256809644964,0.0303551152373959,0.0097914077593656,5000.0,5000.0,0.95,paired_stratified_percentile,outer_fold;y_true,42.0,higher,,False,False,False,True,True,none,pointwise_paired_oof_bootstrap_no_familywise_or_false_discovery_claim,,,,,,,,,,,,,
canonical_v2_20260714T221501Z_483f96f,51415c2ce68c89d9ce2b042b0a7a811fe3e98180b72460006f9d0465f6bf49b7,06c507bee525ea1daca43b61249764007d4d8baaa05c9333f23446ea723ce160,f1e358e99914563305428cece1b1595bc76a58643184407ec5b222162d650332,98ae57b622a56983192975c5bff94374ed51322f13c76af633c3c96ceb198cdd,leakage_policy_sensitivity,"{""dataset_sha256"":""b8deac0a615b97076622ae540f4cfd0d3c3f1e7acb83ba3ff6560470a9ccf60a""}",xgboost_exact_outer_fold_policy_models,same_fold_same_selected_candidate_policy_sensitivity,1200,paired_stratified_percentile_bootstrap_5000_draws,policy_ablation/policy_pairwise_tests.csv,37f3bf751b3b5308a772ef8f3a6da38e8c3ef3a7db112d1159a1d3414a4385bb,policy_pairwise_tests,129,c1300316fe5baec24e789c06aec35dd4f283fa4843b71c7aab1edbf4818f8e91,d483d8ddb93a47a99a2eab54fe3d138d8f614798dd418bca860ea3f20c813f51,b8deac0a615b97076622ae540f4cfd0d3c3f1e7acb83ba3ff6560470a9ccf60a,,,,1200,,,,,,,,,,,,,,,3528e4377f9907c2a7c1b51806abf09e0ec2d5513da630618b0a0cb9950a37d0,,,,no_salary_hike_no_attrition_no_department__minus__no_salary_hike_no_attrition_no_department_no_job_role,no_salary_hike_no_attrition_no_department,no_salary_hike_no_attrition_no_department_no_job_role,ordinal_multiclass_performance,macro_f1,0.6210211647446707,0.5880275901395676,0.0329935746051031,0.0144186084850577,0.0525136489397964,0.0329935746051031,0.0144186084850577,0.0525136489397964,0.0098267741791408,5000.0,5000.0,0.95,paired_stratified_percentile,outer_fold;y_true,42.0,higher,,False,False,False,True,True,none,pointwise_paired_oof_bootstrap_no_familywise_or_false_discovery_claim,,,,,,,,,,,,,
canonical_v2_20260714T221501Z_483f96f,51415c2ce68c89d9ce2b042b0a7a811fe3e98180b72460006f9d0465f6bf49b7,06c507bee525ea1daca43b61249764007d4d8baaa05c9333f23446ea723ce160,f1e358e99914563305428cece1b1595bc76a58643184407ec5b222162d650332,98ae57b622a56983192975c5bff94374ed51322f13c76af633c3c96ceb198cdd,leakage_policy_sensitivity,"{""dataset_sha256"":""b8deac0a615b97076622ae540f4cfd0d3c3f1e7acb83ba3ff6560470a9ccf60a""}",xgboost_exact_outer_fold_policy_models,same_fold_same_selected_candidate_policy_sensitivity,1200,paired_stratified_percentile_bootstrap_5000_draws,policy_ablation/policy_pairwise_tests.csv,37f3bf751b3b5308a772ef8f3a6da38e8c3ef3a7db112d1159a1d3414a4385bb,policy_pairwise_tests,130,c1300316fe5baec24e789c06aec35dd4f283fa4843b71c7aab1edbf4818f8e91,d483d8ddb93a47a99a2eab54fe3d138d8f614798dd418bca860ea3f20c813f51,b8deac0a615b97076622ae540f4cfd0d3c3f1e7acb83ba3ff6560470a9ccf60a,,,,1200,,,,,,,,,,,,,,,3528e4377f9907c2a7c1b51806abf09e0ec2d5513da630618b0a0cb9950a37d0,,,,no_salary_hike_no_attrition_no_department__minus__no_salary_hike_no_attrition_no_department_no_job_role,no_salary_hike_no_attrition_no_department,no_salary_hike_no_attrition_no_department_no_job_role,ordinal_multiclass_performance,quadratic_weighted_kappa,0.567602077831626,0.533795321690263,0.0338067561413629,0.0100243786605236,0.058915874022113,0.0338067561413629,0.0100243786605236,0.058915874022113,0.0125208945305717,5000.0,5000.0,0.95,paired_stratified_percentile,outer_fold;y_true,42.0,higher,,False,False,False,True,True,none,pointwise_paired_oof_bootstrap_no_familywise_or_false_discovery_claim,,,,,,,,,,,,,
canonical_v2_20260714T221501Z_483f96f,51415c2ce68c89d9ce2b042b0a7a811fe3e98180b72460006f9d0465f6bf49b7,06c507bee525ea1daca43b61249764007d4d8baaa05c9333f23446ea723ce160,f1e358e99914563305428cece1b1595bc76a58643184407ec5b222162d650332,98ae57b622a56983192975c5bff94374ed51322f13c76af633c3c96ceb198cdd,leakage_policy_sensitivity,"{""dataset_sha256"":""b8deac0a615b97076622ae540f4cfd0d3c3f1e7acb83ba3ff6560470a9ccf60a""}",xgboost_exact_outer_fold_policy_models,same_fold_same_selected_candidate_policy_sensitivity,1200,paired_stratified_percentile_bootstrap_5000_draws,policy_ablation/policy_pairwise_tests.csv,37f3bf751b3b5308a772ef8f3a6da38e8c3ef3a7db112d1159a1d3414a4385bb,policy_pairwise_tests,131,c1300316fe5baec24e789c06aec35dd4f283fa4843b71c7aab1edbf4818f8e91,d483d8ddb93a47a99a2eab54fe3d138d8f614798dd418bca860ea3f20c813f51,b8deac0a615b97076622ae540f4cfd0d3c3f1e7acb83ba3ff6560470a9ccf60a,,,,1200,,,,,,,,,,,,,,,3528e4377f9907c2a7c1b51806abf09e0ec2d5513da630618b0a0cb9950a37d0,,,,no_salary_hike_no_attrition_no_department__minus__no_salary_hike_no_attrition_no_department_no_job_role,no_salary_hike_no_attrition_no_department,no_salary_hike_no_attrition_no_department_no_job_role,ordinal_multiclass_performance,ordinal_mae,0.2433333333333333,0.28,-0.0366666666666666,-0.0558333333333333,-0.0183333333333333,0.0366666666666666,0.0183333333333333,0.0558333333333333,0.0094297749880741,5000.0,5000.0,0.95,paired_stratified_percentile,outer_fold;y_true,42.0,lower,,False,False,False,True,True,none,pointwise_paired_oof_bootstrap_no_familywise_or_false_discovery_claim,,,,,,,,,,,,,
canonical_v2_20260714T221501Z_483f96f,51415c2ce68c89d9ce2b042b0a7a811fe3e98180b72460006f9d0465f6bf49b7,06c507bee525ea1daca43b61249764007d4d8baaa05c9333f23446ea723ce160,f1e358e99914563305428cece1b1595bc76a58643184407ec5b222162d650332,98ae57b622a56983192975c5bff94374ed51322f13c76af633c3c96ceb198cdd,leakage_policy_sensitivity,"{""dataset_sha256"":""b8deac0a615b97076622ae540f4cfd0d3c3f1e7acb83ba3ff6560470a9ccf60a""}",xgboost_exact_outer_fold_policy_models,same_fold_same_selected_candidate_policy_sensitivity,1200,paired_stratified_percentile_bootstrap_5000_draws,policy_ablation/policy_pairwise_tests.csv,37f3bf751b3b5308a772ef8f3a6da38e8c3ef3a7db112d1159a1d3414a4385bb,policy_pairwise_tests,132,c1300316fe5baec24e789c06aec35dd4f283fa4843b71c7aab1edbf4818f8e91,d483d8ddb93a47a99a2eab54fe3d138d8f614798dd418bca860ea3f20c813f51,b8deac0a615b97076622ae540f4cfd0d3c3f1e7acb83ba3ff6560470a9ccf60a,,,,1200,,,,,,,,,,,,,,,3528e4377f9907c2a7c1b51806abf09e0ec2d5513da630618b0a0cb9950a37d0,,,,no_salary_hike_no_attrition_no_department__minus__no_salary_hike_no_attrition_no_department_no_job_role,no_salary_hike_no_attrition_no_department,no_salary_hike_no_attrition_no_department_no_job_role,ordinal_multiclass_performance,severe_error_rate,0.0025,0.0033333333333333,-0.0008333333333333,-0.0025,0.0,0.0008333333333333,-0.0,0.0025,0.0008182765925914,5000.0,5000.0,0.95,paired_stratified_percentile,outer_fold;y_true,42.0,lower,,False,False,False,True,True,none,pointwise_paired_oof_bootstrap_no_familywise_or_false_discovery_claim,,,,,,,,,,,,,
canonical_v2_20260714T221501Z_483f96f,51415c2ce68c89d9ce2b042b0a7a811fe3e98180b72460006f9d0465f6bf49b7,06c507bee525ea1daca43b61249764007d4d8baaa05c9333f23446ea723ce160,f1e358e99914563305428cece1b1595bc76a58643184407ec5b222162d650332,98ae57b622a56983192975c5bff94374ed51322f13c76af633c3c96ceb198cdd,leakage_policy_sensitivity,"{""dataset_sha256"":""b8deac0a615b97076622ae540f4cfd0d3c3f1e7acb83ba3ff6560470a9ccf60a""}",xgboost_exact_outer_fold_policy_models,same_fold_same_selected_candidate_policy_sensitivity,1200,paired_stratified_percentile_bootstrap_5000_draws,policy_ablation/policy_pairwise_tests.csv,37f3bf751b3b5308a772ef8f3a6da38e8c3ef3a7db112d1159a1d3414a4385bb,policy_pairwise_tests,133,c1300316fe5baec24e789c06aec35dd4f283fa4843b71c7aab1edbf4818f8e91,d483d8ddb93a47a99a2eab54fe3d138d8f614798dd418bca860ea3f20c813f51,b8deac0a615b97076622ae540f4cfd0d3c3f1e7acb83ba3ff6560470a9ccf60a,,,,1200,,,,,,,,,,,,,,,3528e4377f9907c2a7c1b51806abf09e0ec2d5513da630618b0a0cb9950a37d0,,,,no_salary_hike_no_attrition_no_department__minus__no_salary_hike_no_attrition_no_department_no_job_role,no_salary_hike_no_attrition_no_department,no_salary_hike_no_attrition_no_department_no_job_role,ordinal_multiclass_performance,nll_log_loss,0.5514626110693018,0.6216621001121422,-0.0701994890428403,-0.0965694715963869,-0.0441013096123817,0.0701994890428403,0.0441013096123817,0.0965694715963869,0.0136879643326608,5000.0,5000.0,0.95,paired_stratified_percentile,outer_fold;y_true,42.0,lower,,False,False,False,True,True,none,pointwise_paired_oof_bootstrap_no_familywise_or_false_discovery_claim,,,,,,,,,,,,,
canonical_v2_20260714T221501Z_483f96f,51415c2ce68c89d9ce2b042b0a7a811fe3e98180b72460006f9d0465f6bf49b7,06c507bee525ea1daca43b61249764007d4d8baaa05c9333f23446ea723ce160,f1e358e99914563305428cece1b1595bc76a58643184407ec5b222162d650332,98ae57b622a56983192975c5bff94374ed51322f13c76af633c3c96ceb198cdd,leakage_policy_sensitivity,"{""dataset_sha256"":""b8deac0a615b97076622ae540f4cfd0d3c3f1e7acb83ba3ff6560470a9ccf60a""}",xgboost_exact_outer_fold_policy_models,same_fold_same_selected_candidate_policy_sensitivity,1200,paired_stratified_percentile_bootstrap_5000_draws,policy_ablation/policy_pairwise_tests.csv,37f3bf751b3b5308a772ef8f3a6da38e8c3ef3a7db112d1159a1d3414a4385bb,policy_pairwise_tests,134,c1300316fe5baec24e789c06aec35dd4f283fa4843b71c7aab1edbf4818f8e91,d483d8ddb93a47a99a2eab54fe3d138d8f614798dd418bca860ea3f20c813f51,b8deac0a615b97076622ae540f4cfd0d3c3f1e7acb83ba3ff6560470a9ccf60a,,,,1200,,,,,,,,,,,,,,,3528e4377f9907c2a7c1b51806abf09e0ec2d5513da630618b0a0cb9950a37d0,,,,no_salary_hike_no_attrition_no_department__minus__no_salary_hike_no_attrition_no_department_no_job_role,no_salary_hike_no_attrition_no_department,no_salary_hike_no_attrition_no_department_no_job_role,ordinal_multiclass_performance,multiclass_brier,0.342606326573343,0.3856139232431197,-0.0430075966697767,-0.0601577921791735,-0.0263312267824798,0.0430075966697767,0.0263312267824798,0.0601577921791735,0.008720600519565,5000.0,5000.0,0.95,paired_stratified_percentile,outer_fold;y_true,42.0,lower,,False,False,False,True,True,none,pointwise_paired_oof_bootstrap_no_familywise_or_false_discovery_claim,,,,,,,,,,,,,
canonical_v2_20260714T221501Z_483f96f,51415c2ce68c89d9ce2b042b0a7a811fe3e98180b72460006f9d0465f6bf49b7,06c507bee525ea1daca43b61249764007d4d8baaa05c9333f23446ea723ce160,f1e358e99914563305428cece1b1595bc76a58643184407ec5b222162d650332,98ae57b622a56983192975c5bff94374ed51322f13c76af633c3c96ceb198cdd,leakage_policy_sensitivity,"{""dataset_sha256"":""b8deac0a615b97076622ae540f4cfd0d3c3f1e7acb83ba3ff6560470a9ccf60a""}",xgboost_exact_outer_fold_policy_models,same_fold_same_selected_candidate_policy_sensitivity,1200,paired_stratified_percentile_bootstrap_5000_draws,policy_ablation/policy_pairwise_tests.csv,37f3bf751b3b5308a772ef8f3a6da38e8c3ef3a7db112d1159a1d3414a4385bb,policy_pairwise_tests,135,c1300316fe5baec24e789c06aec35dd4f283fa4843b71c7aab1edbf4818f8e91,d483d8ddb93a47a99a2eab54fe3d138d8f614798dd418bca860ea3f20c813f51,b8deac0a615b97076622ae540f4cfd0d3c3f1e7acb83ba3ff6560470a9ccf60a,,,,1200,,,,,,,,,,,,,,,3528e4377f9907c2a7c1b51806abf09e0ec2d5513da630618b0a0cb9950a37d0,,,,no_salary_hike_no_attrition_no_department__minus__no_salary_hike_no_attrition_no_department_no_job_role,no_salary_hike_no_attrition_no_department,no_salary_hike_no_attrition_no_department_no_job_role,ordinal_multiclass_performance,ece_confidence,0.0375426568313583,0.0578324226833836,-0.0202897658520253,-0.0399605661670853,0.0049603567617415,0.0202897658520253,-0.0049603567617415,0.0399605661670853,0.0113311378259337,5000.0,5000.0,0.95,paired_stratified_percentile,outer_fold;y_true,42.0,lower,,False,False,False,True,True,none,pointwise_paired_oof_bootstrap_no_familywise_or_false_discovery_claim,,,,,,,,,,,,,
canonical_v2_20260714T221501Z_483f96f,51415c2ce68c89d9ce2b042b0a7a811fe3e98180b72460006f9d0465f6bf49b7,06c507bee525ea1daca43b61249764007d4d8baaa05c9333f23446ea723ce160,f1e358e99914563305428cece1b1595bc76a58643184407ec5b222162d650332,98ae57b622a56983192975c5bff94374ed51322f13c76af633c3c96ceb198cdd,leakage_policy_sensitivity,"{""dataset_sha256"":""b8deac0a615b97076622ae540f4cfd0d3c3f1e7acb83ba3ff6560470a9ccf60a""}","{""policy"":""full_feature_upper_bound""}",same_fold_same_selected_candidate_policy_sensitivity,1200,paired_stratified_percentile_bootstrap_5000_draws,policy_ablation/leakage_sensitivity_index.csv,25077c686f274b1d6b2a07a1d4e432072d46690f2fe96657ea10dfc7a9f46586,leakage_sensitivity_index,1,c1300316fe5baec24e789c06aec35dd4f283fa4843b71c7aab1edbf4818f8e91,d483d8ddb93a47a99a2eab54fe3d138d8f614798dd418bca860ea3f20c813f51,b8deac0a615b97076622ae540f4cfd0d3c3f1e7acb83ba3ff6560470a9ccf60a,full_feature_upper_bound,,,1200,,,,,,,,,,,,,,,3528e4377f9907c2a7c1b51806abf09e0ec2d5513da630618b0a0cb9950a37d0,,,,,,,,accuracy,,,,,,,,,,5000.0,,,,,,higher,,,,,,,,,full_feature_upper_bound,"positive values indicate degradation relative to the diagnostic information-rich comparator, which is not guaranteed optimized; negative values indicate improvement",0.0,0.0,0.0,0.0,1.0,1.0,0.0,0.0,0.0,finite_metric_domain_span,5000.0
canonical_v2_20260714T221501Z_483f96f,51415c2ce68c89d9ce2b042b0a7a811fe3e98180b72460006f9d0465f6bf49b7,06c507bee525ea1daca43b61249764007d4d8baaa05c9333f23446ea723ce160,f1e358e99914563305428cece1b1595bc76a58643184407ec5b222162d650332,98ae57b622a56983192975c5bff94374ed51322f13c76af633c3c96ceb198cdd,leakage_policy_sensitivity,"{""dataset_sha256"":""b8deac0a615b97076622ae540f4cfd0d3c3f1e7acb83ba3ff6560470a9ccf60a""}","{""policy"":""full_feature_upper_bound""}",same_fold_same_selected_candidate_policy_sensitivity,1200,paired_stratified_percentile_bootstrap_5000_draws,policy_ablation/leakage_sensitivity_index.csv,25077c686f274b1d6b2a07a1d4e432072d46690f2fe96657ea10dfc7a9f46586,leakage_sensitivity_index,2,c1300316fe5baec24e789c06aec35dd4f283fa4843b71c7aab1edbf4818f8e91,d483d8ddb93a47a99a2eab54fe3d138d8f614798dd418bca860ea3f20c813f51,b8deac0a615b97076622ae540f4cfd0d3c3f1e7acb83ba3ff6560470a9ccf60a,full_feature_upper_bound,,,1200,,,,,,,,,,,,,,,3528e4377f9907c2a7c1b51806abf09e0ec2d5513da630618b0a0cb9950a37d0,,,,,,,,balanced_accuracy,,,,,,,,,,5000.0,,,,,,higher,,,,,,,,,full_feature_upper_bound,"positive values indicate degradation relative to the diagnostic information-rich comparator, which is not guaranteed optimized; negative values indicate improvement",0.0,0.0,0.0,0.0,1.0,1.0,0.0,0.0,0.0,finite_metric_domain_span,5000.0
canonical_v2_20260714T221501Z_483f96f,51415c2ce68c89d9ce2b042b0a7a811fe3e98180b72460006f9d0465f6bf49b7,06c507bee525ea1daca43b61249764007d4d8baaa05c9333f23446ea723ce160,f1e358e99914563305428cece1b1595bc76a58643184407ec5b222162d650332,98ae57b622a56983192975c5bff94374ed51322f13c76af633c3c96ceb198cdd,leakage_policy_sensitivity,"{""dataset_sha256"":""b8deac0a615b97076622ae540f4cfd0d3c3f1e7acb83ba3ff6560470a9ccf60a""}","{""policy"":""full_feature_upper_bound""}",same_fold_same_selected_candidate_policy_sensitivity,1200,paired_stratified_percentile_bootstrap_5000_draws,policy_ablation/leakage_sensitivity_index.csv,25077c686f274b1d6b2a07a1d4e432072d46690f2fe96657ea10dfc7a9f46586,leakage_sensitivity_index,3,c1300316fe5baec24e789c06aec35dd4f283fa4843b71c7aab1edbf4818f8e91,d483d8ddb93a47a99a2eab54fe3d138d8f614798dd418bca860ea3f20c813f51,b8deac0a615b97076622ae540f4cfd0d3c3f1e7acb83ba3ff6560470a9ccf60a,full_feature_upper_bound,,,1200,,,,,,,,,,,,,,,3528e4377f9907c2a7c1b51806abf09e0ec2d5513da630618b0a0cb9950a37d0,,,,,,,,macro_f1,,,,,,,,,,5000.0,,,,,,higher,,,,,,,,,full_feature_upper_bound,"positive values indicate degradation relative to the diagnostic information-rich comparator, which is not guaranteed optimized; negative values indicate improvement",0.0,0.0,0.0,0.0,1.0,1.0,0.0,0.0,0.0,finite_metric_domain_span,5000.0
canonical_v2_20260714T221501Z_483f96f,51415c2ce68c89d9ce2b042b0a7a811fe3e98180b72460006f9d0465f6bf49b7,06c507bee525ea1daca43b61249764007d4d8baaa05c9333f23446ea723ce160,f1e358e99914563305428cece1b1595bc76a58643184407ec5b222162d650332,98ae57b622a56983192975c5bff94374ed51322f13c76af633c3c96ceb198cdd,leakage_policy_sensitivity,"{""dataset_sha256"":""b8deac0a615b97076622ae540f4cfd0d3c3f1e7acb83ba3ff6560470a9ccf60a""}","{""policy"":""full_feature_upper_bound""}",same_fold_same_selected_candidate_policy_sensitivity,1200,paired_stratified_percentile_bootstrap_5000_draws,policy_ablation/leakage_sensitivity_index.csv,25077c686f274b1d6b2a07a1d4e432072d46690f2fe96657ea10dfc7a9f46586,leakage_sensitivity_index,4,c1300316fe5baec24e789c06aec35dd4f283fa4843b71c7aab1edbf4818f8e91,d483d8ddb93a47a99a2eab54fe3d138d8f614798dd418bca860ea3f20c813f51,b8deac0a615b97076622ae540f4cfd0d3c3f1e7acb83ba3ff6560470a9ccf60a,full_feature_upper_bound,,,1200,,,,,,,,,,,,,,,3528e4377f9907c2a7c1b51806abf09e0ec2d5513da630618b0a0cb9950a37d0,,,,,,,,quadratic_weighted_kappa,,,,,,,,,,5000.0,,,,,,higher,,,,,,,,,full_feature_upper_bound,"positive values indicate degradation relative to the diagnostic information-rich comparator, which is not guaranteed optimized; negative values indicate improvement",0.0,0.0,0.0,-1.0,1.0,2.0,0.0,0.0,0.0,finite_metric_domain_span,5000.0
canonical_v2_20260714T221501Z_483f96f,51415c2ce68c89d9ce2b042b0a7a811fe3e98180b72460006f9d0465f6bf49b7,06c507bee525ea1daca43b61249764007d4d8baaa05c9333f23446ea723ce160,f1e358e99914563305428cece1b1595bc76a58643184407ec5b222162d650332,98ae57b622a56983192975c5bff94374ed51322f13c76af633c3c96ceb198cdd,leakage_policy_sensitivity,"{""dataset_sha256"":""b8deac0a615b97076622ae540f4cfd0d3c3f1e7acb83ba3ff6560470a9ccf60a""}","{""policy"":""full_feature_upper_bound""}",same_fold_same_selected_candidate_policy_sensitivity,1200,paired_stratified_percentile_bootstrap_5000_draws,policy_ablation/leakage_sensitivity_index.csv,25077c686f274b1d6b2a07a1d4e432072d46690f2fe96657ea10dfc7a9f46586,leakage_sensitivity_index,5,c1300316fe5baec24e789c06aec35dd4f283fa4843b71c7aab1edbf4818f8e91,d483d8ddb93a47a99a2eab54fe3d138d8f614798dd418bca860ea3f20c813f51,b8deac0a615b97076622ae540f4cfd0d3c3f1e7acb83ba3ff6560470a9ccf60a,full_feature_upper_bound,,,1200,,,,,,,,,,,,,,,3528e4377f9907c2a7c1b51806abf09e0ec2d5513da630618b0a0cb9950a37d0,,,,,,,,ordinal_mae,,,,,,,,,,5000.0,,,,,,lower,,,,,,,,,full_feature_upper_bound,"positive values indicate degradation relative to the diagnostic information-rich comparator, which is not guaranteed optimized; negative values indicate improvement",0.0,0.0,0.0,0.0,2.0,2.0,0.0,0.0,0.0,finite_metric_domain_span,5000.0
canonical_v2_20260714T221501Z_483f96f,51415c2ce68c89d9ce2b042b0a7a811fe3e98180b72460006f9d0465f6bf49b7,06c507bee525ea1daca43b61249764007d4d8baaa05c9333f23446ea723ce160,f1e358e99914563305428cece1b1595bc76a58643184407ec5b222162d650332,98ae57b622a56983192975c5bff94374ed51322f13c76af633c3c96ceb198cdd,leakage_policy_sensitivity,"{""dataset_sha256"":""b8deac0a615b97076622ae540f4cfd0d3c3f1e7acb83ba3ff6560470a9ccf60a""}","{""policy"":""full_feature_upper_bound""}",same_fold_same_selected_candidate_policy_sensitivity,1200,paired_stratified_percentile_bootstrap_5000_draws,policy_ablation/leakage_sensitivity_index.csv,25077c686f274b1d6b2a07a1d4e432072d46690f2fe96657ea10dfc7a9f46586,leakage_sensitivity_index,6,c1300316fe5baec24e789c06aec35dd4f283fa4843b71c7aab1edbf4818f8e91,d483d8ddb93a47a99a2eab54fe3d138d8f614798dd418bca860ea3f20c813f51,b8deac0a615b97076622ae540f4cfd0d3c3f1e7acb83ba3ff6560470a9ccf60a,full_feature_upper_bound,,,1200,,,,,,,,,,,,,,,3528e4377f9907c2a7c1b51806abf09e0ec2d5513da630618b0a0cb9950a37d0,,,,,,,,severe_error_rate,,,,,,,,,,5000.0,,,,,,lower,,,,,,,,,full_feature_upper_bound,"positive values indicate degradation relative to the diagnostic information-rich comparator, which is not guaranteed optimized; negative values indicate improvement",0.0,0.0,0.0,0.0,1.0,1.0,0.0,0.0,0.0,finite_metric_domain_span,5000.0
canonical_v2_20260714T221501Z_483f96f,51415c2ce68c89d9ce2b042b0a7a811fe3e98180b72460006f9d0465f6bf49b7,06c507bee525ea1daca43b61249764007d4d8baaa05c9333f23446ea723ce160,f1e358e99914563305428cece1b1595bc76a58643184407ec5b222162d650332,98ae57b622a56983192975c5bff94374ed51322f13c76af633c3c96ceb198cdd,leakage_policy_sensitivity,"{""dataset_sha256"":""b8deac0a615b97076622ae540f4cfd0d3c3f1e7acb83ba3ff6560470a9ccf60a""}","{""policy"":""full_feature_upper_bound""}",same_fold_same_selected_candidate_policy_sensitivity,1200,paired_stratified_percentile_bootstrap_5000_draws,policy_ablation/leakage_sensitivity_index.csv,25077c686f274b1d6b2a07a1d4e432072d46690f2fe96657ea10dfc7a9f46586,leakage_sensitivity_index,7,c1300316fe5baec24e789c06aec35dd4f283fa4843b71c7aab1edbf4818f8e91,d483d8ddb93a47a99a2eab54fe3d138d8f614798dd418bca860ea3f20c813f51,b8deac0a615b97076622ae540f4cfd0d3c3f1e7acb83ba3ff6560470a9ccf60a,full_feature_upper_bound,,,1200,,,,,,,,,,,,,,,3528e4377f9907c2a7c1b51806abf09e0ec2d5513da630618b0a0cb9950a37d0,,,,,,,,nll_log_loss,,,,,,,,,,5000.0,,,,,,lower,,,,,,,,,full_feature_upper_bound,"positive values indicate degradation relative to the diagnostic information-rich comparator, which is not guaranteed optimized; negative values indicate improvement",0.0,0.0,0.0,0.0,inf,,,,,not_applicable_unbounded_domain,5000.0
canonical_v2_20260714T221501Z_483f96f,51415c2ce68c89d9ce2b042b0a7a811fe3e98180b72460006f9d0465f6bf49b7,06c507bee525ea1daca43b61249764007d4d8baaa05c9333f23446ea723ce160,f1e358e99914563305428cece1b1595bc76a58643184407ec5b222162d650332,98ae57b622a56983192975c5bff94374ed51322f13c76af633c3c96ceb198cdd,leakage_policy_sensitivity,"{""dataset_sha256"":""b8deac0a615b97076622ae540f4cfd0d3c3f1e7acb83ba3ff6560470a9ccf60a""}","{""policy"":""full_feature_upper_bound""}",same_fold_same_selected_candidate_policy_sensitivity,1200,paired_stratified_percentile_bootstrap_5000_draws,policy_ablation/leakage_sensitivity_index.csv,25077c686f274b1d6b2a07a1d4e432072d46690f2fe96657ea10dfc7a9f46586,leakage_sensitivity_index,8,c1300316fe5baec24e789c06aec35dd4f283fa4843b71c7aab1edbf4818f8e91,d483d8ddb93a47a99a2eab54fe3d138d8f614798dd418bca860ea3f20c813f51,b8deac0a615b97076622ae540f4cfd0d3c3f1e7acb83ba3ff6560470a9ccf60a,full_feature_upper_bound,,,1200,,,,,,,,,,,,,,,3528e4377f9907c2a7c1b51806abf09e0ec2d5513da630618b0a0cb9950a37d0,,,,,,,,multiclass_brier,,,,,,,,,,5000.0,,,,,,lower,,,,,,,,,full_feature_upper_bound,"positive values indicate degradation relative to the diagnostic information-rich comparator, which is not guaranteed optimized; negative values indicate improvement",0.0,0.0,0.0,0.0,2.0,2.0,0.0,0.0,0.0,finite_metric_domain_span,5000.0
canonical_v2_20260714T221501Z_483f96f,51415c2ce68c89d9ce2b042b0a7a811fe3e98180b72460006f9d0465f6bf49b7,06c507bee525ea1daca43b61249764007d4d8baaa05c9333f23446ea723ce160,f1e358e99914563305428cece1b1595bc76a58643184407ec5b222162d650332,98ae57b622a56983192975c5bff94374ed51322f13c76af633c3c96ceb198cdd,leakage_policy_sensitivity,"{""dataset_sha256"":""b8deac0a615b97076622ae540f4cfd0d3c3f1e7acb83ba3ff6560470a9ccf60a""}","{""policy"":""full_feature_upper_bound""}",same_fold_same_selected_candidate_policy_sensitivity,1200,paired_stratified_percentile_bootstrap_5000_draws,policy_ablation/leakage_sensitivity_index.csv,25077c686f274b1d6b2a07a1d4e432072d46690f2fe96657ea10dfc7a9f46586,leakage_sensitivity_index,9,c1300316fe5baec24e789c06aec35dd4f283fa4843b71c7aab1edbf4818f8e91,d483d8ddb93a47a99a2eab54fe3d138d8f614798dd418bca860ea3f20c813f51,b8deac0a615b97076622ae540f4cfd0d3c3f1e7acb83ba3ff6560470a9ccf60a,full_feature_upper_bound,,,1200,,,,,,,,,,,,,,,3528e4377f9907c2a7c1b51806abf09e0ec2d5513da630618b0a0cb9950a37d0,,,,,,,,ece_confidence,,,,,,,,,,5000.0,,,,,,lower,,,,,,,,,full_feature_upper_bound,"positive values indicate degradation relative to the diagnostic information-rich comparator, which is not guaranteed optimized; negative values indicate improvement",0.0,0.0,0.0,0.0,1.0,1.0,0.0,0.0,0.0,finite_metric_domain_span,5000.0
canonical_v2_20260714T221501Z_483f96f,51415c2ce68c89d9ce2b042b0a7a811fe3e98180b72460006f9d0465f6bf49b7,06c507bee525ea1daca43b61249764007d4d8baaa05c9333f23446ea723ce160,f1e358e99914563305428cece1b1595bc76a58643184407ec5b222162d650332,98ae57b622a56983192975c5bff94374ed51322f13c76af633c3c96ceb198cdd,leakage_policy_sensitivity,"{""dataset_sha256"":""b8deac0a615b97076622ae540f4cfd0d3c3f1e7acb83ba3ff6560470a9ccf60a""}","{""policy"":""no_salary_hike""}",same_fold_same_selected_candidate_policy_sensitivity,1200,paired_stratified_percentile_bootstrap_5000_draws,policy_ablation/leakage_sensitivity_index.csv,25077c686f274b1d6b2a07a1d4e432072d46690f2fe96657ea10dfc7a9f46586,leakage_sensitivity_index,10,c1300316fe5baec24e789c06aec35dd4f283fa4843b71c7aab1edbf4818f8e91,d483d8ddb93a47a99a2eab54fe3d138d8f614798dd418bca860ea3f20c813f51,b8deac0a615b97076622ae540f4cfd0d3c3f1e7acb83ba3ff6560470a9ccf60a,no_salary_hike,,,1200,,,,,,,,,,,,,,,3528e4377f9907c2a7c1b51806abf09e0ec2d5513da630618b0a0cb9950a37d0,,,,,,,,accuracy,,,,,,,,,,5000.0,,,,,,higher,,,,,,,,,full_feature_upper_bound,"positive values indicate degradation relative to the diagnostic information-rich comparator, which is not guaranteed optimized; negative values indicate improvement",0.1516666666666667,0.1316666666666667,0.1708333333333334,0.0,1.0,1.0,0.15166666666666673,0.1316666666666667,0.1708333333333334,finite_metric_domain_span,5000.0
canonical_v2_20260714T221501Z_483f96f,51415c2ce68c89d9ce2b042b0a7a811fe3e98180b72460006f9d0465f6bf49b7,06c507bee525ea1daca43b61249764007d4d8baaa05c9333f23446ea723ce160,f1e358e99914563305428cece1b1595bc76a58643184407ec5b222162d650332,98ae57b622a56983192975c5bff94374ed51322f13c76af633c3c96ceb198cdd,leakage_policy_sensitivity,"{""dataset_sha256"":""b8deac0a615b97076622ae540f4cfd0d3c3f1e7acb83ba3ff6560470a9ccf60a""}","{""policy"":""no_salary_hike""}",same_fold_same_selected_candidate_policy_sensitivity,1200,paired_stratified_percentile_bootstrap_5000_draws,policy_ablation/leakage_sensitivity_index.csv,25077c686f274b1d6b2a07a1d4e432072d46690f2fe96657ea10dfc7a9f46586,leakage_sensitivity_index,11,c1300316fe5baec24e789c06aec35dd4f283fa4843b71c7aab1edbf4818f8e91,d483d8ddb93a47a99a2eab54fe3d138d8f614798dd418bca860ea3f20c813f51,b8deac0a615b97076622ae540f4cfd0d3c3f1e7acb83ba3ff6560470a9ccf60a,no_salary_hike,,,1200,,,,,,,,,,,,,,,3528e4377f9907c2a7c1b51806abf09e0ec2d5513da630618b0a0cb9950a37d0,,,,,,,,balanced_accuracy,,,,,,,,,,5000.0,,,,,,higher,,,,,,,,,full_feature_upper_bound,"positive values indicate degradation relative to the diagnostic information-rich comparator, which is not guaranteed optimized; negative values indicate improvement",0.2604938364274513,0.2303795343322108,0.2908528060572222,0.0,1.0,1.0,0.2604938364274513,0.2303795343322108,0.2908528060572222,finite_metric_domain_span,5000.0
canonical_v2_20260714T221501Z_483f96f,51415c2ce68c89d9ce2b042b0a7a811fe3e98180b72460006f9d0465f6bf49b7,06c507bee525ea1daca43b61249764007d4d8baaa05c9333f23446ea723ce160,f1e358e99914563305428cece1b1595bc76a58643184407ec5b222162d650332,98ae57b622a56983192975c5bff94374ed51322f13c76af633c3c96ceb198cdd,leakage_policy_sensitivity,"{""dataset_sha256"":""b8deac0a615b97076622ae540f4cfd0d3c3f1e7acb83ba3ff6560470a9ccf60a""}","{""policy"":""no_salary_hike""}",same_fold_same_selected_candidate_policy_sensitivity,1200,paired_stratified_percentile_bootstrap_5000_draws,policy_ablation/leakage_sensitivity_index.csv,25077c686f274b1d6b2a07a1d4e432072d46690f2fe96657ea10dfc7a9f46586,leakage_sensitivity_index,12,c1300316fe5baec24e789c06aec35dd4f283fa4843b71c7aab1edbf4818f8e91,d483d8ddb93a47a99a2eab54fe3d138d8f614798dd418bca860ea3f20c813f51,b8deac0a615b97076622ae540f4cfd0d3c3f1e7acb83ba3ff6560470a9ccf60a,no_salary_hike,,,1200,,,,,,,,,,,,,,,3528e4377f9907c2a7c1b51806abf09e0ec2d5513da630618b0a0cb9950a37d0,,,,,,,,macro_f1,,,,,,,,,,5000.0,,,,,,higher,,,,,,,,,full_feature_upper_bound,"positive values indicate degradation relative to the diagnostic information-rich comparator, which is not guaranteed optimized; negative values indicate improvement",0.2643269820837584,0.2366163193981617,0.2913851149564992,0.0,1.0,1.0,0.2643269820837584,0.23661631939816175,0.29138511495649927,finite_metric_domain_span,5000.0
canonical_v2_20260714T221501Z_483f96f,51415c2ce68c89d9ce2b042b0a7a811fe3e98180b72460006f9d0465f6bf49b7,06c507bee525ea1daca43b61249764007d4d8baaa05c9333f23446ea723ce160,f1e358e99914563305428cece1b1595bc76a58643184407ec5b222162d650332,98ae57b622a56983192975c5bff94374ed51322f13c76af633c3c96ceb198cdd,leakage_policy_sensitivity,"{""dataset_sha256"":""b8deac0a615b97076622ae540f4cfd0d3c3f1e7acb83ba3ff6560470a9ccf60a""}","{""policy"":""no_salary_hike""}",same_fold_same_selected_candidate_policy_sensitivity,1200,paired_stratified_percentile_bootstrap_5000_draws,policy_ablation/leakage_sensitivity_index.csv,25077c686f274b1d6b2a07a1d4e432072d46690f2fe96657ea10dfc7a9f46586,leakage_sensitivity_index,13,c1300316fe5baec24e789c06aec35dd4f283fa4843b71c7aab1edbf4818f8e91,d483d8ddb93a47a99a2eab54fe3d138d8f614798dd418bca860ea3f20c813f51,b8deac0a615b97076622ae540f4cfd0d3c3f1e7acb83ba3ff6560470a9ccf60a,no_salary_hike,,,1200,,,,,,,,,,,,,,,3528e4377f9907c2a7c1b51806abf09e0ec2d5513da630618b0a0cb9950a37d0,,,,,,,,quadratic_weighted_kappa,,,,,,,,,,5000.0,,,,,,higher,,,,,,,,,full_feature_upper_bound,"positive values indicate degradation relative to the diagnostic information-rich comparator, which is not guaranteed optimized; negative values indicate improvement",0.2683061331307662,0.2348562664566424,0.3003052404100453,-1.0,1.0,2.0,0.13415306656538312,0.1174281332283212,0.15015262020502265,finite_metric_domain_span,5000.0
canonical_v2_20260714T221501Z_483f96f,51415c2ce68c89d9ce2b042b0a7a811fe3e98180b72460006f9d0465f6bf49b7,06c507bee525ea1daca43b61249764007d4d8baaa05c9333f23446ea723ce160,f1e358e99914563305428cece1b1595bc76a58643184407ec5b222162d650332,98ae57b622a56983192975c5bff94374ed51322f13c76af633c3c96ceb198cdd,leakage_policy_sensitivity,"{""dataset_sha256"":""b8deac0a615b97076622ae540f4cfd0d3c3f1e7acb83ba3ff6560470a9ccf60a""}","{""policy"":""no_salary_hike""}",same_fold_same_selected_candidate_policy_sensitivity,1200,paired_stratified_percentile_bootstrap_5000_draws,policy_ablation/leakage_sensitivity_index.csv,25077c686f274b1d6b2a07a1d4e432072d46690f2fe96657ea10dfc7a9f46586,leakage_sensitivity_index,14,c1300316fe5baec24e789c06aec35dd4f283fa4843b71c7aab1edbf4818f8e91,d483d8ddb93a47a99a2eab54fe3d138d8f614798dd418bca860ea3f20c813f51,b8deac0a615b97076622ae540f4cfd0d3c3f1e7acb83ba3ff6560470a9ccf60a,no_salary_hike,,,1200,,,,,,,,,,,,,,,3528e4377f9907c2a7c1b51806abf09e0ec2d5513da630618b0a0cb9950a37d0,,,,,,,,ordinal_mae,,,,,,,,,,5000.0,,,,,,lower,,,,,,,,,full_feature_upper_bound,"positive values indicate degradation relative to the diagnostic information-rich comparator, which is not guaranteed optimized; negative values indicate improvement",0.1508333333333333,0.1308333333333333,0.17,0.0,2.0,2.0,0.07541666666666666,0.06541666666666668,0.085,finite_metric_domain_span,5000.0
canonical_v2_20260714T221501Z_483f96f,51415c2ce68c89d9ce2b042b0a7a811fe3e98180b72460006f9d0465f6bf49b7,06c507bee525ea1daca43b61249764007d4d8baaa05c9333f23446ea723ce160,f1e358e99914563305428cece1b1595bc76a58643184407ec5b222162d650332,98ae57b622a56983192975c5bff94374ed51322f13c76af633c3c96ceb198cdd,leakage_policy_sensitivity,"{""dataset_sha256"":""b8deac0a615b97076622ae540f4cfd0d3c3f1e7acb83ba3ff6560470a9ccf60a""}","{""policy"":""no_salary_hike""}",same_fold_same_selected_candidate_policy_sensitivity,1200,paired_stratified_percentile_bootstrap_5000_draws,policy_ablation/leakage_sensitivity_index.csv,25077c686f274b1d6b2a07a1d4e432072d46690f2fe96657ea10dfc7a9f46586,leakage_sensitivity_index,15,c1300316fe5baec24e789c06aec35dd4f283fa4843b71c7aab1edbf4818f8e91,d483d8ddb93a47a99a2eab54fe3d138d8f614798dd418bca860ea3f20c813f51,b8deac0a615b97076622ae540f4cfd0d3c3f1e7acb83ba3ff6560470a9ccf60a,no_salary_hike,,,1200,,,,,,,,,,,,,,,3528e4377f9907c2a7c1b51806abf09e0ec2d5513da630618b0a0cb9950a37d0,,,,,,,,severe_error_rate,,,,,,,,,,5000.0,,,,,,lower,,,,,,,,,full_feature_upper_bound,"positive values indicate degradation relative to the diagnostic information-rich comparator, which is not guaranteed optimized; negative values indicate improvement",-0.0008333333333333,-0.0025,0.0,0.0,1.0,1.0,-0.0008333333333333333,-0.0025,0.0,finite_metric_domain_span,5000.0
canonical_v2_20260714T221501Z_483f96f,51415c2ce68c89d9ce2b042b0a7a811fe3e98180b72460006f9d0465f6bf49b7,06c507bee525ea1daca43b61249764007d4d8baaa05c9333f23446ea723ce160,f1e358e99914563305428cece1b1595bc76a58643184407ec5b222162d650332,98ae57b622a56983192975c5bff94374ed51322f13c76af633c3c96ceb198cdd,leakage_policy_sensitivity,"{""dataset_sha256"":""b8deac0a615b97076622ae540f4cfd0d3c3f1e7acb83ba3ff6560470a9ccf60a""}","{""policy"":""no_salary_hike""}",same_fold_same_selected_candidate_policy_sensitivity,1200,paired_stratified_percentile_bootstrap_5000_draws,policy_ablation/leakage_sensitivity_index.csv,25077c686f274b1d6b2a07a1d4e432072d46690f2fe96657ea10dfc7a9f46586,leakage_sensitivity_index,16,c1300316fe5baec24e789c06aec35dd4f283fa4843b71c7aab1edbf4818f8e91,d483d8ddb93a47a99a2eab54fe3d138d8f614798dd418bca860ea3f20c813f51,b8deac0a615b97076622ae540f4cfd0d3c3f1e7acb83ba3ff6560470a9ccf60a,no_salary_hike,,,1200,,,,,,,,,,,,,,,3528e4377f9907c2a7c1b51806abf09e0ec2d5513da630618b0a0cb9950a37d0,,,,,,,,nll_log_loss,,,,,,,,,,5000.0,,,,,,lower,,,,,,,,,full_feature_upper_bound,"positive values indicate degradation relative to the diagnostic information-rich comparator, which is not guaranteed optimized; negative values indicate improvement",0.319920425172605,0.289242665726098,0.3504304919044043,0.0,inf,,,,,not_applicable_unbounded_domain,5000.0
canonical_v2_20260714T221501Z_483f96f,51415c2ce68c89d9ce2b042b0a7a811fe3e98180b72460006f9d0465f6bf49b7,06c507bee525ea1daca43b61249764007d4d8baaa05c9333f23446ea723ce160,f1e358e99914563305428cece1b1595bc76a58643184407ec5b222162d650332,98ae57b622a56983192975c5bff94374ed51322f13c76af633c3c96ceb198cdd,leakage_policy_sensitivity,"{""dataset_sha256"":""b8deac0a615b97076622ae540f4cfd0d3c3f1e7acb83ba3ff6560470a9ccf60a""}","{""policy"":""no_salary_hike""}",same_fold_same_selected_candidate_policy_sensitivity,1200,paired_stratified_percentile_bootstrap_5000_draws,policy_ablation/leakage_sensitivity_index.csv,25077c686f274b1d6b2a07a1d4e432072d46690f2fe96657ea10dfc7a9f46586,leakage_sensitivity_index,17,c1300316fe5baec24e789c06aec35dd4f283fa4843b71c7aab1edbf4818f8e91,d483d8ddb93a47a99a2eab54fe3d138d8f614798dd418bca860ea3f20c813f51,b8deac0a615b97076622ae540f4cfd0d3c3f1e7acb83ba3ff6560470a9ccf60a,no_salary_hike,,,1200,,,,,,,,,,,,,,,3528e4377f9907c2a7c1b51806abf09e0ec2d5513da630618b0a0cb9950a37d0,,,,,,,,multiclass_brier,,,,,,,,,,5000.0,,,,,,lower,,,,,,,,,full_feature_upper_bound,"positive values indicate degradation relative to the diagnostic information-rich comparator, which is not guaranteed optimized; negative values indicate improvement",0.2133678268693368,0.1938143326589791,0.2327584236758952,0.0,2.0,2.0,0.10668391343466843,0.09690716632948958,0.11637921183794762,finite_metric_domain_span,5000.0
canonical_v2_20260714T221501Z_483f96f,51415c2ce68c89d9ce2b042b0a7a811fe3e98180b72460006f9d0465f6bf49b7,06c507bee525ea1daca43b61249764007d4d8baaa05c9333f23446ea723ce160,f1e358e99914563305428cece1b1595bc76a58643184407ec5b222162d650332,98ae57b622a56983192975c5bff94374ed51322f13c76af633c3c96ceb198cdd,leakage_policy_sensitivity,"{""dataset_sha256"":""b8deac0a615b97076622ae540f4cfd0d3c3f1e7acb83ba3ff6560470a9ccf60a""}","{""policy"":""no_salary_hike""}",same_fold_same_selected_candidate_policy_sensitivity,1200,paired_stratified_percentile_bootstrap_5000_draws,policy_ablation/leakage_sensitivity_index.csv,25077c686f274b1d6b2a07a1d4e432072d46690f2fe96657ea10dfc7a9f46586,leakage_sensitivity_index,18,c1300316fe5baec24e789c06aec35dd4f283fa4843b71c7aab1edbf4818f8e91,d483d8ddb93a47a99a2eab54fe3d138d8f614798dd418bca860ea3f20c813f51,b8deac0a615b97076622ae540f4cfd0d3c3f1e7acb83ba3ff6560470a9ccf60a,no_salary_hike,,,1200,,,,,,,,,,,,,,,3528e4377f9907c2a7c1b51806abf09e0ec2d5513da630618b0a0cb9950a37d0,,,,,,,,ece_confidence,,,,,,,,,,5000.0,,,,,,lower,,,,,,,,,full_feature_upper_bound,"positive values indicate degradation relative to the diagnostic information-rich comparator, which is not guaranteed optimized; negative values indicate improvement",0.0291572845310878,0.0113603403562746,0.0529904979913069,0.0,1.0,1.0,0.029157284531087842,0.01136034035627468,0.052990497991306985,finite_metric_domain_span,5000.0
canonical_v2_20260714T221501Z_483f96f,51415c2ce68c89d9ce2b042b0a7a811fe3e98180b72460006f9d0465f6bf49b7,06c507bee525ea1daca43b61249764007d4d8baaa05c9333f23446ea723ce160,f1e358e99914563305428cece1b1595bc76a58643184407ec5b222162d650332,98ae57b622a56983192975c5bff94374ed51322f13c76af633c3c96ceb198cdd,leakage_policy_sensitivity,"{""dataset_sha256"":""b8deac0a615b97076622ae540f4cfd0d3c3f1e7acb83ba3ff6560470a9ccf60a""}","{""policy"":""no_salary_hike_no_attrition_sensitive_retaining_audit""}",same_fold_same_selected_candidate_policy_sensitivity,1200,paired_stratified_percentile_bootstrap_5000_draws,policy_ablation/leakage_sensitivity_index.csv,25077c686f274b1d6b2a07a1d4e432072d46690f2fe96657ea10dfc7a9f46586,leakage_sensitivity_index,19,c1300316fe5baec24e789c06aec35dd4f283fa4843b71c7aab1edbf4818f8e91,d483d8ddb93a47a99a2eab54fe3d138d8f614798dd418bca860ea3f20c813f51,b8deac0a615b97076622ae540f4cfd0d3c3f1e7acb83ba3ff6560470a9ccf60a,no_salary_hike_no_attrition_sensitive_retaining_audit,,,1200,,,,,,,,,,,,,,,3528e4377f9907c2a7c1b51806abf09e0ec2d5513da630618b0a0cb9950a37d0,,,,,,,,accuracy,,,,,,,,,,5000.0,,,,,,higher,,,,,,,,,full_feature_upper_bound,"positive values indicate degradation relative to the diagnostic information-rich comparator, which is not guaranteed optimized; negative values indicate improvement",0.1541666666666666,0.135,0.1741666666666667,0.0,1.0,1.0,0.15416666666666667,0.135,0.1741666666666667,finite_metric_domain_span,5000.0
canonical_v2_20260714T221501Z_483f96f,51415c2ce68c89d9ce2b042b0a7a811fe3e98180b72460006f9d0465f6bf49b7,06c507bee525ea1daca43b61249764007d4d8baaa05c9333f23446ea723ce160,f1e358e99914563305428cece1b1595bc76a58643184407ec5b222162d650332,98ae57b622a56983192975c5bff94374ed51322f13c76af633c3c96ceb198cdd,leakage_policy_sensitivity,"{""dataset_sha256"":""b8deac0a615b97076622ae540f4cfd0d3c3f1e7acb83ba3ff6560470a9ccf60a""}","{""policy"":""no_salary_hike_no_attrition_sensitive_retaining_audit""}",same_fold_same_selected_candidate_policy_sensitivity,1200,paired_stratified_percentile_bootstrap_5000_draws,policy_ablation/leakage_sensitivity_index.csv,25077c686f274b1d6b2a07a1d4e432072d46690f2fe96657ea10dfc7a9f46586,leakage_sensitivity_index,20,c1300316fe5baec24e789c06aec35dd4f283fa4843b71c7aab1edbf4818f8e91,d483d8ddb93a47a99a2eab54fe3d138d8f614798dd418bca860ea3f20c813f51,b8deac0a615b97076622ae540f4cfd0d3c3f1e7acb83ba3ff6560470a9ccf60a,no_salary_hike_no_attrition_sensitive_retaining_audit,,,1200,,,,,,,,,,,,,,,3528e4377f9907c2a7c1b51806abf09e0ec2d5513da630618b0a0cb9950a37d0,,,,,,,,balanced_accuracy,,,,,,,,,,5000.0,,,,,,higher,,,,,,,,,full_feature_upper_bound,"positive values indicate degradation relative to the diagnostic information-rich comparator, which is not guaranteed optimized; negative values indicate improvement",0.2581573121099885,0.2281825559971128,0.2877011775377212,0.0,1.0,1.0,0.2581573121099885,0.22818255599711282,0.28770117753772123,finite_metric_domain_span,5000.0
canonical_v2_20260714T221501Z_483f96f,51415c2ce68c89d9ce2b042b0a7a811fe3e98180b72460006f9d0465f6bf49b7,06c507bee525ea1daca43b61249764007d4d8baaa05c9333f23446ea723ce160,f1e358e99914563305428cece1b1595bc76a58643184407ec5b222162d650332,98ae57b622a56983192975c5bff94374ed51322f13c76af633c3c96ceb198cdd,leakage_policy_sensitivity,"{""dataset_sha256"":""b8deac0a615b97076622ae540f4cfd0d3c3f1e7acb83ba3ff6560470a9ccf60a""}","{""policy"":""no_salary_hike_no_attrition_sensitive_retaining_audit""}",same_fold_same_selected_candidate_policy_sensitivity,1200,paired_stratified_percentile_bootstrap_5000_draws,policy_ablation/leakage_sensitivity_index.csv,25077c686f274b1d6b2a07a1d4e432072d46690f2fe96657ea10dfc7a9f46586,leakage_sensitivity_index,21,c1300316fe5baec24e789c06aec35dd4f283fa4843b71c7aab1edbf4818f8e91,d483d8ddb93a47a99a2eab54fe3d138d8f614798dd418bca860ea3f20c813f51,b8deac0a615b97076622ae540f4cfd0d3c3f1e7acb83ba3ff6560470a9ccf60a,no_salary_hike_no_attrition_sensitive_retaining_audit,,,1200,,,,,,,,,,,,,,,3528e4377f9907c2a7c1b51806abf09e0ec2d5513da630618b0a0cb9950a37d0,,,,,,,,macro_f1,,,,,,,,,,5000.0,,,,,,higher,,,,,,,,,full_feature_upper_bound,"positive values indicate degradation relative to the diagnostic information-rich comparator, which is not guaranteed optimized; negative values indicate improvement",0.2634678831895913,0.2355301441626072,0.2902193959150693,0.0,1.0,1.0,0.26346788318959136,0.23553014416260729,0.29021939591506934,finite_metric_domain_span,5000.0
canonical_v2_20260714T221501Z_483f96f,51415c2ce68c89d9ce2b042b0a7a811fe3e98180b72460006f9d0465f6bf49b7,06c507bee525ea1daca43b61249764007d4d8baaa05c9333f23446ea723ce160,f1e358e99914563305428cece1b1595bc76a58643184407ec5b222162d650332,98ae57b622a56983192975c5bff94374ed51322f13c76af633c3c96ceb198cdd,leakage_policy_sensitivity,"{""dataset_sha256"":""b8deac0a615b97076622ae540f4cfd0d3c3f1e7acb83ba3ff6560470a9ccf60a""}","{""policy"":""no_salary_hike_no_attrition_sensitive_retaining_audit""}",same_fold_same_selected_candidate_policy_sensitivity,1200,paired_stratified_percentile_bootstrap_5000_draws,policy_ablation/leakage_sensitivity_index.csv,25077c686f274b1d6b2a07a1d4e432072d46690f2fe96657ea10dfc7a9f46586,leakage_sensitivity_index,22,c1300316fe5baec24e789c06aec35dd4f283fa4843b71c7aab1edbf4818f8e91,d483d8ddb93a47a99a2eab54fe3d138d8f614798dd418bca860ea3f20c813f51,b8deac0a615b97076622ae540f4cfd0d3c3f1e7acb83ba3ff6560470a9ccf60a,no_salary_hike_no_attrition_sensitive_retaining_audit,,,1200,,,,,,,,,,,,,,,3528e4377f9907c2a7c1b51806abf09e0ec2d5513da630618b0a0cb9950a37d0,,,,,,,,quadratic_weighted_kappa,,,,,,,,,,5000.0,,,,,,higher,,,,,,,,,full_feature_upper_bound,"positive values indicate degradation relative to the diagnostic information-rich comparator, which is not guaranteed optimized; negative values indicate improvement",0.2682155727948583,0.2350889432384461,0.3003944588295099,-1.0,1.0,2.0,0.13410778639742915,0.11754447161922306,0.15019722941475497,finite_metric_domain_span,5000.0
canonical_v2_20260714T221501Z_483f96f,51415c2ce68c89d9ce2b042b0a7a811fe3e98180b72460006f9d0465f6bf49b7,06c507bee525ea1daca43b61249764007d4d8baaa05c9333f23446ea723ce160,f1e358e99914563305428cece1b1595bc76a58643184407ec5b222162d650332,98ae57b622a56983192975c5bff94374ed51322f13c76af633c3c96ceb198cdd,leakage_policy_sensitivity,"{""dataset_sha256"":""b8deac0a615b97076622ae540f4cfd0d3c3f1e7acb83ba3ff6560470a9ccf60a""}","{""policy"":""no_salary_hike_no_attrition_sensitive_retaining_audit""}",same_fold_same_selected_candidate_policy_sensitivity,1200,paired_stratified_percentile_bootstrap_5000_draws,policy_ablation/leakage_sensitivity_index.csv,25077c686f274b1d6b2a07a1d4e432072d46690f2fe96657ea10dfc7a9f46586,leakage_sensitivity_index,23,c1300316fe5baec24e789c06aec35dd4f283fa4843b71c7aab1edbf4818f8e91,d483d8ddb93a47a99a2eab54fe3d138d8f614798dd418bca860ea3f20c813f51,b8deac0a615b97076622ae540f4cfd0d3c3f1e7acb83ba3ff6560470a9ccf60a,no_salary_hike_no_attrition_sensitive_retaining_audit,,,1200,,,,,,,,,,,,,,,3528e4377f9907c2a7c1b51806abf09e0ec2d5513da630618b0a0cb9950a37d0,,,,,,,,ordinal_mae,,,,,,,,,,5000.0,,,,,,lower,,,,,,,,,full_feature_upper_bound,"positive values indicate degradation relative to the diagnostic information-rich comparator, which is not guaranteed optimized; negative values indicate improvement",0.1533333333333333,0.1333333333333333,0.1741666666666666,0.0,2.0,2.0,0.07666666666666666,0.06666666666666667,0.08708333333333332,finite_metric_domain_span,5000.0
canonical_v2_20260714T221501Z_483f96f,51415c2ce68c89d9ce2b042b0a7a811fe3e98180b72460006f9d0465f6bf49b7,06c507bee525ea1daca43b61249764007d4d8baaa05c9333f23446ea723ce160,f1e358e99914563305428cece1b1595bc76a58643184407ec5b222162d650332,98ae57b622a56983192975c5bff94374ed51322f13c76af633c3c96ceb198cdd,leakage_policy_sensitivity,"{""dataset_sha256"":""b8deac0a615b97076622ae540f4cfd0d3c3f1e7acb83ba3ff6560470a9ccf60a""}","{""policy"":""no_salary_hike_no_attrition_sensitive_retaining_audit""}",same_fold_same_selected_candidate_policy_sensitivity,1200,paired_stratified_percentile_bootstrap_5000_draws,policy_ablation/leakage_sensitivity_index.csv,25077c686f274b1d6b2a07a1d4e432072d46690f2fe96657ea10dfc7a9f46586,leakage_sensitivity_index,24,c1300316fe5baec24e789c06aec35dd4f283fa4843b71c7aab1edbf4818f8e91,d483d8ddb93a47a99a2eab54fe3d138d8f614798dd418bca860ea3f20c813f51,b8deac0a615b97076622ae540f4cfd0d3c3f1e7acb83ba3ff6560470a9ccf60a,no_salary_hike_no_attrition_sensitive_retaining_audit,,,1200,,,,,,,,,,,,,,,3528e4377f9907c2a7c1b51806abf09e0ec2d5513da630618b0a0cb9950a37d0,,,,,,,,severe_error_rate,,,,,,,,,,5000.0,,,,,,lower,,,,,,,,,full_feature_upper_bound,"positive values indicate degradation relative to the diagnostic information-rich comparator, which is not guaranteed optimized; negative values indicate improvement",-0.0008333333333333,-0.0025,0.0,0.0,1.0,1.0,-0.0008333333333333333,-0.0025,0.0,finite_metric_domain_span,5000.0
canonical_v2_20260714T221501Z_483f96f,51415c2ce68c89d9ce2b042b0a7a811fe3e98180b72460006f9d0465f6bf49b7,06c507bee525ea1daca43b61249764007d4d8baaa05c9333f23446ea723ce160,f1e358e99914563305428cece1b1595bc76a58643184407ec5b222162d650332,98ae57b622a56983192975c5bff94374ed51322f13c76af633c3c96ceb198cdd,leakage_policy_sensitivity,"{""dataset_sha256"":""b8deac0a615b97076622ae540f4cfd0d3c3f1e7acb83ba3ff6560470a9ccf60a""}","{""policy"":""no_salary_hike_no_attrition_sensitive_retaining_audit""}",same_fold_same_selected_candidate_policy_sensitivity,1200,paired_stratified_percentile_bootstrap_5000_draws,policy_ablation/leakage_sensitivity_index.csv,25077c686f274b1d6b2a07a1d4e432072d46690f2fe96657ea10dfc7a9f46586,leakage_sensitivity_index,25,c1300316fe5baec24e789c06aec35dd4f283fa4843b71c7aab1edbf4818f8e91,d483d8ddb93a47a99a2eab54fe3d138d8f614798dd418bca860ea3f20c813f51,b8deac0a615b97076622ae540f4cfd0d3c3f1e7acb83ba3ff6560470a9ccf60a,no_salary_hike_no_attrition_sensitive_retaining_audit,,,1200,,,,,,,,,,,,,,,3528e4377f9907c2a7c1b51806abf09e0ec2d5513da630618b0a0cb9950a37d0,,,,,,,,nll_log_loss,,,,,,,,,,5000.0,,,,,,lower,,,,,,,,,full_feature_upper_bound,"positive values indicate degradation relative to the diagnostic information-rich comparator, which is not guaranteed optimized; negative values indicate improvement",0.3217194819361771,0.291403322834375,0.3521956278333778,0.0,inf,,,,,not_applicable_unbounded_domain,5000.0
canonical_v2_20260714T221501Z_483f96f,51415c2ce68c89d9ce2b042b0a7a811fe3e98180b72460006f9d0465f6bf49b7,06c507bee525ea1daca43b61249764007d4d8baaa05c9333f23446ea723ce160,f1e358e99914563305428cece1b1595bc76a58643184407ec5b222162d650332,98ae57b622a56983192975c5bff94374ed51322f13c76af633c3c96ceb198cdd,leakage_policy_sensitivity,"{""dataset_sha256"":""b8deac0a615b97076622ae540f4cfd0d3c3f1e7acb83ba3ff6560470a9ccf60a""}","{""policy"":""no_salary_hike_no_attrition_sensitive_retaining_audit""}",same_fold_same_selected_candidate_policy_sensitivity,1200,paired_stratified_percentile_bootstrap_5000_draws,policy_ablation/leakage_sensitivity_index.csv,25077c686f274b1d6b2a07a1d4e432072d46690f2fe96657ea10dfc7a9f46586,leakage_sensitivity_index,26,c1300316fe5baec24e789c06aec35dd4f283fa4843b71c7aab1edbf4818f8e91,d483d8ddb93a47a99a2eab54fe3d138d8f614798dd418bca860ea3f20c813f51,b8deac0a615b97076622ae540f4cfd0d3c3f1e7acb83ba3ff6560470a9ccf60a,no_salary_hike_no_attrition_sensitive_retaining_audit,,,1200,,,,,,,,,,,,,,,3528e4377f9907c2a7c1b51806abf09e0ec2d5513da630618b0a0cb9950a37d0,,,,,,,,multiclass_brier,,,,,,,,,,5000.0,,,,,,lower,,,,,,,,,full_feature_upper_bound,"positive values indicate degradation relative to the diagnostic information-rich comparator, which is not guaranteed optimized; negative values indicate improvement",0.2152504724202313,0.1958758226637201,0.2349347531840338,0.0,2.0,2.0,0.10762523621011566,0.09793791133186007,0.1174673765920169,finite_metric_domain_span,5000.0
canonical_v2_20260714T221501Z_483f96f,51415c2ce68c89d9ce2b042b0a7a811fe3e98180b72460006f9d0465f6bf49b7,06c507bee525ea1daca43b61249764007d4d8baaa05c9333f23446ea723ce160,f1e358e99914563305428cece1b1595bc76a58643184407ec5b222162d650332,98ae57b622a56983192975c5bff94374ed51322f13c76af633c3c96ceb198cdd,leakage_policy_sensitivity,"{""dataset_sha256"":""b8deac0a615b97076622ae540f4cfd0d3c3f1e7acb83ba3ff6560470a9ccf60a""}","{""policy"":""no_salary_hike_no_attrition_sensitive_retaining_audit""}",same_fold_same_selected_candidate_policy_sensitivity,1200,paired_stratified_percentile_bootstrap_5000_draws,policy_ablation/leakage_sensitivity_index.csv,25077c686f274b1d6b2a07a1d4e432072d46690f2fe96657ea10dfc7a9f46586,leakage_sensitivity_index,27,c1300316fe5baec24e789c06aec35dd4f283fa4843b71c7aab1edbf4818f8e91,d483d8ddb93a47a99a2eab54fe3d138d8f614798dd418bca860ea3f20c813f51,b8deac0a615b97076622ae540f4cfd0d3c3f1e7acb83ba3ff6560470a9ccf60a,no_salary_hike_no_attrition_sensitive_retaining_audit,,,1200,,,,,,,,,,,,,,,3528e4377f9907c2a7c1b51806abf09e0ec2d5513da630618b0a0cb9950a37d0,,,,,,,,ece_confidence,,,,,,,,,,5000.0,,,,,,lower,,,,,,,,,full_feature_upper_bound,"positive values indicate degradation relative to the diagnostic information-rich comparator, which is not guaranteed optimized; negative values indicate improvement",0.0270653929561791,0.0086284535570476,0.0501718644868281,0.0,1.0,1.0,0.027065392956179112,0.008628453557047614,0.050171864486828144,finite_metric_domain_span,5000.0
canonical_v2_20260714T221501Z_483f96f,51415c2ce68c89d9ce2b042b0a7a811fe3e98180b72460006f9d0465f6bf49b7,06c507bee525ea1daca43b61249764007d4d8baaa05c9333f23446ea723ce160,f1e358e99914563305428cece1b1595bc76a58643184407ec5b222162d650332,98ae57b622a56983192975c5bff94374ed51322f13c76af633c3c96ceb198cdd,leakage_policy_sensitivity,"{""dataset_sha256"":""b8deac0a615b97076622ae540f4cfd0d3c3f1e7acb83ba3ff6560470a9ccf60a""}","{""policy"":""no_salary_hike_no_attrition""}",same_fold_same_selected_candidate_policy_sensitivity,1200,paired_stratified_percentile_bootstrap_5000_draws,policy_ablation/leakage_sensitivity_index.csv,25077c686f274b1d6b2a07a1d4e432072d46690f2fe96657ea10dfc7a9f46586,leakage_sensitivity_index,28,c1300316fe5baec24e789c06aec35dd4f283fa4843b71c7aab1edbf4818f8e91,d483d8ddb93a47a99a2eab54fe3d138d8f614798dd418bca860ea3f20c813f51,b8deac0a615b97076622ae540f4cfd0d3c3f1e7acb83ba3ff6560470a9ccf60a,no_salary_hike_no_attrition,,,1200,,,,,,,,,,,,,,,3528e4377f9907c2a7c1b51806abf09e0ec2d5513da630618b0a0cb9950a37d0,,,,,,,,accuracy,,,,,,,,,,5000.0,,,,,,higher,,,,,,,,,full_feature_upper_bound,"positive values indicate degradation relative to the diagnostic information-rich comparator, which is not guaranteed optimized; negative values indicate improvement",0.1708333333333334,0.1508333333333333,0.1908333333333333,0.0,1.0,1.0,0.1708333333333334,0.15083333333333337,0.1908333333333333,finite_metric_domain_span,5000.0
canonical_v2_20260714T221501Z_483f96f,51415c2ce68c89d9ce2b042b0a7a811fe3e98180b72460006f9d0465f6bf49b7,06c507bee525ea1daca43b61249764007d4d8baaa05c9333f23446ea723ce160,f1e358e99914563305428cece1b1595bc76a58643184407ec5b222162d650332,98ae57b622a56983192975c5bff94374ed51322f13c76af633c3c96ceb198cdd,leakage_policy_sensitivity,"{""dataset_sha256"":""b8deac0a615b97076622ae540f4cfd0d3c3f1e7acb83ba3ff6560470a9ccf60a""}","{""policy"":""no_salary_hike_no_attrition""}",same_fold_same_selected_candidate_policy_sensitivity,1200,paired_stratified_percentile_bootstrap_5000_draws,policy_ablation/leakage_sensitivity_index.csv,25077c686f274b1d6b2a07a1d4e432072d46690f2fe96657ea10dfc7a9f46586,leakage_sensitivity_index,29,c1300316fe5baec24e789c06aec35dd4f283fa4843b71c7aab1edbf4818f8e91,d483d8ddb93a47a99a2eab54fe3d138d8f614798dd418bca860ea3f20c813f51,b8deac0a615b97076622ae540f4cfd0d3c3f1e7acb83ba3ff6560470a9ccf60a,no_salary_hike_no_attrition,,,1200,,,,,,,,,,,,,,,3528e4377f9907c2a7c1b51806abf09e0ec2d5513da630618b0a0cb9950a37d0,,,,,,,,balanced_accuracy,,,,,,,,,,5000.0,,,,,,higher,,,,,,,,,full_feature_upper_bound,"positive values indicate degradation relative to the diagnostic information-rich comparator, which is not guaranteed optimized; negative values indicate improvement",0.2719394158623676,0.2413054126987871,0.3006179910525672,0.0,1.0,1.0,0.2719394158623676,0.24130541269878714,0.3006179910525672,finite_metric_domain_span,5000.0
canonical_v2_20260714T221501Z_483f96f,51415c2ce68c89d9ce2b042b0a7a811fe3e98180b72460006f9d0465f6bf49b7,06c507bee525ea1daca43b61249764007d4d8baaa05c9333f23446ea723ce160,f1e358e99914563305428cece1b1595bc76a58643184407ec5b222162d650332,98ae57b622a56983192975c5bff94374ed51322f13c76af633c3c96ceb198cdd,leakage_policy_sensitivity,"{""dataset_sha256"":""b8deac0a615b97076622ae540f4cfd0d3c3f1e7acb83ba3ff6560470a9ccf60a""}","{""policy"":""no_salary_hike_no_attrition""}",same_fold_same_selected_candidate_policy_sensitivity,1200,paired_stratified_percentile_bootstrap_5000_draws,policy_ablation/leakage_sensitivity_index.csv,25077c686f274b1d6b2a07a1d4e432072d46690f2fe96657ea10dfc7a9f46586,leakage_sensitivity_index,30,c1300316fe5baec24e789c06aec35dd4f283fa4843b71c7aab1edbf4818f8e91,d483d8ddb93a47a99a2eab54fe3d138d8f614798dd418bca860ea3f20c813f51,b8deac0a615b97076622ae540f4cfd0d3c3f1e7acb83ba3ff6560470a9ccf60a,no_salary_hike_no_attrition,,,1200,,,,,,,,,,,,,,,3528e4377f9907c2a7c1b51806abf09e0ec2d5513da630618b0a0cb9950a37d0,,,,,,,,macro_f1,,,,,,,,,,5000.0,,,,,,higher,,,,,,,,,full_feature_upper_bound,"positive values indicate degradation relative to the diagnostic information-rich comparator, which is not guaranteed optimized; negative values indicate improvement",0.2763702434473687,0.2501059139228548,0.3018240898908329,0.0,1.0,1.0,0.2763702434473687,0.25010591392285486,0.3018240898908329,finite_metric_domain_span,5000.0
canonical_v2_20260714T221501Z_483f96f,51415c2ce68c89d9ce2b042b0a7a811fe3e98180b72460006f9d0465f6bf49b7,06c507bee525ea1daca43b61249764007d4d8baaa05c9333f23446ea723ce160,f1e358e99914563305428cece1b1595bc76a58643184407ec5b222162d650332,98ae57b622a56983192975c5bff94374ed51322f13c76af633c3c96ceb198cdd,leakage_policy_sensitivity,"{""dataset_sha256"":""b8deac0a615b97076622ae540f4cfd0d3c3f1e7acb83ba3ff6560470a9ccf60a""}","{""policy"":""no_salary_hike_no_attrition""}",same_fold_same_selected_candidate_policy_sensitivity,1200,paired_stratified_percentile_bootstrap_5000_draws,policy_ablation/leakage_sensitivity_index.csv,25077c686f274b1d6b2a07a1d4e432072d46690f2fe96657ea10dfc7a9f46586,leakage_sensitivity_index,31,c1300316fe5baec24e789c06aec35dd4f283fa4843b71c7aab1edbf4818f8e91,d483d8ddb93a47a99a2eab54fe3d138d8f614798dd418bca860ea3f20c813f51,b8deac0a615b97076622ae540f4cfd0d3c3f1e7acb83ba3ff6560470a9ccf60a,no_salary_hike_no_attrition,,,1200,,,,,,,,,,,,,,,3528e4377f9907c2a7c1b51806abf09e0ec2d5513da630618b0a0cb9950a37d0,,,,,,,,quadratic_weighted_kappa,,,,,,,,,,5000.0,,,,,,higher,,,,,,,,,full_feature_upper_bound,"positive values indicate degradation relative to the diagnostic information-rich comparator, which is not guaranteed optimized; negative values indicate improvement",0.292737980358513,0.262974222047556,0.3221568519589606,-1.0,1.0,2.0,0.14636899017925653,0.13148711102377802,0.1610784259794803,finite_metric_domain_span,5000.0
canonical_v2_20260714T221501Z_483f96f,51415c2ce68c89d9ce2b042b0a7a811fe3e98180b72460006f9d0465f6bf49b7,06c507bee525ea1daca43b61249764007d4d8baaa05c9333f23446ea723ce160,f1e358e99914563305428cece1b1595bc76a58643184407ec5b222162d650332,98ae57b622a56983192975c5bff94374ed51322f13c76af633c3c96ceb198cdd,leakage_policy_sensitivity,"{""dataset_sha256"":""b8deac0a615b97076622ae540f4cfd0d3c3f1e7acb83ba3ff6560470a9ccf60a""}","{""policy"":""no_salary_hike_no_attrition""}",same_fold_same_selected_candidate_policy_sensitivity,1200,paired_stratified_percentile_bootstrap_5000_draws,policy_ablation/leakage_sensitivity_index.csv,25077c686f274b1d6b2a07a1d4e432072d46690f2fe96657ea10dfc7a9f46586,leakage_sensitivity_index,32,c1300316fe5baec24e789c06aec35dd4f283fa4843b71c7aab1edbf4818f8e91,d483d8ddb93a47a99a2eab54fe3d138d8f614798dd418bca860ea3f20c813f51,b8deac0a615b97076622ae540f4cfd0d3c3f1e7acb83ba3ff6560470a9ccf60a,no_salary_hike_no_attrition,,,1200,,,,,,,,,,,,,,,3528e4377f9907c2a7c1b51806abf09e0ec2d5513da630618b0a0cb9950a37d0,,,,,,,,ordinal_mae,,,,,,,,,,5000.0,,,,,,lower,,,,,,,,,full_feature_upper_bound,"positive values indicate degradation relative to the diagnostic information-rich comparator, which is not guaranteed optimized; negative values indicate improvement",0.1708333333333333,0.1508333333333333,0.1908333333333333,0.0,2.0,2.0,0.08541666666666667,0.07541666666666666,0.09541666666666666,finite_metric_domain_span,5000.0
canonical_v2_20260714T221501Z_483f96f,51415c2ce68c89d9ce2b042b0a7a811fe3e98180b72460006f9d0465f6bf49b7,06c507bee525ea1daca43b61249764007d4d8baaa05c9333f23446ea723ce160,f1e358e99914563305428cece1b1595bc76a58643184407ec5b222162d650332,98ae57b622a56983192975c5bff94374ed51322f13c76af633c3c96ceb198cdd,leakage_policy_sensitivity,"{""dataset_sha256"":""b8deac0a615b97076622ae540f4cfd0d3c3f1e7acb83ba3ff6560470a9ccf60a""}","{""policy"":""no_salary_hike_no_attrition""}",same_fold_same_selected_candidate_policy_sensitivity,1200,paired_stratified_percentile_bootstrap_5000_draws,policy_ablation/leakage_sensitivity_index.csv,25077c686f274b1d6b2a07a1d4e432072d46690f2fe96657ea10dfc7a9f46586,leakage_sensitivity_index,33,c1300316fe5baec24e789c06aec35dd4f283fa4843b71c7aab1edbf4818f8e91,d483d8ddb93a47a99a2eab54fe3d138d8f614798dd418bca860ea3f20c813f51,b8deac0a615b97076622ae540f4cfd0d3c3f1e7acb83ba3ff6560470a9ccf60a,no_salary_hike_no_attrition,,,1200,,,,,,,,,,,,,,,3528e4377f9907c2a7c1b51806abf09e0ec2d5513da630618b0a0cb9950a37d0,,,,,,,,severe_error_rate,,,,,,,,,,5000.0,,,,,,lower,,,,,,,,,full_feature_upper_bound,"positive values indicate degradation relative to the diagnostic information-rich comparator, which is not guaranteed optimized; negative values indicate improvement",-0.0,-0.0,0.0,0.0,1.0,1.0,-0.0,-0.0,0.0,finite_metric_domain_span,5000.0
canonical_v2_20260714T221501Z_483f96f,51415c2ce68c89d9ce2b042b0a7a811fe3e98180b72460006f9d0465f6bf49b7,06c507bee525ea1daca43b61249764007d4d8baaa05c9333f23446ea723ce160,f1e358e99914563305428cece1b1595bc76a58643184407ec5b222162d650332,98ae57b622a56983192975c5bff94374ed51322f13c76af633c3c96ceb198cdd,leakage_policy_sensitivity,"{""dataset_sha256"":""b8deac0a615b97076622ae540f4cfd0d3c3f1e7acb83ba3ff6560470a9ccf60a""}","{""policy"":""no_salary_hike_no_attrition""}",same_fold_same_selected_candidate_policy_sensitivity,1200,paired_stratified_percentile_bootstrap_5000_draws,policy_ablation/leakage_sensitivity_index.csv,25077c686f274b1d6b2a07a1d4e432072d46690f2fe96657ea10dfc7a9f46586,leakage_sensitivity_index,34,c1300316fe5baec24e789c06aec35dd4f283fa4843b71c7aab1edbf4818f8e91,d483d8ddb93a47a99a2eab54fe3d138d8f614798dd418bca860ea3f20c813f51,b8deac0a615b97076622ae540f4cfd0d3c3f1e7acb83ba3ff6560470a9ccf60a,no_salary_hike_no_attrition,,,1200,,,,,,,,,,,,,,,3528e4377f9907c2a7c1b51806abf09e0ec2d5513da630618b0a0cb9950a37d0,,,,,,,,nll_log_loss,,,,,,,,,,5000.0,,,,,,lower,,,,,,,,,full_feature_upper_bound,"positive values indicate degradation relative to the diagnostic information-rich comparator, which is not guaranteed optimized; negative values indicate improvement",0.3172428583894207,0.2874743193462707,0.347537233933402,0.0,inf,,,,,not_applicable_unbounded_domain,5000.0
canonical_v2_20260714T221501Z_483f96f,51415c2ce68c89d9ce2b042b0a7a811fe3e98180b72460006f9d0465f6bf49b7,06c507bee525ea1daca43b61249764007d4d8baaa05c9333f23446ea723ce160,f1e358e99914563305428cece1b1595bc76a58643184407ec5b222162d650332,98ae57b622a56983192975c5bff94374ed51322f13c76af633c3c96ceb198cdd,leakage_policy_sensitivity,"{""dataset_sha256"":""b8deac0a615b97076622ae540f4cfd0d3c3f1e7acb83ba3ff6560470a9ccf60a""}","{""policy"":""no_salary_hike_no_attrition""}",same_fold_same_selected_candidate_policy_sensitivity,1200,paired_stratified_percentile_bootstrap_5000_draws,policy_ablation/leakage_sensitivity_index.csv,25077c686f274b1d6b2a07a1d4e432072d46690f2fe96657ea10dfc7a9f46586,leakage_sensitivity_index,35,c1300316fe5baec24e789c06aec35dd4f283fa4843b71c7aab1edbf4818f8e91,d483d8ddb93a47a99a2eab54fe3d138d8f614798dd418bca860ea3f20c813f51,b8deac0a615b97076622ae540f4cfd0d3c3f1e7acb83ba3ff6560470a9ccf60a,no_salary_hike_no_attrition,,,1200,,,,,,,,,,,,,,,3528e4377f9907c2a7c1b51806abf09e0ec2d5513da630618b0a0cb9950a37d0,,,,,,,,multiclass_brier,,,,,,,,,,5000.0,,,,,,lower,,,,,,,,,full_feature_upper_bound,"positive values indicate degradation relative to the diagnostic information-rich comparator, which is not guaranteed optimized; negative values indicate improvement",0.2155640039256431,0.1962898360403963,0.2348977714940264,0.0,2.0,2.0,0.10778200196282159,0.09814491802019819,0.1174488857470132,finite_metric_domain_span,5000.0
canonical_v2_20260714T221501Z_483f96f,51415c2ce68c89d9ce2b042b0a7a811fe3e98180b72460006f9d0465f6bf49b7,06c507bee525ea1daca43b61249764007d4d8baaa05c9333f23446ea723ce160,f1e358e99914563305428cece1b1595bc76a58643184407ec5b222162d650332,98ae57b622a56983192975c5bff94374ed51322f13c76af633c3c96ceb198cdd,leakage_policy_sensitivity,"{""dataset_sha256"":""b8deac0a615b97076622ae540f4cfd0d3c3f1e7acb83ba3ff6560470a9ccf60a""}","{""policy"":""no_salary_hike_no_attrition""}",same_fold_same_selected_candidate_policy_sensitivity,1200,paired_stratified_percentile_bootstrap_5000_draws,policy_ablation/leakage_sensitivity_index.csv,25077c686f274b1d6b2a07a1d4e432072d46690f2fe96657ea10dfc7a9f46586,leakage_sensitivity_index,36,c1300316fe5baec24e789c06aec35dd4f283fa4843b71c7aab1edbf4818f8e91,d483d8ddb93a47a99a2eab54fe3d138d8f614798dd418bca860ea3f20c813f51,b8deac0a615b97076622ae540f4cfd0d3c3f1e7acb83ba3ff6560470a9ccf60a,no_salary_hike_no_attrition,,,1200,,,,,,,,,,,,,,,3528e4377f9907c2a7c1b51806abf09e0ec2d5513da630618b0a0cb9950a37d0,,,,,,,,ece_confidence,,,,,,,,,,5000.0,,,,,,lower,,,,,,,,,full_feature_upper_bound,"positive values indicate degradation relative to the diagnostic information-rich comparator, which is not guaranteed optimized; negative values indicate improvement",0.0267525005196785,0.0078158084413802,0.0494525682275339,0.0,1.0,1.0,0.02675250051967853,0.00781580844138029,0.04945256822753394,finite_metric_domain_span,5000.0
canonical_v2_20260714T221501Z_483f96f,51415c2ce68c89d9ce2b042b0a7a811fe3e98180b72460006f9d0465f6bf49b7,06c507bee525ea1daca43b61249764007d4d8baaa05c9333f23446ea723ce160,f1e358e99914563305428cece1b1595bc76a58643184407ec5b222162d650332,98ae57b622a56983192975c5bff94374ed51322f13c76af633c3c96ceb198cdd,leakage_policy_sensitivity,"{""dataset_sha256"":""b8deac0a615b97076622ae540f4cfd0d3c3f1e7acb83ba3ff6560470a9ccf60a""}","{""policy"":""no_salary_hike_no_attrition_no_department""}",same_fold_same_selected_candidate_policy_sensitivity,1200,paired_stratified_percentile_bootstrap_5000_draws,policy_ablation/leakage_sensitivity_index.csv,25077c686f274b1d6b2a07a1d4e432072d46690f2fe96657ea10dfc7a9f46586,leakage_sensitivity_index,37,c1300316fe5baec24e789c06aec35dd4f283fa4843b71c7aab1edbf4818f8e91,d483d8ddb93a47a99a2eab54fe3d138d8f614798dd418bca860ea3f20c813f51,b8deac0a615b97076622ae540f4cfd0d3c3f1e7acb83ba3ff6560470a9ccf60a,no_salary_hike_no_attrition_no_department,,,1200,,,,,,,,,,,,,,,3528e4377f9907c2a7c1b51806abf09e0ec2d5513da630618b0a0cb9950a37d0,,,,,,,,accuracy,,,,,,,,,,5000.0,,,,,,higher,,,,,,,,,full_feature_upper_bound,"positive values indicate degradation relative to the diagnostic information-rich comparator, which is not guaranteed optimized; negative values indicate improvement",0.1658333333333334,0.1458333333333333,0.1858333333333334,0.0,1.0,1.0,0.1658333333333334,0.14583333333333337,0.1858333333333334,finite_metric_domain_span,5000.0
canonical_v2_20260714T221501Z_483f96f,51415c2ce68c89d9ce2b042b0a7a811fe3e98180b72460006f9d0465f6bf49b7,06c507bee525ea1daca43b61249764007d4d8baaa05c9333f23446ea723ce160,f1e358e99914563305428cece1b1595bc76a58643184407ec5b222162d650332,98ae57b622a56983192975c5bff94374ed51322f13c76af633c3c96ceb198cdd,leakage_policy_sensitivity,"{""dataset_sha256"":""b8deac0a615b97076622ae540f4cfd0d3c3f1e7acb83ba3ff6560470a9ccf60a""}","{""policy"":""no_salary_hike_no_attrition_no_department""}",same_fold_same_selected_candidate_policy_sensitivity,1200,paired_stratified_percentile_bootstrap_5000_draws,policy_ablation/leakage_sensitivity_index.csv,25077c686f274b1d6b2a07a1d4e432072d46690f2fe96657ea10dfc7a9f46586,leakage_sensitivity_index,38,c1300316fe5baec24e789c06aec35dd4f283fa4843b71c7aab1edbf4818f8e91,d483d8ddb93a47a99a2eab54fe3d138d8f614798dd418bca860ea3f20c813f51,b8deac0a615b97076622ae540f4cfd0d3c3f1e7acb83ba3ff6560470a9ccf60a,no_salary_hike_no_attrition_no_department,,,1200,,,,,,,,,,,,,,,3528e4377f9907c2a7c1b51806abf09e0ec2d5513da630618b0a0cb9950a37d0,,,,,,,,balanced_accuracy,,,,,,,,,,5000.0,,,,,,higher,,,,,,,,,full_feature_upper_bound,"positive values indicate degradation relative to the diagnostic information-rich comparator, which is not guaranteed optimized; negative values indicate improvement",0.2621599228501962,0.232134562199408,0.2914252339622127,0.0,1.0,1.0,0.2621599228501962,0.23213456219940803,0.29142523396221276,finite_metric_domain_span,5000.0
canonical_v2_20260714T221501Z_483f96f,51415c2ce68c89d9ce2b042b0a7a811fe3e98180b72460006f9d0465f6bf49b7,06c507bee525ea1daca43b61249764007d4d8baaa05c9333f23446ea723ce160,f1e358e99914563305428cece1b1595bc76a58643184407ec5b222162d650332,98ae57b622a56983192975c5bff94374ed51322f13c76af633c3c96ceb198cdd,leakage_policy_sensitivity,"{""dataset_sha256"":""b8deac0a615b97076622ae540f4cfd0d3c3f1e7acb83ba3ff6560470a9ccf60a""}","{""policy"":""no_salary_hike_no_attrition_no_department""}",same_fold_same_selected_candidate_policy_sensitivity,1200,paired_stratified_percentile_bootstrap_5000_draws,policy_ablation/leakage_sensitivity_index.csv,25077c686f274b1d6b2a07a1d4e432072d46690f2fe96657ea10dfc7a9f46586,leakage_sensitivity_index,39,c1300316fe5baec24e789c06aec35dd4f283fa4843b71c7aab1edbf4818f8e91,d483d8ddb93a47a99a2eab54fe3d138d8f614798dd418bca860ea3f20c813f51,b8deac0a615b97076622ae540f4cfd0d3c3f1e7acb83ba3ff6560470a9ccf60a,no_salary_hike_no_attrition_no_department,,,1200,,,,,,,,,,,,,,,3528e4377f9907c2a7c1b51806abf09e0ec2d5513da630618b0a0cb9950a37d0,,,,,,,,macro_f1,,,,,,,,,,5000.0,,,,,,higher,,,,,,,,,full_feature_upper_bound,"positive values indicate degradation relative to the diagnostic information-rich comparator, which is not guaranteed optimized; negative values indicate improvement",0.2703340560392864,0.2437404995988628,0.2963853684421912,0.0,1.0,1.0,0.2703340560392864,0.2437404995988628,0.2963853684421912,finite_metric_domain_span,5000.0
canonical_v2_20260714T221501Z_483f96f,51415c2ce68c89d9ce2b042b0a7a811fe3e98180b72460006f9d0465f6bf49b7,06c507bee525ea1daca43b61249764007d4d8baaa05c9333f23446ea723ce160,f1e358e99914563305428cece1b1595bc76a58643184407ec5b222162d650332,98ae57b622a56983192975c5bff94374ed51322f13c76af633c3c96ceb198cdd,leakage_policy_sensitivity,"{""dataset_sha256"":""b8deac0a615b97076622ae540f4cfd0d3c3f1e7acb83ba3ff6560470a9ccf60a""}","{""policy"":""no_salary_hike_no_attrition_no_department""}",same_fold_same_selected_candidate_policy_sensitivity,1200,paired_stratified_percentile_bootstrap_5000_draws,policy_ablation/leakage_sensitivity_index.csv,25077c686f274b1d6b2a07a1d4e432072d46690f2fe96657ea10dfc7a9f46586,leakage_sensitivity_index,40,c1300316fe5baec24e789c06aec35dd4f283fa4843b71c7aab1edbf4818f8e91,d483d8ddb93a47a99a2eab54fe3d138d8f614798dd418bca860ea3f20c813f51,b8deac0a615b97076622ae540f4cfd0d3c3f1e7acb83ba3ff6560470a9ccf60a,no_salary_hike_no_attrition_no_department,,,1200,,,,,,,,,,,,,,,3528e4377f9907c2a7c1b51806abf09e0ec2d5513da630618b0a0cb9950a37d0,,,,,,,,quadratic_weighted_kappa,,,,,,,,,,5000.0,,,,,,higher,,,,,,,,,full_feature_upper_bound,"positive values indicate degradation relative to the diagnostic information-rich comparator, which is not guaranteed optimized; negative values indicate improvement",0.2819915210339958,0.2512672665211945,0.3128878887429657,-1.0,1.0,2.0,0.14099576051699791,0.12563363326059726,0.15644394437148285,finite_metric_domain_span,5000.0
canonical_v2_20260714T221501Z_483f96f,51415c2ce68c89d9ce2b042b0a7a811fe3e98180b72460006f9d0465f6bf49b7,06c507bee525ea1daca43b61249764007d4d8baaa05c9333f23446ea723ce160,f1e358e99914563305428cece1b1595bc76a58643184407ec5b222162d650332,98ae57b622a56983192975c5bff94374ed51322f13c76af633c3c96ceb198cdd,leakage_policy_sensitivity,"{""dataset_sha256"":""b8deac0a615b97076622ae540f4cfd0d3c3f1e7acb83ba3ff6560470a9ccf60a""}","{""policy"":""no_salary_hike_no_attrition_no_department""}",same_fold_same_selected_candidate_policy_sensitivity,1200,paired_stratified_percentile_bootstrap_5000_draws,policy_ablation/leakage_sensitivity_index.csv,25077c686f274b1d6b2a07a1d4e432072d46690f2fe96657ea10dfc7a9f46586,leakage_sensitivity_index,41,c1300316fe5baec24e789c06aec35dd4f283fa4843b71c7aab1edbf4818f8e91,d483d8ddb93a47a99a2eab54fe3d138d8f614798dd418bca860ea3f20c813f51,b8deac0a615b97076622ae540f4cfd0d3c3f1e7acb83ba3ff6560470a9ccf60a,no_salary_hike_no_attrition_no_department,,,1200,,,,,,,,,,,,,,,3528e4377f9907c2a7c1b51806abf09e0ec2d5513da630618b0a0cb9950a37d0,,,,,,,,ordinal_mae,,,,,,,,,,5000.0,,,,,,lower,,,,,,,,,full_feature_upper_bound,"positive values indicate degradation relative to the diagnostic information-rich comparator, which is not guaranteed optimized; negative values indicate improvement",0.1658333333333333,0.1458333333333333,0.1858333333333333,0.0,2.0,2.0,0.08291666666666667,0.07291666666666667,0.09291666666666668,finite_metric_domain_span,5000.0
canonical_v2_20260714T221501Z_483f96f,51415c2ce68c89d9ce2b042b0a7a811fe3e98180b72460006f9d0465f6bf49b7,06c507bee525ea1daca43b61249764007d4d8baaa05c9333f23446ea723ce160,f1e358e99914563305428cece1b1595bc76a58643184407ec5b222162d650332,98ae57b622a56983192975c5bff94374ed51322f13c76af633c3c96ceb198cdd,leakage_policy_sensitivity,"{""dataset_sha256"":""b8deac0a615b97076622ae540f4cfd0d3c3f1e7acb83ba3ff6560470a9ccf60a""}","{""policy"":""no_salary_hike_no_attrition_no_department""}",same_fold_same_selected_candidate_policy_sensitivity,1200,paired_stratified_percentile_bootstrap_5000_draws,policy_ablation/leakage_sensitivity_index.csv,25077c686f274b1d6b2a07a1d4e432072d46690f2fe96657ea10dfc7a9f46586,leakage_sensitivity_index,42,c1300316fe5baec24e789c06aec35dd4f283fa4843b71c7aab1edbf4818f8e91,d483d8ddb93a47a99a2eab54fe3d138d8f614798dd418bca860ea3f20c813f51,b8deac0a615b97076622ae540f4cfd0d3c3f1e7acb83ba3ff6560470a9ccf60a,no_salary_hike_no_attrition_no_department,,,1200,,,,,,,,,,,,,,,3528e4377f9907c2a7c1b51806abf09e0ec2d5513da630618b0a0cb9950a37d0,,,,,,,,severe_error_rate,,,,,,,,,,5000.0,,,,,,lower,,,,,,,,,full_feature_upper_bound,"positive values indicate degradation relative to the diagnostic information-rich comparator, which is not guaranteed optimized; negative values indicate improvement",-0.0,-0.0,0.0,0.0,1.0,1.0,-0.0,-0.0,0.0,finite_metric_domain_span,5000.0
canonical_v2_20260714T221501Z_483f96f,51415c2ce68c89d9ce2b042b0a7a811fe3e98180b72460006f9d0465f6bf49b7,06c507bee525ea1daca43b61249764007d4d8baaa05c9333f23446ea723ce160,f1e358e99914563305428cece1b1595bc76a58643184407ec5b222162d650332,98ae57b622a56983192975c5bff94374ed51322f13c76af633c3c96ceb198cdd,leakage_policy_sensitivity,"{""dataset_sha256"":""b8deac0a615b97076622ae540f4cfd0d3c3f1e7acb83ba3ff6560470a9ccf60a""}","{""policy"":""no_salary_hike_no_attrition_no_department""}",same_fold_same_selected_candidate_policy_sensitivity,1200,paired_stratified_percentile_bootstrap_5000_draws,policy_ablation/leakage_sensitivity_index.csv,25077c686f274b1d6b2a07a1d4e432072d46690f2fe96657ea10dfc7a9f46586,leakage_sensitivity_index,43,c1300316fe5baec24e789c06aec35dd4f283fa4843b71c7aab1edbf4818f8e91,d483d8ddb93a47a99a2eab54fe3d138d8f614798dd418bca860ea3f20c813f51,b8deac0a615b97076622ae540f4cfd0d3c3f1e7acb83ba3ff6560470a9ccf60a,no_salary_hike_no_attrition_no_department,,,1200,,,,,,,,,,,,,,,3528e4377f9907c2a7c1b51806abf09e0ec2d5513da630618b0a0cb9950a37d0,,,,,,,,nll_log_loss,,,,,,,,,,5000.0,,,,,,lower,,,,,,,,,full_feature_upper_bound,"positive values indicate degradation relative to the diagnostic information-rich comparator, which is not guaranteed optimized; negative values indicate improvement",0.3290734058549782,0.2982247661319707,0.3598090566602908,0.0,inf,,,,,not_applicable_unbounded_domain,5000.0
canonical_v2_20260714T221501Z_483f96f,51415c2ce68c89d9ce2b042b0a7a811fe3e98180b72460006f9d0465f6bf49b7,06c507bee525ea1daca43b61249764007d4d8baaa05c9333f23446ea723ce160,f1e358e99914563305428cece1b1595bc76a58643184407ec5b222162d650332,98ae57b622a56983192975c5bff94374ed51322f13c76af633c3c96ceb198cdd,leakage_policy_sensitivity,"{""dataset_sha256"":""b8deac0a615b97076622ae540f4cfd0d3c3f1e7acb83ba3ff6560470a9ccf60a""}","{""policy"":""no_salary_hike_no_attrition_no_department""}",same_fold_same_selected_candidate_policy_sensitivity,1200,paired_stratified_percentile_bootstrap_5000_draws,policy_ablation/leakage_sensitivity_index.csv,25077c686f274b1d6b2a07a1d4e432072d46690f2fe96657ea10dfc7a9f46586,leakage_sensitivity_index,44,c1300316fe5baec24e789c06aec35dd4f283fa4843b71c7aab1edbf4818f8e91,d483d8ddb93a47a99a2eab54fe3d138d8f614798dd418bca860ea3f20c813f51,b8deac0a615b97076622ae540f4cfd0d3c3f1e7acb83ba3ff6560470a9ccf60a,no_salary_hike_no_attrition_no_department,,,1200,,,,,,,,,,,,,,,3528e4377f9907c2a7c1b51806abf09e0ec2d5513da630618b0a0cb9950a37d0,,,,,,,,multiclass_brier,,,,,,,,,,5000.0,,,,,,lower,,,,,,,,,full_feature_upper_bound,"positive values indicate degradation relative to the diagnostic information-rich comparator, which is not guaranteed optimized; negative values indicate improvement",0.2233127054567488,0.2037285894059348,0.2429190171313576,0.0,2.0,2.0,0.1116563527283744,0.10186429470296744,0.12145950856567882,finite_metric_domain_span,5000.0
canonical_v2_20260714T221501Z_483f96f,51415c2ce68c89d9ce2b042b0a7a811fe3e98180b72460006f9d0465f6bf49b7,06c507bee525ea1daca43b61249764007d4d8baaa05c9333f23446ea723ce160,f1e358e99914563305428cece1b1595bc76a58643184407ec5b222162d650332,98ae57b622a56983192975c5bff94374ed51322f13c76af633c3c96ceb198cdd,leakage_policy_sensitivity,"{""dataset_sha256"":""b8deac0a615b97076622ae540f4cfd0d3c3f1e7acb83ba3ff6560470a9ccf60a""}","{""policy"":""no_salary_hike_no_attrition_no_department""}",same_fold_same_selected_candidate_policy_sensitivity,1200,paired_stratified_percentile_bootstrap_5000_draws,policy_ablation/leakage_sensitivity_index.csv,25077c686f274b1d6b2a07a1d4e432072d46690f2fe96657ea10dfc7a9f46586,leakage_sensitivity_index,45,c1300316fe5baec24e789c06aec35dd4f283fa4843b71c7aab1edbf4818f8e91,d483d8ddb93a47a99a2eab54fe3d138d8f614798dd418bca860ea3f20c813f51,b8deac0a615b97076622ae540f4cfd0d3c3f1e7acb83ba3ff6560470a9ccf60a,no_salary_hike_no_attrition_no_department,,,1200,,,,,,,,,,,,,,,3528e4377f9907c2a7c1b51806abf09e0ec2d5513da630618b0a0cb9950a37d0,,,,,,,,ece_confidence,,,,,,,,,,5000.0,,,,,,lower,,,,,,,,,full_feature_upper_bound,"positive values indicate degradation relative to the diagnostic information-rich comparator, which is not guaranteed optimized; negative values indicate improvement",0.0190177527532376,0.0060347253347035,0.0458746322530308,0.0,1.0,1.0,0.019017752753237662,0.006034725334703514,0.045874632253030824,finite_metric_domain_span,5000.0
canonical_v2_20260714T221501Z_483f96f,51415c2ce68c89d9ce2b042b0a7a811fe3e98180b72460006f9d0465f6bf49b7,06c507bee525ea1daca43b61249764007d4d8baaa05c9333f23446ea723ce160,f1e358e99914563305428cece1b1595bc76a58643184407ec5b222162d650332,98ae57b622a56983192975c5bff94374ed51322f13c76af633c3c96ceb198cdd,leakage_policy_sensitivity,"{""dataset_sha256"":""b8deac0a615b97076622ae540f4cfd0d3c3f1e7acb83ba3ff6560470a9ccf60a""}","{""policy"":""no_salary_hike_no_attrition_no_department_no_job_role""}",same_fold_same_selected_candidate_policy_sensitivity,1200,paired_stratified_percentile_bootstrap_5000_draws,policy_ablation/leakage_sensitivity_index.csv,25077c686f274b1d6b2a07a1d4e432072d46690f2fe96657ea10dfc7a9f46586,leakage_sensitivity_index,46,c1300316fe5baec24e789c06aec35dd4f283fa4843b71c7aab1edbf4818f8e91,d483d8ddb93a47a99a2eab54fe3d138d8f614798dd418bca860ea3f20c813f51,b8deac0a615b97076622ae540f4cfd0d3c3f1e7acb83ba3ff6560470a9ccf60a,no_salary_hike_no_attrition_no_department_no_job_role,,,1200,,,,,,,,,,,,,,,3528e4377f9907c2a7c1b51806abf09e0ec2d5513da630618b0a0cb9950a37d0,,,,,,,,accuracy,,,,,,,,,,5000.0,,,,,,higher,,,,,,,,,full_feature_upper_bound,"positive values indicate degradation relative to the diagnostic information-rich comparator, which is not guaranteed optimized; negative values indicate improvement",0.2016666666666666,0.1791666666666667,0.2241666666666666,0.0,1.0,1.0,0.20166666666666666,0.1791666666666667,0.22416666666666663,finite_metric_domain_span,5000.0
canonical_v2_20260714T221501Z_483f96f,51415c2ce68c89d9ce2b042b0a7a811fe3e98180b72460006f9d0465f6bf49b7,06c507bee525ea1daca43b61249764007d4d8baaa05c9333f23446ea723ce160,f1e358e99914563305428cece1b1595bc76a58643184407ec5b222162d650332,98ae57b622a56983192975c5bff94374ed51322f13c76af633c3c96ceb198cdd,leakage_policy_sensitivity,"{""dataset_sha256"":""b8deac0a615b97076622ae540f4cfd0d3c3f1e7acb83ba3ff6560470a9ccf60a""}","{""policy"":""no_salary_hike_no_attrition_no_department_no_job_role""}",same_fold_same_selected_candidate_policy_sensitivity,1200,paired_stratified_percentile_bootstrap_5000_draws,policy_ablation/leakage_sensitivity_index.csv,25077c686f274b1d6b2a07a1d4e432072d46690f2fe96657ea10dfc7a9f46586,leakage_sensitivity_index,47,c1300316fe5baec24e789c06aec35dd4f283fa4843b71c7aab1edbf4818f8e91,d483d8ddb93a47a99a2eab54fe3d138d8f614798dd418bca860ea3f20c813f51,b8deac0a615b97076622ae540f4cfd0d3c3f1e7acb83ba3ff6560470a9ccf60a,no_salary_hike_no_attrition_no_department_no_job_role,,,1200,,,,,,,,,,,,,,,3528e4377f9907c2a7c1b51806abf09e0ec2d5513da630618b0a0cb9950a37d0,,,,,,,,balanced_accuracy,,,,,,,,,,5000.0,,,,,,higher,,,,,,,,,full_feature_upper_bound,"positive values indicate degradation relative to the diagnostic information-rich comparator, which is not guaranteed optimized; negative values indicate improvement",0.2732123185188839,0.2418208691696507,0.303429327958392,0.0,1.0,1.0,0.27321231851888395,0.24182086916965076,0.30342932795839206,finite_metric_domain_span,5000.0
canonical_v2_20260714T221501Z_483f96f,51415c2ce68c89d9ce2b042b0a7a811fe3e98180b72460006f9d0465f6bf49b7,06c507bee525ea1daca43b61249764007d4d8baaa05c9333f23446ea723ce160,f1e358e99914563305428cece1b1595bc76a58643184407ec5b222162d650332,98ae57b622a56983192975c5bff94374ed51322f13c76af633c3c96ceb198cdd,leakage_policy_sensitivity,"{""dataset_sha256"":""b8deac0a615b97076622ae540f4cfd0d3c3f1e7acb83ba3ff6560470a9ccf60a""}","{""policy"":""no_salary_hike_no_attrition_no_department_no_job_role""}",same_fold_same_selected_candidate_policy_sensitivity,1200,paired_stratified_percentile_bootstrap_5000_draws,policy_ablation/leakage_sensitivity_index.csv,25077c686f274b1d6b2a07a1d4e432072d46690f2fe96657ea10dfc7a9f46586,leakage_sensitivity_index,48,c1300316fe5baec24e789c06aec35dd4f283fa4843b71c7aab1edbf4818f8e91,d483d8ddb93a47a99a2eab54fe3d138d8f614798dd418bca860ea3f20c813f51,b8deac0a615b97076622ae540f4cfd0d3c3f1e7acb83ba3ff6560470a9ccf60a,no_salary_hike_no_attrition_no_department_no_job_role,,,1200,,,,,,,,,,,,,,,3528e4377f9907c2a7c1b51806abf09e0ec2d5513da630618b0a0cb9950a37d0,,,,,,,,macro_f1,,,,,,,,,,5000.0,,,,,,higher,,,,,,,,,full_feature_upper_bound,"positive values indicate degradation relative to the diagnostic information-rich comparator, which is not guaranteed optimized; negative values indicate improvement",0.3033276306443895,0.2750623317583524,0.3306105514721275,0.0,1.0,1.0,0.3033276306443895,0.2750623317583524,0.33061055147212753,finite_metric_domain_span,5000.0
canonical_v2_20260714T221501Z_483f96f,51415c2ce68c89d9ce2b042b0a7a811fe3e98180b72460006f9d0465f6bf49b7,06c507bee525ea1daca43b61249764007d4d8baaa05c9333f23446ea723ce160,f1e358e99914563305428cece1b1595bc76a58643184407ec5b222162d650332,98ae57b622a56983192975c5bff94374ed51322f13c76af633c3c96ceb198cdd,leakage_policy_sensitivity,"{""dataset_sha256"":""b8deac0a615b97076622ae540f4cfd0d3c3f1e7acb83ba3ff6560470a9ccf60a""}","{""policy"":""no_salary_hike_no_attrition_no_department_no_job_role""}",same_fold_same_selected_candidate_policy_sensitivity,1200,paired_stratified_percentile_bootstrap_5000_draws,policy_ablation/leakage_sensitivity_index.csv,25077c686f274b1d6b2a07a1d4e432072d46690f2fe96657ea10dfc7a9f46586,leakage_sensitivity_index,49,c1300316fe5baec24e789c06aec35dd4f283fa4843b71c7aab1edbf4818f8e91,d483d8ddb93a47a99a2eab54fe3d138d8f614798dd418bca860ea3f20c813f51,b8deac0a615b97076622ae540f4cfd0d3c3f1e7acb83ba3ff6560470a9ccf60a,no_salary_hike_no_attrition_no_department_no_job_role,,,1200,,,,,,,,,,,,,,,3528e4377f9907c2a7c1b51806abf09e0ec2d5513da630618b0a0cb9950a37d0,,,,,,,,quadratic_weighted_kappa,,,,,,,,,,5000.0,,,,,,higher,,,,,,,,,full_feature_upper_bound,"positive values indicate degradation relative to the diagnostic information-rich comparator, which is not guaranteed optimized; negative values indicate improvement",0.3157982771753588,0.2835100189843634,0.3473556927472767,-1.0,1.0,2.0,0.1578991385876794,0.1417550094921817,0.17367784637363834,finite_metric_domain_span,5000.0
canonical_v2_20260714T221501Z_483f96f,51415c2ce68c89d9ce2b042b0a7a811fe3e98180b72460006f9d0465f6bf49b7,06c507bee525ea1daca43b61249764007d4d8baaa05c9333f23446ea723ce160,f1e358e99914563305428cece1b1595bc76a58643184407ec5b222162d650332,98ae57b622a56983192975c5bff94374ed51322f13c76af633c3c96ceb198cdd,leakage_policy_sensitivity,"{""dataset_sha256"":""b8deac0a615b97076622ae540f4cfd0d3c3f1e7acb83ba3ff6560470a9ccf60a""}","{""policy"":""no_salary_hike_no_attrition_no_department_no_job_role""}",same_fold_same_selected_candidate_policy_sensitivity,1200,paired_stratified_percentile_bootstrap_5000_draws,policy_ablation/leakage_sensitivity_index.csv,25077c686f274b1d6b2a07a1d4e432072d46690f2fe96657ea10dfc7a9f46586,leakage_sensitivity_index,50,c1300316fe5baec24e789c06aec35dd4f283fa4843b71c7aab1edbf4818f8e91,d483d8ddb93a47a99a2eab54fe3d138d8f614798dd418bca860ea3f20c813f51,b8deac0a615b97076622ae540f4cfd0d3c3f1e7acb83ba3ff6560470a9ccf60a,no_salary_hike_no_attrition_no_department_no_job_role,,,1200,,,,,,,,,,,,,,,3528e4377f9907c2a7c1b51806abf09e0ec2d5513da630618b0a0cb9950a37d0,,,,,,,,ordinal_mae,,,,,,,,,,5000.0,,,,,,lower,,,,,,,,,full_feature_upper_bound,"positive values indicate degradation relative to the diagnostic information-rich comparator, which is not guaranteed optimized; negative values indicate improvement",0.2025,0.18,0.225,0.0,2.0,2.0,0.10125,0.09,0.1125,finite_metric_domain_span,5000.0
canonical_v2_20260714T221501Z_483f96f,51415c2ce68c89d9ce2b042b0a7a811fe3e98180b72460006f9d0465f6bf49b7,06c507bee525ea1daca43b61249764007d4d8baaa05c9333f23446ea723ce160,f1e358e99914563305428cece1b1595bc76a58643184407ec5b222162d650332,98ae57b622a56983192975c5bff94374ed51322f13c76af633c3c96ceb198cdd,leakage_policy_sensitivity,"{""dataset_sha256"":""b8deac0a615b97076622ae540f4cfd0d3c3f1e7acb83ba3ff6560470a9ccf60a""}","{""policy"":""no_salary_hike_no_attrition_no_department_no_job_role""}",same_fold_same_selected_candidate_policy_sensitivity,1200,paired_stratified_percentile_bootstrap_5000_draws,policy_ablation/leakage_sensitivity_index.csv,25077c686f274b1d6b2a07a1d4e432072d46690f2fe96657ea10dfc7a9f46586,leakage_sensitivity_index,51,c1300316fe5baec24e789c06aec35dd4f283fa4843b71c7aab1edbf4818f8e91,d483d8ddb93a47a99a2eab54fe3d138d8f614798dd418bca860ea3f20c813f51,b8deac0a615b97076622ae540f4cfd0d3c3f1e7acb83ba3ff6560470a9ccf60a,no_salary_hike_no_attrition_no_department_no_job_role,,,1200,,,,,,,,,,,,,,,3528e4377f9907c2a7c1b51806abf09e0ec2d5513da630618b0a0cb9950a37d0,,,,,,,,severe_error_rate,,,,,,,,,,5000.0,,,,,,lower,,,,,,,,,full_feature_upper_bound,"positive values indicate degradation relative to the diagnostic information-rich comparator, which is not guaranteed optimized; negative values indicate improvement",0.0008333333333333,-0.0,0.0025,0.0,1.0,1.0,0.0008333333333333335,-0.0,0.0025,finite_metric_domain_span,5000.0
canonical_v2_20260714T221501Z_483f96f,51415c2ce68c89d9ce2b042b0a7a811fe3e98180b72460006f9d0465f6bf49b7,06c507bee525ea1daca43b61249764007d4d8baaa05c9333f23446ea723ce160,f1e358e99914563305428cece1b1595bc76a58643184407ec5b222162d650332,98ae57b622a56983192975c5bff94374ed51322f13c76af633c3c96ceb198cdd,leakage_policy_sensitivity,"{""dataset_sha256"":""b8deac0a615b97076622ae540f4cfd0d3c3f1e7acb83ba3ff6560470a9ccf60a""}","{""policy"":""no_salary_hike_no_attrition_no_department_no_job_role""}",same_fold_same_selected_candidate_policy_sensitivity,1200,paired_stratified_percentile_bootstrap_5000_draws,policy_ablation/leakage_sensitivity_index.csv,25077c686f274b1d6b2a07a1d4e432072d46690f2fe96657ea10dfc7a9f46586,leakage_sensitivity_index,52,c1300316fe5baec24e789c06aec35dd4f283fa4843b71c7aab1edbf4818f8e91,d483d8ddb93a47a99a2eab54fe3d138d8f614798dd418bca860ea3f20c813f51,b8deac0a615b97076622ae540f4cfd0d3c3f1e7acb83ba3ff6560470a9ccf60a,no_salary_hike_no_attrition_no_department_no_job_role,,,1200,,,,,,,,,,,,,,,3528e4377f9907c2a7c1b51806abf09e0ec2d5513da630618b0a0cb9950a37d0,,,,,,,,nll_log_loss,,,,,,,,,,5000.0,,,,,,lower,,,,,,,,,full_feature_upper_bound,"positive values indicate degradation relative to the diagnostic information-rich comparator, which is not guaranteed optimized; negative values indicate improvement",0.3992728948978186,0.3585138488592851,0.4397365876272328,0.0,inf,,,,,not_applicable_unbounded_domain,5000.0
canonical_v2_20260714T221501Z_483f96f,51415c2ce68c89d9ce2b042b0a7a811fe3e98180b72460006f9d0465f6bf49b7,06c507bee525ea1daca43b61249764007d4d8baaa05c9333f23446ea723ce160,f1e358e99914563305428cece1b1595bc76a58643184407ec5b222162d650332,98ae57b622a56983192975c5bff94374ed51322f13c76af633c3c96ceb198cdd,leakage_policy_sensitivity,"{""dataset_sha256"":""b8deac0a615b97076622ae540f4cfd0d3c3f1e7acb83ba3ff6560470a9ccf60a""}","{""policy"":""no_salary_hike_no_attrition_no_department_no_job_role""}",same_fold_same_selected_candidate_policy_sensitivity,1200,paired_stratified_percentile_bootstrap_5000_draws,policy_ablation/leakage_sensitivity_index.csv,25077c686f274b1d6b2a07a1d4e432072d46690f2fe96657ea10dfc7a9f46586,leakage_sensitivity_index,53,c1300316fe5baec24e789c06aec35dd4f283fa4843b71c7aab1edbf4818f8e91,d483d8ddb93a47a99a2eab54fe3d138d8f614798dd418bca860ea3f20c813f51,b8deac0a615b97076622ae540f4cfd0d3c3f1e7acb83ba3ff6560470a9ccf60a,no_salary_hike_no_attrition_no_department_no_job_role,,,1200,,,,,,,,,,,,,,,3528e4377f9907c2a7c1b51806abf09e0ec2d5513da630618b0a0cb9950a37d0,,,,,,,,multiclass_brier,,,,,,,,,,5000.0,,,,,,lower,,,,,,,,,full_feature_upper_bound,"positive values indicate degradation relative to the diagnostic information-rich comparator, which is not guaranteed optimized; negative values indicate improvement",0.2663203021265255,0.2418931229126424,0.2904445324921262,0.0,2.0,2.0,0.13316015106326276,0.12094656145632122,0.1452222662460631,finite_metric_domain_span,5000.0
canonical_v2_20260714T221501Z_483f96f,51415c2ce68c89d9ce2b042b0a7a811fe3e98180b72460006f9d0465f6bf49b7,06c507bee525ea1daca43b61249764007d4d8baaa05c9333f23446ea723ce160,f1e358e99914563305428cece1b1595bc76a58643184407ec5b222162d650332,98ae57b622a56983192975c5bff94374ed51322f13c76af633c3c96ceb198cdd,leakage_policy_sensitivity,"{""dataset_sha256"":""b8deac0a615b97076622ae540f4cfd0d3c3f1e7acb83ba3ff6560470a9ccf60a""}","{""policy"":""no_salary_hike_no_attrition_no_department_no_job_role""}",same_fold_same_selected_candidate_policy_sensitivity,1200,paired_stratified_percentile_bootstrap_5000_draws,policy_ablation/leakage_sensitivity_index.csv,25077c686f274b1d6b2a07a1d4e432072d46690f2fe96657ea10dfc7a9f46586,leakage_sensitivity_index,54,c1300316fe5baec24e789c06aec35dd4f283fa4843b71c7aab1edbf4818f8e91,d483d8ddb93a47a99a2eab54fe3d138d8f614798dd418bca860ea3f20c813f51,b8deac0a615b97076622ae540f4cfd0d3c3f1e7acb83ba3ff6560470a9ccf60a,no_salary_hike_no_attrition_no_department_no_job_role,,,1200,,,,,,,,,,,,,,,3528e4377f9907c2a7c1b51806abf09e0ec2d5513da630618b0a0cb9950a37d0,,,,,,,,ece_confidence,,,,,,,,,,5000.0,,,,,,lower,,,,,,,,,full_feature_upper_bound,"positive values indicate degradation relative to the diagnostic information-rich comparator, which is not guaranteed optimized; negative values indicate improvement",0.0393075186052629,0.0213311890746696,0.0645192536499001,0.0,1.0,1.0,0.03930751860526298,0.021331189074669604,0.06451925364990017,finite_metric_domain_span,5000.0
