run_id,config_hash,scientific_input_hash,source_tree_hash,metric_schema_hash,table_id,dataset_identity,model_identity,evaluation_scope,denominator,uncertainty_method,source_artifact,source_sha256,source_record_type,source_row_number,dataset_sha256,fold_contract_sha256,feature_policy_sha256,source_oof_probability_sha256,model_set_sha256,policy,dataset_key,task_type,evidence_role,candidate_feature_scope,budget_id,budget_role,max_prototypes,max_features_changed,n_total_oof_cases,n_eligible_oof_cases,n_search_successes,heuristic_search_success_rate,search_success_ci_low,search_success_ci_high,search_success_interval_method,candidate_count_within_budget,mean_probability_gain_successful,mean_normalized_search_cost_successful,mean_changed_features_successful,metric,n_observations,estimate,ci_low,ci_high,method,n_bootstrap_draws,search_failure_reason,n_failures,failure_share_within_scope_budget
canonical_v2_20260714T221501Z_483f96f,51415c2ce68c89d9ce2b042b0a7a811fe3e98180b72460006f9d0465f6bf49b7,caffb945d15f990e3a789e9707f7a8a9115be31fecbbd705822994a10cfaf151,f1e358e99914563305428cece1b1595bc76a58643184407ec5b222162d650332,98ae57b622a56983192975c5bff94374ed51322f13c76af633c3c96ceb198cdd,heuristic_counterfactual_search_success,"{""dataset_key"":""inx_primary"",""dataset_sha256"":""b8deac0a615b97076622ae540f4cfd0d3c3f1e7acb83ba3ff6560470a9ccf60a""}","{""policy"":""no_salary_hike_no_attrition_no_department""}",all_eligible_exact_fold_oof_heuristic_search_cases,not_applicable_or_resolved_by_source_contract,wilson_95_interval_and_conditional_case_bootstrap_5000_draws,heuristic_counterfactual/heuristic_search_summary.csv,b08bd71ab30b2d027932620626f0002dfce4b49dd56a2e345e30248eb0fcb3da,heuristic_search_summary,1,b8deac0a615b97076622ae540f4cfd0d3c3f1e7acb83ba3ff6560470a9ccf60a,3e4827545f1777be68afaaa7b5794895b53fb1ab91fab6d770388929c6735c35,e74864761270ee86516c1a227802d1862fbcb03c09a409d5179882eab10e8a86,2c45a75dcc122d9f90e41ec64b0893fc9821adb24e20f186a14c0266009bb4d9,de7072db6fdbf304a1daad73979679ae27050bba2391b00a63c1759536038c78,no_salary_hike_no_attrition_no_department,inx_primary,ordinal_multiclass_performance,supplementary_heuristic_search_only,employee_control_tagged,primary,primary,100.0,3.0,1200.0,1195.0,29.0,0.0242677824267782,0.0169492034402585,0.0346351477395279,wilson_95_ci,39318.0,0.1706268451221213,2.094827586206896,1.5517241379310345,,,,,,,,,,
canonical_v2_20260714T221501Z_483f96f,51415c2ce68c89d9ce2b042b0a7a811fe3e98180b72460006f9d0465f6bf49b7,caffb945d15f990e3a789e9707f7a8a9115be31fecbbd705822994a10cfaf151,f1e358e99914563305428cece1b1595bc76a58643184407ec5b222162d650332,98ae57b622a56983192975c5bff94374ed51322f13c76af633c3c96ceb198cdd,heuristic_counterfactual_search_success,"{""dataset_key"":""inx_primary"",""dataset_sha256"":""b8deac0a615b97076622ae540f4cfd0d3c3f1e7acb83ba3ff6560470a9ccf60a""}","{""policy"":""no_salary_hike_no_attrition_no_department""}",all_eligible_exact_fold_oof_heuristic_search_cases,not_applicable_or_resolved_by_source_contract,wilson_95_interval_and_conditional_case_bootstrap_5000_draws,heuristic_counterfactual/heuristic_search_summary.csv,b08bd71ab30b2d027932620626f0002dfce4b49dd56a2e345e30248eb0fcb3da,heuristic_search_summary,2,b8deac0a615b97076622ae540f4cfd0d3c3f1e7acb83ba3ff6560470a9ccf60a,3e4827545f1777be68afaaa7b5794895b53fb1ab91fab6d770388929c6735c35,e74864761270ee86516c1a227802d1862fbcb03c09a409d5179882eab10e8a86,2c45a75dcc122d9f90e41ec64b0893fc9821adb24e20f186a14c0266009bb4d9,de7072db6fdbf304a1daad73979679ae27050bba2391b00a63c1759536038c78,no_salary_hike_no_attrition_no_department,inx_primary,ordinal_multiclass_performance,supplementary_heuristic_search_only,employee_manager_control_tagged,primary,primary,100.0,3.0,1200.0,1195.0,340.0,0.2845188284518828,0.2596599103594656,0.3107586831828299,wilson_95_ci,148767.0,0.5796614646420678,1.5119117647058826,1.5205882352941176,,,,,,,,,,
canonical_v2_20260714T221501Z_483f96f,51415c2ce68c89d9ce2b042b0a7a811fe3e98180b72460006f9d0465f6bf49b7,caffb945d15f990e3a789e9707f7a8a9115be31fecbbd705822994a10cfaf151,f1e358e99914563305428cece1b1595bc76a58643184407ec5b222162d650332,98ae57b622a56983192975c5bff94374ed51322f13c76af633c3c96ceb198cdd,heuristic_counterfactual_search_success,"{""dataset_key"":""inx_primary"",""dataset_sha256"":""b8deac0a615b97076622ae540f4cfd0d3c3f1e7acb83ba3ff6560470a9ccf60a""}","{""policy"":""no_salary_hike_no_attrition_no_department""}",all_eligible_exact_fold_oof_heuristic_search_cases,not_applicable_or_resolved_by_source_contract,wilson_95_interval_and_conditional_case_bootstrap_5000_draws,heuristic_counterfactual/heuristic_search_summary.csv,b08bd71ab30b2d027932620626f0002dfce4b49dd56a2e345e30248eb0fcb3da,heuristic_search_summary,3,b8deac0a615b97076622ae540f4cfd0d3c3f1e7acb83ba3ff6560470a9ccf60a,3e4827545f1777be68afaaa7b5794895b53fb1ab91fab6d770388929c6735c35,e74864761270ee86516c1a227802d1862fbcb03c09a409d5179882eab10e8a86,2c45a75dcc122d9f90e41ec64b0893fc9821adb24e20f186a14c0266009bb4d9,de7072db6fdbf304a1daad73979679ae27050bba2391b00a63c1759536038c78,no_salary_hike_no_attrition_no_department,inx_primary,ordinal_multiclass_performance,supplementary_heuristic_search_only,employee_manager_organisation_control_tagged,primary,primary,100.0,3.0,1200.0,1195.0,359.0,0.300418410041841,0.2750993167611292,0.3270165456071716,wilson_95_ci,213012.0,0.5485512056416266,1.0355170662271111,1.66016713091922,,,,,,,,,,
canonical_v2_20260714T221501Z_483f96f,51415c2ce68c89d9ce2b042b0a7a811fe3e98180b72460006f9d0465f6bf49b7,caffb945d15f990e3a789e9707f7a8a9115be31fecbbd705822994a10cfaf151,f1e358e99914563305428cece1b1595bc76a58643184407ec5b222162d650332,98ae57b622a56983192975c5bff94374ed51322f13c76af633c3c96ceb198cdd,heuristic_counterfactual_search_success,"{""dataset_key"":""inx_primary"",""dataset_sha256"":""b8deac0a615b97076622ae540f4cfd0d3c3f1e7acb83ba3ff6560470a9ccf60a""}","{""policy"":""no_salary_hike_no_attrition_no_department""}",all_eligible_exact_fold_oof_heuristic_search_cases,not_applicable_or_resolved_by_source_contract,wilson_95_interval_and_conditional_case_bootstrap_5000_draws,heuristic_counterfactual/heuristic_search_summary.csv,b08bd71ab30b2d027932620626f0002dfce4b49dd56a2e345e30248eb0fcb3da,heuristic_search_summary,4,b8deac0a615b97076622ae540f4cfd0d3c3f1e7acb83ba3ff6560470a9ccf60a,3e4827545f1777be68afaaa7b5794895b53fb1ab91fab6d770388929c6735c35,e74864761270ee86516c1a227802d1862fbcb03c09a409d5179882eab10e8a86,2c45a75dcc122d9f90e41ec64b0893fc9821adb24e20f186a14c0266009bb4d9,de7072db6fdbf304a1daad73979679ae27050bba2391b00a63c1759536038c78,no_salary_hike_no_attrition_no_department,inx_primary,ordinal_multiclass_performance,supplementary_heuristic_search_only,diagnostic_including_immutable_history,primary,primary,100.0,3.0,1200.0,1195.0,302.0,0.2527196652719665,0.2288996437976747,0.2781244120926101,wilson_95_ci,210009.0,0.5401687746981986,0.8509346082060734,1.7450331125827814,,,,,,,,,,
canonical_v2_20260714T221501Z_483f96f,51415c2ce68c89d9ce2b042b0a7a811fe3e98180b72460006f9d0465f6bf49b7,caffb945d15f990e3a789e9707f7a8a9115be31fecbbd705822994a10cfaf151,f1e358e99914563305428cece1b1595bc76a58643184407ec5b222162d650332,98ae57b622a56983192975c5bff94374ed51322f13c76af633c3c96ceb198cdd,heuristic_counterfactual_search_success,"{""dataset_key"":""inx_primary"",""dataset_sha256"":""b8deac0a615b97076622ae540f4cfd0d3c3f1e7acb83ba3ff6560470a9ccf60a""}","{""policy"":""no_salary_hike_no_attrition_no_department""}",all_eligible_exact_fold_oof_heuristic_search_cases,not_applicable_or_resolved_by_source_contract,wilson_95_interval_and_conditional_case_bootstrap_5000_draws,heuristic_counterfactual/heuristic_search_uncertainty.csv,fc5cd1375e0a7f713e1bf8fe8a462c6943fc9e0d8a09388432d04f968dfc8d26,heuristic_search_uncertainty,1,b8deac0a615b97076622ae540f4cfd0d3c3f1e7acb83ba3ff6560470a9ccf60a,3e4827545f1777be68afaaa7b5794895b53fb1ab91fab6d770388929c6735c35,e74864761270ee86516c1a227802d1862fbcb03c09a409d5179882eab10e8a86,2c45a75dcc122d9f90e41ec64b0893fc9821adb24e20f186a14c0266009bb4d9,de7072db6fdbf304a1daad73979679ae27050bba2391b00a63c1759536038c78,no_salary_hike_no_attrition_no_department,inx_primary,ordinal_multiclass_performance,supplementary_heuristic_search_only,employee_control_tagged,restricted,,,,,,,,,,,,,,,heuristic_search_success_rate,1195.0,0.0158995815899581,0.0102021076067273,0.0246994705067404,wilson_95_ci,0.0,,,
canonical_v2_20260714T221501Z_483f96f,51415c2ce68c89d9ce2b042b0a7a811fe3e98180b72460006f9d0465f6bf49b7,caffb945d15f990e3a789e9707f7a8a9115be31fecbbd705822994a10cfaf151,f1e358e99914563305428cece1b1595bc76a58643184407ec5b222162d650332,98ae57b622a56983192975c5bff94374ed51322f13c76af633c3c96ceb198cdd,heuristic_counterfactual_search_success,"{""dataset_key"":""inx_primary"",""dataset_sha256"":""b8deac0a615b97076622ae540f4cfd0d3c3f1e7acb83ba3ff6560470a9ccf60a""}","{""policy"":""no_salary_hike_no_attrition_no_department""}",all_eligible_exact_fold_oof_heuristic_search_cases,not_applicable_or_resolved_by_source_contract,wilson_95_interval_and_conditional_case_bootstrap_5000_draws,heuristic_counterfactual/heuristic_search_uncertainty.csv,fc5cd1375e0a7f713e1bf8fe8a462c6943fc9e0d8a09388432d04f968dfc8d26,heuristic_search_uncertainty,2,b8deac0a615b97076622ae540f4cfd0d3c3f1e7acb83ba3ff6560470a9ccf60a,3e4827545f1777be68afaaa7b5794895b53fb1ab91fab6d770388929c6735c35,e74864761270ee86516c1a227802d1862fbcb03c09a409d5179882eab10e8a86,2c45a75dcc122d9f90e41ec64b0893fc9821adb24e20f186a14c0266009bb4d9,de7072db6fdbf304a1daad73979679ae27050bba2391b00a63c1759536038c78,no_salary_hike_no_attrition_no_department,inx_primary,ordinal_multiclass_performance,supplementary_heuristic_search_only,employee_control_tagged,restricted,,,,,,,,,,,,,,,mean_probability_gain_successful,19.0,0.1392080371028776,0.1164727409167989,0.1623760071978946,percentile_bootstrap_95_ci,5000.0,,,
canonical_v2_20260714T221501Z_483f96f,51415c2ce68c89d9ce2b042b0a7a811fe3e98180b72460006f9d0465f6bf49b7,caffb945d15f990e3a789e9707f7a8a9115be31fecbbd705822994a10cfaf151,f1e358e99914563305428cece1b1595bc76a58643184407ec5b222162d650332,98ae57b622a56983192975c5bff94374ed51322f13c76af633c3c96ceb198cdd,heuristic_counterfactual_search_success,"{""dataset_key"":""inx_primary"",""dataset_sha256"":""b8deac0a615b97076622ae540f4cfd0d3c3f1e7acb83ba3ff6560470a9ccf60a""}","{""policy"":""no_salary_hike_no_attrition_no_department""}",all_eligible_exact_fold_oof_heuristic_search_cases,not_applicable_or_resolved_by_source_contract,wilson_95_interval_and_conditional_case_bootstrap_5000_draws,heuristic_counterfactual/heuristic_search_uncertainty.csv,fc5cd1375e0a7f713e1bf8fe8a462c6943fc9e0d8a09388432d04f968dfc8d26,heuristic_search_uncertainty,3,b8deac0a615b97076622ae540f4cfd0d3c3f1e7acb83ba3ff6560470a9ccf60a,3e4827545f1777be68afaaa7b5794895b53fb1ab91fab6d770388929c6735c35,e74864761270ee86516c1a227802d1862fbcb03c09a409d5179882eab10e8a86,2c45a75dcc122d9f90e41ec64b0893fc9821adb24e20f186a14c0266009bb4d9,de7072db6fdbf304a1daad73979679ae27050bba2391b00a63c1759536038c78,no_salary_hike_no_attrition_no_department,inx_primary,ordinal_multiclass_performance,supplementary_heuristic_search_only,employee_control_tagged,restricted,,,,,,,,,,,,,,,mean_normalized_search_cost_successful,19.0,1.4684210526315788,1.2789473684210524,1.6578947368421053,percentile_bootstrap_95_ci,5000.0,,,
canonical_v2_20260714T221501Z_483f96f,51415c2ce68c89d9ce2b042b0a7a811fe3e98180b72460006f9d0465f6bf49b7,caffb945d15f990e3a789e9707f7a8a9115be31fecbbd705822994a10cfaf151,f1e358e99914563305428cece1b1595bc76a58643184407ec5b222162d650332,98ae57b622a56983192975c5bff94374ed51322f13c76af633c3c96ceb198cdd,heuristic_counterfactual_search_success,"{""dataset_key"":""inx_primary"",""dataset_sha256"":""b8deac0a615b97076622ae540f4cfd0d3c3f1e7acb83ba3ff6560470a9ccf60a""}","{""policy"":""no_salary_hike_no_attrition_no_department""}",all_eligible_exact_fold_oof_heuristic_search_cases,not_applicable_or_resolved_by_source_contract,wilson_95_interval_and_conditional_case_bootstrap_5000_draws,heuristic_counterfactual/heuristic_search_uncertainty.csv,fc5cd1375e0a7f713e1bf8fe8a462c6943fc9e0d8a09388432d04f968dfc8d26,heuristic_search_uncertainty,4,b8deac0a615b97076622ae540f4cfd0d3c3f1e7acb83ba3ff6560470a9ccf60a,3e4827545f1777be68afaaa7b5794895b53fb1ab91fab6d770388929c6735c35,e74864761270ee86516c1a227802d1862fbcb03c09a409d5179882eab10e8a86,2c45a75dcc122d9f90e41ec64b0893fc9821adb24e20f186a14c0266009bb4d9,de7072db6fdbf304a1daad73979679ae27050bba2391b00a63c1759536038c78,no_salary_hike_no_attrition_no_department,inx_primary,ordinal_multiclass_performance,supplementary_heuristic_search_only,employee_control_tagged,restricted,,,,,,,,,,,,,,,mean_n_changed_features_successful,19.0,1.368421052631579,1.1578947368421053,1.5789473684210529,percentile_bootstrap_95_ci,5000.0,,,
canonical_v2_20260714T221501Z_483f96f,51415c2ce68c89d9ce2b042b0a7a811fe3e98180b72460006f9d0465f6bf49b7,caffb945d15f990e3a789e9707f7a8a9115be31fecbbd705822994a10cfaf151,f1e358e99914563305428cece1b1595bc76a58643184407ec5b222162d650332,98ae57b622a56983192975c5bff94374ed51322f13c76af633c3c96ceb198cdd,heuristic_counterfactual_search_success,"{""dataset_key"":""inx_primary"",""dataset_sha256"":""b8deac0a615b97076622ae540f4cfd0d3c3f1e7acb83ba3ff6560470a9ccf60a""}","{""policy"":""no_salary_hike_no_attrition_no_department""}",all_eligible_exact_fold_oof_heuristic_search_cases,not_applicable_or_resolved_by_source_contract,wilson_95_interval_and_conditional_case_bootstrap_5000_draws,heuristic_counterfactual/heuristic_search_uncertainty.csv,fc5cd1375e0a7f713e1bf8fe8a462c6943fc9e0d8a09388432d04f968dfc8d26,heuristic_search_uncertainty,5,b8deac0a615b97076622ae540f4cfd0d3c3f1e7acb83ba3ff6560470a9ccf60a,3e4827545f1777be68afaaa7b5794895b53fb1ab91fab6d770388929c6735c35,e74864761270ee86516c1a227802d1862fbcb03c09a409d5179882eab10e8a86,2c45a75dcc122d9f90e41ec64b0893fc9821adb24e20f186a14c0266009bb4d9,de7072db6fdbf304a1daad73979679ae27050bba2391b00a63c1759536038c78,no_salary_hike_no_attrition_no_department,inx_primary,ordinal_multiclass_performance,supplementary_heuristic_search_only,employee_control_tagged,primary,,,,,,,,,,,,,,,heuristic_search_success_rate,1195.0,0.0242677824267782,0.0169492034402585,0.0346351477395279,wilson_95_ci,0.0,,,
canonical_v2_20260714T221501Z_483f96f,51415c2ce68c89d9ce2b042b0a7a811fe3e98180b72460006f9d0465f6bf49b7,caffb945d15f990e3a789e9707f7a8a9115be31fecbbd705822994a10cfaf151,f1e358e99914563305428cece1b1595bc76a58643184407ec5b222162d650332,98ae57b622a56983192975c5bff94374ed51322f13c76af633c3c96ceb198cdd,heuristic_counterfactual_search_success,"{""dataset_key"":""inx_primary"",""dataset_sha256"":""b8deac0a615b97076622ae540f4cfd0d3c3f1e7acb83ba3ff6560470a9ccf60a""}","{""policy"":""no_salary_hike_no_attrition_no_department""}",all_eligible_exact_fold_oof_heuristic_search_cases,not_applicable_or_resolved_by_source_contract,wilson_95_interval_and_conditional_case_bootstrap_5000_draws,heuristic_counterfactual/heuristic_search_uncertainty.csv,fc5cd1375e0a7f713e1bf8fe8a462c6943fc9e0d8a09388432d04f968dfc8d26,heuristic_search_uncertainty,6,b8deac0a615b97076622ae540f4cfd0d3c3f1e7acb83ba3ff6560470a9ccf60a,3e4827545f1777be68afaaa7b5794895b53fb1ab91fab6d770388929c6735c35,e74864761270ee86516c1a227802d1862fbcb03c09a409d5179882eab10e8a86,2c45a75dcc122d9f90e41ec64b0893fc9821adb24e20f186a14c0266009bb4d9,de7072db6fdbf304a1daad73979679ae27050bba2391b00a63c1759536038c78,no_salary_hike_no_attrition_no_department,inx_primary,ordinal_multiclass_performance,supplementary_heuristic_search_only,employee_control_tagged,primary,,,,,,,,,,,,,,,mean_probability_gain_successful,29.0,0.1706268451221213,0.1355658272437472,0.2084442608174107,percentile_bootstrap_95_ci,5000.0,,,
canonical_v2_20260714T221501Z_483f96f,51415c2ce68c89d9ce2b042b0a7a811fe3e98180b72460006f9d0465f6bf49b7,caffb945d15f990e3a789e9707f7a8a9115be31fecbbd705822994a10cfaf151,f1e358e99914563305428cece1b1595bc76a58643184407ec5b222162d650332,98ae57b622a56983192975c5bff94374ed51322f13c76af633c3c96ceb198cdd,heuristic_counterfactual_search_success,"{""dataset_key"":""inx_primary"",""dataset_sha256"":""b8deac0a615b97076622ae540f4cfd0d3c3f1e7acb83ba3ff6560470a9ccf60a""}","{""policy"":""no_salary_hike_no_attrition_no_department""}",all_eligible_exact_fold_oof_heuristic_search_cases,not_applicable_or_resolved_by_source_contract,wilson_95_interval_and_conditional_case_bootstrap_5000_draws,heuristic_counterfactual/heuristic_search_uncertainty.csv,fc5cd1375e0a7f713e1bf8fe8a462c6943fc9e0d8a09388432d04f968dfc8d26,heuristic_search_uncertainty,7,b8deac0a615b97076622ae540f4cfd0d3c3f1e7acb83ba3ff6560470a9ccf60a,3e4827545f1777be68afaaa7b5794895b53fb1ab91fab6d770388929c6735c35,e74864761270ee86516c1a227802d1862fbcb03c09a409d5179882eab10e8a86,2c45a75dcc122d9f90e41ec64b0893fc9821adb24e20f186a14c0266009bb4d9,de7072db6fdbf304a1daad73979679ae27050bba2391b00a63c1759536038c78,no_salary_hike_no_attrition_no_department,inx_primary,ordinal_multiclass_performance,supplementary_heuristic_search_only,employee_control_tagged,primary,,,,,,,,,,,,,,,mean_normalized_search_cost_successful,29.0,2.094827586206896,1.68103448275862,2.5758620689655167,percentile_bootstrap_95_ci,5000.0,,,
canonical_v2_20260714T221501Z_483f96f,51415c2ce68c89d9ce2b042b0a7a811fe3e98180b72460006f9d0465f6bf49b7,caffb945d15f990e3a789e9707f7a8a9115be31fecbbd705822994a10cfaf151,f1e358e99914563305428cece1b1595bc76a58643184407ec5b222162d650332,98ae57b622a56983192975c5bff94374ed51322f13c76af633c3c96ceb198cdd,heuristic_counterfactual_search_success,"{""dataset_key"":""inx_primary"",""dataset_sha256"":""b8deac0a615b97076622ae540f4cfd0d3c3f1e7acb83ba3ff6560470a9ccf60a""}","{""policy"":""no_salary_hike_no_attrition_no_department""}",all_eligible_exact_fold_oof_heuristic_search_cases,not_applicable_or_resolved_by_source_contract,wilson_95_interval_and_conditional_case_bootstrap_5000_draws,heuristic_counterfactual/heuristic_search_uncertainty.csv,fc5cd1375e0a7f713e1bf8fe8a462c6943fc9e0d8a09388432d04f968dfc8d26,heuristic_search_uncertainty,8,b8deac0a615b97076622ae540f4cfd0d3c3f1e7acb83ba3ff6560470a9ccf60a,3e4827545f1777be68afaaa7b5794895b53fb1ab91fab6d770388929c6735c35,e74864761270ee86516c1a227802d1862fbcb03c09a409d5179882eab10e8a86,2c45a75dcc122d9f90e41ec64b0893fc9821adb24e20f186a14c0266009bb4d9,de7072db6fdbf304a1daad73979679ae27050bba2391b00a63c1759536038c78,no_salary_hike_no_attrition_no_department,inx_primary,ordinal_multiclass_performance,supplementary_heuristic_search_only,employee_control_tagged,primary,,,,,,,,,,,,,,,mean_n_changed_features_successful,29.0,1.5517241379310345,1.3448275862068966,1.7586206896551724,percentile_bootstrap_95_ci,5000.0,,,
canonical_v2_20260714T221501Z_483f96f,51415c2ce68c89d9ce2b042b0a7a811fe3e98180b72460006f9d0465f6bf49b7,caffb945d15f990e3a789e9707f7a8a9115be31fecbbd705822994a10cfaf151,f1e358e99914563305428cece1b1595bc76a58643184407ec5b222162d650332,98ae57b622a56983192975c5bff94374ed51322f13c76af633c3c96ceb198cdd,heuristic_counterfactual_search_success,"{""dataset_key"":""inx_primary"",""dataset_sha256"":""b8deac0a615b97076622ae540f4cfd0d3c3f1e7acb83ba3ff6560470a9ccf60a""}","{""policy"":""no_salary_hike_no_attrition_no_department""}",all_eligible_exact_fold_oof_heuristic_search_cases,not_applicable_or_resolved_by_source_contract,wilson_95_interval_and_conditional_case_bootstrap_5000_draws,heuristic_counterfactual/heuristic_search_uncertainty.csv,fc5cd1375e0a7f713e1bf8fe8a462c6943fc9e0d8a09388432d04f968dfc8d26,heuristic_search_uncertainty,9,b8deac0a615b97076622ae540f4cfd0d3c3f1e7acb83ba3ff6560470a9ccf60a,3e4827545f1777be68afaaa7b5794895b53fb1ab91fab6d770388929c6735c35,e74864761270ee86516c1a227802d1862fbcb03c09a409d5179882eab10e8a86,2c45a75dcc122d9f90e41ec64b0893fc9821adb24e20f186a14c0266009bb4d9,de7072db6fdbf304a1daad73979679ae27050bba2391b00a63c1759536038c78,no_salary_hike_no_attrition_no_department,inx_primary,ordinal_multiclass_performance,supplementary_heuristic_search_only,employee_control_tagged,expanded,,,,,,,,,,,,,,,heuristic_search_success_rate,1195.0,0.0276150627615062,0.0197300701090041,0.0385273902973097,wilson_95_ci,0.0,,,
canonical_v2_20260714T221501Z_483f96f,51415c2ce68c89d9ce2b042b0a7a811fe3e98180b72460006f9d0465f6bf49b7,caffb945d15f990e3a789e9707f7a8a9115be31fecbbd705822994a10cfaf151,f1e358e99914563305428cece1b1595bc76a58643184407ec5b222162d650332,98ae57b622a56983192975c5bff94374ed51322f13c76af633c3c96ceb198cdd,heuristic_counterfactual_search_success,"{""dataset_key"":""inx_primary"",""dataset_sha256"":""b8deac0a615b97076622ae540f4cfd0d3c3f1e7acb83ba3ff6560470a9ccf60a""}","{""policy"":""no_salary_hike_no_attrition_no_department""}",all_eligible_exact_fold_oof_heuristic_search_cases,not_applicable_or_resolved_by_source_contract,wilson_95_interval_and_conditional_case_bootstrap_5000_draws,heuristic_counterfactual/heuristic_search_uncertainty.csv,fc5cd1375e0a7f713e1bf8fe8a462c6943fc9e0d8a09388432d04f968dfc8d26,heuristic_search_uncertainty,10,b8deac0a615b97076622ae540f4cfd0d3c3f1e7acb83ba3ff6560470a9ccf60a,3e4827545f1777be68afaaa7b5794895b53fb1ab91fab6d770388929c6735c35,e74864761270ee86516c1a227802d1862fbcb03c09a409d5179882eab10e8a86,2c45a75dcc122d9f90e41ec64b0893fc9821adb24e20f186a14c0266009bb4d9,de7072db6fdbf304a1daad73979679ae27050bba2391b00a63c1759536038c78,no_salary_hike_no_attrition_no_department,inx_primary,ordinal_multiclass_performance,supplementary_heuristic_search_only,employee_control_tagged,expanded,,,,,,,,,,,,,,,mean_probability_gain_successful,33.0,0.1769799646507599,0.1443380721433395,0.2113513377181155,percentile_bootstrap_95_ci,5000.0,,,
canonical_v2_20260714T221501Z_483f96f,51415c2ce68c89d9ce2b042b0a7a811fe3e98180b72460006f9d0465f6bf49b7,caffb945d15f990e3a789e9707f7a8a9115be31fecbbd705822994a10cfaf151,f1e358e99914563305428cece1b1595bc76a58643184407ec5b222162d650332,98ae57b622a56983192975c5bff94374ed51322f13c76af633c3c96ceb198cdd,heuristic_counterfactual_search_success,"{""dataset_key"":""inx_primary"",""dataset_sha256"":""b8deac0a615b97076622ae540f4cfd0d3c3f1e7acb83ba3ff6560470a9ccf60a""}","{""policy"":""no_salary_hike_no_attrition_no_department""}",all_eligible_exact_fold_oof_heuristic_search_cases,not_applicable_or_resolved_by_source_contract,wilson_95_interval_and_conditional_case_bootstrap_5000_draws,heuristic_counterfactual/heuristic_search_uncertainty.csv,fc5cd1375e0a7f713e1bf8fe8a462c6943fc9e0d8a09388432d04f968dfc8d26,heuristic_search_uncertainty,11,b8deac0a615b97076622ae540f4cfd0d3c3f1e7acb83ba3ff6560470a9ccf60a,3e4827545f1777be68afaaa7b5794895b53fb1ab91fab6d770388929c6735c35,e74864761270ee86516c1a227802d1862fbcb03c09a409d5179882eab10e8a86,2c45a75dcc122d9f90e41ec64b0893fc9821adb24e20f186a14c0266009bb4d9,de7072db6fdbf304a1daad73979679ae27050bba2391b00a63c1759536038c78,no_salary_hike_no_attrition_no_department,inx_primary,ordinal_multiclass_performance,supplementary_heuristic_search_only,employee_control_tagged,expanded,,,,,,,,,,,,,,,mean_normalized_search_cost_successful,33.0,2.160606060606061,1.7484848484848483,2.6273106060606057,percentile_bootstrap_95_ci,5000.0,,,
canonical_v2_20260714T221501Z_483f96f,51415c2ce68c89d9ce2b042b0a7a811fe3e98180b72460006f9d0465f6bf49b7,caffb945d15f990e3a789e9707f7a8a9115be31fecbbd705822994a10cfaf151,f1e358e99914563305428cece1b1595bc76a58643184407ec5b222162d650332,98ae57b622a56983192975c5bff94374ed51322f13c76af633c3c96ceb198cdd,heuristic_counterfactual_search_success,"{""dataset_key"":""inx_primary"",""dataset_sha256"":""b8deac0a615b97076622ae540f4cfd0d3c3f1e7acb83ba3ff6560470a9ccf60a""}","{""policy"":""no_salary_hike_no_attrition_no_department""}",all_eligible_exact_fold_oof_heuristic_search_cases,not_applicable_or_resolved_by_source_contract,wilson_95_interval_and_conditional_case_bootstrap_5000_draws,heuristic_counterfactual/heuristic_search_uncertainty.csv,fc5cd1375e0a7f713e1bf8fe8a462c6943fc9e0d8a09388432d04f968dfc8d26,heuristic_search_uncertainty,12,b8deac0a615b97076622ae540f4cfd0d3c3f1e7acb83ba3ff6560470a9ccf60a,3e4827545f1777be68afaaa7b5794895b53fb1ab91fab6d770388929c6735c35,e74864761270ee86516c1a227802d1862fbcb03c09a409d5179882eab10e8a86,2c45a75dcc122d9f90e41ec64b0893fc9821adb24e20f186a14c0266009bb4d9,de7072db6fdbf304a1daad73979679ae27050bba2391b00a63c1759536038c78,no_salary_hike_no_attrition_no_department,inx_primary,ordinal_multiclass_performance,supplementary_heuristic_search_only,employee_control_tagged,expanded,,,,,,,,,,,,,,,mean_n_changed_features_successful,33.0,1.5757575757575757,1.3931818181818216,1.7878787878787878,percentile_bootstrap_95_ci,5000.0,,,
canonical_v2_20260714T221501Z_483f96f,51415c2ce68c89d9ce2b042b0a7a811fe3e98180b72460006f9d0465f6bf49b7,caffb945d15f990e3a789e9707f7a8a9115be31fecbbd705822994a10cfaf151,f1e358e99914563305428cece1b1595bc76a58643184407ec5b222162d650332,98ae57b622a56983192975c5bff94374ed51322f13c76af633c3c96ceb198cdd,heuristic_counterfactual_search_success,"{""dataset_key"":""inx_primary"",""dataset_sha256"":""b8deac0a615b97076622ae540f4cfd0d3c3f1e7acb83ba3ff6560470a9ccf60a""}","{""policy"":""no_salary_hike_no_attrition_no_department""}",all_eligible_exact_fold_oof_heuristic_search_cases,not_applicable_or_resolved_by_source_contract,wilson_95_interval_and_conditional_case_bootstrap_5000_draws,heuristic_counterfactual/heuristic_search_uncertainty.csv,fc5cd1375e0a7f713e1bf8fe8a462c6943fc9e0d8a09388432d04f968dfc8d26,heuristic_search_uncertainty,13,b8deac0a615b97076622ae540f4cfd0d3c3f1e7acb83ba3ff6560470a9ccf60a,3e4827545f1777be68afaaa7b5794895b53fb1ab91fab6d770388929c6735c35,e74864761270ee86516c1a227802d1862fbcb03c09a409d5179882eab10e8a86,2c45a75dcc122d9f90e41ec64b0893fc9821adb24e20f186a14c0266009bb4d9,de7072db6fdbf304a1daad73979679ae27050bba2391b00a63c1759536038c78,no_salary_hike_no_attrition_no_department,inx_primary,ordinal_multiclass_performance,supplementary_heuristic_search_only,employee_manager_control_tagged,restricted,,,,,,,,,,,,,,,heuristic_search_success_rate,1195.0,0.2259414225941422,0.2031303760466812,0.250508806031384,wilson_95_ci,0.0,,,
canonical_v2_20260714T221501Z_483f96f,51415c2ce68c89d9ce2b042b0a7a811fe3e98180b72460006f9d0465f6bf49b7,caffb945d15f990e3a789e9707f7a8a9115be31fecbbd705822994a10cfaf151,f1e358e99914563305428cece1b1595bc76a58643184407ec5b222162d650332,98ae57b622a56983192975c5bff94374ed51322f13c76af633c3c96ceb198cdd,heuristic_counterfactual_search_success,"{""dataset_key"":""inx_primary"",""dataset_sha256"":""b8deac0a615b97076622ae540f4cfd0d3c3f1e7acb83ba3ff6560470a9ccf60a""}","{""policy"":""no_salary_hike_no_attrition_no_department""}",all_eligible_exact_fold_oof_heuristic_search_cases,not_applicable_or_resolved_by_source_contract,wilson_95_interval_and_conditional_case_bootstrap_5000_draws,heuristic_counterfactual/heuristic_search_uncertainty.csv,fc5cd1375e0a7f713e1bf8fe8a462c6943fc9e0d8a09388432d04f968dfc8d26,heuristic_search_uncertainty,14,b8deac0a615b97076622ae540f4cfd0d3c3f1e7acb83ba3ff6560470a9ccf60a,3e4827545f1777be68afaaa7b5794895b53fb1ab91fab6d770388929c6735c35,e74864761270ee86516c1a227802d1862fbcb03c09a409d5179882eab10e8a86,2c45a75dcc122d9f90e41ec64b0893fc9821adb24e20f186a14c0266009bb4d9,de7072db6fdbf304a1daad73979679ae27050bba2391b00a63c1759536038c78,no_salary_hike_no_attrition_no_department,inx_primary,ordinal_multiclass_performance,supplementary_heuristic_search_only,employee_manager_control_tagged,restricted,,,,,,,,,,,,,,,mean_probability_gain_successful,270.0,0.6329663083864604,0.6032768788578359,0.6614282623342893,percentile_bootstrap_95_ci,5000.0,,,
canonical_v2_20260714T221501Z_483f96f,51415c2ce68c89d9ce2b042b0a7a811fe3e98180b72460006f9d0465f6bf49b7,caffb945d15f990e3a789e9707f7a8a9115be31fecbbd705822994a10cfaf151,f1e358e99914563305428cece1b1595bc76a58643184407ec5b222162d650332,98ae57b622a56983192975c5bff94374ed51322f13c76af633c3c96ceb198cdd,heuristic_counterfactual_search_success,"{""dataset_key"":""inx_primary"",""dataset_sha256"":""b8deac0a615b97076622ae540f4cfd0d3c3f1e7acb83ba3ff6560470a9ccf60a""}","{""policy"":""no_salary_hike_no_attrition_no_department""}",all_eligible_exact_fold_oof_heuristic_search_cases,not_applicable_or_resolved_by_source_contract,wilson_95_interval_and_conditional_case_bootstrap_5000_draws,heuristic_counterfactual/heuristic_search_uncertainty.csv,fc5cd1375e0a7f713e1bf8fe8a462c6943fc9e0d8a09388432d04f968dfc8d26,heuristic_search_uncertainty,15,b8deac0a615b97076622ae540f4cfd0d3c3f1e7acb83ba3ff6560470a9ccf60a,3e4827545f1777be68afaaa7b5794895b53fb1ab91fab6d770388929c6735c35,e74864761270ee86516c1a227802d1862fbcb03c09a409d5179882eab10e8a86,2c45a75dcc122d9f90e41ec64b0893fc9821adb24e20f186a14c0266009bb4d9,de7072db6fdbf304a1daad73979679ae27050bba2391b00a63c1759536038c78,no_salary_hike_no_attrition_no_department,inx_primary,ordinal_multiclass_performance,supplementary_heuristic_search_only,employee_manager_control_tagged,restricted,,,,,,,,,,,,,,,mean_normalized_search_cost_successful,270.0,1.1164814814814816,1.0492592592592596,1.1879629629629629,percentile_bootstrap_95_ci,5000.0,,,
canonical_v2_20260714T221501Z_483f96f,51415c2ce68c89d9ce2b042b0a7a811fe3e98180b72460006f9d0465f6bf49b7,caffb945d15f990e3a789e9707f7a8a9115be31fecbbd705822994a10cfaf151,f1e358e99914563305428cece1b1595bc76a58643184407ec5b222162d650332,98ae57b622a56983192975c5bff94374ed51322f13c76af633c3c96ceb198cdd,heuristic_counterfactual_search_success,"{""dataset_key"":""inx_primary"",""dataset_sha256"":""b8deac0a615b97076622ae540f4cfd0d3c3f1e7acb83ba3ff6560470a9ccf60a""}","{""policy"":""no_salary_hike_no_attrition_no_department""}",all_eligible_exact_fold_oof_heuristic_search_cases,not_applicable_or_resolved_by_source_contract,wilson_95_interval_and_conditional_case_bootstrap_5000_draws,heuristic_counterfactual/heuristic_search_uncertainty.csv,fc5cd1375e0a7f713e1bf8fe8a462c6943fc9e0d8a09388432d04f968dfc8d26,heuristic_search_uncertainty,16,b8deac0a615b97076622ae540f4cfd0d3c3f1e7acb83ba3ff6560470a9ccf60a,3e4827545f1777be68afaaa7b5794895b53fb1ab91fab6d770388929c6735c35,e74864761270ee86516c1a227802d1862fbcb03c09a409d5179882eab10e8a86,2c45a75dcc122d9f90e41ec64b0893fc9821adb24e20f186a14c0266009bb4d9,de7072db6fdbf304a1daad73979679ae27050bba2391b00a63c1759536038c78,no_salary_hike_no_attrition_no_department,inx_primary,ordinal_multiclass_performance,supplementary_heuristic_search_only,employee_manager_control_tagged,restricted,,,,,,,,,,,,,,,mean_n_changed_features_successful,270.0,1.1962962962962962,1.151851851851852,1.2444444444444445,percentile_bootstrap_95_ci,5000.0,,,
canonical_v2_20260714T221501Z_483f96f,51415c2ce68c89d9ce2b042b0a7a811fe3e98180b72460006f9d0465f6bf49b7,caffb945d15f990e3a789e9707f7a8a9115be31fecbbd705822994a10cfaf151,f1e358e99914563305428cece1b1595bc76a58643184407ec5b222162d650332,98ae57b622a56983192975c5bff94374ed51322f13c76af633c3c96ceb198cdd,heuristic_counterfactual_search_success,"{""dataset_key"":""inx_primary"",""dataset_sha256"":""b8deac0a615b97076622ae540f4cfd0d3c3f1e7acb83ba3ff6560470a9ccf60a""}","{""policy"":""no_salary_hike_no_attrition_no_department""}",all_eligible_exact_fold_oof_heuristic_search_cases,not_applicable_or_resolved_by_source_contract,wilson_95_interval_and_conditional_case_bootstrap_5000_draws,heuristic_counterfactual/heuristic_search_uncertainty.csv,fc5cd1375e0a7f713e1bf8fe8a462c6943fc9e0d8a09388432d04f968dfc8d26,heuristic_search_uncertainty,17,b8deac0a615b97076622ae540f4cfd0d3c3f1e7acb83ba3ff6560470a9ccf60a,3e4827545f1777be68afaaa7b5794895b53fb1ab91fab6d770388929c6735c35,e74864761270ee86516c1a227802d1862fbcb03c09a409d5179882eab10e8a86,2c45a75dcc122d9f90e41ec64b0893fc9821adb24e20f186a14c0266009bb4d9,de7072db6fdbf304a1daad73979679ae27050bba2391b00a63c1759536038c78,no_salary_hike_no_attrition_no_department,inx_primary,ordinal_multiclass_performance,supplementary_heuristic_search_only,employee_manager_control_tagged,primary,,,,,,,,,,,,,,,heuristic_search_success_rate,1195.0,0.2845188284518828,0.2596599103594656,0.3107586831828299,wilson_95_ci,0.0,,,
canonical_v2_20260714T221501Z_483f96f,51415c2ce68c89d9ce2b042b0a7a811fe3e98180b72460006f9d0465f6bf49b7,caffb945d15f990e3a789e9707f7a8a9115be31fecbbd705822994a10cfaf151,f1e358e99914563305428cece1b1595bc76a58643184407ec5b222162d650332,98ae57b622a56983192975c5bff94374ed51322f13c76af633c3c96ceb198cdd,heuristic_counterfactual_search_success,"{""dataset_key"":""inx_primary"",""dataset_sha256"":""b8deac0a615b97076622ae540f4cfd0d3c3f1e7acb83ba3ff6560470a9ccf60a""}","{""policy"":""no_salary_hike_no_attrition_no_department""}",all_eligible_exact_fold_oof_heuristic_search_cases,not_applicable_or_resolved_by_source_contract,wilson_95_interval_and_conditional_case_bootstrap_5000_draws,heuristic_counterfactual/heuristic_search_uncertainty.csv,fc5cd1375e0a7f713e1bf8fe8a462c6943fc9e0d8a09388432d04f968dfc8d26,heuristic_search_uncertainty,18,b8deac0a615b97076622ae540f4cfd0d3c3f1e7acb83ba3ff6560470a9ccf60a,3e4827545f1777be68afaaa7b5794895b53fb1ab91fab6d770388929c6735c35,e74864761270ee86516c1a227802d1862fbcb03c09a409d5179882eab10e8a86,2c45a75dcc122d9f90e41ec64b0893fc9821adb24e20f186a14c0266009bb4d9,de7072db6fdbf304a1daad73979679ae27050bba2391b00a63c1759536038c78,no_salary_hike_no_attrition_no_department,inx_primary,ordinal_multiclass_performance,supplementary_heuristic_search_only,employee_manager_control_tagged,primary,,,,,,,,,,,,,,,mean_probability_gain_successful,340.0,0.5796614646420678,0.553890032465855,0.6056199945352454,percentile_bootstrap_95_ci,5000.0,,,
canonical_v2_20260714T221501Z_483f96f,51415c2ce68c89d9ce2b042b0a7a811fe3e98180b72460006f9d0465f6bf49b7,caffb945d15f990e3a789e9707f7a8a9115be31fecbbd705822994a10cfaf151,f1e358e99914563305428cece1b1595bc76a58643184407ec5b222162d650332,98ae57b622a56983192975c5bff94374ed51322f13c76af633c3c96ceb198cdd,heuristic_counterfactual_search_success,"{""dataset_key"":""inx_primary"",""dataset_sha256"":""b8deac0a615b97076622ae540f4cfd0d3c3f1e7acb83ba3ff6560470a9ccf60a""}","{""policy"":""no_salary_hike_no_attrition_no_department""}",all_eligible_exact_fold_oof_heuristic_search_cases,not_applicable_or_resolved_by_source_contract,wilson_95_interval_and_conditional_case_bootstrap_5000_draws,heuristic_counterfactual/heuristic_search_uncertainty.csv,fc5cd1375e0a7f713e1bf8fe8a462c6943fc9e0d8a09388432d04f968dfc8d26,heuristic_search_uncertainty,19,b8deac0a615b97076622ae540f4cfd0d3c3f1e7acb83ba3ff6560470a9ccf60a,3e4827545f1777be68afaaa7b5794895b53fb1ab91fab6d770388929c6735c35,e74864761270ee86516c1a227802d1862fbcb03c09a409d5179882eab10e8a86,2c45a75dcc122d9f90e41ec64b0893fc9821adb24e20f186a14c0266009bb4d9,de7072db6fdbf304a1daad73979679ae27050bba2391b00a63c1759536038c78,no_salary_hike_no_attrition_no_department,inx_primary,ordinal_multiclass_performance,supplementary_heuristic_search_only,employee_manager_control_tagged,primary,,,,,,,,,,,,,,,mean_normalized_search_cost_successful,340.0,1.5119117647058826,1.402496323529412,1.6289852941176473,percentile_bootstrap_95_ci,5000.0,,,
canonical_v2_20260714T221501Z_483f96f,51415c2ce68c89d9ce2b042b0a7a811fe3e98180b72460006f9d0465f6bf49b7,caffb945d15f990e3a789e9707f7a8a9115be31fecbbd705822994a10cfaf151,f1e358e99914563305428cece1b1595bc76a58643184407ec5b222162d650332,98ae57b622a56983192975c5bff94374ed51322f13c76af633c3c96ceb198cdd,heuristic_counterfactual_search_success,"{""dataset_key"":""inx_primary"",""dataset_sha256"":""b8deac0a615b97076622ae540f4cfd0d3c3f1e7acb83ba3ff6560470a9ccf60a""}","{""policy"":""no_salary_hike_no_attrition_no_department""}",all_eligible_exact_fold_oof_heuristic_search_cases,not_applicable_or_resolved_by_source_contract,wilson_95_interval_and_conditional_case_bootstrap_5000_draws,heuristic_counterfactual/heuristic_search_uncertainty.csv,fc5cd1375e0a7f713e1bf8fe8a462c6943fc9e0d8a09388432d04f968dfc8d26,heuristic_search_uncertainty,20,b8deac0a615b97076622ae540f4cfd0d3c3f1e7acb83ba3ff6560470a9ccf60a,3e4827545f1777be68afaaa7b5794895b53fb1ab91fab6d770388929c6735c35,e74864761270ee86516c1a227802d1862fbcb03c09a409d5179882eab10e8a86,2c45a75dcc122d9f90e41ec64b0893fc9821adb24e20f186a14c0266009bb4d9,de7072db6fdbf304a1daad73979679ae27050bba2391b00a63c1759536038c78,no_salary_hike_no_attrition_no_department,inx_primary,ordinal_multiclass_performance,supplementary_heuristic_search_only,employee_manager_control_tagged,primary,,,,,,,,,,,,,,,mean_n_changed_features_successful,340.0,1.5205882352941176,1.438235294117647,1.6058823529411763,percentile_bootstrap_95_ci,5000.0,,,
canonical_v2_20260714T221501Z_483f96f,51415c2ce68c89d9ce2b042b0a7a811fe3e98180b72460006f9d0465f6bf49b7,caffb945d15f990e3a789e9707f7a8a9115be31fecbbd705822994a10cfaf151,f1e358e99914563305428cece1b1595bc76a58643184407ec5b222162d650332,98ae57b622a56983192975c5bff94374ed51322f13c76af633c3c96ceb198cdd,heuristic_counterfactual_search_success,"{""dataset_key"":""inx_primary"",""dataset_sha256"":""b8deac0a615b97076622ae540f4cfd0d3c3f1e7acb83ba3ff6560470a9ccf60a""}","{""policy"":""no_salary_hike_no_attrition_no_department""}",all_eligible_exact_fold_oof_heuristic_search_cases,not_applicable_or_resolved_by_source_contract,wilson_95_interval_and_conditional_case_bootstrap_5000_draws,heuristic_counterfactual/heuristic_search_uncertainty.csv,fc5cd1375e0a7f713e1bf8fe8a462c6943fc9e0d8a09388432d04f968dfc8d26,heuristic_search_uncertainty,21,b8deac0a615b97076622ae540f4cfd0d3c3f1e7acb83ba3ff6560470a9ccf60a,3e4827545f1777be68afaaa7b5794895b53fb1ab91fab6d770388929c6735c35,e74864761270ee86516c1a227802d1862fbcb03c09a409d5179882eab10e8a86,2c45a75dcc122d9f90e41ec64b0893fc9821adb24e20f186a14c0266009bb4d9,de7072db6fdbf304a1daad73979679ae27050bba2391b00a63c1759536038c78,no_salary_hike_no_attrition_no_department,inx_primary,ordinal_multiclass_performance,supplementary_heuristic_search_only,employee_manager_control_tagged,expanded,,,,,,,,,,,,,,,heuristic_search_success_rate,1195.0,0.2903765690376569,0.265343699717996,0.3167528349707225,wilson_95_ci,0.0,,,
canonical_v2_20260714T221501Z_483f96f,51415c2ce68c89d9ce2b042b0a7a811fe3e98180b72460006f9d0465f6bf49b7,caffb945d15f990e3a789e9707f7a8a9115be31fecbbd705822994a10cfaf151,f1e358e99914563305428cece1b1595bc76a58643184407ec5b222162d650332,98ae57b622a56983192975c5bff94374ed51322f13c76af633c3c96ceb198cdd,heuristic_counterfactual_search_success,"{""dataset_key"":""inx_primary"",""dataset_sha256"":""b8deac0a615b97076622ae540f4cfd0d3c3f1e7acb83ba3ff6560470a9ccf60a""}","{""policy"":""no_salary_hike_no_attrition_no_department""}",all_eligible_exact_fold_oof_heuristic_search_cases,not_applicable_or_resolved_by_source_contract,wilson_95_interval_and_conditional_case_bootstrap_5000_draws,heuristic_counterfactual/heuristic_search_uncertainty.csv,fc5cd1375e0a7f713e1bf8fe8a462c6943fc9e0d8a09388432d04f968dfc8d26,heuristic_search_uncertainty,22,b8deac0a615b97076622ae540f4cfd0d3c3f1e7acb83ba3ff6560470a9ccf60a,3e4827545f1777be68afaaa7b5794895b53fb1ab91fab6d770388929c6735c35,e74864761270ee86516c1a227802d1862fbcb03c09a409d5179882eab10e8a86,2c45a75dcc122d9f90e41ec64b0893fc9821adb24e20f186a14c0266009bb4d9,de7072db6fdbf304a1daad73979679ae27050bba2391b00a63c1759536038c78,no_salary_hike_no_attrition_no_department,inx_primary,ordinal_multiclass_performance,supplementary_heuristic_search_only,employee_manager_control_tagged,expanded,,,,,,,,,,,,,,,mean_probability_gain_successful,347.0,0.5759675393726355,0.5498541042279397,0.6005406859297546,percentile_bootstrap_95_ci,5000.0,,,
canonical_v2_20260714T221501Z_483f96f,51415c2ce68c89d9ce2b042b0a7a811fe3e98180b72460006f9d0465f6bf49b7,caffb945d15f990e3a789e9707f7a8a9115be31fecbbd705822994a10cfaf151,f1e358e99914563305428cece1b1595bc76a58643184407ec5b222162d650332,98ae57b622a56983192975c5bff94374ed51322f13c76af633c3c96ceb198cdd,heuristic_counterfactual_search_success,"{""dataset_key"":""inx_primary"",""dataset_sha256"":""b8deac0a615b97076622ae540f4cfd0d3c3f1e7acb83ba3ff6560470a9ccf60a""}","{""policy"":""no_salary_hike_no_attrition_no_department""}",all_eligible_exact_fold_oof_heuristic_search_cases,not_applicable_or_resolved_by_source_contract,wilson_95_interval_and_conditional_case_bootstrap_5000_draws,heuristic_counterfactual/heuristic_search_uncertainty.csv,fc5cd1375e0a7f713e1bf8fe8a462c6943fc9e0d8a09388432d04f968dfc8d26,heuristic_search_uncertainty,23,b8deac0a615b97076622ae540f4cfd0d3c3f1e7acb83ba3ff6560470a9ccf60a,3e4827545f1777be68afaaa7b5794895b53fb1ab91fab6d770388929c6735c35,e74864761270ee86516c1a227802d1862fbcb03c09a409d5179882eab10e8a86,2c45a75dcc122d9f90e41ec64b0893fc9821adb24e20f186a14c0266009bb4d9,de7072db6fdbf304a1daad73979679ae27050bba2391b00a63c1759536038c78,no_salary_hike_no_attrition_no_department,inx_primary,ordinal_multiclass_performance,supplementary_heuristic_search_only,employee_manager_control_tagged,expanded,,,,,,,,,,,,,,,mean_normalized_search_cost_successful,347.0,1.539193083573487,1.426657060518732,1.6564913544668587,percentile_bootstrap_95_ci,5000.0,,,
canonical_v2_20260714T221501Z_483f96f,51415c2ce68c89d9ce2b042b0a7a811fe3e98180b72460006f9d0465f6bf49b7,caffb945d15f990e3a789e9707f7a8a9115be31fecbbd705822994a10cfaf151,f1e358e99914563305428cece1b1595bc76a58643184407ec5b222162d650332,98ae57b622a56983192975c5bff94374ed51322f13c76af633c3c96ceb198cdd,heuristic_counterfactual_search_success,"{""dataset_key"":""inx_primary"",""dataset_sha256"":""b8deac0a615b97076622ae540f4cfd0d3c3f1e7acb83ba3ff6560470a9ccf60a""}","{""policy"":""no_salary_hike_no_attrition_no_department""}",all_eligible_exact_fold_oof_heuristic_search_cases,not_applicable_or_resolved_by_source_contract,wilson_95_interval_and_conditional_case_bootstrap_5000_draws,heuristic_counterfactual/heuristic_search_uncertainty.csv,fc5cd1375e0a7f713e1bf8fe8a462c6943fc9e0d8a09388432d04f968dfc8d26,heuristic_search_uncertainty,24,b8deac0a615b97076622ae540f4cfd0d3c3f1e7acb83ba3ff6560470a9ccf60a,3e4827545f1777be68afaaa7b5794895b53fb1ab91fab6d770388929c6735c35,e74864761270ee86516c1a227802d1862fbcb03c09a409d5179882eab10e8a86,2c45a75dcc122d9f90e41ec64b0893fc9821adb24e20f186a14c0266009bb4d9,de7072db6fdbf304a1daad73979679ae27050bba2391b00a63c1759536038c78,no_salary_hike_no_attrition_no_department,inx_primary,ordinal_multiclass_performance,supplementary_heuristic_search_only,employee_manager_control_tagged,expanded,,,,,,,,,,,,,,,mean_n_changed_features_successful,347.0,1.5389048991354466,1.4553314121037464,1.622478386167147,percentile_bootstrap_95_ci,5000.0,,,
canonical_v2_20260714T221501Z_483f96f,51415c2ce68c89d9ce2b042b0a7a811fe3e98180b72460006f9d0465f6bf49b7,caffb945d15f990e3a789e9707f7a8a9115be31fecbbd705822994a10cfaf151,f1e358e99914563305428cece1b1595bc76a58643184407ec5b222162d650332,98ae57b622a56983192975c5bff94374ed51322f13c76af633c3c96ceb198cdd,heuristic_counterfactual_search_success,"{""dataset_key"":""inx_primary"",""dataset_sha256"":""b8deac0a615b97076622ae540f4cfd0d3c3f1e7acb83ba3ff6560470a9ccf60a""}","{""policy"":""no_salary_hike_no_attrition_no_department""}",all_eligible_exact_fold_oof_heuristic_search_cases,not_applicable_or_resolved_by_source_contract,wilson_95_interval_and_conditional_case_bootstrap_5000_draws,heuristic_counterfactual/heuristic_search_uncertainty.csv,fc5cd1375e0a7f713e1bf8fe8a462c6943fc9e0d8a09388432d04f968dfc8d26,heuristic_search_uncertainty,25,b8deac0a615b97076622ae540f4cfd0d3c3f1e7acb83ba3ff6560470a9ccf60a,3e4827545f1777be68afaaa7b5794895b53fb1ab91fab6d770388929c6735c35,e74864761270ee86516c1a227802d1862fbcb03c09a409d5179882eab10e8a86,2c45a75dcc122d9f90e41ec64b0893fc9821adb24e20f186a14c0266009bb4d9,de7072db6fdbf304a1daad73979679ae27050bba2391b00a63c1759536038c78,no_salary_hike_no_attrition_no_department,inx_primary,ordinal_multiclass_performance,supplementary_heuristic_search_only,employee_manager_organisation_control_tagged,restricted,,,,,,,,,,,,,,,heuristic_search_success_rate,1195.0,0.2200836820083682,0.1975111912016323,0.2444500497300098,wilson_95_ci,0.0,,,
canonical_v2_20260714T221501Z_483f96f,51415c2ce68c89d9ce2b042b0a7a811fe3e98180b72460006f9d0465f6bf49b7,caffb945d15f990e3a789e9707f7a8a9115be31fecbbd705822994a10cfaf151,f1e358e99914563305428cece1b1595bc76a58643184407ec5b222162d650332,98ae57b622a56983192975c5bff94374ed51322f13c76af633c3c96ceb198cdd,heuristic_counterfactual_search_success,"{""dataset_key"":""inx_primary"",""dataset_sha256"":""b8deac0a615b97076622ae540f4cfd0d3c3f1e7acb83ba3ff6560470a9ccf60a""}","{""policy"":""no_salary_hike_no_attrition_no_department""}",all_eligible_exact_fold_oof_heuristic_search_cases,not_applicable_or_resolved_by_source_contract,wilson_95_interval_and_conditional_case_bootstrap_5000_draws,heuristic_counterfactual/heuristic_search_uncertainty.csv,fc5cd1375e0a7f713e1bf8fe8a462c6943fc9e0d8a09388432d04f968dfc8d26,heuristic_search_uncertainty,26,b8deac0a615b97076622ae540f4cfd0d3c3f1e7acb83ba3ff6560470a9ccf60a,3e4827545f1777be68afaaa7b5794895b53fb1ab91fab6d770388929c6735c35,e74864761270ee86516c1a227802d1862fbcb03c09a409d5179882eab10e8a86,2c45a75dcc122d9f90e41ec64b0893fc9821adb24e20f186a14c0266009bb4d9,de7072db6fdbf304a1daad73979679ae27050bba2391b00a63c1759536038c78,no_salary_hike_no_attrition_no_department,inx_primary,ordinal_multiclass_performance,supplementary_heuristic_search_only,employee_manager_organisation_control_tagged,restricted,,,,,,,,,,,,,,,mean_probability_gain_successful,263.0,0.5774860216491403,0.5447162750953082,0.6093837032909659,percentile_bootstrap_95_ci,5000.0,,,
canonical_v2_20260714T221501Z_483f96f,51415c2ce68c89d9ce2b042b0a7a811fe3e98180b72460006f9d0465f6bf49b7,caffb945d15f990e3a789e9707f7a8a9115be31fecbbd705822994a10cfaf151,f1e358e99914563305428cece1b1595bc76a58643184407ec5b222162d650332,98ae57b622a56983192975c5bff94374ed51322f13c76af633c3c96ceb198cdd,heuristic_counterfactual_search_success,"{""dataset_key"":""inx_primary"",""dataset_sha256"":""b8deac0a615b97076622ae540f4cfd0d3c3f1e7acb83ba3ff6560470a9ccf60a""}","{""policy"":""no_salary_hike_no_attrition_no_department""}",all_eligible_exact_fold_oof_heuristic_search_cases,not_applicable_or_resolved_by_source_contract,wilson_95_interval_and_conditional_case_bootstrap_5000_draws,heuristic_counterfactual/heuristic_search_uncertainty.csv,fc5cd1375e0a7f713e1bf8fe8a462c6943fc9e0d8a09388432d04f968dfc8d26,heuristic_search_uncertainty,27,b8deac0a615b97076622ae540f4cfd0d3c3f1e7acb83ba3ff6560470a9ccf60a,3e4827545f1777be68afaaa7b5794895b53fb1ab91fab6d770388929c6735c35,e74864761270ee86516c1a227802d1862fbcb03c09a409d5179882eab10e8a86,2c45a75dcc122d9f90e41ec64b0893fc9821adb24e20f186a14c0266009bb4d9,de7072db6fdbf304a1daad73979679ae27050bba2391b00a63c1759536038c78,no_salary_hike_no_attrition_no_department,inx_primary,ordinal_multiclass_performance,supplementary_heuristic_search_only,employee_manager_organisation_control_tagged,restricted,,,,,,,,,,,,,,,mean_normalized_search_cost_successful,263.0,0.6899654805697055,0.645621274208791,0.738642163509958,percentile_bootstrap_95_ci,5000.0,,,
canonical_v2_20260714T221501Z_483f96f,51415c2ce68c89d9ce2b042b0a7a811fe3e98180b72460006f9d0465f6bf49b7,caffb945d15f990e3a789e9707f7a8a9115be31fecbbd705822994a10cfaf151,f1e358e99914563305428cece1b1595bc76a58643184407ec5b222162d650332,98ae57b622a56983192975c5bff94374ed51322f13c76af633c3c96ceb198cdd,heuristic_counterfactual_search_success,"{""dataset_key"":""inx_primary"",""dataset_sha256"":""b8deac0a615b97076622ae540f4cfd0d3c3f1e7acb83ba3ff6560470a9ccf60a""}","{""policy"":""no_salary_hike_no_attrition_no_department""}",all_eligible_exact_fold_oof_heuristic_search_cases,not_applicable_or_resolved_by_source_contract,wilson_95_interval_and_conditional_case_bootstrap_5000_draws,heuristic_counterfactual/heuristic_search_uncertainty.csv,fc5cd1375e0a7f713e1bf8fe8a462c6943fc9e0d8a09388432d04f968dfc8d26,heuristic_search_uncertainty,28,b8deac0a615b97076622ae540f4cfd0d3c3f1e7acb83ba3ff6560470a9ccf60a,3e4827545f1777be68afaaa7b5794895b53fb1ab91fab6d770388929c6735c35,e74864761270ee86516c1a227802d1862fbcb03c09a409d5179882eab10e8a86,2c45a75dcc122d9f90e41ec64b0893fc9821adb24e20f186a14c0266009bb4d9,de7072db6fdbf304a1daad73979679ae27050bba2391b00a63c1759536038c78,no_salary_hike_no_attrition_no_department,inx_primary,ordinal_multiclass_performance,supplementary_heuristic_search_only,employee_manager_organisation_control_tagged,restricted,,,,,,,,,,,,,,,mean_n_changed_features_successful,263.0,1.273764258555133,1.220532319391635,1.326996197718631,percentile_bootstrap_95_ci,5000.0,,,
canonical_v2_20260714T221501Z_483f96f,51415c2ce68c89d9ce2b042b0a7a811fe3e98180b72460006f9d0465f6bf49b7,caffb945d15f990e3a789e9707f7a8a9115be31fecbbd705822994a10cfaf151,f1e358e99914563305428cece1b1595bc76a58643184407ec5b222162d650332,98ae57b622a56983192975c5bff94374ed51322f13c76af633c3c96ceb198cdd,heuristic_counterfactual_search_success,"{""dataset_key"":""inx_primary"",""dataset_sha256"":""b8deac0a615b97076622ae540f4cfd0d3c3f1e7acb83ba3ff6560470a9ccf60a""}","{""policy"":""no_salary_hike_no_attrition_no_department""}",all_eligible_exact_fold_oof_heuristic_search_cases,not_applicable_or_resolved_by_source_contract,wilson_95_interval_and_conditional_case_bootstrap_5000_draws,heuristic_counterfactual/heuristic_search_uncertainty.csv,fc5cd1375e0a7f713e1bf8fe8a462c6943fc9e0d8a09388432d04f968dfc8d26,heuristic_search_uncertainty,29,b8deac0a615b97076622ae540f4cfd0d3c3f1e7acb83ba3ff6560470a9ccf60a,3e4827545f1777be68afaaa7b5794895b53fb1ab91fab6d770388929c6735c35,e74864761270ee86516c1a227802d1862fbcb03c09a409d5179882eab10e8a86,2c45a75dcc122d9f90e41ec64b0893fc9821adb24e20f186a14c0266009bb4d9,de7072db6fdbf304a1daad73979679ae27050bba2391b00a63c1759536038c78,no_salary_hike_no_attrition_no_department,inx_primary,ordinal_multiclass_performance,supplementary_heuristic_search_only,employee_manager_organisation_control_tagged,primary,,,,,,,,,,,,,,,heuristic_search_success_rate,1195.0,0.300418410041841,0.2750993167611292,0.3270165456071716,wilson_95_ci,0.0,,,
canonical_v2_20260714T221501Z_483f96f,51415c2ce68c89d9ce2b042b0a7a811fe3e98180b72460006f9d0465f6bf49b7,caffb945d15f990e3a789e9707f7a8a9115be31fecbbd705822994a10cfaf151,f1e358e99914563305428cece1b1595bc76a58643184407ec5b222162d650332,98ae57b622a56983192975c5bff94374ed51322f13c76af633c3c96ceb198cdd,heuristic_counterfactual_search_success,"{""dataset_key"":""inx_primary"",""dataset_sha256"":""b8deac0a615b97076622ae540f4cfd0d3c3f1e7acb83ba3ff6560470a9ccf60a""}","{""policy"":""no_salary_hike_no_attrition_no_department""}",all_eligible_exact_fold_oof_heuristic_search_cases,not_applicable_or_resolved_by_source_contract,wilson_95_interval_and_conditional_case_bootstrap_5000_draws,heuristic_counterfactual/heuristic_search_uncertainty.csv,fc5cd1375e0a7f713e1bf8fe8a462c6943fc9e0d8a09388432d04f968dfc8d26,heuristic_search_uncertainty,30,b8deac0a615b97076622ae540f4cfd0d3c3f1e7acb83ba3ff6560470a9ccf60a,3e4827545f1777be68afaaa7b5794895b53fb1ab91fab6d770388929c6735c35,e74864761270ee86516c1a227802d1862fbcb03c09a409d5179882eab10e8a86,2c45a75dcc122d9f90e41ec64b0893fc9821adb24e20f186a14c0266009bb4d9,de7072db6fdbf304a1daad73979679ae27050bba2391b00a63c1759536038c78,no_salary_hike_no_attrition_no_department,inx_primary,ordinal_multiclass_performance,supplementary_heuristic_search_only,employee_manager_organisation_control_tagged,primary,,,,,,,,,,,,,,,mean_probability_gain_successful,359.0,0.5485512056416266,0.5222058901121407,0.5750319682242073,percentile_bootstrap_95_ci,5000.0,,,
canonical_v2_20260714T221501Z_483f96f,51415c2ce68c89d9ce2b042b0a7a811fe3e98180b72460006f9d0465f6bf49b7,caffb945d15f990e3a789e9707f7a8a9115be31fecbbd705822994a10cfaf151,f1e358e99914563305428cece1b1595bc76a58643184407ec5b222162d650332,98ae57b622a56983192975c5bff94374ed51322f13c76af633c3c96ceb198cdd,heuristic_counterfactual_search_success,"{""dataset_key"":""inx_primary"",""dataset_sha256"":""b8deac0a615b97076622ae540f4cfd0d3c3f1e7acb83ba3ff6560470a9ccf60a""}","{""policy"":""no_salary_hike_no_attrition_no_department""}",all_eligible_exact_fold_oof_heuristic_search_cases,not_applicable_or_resolved_by_source_contract,wilson_95_interval_and_conditional_case_bootstrap_5000_draws,heuristic_counterfactual/heuristic_search_uncertainty.csv,fc5cd1375e0a7f713e1bf8fe8a462c6943fc9e0d8a09388432d04f968dfc8d26,heuristic_search_uncertainty,31,b8deac0a615b97076622ae540f4cfd0d3c3f1e7acb83ba3ff6560470a9ccf60a,3e4827545f1777be68afaaa7b5794895b53fb1ab91fab6d770388929c6735c35,e74864761270ee86516c1a227802d1862fbcb03c09a409d5179882eab10e8a86,2c45a75dcc122d9f90e41ec64b0893fc9821adb24e20f186a14c0266009bb4d9,de7072db6fdbf304a1daad73979679ae27050bba2391b00a63c1759536038c78,no_salary_hike_no_attrition_no_department,inx_primary,ordinal_multiclass_performance,supplementary_heuristic_search_only,employee_manager_organisation_control_tagged,primary,,,,,,,,,,,,,,,mean_normalized_search_cost_successful,359.0,1.0355170662271111,0.9561305737352528,1.1147671142875846,percentile_bootstrap_95_ci,5000.0,,,
canonical_v2_20260714T221501Z_483f96f,51415c2ce68c89d9ce2b042b0a7a811fe3e98180b72460006f9d0465f6bf49b7,caffb945d15f990e3a789e9707f7a8a9115be31fecbbd705822994a10cfaf151,f1e358e99914563305428cece1b1595bc76a58643184407ec5b222162d650332,98ae57b622a56983192975c5bff94374ed51322f13c76af633c3c96ceb198cdd,heuristic_counterfactual_search_success,"{""dataset_key"":""inx_primary"",""dataset_sha256"":""b8deac0a615b97076622ae540f4cfd0d3c3f1e7acb83ba3ff6560470a9ccf60a""}","{""policy"":""no_salary_hike_no_attrition_no_department""}",all_eligible_exact_fold_oof_heuristic_search_cases,not_applicable_or_resolved_by_source_contract,wilson_95_interval_and_conditional_case_bootstrap_5000_draws,heuristic_counterfactual/heuristic_search_uncertainty.csv,fc5cd1375e0a7f713e1bf8fe8a462c6943fc9e0d8a09388432d04f968dfc8d26,heuristic_search_uncertainty,32,b8deac0a615b97076622ae540f4cfd0d3c3f1e7acb83ba3ff6560470a9ccf60a,3e4827545f1777be68afaaa7b5794895b53fb1ab91fab6d770388929c6735c35,e74864761270ee86516c1a227802d1862fbcb03c09a409d5179882eab10e8a86,2c45a75dcc122d9f90e41ec64b0893fc9821adb24e20f186a14c0266009bb4d9,de7072db6fdbf304a1daad73979679ae27050bba2391b00a63c1759536038c78,no_salary_hike_no_attrition_no_department,inx_primary,ordinal_multiclass_performance,supplementary_heuristic_search_only,employee_manager_organisation_control_tagged,primary,,,,,,,,,,,,,,,mean_n_changed_features_successful,359.0,1.66016713091922,1.5766016713091922,1.7465181058495822,percentile_bootstrap_95_ci,5000.0,,,
canonical_v2_20260714T221501Z_483f96f,51415c2ce68c89d9ce2b042b0a7a811fe3e98180b72460006f9d0465f6bf49b7,caffb945d15f990e3a789e9707f7a8a9115be31fecbbd705822994a10cfaf151,f1e358e99914563305428cece1b1595bc76a58643184407ec5b222162d650332,98ae57b622a56983192975c5bff94374ed51322f13c76af633c3c96ceb198cdd,heuristic_counterfactual_search_success,"{""dataset_key"":""inx_primary"",""dataset_sha256"":""b8deac0a615b97076622ae540f4cfd0d3c3f1e7acb83ba3ff6560470a9ccf60a""}","{""policy"":""no_salary_hike_no_attrition_no_department""}",all_eligible_exact_fold_oof_heuristic_search_cases,not_applicable_or_resolved_by_source_contract,wilson_95_interval_and_conditional_case_bootstrap_5000_draws,heuristic_counterfactual/heuristic_search_uncertainty.csv,fc5cd1375e0a7f713e1bf8fe8a462c6943fc9e0d8a09388432d04f968dfc8d26,heuristic_search_uncertainty,33,b8deac0a615b97076622ae540f4cfd0d3c3f1e7acb83ba3ff6560470a9ccf60a,3e4827545f1777be68afaaa7b5794895b53fb1ab91fab6d770388929c6735c35,e74864761270ee86516c1a227802d1862fbcb03c09a409d5179882eab10e8a86,2c45a75dcc122d9f90e41ec64b0893fc9821adb24e20f186a14c0266009bb4d9,de7072db6fdbf304a1daad73979679ae27050bba2391b00a63c1759536038c78,no_salary_hike_no_attrition_no_department,inx_primary,ordinal_multiclass_performance,supplementary_heuristic_search_only,employee_manager_organisation_control_tagged,expanded,,,,,,,,,,,,,,,heuristic_search_success_rate,1195.0,0.309623430962343,0.2840549363855364,0.3364119763557148,wilson_95_ci,0.0,,,
canonical_v2_20260714T221501Z_483f96f,51415c2ce68c89d9ce2b042b0a7a811fe3e98180b72460006f9d0465f6bf49b7,caffb945d15f990e3a789e9707f7a8a9115be31fecbbd705822994a10cfaf151,f1e358e99914563305428cece1b1595bc76a58643184407ec5b222162d650332,98ae57b622a56983192975c5bff94374ed51322f13c76af633c3c96ceb198cdd,heuristic_counterfactual_search_success,"{""dataset_key"":""inx_primary"",""dataset_sha256"":""b8deac0a615b97076622ae540f4cfd0d3c3f1e7acb83ba3ff6560470a9ccf60a""}","{""policy"":""no_salary_hike_no_attrition_no_department""}",all_eligible_exact_fold_oof_heuristic_search_cases,not_applicable_or_resolved_by_source_contract,wilson_95_interval_and_conditional_case_bootstrap_5000_draws,heuristic_counterfactual/heuristic_search_uncertainty.csv,fc5cd1375e0a7f713e1bf8fe8a462c6943fc9e0d8a09388432d04f968dfc8d26,heuristic_search_uncertainty,34,b8deac0a615b97076622ae540f4cfd0d3c3f1e7acb83ba3ff6560470a9ccf60a,3e4827545f1777be68afaaa7b5794895b53fb1ab91fab6d770388929c6735c35,e74864761270ee86516c1a227802d1862fbcb03c09a409d5179882eab10e8a86,2c45a75dcc122d9f90e41ec64b0893fc9821adb24e20f186a14c0266009bb4d9,de7072db6fdbf304a1daad73979679ae27050bba2391b00a63c1759536038c78,no_salary_hike_no_attrition_no_department,inx_primary,ordinal_multiclass_performance,supplementary_heuristic_search_only,employee_manager_organisation_control_tagged,expanded,,,,,,,,,,,,,,,mean_probability_gain_successful,370.0,0.5467673025731739,0.5210648836479148,0.571008107207715,percentile_bootstrap_95_ci,5000.0,,,
canonical_v2_20260714T221501Z_483f96f,51415c2ce68c89d9ce2b042b0a7a811fe3e98180b72460006f9d0465f6bf49b7,caffb945d15f990e3a789e9707f7a8a9115be31fecbbd705822994a10cfaf151,f1e358e99914563305428cece1b1595bc76a58643184407ec5b222162d650332,98ae57b622a56983192975c5bff94374ed51322f13c76af633c3c96ceb198cdd,heuristic_counterfactual_search_success,"{""dataset_key"":""inx_primary"",""dataset_sha256"":""b8deac0a615b97076622ae540f4cfd0d3c3f1e7acb83ba3ff6560470a9ccf60a""}","{""policy"":""no_salary_hike_no_attrition_no_department""}",all_eligible_exact_fold_oof_heuristic_search_cases,not_applicable_or_resolved_by_source_contract,wilson_95_interval_and_conditional_case_bootstrap_5000_draws,heuristic_counterfactual/heuristic_search_uncertainty.csv,fc5cd1375e0a7f713e1bf8fe8a462c6943fc9e0d8a09388432d04f968dfc8d26,heuristic_search_uncertainty,35,b8deac0a615b97076622ae540f4cfd0d3c3f1e7acb83ba3ff6560470a9ccf60a,3e4827545f1777be68afaaa7b5794895b53fb1ab91fab6d770388929c6735c35,e74864761270ee86516c1a227802d1862fbcb03c09a409d5179882eab10e8a86,2c45a75dcc122d9f90e41ec64b0893fc9821adb24e20f186a14c0266009bb4d9,de7072db6fdbf304a1daad73979679ae27050bba2391b00a63c1759536038c78,no_salary_hike_no_attrition_no_department,inx_primary,ordinal_multiclass_performance,supplementary_heuristic_search_only,employee_manager_organisation_control_tagged,expanded,,,,,,,,,,,,,,,mean_normalized_search_cost_successful,370.0,1.0286659482654477,0.9502737073744584,1.1072328235396132,percentile_bootstrap_95_ci,5000.0,,,
canonical_v2_20260714T221501Z_483f96f,51415c2ce68c89d9ce2b042b0a7a811fe3e98180b72460006f9d0465f6bf49b7,caffb945d15f990e3a789e9707f7a8a9115be31fecbbd705822994a10cfaf151,f1e358e99914563305428cece1b1595bc76a58643184407ec5b222162d650332,98ae57b622a56983192975c5bff94374ed51322f13c76af633c3c96ceb198cdd,heuristic_counterfactual_search_success,"{""dataset_key"":""inx_primary"",""dataset_sha256"":""b8deac0a615b97076622ae540f4cfd0d3c3f1e7acb83ba3ff6560470a9ccf60a""}","{""policy"":""no_salary_hike_no_attrition_no_department""}",all_eligible_exact_fold_oof_heuristic_search_cases,not_applicable_or_resolved_by_source_contract,wilson_95_interval_and_conditional_case_bootstrap_5000_draws,heuristic_counterfactual/heuristic_search_uncertainty.csv,fc5cd1375e0a7f713e1bf8fe8a462c6943fc9e0d8a09388432d04f968dfc8d26,heuristic_search_uncertainty,36,b8deac0a615b97076622ae540f4cfd0d3c3f1e7acb83ba3ff6560470a9ccf60a,3e4827545f1777be68afaaa7b5794895b53fb1ab91fab6d770388929c6735c35,e74864761270ee86516c1a227802d1862fbcb03c09a409d5179882eab10e8a86,2c45a75dcc122d9f90e41ec64b0893fc9821adb24e20f186a14c0266009bb4d9,de7072db6fdbf304a1daad73979679ae27050bba2391b00a63c1759536038c78,no_salary_hike_no_attrition_no_department,inx_primary,ordinal_multiclass_performance,supplementary_heuristic_search_only,employee_manager_organisation_control_tagged,expanded,,,,,,,,,,,,,,,mean_n_changed_features_successful,370.0,1.6189189189189188,1.537837837837838,1.7027027027027026,percentile_bootstrap_95_ci,5000.0,,,
canonical_v2_20260714T221501Z_483f96f,51415c2ce68c89d9ce2b042b0a7a811fe3e98180b72460006f9d0465f6bf49b7,caffb945d15f990e3a789e9707f7a8a9115be31fecbbd705822994a10cfaf151,f1e358e99914563305428cece1b1595bc76a58643184407ec5b222162d650332,98ae57b622a56983192975c5bff94374ed51322f13c76af633c3c96ceb198cdd,heuristic_counterfactual_search_success,"{""dataset_key"":""inx_primary"",""dataset_sha256"":""b8deac0a615b97076622ae540f4cfd0d3c3f1e7acb83ba3ff6560470a9ccf60a""}","{""policy"":""no_salary_hike_no_attrition_no_department""}",all_eligible_exact_fold_oof_heuristic_search_cases,not_applicable_or_resolved_by_source_contract,wilson_95_interval_and_conditional_case_bootstrap_5000_draws,heuristic_counterfactual/heuristic_search_uncertainty.csv,fc5cd1375e0a7f713e1bf8fe8a462c6943fc9e0d8a09388432d04f968dfc8d26,heuristic_search_uncertainty,37,b8deac0a615b97076622ae540f4cfd0d3c3f1e7acb83ba3ff6560470a9ccf60a,3e4827545f1777be68afaaa7b5794895b53fb1ab91fab6d770388929c6735c35,e74864761270ee86516c1a227802d1862fbcb03c09a409d5179882eab10e8a86,2c45a75dcc122d9f90e41ec64b0893fc9821adb24e20f186a14c0266009bb4d9,de7072db6fdbf304a1daad73979679ae27050bba2391b00a63c1759536038c78,no_salary_hike_no_attrition_no_department,inx_primary,ordinal_multiclass_performance,supplementary_heuristic_search_only,diagnostic_including_immutable_history,restricted,,,,,,,,,,,,,,,heuristic_search_success_rate,1195.0,0.1715481171548117,0.1512346696924243,0.1939664874545697,wilson_95_ci,0.0,,,
canonical_v2_20260714T221501Z_483f96f,51415c2ce68c89d9ce2b042b0a7a811fe3e98180b72460006f9d0465f6bf49b7,caffb945d15f990e3a789e9707f7a8a9115be31fecbbd705822994a10cfaf151,f1e358e99914563305428cece1b1595bc76a58643184407ec5b222162d650332,98ae57b622a56983192975c5bff94374ed51322f13c76af633c3c96ceb198cdd,heuristic_counterfactual_search_success,"{""dataset_key"":""inx_primary"",""dataset_sha256"":""b8deac0a615b97076622ae540f4cfd0d3c3f1e7acb83ba3ff6560470a9ccf60a""}","{""policy"":""no_salary_hike_no_attrition_no_department""}",all_eligible_exact_fold_oof_heuristic_search_cases,not_applicable_or_resolved_by_source_contract,wilson_95_interval_and_conditional_case_bootstrap_5000_draws,heuristic_counterfactual/heuristic_search_uncertainty.csv,fc5cd1375e0a7f713e1bf8fe8a462c6943fc9e0d8a09388432d04f968dfc8d26,heuristic_search_uncertainty,38,b8deac0a615b97076622ae540f4cfd0d3c3f1e7acb83ba3ff6560470a9ccf60a,3e4827545f1777be68afaaa7b5794895b53fb1ab91fab6d770388929c6735c35,e74864761270ee86516c1a227802d1862fbcb03c09a409d5179882eab10e8a86,2c45a75dcc122d9f90e41ec64b0893fc9821adb24e20f186a14c0266009bb4d9,de7072db6fdbf304a1daad73979679ae27050bba2391b00a63c1759536038c78,no_salary_hike_no_attrition_no_department,inx_primary,ordinal_multiclass_performance,supplementary_heuristic_search_only,diagnostic_including_immutable_history,restricted,,,,,,,,,,,,,,,mean_probability_gain_successful,205.0,0.576055061267432,0.5390501968569765,0.6110076196783921,percentile_bootstrap_95_ci,5000.0,,,
canonical_v2_20260714T221501Z_483f96f,51415c2ce68c89d9ce2b042b0a7a811fe3e98180b72460006f9d0465f6bf49b7,caffb945d15f990e3a789e9707f7a8a9115be31fecbbd705822994a10cfaf151,f1e358e99914563305428cece1b1595bc76a58643184407ec5b222162d650332,98ae57b622a56983192975c5bff94374ed51322f13c76af633c3c96ceb198cdd,heuristic_counterfactual_search_success,"{""dataset_key"":""inx_primary"",""dataset_sha256"":""b8deac0a615b97076622ae540f4cfd0d3c3f1e7acb83ba3ff6560470a9ccf60a""}","{""policy"":""no_salary_hike_no_attrition_no_department""}",all_eligible_exact_fold_oof_heuristic_search_cases,not_applicable_or_resolved_by_source_contract,wilson_95_interval_and_conditional_case_bootstrap_5000_draws,heuristic_counterfactual/heuristic_search_uncertainty.csv,fc5cd1375e0a7f713e1bf8fe8a462c6943fc9e0d8a09388432d04f968dfc8d26,heuristic_search_uncertainty,39,b8deac0a615b97076622ae540f4cfd0d3c3f1e7acb83ba3ff6560470a9ccf60a,3e4827545f1777be68afaaa7b5794895b53fb1ab91fab6d770388929c6735c35,e74864761270ee86516c1a227802d1862fbcb03c09a409d5179882eab10e8a86,2c45a75dcc122d9f90e41ec64b0893fc9821adb24e20f186a14c0266009bb4d9,de7072db6fdbf304a1daad73979679ae27050bba2391b00a63c1759536038c78,no_salary_hike_no_attrition_no_department,inx_primary,ordinal_multiclass_performance,supplementary_heuristic_search_only,diagnostic_including_immutable_history,restricted,,,,,,,,,,,,,,,mean_normalized_search_cost_successful,205.0,0.6388317068457487,0.5995055514061389,0.6803467356315551,percentile_bootstrap_95_ci,5000.0,,,
canonical_v2_20260714T221501Z_483f96f,51415c2ce68c89d9ce2b042b0a7a811fe3e98180b72460006f9d0465f6bf49b7,caffb945d15f990e3a789e9707f7a8a9115be31fecbbd705822994a10cfaf151,f1e358e99914563305428cece1b1595bc76a58643184407ec5b222162d650332,98ae57b622a56983192975c5bff94374ed51322f13c76af633c3c96ceb198cdd,heuristic_counterfactual_search_success,"{""dataset_key"":""inx_primary"",""dataset_sha256"":""b8deac0a615b97076622ae540f4cfd0d3c3f1e7acb83ba3ff6560470a9ccf60a""}","{""policy"":""no_salary_hike_no_attrition_no_department""}",all_eligible_exact_fold_oof_heuristic_search_cases,not_applicable_or_resolved_by_source_contract,wilson_95_interval_and_conditional_case_bootstrap_5000_draws,heuristic_counterfactual/heuristic_search_uncertainty.csv,fc5cd1375e0a7f713e1bf8fe8a462c6943fc9e0d8a09388432d04f968dfc8d26,heuristic_search_uncertainty,40,b8deac0a615b97076622ae540f4cfd0d3c3f1e7acb83ba3ff6560470a9ccf60a,3e4827545f1777be68afaaa7b5794895b53fb1ab91fab6d770388929c6735c35,e74864761270ee86516c1a227802d1862fbcb03c09a409d5179882eab10e8a86,2c45a75dcc122d9f90e41ec64b0893fc9821adb24e20f186a14c0266009bb4d9,de7072db6fdbf304a1daad73979679ae27050bba2391b00a63c1759536038c78,no_salary_hike_no_attrition_no_department,inx_primary,ordinal_multiclass_performance,supplementary_heuristic_search_only,diagnostic_including_immutable_history,restricted,,,,,,,,,,,,,,,mean_n_changed_features_successful,205.0,1.4390243902439024,1.3756097560975609,1.5073170731707315,percentile_bootstrap_95_ci,5000.0,,,
canonical_v2_20260714T221501Z_483f96f,51415c2ce68c89d9ce2b042b0a7a811fe3e98180b72460006f9d0465f6bf49b7,caffb945d15f990e3a789e9707f7a8a9115be31fecbbd705822994a10cfaf151,f1e358e99914563305428cece1b1595bc76a58643184407ec5b222162d650332,98ae57b622a56983192975c5bff94374ed51322f13c76af633c3c96ceb198cdd,heuristic_counterfactual_search_success,"{""dataset_key"":""inx_primary"",""dataset_sha256"":""b8deac0a615b97076622ae540f4cfd0d3c3f1e7acb83ba3ff6560470a9ccf60a""}","{""policy"":""no_salary_hike_no_attrition_no_department""}",all_eligible_exact_fold_oof_heuristic_search_cases,not_applicable_or_resolved_by_source_contract,wilson_95_interval_and_conditional_case_bootstrap_5000_draws,heuristic_counterfactual/heuristic_search_uncertainty.csv,fc5cd1375e0a7f713e1bf8fe8a462c6943fc9e0d8a09388432d04f968dfc8d26,heuristic_search_uncertainty,41,b8deac0a615b97076622ae540f4cfd0d3c3f1e7acb83ba3ff6560470a9ccf60a,3e4827545f1777be68afaaa7b5794895b53fb1ab91fab6d770388929c6735c35,e74864761270ee86516c1a227802d1862fbcb03c09a409d5179882eab10e8a86,2c45a75dcc122d9f90e41ec64b0893fc9821adb24e20f186a14c0266009bb4d9,de7072db6fdbf304a1daad73979679ae27050bba2391b00a63c1759536038c78,no_salary_hike_no_attrition_no_department,inx_primary,ordinal_multiclass_performance,supplementary_heuristic_search_only,diagnostic_including_immutable_history,primary,,,,,,,,,,,,,,,heuristic_search_success_rate,1195.0,0.2527196652719665,0.2288996437976747,0.2781244120926101,wilson_95_ci,0.0,,,
canonical_v2_20260714T221501Z_483f96f,51415c2ce68c89d9ce2b042b0a7a811fe3e98180b72460006f9d0465f6bf49b7,caffb945d15f990e3a789e9707f7a8a9115be31fecbbd705822994a10cfaf151,f1e358e99914563305428cece1b1595bc76a58643184407ec5b222162d650332,98ae57b622a56983192975c5bff94374ed51322f13c76af633c3c96ceb198cdd,heuristic_counterfactual_search_success,"{""dataset_key"":""inx_primary"",""dataset_sha256"":""b8deac0a615b97076622ae540f4cfd0d3c3f1e7acb83ba3ff6560470a9ccf60a""}","{""policy"":""no_salary_hike_no_attrition_no_department""}",all_eligible_exact_fold_oof_heuristic_search_cases,not_applicable_or_resolved_by_source_contract,wilson_95_interval_and_conditional_case_bootstrap_5000_draws,heuristic_counterfactual/heuristic_search_uncertainty.csv,fc5cd1375e0a7f713e1bf8fe8a462c6943fc9e0d8a09388432d04f968dfc8d26,heuristic_search_uncertainty,42,b8deac0a615b97076622ae540f4cfd0d3c3f1e7acb83ba3ff6560470a9ccf60a,3e4827545f1777be68afaaa7b5794895b53fb1ab91fab6d770388929c6735c35,e74864761270ee86516c1a227802d1862fbcb03c09a409d5179882eab10e8a86,2c45a75dcc122d9f90e41ec64b0893fc9821adb24e20f186a14c0266009bb4d9,de7072db6fdbf304a1daad73979679ae27050bba2391b00a63c1759536038c78,no_salary_hike_no_attrition_no_department,inx_primary,ordinal_multiclass_performance,supplementary_heuristic_search_only,diagnostic_including_immutable_history,primary,,,,,,,,,,,,,,,mean_probability_gain_successful,302.0,0.5401687746981986,0.5104477345198095,0.5705316572453039,percentile_bootstrap_95_ci,5000.0,,,
canonical_v2_20260714T221501Z_483f96f,51415c2ce68c89d9ce2b042b0a7a811fe3e98180b72460006f9d0465f6bf49b7,caffb945d15f990e3a789e9707f7a8a9115be31fecbbd705822994a10cfaf151,f1e358e99914563305428cece1b1595bc76a58643184407ec5b222162d650332,98ae57b622a56983192975c5bff94374ed51322f13c76af633c3c96ceb198cdd,heuristic_counterfactual_search_success,"{""dataset_key"":""inx_primary"",""dataset_sha256"":""b8deac0a615b97076622ae540f4cfd0d3c3f1e7acb83ba3ff6560470a9ccf60a""}","{""policy"":""no_salary_hike_no_attrition_no_department""}",all_eligible_exact_fold_oof_heuristic_search_cases,not_applicable_or_resolved_by_source_contract,wilson_95_interval_and_conditional_case_bootstrap_5000_draws,heuristic_counterfactual/heuristic_search_uncertainty.csv,fc5cd1375e0a7f713e1bf8fe8a462c6943fc9e0d8a09388432d04f968dfc8d26,heuristic_search_uncertainty,43,b8deac0a615b97076622ae540f4cfd0d3c3f1e7acb83ba3ff6560470a9ccf60a,3e4827545f1777be68afaaa7b5794895b53fb1ab91fab6d770388929c6735c35,e74864761270ee86516c1a227802d1862fbcb03c09a409d5179882eab10e8a86,2c45a75dcc122d9f90e41ec64b0893fc9821adb24e20f186a14c0266009bb4d9,de7072db6fdbf304a1daad73979679ae27050bba2391b00a63c1759536038c78,no_salary_hike_no_attrition_no_department,inx_primary,ordinal_multiclass_performance,supplementary_heuristic_search_only,diagnostic_including_immutable_history,primary,,,,,,,,,,,,,,,mean_normalized_search_cost_successful,302.0,0.8509346082060734,0.7898932774332187,0.9139654922750224,percentile_bootstrap_95_ci,5000.0,,,
canonical_v2_20260714T221501Z_483f96f,51415c2ce68c89d9ce2b042b0a7a811fe3e98180b72460006f9d0465f6bf49b7,caffb945d15f990e3a789e9707f7a8a9115be31fecbbd705822994a10cfaf151,f1e358e99914563305428cece1b1595bc76a58643184407ec5b222162d650332,98ae57b622a56983192975c5bff94374ed51322f13c76af633c3c96ceb198cdd,heuristic_counterfactual_search_success,"{""dataset_key"":""inx_primary"",""dataset_sha256"":""b8deac0a615b97076622ae540f4cfd0d3c3f1e7acb83ba3ff6560470a9ccf60a""}","{""policy"":""no_salary_hike_no_attrition_no_department""}",all_eligible_exact_fold_oof_heuristic_search_cases,not_applicable_or_resolved_by_source_contract,wilson_95_interval_and_conditional_case_bootstrap_5000_draws,heuristic_counterfactual/heuristic_search_uncertainty.csv,fc5cd1375e0a7f713e1bf8fe8a462c6943fc9e0d8a09388432d04f968dfc8d26,heuristic_search_uncertainty,44,b8deac0a615b97076622ae540f4cfd0d3c3f1e7acb83ba3ff6560470a9ccf60a,3e4827545f1777be68afaaa7b5794895b53fb1ab91fab6d770388929c6735c35,e74864761270ee86516c1a227802d1862fbcb03c09a409d5179882eab10e8a86,2c45a75dcc122d9f90e41ec64b0893fc9821adb24e20f186a14c0266009bb4d9,de7072db6fdbf304a1daad73979679ae27050bba2391b00a63c1759536038c78,no_salary_hike_no_attrition_no_department,inx_primary,ordinal_multiclass_performance,supplementary_heuristic_search_only,diagnostic_including_immutable_history,primary,,,,,,,,,,,,,,,mean_n_changed_features_successful,302.0,1.7450331125827814,1.652317880794702,1.8377483443708609,percentile_bootstrap_95_ci,5000.0,,,
canonical_v2_20260714T221501Z_483f96f,51415c2ce68c89d9ce2b042b0a7a811fe3e98180b72460006f9d0465f6bf49b7,caffb945d15f990e3a789e9707f7a8a9115be31fecbbd705822994a10cfaf151,f1e358e99914563305428cece1b1595bc76a58643184407ec5b222162d650332,98ae57b622a56983192975c5bff94374ed51322f13c76af633c3c96ceb198cdd,heuristic_counterfactual_search_success,"{""dataset_key"":""inx_primary"",""dataset_sha256"":""b8deac0a615b97076622ae540f4cfd0d3c3f1e7acb83ba3ff6560470a9ccf60a""}","{""policy"":""no_salary_hike_no_attrition_no_department""}",all_eligible_exact_fold_oof_heuristic_search_cases,not_applicable_or_resolved_by_source_contract,wilson_95_interval_and_conditional_case_bootstrap_5000_draws,heuristic_counterfactual/heuristic_search_uncertainty.csv,fc5cd1375e0a7f713e1bf8fe8a462c6943fc9e0d8a09388432d04f968dfc8d26,heuristic_search_uncertainty,45,b8deac0a615b97076622ae540f4cfd0d3c3f1e7acb83ba3ff6560470a9ccf60a,3e4827545f1777be68afaaa7b5794895b53fb1ab91fab6d770388929c6735c35,e74864761270ee86516c1a227802d1862fbcb03c09a409d5179882eab10e8a86,2c45a75dcc122d9f90e41ec64b0893fc9821adb24e20f186a14c0266009bb4d9,de7072db6fdbf304a1daad73979679ae27050bba2391b00a63c1759536038c78,no_salary_hike_no_attrition_no_department,inx_primary,ordinal_multiclass_performance,supplementary_heuristic_search_only,diagnostic_including_immutable_history,expanded,,,,,,,,,,,,,,,heuristic_search_success_rate,1195.0,0.2652719665271966,0.2410222196290614,0.2910259958607011,wilson_95_ci,0.0,,,
canonical_v2_20260714T221501Z_483f96f,51415c2ce68c89d9ce2b042b0a7a811fe3e98180b72460006f9d0465f6bf49b7,caffb945d15f990e3a789e9707f7a8a9115be31fecbbd705822994a10cfaf151,f1e358e99914563305428cece1b1595bc76a58643184407ec5b222162d650332,98ae57b622a56983192975c5bff94374ed51322f13c76af633c3c96ceb198cdd,heuristic_counterfactual_search_success,"{""dataset_key"":""inx_primary"",""dataset_sha256"":""b8deac0a615b97076622ae540f4cfd0d3c3f1e7acb83ba3ff6560470a9ccf60a""}","{""policy"":""no_salary_hike_no_attrition_no_department""}",all_eligible_exact_fold_oof_heuristic_search_cases,not_applicable_or_resolved_by_source_contract,wilson_95_interval_and_conditional_case_bootstrap_5000_draws,heuristic_counterfactual/heuristic_search_uncertainty.csv,fc5cd1375e0a7f713e1bf8fe8a462c6943fc9e0d8a09388432d04f968dfc8d26,heuristic_search_uncertainty,46,b8deac0a615b97076622ae540f4cfd0d3c3f1e7acb83ba3ff6560470a9ccf60a,3e4827545f1777be68afaaa7b5794895b53fb1ab91fab6d770388929c6735c35,e74864761270ee86516c1a227802d1862fbcb03c09a409d5179882eab10e8a86,2c45a75dcc122d9f90e41ec64b0893fc9821adb24e20f186a14c0266009bb4d9,de7072db6fdbf304a1daad73979679ae27050bba2391b00a63c1759536038c78,no_salary_hike_no_attrition_no_department,inx_primary,ordinal_multiclass_performance,supplementary_heuristic_search_only,diagnostic_including_immutable_history,expanded,,,,,,,,,,,,,,,mean_probability_gain_successful,317.0,0.540262118321416,0.5110365116691936,0.568520756550201,percentile_bootstrap_95_ci,5000.0,,,
canonical_v2_20260714T221501Z_483f96f,51415c2ce68c89d9ce2b042b0a7a811fe3e98180b72460006f9d0465f6bf49b7,caffb945d15f990e3a789e9707f7a8a9115be31fecbbd705822994a10cfaf151,f1e358e99914563305428cece1b1595bc76a58643184407ec5b222162d650332,98ae57b622a56983192975c5bff94374ed51322f13c76af633c3c96ceb198cdd,heuristic_counterfactual_search_success,"{""dataset_key"":""inx_primary"",""dataset_sha256"":""b8deac0a615b97076622ae540f4cfd0d3c3f1e7acb83ba3ff6560470a9ccf60a""}","{""policy"":""no_salary_hike_no_attrition_no_department""}",all_eligible_exact_fold_oof_heuristic_search_cases,not_applicable_or_resolved_by_source_contract,wilson_95_interval_and_conditional_case_bootstrap_5000_draws,heuristic_counterfactual/heuristic_search_uncertainty.csv,fc5cd1375e0a7f713e1bf8fe8a462c6943fc9e0d8a09388432d04f968dfc8d26,heuristic_search_uncertainty,47,b8deac0a615b97076622ae540f4cfd0d3c3f1e7acb83ba3ff6560470a9ccf60a,3e4827545f1777be68afaaa7b5794895b53fb1ab91fab6d770388929c6735c35,e74864761270ee86516c1a227802d1862fbcb03c09a409d5179882eab10e8a86,2c45a75dcc122d9f90e41ec64b0893fc9821adb24e20f186a14c0266009bb4d9,de7072db6fdbf304a1daad73979679ae27050bba2391b00a63c1759536038c78,no_salary_hike_no_attrition_no_department,inx_primary,ordinal_multiclass_performance,supplementary_heuristic_search_only,diagnostic_including_immutable_history,expanded,,,,,,,,,,,,,,,mean_normalized_search_cost_successful,317.0,0.8455597570624634,0.780731012226233,0.912611398500177,percentile_bootstrap_95_ci,5000.0,,,
canonical_v2_20260714T221501Z_483f96f,51415c2ce68c89d9ce2b042b0a7a811fe3e98180b72460006f9d0465f6bf49b7,caffb945d15f990e3a789e9707f7a8a9115be31fecbbd705822994a10cfaf151,f1e358e99914563305428cece1b1595bc76a58643184407ec5b222162d650332,98ae57b622a56983192975c5bff94374ed51322f13c76af633c3c96ceb198cdd,heuristic_counterfactual_search_success,"{""dataset_key"":""inx_primary"",""dataset_sha256"":""b8deac0a615b97076622ae540f4cfd0d3c3f1e7acb83ba3ff6560470a9ccf60a""}","{""policy"":""no_salary_hike_no_attrition_no_department""}",all_eligible_exact_fold_oof_heuristic_search_cases,not_applicable_or_resolved_by_source_contract,wilson_95_interval_and_conditional_case_bootstrap_5000_draws,heuristic_counterfactual/heuristic_search_uncertainty.csv,fc5cd1375e0a7f713e1bf8fe8a462c6943fc9e0d8a09388432d04f968dfc8d26,heuristic_search_uncertainty,48,b8deac0a615b97076622ae540f4cfd0d3c3f1e7acb83ba3ff6560470a9ccf60a,3e4827545f1777be68afaaa7b5794895b53fb1ab91fab6d770388929c6735c35,e74864761270ee86516c1a227802d1862fbcb03c09a409d5179882eab10e8a86,2c45a75dcc122d9f90e41ec64b0893fc9821adb24e20f186a14c0266009bb4d9,de7072db6fdbf304a1daad73979679ae27050bba2391b00a63c1759536038c78,no_salary_hike_no_attrition_no_department,inx_primary,ordinal_multiclass_performance,supplementary_heuristic_search_only,diagnostic_including_immutable_history,expanded,,,,,,,,,,,,,,,mean_n_changed_features_successful,317.0,1.6340694006309149,1.5457413249211356,1.719242902208202,percentile_bootstrap_95_ci,5000.0,,,
canonical_v2_20260714T221501Z_483f96f,51415c2ce68c89d9ce2b042b0a7a811fe3e98180b72460006f9d0465f6bf49b7,caffb945d15f990e3a789e9707f7a8a9115be31fecbbd705822994a10cfaf151,f1e358e99914563305428cece1b1595bc76a58643184407ec5b222162d650332,98ae57b622a56983192975c5bff94374ed51322f13c76af633c3c96ceb198cdd,heuristic_counterfactual_search_success,"{""dataset_key"":""inx_primary"",""dataset_sha256"":""b8deac0a615b97076622ae540f4cfd0d3c3f1e7acb83ba3ff6560470a9ccf60a""}","{""policy"":""no_salary_hike_no_attrition_no_department""}",all_eligible_exact_fold_oof_heuristic_search_cases,not_applicable_or_resolved_by_source_contract,wilson_95_interval_and_conditional_case_bootstrap_5000_draws,heuristic_counterfactual/heuristic_search_failure_reasons.csv,8fddbe34fdbd85827a63c358a9e2f2ad8419c4c93b710c0b8326f90c20034de6,heuristic_search_failure_reasons,1,b8deac0a615b97076622ae540f4cfd0d3c3f1e7acb83ba3ff6560470a9ccf60a,3e4827545f1777be68afaaa7b5794895b53fb1ab91fab6d770388929c6735c35,e74864761270ee86516c1a227802d1862fbcb03c09a409d5179882eab10e8a86,2c45a75dcc122d9f90e41ec64b0893fc9821adb24e20f186a14c0266009bb4d9,de7072db6fdbf304a1daad73979679ae27050bba2391b00a63c1759536038c78,no_salary_hike_no_attrition_no_department,inx_primary,ordinal_multiclass_performance,supplementary_heuristic_search_only,diagnostic_including_immutable_history,expanded,,,,,,,,,,,,,,,,,,,,,,no_candidate_reached_desired_or_higher_class,878.0,1.0
canonical_v2_20260714T221501Z_483f96f,51415c2ce68c89d9ce2b042b0a7a811fe3e98180b72460006f9d0465f6bf49b7,caffb945d15f990e3a789e9707f7a8a9115be31fecbbd705822994a10cfaf151,f1e358e99914563305428cece1b1595bc76a58643184407ec5b222162d650332,98ae57b622a56983192975c5bff94374ed51322f13c76af633c3c96ceb198cdd,heuristic_counterfactual_search_success,"{""dataset_key"":""inx_primary"",""dataset_sha256"":""b8deac0a615b97076622ae540f4cfd0d3c3f1e7acb83ba3ff6560470a9ccf60a""}","{""policy"":""no_salary_hike_no_attrition_no_department""}",all_eligible_exact_fold_oof_heuristic_search_cases,not_applicable_or_resolved_by_source_contract,wilson_95_interval_and_conditional_case_bootstrap_5000_draws,heuristic_counterfactual/heuristic_search_failure_reasons.csv,8fddbe34fdbd85827a63c358a9e2f2ad8419c4c93b710c0b8326f90c20034de6,heuristic_search_failure_reasons,2,b8deac0a615b97076622ae540f4cfd0d3c3f1e7acb83ba3ff6560470a9ccf60a,3e4827545f1777be68afaaa7b5794895b53fb1ab91fab6d770388929c6735c35,e74864761270ee86516c1a227802d1862fbcb03c09a409d5179882eab10e8a86,2c45a75dcc122d9f90e41ec64b0893fc9821adb24e20f186a14c0266009bb4d9,de7072db6fdbf304a1daad73979679ae27050bba2391b00a63c1759536038c78,no_salary_hike_no_attrition_no_department,inx_primary,ordinal_multiclass_performance,supplementary_heuristic_search_only,diagnostic_including_immutable_history,primary,,,,,,,,,,,,,,,,,,,,,,no_candidate_reached_desired_or_higher_class,893.0,1.0
canonical_v2_20260714T221501Z_483f96f,51415c2ce68c89d9ce2b042b0a7a811fe3e98180b72460006f9d0465f6bf49b7,caffb945d15f990e3a789e9707f7a8a9115be31fecbbd705822994a10cfaf151,f1e358e99914563305428cece1b1595bc76a58643184407ec5b222162d650332,98ae57b622a56983192975c5bff94374ed51322f13c76af633c3c96ceb198cdd,heuristic_counterfactual_search_success,"{""dataset_key"":""inx_primary"",""dataset_sha256"":""b8deac0a615b97076622ae540f4cfd0d3c3f1e7acb83ba3ff6560470a9ccf60a""}","{""policy"":""no_salary_hike_no_attrition_no_department""}",all_eligible_exact_fold_oof_heuristic_search_cases,not_applicable_or_resolved_by_source_contract,wilson_95_interval_and_conditional_case_bootstrap_5000_draws,heuristic_counterfactual/heuristic_search_failure_reasons.csv,8fddbe34fdbd85827a63c358a9e2f2ad8419c4c93b710c0b8326f90c20034de6,heuristic_search_failure_reasons,3,b8deac0a615b97076622ae540f4cfd0d3c3f1e7acb83ba3ff6560470a9ccf60a,3e4827545f1777be68afaaa7b5794895b53fb1ab91fab6d770388929c6735c35,e74864761270ee86516c1a227802d1862fbcb03c09a409d5179882eab10e8a86,2c45a75dcc122d9f90e41ec64b0893fc9821adb24e20f186a14c0266009bb4d9,de7072db6fdbf304a1daad73979679ae27050bba2391b00a63c1759536038c78,no_salary_hike_no_attrition_no_department,inx_primary,ordinal_multiclass_performance,supplementary_heuristic_search_only,diagnostic_including_immutable_history,restricted,,,,,,,,,,,,,,,,,,,,,,no_candidate_reached_desired_or_higher_class,990.0,1.0
canonical_v2_20260714T221501Z_483f96f,51415c2ce68c89d9ce2b042b0a7a811fe3e98180b72460006f9d0465f6bf49b7,caffb945d15f990e3a789e9707f7a8a9115be31fecbbd705822994a10cfaf151,f1e358e99914563305428cece1b1595bc76a58643184407ec5b222162d650332,98ae57b622a56983192975c5bff94374ed51322f13c76af633c3c96ceb198cdd,heuristic_counterfactual_search_success,"{""dataset_key"":""inx_primary"",""dataset_sha256"":""b8deac0a615b97076622ae540f4cfd0d3c3f1e7acb83ba3ff6560470a9ccf60a""}","{""policy"":""no_salary_hike_no_attrition_no_department""}",all_eligible_exact_fold_oof_heuristic_search_cases,not_applicable_or_resolved_by_source_contract,wilson_95_interval_and_conditional_case_bootstrap_5000_draws,heuristic_counterfactual/heuristic_search_failure_reasons.csv,8fddbe34fdbd85827a63c358a9e2f2ad8419c4c93b710c0b8326f90c20034de6,heuristic_search_failure_reasons,4,b8deac0a615b97076622ae540f4cfd0d3c3f1e7acb83ba3ff6560470a9ccf60a,3e4827545f1777be68afaaa7b5794895b53fb1ab91fab6d770388929c6735c35,e74864761270ee86516c1a227802d1862fbcb03c09a409d5179882eab10e8a86,2c45a75dcc122d9f90e41ec64b0893fc9821adb24e20f186a14c0266009bb4d9,de7072db6fdbf304a1daad73979679ae27050bba2391b00a63c1759536038c78,no_salary_hike_no_attrition_no_department,inx_primary,ordinal_multiclass_performance,supplementary_heuristic_search_only,employee_control_tagged,expanded,,,,,,,,,,,,,,,,,,,,,,no_candidate_reached_desired_or_higher_class,1162.0,1.0
canonical_v2_20260714T221501Z_483f96f,51415c2ce68c89d9ce2b042b0a7a811fe3e98180b72460006f9d0465f6bf49b7,caffb945d15f990e3a789e9707f7a8a9115be31fecbbd705822994a10cfaf151,f1e358e99914563305428cece1b1595bc76a58643184407ec5b222162d650332,98ae57b622a56983192975c5bff94374ed51322f13c76af633c3c96ceb198cdd,heuristic_counterfactual_search_success,"{""dataset_key"":""inx_primary"",""dataset_sha256"":""b8deac0a615b97076622ae540f4cfd0d3c3f1e7acb83ba3ff6560470a9ccf60a""}","{""policy"":""no_salary_hike_no_attrition_no_department""}",all_eligible_exact_fold_oof_heuristic_search_cases,not_applicable_or_resolved_by_source_contract,wilson_95_interval_and_conditional_case_bootstrap_5000_draws,heuristic_counterfactual/heuristic_search_failure_reasons.csv,8fddbe34fdbd85827a63c358a9e2f2ad8419c4c93b710c0b8326f90c20034de6,heuristic_search_failure_reasons,5,b8deac0a615b97076622ae540f4cfd0d3c3f1e7acb83ba3ff6560470a9ccf60a,3e4827545f1777be68afaaa7b5794895b53fb1ab91fab6d770388929c6735c35,e74864761270ee86516c1a227802d1862fbcb03c09a409d5179882eab10e8a86,2c45a75dcc122d9f90e41ec64b0893fc9821adb24e20f186a14c0266009bb4d9,de7072db6fdbf304a1daad73979679ae27050bba2391b00a63c1759536038c78,no_salary_hike_no_attrition_no_department,inx_primary,ordinal_multiclass_performance,supplementary_heuristic_search_only,employee_control_tagged,primary,,,,,,,,,,,,,,,,,,,,,,no_candidate_reached_desired_or_higher_class,1166.0,1.0
canonical_v2_20260714T221501Z_483f96f,51415c2ce68c89d9ce2b042b0a7a811fe3e98180b72460006f9d0465f6bf49b7,caffb945d15f990e3a789e9707f7a8a9115be31fecbbd705822994a10cfaf151,f1e358e99914563305428cece1b1595bc76a58643184407ec5b222162d650332,98ae57b622a56983192975c5bff94374ed51322f13c76af633c3c96ceb198cdd,heuristic_counterfactual_search_success,"{""dataset_key"":""inx_primary"",""dataset_sha256"":""b8deac0a615b97076622ae540f4cfd0d3c3f1e7acb83ba3ff6560470a9ccf60a""}","{""policy"":""no_salary_hike_no_attrition_no_department""}",all_eligible_exact_fold_oof_heuristic_search_cases,not_applicable_or_resolved_by_source_contract,wilson_95_interval_and_conditional_case_bootstrap_5000_draws,heuristic_counterfactual/heuristic_search_failure_reasons.csv,8fddbe34fdbd85827a63c358a9e2f2ad8419c4c93b710c0b8326f90c20034de6,heuristic_search_failure_reasons,6,b8deac0a615b97076622ae540f4cfd0d3c3f1e7acb83ba3ff6560470a9ccf60a,3e4827545f1777be68afaaa7b5794895b53fb1ab91fab6d770388929c6735c35,e74864761270ee86516c1a227802d1862fbcb03c09a409d5179882eab10e8a86,2c45a75dcc122d9f90e41ec64b0893fc9821adb24e20f186a14c0266009bb4d9,de7072db6fdbf304a1daad73979679ae27050bba2391b00a63c1759536038c78,no_salary_hike_no_attrition_no_department,inx_primary,ordinal_multiclass_performance,supplementary_heuristic_search_only,employee_control_tagged,restricted,,,,,,,,,,,,,,,,,,,,,,no_candidate_reached_desired_or_higher_class,1176.0,1.0
canonical_v2_20260714T221501Z_483f96f,51415c2ce68c89d9ce2b042b0a7a811fe3e98180b72460006f9d0465f6bf49b7,caffb945d15f990e3a789e9707f7a8a9115be31fecbbd705822994a10cfaf151,f1e358e99914563305428cece1b1595bc76a58643184407ec5b222162d650332,98ae57b622a56983192975c5bff94374ed51322f13c76af633c3c96ceb198cdd,heuristic_counterfactual_search_success,"{""dataset_key"":""inx_primary"",""dataset_sha256"":""b8deac0a615b97076622ae540f4cfd0d3c3f1e7acb83ba3ff6560470a9ccf60a""}","{""policy"":""no_salary_hike_no_attrition_no_department""}",all_eligible_exact_fold_oof_heuristic_search_cases,not_applicable_or_resolved_by_source_contract,wilson_95_interval_and_conditional_case_bootstrap_5000_draws,heuristic_counterfactual/heuristic_search_failure_reasons.csv,8fddbe34fdbd85827a63c358a9e2f2ad8419c4c93b710c0b8326f90c20034de6,heuristic_search_failure_reasons,7,b8deac0a615b97076622ae540f4cfd0d3c3f1e7acb83ba3ff6560470a9ccf60a,3e4827545f1777be68afaaa7b5794895b53fb1ab91fab6d770388929c6735c35,e74864761270ee86516c1a227802d1862fbcb03c09a409d5179882eab10e8a86,2c45a75dcc122d9f90e41ec64b0893fc9821adb24e20f186a14c0266009bb4d9,de7072db6fdbf304a1daad73979679ae27050bba2391b00a63c1759536038c78,no_salary_hike_no_attrition_no_department,inx_primary,ordinal_multiclass_performance,supplementary_heuristic_search_only,employee_manager_control_tagged,expanded,,,,,,,,,,,,,,,,,,,,,,no_candidate_reached_desired_or_higher_class,848.0,1.0
canonical_v2_20260714T221501Z_483f96f,51415c2ce68c89d9ce2b042b0a7a811fe3e98180b72460006f9d0465f6bf49b7,caffb945d15f990e3a789e9707f7a8a9115be31fecbbd705822994a10cfaf151,f1e358e99914563305428cece1b1595bc76a58643184407ec5b222162d650332,98ae57b622a56983192975c5bff94374ed51322f13c76af633c3c96ceb198cdd,heuristic_counterfactual_search_success,"{""dataset_key"":""inx_primary"",""dataset_sha256"":""b8deac0a615b97076622ae540f4cfd0d3c3f1e7acb83ba3ff6560470a9ccf60a""}","{""policy"":""no_salary_hike_no_attrition_no_department""}",all_eligible_exact_fold_oof_heuristic_search_cases,not_applicable_or_resolved_by_source_contract,wilson_95_interval_and_conditional_case_bootstrap_5000_draws,heuristic_counterfactual/heuristic_search_failure_reasons.csv,8fddbe34fdbd85827a63c358a9e2f2ad8419c4c93b710c0b8326f90c20034de6,heuristic_search_failure_reasons,8,b8deac0a615b97076622ae540f4cfd0d3c3f1e7acb83ba3ff6560470a9ccf60a,3e4827545f1777be68afaaa7b5794895b53fb1ab91fab6d770388929c6735c35,e74864761270ee86516c1a227802d1862fbcb03c09a409d5179882eab10e8a86,2c45a75dcc122d9f90e41ec64b0893fc9821adb24e20f186a14c0266009bb4d9,de7072db6fdbf304a1daad73979679ae27050bba2391b00a63c1759536038c78,no_salary_hike_no_attrition_no_department,inx_primary,ordinal_multiclass_performance,supplementary_heuristic_search_only,employee_manager_control_tagged,primary,,,,,,,,,,,,,,,,,,,,,,no_candidate_reached_desired_or_higher_class,855.0,1.0
canonical_v2_20260714T221501Z_483f96f,51415c2ce68c89d9ce2b042b0a7a811fe3e98180b72460006f9d0465f6bf49b7,caffb945d15f990e3a789e9707f7a8a9115be31fecbbd705822994a10cfaf151,f1e358e99914563305428cece1b1595bc76a58643184407ec5b222162d650332,98ae57b622a56983192975c5bff94374ed51322f13c76af633c3c96ceb198cdd,heuristic_counterfactual_search_success,"{""dataset_key"":""inx_primary"",""dataset_sha256"":""b8deac0a615b97076622ae540f4cfd0d3c3f1e7acb83ba3ff6560470a9ccf60a""}","{""policy"":""no_salary_hike_no_attrition_no_department""}",all_eligible_exact_fold_oof_heuristic_search_cases,not_applicable_or_resolved_by_source_contract,wilson_95_interval_and_conditional_case_bootstrap_5000_draws,heuristic_counterfactual/heuristic_search_failure_reasons.csv,8fddbe34fdbd85827a63c358a9e2f2ad8419c4c93b710c0b8326f90c20034de6,heuristic_search_failure_reasons,9,b8deac0a615b97076622ae540f4cfd0d3c3f1e7acb83ba3ff6560470a9ccf60a,3e4827545f1777be68afaaa7b5794895b53fb1ab91fab6d770388929c6735c35,e74864761270ee86516c1a227802d1862fbcb03c09a409d5179882eab10e8a86,2c45a75dcc122d9f90e41ec64b0893fc9821adb24e20f186a14c0266009bb4d9,de7072db6fdbf304a1daad73979679ae27050bba2391b00a63c1759536038c78,no_salary_hike_no_attrition_no_department,inx_primary,ordinal_multiclass_performance,supplementary_heuristic_search_only,employee_manager_control_tagged,restricted,,,,,,,,,,,,,,,,,,,,,,no_candidate_reached_desired_or_higher_class,925.0,1.0
canonical_v2_20260714T221501Z_483f96f,51415c2ce68c89d9ce2b042b0a7a811fe3e98180b72460006f9d0465f6bf49b7,caffb945d15f990e3a789e9707f7a8a9115be31fecbbd705822994a10cfaf151,f1e358e99914563305428cece1b1595bc76a58643184407ec5b222162d650332,98ae57b622a56983192975c5bff94374ed51322f13c76af633c3c96ceb198cdd,heuristic_counterfactual_search_success,"{""dataset_key"":""inx_primary"",""dataset_sha256"":""b8deac0a615b97076622ae540f4cfd0d3c3f1e7acb83ba3ff6560470a9ccf60a""}","{""policy"":""no_salary_hike_no_attrition_no_department""}",all_eligible_exact_fold_oof_heuristic_search_cases,not_applicable_or_resolved_by_source_contract,wilson_95_interval_and_conditional_case_bootstrap_5000_draws,heuristic_counterfactual/heuristic_search_failure_reasons.csv,8fddbe34fdbd85827a63c358a9e2f2ad8419c4c93b710c0b8326f90c20034de6,heuristic_search_failure_reasons,10,b8deac0a615b97076622ae540f4cfd0d3c3f1e7acb83ba3ff6560470a9ccf60a,3e4827545f1777be68afaaa7b5794895b53fb1ab91fab6d770388929c6735c35,e74864761270ee86516c1a227802d1862fbcb03c09a409d5179882eab10e8a86,2c45a75dcc122d9f90e41ec64b0893fc9821adb24e20f186a14c0266009bb4d9,de7072db6fdbf304a1daad73979679ae27050bba2391b00a63c1759536038c78,no_salary_hike_no_attrition_no_department,inx_primary,ordinal_multiclass_performance,supplementary_heuristic_search_only,employee_manager_organisation_control_tagged,expanded,,,,,,,,,,,,,,,,,,,,,,no_candidate_reached_desired_or_higher_class,825.0,1.0
canonical_v2_20260714T221501Z_483f96f,51415c2ce68c89d9ce2b042b0a7a811fe3e98180b72460006f9d0465f6bf49b7,caffb945d15f990e3a789e9707f7a8a9115be31fecbbd705822994a10cfaf151,f1e358e99914563305428cece1b1595bc76a58643184407ec5b222162d650332,98ae57b622a56983192975c5bff94374ed51322f13c76af633c3c96ceb198cdd,heuristic_counterfactual_search_success,"{""dataset_key"":""inx_primary"",""dataset_sha256"":""b8deac0a615b97076622ae540f4cfd0d3c3f1e7acb83ba3ff6560470a9ccf60a""}","{""policy"":""no_salary_hike_no_attrition_no_department""}",all_eligible_exact_fold_oof_heuristic_search_cases,not_applicable_or_resolved_by_source_contract,wilson_95_interval_and_conditional_case_bootstrap_5000_draws,heuristic_counterfactual/heuristic_search_failure_reasons.csv,8fddbe34fdbd85827a63c358a9e2f2ad8419c4c93b710c0b8326f90c20034de6,heuristic_search_failure_reasons,11,b8deac0a615b97076622ae540f4cfd0d3c3f1e7acb83ba3ff6560470a9ccf60a,3e4827545f1777be68afaaa7b5794895b53fb1ab91fab6d770388929c6735c35,e74864761270ee86516c1a227802d1862fbcb03c09a409d5179882eab10e8a86,2c45a75dcc122d9f90e41ec64b0893fc9821adb24e20f186a14c0266009bb4d9,de7072db6fdbf304a1daad73979679ae27050bba2391b00a63c1759536038c78,no_salary_hike_no_attrition_no_department,inx_primary,ordinal_multiclass_performance,supplementary_heuristic_search_only,employee_manager_organisation_control_tagged,primary,,,,,,,,,,,,,,,,,,,,,,no_candidate_reached_desired_or_higher_class,836.0,1.0
canonical_v2_20260714T221501Z_483f96f,51415c2ce68c89d9ce2b042b0a7a811fe3e98180b72460006f9d0465f6bf49b7,caffb945d15f990e3a789e9707f7a8a9115be31fecbbd705822994a10cfaf151,f1e358e99914563305428cece1b1595bc76a58643184407ec5b222162d650332,98ae57b622a56983192975c5bff94374ed51322f13c76af633c3c96ceb198cdd,heuristic_counterfactual_search_success,"{""dataset_key"":""inx_primary"",""dataset_sha256"":""b8deac0a615b97076622ae540f4cfd0d3c3f1e7acb83ba3ff6560470a9ccf60a""}","{""policy"":""no_salary_hike_no_attrition_no_department""}",all_eligible_exact_fold_oof_heuristic_search_cases,not_applicable_or_resolved_by_source_contract,wilson_95_interval_and_conditional_case_bootstrap_5000_draws,heuristic_counterfactual/heuristic_search_failure_reasons.csv,8fddbe34fdbd85827a63c358a9e2f2ad8419c4c93b710c0b8326f90c20034de6,heuristic_search_failure_reasons,12,b8deac0a615b97076622ae540f4cfd0d3c3f1e7acb83ba3ff6560470a9ccf60a,3e4827545f1777be68afaaa7b5794895b53fb1ab91fab6d770388929c6735c35,e74864761270ee86516c1a227802d1862fbcb03c09a409d5179882eab10e8a86,2c45a75dcc122d9f90e41ec64b0893fc9821adb24e20f186a14c0266009bb4d9,de7072db6fdbf304a1daad73979679ae27050bba2391b00a63c1759536038c78,no_salary_hike_no_attrition_no_department,inx_primary,ordinal_multiclass_performance,supplementary_heuristic_search_only,employee_manager_organisation_control_tagged,restricted,,,,,,,,,,,,,,,,,,,,,,no_candidate_reached_desired_or_higher_class,932.0,1.0
canonical_v2_20260714T221501Z_483f96f,51415c2ce68c89d9ce2b042b0a7a811fe3e98180b72460006f9d0465f6bf49b7,caffb945d15f990e3a789e9707f7a8a9115be31fecbbd705822994a10cfaf151,f1e358e99914563305428cece1b1595bc76a58643184407ec5b222162d650332,98ae57b622a56983192975c5bff94374ed51322f13c76af633c3c96ceb198cdd,heuristic_counterfactual_search_success,"{""dataset_key"":""inx_primary"",""dataset_sha256"":""b8deac0a615b97076622ae540f4cfd0d3c3f1e7acb83ba3ff6560470a9ccf60a""}","{""policy"":""no_salary_hike_no_attrition_no_department""}",all_eligible_exact_fold_oof_heuristic_search_cases,not_applicable_or_resolved_by_source_contract,wilson_95_interval_and_conditional_case_bootstrap_5000_draws,heuristic_counterfactual/heuristic_search_budget_sensitivity.csv,4bf87931e1a7463b5dad530bd7c22e4fd93ff355303ca391540f18de4f44aaa6,heuristic_search_budget_sensitivity,1,b8deac0a615b97076622ae540f4cfd0d3c3f1e7acb83ba3ff6560470a9ccf60a,3e4827545f1777be68afaaa7b5794895b53fb1ab91fab6d770388929c6735c35,e74864761270ee86516c1a227802d1862fbcb03c09a409d5179882eab10e8a86,2c45a75dcc122d9f90e41ec64b0893fc9821adb24e20f186a14c0266009bb4d9,de7072db6fdbf304a1daad73979679ae27050bba2391b00a63c1759536038c78,no_salary_hike_no_attrition_no_department,inx_primary,ordinal_multiclass_performance,supplementary_heuristic_search_only,employee_control_tagged,restricted,sensitivity,50.0,2.0,1200.0,1195.0,19.0,0.0158995815899581,0.0102021076067273,0.0246994705067404,wilson_95_ci,15807.0,0.1392080371028776,1.4684210526315788,1.368421052631579,,,,,,,,,,
canonical_v2_20260714T221501Z_483f96f,51415c2ce68c89d9ce2b042b0a7a811fe3e98180b72460006f9d0465f6bf49b7,caffb945d15f990e3a789e9707f7a8a9115be31fecbbd705822994a10cfaf151,f1e358e99914563305428cece1b1595bc76a58643184407ec5b222162d650332,98ae57b622a56983192975c5bff94374ed51322f13c76af633c3c96ceb198cdd,heuristic_counterfactual_search_success,"{""dataset_key"":""inx_primary"",""dataset_sha256"":""b8deac0a615b97076622ae540f4cfd0d3c3f1e7acb83ba3ff6560470a9ccf60a""}","{""policy"":""no_salary_hike_no_attrition_no_department""}",all_eligible_exact_fold_oof_heuristic_search_cases,not_applicable_or_resolved_by_source_contract,wilson_95_interval_and_conditional_case_bootstrap_5000_draws,heuristic_counterfactual/heuristic_search_budget_sensitivity.csv,4bf87931e1a7463b5dad530bd7c22e4fd93ff355303ca391540f18de4f44aaa6,heuristic_search_budget_sensitivity,2,b8deac0a615b97076622ae540f4cfd0d3c3f1e7acb83ba3ff6560470a9ccf60a,3e4827545f1777be68afaaa7b5794895b53fb1ab91fab6d770388929c6735c35,e74864761270ee86516c1a227802d1862fbcb03c09a409d5179882eab10e8a86,2c45a75dcc122d9f90e41ec64b0893fc9821adb24e20f186a14c0266009bb4d9,de7072db6fdbf304a1daad73979679ae27050bba2391b00a63c1759536038c78,no_salary_hike_no_attrition_no_department,inx_primary,ordinal_multiclass_performance,supplementary_heuristic_search_only,employee_control_tagged,primary,primary,100.0,3.0,1200.0,1195.0,29.0,0.0242677824267782,0.0169492034402585,0.0346351477395279,wilson_95_ci,39318.0,0.1706268451221213,2.094827586206896,1.5517241379310345,,,,,,,,,,
canonical_v2_20260714T221501Z_483f96f,51415c2ce68c89d9ce2b042b0a7a811fe3e98180b72460006f9d0465f6bf49b7,caffb945d15f990e3a789e9707f7a8a9115be31fecbbd705822994a10cfaf151,f1e358e99914563305428cece1b1595bc76a58643184407ec5b222162d650332,98ae57b622a56983192975c5bff94374ed51322f13c76af633c3c96ceb198cdd,heuristic_counterfactual_search_success,"{""dataset_key"":""inx_primary"",""dataset_sha256"":""b8deac0a615b97076622ae540f4cfd0d3c3f1e7acb83ba3ff6560470a9ccf60a""}","{""policy"":""no_salary_hike_no_attrition_no_department""}",all_eligible_exact_fold_oof_heuristic_search_cases,not_applicable_or_resolved_by_source_contract,wilson_95_interval_and_conditional_case_bootstrap_5000_draws,heuristic_counterfactual/heuristic_search_budget_sensitivity.csv,4bf87931e1a7463b5dad530bd7c22e4fd93ff355303ca391540f18de4f44aaa6,heuristic_search_budget_sensitivity,3,b8deac0a615b97076622ae540f4cfd0d3c3f1e7acb83ba3ff6560470a9ccf60a,3e4827545f1777be68afaaa7b5794895b53fb1ab91fab6d770388929c6735c35,e74864761270ee86516c1a227802d1862fbcb03c09a409d5179882eab10e8a86,2c45a75dcc122d9f90e41ec64b0893fc9821adb24e20f186a14c0266009bb4d9,de7072db6fdbf304a1daad73979679ae27050bba2391b00a63c1759536038c78,no_salary_hike_no_attrition_no_department,inx_primary,ordinal_multiclass_performance,supplementary_heuristic_search_only,employee_control_tagged,expanded,sensitivity,250.0,3.0,1200.0,1195.0,33.0,0.0276150627615062,0.0197300701090041,0.0385273902973097,wilson_95_ci,56215.0,0.1769799646507599,2.160606060606061,1.5757575757575757,,,,,,,,,,
canonical_v2_20260714T221501Z_483f96f,51415c2ce68c89d9ce2b042b0a7a811fe3e98180b72460006f9d0465f6bf49b7,caffb945d15f990e3a789e9707f7a8a9115be31fecbbd705822994a10cfaf151,f1e358e99914563305428cece1b1595bc76a58643184407ec5b222162d650332,98ae57b622a56983192975c5bff94374ed51322f13c76af633c3c96ceb198cdd,heuristic_counterfactual_search_success,"{""dataset_key"":""inx_primary"",""dataset_sha256"":""b8deac0a615b97076622ae540f4cfd0d3c3f1e7acb83ba3ff6560470a9ccf60a""}","{""policy"":""no_salary_hike_no_attrition_no_department""}",all_eligible_exact_fold_oof_heuristic_search_cases,not_applicable_or_resolved_by_source_contract,wilson_95_interval_and_conditional_case_bootstrap_5000_draws,heuristic_counterfactual/heuristic_search_budget_sensitivity.csv,4bf87931e1a7463b5dad530bd7c22e4fd93ff355303ca391540f18de4f44aaa6,heuristic_search_budget_sensitivity,4,b8deac0a615b97076622ae540f4cfd0d3c3f1e7acb83ba3ff6560470a9ccf60a,3e4827545f1777be68afaaa7b5794895b53fb1ab91fab6d770388929c6735c35,e74864761270ee86516c1a227802d1862fbcb03c09a409d5179882eab10e8a86,2c45a75dcc122d9f90e41ec64b0893fc9821adb24e20f186a14c0266009bb4d9,de7072db6fdbf304a1daad73979679ae27050bba2391b00a63c1759536038c78,no_salary_hike_no_attrition_no_department,inx_primary,ordinal_multiclass_performance,supplementary_heuristic_search_only,employee_manager_control_tagged,restricted,sensitivity,50.0,2.0,1200.0,1195.0,270.0,0.2259414225941422,0.2031303760466812,0.250508806031384,wilson_95_ci,45389.0,0.6329663083864604,1.1164814814814816,1.1962962962962962,,,,,,,,,,
canonical_v2_20260714T221501Z_483f96f,51415c2ce68c89d9ce2b042b0a7a811fe3e98180b72460006f9d0465f6bf49b7,caffb945d15f990e3a789e9707f7a8a9115be31fecbbd705822994a10cfaf151,f1e358e99914563305428cece1b1595bc76a58643184407ec5b222162d650332,98ae57b622a56983192975c5bff94374ed51322f13c76af633c3c96ceb198cdd,heuristic_counterfactual_search_success,"{""dataset_key"":""inx_primary"",""dataset_sha256"":""b8deac0a615b97076622ae540f4cfd0d3c3f1e7acb83ba3ff6560470a9ccf60a""}","{""policy"":""no_salary_hike_no_attrition_no_department""}",all_eligible_exact_fold_oof_heuristic_search_cases,not_applicable_or_resolved_by_source_contract,wilson_95_interval_and_conditional_case_bootstrap_5000_draws,heuristic_counterfactual/heuristic_search_budget_sensitivity.csv,4bf87931e1a7463b5dad530bd7c22e4fd93ff355303ca391540f18de4f44aaa6,heuristic_search_budget_sensitivity,5,b8deac0a615b97076622ae540f4cfd0d3c3f1e7acb83ba3ff6560470a9ccf60a,3e4827545f1777be68afaaa7b5794895b53fb1ab91fab6d770388929c6735c35,e74864761270ee86516c1a227802d1862fbcb03c09a409d5179882eab10e8a86,2c45a75dcc122d9f90e41ec64b0893fc9821adb24e20f186a14c0266009bb4d9,de7072db6fdbf304a1daad73979679ae27050bba2391b00a63c1759536038c78,no_salary_hike_no_attrition_no_department,inx_primary,ordinal_multiclass_performance,supplementary_heuristic_search_only,employee_manager_control_tagged,primary,primary,100.0,3.0,1200.0,1195.0,340.0,0.2845188284518828,0.2596599103594656,0.3107586831828299,wilson_95_ci,148767.0,0.5796614646420678,1.5119117647058826,1.5205882352941176,,,,,,,,,,
canonical_v2_20260714T221501Z_483f96f,51415c2ce68c89d9ce2b042b0a7a811fe3e98180b72460006f9d0465f6bf49b7,caffb945d15f990e3a789e9707f7a8a9115be31fecbbd705822994a10cfaf151,f1e358e99914563305428cece1b1595bc76a58643184407ec5b222162d650332,98ae57b622a56983192975c5bff94374ed51322f13c76af633c3c96ceb198cdd,heuristic_counterfactual_search_success,"{""dataset_key"":""inx_primary"",""dataset_sha256"":""b8deac0a615b97076622ae540f4cfd0d3c3f1e7acb83ba3ff6560470a9ccf60a""}","{""policy"":""no_salary_hike_no_attrition_no_department""}",all_eligible_exact_fold_oof_heuristic_search_cases,not_applicable_or_resolved_by_source_contract,wilson_95_interval_and_conditional_case_bootstrap_5000_draws,heuristic_counterfactual/heuristic_search_budget_sensitivity.csv,4bf87931e1a7463b5dad530bd7c22e4fd93ff355303ca391540f18de4f44aaa6,heuristic_search_budget_sensitivity,6,b8deac0a615b97076622ae540f4cfd0d3c3f1e7acb83ba3ff6560470a9ccf60a,3e4827545f1777be68afaaa7b5794895b53fb1ab91fab6d770388929c6735c35,e74864761270ee86516c1a227802d1862fbcb03c09a409d5179882eab10e8a86,2c45a75dcc122d9f90e41ec64b0893fc9821adb24e20f186a14c0266009bb4d9,de7072db6fdbf304a1daad73979679ae27050bba2391b00a63c1759536038c78,no_salary_hike_no_attrition_no_department,inx_primary,ordinal_multiclass_performance,supplementary_heuristic_search_only,employee_manager_control_tagged,expanded,sensitivity,250.0,3.0,1200.0,1195.0,347.0,0.2903765690376569,0.265343699717996,0.3167528349707225,wilson_95_ci,183857.0,0.5759675393726355,1.539193083573487,1.5389048991354466,,,,,,,,,,
canonical_v2_20260714T221501Z_483f96f,51415c2ce68c89d9ce2b042b0a7a811fe3e98180b72460006f9d0465f6bf49b7,caffb945d15f990e3a789e9707f7a8a9115be31fecbbd705822994a10cfaf151,f1e358e99914563305428cece1b1595bc76a58643184407ec5b222162d650332,98ae57b622a56983192975c5bff94374ed51322f13c76af633c3c96ceb198cdd,heuristic_counterfactual_search_success,"{""dataset_key"":""inx_primary"",""dataset_sha256"":""b8deac0a615b97076622ae540f4cfd0d3c3f1e7acb83ba3ff6560470a9ccf60a""}","{""policy"":""no_salary_hike_no_attrition_no_department""}",all_eligible_exact_fold_oof_heuristic_search_cases,not_applicable_or_resolved_by_source_contract,wilson_95_interval_and_conditional_case_bootstrap_5000_draws,heuristic_counterfactual/heuristic_search_budget_sensitivity.csv,4bf87931e1a7463b5dad530bd7c22e4fd93ff355303ca391540f18de4f44aaa6,heuristic_search_budget_sensitivity,7,b8deac0a615b97076622ae540f4cfd0d3c3f1e7acb83ba3ff6560470a9ccf60a,3e4827545f1777be68afaaa7b5794895b53fb1ab91fab6d770388929c6735c35,e74864761270ee86516c1a227802d1862fbcb03c09a409d5179882eab10e8a86,2c45a75dcc122d9f90e41ec64b0893fc9821adb24e20f186a14c0266009bb4d9,de7072db6fdbf304a1daad73979679ae27050bba2391b00a63c1759536038c78,no_salary_hike_no_attrition_no_department,inx_primary,ordinal_multiclass_performance,supplementary_heuristic_search_only,employee_manager_organisation_control_tagged,restricted,sensitivity,50.0,2.0,1200.0,1195.0,263.0,0.2200836820083682,0.1975111912016323,0.2444500497300098,wilson_95_ci,71814.0,0.5774860216491403,0.6899654805697055,1.273764258555133,,,,,,,,,,
canonical_v2_20260714T221501Z_483f96f,51415c2ce68c89d9ce2b042b0a7a811fe3e98180b72460006f9d0465f6bf49b7,caffb945d15f990e3a789e9707f7a8a9115be31fecbbd705822994a10cfaf151,f1e358e99914563305428cece1b1595bc76a58643184407ec5b222162d650332,98ae57b622a56983192975c5bff94374ed51322f13c76af633c3c96ceb198cdd,heuristic_counterfactual_search_success,"{""dataset_key"":""inx_primary"",""dataset_sha256"":""b8deac0a615b97076622ae540f4cfd0d3c3f1e7acb83ba3ff6560470a9ccf60a""}","{""policy"":""no_salary_hike_no_attrition_no_department""}",all_eligible_exact_fold_oof_heuristic_search_cases,not_applicable_or_resolved_by_source_contract,wilson_95_interval_and_conditional_case_bootstrap_5000_draws,heuristic_counterfactual/heuristic_search_budget_sensitivity.csv,4bf87931e1a7463b5dad530bd7c22e4fd93ff355303ca391540f18de4f44aaa6,heuristic_search_budget_sensitivity,8,b8deac0a615b97076622ae540f4cfd0d3c3f1e7acb83ba3ff6560470a9ccf60a,3e4827545f1777be68afaaa7b5794895b53fb1ab91fab6d770388929c6735c35,e74864761270ee86516c1a227802d1862fbcb03c09a409d5179882eab10e8a86,2c45a75dcc122d9f90e41ec64b0893fc9821adb24e20f186a14c0266009bb4d9,de7072db6fdbf304a1daad73979679ae27050bba2391b00a63c1759536038c78,no_salary_hike_no_attrition_no_department,inx_primary,ordinal_multiclass_performance,supplementary_heuristic_search_only,employee_manager_organisation_control_tagged,primary,primary,100.0,3.0,1200.0,1195.0,359.0,0.300418410041841,0.2750993167611292,0.3270165456071716,wilson_95_ci,213012.0,0.5485512056416266,1.0355170662271111,1.66016713091922,,,,,,,,,,
canonical_v2_20260714T221501Z_483f96f,51415c2ce68c89d9ce2b042b0a7a811fe3e98180b72460006f9d0465f6bf49b7,caffb945d15f990e3a789e9707f7a8a9115be31fecbbd705822994a10cfaf151,f1e358e99914563305428cece1b1595bc76a58643184407ec5b222162d650332,98ae57b622a56983192975c5bff94374ed51322f13c76af633c3c96ceb198cdd,heuristic_counterfactual_search_success,"{""dataset_key"":""inx_primary"",""dataset_sha256"":""b8deac0a615b97076622ae540f4cfd0d3c3f1e7acb83ba3ff6560470a9ccf60a""}","{""policy"":""no_salary_hike_no_attrition_no_department""}",all_eligible_exact_fold_oof_heuristic_search_cases,not_applicable_or_resolved_by_source_contract,wilson_95_interval_and_conditional_case_bootstrap_5000_draws,heuristic_counterfactual/heuristic_search_budget_sensitivity.csv,4bf87931e1a7463b5dad530bd7c22e4fd93ff355303ca391540f18de4f44aaa6,heuristic_search_budget_sensitivity,9,b8deac0a615b97076622ae540f4cfd0d3c3f1e7acb83ba3ff6560470a9ccf60a,3e4827545f1777be68afaaa7b5794895b53fb1ab91fab6d770388929c6735c35,e74864761270ee86516c1a227802d1862fbcb03c09a409d5179882eab10e8a86,2c45a75dcc122d9f90e41ec64b0893fc9821adb24e20f186a14c0266009bb4d9,de7072db6fdbf304a1daad73979679ae27050bba2391b00a63c1759536038c78,no_salary_hike_no_attrition_no_department,inx_primary,ordinal_multiclass_performance,supplementary_heuristic_search_only,employee_manager_organisation_control_tagged,expanded,sensitivity,250.0,3.0,1200.0,1195.0,370.0,0.309623430962343,0.2840549363855364,0.3364119763557148,wilson_95_ci,281139.0,0.5467673025731739,1.0286659482654477,1.6189189189189188,,,,,,,,,,
canonical_v2_20260714T221501Z_483f96f,51415c2ce68c89d9ce2b042b0a7a811fe3e98180b72460006f9d0465f6bf49b7,caffb945d15f990e3a789e9707f7a8a9115be31fecbbd705822994a10cfaf151,f1e358e99914563305428cece1b1595bc76a58643184407ec5b222162d650332,98ae57b622a56983192975c5bff94374ed51322f13c76af633c3c96ceb198cdd,heuristic_counterfactual_search_success,"{""dataset_key"":""inx_primary"",""dataset_sha256"":""b8deac0a615b97076622ae540f4cfd0d3c3f1e7acb83ba3ff6560470a9ccf60a""}","{""policy"":""no_salary_hike_no_attrition_no_department""}",all_eligible_exact_fold_oof_heuristic_search_cases,not_applicable_or_resolved_by_source_contract,wilson_95_interval_and_conditional_case_bootstrap_5000_draws,heuristic_counterfactual/heuristic_search_budget_sensitivity.csv,4bf87931e1a7463b5dad530bd7c22e4fd93ff355303ca391540f18de4f44aaa6,heuristic_search_budget_sensitivity,10,b8deac0a615b97076622ae540f4cfd0d3c3f1e7acb83ba3ff6560470a9ccf60a,3e4827545f1777be68afaaa7b5794895b53fb1ab91fab6d770388929c6735c35,e74864761270ee86516c1a227802d1862fbcb03c09a409d5179882eab10e8a86,2c45a75dcc122d9f90e41ec64b0893fc9821adb24e20f186a14c0266009bb4d9,de7072db6fdbf304a1daad73979679ae27050bba2391b00a63c1759536038c78,no_salary_hike_no_attrition_no_department,inx_primary,ordinal_multiclass_performance,supplementary_heuristic_search_only,diagnostic_including_immutable_history,restricted,sensitivity,50.0,2.0,1200.0,1195.0,205.0,0.1715481171548117,0.1512346696924243,0.1939664874545697,wilson_95_ci,69768.0,0.576055061267432,0.6388317068457487,1.4390243902439024,,,,,,,,,,
canonical_v2_20260714T221501Z_483f96f,51415c2ce68c89d9ce2b042b0a7a811fe3e98180b72460006f9d0465f6bf49b7,caffb945d15f990e3a789e9707f7a8a9115be31fecbbd705822994a10cfaf151,f1e358e99914563305428cece1b1595bc76a58643184407ec5b222162d650332,98ae57b622a56983192975c5bff94374ed51322f13c76af633c3c96ceb198cdd,heuristic_counterfactual_search_success,"{""dataset_key"":""inx_primary"",""dataset_sha256"":""b8deac0a615b97076622ae540f4cfd0d3c3f1e7acb83ba3ff6560470a9ccf60a""}","{""policy"":""no_salary_hike_no_attrition_no_department""}",all_eligible_exact_fold_oof_heuristic_search_cases,not_applicable_or_resolved_by_source_contract,wilson_95_interval_and_conditional_case_bootstrap_5000_draws,heuristic_counterfactual/heuristic_search_budget_sensitivity.csv,4bf87931e1a7463b5dad530bd7c22e4fd93ff355303ca391540f18de4f44aaa6,heuristic_search_budget_sensitivity,11,b8deac0a615b97076622ae540f4cfd0d3c3f1e7acb83ba3ff6560470a9ccf60a,3e4827545f1777be68afaaa7b5794895b53fb1ab91fab6d770388929c6735c35,e74864761270ee86516c1a227802d1862fbcb03c09a409d5179882eab10e8a86,2c45a75dcc122d9f90e41ec64b0893fc9821adb24e20f186a14c0266009bb4d9,de7072db6fdbf304a1daad73979679ae27050bba2391b00a63c1759536038c78,no_salary_hike_no_attrition_no_department,inx_primary,ordinal_multiclass_performance,supplementary_heuristic_search_only,diagnostic_including_immutable_history,primary,primary,100.0,3.0,1200.0,1195.0,302.0,0.2527196652719665,0.2288996437976747,0.2781244120926101,wilson_95_ci,210009.0,0.5401687746981986,0.8509346082060734,1.7450331125827814,,,,,,,,,,
canonical_v2_20260714T221501Z_483f96f,51415c2ce68c89d9ce2b042b0a7a811fe3e98180b72460006f9d0465f6bf49b7,caffb945d15f990e3a789e9707f7a8a9115be31fecbbd705822994a10cfaf151,f1e358e99914563305428cece1b1595bc76a58643184407ec5b222162d650332,98ae57b622a56983192975c5bff94374ed51322f13c76af633c3c96ceb198cdd,heuristic_counterfactual_search_success,"{""dataset_key"":""inx_primary"",""dataset_sha256"":""b8deac0a615b97076622ae540f4cfd0d3c3f1e7acb83ba3ff6560470a9ccf60a""}","{""policy"":""no_salary_hike_no_attrition_no_department""}",all_eligible_exact_fold_oof_heuristic_search_cases,not_applicable_or_resolved_by_source_contract,wilson_95_interval_and_conditional_case_bootstrap_5000_draws,heuristic_counterfactual/heuristic_search_budget_sensitivity.csv,4bf87931e1a7463b5dad530bd7c22e4fd93ff355303ca391540f18de4f44aaa6,heuristic_search_budget_sensitivity,12,b8deac0a615b97076622ae540f4cfd0d3c3f1e7acb83ba3ff6560470a9ccf60a,3e4827545f1777be68afaaa7b5794895b53fb1ab91fab6d770388929c6735c35,e74864761270ee86516c1a227802d1862fbcb03c09a409d5179882eab10e8a86,2c45a75dcc122d9f90e41ec64b0893fc9821adb24e20f186a14c0266009bb4d9,de7072db6fdbf304a1daad73979679ae27050bba2391b00a63c1759536038c78,no_salary_hike_no_attrition_no_department,inx_primary,ordinal_multiclass_performance,supplementary_heuristic_search_only,diagnostic_including_immutable_history,expanded,sensitivity,250.0,3.0,1200.0,1195.0,317.0,0.2652719665271966,0.2410222196290614,0.2910259958607011,wilson_95_ci,283723.0,0.540262118321416,0.8455597570624634,1.6340694006309149,,,,,,,,,,
