run_id,config_hash,scientific_input_hash,source_tree_hash,metric_schema_hash,table_id,dataset_identity,model_identity,evaluation_scope,denominator,uncertainty_method,source_artifact,source_sha256,source_record_type,source_row_number,git_commit,scope_contract_hash,task_key,canonical_dataset_key,dataset_sha256,canonical_content_sha256,schema_mapping_sha256,feature_policy_contract_sha256,fold_contract_hash,task_model_set_sha256,task_type,role,publication_stratum,labels,positive_label,primary_policy,n_outer_folds,n_inner_folds,bootstrap_resamples,direct_external_validation_of_primary,comparable_to_primary_three_class_task,locked_model_transport,claim_boundary,metric,applicable,inapplicable_representation,applicability_note,dataset_key,canonical_content_hash_algorithm,policy,point_estimate,ci_low,ci_high,bootstrap_std,n_samples,n_resamples,n_valid,confidence_level,method,strata,seed,resample_hash,better_direction,domain_low,domain_high,policy_model_set_sha256
canonical_v2_20260714T221501Z_483f96f,51415c2ce68c89d9ce2b042b0a7a811fe3e98180b72460006f9d0465f6bf49b7,caffb945d15f990e3a789e9707f7a8a9115be31fecbbd705822994a10cfaf151,f1e358e99914563305428cece1b1595bc76a58643184407ec5b222162d650332,98ae57b622a56983192975c5bff94374ed51322f13c76af633c3c96ceb198cdd,restricted_and_binary_task_evidence,"{""canonical_content_sha256"":""e4b403c2c31e2629a72bd9cb85337da4eb06ea7dca2da9acfea245cd8db9371f"",""canonical_dataset_key"":""ibm_hr_analytics"",""dataset_sha256"":""a5c31e38bd7fafc9bc333884eb181b06b41b8e5e488e8f7ccb27199fb3be7659""}",independently_trained_task_specific_xgboost_models,task_bounded_independent_nested_robustness_and_transfer,1470,paired_stratified_percentile_bootstrap_5000_draws_within_task,external_robustness/task_strata_index.csv,e774290c5e62cd32cbf0306a175105f50eca6dd20ade3e48c539cd8416c80b4f,task_strata_index,1,483f96fdbaab16cb0f32d03d9dbe676a759af44a,18bbb5cb3dae267eac18f3cc60082e5023843b01bd565f8912555fc9c83aa329,ibm_performance,ibm_hr_analytics,a5c31e38bd7fafc9bc333884eb181b06b41b8e5e488e8f7ccb27199fb3be7659,e4b403c2c31e2629a72bd9cb85337da4eb06ea7dca2da9acfea245cd8db9371f,c74f0f7b119d1023eba0a3519b2c66223ff9407e6eb15f064ff15bb13f0024a9,795289fbe2a2b0bbe3291fefa0441f81b8ffb1b994e3b5b8c478cff949ded5fc,e12130b5d1f8a4d0c4f480f525fc9b3b8a1826323bf3641fdbd80f3db2a12659,e9c71caf37a3058e2c17dcc99e566f0d472e69da56e3bcf9dd2d8ddeca869791,restricted_target_performance_robustness,restricted-target performance robustness,ibm_restricted_target_performance_robustness,3;4,4.0,department_job_role_free,10.0,5.0,5000.0,False,False,False,Supplementary restricted 3/4-target robustness only; not direct three-class employee-performance external validation and not transport.,,,,,,,,,,,,,,,,,,,,,,,
canonical_v2_20260714T221501Z_483f96f,51415c2ce68c89d9ce2b042b0a7a811fe3e98180b72460006f9d0465f6bf49b7,caffb945d15f990e3a789e9707f7a8a9115be31fecbbd705822994a10cfaf151,f1e358e99914563305428cece1b1595bc76a58643184407ec5b222162d650332,98ae57b622a56983192975c5bff94374ed51322f13c76af633c3c96ceb198cdd,restricted_and_binary_task_evidence,"{""canonical_content_sha256"":""e4b403c2c31e2629a72bd9cb85337da4eb06ea7dca2da9acfea245cd8db9371f"",""canonical_dataset_key"":""ibm_hr_analytics_attrition"",""dataset_sha256"":""a5c31e38bd7fafc9bc333884eb181b06b41b8e5e488e8f7ccb27199fb3be7659""}",independently_trained_task_specific_xgboost_models,task_bounded_independent_nested_robustness_and_transfer,1470,paired_stratified_percentile_bootstrap_5000_draws_within_task,external_robustness/task_strata_index.csv,e774290c5e62cd32cbf0306a175105f50eca6dd20ade3e48c539cd8416c80b4f,task_strata_index,2,483f96fdbaab16cb0f32d03d9dbe676a759af44a,18bbb5cb3dae267eac18f3cc60082e5023843b01bd565f8912555fc9c83aa329,ibm_attrition,ibm_hr_analytics_attrition,a5c31e38bd7fafc9bc333884eb181b06b41b8e5e488e8f7ccb27199fb3be7659,e4b403c2c31e2629a72bd9cb85337da4eb06ea7dca2da9acfea245cd8db9371f,c74f0f7b119d1023eba0a3519b2c66223ff9407e6eb15f064ff15bb13f0024a9,1386f8d2a737022e524416c77047270d206c4d71dbde8efffcb1affb2d3ecdc0,0c7b7295b6f9c1f967f498ab0a1efe52d1cc5d155ec08b653fa2cc8141a94b1b,48f519012e5106a2ba1b33c5ad743531296d2ca74ae632a0eb9a1c68e54fe82a,binary_attrition_transfer,related HR attrition task transfer,ibm_attrition_related_task_transfer,0;1,1.0,department_job_role_free,10.0,5.0,5000.0,False,False,False,Supplementary related attrition-task transfer only; not employee-performance validation and not transport.,,,,,,,,,,,,,,,,,,,,,,,
canonical_v2_20260714T221501Z_483f96f,51415c2ce68c89d9ce2b042b0a7a811fe3e98180b72460006f9d0465f6bf49b7,caffb945d15f990e3a789e9707f7a8a9115be31fecbbd705822994a10cfaf151,f1e358e99914563305428cece1b1595bc76a58643184407ec5b222162d650332,98ae57b622a56983192975c5bff94374ed51322f13c76af633c3c96ceb198cdd,restricted_and_binary_task_evidence,"{""canonical_content_sha256"":""38a28cddcb8cddc1b419ca630eed8a26d7f3285cca4bb08ade0438fd68a34ecd"",""canonical_dataset_key"":""employee_turnover"",""dataset_sha256"":""2510e274a90547f34c7b0db5a4ab70282c2710eb54252f14921bf980b81a928c""}",independently_trained_task_specific_xgboost_models,task_bounded_independent_nested_robustness_and_transfer,14999,paired_stratified_percentile_bootstrap_5000_draws_within_task,external_robustness/task_strata_index.csv,e774290c5e62cd32cbf0306a175105f50eca6dd20ade3e48c539cd8416c80b4f,task_strata_index,3,483f96fdbaab16cb0f32d03d9dbe676a759af44a,18bbb5cb3dae267eac18f3cc60082e5023843b01bd565f8912555fc9c83aa329,employee_turnover,employee_turnover,2510e274a90547f34c7b0db5a4ab70282c2710eb54252f14921bf980b81a928c,38a28cddcb8cddc1b419ca630eed8a26d7f3285cca4bb08ade0438fd68a34ecd,ef49bf69d6ea9461adb10268da09f14f9cc24d457c0183ddd703c26140842d82,feb7c82b3f0a8bd88b8c97ea35fe13e92fa33ae2ef2b3490e8bb206b3e446907,3aa482a085cf0d3dc5752c5b378e1941526ad4b192598a715e429bdc0e2bca9d,a031edfb370ba2cbf4ca36f2e4cdf909858ef21950ba7bc55a55bcd5e8def634,binary_turnover_transfer,related HR turnover task transfer,employee_turnover_related_task_transfer,0;1,1.0,without_last_evaluation,10.0,5.0,5000.0,False,False,False,Supplementary related turnover-task transfer only; not employee-performance validation and not transport.,,,,,,,,,,,,,,,,,,,,,,,
canonical_v2_20260714T221501Z_483f96f,51415c2ce68c89d9ce2b042b0a7a811fe3e98180b72460006f9d0465f6bf49b7,caffb945d15f990e3a789e9707f7a8a9115be31fecbbd705822994a10cfaf151,f1e358e99914563305428cece1b1595bc76a58643184407ec5b222162d650332,98ae57b622a56983192975c5bff94374ed51322f13c76af633c3c96ceb198cdd,restricted_and_binary_task_evidence,source_declared_supplementary_dataset,independently_trained_task_specific_xgboost_models,task_bounded_independent_nested_robustness_and_transfer,not_applicable_or_resolved_by_source_contract,paired_stratified_percentile_bootstrap_5000_draws_within_task,external_robustness/metric_applicability.csv,2f14c4021e13ddd38c275d8457415156ff8e01960c3549a74bc51fe8e82ada14,metric_applicability,1,483f96fdbaab16cb0f32d03d9dbe676a759af44a,18bbb5cb3dae267eac18f3cc60082e5023843b01bd565f8912555fc9c83aa329,ibm_performance,,,,,,,,restricted_target_performance_robustness,,ibm_restricted_target_performance_robustness,,4.0,,,,,,False,,,accuracy,True,,"The observed 3/4-only target is evaluated as a restricted binary robustness task with class 4 as the predeclared positive class. Binary probability and ranking metrics apply, but ordinal distance, adjacency, severe-error, and multiclass Brier metrics are N/A because this task is not comparable with the primary 2/3/4 task.",,,,,,,,,,,,,,,,,,,
canonical_v2_20260714T221501Z_483f96f,51415c2ce68c89d9ce2b042b0a7a811fe3e98180b72460006f9d0465f6bf49b7,caffb945d15f990e3a789e9707f7a8a9115be31fecbbd705822994a10cfaf151,f1e358e99914563305428cece1b1595bc76a58643184407ec5b222162d650332,98ae57b622a56983192975c5bff94374ed51322f13c76af633c3c96ceb198cdd,restricted_and_binary_task_evidence,source_declared_supplementary_dataset,independently_trained_task_specific_xgboost_models,task_bounded_independent_nested_robustness_and_transfer,not_applicable_or_resolved_by_source_contract,paired_stratified_percentile_bootstrap_5000_draws_within_task,external_robustness/metric_applicability.csv,2f14c4021e13ddd38c275d8457415156ff8e01960c3549a74bc51fe8e82ada14,metric_applicability,2,483f96fdbaab16cb0f32d03d9dbe676a759af44a,18bbb5cb3dae267eac18f3cc60082e5023843b01bd565f8912555fc9c83aa329,ibm_performance,,,,,,,,restricted_target_performance_robustness,,ibm_restricted_target_performance_robustness,,4.0,,,,,,False,,,balanced_accuracy,True,,"The observed 3/4-only target is evaluated as a restricted binary robustness task with class 4 as the predeclared positive class. Binary probability and ranking metrics apply, but ordinal distance, adjacency, severe-error, and multiclass Brier metrics are N/A because this task is not comparable with the primary 2/3/4 task.",,,,,,,,,,,,,,,,,,,
canonical_v2_20260714T221501Z_483f96f,51415c2ce68c89d9ce2b042b0a7a811fe3e98180b72460006f9d0465f6bf49b7,caffb945d15f990e3a789e9707f7a8a9115be31fecbbd705822994a10cfaf151,f1e358e99914563305428cece1b1595bc76a58643184407ec5b222162d650332,98ae57b622a56983192975c5bff94374ed51322f13c76af633c3c96ceb198cdd,restricted_and_binary_task_evidence,source_declared_supplementary_dataset,independently_trained_task_specific_xgboost_models,task_bounded_independent_nested_robustness_and_transfer,not_applicable_or_resolved_by_source_contract,paired_stratified_percentile_bootstrap_5000_draws_within_task,external_robustness/metric_applicability.csv,2f14c4021e13ddd38c275d8457415156ff8e01960c3549a74bc51fe8e82ada14,metric_applicability,3,483f96fdbaab16cb0f32d03d9dbe676a759af44a,18bbb5cb3dae267eac18f3cc60082e5023843b01bd565f8912555fc9c83aa329,ibm_performance,,,,,,,,restricted_target_performance_robustness,,ibm_restricted_target_performance_robustness,,4.0,,,,,,False,,,macro_f1,True,,"The observed 3/4-only target is evaluated as a restricted binary robustness task with class 4 as the predeclared positive class. Binary probability and ranking metrics apply, but ordinal distance, adjacency, severe-error, and multiclass Brier metrics are N/A because this task is not comparable with the primary 2/3/4 task.",,,,,,,,,,,,,,,,,,,
canonical_v2_20260714T221501Z_483f96f,51415c2ce68c89d9ce2b042b0a7a811fe3e98180b72460006f9d0465f6bf49b7,caffb945d15f990e3a789e9707f7a8a9115be31fecbbd705822994a10cfaf151,f1e358e99914563305428cece1b1595bc76a58643184407ec5b222162d650332,98ae57b622a56983192975c5bff94374ed51322f13c76af633c3c96ceb198cdd,restricted_and_binary_task_evidence,source_declared_supplementary_dataset,independently_trained_task_specific_xgboost_models,task_bounded_independent_nested_robustness_and_transfer,not_applicable_or_resolved_by_source_contract,paired_stratified_percentile_bootstrap_5000_draws_within_task,external_robustness/metric_applicability.csv,2f14c4021e13ddd38c275d8457415156ff8e01960c3549a74bc51fe8e82ada14,metric_applicability,4,483f96fdbaab16cb0f32d03d9dbe676a759af44a,18bbb5cb3dae267eac18f3cc60082e5023843b01bd565f8912555fc9c83aa329,ibm_performance,,,,,,,,restricted_target_performance_robustness,,ibm_restricted_target_performance_robustness,,4.0,,,,,,False,,,weighted_f1,True,,"The observed 3/4-only target is evaluated as a restricted binary robustness task with class 4 as the predeclared positive class. Binary probability and ranking metrics apply, but ordinal distance, adjacency, severe-error, and multiclass Brier metrics are N/A because this task is not comparable with the primary 2/3/4 task.",,,,,,,,,,,,,,,,,,,
canonical_v2_20260714T221501Z_483f96f,51415c2ce68c89d9ce2b042b0a7a811fe3e98180b72460006f9d0465f6bf49b7,caffb945d15f990e3a789e9707f7a8a9115be31fecbbd705822994a10cfaf151,f1e358e99914563305428cece1b1595bc76a58643184407ec5b222162d650332,98ae57b622a56983192975c5bff94374ed51322f13c76af633c3c96ceb198cdd,restricted_and_binary_task_evidence,source_declared_supplementary_dataset,independently_trained_task_specific_xgboost_models,task_bounded_independent_nested_robustness_and_transfer,not_applicable_or_resolved_by_source_contract,paired_stratified_percentile_bootstrap_5000_draws_within_task,external_robustness/metric_applicability.csv,2f14c4021e13ddd38c275d8457415156ff8e01960c3549a74bc51fe8e82ada14,metric_applicability,5,483f96fdbaab16cb0f32d03d9dbe676a759af44a,18bbb5cb3dae267eac18f3cc60082e5023843b01bd565f8912555fc9c83aa329,ibm_performance,,,,,,,,restricted_target_performance_robustness,,ibm_restricted_target_performance_robustness,,4.0,,,,,,False,,,macro_precision,True,,"The observed 3/4-only target is evaluated as a restricted binary robustness task with class 4 as the predeclared positive class. Binary probability and ranking metrics apply, but ordinal distance, adjacency, severe-error, and multiclass Brier metrics are N/A because this task is not comparable with the primary 2/3/4 task.",,,,,,,,,,,,,,,,,,,
canonical_v2_20260714T221501Z_483f96f,51415c2ce68c89d9ce2b042b0a7a811fe3e98180b72460006f9d0465f6bf49b7,caffb945d15f990e3a789e9707f7a8a9115be31fecbbd705822994a10cfaf151,f1e358e99914563305428cece1b1595bc76a58643184407ec5b222162d650332,98ae57b622a56983192975c5bff94374ed51322f13c76af633c3c96ceb198cdd,restricted_and_binary_task_evidence,source_declared_supplementary_dataset,independently_trained_task_specific_xgboost_models,task_bounded_independent_nested_robustness_and_transfer,not_applicable_or_resolved_by_source_contract,paired_stratified_percentile_bootstrap_5000_draws_within_task,external_robustness/metric_applicability.csv,2f14c4021e13ddd38c275d8457415156ff8e01960c3549a74bc51fe8e82ada14,metric_applicability,6,483f96fdbaab16cb0f32d03d9dbe676a759af44a,18bbb5cb3dae267eac18f3cc60082e5023843b01bd565f8912555fc9c83aa329,ibm_performance,,,,,,,,restricted_target_performance_robustness,,ibm_restricted_target_performance_robustness,,4.0,,,,,,False,,,weighted_precision,True,,"The observed 3/4-only target is evaluated as a restricted binary robustness task with class 4 as the predeclared positive class. Binary probability and ranking metrics apply, but ordinal distance, adjacency, severe-error, and multiclass Brier metrics are N/A because this task is not comparable with the primary 2/3/4 task.",,,,,,,,,,,,,,,,,,,
canonical_v2_20260714T221501Z_483f96f,51415c2ce68c89d9ce2b042b0a7a811fe3e98180b72460006f9d0465f6bf49b7,caffb945d15f990e3a789e9707f7a8a9115be31fecbbd705822994a10cfaf151,f1e358e99914563305428cece1b1595bc76a58643184407ec5b222162d650332,98ae57b622a56983192975c5bff94374ed51322f13c76af633c3c96ceb198cdd,restricted_and_binary_task_evidence,source_declared_supplementary_dataset,independently_trained_task_specific_xgboost_models,task_bounded_independent_nested_robustness_and_transfer,not_applicable_or_resolved_by_source_contract,paired_stratified_percentile_bootstrap_5000_draws_within_task,external_robustness/metric_applicability.csv,2f14c4021e13ddd38c275d8457415156ff8e01960c3549a74bc51fe8e82ada14,metric_applicability,7,483f96fdbaab16cb0f32d03d9dbe676a759af44a,18bbb5cb3dae267eac18f3cc60082e5023843b01bd565f8912555fc9c83aa329,ibm_performance,,,,,,,,restricted_target_performance_robustness,,ibm_restricted_target_performance_robustness,,4.0,,,,,,False,,,macro_recall,True,,"The observed 3/4-only target is evaluated as a restricted binary robustness task with class 4 as the predeclared positive class. Binary probability and ranking metrics apply, but ordinal distance, adjacency, severe-error, and multiclass Brier metrics are N/A because this task is not comparable with the primary 2/3/4 task.",,,,,,,,,,,,,,,,,,,
canonical_v2_20260714T221501Z_483f96f,51415c2ce68c89d9ce2b042b0a7a811fe3e98180b72460006f9d0465f6bf49b7,caffb945d15f990e3a789e9707f7a8a9115be31fecbbd705822994a10cfaf151,f1e358e99914563305428cece1b1595bc76a58643184407ec5b222162d650332,98ae57b622a56983192975c5bff94374ed51322f13c76af633c3c96ceb198cdd,restricted_and_binary_task_evidence,source_declared_supplementary_dataset,independently_trained_task_specific_xgboost_models,task_bounded_independent_nested_robustness_and_transfer,not_applicable_or_resolved_by_source_contract,paired_stratified_percentile_bootstrap_5000_draws_within_task,external_robustness/metric_applicability.csv,2f14c4021e13ddd38c275d8457415156ff8e01960c3549a74bc51fe8e82ada14,metric_applicability,8,483f96fdbaab16cb0f32d03d9dbe676a759af44a,18bbb5cb3dae267eac18f3cc60082e5023843b01bd565f8912555fc9c83aa329,ibm_performance,,,,,,,,restricted_target_performance_robustness,,ibm_restricted_target_performance_robustness,,4.0,,,,,,False,,,weighted_recall,True,,"The observed 3/4-only target is evaluated as a restricted binary robustness task with class 4 as the predeclared positive class. Binary probability and ranking metrics apply, but ordinal distance, adjacency, severe-error, and multiclass Brier metrics are N/A because this task is not comparable with the primary 2/3/4 task.",,,,,,,,,,,,,,,,,,,
canonical_v2_20260714T221501Z_483f96f,51415c2ce68c89d9ce2b042b0a7a811fe3e98180b72460006f9d0465f6bf49b7,caffb945d15f990e3a789e9707f7a8a9115be31fecbbd705822994a10cfaf151,f1e358e99914563305428cece1b1595bc76a58643184407ec5b222162d650332,98ae57b622a56983192975c5bff94374ed51322f13c76af633c3c96ceb198cdd,restricted_and_binary_task_evidence,source_declared_supplementary_dataset,independently_trained_task_specific_xgboost_models,task_bounded_independent_nested_robustness_and_transfer,not_applicable_or_resolved_by_source_contract,paired_stratified_percentile_bootstrap_5000_draws_within_task,external_robustness/metric_applicability.csv,2f14c4021e13ddd38c275d8457415156ff8e01960c3549a74bc51fe8e82ada14,metric_applicability,9,483f96fdbaab16cb0f32d03d9dbe676a759af44a,18bbb5cb3dae267eac18f3cc60082e5023843b01bd565f8912555fc9c83aa329,ibm_performance,,,,,,,,restricted_target_performance_robustness,,ibm_restricted_target_performance_robustness,,4.0,,,,,,False,,,quadratic_weighted_kappa,False,N/A,"The observed 3/4-only target is evaluated as a restricted binary robustness task with class 4 as the predeclared positive class. Binary probability and ranking metrics apply, but ordinal distance, adjacency, severe-error, and multiclass Brier metrics are N/A because this task is not comparable with the primary 2/3/4 task.",,,,,,,,,,,,,,,,,,,
canonical_v2_20260714T221501Z_483f96f,51415c2ce68c89d9ce2b042b0a7a811fe3e98180b72460006f9d0465f6bf49b7,caffb945d15f990e3a789e9707f7a8a9115be31fecbbd705822994a10cfaf151,f1e358e99914563305428cece1b1595bc76a58643184407ec5b222162d650332,98ae57b622a56983192975c5bff94374ed51322f13c76af633c3c96ceb198cdd,restricted_and_binary_task_evidence,source_declared_supplementary_dataset,independently_trained_task_specific_xgboost_models,task_bounded_independent_nested_robustness_and_transfer,not_applicable_or_resolved_by_source_contract,paired_stratified_percentile_bootstrap_5000_draws_within_task,external_robustness/metric_applicability.csv,2f14c4021e13ddd38c275d8457415156ff8e01960c3549a74bc51fe8e82ada14,metric_applicability,10,483f96fdbaab16cb0f32d03d9dbe676a759af44a,18bbb5cb3dae267eac18f3cc60082e5023843b01bd565f8912555fc9c83aa329,ibm_performance,,,,,,,,restricted_target_performance_robustness,,ibm_restricted_target_performance_robustness,,4.0,,,,,,False,,,ordinal_mae,False,N/A,"The observed 3/4-only target is evaluated as a restricted binary robustness task with class 4 as the predeclared positive class. Binary probability and ranking metrics apply, but ordinal distance, adjacency, severe-error, and multiclass Brier metrics are N/A because this task is not comparable with the primary 2/3/4 task.",,,,,,,,,,,,,,,,,,,
canonical_v2_20260714T221501Z_483f96f,51415c2ce68c89d9ce2b042b0a7a811fe3e98180b72460006f9d0465f6bf49b7,caffb945d15f990e3a789e9707f7a8a9115be31fecbbd705822994a10cfaf151,f1e358e99914563305428cece1b1595bc76a58643184407ec5b222162d650332,98ae57b622a56983192975c5bff94374ed51322f13c76af633c3c96ceb198cdd,restricted_and_binary_task_evidence,source_declared_supplementary_dataset,independently_trained_task_specific_xgboost_models,task_bounded_independent_nested_robustness_and_transfer,not_applicable_or_resolved_by_source_contract,paired_stratified_percentile_bootstrap_5000_draws_within_task,external_robustness/metric_applicability.csv,2f14c4021e13ddd38c275d8457415156ff8e01960c3549a74bc51fe8e82ada14,metric_applicability,11,483f96fdbaab16cb0f32d03d9dbe676a759af44a,18bbb5cb3dae267eac18f3cc60082e5023843b01bd565f8912555fc9c83aa329,ibm_performance,,,,,,,,restricted_target_performance_robustness,,ibm_restricted_target_performance_robustness,,4.0,,,,,,False,,,adjacent_accuracy,False,N/A,"The observed 3/4-only target is evaluated as a restricted binary robustness task with class 4 as the predeclared positive class. Binary probability and ranking metrics apply, but ordinal distance, adjacency, severe-error, and multiclass Brier metrics are N/A because this task is not comparable with the primary 2/3/4 task.",,,,,,,,,,,,,,,,,,,
canonical_v2_20260714T221501Z_483f96f,51415c2ce68c89d9ce2b042b0a7a811fe3e98180b72460006f9d0465f6bf49b7,caffb945d15f990e3a789e9707f7a8a9115be31fecbbd705822994a10cfaf151,f1e358e99914563305428cece1b1595bc76a58643184407ec5b222162d650332,98ae57b622a56983192975c5bff94374ed51322f13c76af633c3c96ceb198cdd,restricted_and_binary_task_evidence,source_declared_supplementary_dataset,independently_trained_task_specific_xgboost_models,task_bounded_independent_nested_robustness_and_transfer,not_applicable_or_resolved_by_source_contract,paired_stratified_percentile_bootstrap_5000_draws_within_task,external_robustness/metric_applicability.csv,2f14c4021e13ddd38c275d8457415156ff8e01960c3549a74bc51fe8e82ada14,metric_applicability,12,483f96fdbaab16cb0f32d03d9dbe676a759af44a,18bbb5cb3dae267eac18f3cc60082e5023843b01bd565f8912555fc9c83aa329,ibm_performance,,,,,,,,restricted_target_performance_robustness,,ibm_restricted_target_performance_robustness,,4.0,,,,,,False,,,severe_error_rate,False,N/A,"The observed 3/4-only target is evaluated as a restricted binary robustness task with class 4 as the predeclared positive class. Binary probability and ranking metrics apply, but ordinal distance, adjacency, severe-error, and multiclass Brier metrics are N/A because this task is not comparable with the primary 2/3/4 task.",,,,,,,,,,,,,,,,,,,
canonical_v2_20260714T221501Z_483f96f,51415c2ce68c89d9ce2b042b0a7a811fe3e98180b72460006f9d0465f6bf49b7,caffb945d15f990e3a789e9707f7a8a9115be31fecbbd705822994a10cfaf151,f1e358e99914563305428cece1b1595bc76a58643184407ec5b222162d650332,98ae57b622a56983192975c5bff94374ed51322f13c76af633c3c96ceb198cdd,restricted_and_binary_task_evidence,source_declared_supplementary_dataset,independently_trained_task_specific_xgboost_models,task_bounded_independent_nested_robustness_and_transfer,not_applicable_or_resolved_by_source_contract,paired_stratified_percentile_bootstrap_5000_draws_within_task,external_robustness/metric_applicability.csv,2f14c4021e13ddd38c275d8457415156ff8e01960c3549a74bc51fe8e82ada14,metric_applicability,13,483f96fdbaab16cb0f32d03d9dbe676a759af44a,18bbb5cb3dae267eac18f3cc60082e5023843b01bd565f8912555fc9c83aa329,ibm_performance,,,,,,,,restricted_target_performance_robustness,,ibm_restricted_target_performance_robustness,,4.0,,,,,,False,,,nll_log_loss,True,,"The observed 3/4-only target is evaluated as a restricted binary robustness task with class 4 as the predeclared positive class. Binary probability and ranking metrics apply, but ordinal distance, adjacency, severe-error, and multiclass Brier metrics are N/A because this task is not comparable with the primary 2/3/4 task.",,,,,,,,,,,,,,,,,,,
canonical_v2_20260714T221501Z_483f96f,51415c2ce68c89d9ce2b042b0a7a811fe3e98180b72460006f9d0465f6bf49b7,caffb945d15f990e3a789e9707f7a8a9115be31fecbbd705822994a10cfaf151,f1e358e99914563305428cece1b1595bc76a58643184407ec5b222162d650332,98ae57b622a56983192975c5bff94374ed51322f13c76af633c3c96ceb198cdd,restricted_and_binary_task_evidence,source_declared_supplementary_dataset,independently_trained_task_specific_xgboost_models,task_bounded_independent_nested_robustness_and_transfer,not_applicable_or_resolved_by_source_contract,paired_stratified_percentile_bootstrap_5000_draws_within_task,external_robustness/metric_applicability.csv,2f14c4021e13ddd38c275d8457415156ff8e01960c3549a74bc51fe8e82ada14,metric_applicability,14,483f96fdbaab16cb0f32d03d9dbe676a759af44a,18bbb5cb3dae267eac18f3cc60082e5023843b01bd565f8912555fc9c83aa329,ibm_performance,,,,,,,,restricted_target_performance_robustness,,ibm_restricted_target_performance_robustness,,4.0,,,,,,False,,,multiclass_brier,False,N/A,"The observed 3/4-only target is evaluated as a restricted binary robustness task with class 4 as the predeclared positive class. Binary probability and ranking metrics apply, but ordinal distance, adjacency, severe-error, and multiclass Brier metrics are N/A because this task is not comparable with the primary 2/3/4 task.",,,,,,,,,,,,,,,,,,,
canonical_v2_20260714T221501Z_483f96f,51415c2ce68c89d9ce2b042b0a7a811fe3e98180b72460006f9d0465f6bf49b7,caffb945d15f990e3a789e9707f7a8a9115be31fecbbd705822994a10cfaf151,f1e358e99914563305428cece1b1595bc76a58643184407ec5b222162d650332,98ae57b622a56983192975c5bff94374ed51322f13c76af633c3c96ceb198cdd,restricted_and_binary_task_evidence,source_declared_supplementary_dataset,independently_trained_task_specific_xgboost_models,task_bounded_independent_nested_robustness_and_transfer,not_applicable_or_resolved_by_source_contract,paired_stratified_percentile_bootstrap_5000_draws_within_task,external_robustness/metric_applicability.csv,2f14c4021e13ddd38c275d8457415156ff8e01960c3549a74bc51fe8e82ada14,metric_applicability,15,483f96fdbaab16cb0f32d03d9dbe676a759af44a,18bbb5cb3dae267eac18f3cc60082e5023843b01bd565f8912555fc9c83aa329,ibm_performance,,,,,,,,restricted_target_performance_robustness,,ibm_restricted_target_performance_robustness,,4.0,,,,,,False,,,binary_brier,True,,"The observed 3/4-only target is evaluated as a restricted binary robustness task with class 4 as the predeclared positive class. Binary probability and ranking metrics apply, but ordinal distance, adjacency, severe-error, and multiclass Brier metrics are N/A because this task is not comparable with the primary 2/3/4 task.",,,,,,,,,,,,,,,,,,,
canonical_v2_20260714T221501Z_483f96f,51415c2ce68c89d9ce2b042b0a7a811fe3e98180b72460006f9d0465f6bf49b7,caffb945d15f990e3a789e9707f7a8a9115be31fecbbd705822994a10cfaf151,f1e358e99914563305428cece1b1595bc76a58643184407ec5b222162d650332,98ae57b622a56983192975c5bff94374ed51322f13c76af633c3c96ceb198cdd,restricted_and_binary_task_evidence,source_declared_supplementary_dataset,independently_trained_task_specific_xgboost_models,task_bounded_independent_nested_robustness_and_transfer,not_applicable_or_resolved_by_source_contract,paired_stratified_percentile_bootstrap_5000_draws_within_task,external_robustness/metric_applicability.csv,2f14c4021e13ddd38c275d8457415156ff8e01960c3549a74bc51fe8e82ada14,metric_applicability,16,483f96fdbaab16cb0f32d03d9dbe676a759af44a,18bbb5cb3dae267eac18f3cc60082e5023843b01bd565f8912555fc9c83aa329,ibm_performance,,,,,,,,restricted_target_performance_robustness,,ibm_restricted_target_performance_robustness,,4.0,,,,,,False,,,roc_auc,True,,"The observed 3/4-only target is evaluated as a restricted binary robustness task with class 4 as the predeclared positive class. Binary probability and ranking metrics apply, but ordinal distance, adjacency, severe-error, and multiclass Brier metrics are N/A because this task is not comparable with the primary 2/3/4 task.",,,,,,,,,,,,,,,,,,,
canonical_v2_20260714T221501Z_483f96f,51415c2ce68c89d9ce2b042b0a7a811fe3e98180b72460006f9d0465f6bf49b7,caffb945d15f990e3a789e9707f7a8a9115be31fecbbd705822994a10cfaf151,f1e358e99914563305428cece1b1595bc76a58643184407ec5b222162d650332,98ae57b622a56983192975c5bff94374ed51322f13c76af633c3c96ceb198cdd,restricted_and_binary_task_evidence,source_declared_supplementary_dataset,independently_trained_task_specific_xgboost_models,task_bounded_independent_nested_robustness_and_transfer,not_applicable_or_resolved_by_source_contract,paired_stratified_percentile_bootstrap_5000_draws_within_task,external_robustness/metric_applicability.csv,2f14c4021e13ddd38c275d8457415156ff8e01960c3549a74bc51fe8e82ada14,metric_applicability,17,483f96fdbaab16cb0f32d03d9dbe676a759af44a,18bbb5cb3dae267eac18f3cc60082e5023843b01bd565f8912555fc9c83aa329,ibm_performance,,,,,,,,restricted_target_performance_robustness,,ibm_restricted_target_performance_robustness,,4.0,,,,,,False,,,average_precision,True,,"The observed 3/4-only target is evaluated as a restricted binary robustness task with class 4 as the predeclared positive class. Binary probability and ranking metrics apply, but ordinal distance, adjacency, severe-error, and multiclass Brier metrics are N/A because this task is not comparable with the primary 2/3/4 task.",,,,,,,,,,,,,,,,,,,
canonical_v2_20260714T221501Z_483f96f,51415c2ce68c89d9ce2b042b0a7a811fe3e98180b72460006f9d0465f6bf49b7,caffb945d15f990e3a789e9707f7a8a9115be31fecbbd705822994a10cfaf151,f1e358e99914563305428cece1b1595bc76a58643184407ec5b222162d650332,98ae57b622a56983192975c5bff94374ed51322f13c76af633c3c96ceb198cdd,restricted_and_binary_task_evidence,source_declared_supplementary_dataset,independently_trained_task_specific_xgboost_models,task_bounded_independent_nested_robustness_and_transfer,not_applicable_or_resolved_by_source_contract,paired_stratified_percentile_bootstrap_5000_draws_within_task,external_robustness/metric_applicability.csv,2f14c4021e13ddd38c275d8457415156ff8e01960c3549a74bc51fe8e82ada14,metric_applicability,18,483f96fdbaab16cb0f32d03d9dbe676a759af44a,18bbb5cb3dae267eac18f3cc60082e5023843b01bd565f8912555fc9c83aa329,ibm_performance,,,,,,,,restricted_target_performance_robustness,,ibm_restricted_target_performance_robustness,,4.0,,,,,,False,,,ece_confidence,True,,"The observed 3/4-only target is evaluated as a restricted binary robustness task with class 4 as the predeclared positive class. Binary probability and ranking metrics apply, but ordinal distance, adjacency, severe-error, and multiclass Brier metrics are N/A because this task is not comparable with the primary 2/3/4 task.",,,,,,,,,,,,,,,,,,,
canonical_v2_20260714T221501Z_483f96f,51415c2ce68c89d9ce2b042b0a7a811fe3e98180b72460006f9d0465f6bf49b7,caffb945d15f990e3a789e9707f7a8a9115be31fecbbd705822994a10cfaf151,f1e358e99914563305428cece1b1595bc76a58643184407ec5b222162d650332,98ae57b622a56983192975c5bff94374ed51322f13c76af633c3c96ceb198cdd,restricted_and_binary_task_evidence,source_declared_supplementary_dataset,independently_trained_task_specific_xgboost_models,task_bounded_independent_nested_robustness_and_transfer,not_applicable_or_resolved_by_source_contract,paired_stratified_percentile_bootstrap_5000_draws_within_task,external_robustness/metric_applicability.csv,2f14c4021e13ddd38c275d8457415156ff8e01960c3549a74bc51fe8e82ada14,metric_applicability,19,483f96fdbaab16cb0f32d03d9dbe676a759af44a,18bbb5cb3dae267eac18f3cc60082e5023843b01bd565f8912555fc9c83aa329,ibm_attrition,,,,,,,,binary_attrition_transfer,,ibm_attrition_related_task_transfer,,1.0,,,,,,False,,,accuracy,True,,"Ordinal metrics are N/A for binary attrition transfer; in particular, |y_true-y_pred|>1 is structurally impossible and must not be reported as zero risk.",,,,,,,,,,,,,,,,,,,
canonical_v2_20260714T221501Z_483f96f,51415c2ce68c89d9ce2b042b0a7a811fe3e98180b72460006f9d0465f6bf49b7,caffb945d15f990e3a789e9707f7a8a9115be31fecbbd705822994a10cfaf151,f1e358e99914563305428cece1b1595bc76a58643184407ec5b222162d650332,98ae57b622a56983192975c5bff94374ed51322f13c76af633c3c96ceb198cdd,restricted_and_binary_task_evidence,source_declared_supplementary_dataset,independently_trained_task_specific_xgboost_models,task_bounded_independent_nested_robustness_and_transfer,not_applicable_or_resolved_by_source_contract,paired_stratified_percentile_bootstrap_5000_draws_within_task,external_robustness/metric_applicability.csv,2f14c4021e13ddd38c275d8457415156ff8e01960c3549a74bc51fe8e82ada14,metric_applicability,20,483f96fdbaab16cb0f32d03d9dbe676a759af44a,18bbb5cb3dae267eac18f3cc60082e5023843b01bd565f8912555fc9c83aa329,ibm_attrition,,,,,,,,binary_attrition_transfer,,ibm_attrition_related_task_transfer,,1.0,,,,,,False,,,balanced_accuracy,True,,"Ordinal metrics are N/A for binary attrition transfer; in particular, |y_true-y_pred|>1 is structurally impossible and must not be reported as zero risk.",,,,,,,,,,,,,,,,,,,
canonical_v2_20260714T221501Z_483f96f,51415c2ce68c89d9ce2b042b0a7a811fe3e98180b72460006f9d0465f6bf49b7,caffb945d15f990e3a789e9707f7a8a9115be31fecbbd705822994a10cfaf151,f1e358e99914563305428cece1b1595bc76a58643184407ec5b222162d650332,98ae57b622a56983192975c5bff94374ed51322f13c76af633c3c96ceb198cdd,restricted_and_binary_task_evidence,source_declared_supplementary_dataset,independently_trained_task_specific_xgboost_models,task_bounded_independent_nested_robustness_and_transfer,not_applicable_or_resolved_by_source_contract,paired_stratified_percentile_bootstrap_5000_draws_within_task,external_robustness/metric_applicability.csv,2f14c4021e13ddd38c275d8457415156ff8e01960c3549a74bc51fe8e82ada14,metric_applicability,21,483f96fdbaab16cb0f32d03d9dbe676a759af44a,18bbb5cb3dae267eac18f3cc60082e5023843b01bd565f8912555fc9c83aa329,ibm_attrition,,,,,,,,binary_attrition_transfer,,ibm_attrition_related_task_transfer,,1.0,,,,,,False,,,macro_f1,True,,"Ordinal metrics are N/A for binary attrition transfer; in particular, |y_true-y_pred|>1 is structurally impossible and must not be reported as zero risk.",,,,,,,,,,,,,,,,,,,
canonical_v2_20260714T221501Z_483f96f,51415c2ce68c89d9ce2b042b0a7a811fe3e98180b72460006f9d0465f6bf49b7,caffb945d15f990e3a789e9707f7a8a9115be31fecbbd705822994a10cfaf151,f1e358e99914563305428cece1b1595bc76a58643184407ec5b222162d650332,98ae57b622a56983192975c5bff94374ed51322f13c76af633c3c96ceb198cdd,restricted_and_binary_task_evidence,source_declared_supplementary_dataset,independently_trained_task_specific_xgboost_models,task_bounded_independent_nested_robustness_and_transfer,not_applicable_or_resolved_by_source_contract,paired_stratified_percentile_bootstrap_5000_draws_within_task,external_robustness/metric_applicability.csv,2f14c4021e13ddd38c275d8457415156ff8e01960c3549a74bc51fe8e82ada14,metric_applicability,22,483f96fdbaab16cb0f32d03d9dbe676a759af44a,18bbb5cb3dae267eac18f3cc60082e5023843b01bd565f8912555fc9c83aa329,ibm_attrition,,,,,,,,binary_attrition_transfer,,ibm_attrition_related_task_transfer,,1.0,,,,,,False,,,weighted_f1,True,,"Ordinal metrics are N/A for binary attrition transfer; in particular, |y_true-y_pred|>1 is structurally impossible and must not be reported as zero risk.",,,,,,,,,,,,,,,,,,,
canonical_v2_20260714T221501Z_483f96f,51415c2ce68c89d9ce2b042b0a7a811fe3e98180b72460006f9d0465f6bf49b7,caffb945d15f990e3a789e9707f7a8a9115be31fecbbd705822994a10cfaf151,f1e358e99914563305428cece1b1595bc76a58643184407ec5b222162d650332,98ae57b622a56983192975c5bff94374ed51322f13c76af633c3c96ceb198cdd,restricted_and_binary_task_evidence,source_declared_supplementary_dataset,independently_trained_task_specific_xgboost_models,task_bounded_independent_nested_robustness_and_transfer,not_applicable_or_resolved_by_source_contract,paired_stratified_percentile_bootstrap_5000_draws_within_task,external_robustness/metric_applicability.csv,2f14c4021e13ddd38c275d8457415156ff8e01960c3549a74bc51fe8e82ada14,metric_applicability,23,483f96fdbaab16cb0f32d03d9dbe676a759af44a,18bbb5cb3dae267eac18f3cc60082e5023843b01bd565f8912555fc9c83aa329,ibm_attrition,,,,,,,,binary_attrition_transfer,,ibm_attrition_related_task_transfer,,1.0,,,,,,False,,,macro_precision,True,,"Ordinal metrics are N/A for binary attrition transfer; in particular, |y_true-y_pred|>1 is structurally impossible and must not be reported as zero risk.",,,,,,,,,,,,,,,,,,,
canonical_v2_20260714T221501Z_483f96f,51415c2ce68c89d9ce2b042b0a7a811fe3e98180b72460006f9d0465f6bf49b7,caffb945d15f990e3a789e9707f7a8a9115be31fecbbd705822994a10cfaf151,f1e358e99914563305428cece1b1595bc76a58643184407ec5b222162d650332,98ae57b622a56983192975c5bff94374ed51322f13c76af633c3c96ceb198cdd,restricted_and_binary_task_evidence,source_declared_supplementary_dataset,independently_trained_task_specific_xgboost_models,task_bounded_independent_nested_robustness_and_transfer,not_applicable_or_resolved_by_source_contract,paired_stratified_percentile_bootstrap_5000_draws_within_task,external_robustness/metric_applicability.csv,2f14c4021e13ddd38c275d8457415156ff8e01960c3549a74bc51fe8e82ada14,metric_applicability,24,483f96fdbaab16cb0f32d03d9dbe676a759af44a,18bbb5cb3dae267eac18f3cc60082e5023843b01bd565f8912555fc9c83aa329,ibm_attrition,,,,,,,,binary_attrition_transfer,,ibm_attrition_related_task_transfer,,1.0,,,,,,False,,,weighted_precision,True,,"Ordinal metrics are N/A for binary attrition transfer; in particular, |y_true-y_pred|>1 is structurally impossible and must not be reported as zero risk.",,,,,,,,,,,,,,,,,,,
canonical_v2_20260714T221501Z_483f96f,51415c2ce68c89d9ce2b042b0a7a811fe3e98180b72460006f9d0465f6bf49b7,caffb945d15f990e3a789e9707f7a8a9115be31fecbbd705822994a10cfaf151,f1e358e99914563305428cece1b1595bc76a58643184407ec5b222162d650332,98ae57b622a56983192975c5bff94374ed51322f13c76af633c3c96ceb198cdd,restricted_and_binary_task_evidence,source_declared_supplementary_dataset,independently_trained_task_specific_xgboost_models,task_bounded_independent_nested_robustness_and_transfer,not_applicable_or_resolved_by_source_contract,paired_stratified_percentile_bootstrap_5000_draws_within_task,external_robustness/metric_applicability.csv,2f14c4021e13ddd38c275d8457415156ff8e01960c3549a74bc51fe8e82ada14,metric_applicability,25,483f96fdbaab16cb0f32d03d9dbe676a759af44a,18bbb5cb3dae267eac18f3cc60082e5023843b01bd565f8912555fc9c83aa329,ibm_attrition,,,,,,,,binary_attrition_transfer,,ibm_attrition_related_task_transfer,,1.0,,,,,,False,,,macro_recall,True,,"Ordinal metrics are N/A for binary attrition transfer; in particular, |y_true-y_pred|>1 is structurally impossible and must not be reported as zero risk.",,,,,,,,,,,,,,,,,,,
canonical_v2_20260714T221501Z_483f96f,51415c2ce68c89d9ce2b042b0a7a811fe3e98180b72460006f9d0465f6bf49b7,caffb945d15f990e3a789e9707f7a8a9115be31fecbbd705822994a10cfaf151,f1e358e99914563305428cece1b1595bc76a58643184407ec5b222162d650332,98ae57b622a56983192975c5bff94374ed51322f13c76af633c3c96ceb198cdd,restricted_and_binary_task_evidence,source_declared_supplementary_dataset,independently_trained_task_specific_xgboost_models,task_bounded_independent_nested_robustness_and_transfer,not_applicable_or_resolved_by_source_contract,paired_stratified_percentile_bootstrap_5000_draws_within_task,external_robustness/metric_applicability.csv,2f14c4021e13ddd38c275d8457415156ff8e01960c3549a74bc51fe8e82ada14,metric_applicability,26,483f96fdbaab16cb0f32d03d9dbe676a759af44a,18bbb5cb3dae267eac18f3cc60082e5023843b01bd565f8912555fc9c83aa329,ibm_attrition,,,,,,,,binary_attrition_transfer,,ibm_attrition_related_task_transfer,,1.0,,,,,,False,,,weighted_recall,True,,"Ordinal metrics are N/A for binary attrition transfer; in particular, |y_true-y_pred|>1 is structurally impossible and must not be reported as zero risk.",,,,,,,,,,,,,,,,,,,
canonical_v2_20260714T221501Z_483f96f,51415c2ce68c89d9ce2b042b0a7a811fe3e98180b72460006f9d0465f6bf49b7,caffb945d15f990e3a789e9707f7a8a9115be31fecbbd705822994a10cfaf151,f1e358e99914563305428cece1b1595bc76a58643184407ec5b222162d650332,98ae57b622a56983192975c5bff94374ed51322f13c76af633c3c96ceb198cdd,restricted_and_binary_task_evidence,source_declared_supplementary_dataset,independently_trained_task_specific_xgboost_models,task_bounded_independent_nested_robustness_and_transfer,not_applicable_or_resolved_by_source_contract,paired_stratified_percentile_bootstrap_5000_draws_within_task,external_robustness/metric_applicability.csv,2f14c4021e13ddd38c275d8457415156ff8e01960c3549a74bc51fe8e82ada14,metric_applicability,27,483f96fdbaab16cb0f32d03d9dbe676a759af44a,18bbb5cb3dae267eac18f3cc60082e5023843b01bd565f8912555fc9c83aa329,ibm_attrition,,,,,,,,binary_attrition_transfer,,ibm_attrition_related_task_transfer,,1.0,,,,,,False,,,quadratic_weighted_kappa,False,N/A,"Ordinal metrics are N/A for binary attrition transfer; in particular, |y_true-y_pred|>1 is structurally impossible and must not be reported as zero risk.",,,,,,,,,,,,,,,,,,,
canonical_v2_20260714T221501Z_483f96f,51415c2ce68c89d9ce2b042b0a7a811fe3e98180b72460006f9d0465f6bf49b7,caffb945d15f990e3a789e9707f7a8a9115be31fecbbd705822994a10cfaf151,f1e358e99914563305428cece1b1595bc76a58643184407ec5b222162d650332,98ae57b622a56983192975c5bff94374ed51322f13c76af633c3c96ceb198cdd,restricted_and_binary_task_evidence,source_declared_supplementary_dataset,independently_trained_task_specific_xgboost_models,task_bounded_independent_nested_robustness_and_transfer,not_applicable_or_resolved_by_source_contract,paired_stratified_percentile_bootstrap_5000_draws_within_task,external_robustness/metric_applicability.csv,2f14c4021e13ddd38c275d8457415156ff8e01960c3549a74bc51fe8e82ada14,metric_applicability,28,483f96fdbaab16cb0f32d03d9dbe676a759af44a,18bbb5cb3dae267eac18f3cc60082e5023843b01bd565f8912555fc9c83aa329,ibm_attrition,,,,,,,,binary_attrition_transfer,,ibm_attrition_related_task_transfer,,1.0,,,,,,False,,,ordinal_mae,False,N/A,"Ordinal metrics are N/A for binary attrition transfer; in particular, |y_true-y_pred|>1 is structurally impossible and must not be reported as zero risk.",,,,,,,,,,,,,,,,,,,
canonical_v2_20260714T221501Z_483f96f,51415c2ce68c89d9ce2b042b0a7a811fe3e98180b72460006f9d0465f6bf49b7,caffb945d15f990e3a789e9707f7a8a9115be31fecbbd705822994a10cfaf151,f1e358e99914563305428cece1b1595bc76a58643184407ec5b222162d650332,98ae57b622a56983192975c5bff94374ed51322f13c76af633c3c96ceb198cdd,restricted_and_binary_task_evidence,source_declared_supplementary_dataset,independently_trained_task_specific_xgboost_models,task_bounded_independent_nested_robustness_and_transfer,not_applicable_or_resolved_by_source_contract,paired_stratified_percentile_bootstrap_5000_draws_within_task,external_robustness/metric_applicability.csv,2f14c4021e13ddd38c275d8457415156ff8e01960c3549a74bc51fe8e82ada14,metric_applicability,29,483f96fdbaab16cb0f32d03d9dbe676a759af44a,18bbb5cb3dae267eac18f3cc60082e5023843b01bd565f8912555fc9c83aa329,ibm_attrition,,,,,,,,binary_attrition_transfer,,ibm_attrition_related_task_transfer,,1.0,,,,,,False,,,adjacent_accuracy,False,N/A,"Ordinal metrics are N/A for binary attrition transfer; in particular, |y_true-y_pred|>1 is structurally impossible and must not be reported as zero risk.",,,,,,,,,,,,,,,,,,,
canonical_v2_20260714T221501Z_483f96f,51415c2ce68c89d9ce2b042b0a7a811fe3e98180b72460006f9d0465f6bf49b7,caffb945d15f990e3a789e9707f7a8a9115be31fecbbd705822994a10cfaf151,f1e358e99914563305428cece1b1595bc76a58643184407ec5b222162d650332,98ae57b622a56983192975c5bff94374ed51322f13c76af633c3c96ceb198cdd,restricted_and_binary_task_evidence,source_declared_supplementary_dataset,independently_trained_task_specific_xgboost_models,task_bounded_independent_nested_robustness_and_transfer,not_applicable_or_resolved_by_source_contract,paired_stratified_percentile_bootstrap_5000_draws_within_task,external_robustness/metric_applicability.csv,2f14c4021e13ddd38c275d8457415156ff8e01960c3549a74bc51fe8e82ada14,metric_applicability,30,483f96fdbaab16cb0f32d03d9dbe676a759af44a,18bbb5cb3dae267eac18f3cc60082e5023843b01bd565f8912555fc9c83aa329,ibm_attrition,,,,,,,,binary_attrition_transfer,,ibm_attrition_related_task_transfer,,1.0,,,,,,False,,,severe_error_rate,False,N/A,"Ordinal metrics are N/A for binary attrition transfer; in particular, |y_true-y_pred|>1 is structurally impossible and must not be reported as zero risk.",,,,,,,,,,,,,,,,,,,
canonical_v2_20260714T221501Z_483f96f,51415c2ce68c89d9ce2b042b0a7a811fe3e98180b72460006f9d0465f6bf49b7,caffb945d15f990e3a789e9707f7a8a9115be31fecbbd705822994a10cfaf151,f1e358e99914563305428cece1b1595bc76a58643184407ec5b222162d650332,98ae57b622a56983192975c5bff94374ed51322f13c76af633c3c96ceb198cdd,restricted_and_binary_task_evidence,source_declared_supplementary_dataset,independently_trained_task_specific_xgboost_models,task_bounded_independent_nested_robustness_and_transfer,not_applicable_or_resolved_by_source_contract,paired_stratified_percentile_bootstrap_5000_draws_within_task,external_robustness/metric_applicability.csv,2f14c4021e13ddd38c275d8457415156ff8e01960c3549a74bc51fe8e82ada14,metric_applicability,31,483f96fdbaab16cb0f32d03d9dbe676a759af44a,18bbb5cb3dae267eac18f3cc60082e5023843b01bd565f8912555fc9c83aa329,ibm_attrition,,,,,,,,binary_attrition_transfer,,ibm_attrition_related_task_transfer,,1.0,,,,,,False,,,nll_log_loss,True,,"Ordinal metrics are N/A for binary attrition transfer; in particular, |y_true-y_pred|>1 is structurally impossible and must not be reported as zero risk.",,,,,,,,,,,,,,,,,,,
canonical_v2_20260714T221501Z_483f96f,51415c2ce68c89d9ce2b042b0a7a811fe3e98180b72460006f9d0465f6bf49b7,caffb945d15f990e3a789e9707f7a8a9115be31fecbbd705822994a10cfaf151,f1e358e99914563305428cece1b1595bc76a58643184407ec5b222162d650332,98ae57b622a56983192975c5bff94374ed51322f13c76af633c3c96ceb198cdd,restricted_and_binary_task_evidence,source_declared_supplementary_dataset,independently_trained_task_specific_xgboost_models,task_bounded_independent_nested_robustness_and_transfer,not_applicable_or_resolved_by_source_contract,paired_stratified_percentile_bootstrap_5000_draws_within_task,external_robustness/metric_applicability.csv,2f14c4021e13ddd38c275d8457415156ff8e01960c3549a74bc51fe8e82ada14,metric_applicability,32,483f96fdbaab16cb0f32d03d9dbe676a759af44a,18bbb5cb3dae267eac18f3cc60082e5023843b01bd565f8912555fc9c83aa329,ibm_attrition,,,,,,,,binary_attrition_transfer,,ibm_attrition_related_task_transfer,,1.0,,,,,,False,,,multiclass_brier,False,N/A,"Ordinal metrics are N/A for binary attrition transfer; in particular, |y_true-y_pred|>1 is structurally impossible and must not be reported as zero risk.",,,,,,,,,,,,,,,,,,,
canonical_v2_20260714T221501Z_483f96f,51415c2ce68c89d9ce2b042b0a7a811fe3e98180b72460006f9d0465f6bf49b7,caffb945d15f990e3a789e9707f7a8a9115be31fecbbd705822994a10cfaf151,f1e358e99914563305428cece1b1595bc76a58643184407ec5b222162d650332,98ae57b622a56983192975c5bff94374ed51322f13c76af633c3c96ceb198cdd,restricted_and_binary_task_evidence,source_declared_supplementary_dataset,independently_trained_task_specific_xgboost_models,task_bounded_independent_nested_robustness_and_transfer,not_applicable_or_resolved_by_source_contract,paired_stratified_percentile_bootstrap_5000_draws_within_task,external_robustness/metric_applicability.csv,2f14c4021e13ddd38c275d8457415156ff8e01960c3549a74bc51fe8e82ada14,metric_applicability,33,483f96fdbaab16cb0f32d03d9dbe676a759af44a,18bbb5cb3dae267eac18f3cc60082e5023843b01bd565f8912555fc9c83aa329,ibm_attrition,,,,,,,,binary_attrition_transfer,,ibm_attrition_related_task_transfer,,1.0,,,,,,False,,,binary_brier,True,,"Ordinal metrics are N/A for binary attrition transfer; in particular, |y_true-y_pred|>1 is structurally impossible and must not be reported as zero risk.",,,,,,,,,,,,,,,,,,,
canonical_v2_20260714T221501Z_483f96f,51415c2ce68c89d9ce2b042b0a7a811fe3e98180b72460006f9d0465f6bf49b7,caffb945d15f990e3a789e9707f7a8a9115be31fecbbd705822994a10cfaf151,f1e358e99914563305428cece1b1595bc76a58643184407ec5b222162d650332,98ae57b622a56983192975c5bff94374ed51322f13c76af633c3c96ceb198cdd,restricted_and_binary_task_evidence,source_declared_supplementary_dataset,independently_trained_task_specific_xgboost_models,task_bounded_independent_nested_robustness_and_transfer,not_applicable_or_resolved_by_source_contract,paired_stratified_percentile_bootstrap_5000_draws_within_task,external_robustness/metric_applicability.csv,2f14c4021e13ddd38c275d8457415156ff8e01960c3549a74bc51fe8e82ada14,metric_applicability,34,483f96fdbaab16cb0f32d03d9dbe676a759af44a,18bbb5cb3dae267eac18f3cc60082e5023843b01bd565f8912555fc9c83aa329,ibm_attrition,,,,,,,,binary_attrition_transfer,,ibm_attrition_related_task_transfer,,1.0,,,,,,False,,,roc_auc,True,,"Ordinal metrics are N/A for binary attrition transfer; in particular, |y_true-y_pred|>1 is structurally impossible and must not be reported as zero risk.",,,,,,,,,,,,,,,,,,,
canonical_v2_20260714T221501Z_483f96f,51415c2ce68c89d9ce2b042b0a7a811fe3e98180b72460006f9d0465f6bf49b7,caffb945d15f990e3a789e9707f7a8a9115be31fecbbd705822994a10cfaf151,f1e358e99914563305428cece1b1595bc76a58643184407ec5b222162d650332,98ae57b622a56983192975c5bff94374ed51322f13c76af633c3c96ceb198cdd,restricted_and_binary_task_evidence,source_declared_supplementary_dataset,independently_trained_task_specific_xgboost_models,task_bounded_independent_nested_robustness_and_transfer,not_applicable_or_resolved_by_source_contract,paired_stratified_percentile_bootstrap_5000_draws_within_task,external_robustness/metric_applicability.csv,2f14c4021e13ddd38c275d8457415156ff8e01960c3549a74bc51fe8e82ada14,metric_applicability,35,483f96fdbaab16cb0f32d03d9dbe676a759af44a,18bbb5cb3dae267eac18f3cc60082e5023843b01bd565f8912555fc9c83aa329,ibm_attrition,,,,,,,,binary_attrition_transfer,,ibm_attrition_related_task_transfer,,1.0,,,,,,False,,,average_precision,True,,"Ordinal metrics are N/A for binary attrition transfer; in particular, |y_true-y_pred|>1 is structurally impossible and must not be reported as zero risk.",,,,,,,,,,,,,,,,,,,
canonical_v2_20260714T221501Z_483f96f,51415c2ce68c89d9ce2b042b0a7a811fe3e98180b72460006f9d0465f6bf49b7,caffb945d15f990e3a789e9707f7a8a9115be31fecbbd705822994a10cfaf151,f1e358e99914563305428cece1b1595bc76a58643184407ec5b222162d650332,98ae57b622a56983192975c5bff94374ed51322f13c76af633c3c96ceb198cdd,restricted_and_binary_task_evidence,source_declared_supplementary_dataset,independently_trained_task_specific_xgboost_models,task_bounded_independent_nested_robustness_and_transfer,not_applicable_or_resolved_by_source_contract,paired_stratified_percentile_bootstrap_5000_draws_within_task,external_robustness/metric_applicability.csv,2f14c4021e13ddd38c275d8457415156ff8e01960c3549a74bc51fe8e82ada14,metric_applicability,36,483f96fdbaab16cb0f32d03d9dbe676a759af44a,18bbb5cb3dae267eac18f3cc60082e5023843b01bd565f8912555fc9c83aa329,ibm_attrition,,,,,,,,binary_attrition_transfer,,ibm_attrition_related_task_transfer,,1.0,,,,,,False,,,ece_confidence,True,,"Ordinal metrics are N/A for binary attrition transfer; in particular, |y_true-y_pred|>1 is structurally impossible and must not be reported as zero risk.",,,,,,,,,,,,,,,,,,,
canonical_v2_20260714T221501Z_483f96f,51415c2ce68c89d9ce2b042b0a7a811fe3e98180b72460006f9d0465f6bf49b7,caffb945d15f990e3a789e9707f7a8a9115be31fecbbd705822994a10cfaf151,f1e358e99914563305428cece1b1595bc76a58643184407ec5b222162d650332,98ae57b622a56983192975c5bff94374ed51322f13c76af633c3c96ceb198cdd,restricted_and_binary_task_evidence,source_declared_supplementary_dataset,independently_trained_task_specific_xgboost_models,task_bounded_independent_nested_robustness_and_transfer,not_applicable_or_resolved_by_source_contract,paired_stratified_percentile_bootstrap_5000_draws_within_task,external_robustness/metric_applicability.csv,2f14c4021e13ddd38c275d8457415156ff8e01960c3549a74bc51fe8e82ada14,metric_applicability,37,483f96fdbaab16cb0f32d03d9dbe676a759af44a,18bbb5cb3dae267eac18f3cc60082e5023843b01bd565f8912555fc9c83aa329,employee_turnover,,,,,,,,binary_turnover_transfer,,employee_turnover_related_task_transfer,,1.0,,,,,,False,,,accuracy,True,,"Ordinal metrics are N/A for binary turnover transfer; in particular, |y_true-y_pred|>1 is structurally impossible and must not be reported as zero risk.",,,,,,,,,,,,,,,,,,,
canonical_v2_20260714T221501Z_483f96f,51415c2ce68c89d9ce2b042b0a7a811fe3e98180b72460006f9d0465f6bf49b7,caffb945d15f990e3a789e9707f7a8a9115be31fecbbd705822994a10cfaf151,f1e358e99914563305428cece1b1595bc76a58643184407ec5b222162d650332,98ae57b622a56983192975c5bff94374ed51322f13c76af633c3c96ceb198cdd,restricted_and_binary_task_evidence,source_declared_supplementary_dataset,independently_trained_task_specific_xgboost_models,task_bounded_independent_nested_robustness_and_transfer,not_applicable_or_resolved_by_source_contract,paired_stratified_percentile_bootstrap_5000_draws_within_task,external_robustness/metric_applicability.csv,2f14c4021e13ddd38c275d8457415156ff8e01960c3549a74bc51fe8e82ada14,metric_applicability,38,483f96fdbaab16cb0f32d03d9dbe676a759af44a,18bbb5cb3dae267eac18f3cc60082e5023843b01bd565f8912555fc9c83aa329,employee_turnover,,,,,,,,binary_turnover_transfer,,employee_turnover_related_task_transfer,,1.0,,,,,,False,,,balanced_accuracy,True,,"Ordinal metrics are N/A for binary turnover transfer; in particular, |y_true-y_pred|>1 is structurally impossible and must not be reported as zero risk.",,,,,,,,,,,,,,,,,,,
canonical_v2_20260714T221501Z_483f96f,51415c2ce68c89d9ce2b042b0a7a811fe3e98180b72460006f9d0465f6bf49b7,caffb945d15f990e3a789e9707f7a8a9115be31fecbbd705822994a10cfaf151,f1e358e99914563305428cece1b1595bc76a58643184407ec5b222162d650332,98ae57b622a56983192975c5bff94374ed51322f13c76af633c3c96ceb198cdd,restricted_and_binary_task_evidence,source_declared_supplementary_dataset,independently_trained_task_specific_xgboost_models,task_bounded_independent_nested_robustness_and_transfer,not_applicable_or_resolved_by_source_contract,paired_stratified_percentile_bootstrap_5000_draws_within_task,external_robustness/metric_applicability.csv,2f14c4021e13ddd38c275d8457415156ff8e01960c3549a74bc51fe8e82ada14,metric_applicability,39,483f96fdbaab16cb0f32d03d9dbe676a759af44a,18bbb5cb3dae267eac18f3cc60082e5023843b01bd565f8912555fc9c83aa329,employee_turnover,,,,,,,,binary_turnover_transfer,,employee_turnover_related_task_transfer,,1.0,,,,,,False,,,macro_f1,True,,"Ordinal metrics are N/A for binary turnover transfer; in particular, |y_true-y_pred|>1 is structurally impossible and must not be reported as zero risk.",,,,,,,,,,,,,,,,,,,
canonical_v2_20260714T221501Z_483f96f,51415c2ce68c89d9ce2b042b0a7a811fe3e98180b72460006f9d0465f6bf49b7,caffb945d15f990e3a789e9707f7a8a9115be31fecbbd705822994a10cfaf151,f1e358e99914563305428cece1b1595bc76a58643184407ec5b222162d650332,98ae57b622a56983192975c5bff94374ed51322f13c76af633c3c96ceb198cdd,restricted_and_binary_task_evidence,source_declared_supplementary_dataset,independently_trained_task_specific_xgboost_models,task_bounded_independent_nested_robustness_and_transfer,not_applicable_or_resolved_by_source_contract,paired_stratified_percentile_bootstrap_5000_draws_within_task,external_robustness/metric_applicability.csv,2f14c4021e13ddd38c275d8457415156ff8e01960c3549a74bc51fe8e82ada14,metric_applicability,40,483f96fdbaab16cb0f32d03d9dbe676a759af44a,18bbb5cb3dae267eac18f3cc60082e5023843b01bd565f8912555fc9c83aa329,employee_turnover,,,,,,,,binary_turnover_transfer,,employee_turnover_related_task_transfer,,1.0,,,,,,False,,,weighted_f1,True,,"Ordinal metrics are N/A for binary turnover transfer; in particular, |y_true-y_pred|>1 is structurally impossible and must not be reported as zero risk.",,,,,,,,,,,,,,,,,,,
canonical_v2_20260714T221501Z_483f96f,51415c2ce68c89d9ce2b042b0a7a811fe3e98180b72460006f9d0465f6bf49b7,caffb945d15f990e3a789e9707f7a8a9115be31fecbbd705822994a10cfaf151,f1e358e99914563305428cece1b1595bc76a58643184407ec5b222162d650332,98ae57b622a56983192975c5bff94374ed51322f13c76af633c3c96ceb198cdd,restricted_and_binary_task_evidence,source_declared_supplementary_dataset,independently_trained_task_specific_xgboost_models,task_bounded_independent_nested_robustness_and_transfer,not_applicable_or_resolved_by_source_contract,paired_stratified_percentile_bootstrap_5000_draws_within_task,external_robustness/metric_applicability.csv,2f14c4021e13ddd38c275d8457415156ff8e01960c3549a74bc51fe8e82ada14,metric_applicability,41,483f96fdbaab16cb0f32d03d9dbe676a759af44a,18bbb5cb3dae267eac18f3cc60082e5023843b01bd565f8912555fc9c83aa329,employee_turnover,,,,,,,,binary_turnover_transfer,,employee_turnover_related_task_transfer,,1.0,,,,,,False,,,macro_precision,True,,"Ordinal metrics are N/A for binary turnover transfer; in particular, |y_true-y_pred|>1 is structurally impossible and must not be reported as zero risk.",,,,,,,,,,,,,,,,,,,
canonical_v2_20260714T221501Z_483f96f,51415c2ce68c89d9ce2b042b0a7a811fe3e98180b72460006f9d0465f6bf49b7,caffb945d15f990e3a789e9707f7a8a9115be31fecbbd705822994a10cfaf151,f1e358e99914563305428cece1b1595bc76a58643184407ec5b222162d650332,98ae57b622a56983192975c5bff94374ed51322f13c76af633c3c96ceb198cdd,restricted_and_binary_task_evidence,source_declared_supplementary_dataset,independently_trained_task_specific_xgboost_models,task_bounded_independent_nested_robustness_and_transfer,not_applicable_or_resolved_by_source_contract,paired_stratified_percentile_bootstrap_5000_draws_within_task,external_robustness/metric_applicability.csv,2f14c4021e13ddd38c275d8457415156ff8e01960c3549a74bc51fe8e82ada14,metric_applicability,42,483f96fdbaab16cb0f32d03d9dbe676a759af44a,18bbb5cb3dae267eac18f3cc60082e5023843b01bd565f8912555fc9c83aa329,employee_turnover,,,,,,,,binary_turnover_transfer,,employee_turnover_related_task_transfer,,1.0,,,,,,False,,,weighted_precision,True,,"Ordinal metrics are N/A for binary turnover transfer; in particular, |y_true-y_pred|>1 is structurally impossible and must not be reported as zero risk.",,,,,,,,,,,,,,,,,,,
canonical_v2_20260714T221501Z_483f96f,51415c2ce68c89d9ce2b042b0a7a811fe3e98180b72460006f9d0465f6bf49b7,caffb945d15f990e3a789e9707f7a8a9115be31fecbbd705822994a10cfaf151,f1e358e99914563305428cece1b1595bc76a58643184407ec5b222162d650332,98ae57b622a56983192975c5bff94374ed51322f13c76af633c3c96ceb198cdd,restricted_and_binary_task_evidence,source_declared_supplementary_dataset,independently_trained_task_specific_xgboost_models,task_bounded_independent_nested_robustness_and_transfer,not_applicable_or_resolved_by_source_contract,paired_stratified_percentile_bootstrap_5000_draws_within_task,external_robustness/metric_applicability.csv,2f14c4021e13ddd38c275d8457415156ff8e01960c3549a74bc51fe8e82ada14,metric_applicability,43,483f96fdbaab16cb0f32d03d9dbe676a759af44a,18bbb5cb3dae267eac18f3cc60082e5023843b01bd565f8912555fc9c83aa329,employee_turnover,,,,,,,,binary_turnover_transfer,,employee_turnover_related_task_transfer,,1.0,,,,,,False,,,macro_recall,True,,"Ordinal metrics are N/A for binary turnover transfer; in particular, |y_true-y_pred|>1 is structurally impossible and must not be reported as zero risk.",,,,,,,,,,,,,,,,,,,
canonical_v2_20260714T221501Z_483f96f,51415c2ce68c89d9ce2b042b0a7a811fe3e98180b72460006f9d0465f6bf49b7,caffb945d15f990e3a789e9707f7a8a9115be31fecbbd705822994a10cfaf151,f1e358e99914563305428cece1b1595bc76a58643184407ec5b222162d650332,98ae57b622a56983192975c5bff94374ed51322f13c76af633c3c96ceb198cdd,restricted_and_binary_task_evidence,source_declared_supplementary_dataset,independently_trained_task_specific_xgboost_models,task_bounded_independent_nested_robustness_and_transfer,not_applicable_or_resolved_by_source_contract,paired_stratified_percentile_bootstrap_5000_draws_within_task,external_robustness/metric_applicability.csv,2f14c4021e13ddd38c275d8457415156ff8e01960c3549a74bc51fe8e82ada14,metric_applicability,44,483f96fdbaab16cb0f32d03d9dbe676a759af44a,18bbb5cb3dae267eac18f3cc60082e5023843b01bd565f8912555fc9c83aa329,employee_turnover,,,,,,,,binary_turnover_transfer,,employee_turnover_related_task_transfer,,1.0,,,,,,False,,,weighted_recall,True,,"Ordinal metrics are N/A for binary turnover transfer; in particular, |y_true-y_pred|>1 is structurally impossible and must not be reported as zero risk.",,,,,,,,,,,,,,,,,,,
canonical_v2_20260714T221501Z_483f96f,51415c2ce68c89d9ce2b042b0a7a811fe3e98180b72460006f9d0465f6bf49b7,caffb945d15f990e3a789e9707f7a8a9115be31fecbbd705822994a10cfaf151,f1e358e99914563305428cece1b1595bc76a58643184407ec5b222162d650332,98ae57b622a56983192975c5bff94374ed51322f13c76af633c3c96ceb198cdd,restricted_and_binary_task_evidence,source_declared_supplementary_dataset,independently_trained_task_specific_xgboost_models,task_bounded_independent_nested_robustness_and_transfer,not_applicable_or_resolved_by_source_contract,paired_stratified_percentile_bootstrap_5000_draws_within_task,external_robustness/metric_applicability.csv,2f14c4021e13ddd38c275d8457415156ff8e01960c3549a74bc51fe8e82ada14,metric_applicability,45,483f96fdbaab16cb0f32d03d9dbe676a759af44a,18bbb5cb3dae267eac18f3cc60082e5023843b01bd565f8912555fc9c83aa329,employee_turnover,,,,,,,,binary_turnover_transfer,,employee_turnover_related_task_transfer,,1.0,,,,,,False,,,quadratic_weighted_kappa,False,N/A,"Ordinal metrics are N/A for binary turnover transfer; in particular, |y_true-y_pred|>1 is structurally impossible and must not be reported as zero risk.",,,,,,,,,,,,,,,,,,,
canonical_v2_20260714T221501Z_483f96f,51415c2ce68c89d9ce2b042b0a7a811fe3e98180b72460006f9d0465f6bf49b7,caffb945d15f990e3a789e9707f7a8a9115be31fecbbd705822994a10cfaf151,f1e358e99914563305428cece1b1595bc76a58643184407ec5b222162d650332,98ae57b622a56983192975c5bff94374ed51322f13c76af633c3c96ceb198cdd,restricted_and_binary_task_evidence,source_declared_supplementary_dataset,independently_trained_task_specific_xgboost_models,task_bounded_independent_nested_robustness_and_transfer,not_applicable_or_resolved_by_source_contract,paired_stratified_percentile_bootstrap_5000_draws_within_task,external_robustness/metric_applicability.csv,2f14c4021e13ddd38c275d8457415156ff8e01960c3549a74bc51fe8e82ada14,metric_applicability,46,483f96fdbaab16cb0f32d03d9dbe676a759af44a,18bbb5cb3dae267eac18f3cc60082e5023843b01bd565f8912555fc9c83aa329,employee_turnover,,,,,,,,binary_turnover_transfer,,employee_turnover_related_task_transfer,,1.0,,,,,,False,,,ordinal_mae,False,N/A,"Ordinal metrics are N/A for binary turnover transfer; in particular, |y_true-y_pred|>1 is structurally impossible and must not be reported as zero risk.",,,,,,,,,,,,,,,,,,,
canonical_v2_20260714T221501Z_483f96f,51415c2ce68c89d9ce2b042b0a7a811fe3e98180b72460006f9d0465f6bf49b7,caffb945d15f990e3a789e9707f7a8a9115be31fecbbd705822994a10cfaf151,f1e358e99914563305428cece1b1595bc76a58643184407ec5b222162d650332,98ae57b622a56983192975c5bff94374ed51322f13c76af633c3c96ceb198cdd,restricted_and_binary_task_evidence,source_declared_supplementary_dataset,independently_trained_task_specific_xgboost_models,task_bounded_independent_nested_robustness_and_transfer,not_applicable_or_resolved_by_source_contract,paired_stratified_percentile_bootstrap_5000_draws_within_task,external_robustness/metric_applicability.csv,2f14c4021e13ddd38c275d8457415156ff8e01960c3549a74bc51fe8e82ada14,metric_applicability,47,483f96fdbaab16cb0f32d03d9dbe676a759af44a,18bbb5cb3dae267eac18f3cc60082e5023843b01bd565f8912555fc9c83aa329,employee_turnover,,,,,,,,binary_turnover_transfer,,employee_turnover_related_task_transfer,,1.0,,,,,,False,,,adjacent_accuracy,False,N/A,"Ordinal metrics are N/A for binary turnover transfer; in particular, |y_true-y_pred|>1 is structurally impossible and must not be reported as zero risk.",,,,,,,,,,,,,,,,,,,
canonical_v2_20260714T221501Z_483f96f,51415c2ce68c89d9ce2b042b0a7a811fe3e98180b72460006f9d0465f6bf49b7,caffb945d15f990e3a789e9707f7a8a9115be31fecbbd705822994a10cfaf151,f1e358e99914563305428cece1b1595bc76a58643184407ec5b222162d650332,98ae57b622a56983192975c5bff94374ed51322f13c76af633c3c96ceb198cdd,restricted_and_binary_task_evidence,source_declared_supplementary_dataset,independently_trained_task_specific_xgboost_models,task_bounded_independent_nested_robustness_and_transfer,not_applicable_or_resolved_by_source_contract,paired_stratified_percentile_bootstrap_5000_draws_within_task,external_robustness/metric_applicability.csv,2f14c4021e13ddd38c275d8457415156ff8e01960c3549a74bc51fe8e82ada14,metric_applicability,48,483f96fdbaab16cb0f32d03d9dbe676a759af44a,18bbb5cb3dae267eac18f3cc60082e5023843b01bd565f8912555fc9c83aa329,employee_turnover,,,,,,,,binary_turnover_transfer,,employee_turnover_related_task_transfer,,1.0,,,,,,False,,,severe_error_rate,False,N/A,"Ordinal metrics are N/A for binary turnover transfer; in particular, |y_true-y_pred|>1 is structurally impossible and must not be reported as zero risk.",,,,,,,,,,,,,,,,,,,
canonical_v2_20260714T221501Z_483f96f,51415c2ce68c89d9ce2b042b0a7a811fe3e98180b72460006f9d0465f6bf49b7,caffb945d15f990e3a789e9707f7a8a9115be31fecbbd705822994a10cfaf151,f1e358e99914563305428cece1b1595bc76a58643184407ec5b222162d650332,98ae57b622a56983192975c5bff94374ed51322f13c76af633c3c96ceb198cdd,restricted_and_binary_task_evidence,source_declared_supplementary_dataset,independently_trained_task_specific_xgboost_models,task_bounded_independent_nested_robustness_and_transfer,not_applicable_or_resolved_by_source_contract,paired_stratified_percentile_bootstrap_5000_draws_within_task,external_robustness/metric_applicability.csv,2f14c4021e13ddd38c275d8457415156ff8e01960c3549a74bc51fe8e82ada14,metric_applicability,49,483f96fdbaab16cb0f32d03d9dbe676a759af44a,18bbb5cb3dae267eac18f3cc60082e5023843b01bd565f8912555fc9c83aa329,employee_turnover,,,,,,,,binary_turnover_transfer,,employee_turnover_related_task_transfer,,1.0,,,,,,False,,,nll_log_loss,True,,"Ordinal metrics are N/A for binary turnover transfer; in particular, |y_true-y_pred|>1 is structurally impossible and must not be reported as zero risk.",,,,,,,,,,,,,,,,,,,
canonical_v2_20260714T221501Z_483f96f,51415c2ce68c89d9ce2b042b0a7a811fe3e98180b72460006f9d0465f6bf49b7,caffb945d15f990e3a789e9707f7a8a9115be31fecbbd705822994a10cfaf151,f1e358e99914563305428cece1b1595bc76a58643184407ec5b222162d650332,98ae57b622a56983192975c5bff94374ed51322f13c76af633c3c96ceb198cdd,restricted_and_binary_task_evidence,source_declared_supplementary_dataset,independently_trained_task_specific_xgboost_models,task_bounded_independent_nested_robustness_and_transfer,not_applicable_or_resolved_by_source_contract,paired_stratified_percentile_bootstrap_5000_draws_within_task,external_robustness/metric_applicability.csv,2f14c4021e13ddd38c275d8457415156ff8e01960c3549a74bc51fe8e82ada14,metric_applicability,50,483f96fdbaab16cb0f32d03d9dbe676a759af44a,18bbb5cb3dae267eac18f3cc60082e5023843b01bd565f8912555fc9c83aa329,employee_turnover,,,,,,,,binary_turnover_transfer,,employee_turnover_related_task_transfer,,1.0,,,,,,False,,,multiclass_brier,False,N/A,"Ordinal metrics are N/A for binary turnover transfer; in particular, |y_true-y_pred|>1 is structurally impossible and must not be reported as zero risk.",,,,,,,,,,,,,,,,,,,
canonical_v2_20260714T221501Z_483f96f,51415c2ce68c89d9ce2b042b0a7a811fe3e98180b72460006f9d0465f6bf49b7,caffb945d15f990e3a789e9707f7a8a9115be31fecbbd705822994a10cfaf151,f1e358e99914563305428cece1b1595bc76a58643184407ec5b222162d650332,98ae57b622a56983192975c5bff94374ed51322f13c76af633c3c96ceb198cdd,restricted_and_binary_task_evidence,source_declared_supplementary_dataset,independently_trained_task_specific_xgboost_models,task_bounded_independent_nested_robustness_and_transfer,not_applicable_or_resolved_by_source_contract,paired_stratified_percentile_bootstrap_5000_draws_within_task,external_robustness/metric_applicability.csv,2f14c4021e13ddd38c275d8457415156ff8e01960c3549a74bc51fe8e82ada14,metric_applicability,51,483f96fdbaab16cb0f32d03d9dbe676a759af44a,18bbb5cb3dae267eac18f3cc60082e5023843b01bd565f8912555fc9c83aa329,employee_turnover,,,,,,,,binary_turnover_transfer,,employee_turnover_related_task_transfer,,1.0,,,,,,False,,,binary_brier,True,,"Ordinal metrics are N/A for binary turnover transfer; in particular, |y_true-y_pred|>1 is structurally impossible and must not be reported as zero risk.",,,,,,,,,,,,,,,,,,,
canonical_v2_20260714T221501Z_483f96f,51415c2ce68c89d9ce2b042b0a7a811fe3e98180b72460006f9d0465f6bf49b7,caffb945d15f990e3a789e9707f7a8a9115be31fecbbd705822994a10cfaf151,f1e358e99914563305428cece1b1595bc76a58643184407ec5b222162d650332,98ae57b622a56983192975c5bff94374ed51322f13c76af633c3c96ceb198cdd,restricted_and_binary_task_evidence,source_declared_supplementary_dataset,independently_trained_task_specific_xgboost_models,task_bounded_independent_nested_robustness_and_transfer,not_applicable_or_resolved_by_source_contract,paired_stratified_percentile_bootstrap_5000_draws_within_task,external_robustness/metric_applicability.csv,2f14c4021e13ddd38c275d8457415156ff8e01960c3549a74bc51fe8e82ada14,metric_applicability,52,483f96fdbaab16cb0f32d03d9dbe676a759af44a,18bbb5cb3dae267eac18f3cc60082e5023843b01bd565f8912555fc9c83aa329,employee_turnover,,,,,,,,binary_turnover_transfer,,employee_turnover_related_task_transfer,,1.0,,,,,,False,,,roc_auc,True,,"Ordinal metrics are N/A for binary turnover transfer; in particular, |y_true-y_pred|>1 is structurally impossible and must not be reported as zero risk.",,,,,,,,,,,,,,,,,,,
canonical_v2_20260714T221501Z_483f96f,51415c2ce68c89d9ce2b042b0a7a811fe3e98180b72460006f9d0465f6bf49b7,caffb945d15f990e3a789e9707f7a8a9115be31fecbbd705822994a10cfaf151,f1e358e99914563305428cece1b1595bc76a58643184407ec5b222162d650332,98ae57b622a56983192975c5bff94374ed51322f13c76af633c3c96ceb198cdd,restricted_and_binary_task_evidence,source_declared_supplementary_dataset,independently_trained_task_specific_xgboost_models,task_bounded_independent_nested_robustness_and_transfer,not_applicable_or_resolved_by_source_contract,paired_stratified_percentile_bootstrap_5000_draws_within_task,external_robustness/metric_applicability.csv,2f14c4021e13ddd38c275d8457415156ff8e01960c3549a74bc51fe8e82ada14,metric_applicability,53,483f96fdbaab16cb0f32d03d9dbe676a759af44a,18bbb5cb3dae267eac18f3cc60082e5023843b01bd565f8912555fc9c83aa329,employee_turnover,,,,,,,,binary_turnover_transfer,,employee_turnover_related_task_transfer,,1.0,,,,,,False,,,average_precision,True,,"Ordinal metrics are N/A for binary turnover transfer; in particular, |y_true-y_pred|>1 is structurally impossible and must not be reported as zero risk.",,,,,,,,,,,,,,,,,,,
canonical_v2_20260714T221501Z_483f96f,51415c2ce68c89d9ce2b042b0a7a811fe3e98180b72460006f9d0465f6bf49b7,caffb945d15f990e3a789e9707f7a8a9115be31fecbbd705822994a10cfaf151,f1e358e99914563305428cece1b1595bc76a58643184407ec5b222162d650332,98ae57b622a56983192975c5bff94374ed51322f13c76af633c3c96ceb198cdd,restricted_and_binary_task_evidence,source_declared_supplementary_dataset,independently_trained_task_specific_xgboost_models,task_bounded_independent_nested_robustness_and_transfer,not_applicable_or_resolved_by_source_contract,paired_stratified_percentile_bootstrap_5000_draws_within_task,external_robustness/metric_applicability.csv,2f14c4021e13ddd38c275d8457415156ff8e01960c3549a74bc51fe8e82ada14,metric_applicability,54,483f96fdbaab16cb0f32d03d9dbe676a759af44a,18bbb5cb3dae267eac18f3cc60082e5023843b01bd565f8912555fc9c83aa329,employee_turnover,,,,,,,,binary_turnover_transfer,,employee_turnover_related_task_transfer,,1.0,,,,,,False,,,ece_confidence,True,,"Ordinal metrics are N/A for binary turnover transfer; in particular, |y_true-y_pred|>1 is structurally impossible and must not be reported as zero risk.",,,,,,,,,,,,,,,,,,,
canonical_v2_20260714T221501Z_483f96f,51415c2ce68c89d9ce2b042b0a7a811fe3e98180b72460006f9d0465f6bf49b7,caffb945d15f990e3a789e9707f7a8a9115be31fecbbd705822994a10cfaf151,f1e358e99914563305428cece1b1595bc76a58643184407ec5b222162d650332,98ae57b622a56983192975c5bff94374ed51322f13c76af633c3c96ceb198cdd,restricted_and_binary_task_evidence,"{""canonical_content_sha256"":""e4b403c2c31e2629a72bd9cb85337da4eb06ea7dca2da9acfea245cd8db9371f"",""dataset_key"":""ibm_hr_analytics"",""dataset_sha256"":""a5c31e38bd7fafc9bc333884eb181b06b41b8e5e488e8f7ccb27199fb3be7659""}","{""policy"":""department_free""}",task_bounded_independent_nested_robustness_and_transfer,1470,paired_stratified_percentile_bootstrap_5000_draws_within_task,external_robustness/ibm_restricted_target_performance_robustness.csv,a020940460d634eef3159c736084e4a733bd38ca794bee6927d20d2a4001ac0b,ibm_restricted_target_performance_robustness,1,483f96fdbaab16cb0f32d03d9dbe676a759af44a,18bbb5cb3dae267eac18f3cc60082e5023843b01bd565f8912555fc9c83aa329,ibm_performance,,a5c31e38bd7fafc9bc333884eb181b06b41b8e5e488e8f7ccb27199fb3be7659,e4b403c2c31e2629a72bd9cb85337da4eb06ea7dca2da9acfea245cd8db9371f,c74f0f7b119d1023eba0a3519b2c66223ff9407e6eb15f064ff15bb13f0024a9,795289fbe2a2b0bbe3291fefa0441f81b8ffb1b994e3b5b8c478cff949ded5fc,e12130b5d1f8a4d0c4f480f525fc9b3b8a1826323bf3641fdbd80f3db2a12659,e9c71caf37a3058e2c17dcc99e566f0d472e69da56e3bcf9dd2d8ddeca869791,restricted_target_performance_robustness,restricted-target performance robustness,ibm_restricted_target_performance_robustness,,,,,,,False,False,False,Supplementary restricted 3/4-target robustness only; not direct three-class employee-performance external validation and not transport.,accuracy,,,,ibm_hr_analytics,sha256_utf8_json_rows_csv_utf8_sig_v1,department_free,0.7210884353741497,0.7027210884353742,0.7394557823129252,0.0092557511831029,1470.0,5000.0,5000.0,0.95,paired_stratified_percentile,outer_fold;y_true,42.0,cabfb374553efd5f0123f201abc8e42efbfd8fd7e94331e98737d9506dc9266b,higher,0.0,1.0,e27e0a3d09573f387c8ea41ef6df85def6930e0ba65f03007893e91f3339f7fb
canonical_v2_20260714T221501Z_483f96f,51415c2ce68c89d9ce2b042b0a7a811fe3e98180b72460006f9d0465f6bf49b7,caffb945d15f990e3a789e9707f7a8a9115be31fecbbd705822994a10cfaf151,f1e358e99914563305428cece1b1595bc76a58643184407ec5b222162d650332,98ae57b622a56983192975c5bff94374ed51322f13c76af633c3c96ceb198cdd,restricted_and_binary_task_evidence,"{""canonical_content_sha256"":""e4b403c2c31e2629a72bd9cb85337da4eb06ea7dca2da9acfea245cd8db9371f"",""dataset_key"":""ibm_hr_analytics"",""dataset_sha256"":""a5c31e38bd7fafc9bc333884eb181b06b41b8e5e488e8f7ccb27199fb3be7659""}","{""policy"":""department_free""}",task_bounded_independent_nested_robustness_and_transfer,1470,paired_stratified_percentile_bootstrap_5000_draws_within_task,external_robustness/ibm_restricted_target_performance_robustness.csv,a020940460d634eef3159c736084e4a733bd38ca794bee6927d20d2a4001ac0b,ibm_restricted_target_performance_robustness,2,483f96fdbaab16cb0f32d03d9dbe676a759af44a,18bbb5cb3dae267eac18f3cc60082e5023843b01bd565f8912555fc9c83aa329,ibm_performance,,a5c31e38bd7fafc9bc333884eb181b06b41b8e5e488e8f7ccb27199fb3be7659,e4b403c2c31e2629a72bd9cb85337da4eb06ea7dca2da9acfea245cd8db9371f,c74f0f7b119d1023eba0a3519b2c66223ff9407e6eb15f064ff15bb13f0024a9,795289fbe2a2b0bbe3291fefa0441f81b8ffb1b994e3b5b8c478cff949ded5fc,e12130b5d1f8a4d0c4f480f525fc9b3b8a1826323bf3641fdbd80f3db2a12659,e9c71caf37a3058e2c17dcc99e566f0d472e69da56e3bcf9dd2d8ddeca869791,restricted_target_performance_robustness,restricted-target performance robustness,ibm_restricted_target_performance_robustness,,,,,,,False,False,False,Supplementary restricted 3/4-target robustness only; not direct three-class employee-performance external validation and not transport.,balanced_accuracy,,,,ibm_hr_analytics,sha256_utf8_json_rows_csv_utf8_sig_v1,department_free,0.4658751387189483,0.4445655962780639,0.4875899894715875,0.0109748359421265,1470.0,5000.0,5000.0,0.95,paired_stratified_percentile,outer_fold;y_true,42.0,cabfb374553efd5f0123f201abc8e42efbfd8fd7e94331e98737d9506dc9266b,higher,0.0,1.0,e27e0a3d09573f387c8ea41ef6df85def6930e0ba65f03007893e91f3339f7fb
canonical_v2_20260714T221501Z_483f96f,51415c2ce68c89d9ce2b042b0a7a811fe3e98180b72460006f9d0465f6bf49b7,caffb945d15f990e3a789e9707f7a8a9115be31fecbbd705822994a10cfaf151,f1e358e99914563305428cece1b1595bc76a58643184407ec5b222162d650332,98ae57b622a56983192975c5bff94374ed51322f13c76af633c3c96ceb198cdd,restricted_and_binary_task_evidence,"{""canonical_content_sha256"":""e4b403c2c31e2629a72bd9cb85337da4eb06ea7dca2da9acfea245cd8db9371f"",""dataset_key"":""ibm_hr_analytics"",""dataset_sha256"":""a5c31e38bd7fafc9bc333884eb181b06b41b8e5e488e8f7ccb27199fb3be7659""}","{""policy"":""department_free""}",task_bounded_independent_nested_robustness_and_transfer,1470,paired_stratified_percentile_bootstrap_5000_draws_within_task,external_robustness/ibm_restricted_target_performance_robustness.csv,a020940460d634eef3159c736084e4a733bd38ca794bee6927d20d2a4001ac0b,ibm_restricted_target_performance_robustness,3,483f96fdbaab16cb0f32d03d9dbe676a759af44a,18bbb5cb3dae267eac18f3cc60082e5023843b01bd565f8912555fc9c83aa329,ibm_performance,,a5c31e38bd7fafc9bc333884eb181b06b41b8e5e488e8f7ccb27199fb3be7659,e4b403c2c31e2629a72bd9cb85337da4eb06ea7dca2da9acfea245cd8db9371f,c74f0f7b119d1023eba0a3519b2c66223ff9407e6eb15f064ff15bb13f0024a9,795289fbe2a2b0bbe3291fefa0441f81b8ffb1b994e3b5b8c478cff949ded5fc,e12130b5d1f8a4d0c4f480f525fc9b3b8a1826323bf3641fdbd80f3db2a12659,e9c71caf37a3058e2c17dcc99e566f0d472e69da56e3bcf9dd2d8ddeca869791,restricted_target_performance_robustness,restricted-target performance robustness,ibm_restricted_target_performance_robustness,,,,,,,False,False,False,Supplementary restricted 3/4-target robustness only; not direct three-class employee-performance external validation and not transport.,macro_f1,,,,ibm_hr_analytics,sha256_utf8_json_rows_csv_utf8_sig_v1,department_free,0.4659963637781266,0.4451571974865413,0.4874268528804464,0.0108229255911379,1470.0,5000.0,5000.0,0.95,paired_stratified_percentile,outer_fold;y_true,42.0,cabfb374553efd5f0123f201abc8e42efbfd8fd7e94331e98737d9506dc9266b,higher,0.0,1.0,e27e0a3d09573f387c8ea41ef6df85def6930e0ba65f03007893e91f3339f7fb
canonical_v2_20260714T221501Z_483f96f,51415c2ce68c89d9ce2b042b0a7a811fe3e98180b72460006f9d0465f6bf49b7,caffb945d15f990e3a789e9707f7a8a9115be31fecbbd705822994a10cfaf151,f1e358e99914563305428cece1b1595bc76a58643184407ec5b222162d650332,98ae57b622a56983192975c5bff94374ed51322f13c76af633c3c96ceb198cdd,restricted_and_binary_task_evidence,"{""canonical_content_sha256"":""e4b403c2c31e2629a72bd9cb85337da4eb06ea7dca2da9acfea245cd8db9371f"",""dataset_key"":""ibm_hr_analytics"",""dataset_sha256"":""a5c31e38bd7fafc9bc333884eb181b06b41b8e5e488e8f7ccb27199fb3be7659""}","{""policy"":""department_free""}",task_bounded_independent_nested_robustness_and_transfer,1470,paired_stratified_percentile_bootstrap_5000_draws_within_task,external_robustness/ibm_restricted_target_performance_robustness.csv,a020940460d634eef3159c736084e4a733bd38ca794bee6927d20d2a4001ac0b,ibm_restricted_target_performance_robustness,4,483f96fdbaab16cb0f32d03d9dbe676a759af44a,18bbb5cb3dae267eac18f3cc60082e5023843b01bd565f8912555fc9c83aa329,ibm_performance,,a5c31e38bd7fafc9bc333884eb181b06b41b8e5e488e8f7ccb27199fb3be7659,e4b403c2c31e2629a72bd9cb85337da4eb06ea7dca2da9acfea245cd8db9371f,c74f0f7b119d1023eba0a3519b2c66223ff9407e6eb15f064ff15bb13f0024a9,795289fbe2a2b0bbe3291fefa0441f81b8ffb1b994e3b5b8c478cff949ded5fc,e12130b5d1f8a4d0c4f480f525fc9b3b8a1826323bf3641fdbd80f3db2a12659,e9c71caf37a3058e2c17dcc99e566f0d472e69da56e3bcf9dd2d8ddeca869791,restricted_target_performance_robustness,restricted-target performance robustness,ibm_restricted_target_performance_robustness,,,,,,,False,False,False,Supplementary restricted 3/4-target robustness only; not direct three-class employee-performance external validation and not transport.,roc_auc,,,,ibm_hr_analytics,sha256_utf8_json_rows_csv_utf8_sig_v1,department_free,0.4497766269242808,0.4135885880545201,0.4847814643029905,0.0177987049533297,1470.0,5000.0,5000.0,0.95,paired_stratified_percentile,outer_fold;y_true,42.0,cabfb374553efd5f0123f201abc8e42efbfd8fd7e94331e98737d9506dc9266b,higher,0.0,1.0,e27e0a3d09573f387c8ea41ef6df85def6930e0ba65f03007893e91f3339f7fb
canonical_v2_20260714T221501Z_483f96f,51415c2ce68c89d9ce2b042b0a7a811fe3e98180b72460006f9d0465f6bf49b7,caffb945d15f990e3a789e9707f7a8a9115be31fecbbd705822994a10cfaf151,f1e358e99914563305428cece1b1595bc76a58643184407ec5b222162d650332,98ae57b622a56983192975c5bff94374ed51322f13c76af633c3c96ceb198cdd,restricted_and_binary_task_evidence,"{""canonical_content_sha256"":""e4b403c2c31e2629a72bd9cb85337da4eb06ea7dca2da9acfea245cd8db9371f"",""dataset_key"":""ibm_hr_analytics"",""dataset_sha256"":""a5c31e38bd7fafc9bc333884eb181b06b41b8e5e488e8f7ccb27199fb3be7659""}","{""policy"":""department_free""}",task_bounded_independent_nested_robustness_and_transfer,1470,paired_stratified_percentile_bootstrap_5000_draws_within_task,external_robustness/ibm_restricted_target_performance_robustness.csv,a020940460d634eef3159c736084e4a733bd38ca794bee6927d20d2a4001ac0b,ibm_restricted_target_performance_robustness,5,483f96fdbaab16cb0f32d03d9dbe676a759af44a,18bbb5cb3dae267eac18f3cc60082e5023843b01bd565f8912555fc9c83aa329,ibm_performance,,a5c31e38bd7fafc9bc333884eb181b06b41b8e5e488e8f7ccb27199fb3be7659,e4b403c2c31e2629a72bd9cb85337da4eb06ea7dca2da9acfea245cd8db9371f,c74f0f7b119d1023eba0a3519b2c66223ff9407e6eb15f064ff15bb13f0024a9,795289fbe2a2b0bbe3291fefa0441f81b8ffb1b994e3b5b8c478cff949ded5fc,e12130b5d1f8a4d0c4f480f525fc9b3b8a1826323bf3641fdbd80f3db2a12659,e9c71caf37a3058e2c17dcc99e566f0d472e69da56e3bcf9dd2d8ddeca869791,restricted_target_performance_robustness,restricted-target performance robustness,ibm_restricted_target_performance_robustness,,,,,,,False,False,False,Supplementary restricted 3/4-target robustness only; not direct three-class employee-performance external validation and not transport.,average_precision,,,,ibm_hr_analytics,sha256_utf8_json_rows_csv_utf8_sig_v1,department_free,0.1325441756598008,0.1240576929506128,0.1465944907120022,0.0056891209585709,1470.0,5000.0,5000.0,0.95,paired_stratified_percentile,outer_fold;y_true,42.0,cabfb374553efd5f0123f201abc8e42efbfd8fd7e94331e98737d9506dc9266b,higher,0.0,1.0,e27e0a3d09573f387c8ea41ef6df85def6930e0ba65f03007893e91f3339f7fb
canonical_v2_20260714T221501Z_483f96f,51415c2ce68c89d9ce2b042b0a7a811fe3e98180b72460006f9d0465f6bf49b7,caffb945d15f990e3a789e9707f7a8a9115be31fecbbd705822994a10cfaf151,f1e358e99914563305428cece1b1595bc76a58643184407ec5b222162d650332,98ae57b622a56983192975c5bff94374ed51322f13c76af633c3c96ceb198cdd,restricted_and_binary_task_evidence,"{""canonical_content_sha256"":""e4b403c2c31e2629a72bd9cb85337da4eb06ea7dca2da9acfea245cd8db9371f"",""dataset_key"":""ibm_hr_analytics"",""dataset_sha256"":""a5c31e38bd7fafc9bc333884eb181b06b41b8e5e488e8f7ccb27199fb3be7659""}","{""policy"":""department_free""}",task_bounded_independent_nested_robustness_and_transfer,1470,paired_stratified_percentile_bootstrap_5000_draws_within_task,external_robustness/ibm_restricted_target_performance_robustness.csv,a020940460d634eef3159c736084e4a733bd38ca794bee6927d20d2a4001ac0b,ibm_restricted_target_performance_robustness,6,483f96fdbaab16cb0f32d03d9dbe676a759af44a,18bbb5cb3dae267eac18f3cc60082e5023843b01bd565f8912555fc9c83aa329,ibm_performance,,a5c31e38bd7fafc9bc333884eb181b06b41b8e5e488e8f7ccb27199fb3be7659,e4b403c2c31e2629a72bd9cb85337da4eb06ea7dca2da9acfea245cd8db9371f,c74f0f7b119d1023eba0a3519b2c66223ff9407e6eb15f064ff15bb13f0024a9,795289fbe2a2b0bbe3291fefa0441f81b8ffb1b994e3b5b8c478cff949ded5fc,e12130b5d1f8a4d0c4f480f525fc9b3b8a1826323bf3641fdbd80f3db2a12659,e9c71caf37a3058e2c17dcc99e566f0d472e69da56e3bcf9dd2d8ddeca869791,restricted_target_performance_robustness,restricted-target performance robustness,ibm_restricted_target_performance_robustness,,,,,,,False,False,False,Supplementary restricted 3/4-target robustness only; not direct three-class employee-performance external validation and not transport.,nll_log_loss,,,,ibm_hr_analytics,sha256_utf8_json_rows_csv_utf8_sig_v1,department_free,0.5749331433553065,0.5586359676499796,0.5914314218171386,0.0084264506433414,1470.0,5000.0,5000.0,0.95,paired_stratified_percentile,outer_fold;y_true,42.0,cabfb374553efd5f0123f201abc8e42efbfd8fd7e94331e98737d9506dc9266b,lower,0.0,inf,e27e0a3d09573f387c8ea41ef6df85def6930e0ba65f03007893e91f3339f7fb
canonical_v2_20260714T221501Z_483f96f,51415c2ce68c89d9ce2b042b0a7a811fe3e98180b72460006f9d0465f6bf49b7,caffb945d15f990e3a789e9707f7a8a9115be31fecbbd705822994a10cfaf151,f1e358e99914563305428cece1b1595bc76a58643184407ec5b222162d650332,98ae57b622a56983192975c5bff94374ed51322f13c76af633c3c96ceb198cdd,restricted_and_binary_task_evidence,"{""canonical_content_sha256"":""e4b403c2c31e2629a72bd9cb85337da4eb06ea7dca2da9acfea245cd8db9371f"",""dataset_key"":""ibm_hr_analytics"",""dataset_sha256"":""a5c31e38bd7fafc9bc333884eb181b06b41b8e5e488e8f7ccb27199fb3be7659""}","{""policy"":""department_free""}",task_bounded_independent_nested_robustness_and_transfer,1470,paired_stratified_percentile_bootstrap_5000_draws_within_task,external_robustness/ibm_restricted_target_performance_robustness.csv,a020940460d634eef3159c736084e4a733bd38ca794bee6927d20d2a4001ac0b,ibm_restricted_target_performance_robustness,7,483f96fdbaab16cb0f32d03d9dbe676a759af44a,18bbb5cb3dae267eac18f3cc60082e5023843b01bd565f8912555fc9c83aa329,ibm_performance,,a5c31e38bd7fafc9bc333884eb181b06b41b8e5e488e8f7ccb27199fb3be7659,e4b403c2c31e2629a72bd9cb85337da4eb06ea7dca2da9acfea245cd8db9371f,c74f0f7b119d1023eba0a3519b2c66223ff9407e6eb15f064ff15bb13f0024a9,795289fbe2a2b0bbe3291fefa0441f81b8ffb1b994e3b5b8c478cff949ded5fc,e12130b5d1f8a4d0c4f480f525fc9b3b8a1826323bf3641fdbd80f3db2a12659,e9c71caf37a3058e2c17dcc99e566f0d472e69da56e3bcf9dd2d8ddeca869791,restricted_target_performance_robustness,restricted-target performance robustness,ibm_restricted_target_performance_robustness,,,,,,,False,False,False,Supplementary restricted 3/4-target robustness only; not direct three-class employee-performance external validation and not transport.,binary_brier,,,,ibm_hr_analytics,sha256_utf8_json_rows_csv_utf8_sig_v1,department_free,0.1924767643747676,0.1860340680606792,0.1992288860617292,0.0033556509329686,1470.0,5000.0,5000.0,0.95,paired_stratified_percentile,outer_fold;y_true,42.0,cabfb374553efd5f0123f201abc8e42efbfd8fd7e94331e98737d9506dc9266b,lower,0.0,1.0,e27e0a3d09573f387c8ea41ef6df85def6930e0ba65f03007893e91f3339f7fb
canonical_v2_20260714T221501Z_483f96f,51415c2ce68c89d9ce2b042b0a7a811fe3e98180b72460006f9d0465f6bf49b7,caffb945d15f990e3a789e9707f7a8a9115be31fecbbd705822994a10cfaf151,f1e358e99914563305428cece1b1595bc76a58643184407ec5b222162d650332,98ae57b622a56983192975c5bff94374ed51322f13c76af633c3c96ceb198cdd,restricted_and_binary_task_evidence,"{""canonical_content_sha256"":""e4b403c2c31e2629a72bd9cb85337da4eb06ea7dca2da9acfea245cd8db9371f"",""dataset_key"":""ibm_hr_analytics"",""dataset_sha256"":""a5c31e38bd7fafc9bc333884eb181b06b41b8e5e488e8f7ccb27199fb3be7659""}","{""policy"":""department_free""}",task_bounded_independent_nested_robustness_and_transfer,1470,paired_stratified_percentile_bootstrap_5000_draws_within_task,external_robustness/ibm_restricted_target_performance_robustness.csv,a020940460d634eef3159c736084e4a733bd38ca794bee6927d20d2a4001ac0b,ibm_restricted_target_performance_robustness,8,483f96fdbaab16cb0f32d03d9dbe676a759af44a,18bbb5cb3dae267eac18f3cc60082e5023843b01bd565f8912555fc9c83aa329,ibm_performance,,a5c31e38bd7fafc9bc333884eb181b06b41b8e5e488e8f7ccb27199fb3be7659,e4b403c2c31e2629a72bd9cb85337da4eb06ea7dca2da9acfea245cd8db9371f,c74f0f7b119d1023eba0a3519b2c66223ff9407e6eb15f064ff15bb13f0024a9,795289fbe2a2b0bbe3291fefa0441f81b8ffb1b994e3b5b8c478cff949ded5fc,e12130b5d1f8a4d0c4f480f525fc9b3b8a1826323bf3641fdbd80f3db2a12659,e9c71caf37a3058e2c17dcc99e566f0d472e69da56e3bcf9dd2d8ddeca869791,restricted_target_performance_robustness,restricted-target performance robustness,ibm_restricted_target_performance_robustness,,,,,,,False,False,False,Supplementary restricted 3/4-target robustness only; not direct three-class employee-performance external validation and not transport.,ece_confidence,,,,ibm_hr_analytics,sha256_utf8_json_rows_csv_utf8_sig_v1,department_free,0.049234206937819,0.0321362946811205,0.0707595476708581,0.0096653386742666,1470.0,5000.0,5000.0,0.95,paired_stratified_percentile,outer_fold;y_true,42.0,cabfb374553efd5f0123f201abc8e42efbfd8fd7e94331e98737d9506dc9266b,lower,0.0,1.0,e27e0a3d09573f387c8ea41ef6df85def6930e0ba65f03007893e91f3339f7fb
canonical_v2_20260714T221501Z_483f96f,51415c2ce68c89d9ce2b042b0a7a811fe3e98180b72460006f9d0465f6bf49b7,caffb945d15f990e3a789e9707f7a8a9115be31fecbbd705822994a10cfaf151,f1e358e99914563305428cece1b1595bc76a58643184407ec5b222162d650332,98ae57b622a56983192975c5bff94374ed51322f13c76af633c3c96ceb198cdd,restricted_and_binary_task_evidence,"{""canonical_content_sha256"":""e4b403c2c31e2629a72bd9cb85337da4eb06ea7dca2da9acfea245cd8db9371f"",""dataset_key"":""ibm_hr_analytics"",""dataset_sha256"":""a5c31e38bd7fafc9bc333884eb181b06b41b8e5e488e8f7ccb27199fb3be7659""}","{""policy"":""department_including""}",task_bounded_independent_nested_robustness_and_transfer,1470,paired_stratified_percentile_bootstrap_5000_draws_within_task,external_robustness/ibm_restricted_target_performance_robustness.csv,a020940460d634eef3159c736084e4a733bd38ca794bee6927d20d2a4001ac0b,ibm_restricted_target_performance_robustness,9,483f96fdbaab16cb0f32d03d9dbe676a759af44a,18bbb5cb3dae267eac18f3cc60082e5023843b01bd565f8912555fc9c83aa329,ibm_performance,,a5c31e38bd7fafc9bc333884eb181b06b41b8e5e488e8f7ccb27199fb3be7659,e4b403c2c31e2629a72bd9cb85337da4eb06ea7dca2da9acfea245cd8db9371f,c74f0f7b119d1023eba0a3519b2c66223ff9407e6eb15f064ff15bb13f0024a9,795289fbe2a2b0bbe3291fefa0441f81b8ffb1b994e3b5b8c478cff949ded5fc,e12130b5d1f8a4d0c4f480f525fc9b3b8a1826323bf3641fdbd80f3db2a12659,e9c71caf37a3058e2c17dcc99e566f0d472e69da56e3bcf9dd2d8ddeca869791,restricted_target_performance_robustness,restricted-target performance robustness,ibm_restricted_target_performance_robustness,,,,,,,False,False,False,Supplementary restricted 3/4-target robustness only; not direct three-class employee-performance external validation and not transport.,accuracy,,,,ibm_hr_analytics,sha256_utf8_json_rows_csv_utf8_sig_v1,department_including,0.7210884353741497,0.7027210884353742,0.7394557823129252,0.0093455848107353,1470.0,5000.0,5000.0,0.95,paired_stratified_percentile,outer_fold;y_true,42.0,cabfb374553efd5f0123f201abc8e42efbfd8fd7e94331e98737d9506dc9266b,higher,0.0,1.0,56ccfc545b5497c5b6875d5432eb917ae5d37d2cb15992cfc1c0b44e270a11c8
canonical_v2_20260714T221501Z_483f96f,51415c2ce68c89d9ce2b042b0a7a811fe3e98180b72460006f9d0465f6bf49b7,caffb945d15f990e3a789e9707f7a8a9115be31fecbbd705822994a10cfaf151,f1e358e99914563305428cece1b1595bc76a58643184407ec5b222162d650332,98ae57b622a56983192975c5bff94374ed51322f13c76af633c3c96ceb198cdd,restricted_and_binary_task_evidence,"{""canonical_content_sha256"":""e4b403c2c31e2629a72bd9cb85337da4eb06ea7dca2da9acfea245cd8db9371f"",""dataset_key"":""ibm_hr_analytics"",""dataset_sha256"":""a5c31e38bd7fafc9bc333884eb181b06b41b8e5e488e8f7ccb27199fb3be7659""}","{""policy"":""department_including""}",task_bounded_independent_nested_robustness_and_transfer,1470,paired_stratified_percentile_bootstrap_5000_draws_within_task,external_robustness/ibm_restricted_target_performance_robustness.csv,a020940460d634eef3159c736084e4a733bd38ca794bee6927d20d2a4001ac0b,ibm_restricted_target_performance_robustness,10,483f96fdbaab16cb0f32d03d9dbe676a759af44a,18bbb5cb3dae267eac18f3cc60082e5023843b01bd565f8912555fc9c83aa329,ibm_performance,,a5c31e38bd7fafc9bc333884eb181b06b41b8e5e488e8f7ccb27199fb3be7659,e4b403c2c31e2629a72bd9cb85337da4eb06ea7dca2da9acfea245cd8db9371f,c74f0f7b119d1023eba0a3519b2c66223ff9407e6eb15f064ff15bb13f0024a9,795289fbe2a2b0bbe3291fefa0441f81b8ffb1b994e3b5b8c478cff949ded5fc,e12130b5d1f8a4d0c4f480f525fc9b3b8a1826323bf3641fdbd80f3db2a12659,e9c71caf37a3058e2c17dcc99e566f0d472e69da56e3bcf9dd2d8ddeca869791,restricted_target_performance_robustness,restricted-target performance robustness,ibm_restricted_target_performance_robustness,,,,,,,False,False,False,Supplementary restricted 3/4-target robustness only; not direct three-class employee-performance external validation and not transport.,balanced_accuracy,,,,ibm_hr_analytics,sha256_utf8_json_rows_csv_utf8_sig_v1,department_including,0.4694960589591099,0.4479767485701277,0.4914172096861395,0.0113040701281097,1470.0,5000.0,5000.0,0.95,paired_stratified_percentile,outer_fold;y_true,42.0,cabfb374553efd5f0123f201abc8e42efbfd8fd7e94331e98737d9506dc9266b,higher,0.0,1.0,56ccfc545b5497c5b6875d5432eb917ae5d37d2cb15992cfc1c0b44e270a11c8
canonical_v2_20260714T221501Z_483f96f,51415c2ce68c89d9ce2b042b0a7a811fe3e98180b72460006f9d0465f6bf49b7,caffb945d15f990e3a789e9707f7a8a9115be31fecbbd705822994a10cfaf151,f1e358e99914563305428cece1b1595bc76a58643184407ec5b222162d650332,98ae57b622a56983192975c5bff94374ed51322f13c76af633c3c96ceb198cdd,restricted_and_binary_task_evidence,"{""canonical_content_sha256"":""e4b403c2c31e2629a72bd9cb85337da4eb06ea7dca2da9acfea245cd8db9371f"",""dataset_key"":""ibm_hr_analytics"",""dataset_sha256"":""a5c31e38bd7fafc9bc333884eb181b06b41b8e5e488e8f7ccb27199fb3be7659""}","{""policy"":""department_including""}",task_bounded_independent_nested_robustness_and_transfer,1470,paired_stratified_percentile_bootstrap_5000_draws_within_task,external_robustness/ibm_restricted_target_performance_robustness.csv,a020940460d634eef3159c736084e4a733bd38ca794bee6927d20d2a4001ac0b,ibm_restricted_target_performance_robustness,11,483f96fdbaab16cb0f32d03d9dbe676a759af44a,18bbb5cb3dae267eac18f3cc60082e5023843b01bd565f8912555fc9c83aa329,ibm_performance,,a5c31e38bd7fafc9bc333884eb181b06b41b8e5e488e8f7ccb27199fb3be7659,e4b403c2c31e2629a72bd9cb85337da4eb06ea7dca2da9acfea245cd8db9371f,c74f0f7b119d1023eba0a3519b2c66223ff9407e6eb15f064ff15bb13f0024a9,795289fbe2a2b0bbe3291fefa0441f81b8ffb1b994e3b5b8c478cff949ded5fc,e12130b5d1f8a4d0c4f480f525fc9b3b8a1826323bf3641fdbd80f3db2a12659,e9c71caf37a3058e2c17dcc99e566f0d472e69da56e3bcf9dd2d8ddeca869791,restricted_target_performance_robustness,restricted-target performance robustness,ibm_restricted_target_performance_robustness,,,,,,,False,False,False,Supplementary restricted 3/4-target robustness only; not direct three-class employee-performance external validation and not transport.,macro_f1,,,,ibm_hr_analytics,sha256_utf8_json_rows_csv_utf8_sig_v1,department_including,0.4698070650165911,0.448492286115007,0.4914121342322727,0.011099697868862,1470.0,5000.0,5000.0,0.95,paired_stratified_percentile,outer_fold;y_true,42.0,cabfb374553efd5f0123f201abc8e42efbfd8fd7e94331e98737d9506dc9266b,higher,0.0,1.0,56ccfc545b5497c5b6875d5432eb917ae5d37d2cb15992cfc1c0b44e270a11c8
canonical_v2_20260714T221501Z_483f96f,51415c2ce68c89d9ce2b042b0a7a811fe3e98180b72460006f9d0465f6bf49b7,caffb945d15f990e3a789e9707f7a8a9115be31fecbbd705822994a10cfaf151,f1e358e99914563305428cece1b1595bc76a58643184407ec5b222162d650332,98ae57b622a56983192975c5bff94374ed51322f13c76af633c3c96ceb198cdd,restricted_and_binary_task_evidence,"{""canonical_content_sha256"":""e4b403c2c31e2629a72bd9cb85337da4eb06ea7dca2da9acfea245cd8db9371f"",""dataset_key"":""ibm_hr_analytics"",""dataset_sha256"":""a5c31e38bd7fafc9bc333884eb181b06b41b8e5e488e8f7ccb27199fb3be7659""}","{""policy"":""department_including""}",task_bounded_independent_nested_robustness_and_transfer,1470,paired_stratified_percentile_bootstrap_5000_draws_within_task,external_robustness/ibm_restricted_target_performance_robustness.csv,a020940460d634eef3159c736084e4a733bd38ca794bee6927d20d2a4001ac0b,ibm_restricted_target_performance_robustness,12,483f96fdbaab16cb0f32d03d9dbe676a759af44a,18bbb5cb3dae267eac18f3cc60082e5023843b01bd565f8912555fc9c83aa329,ibm_performance,,a5c31e38bd7fafc9bc333884eb181b06b41b8e5e488e8f7ccb27199fb3be7659,e4b403c2c31e2629a72bd9cb85337da4eb06ea7dca2da9acfea245cd8db9371f,c74f0f7b119d1023eba0a3519b2c66223ff9407e6eb15f064ff15bb13f0024a9,795289fbe2a2b0bbe3291fefa0441f81b8ffb1b994e3b5b8c478cff949ded5fc,e12130b5d1f8a4d0c4f480f525fc9b3b8a1826323bf3641fdbd80f3db2a12659,e9c71caf37a3058e2c17dcc99e566f0d472e69da56e3bcf9dd2d8ddeca869791,restricted_target_performance_robustness,restricted-target performance robustness,ibm_restricted_target_performance_robustness,,,,,,,False,False,False,Supplementary restricted 3/4-target robustness only; not direct three-class employee-performance external validation and not transport.,roc_auc,,,,ibm_hr_analytics,sha256_utf8_json_rows_csv_utf8_sig_v1,department_including,0.4582135844976239,0.4226643641692513,0.493233182995191,0.0179300945023092,1470.0,5000.0,5000.0,0.95,paired_stratified_percentile,outer_fold;y_true,42.0,cabfb374553efd5f0123f201abc8e42efbfd8fd7e94331e98737d9506dc9266b,higher,0.0,1.0,56ccfc545b5497c5b6875d5432eb917ae5d37d2cb15992cfc1c0b44e270a11c8
canonical_v2_20260714T221501Z_483f96f,51415c2ce68c89d9ce2b042b0a7a811fe3e98180b72460006f9d0465f6bf49b7,caffb945d15f990e3a789e9707f7a8a9115be31fecbbd705822994a10cfaf151,f1e358e99914563305428cece1b1595bc76a58643184407ec5b222162d650332,98ae57b622a56983192975c5bff94374ed51322f13c76af633c3c96ceb198cdd,restricted_and_binary_task_evidence,"{""canonical_content_sha256"":""e4b403c2c31e2629a72bd9cb85337da4eb06ea7dca2da9acfea245cd8db9371f"",""dataset_key"":""ibm_hr_analytics"",""dataset_sha256"":""a5c31e38bd7fafc9bc333884eb181b06b41b8e5e488e8f7ccb27199fb3be7659""}","{""policy"":""department_including""}",task_bounded_independent_nested_robustness_and_transfer,1470,paired_stratified_percentile_bootstrap_5000_draws_within_task,external_robustness/ibm_restricted_target_performance_robustness.csv,a020940460d634eef3159c736084e4a733bd38ca794bee6927d20d2a4001ac0b,ibm_restricted_target_performance_robustness,13,483f96fdbaab16cb0f32d03d9dbe676a759af44a,18bbb5cb3dae267eac18f3cc60082e5023843b01bd565f8912555fc9c83aa329,ibm_performance,,a5c31e38bd7fafc9bc333884eb181b06b41b8e5e488e8f7ccb27199fb3be7659,e4b403c2c31e2629a72bd9cb85337da4eb06ea7dca2da9acfea245cd8db9371f,c74f0f7b119d1023eba0a3519b2c66223ff9407e6eb15f064ff15bb13f0024a9,795289fbe2a2b0bbe3291fefa0441f81b8ffb1b994e3b5b8c478cff949ded5fc,e12130b5d1f8a4d0c4f480f525fc9b3b8a1826323bf3641fdbd80f3db2a12659,e9c71caf37a3058e2c17dcc99e566f0d472e69da56e3bcf9dd2d8ddeca869791,restricted_target_performance_robustness,restricted-target performance robustness,ibm_restricted_target_performance_robustness,,,,,,,False,False,False,Supplementary restricted 3/4-target robustness only; not direct three-class employee-performance external validation and not transport.,average_precision,,,,ibm_hr_analytics,sha256_utf8_json_rows_csv_utf8_sig_v1,department_including,0.1350817565317911,0.1263541425318874,0.1498551974422843,0.0059836086422411,1470.0,5000.0,5000.0,0.95,paired_stratified_percentile,outer_fold;y_true,42.0,cabfb374553efd5f0123f201abc8e42efbfd8fd7e94331e98737d9506dc9266b,higher,0.0,1.0,56ccfc545b5497c5b6875d5432eb917ae5d37d2cb15992cfc1c0b44e270a11c8
canonical_v2_20260714T221501Z_483f96f,51415c2ce68c89d9ce2b042b0a7a811fe3e98180b72460006f9d0465f6bf49b7,caffb945d15f990e3a789e9707f7a8a9115be31fecbbd705822994a10cfaf151,f1e358e99914563305428cece1b1595bc76a58643184407ec5b222162d650332,98ae57b622a56983192975c5bff94374ed51322f13c76af633c3c96ceb198cdd,restricted_and_binary_task_evidence,"{""canonical_content_sha256"":""e4b403c2c31e2629a72bd9cb85337da4eb06ea7dca2da9acfea245cd8db9371f"",""dataset_key"":""ibm_hr_analytics"",""dataset_sha256"":""a5c31e38bd7fafc9bc333884eb181b06b41b8e5e488e8f7ccb27199fb3be7659""}","{""policy"":""department_including""}",task_bounded_independent_nested_robustness_and_transfer,1470,paired_stratified_percentile_bootstrap_5000_draws_within_task,external_robustness/ibm_restricted_target_performance_robustness.csv,a020940460d634eef3159c736084e4a733bd38ca794bee6927d20d2a4001ac0b,ibm_restricted_target_performance_robustness,14,483f96fdbaab16cb0f32d03d9dbe676a759af44a,18bbb5cb3dae267eac18f3cc60082e5023843b01bd565f8912555fc9c83aa329,ibm_performance,,a5c31e38bd7fafc9bc333884eb181b06b41b8e5e488e8f7ccb27199fb3be7659,e4b403c2c31e2629a72bd9cb85337da4eb06ea7dca2da9acfea245cd8db9371f,c74f0f7b119d1023eba0a3519b2c66223ff9407e6eb15f064ff15bb13f0024a9,795289fbe2a2b0bbe3291fefa0441f81b8ffb1b994e3b5b8c478cff949ded5fc,e12130b5d1f8a4d0c4f480f525fc9b3b8a1826323bf3641fdbd80f3db2a12659,e9c71caf37a3058e2c17dcc99e566f0d472e69da56e3bcf9dd2d8ddeca869791,restricted_target_performance_robustness,restricted-target performance robustness,ibm_restricted_target_performance_robustness,,,,,,,False,False,False,Supplementary restricted 3/4-target robustness only; not direct three-class employee-performance external validation and not transport.,nll_log_loss,,,,ibm_hr_analytics,sha256_utf8_json_rows_csv_utf8_sig_v1,department_including,0.574365320401894,0.5576065701347119,0.5912905827346249,0.0085991523782799,1470.0,5000.0,5000.0,0.95,paired_stratified_percentile,outer_fold;y_true,42.0,cabfb374553efd5f0123f201abc8e42efbfd8fd7e94331e98737d9506dc9266b,lower,0.0,inf,56ccfc545b5497c5b6875d5432eb917ae5d37d2cb15992cfc1c0b44e270a11c8
canonical_v2_20260714T221501Z_483f96f,51415c2ce68c89d9ce2b042b0a7a811fe3e98180b72460006f9d0465f6bf49b7,caffb945d15f990e3a789e9707f7a8a9115be31fecbbd705822994a10cfaf151,f1e358e99914563305428cece1b1595bc76a58643184407ec5b222162d650332,98ae57b622a56983192975c5bff94374ed51322f13c76af633c3c96ceb198cdd,restricted_and_binary_task_evidence,"{""canonical_content_sha256"":""e4b403c2c31e2629a72bd9cb85337da4eb06ea7dca2da9acfea245cd8db9371f"",""dataset_key"":""ibm_hr_analytics"",""dataset_sha256"":""a5c31e38bd7fafc9bc333884eb181b06b41b8e5e488e8f7ccb27199fb3be7659""}","{""policy"":""department_including""}",task_bounded_independent_nested_robustness_and_transfer,1470,paired_stratified_percentile_bootstrap_5000_draws_within_task,external_robustness/ibm_restricted_target_performance_robustness.csv,a020940460d634eef3159c736084e4a733bd38ca794bee6927d20d2a4001ac0b,ibm_restricted_target_performance_robustness,15,483f96fdbaab16cb0f32d03d9dbe676a759af44a,18bbb5cb3dae267eac18f3cc60082e5023843b01bd565f8912555fc9c83aa329,ibm_performance,,a5c31e38bd7fafc9bc333884eb181b06b41b8e5e488e8f7ccb27199fb3be7659,e4b403c2c31e2629a72bd9cb85337da4eb06ea7dca2da9acfea245cd8db9371f,c74f0f7b119d1023eba0a3519b2c66223ff9407e6eb15f064ff15bb13f0024a9,795289fbe2a2b0bbe3291fefa0441f81b8ffb1b994e3b5b8c478cff949ded5fc,e12130b5d1f8a4d0c4f480f525fc9b3b8a1826323bf3641fdbd80f3db2a12659,e9c71caf37a3058e2c17dcc99e566f0d472e69da56e3bcf9dd2d8ddeca869791,restricted_target_performance_robustness,restricted-target performance robustness,ibm_restricted_target_performance_robustness,,,,,,,False,False,False,Supplementary restricted 3/4-target robustness only; not direct three-class employee-performance external validation and not transport.,binary_brier,,,,ibm_hr_analytics,sha256_utf8_json_rows_csv_utf8_sig_v1,department_including,0.1912836411183622,0.1847575032926179,0.1980309183539431,0.0033673346151508,1470.0,5000.0,5000.0,0.95,paired_stratified_percentile,outer_fold;y_true,42.0,cabfb374553efd5f0123f201abc8e42efbfd8fd7e94331e98737d9506dc9266b,lower,0.0,1.0,56ccfc545b5497c5b6875d5432eb917ae5d37d2cb15992cfc1c0b44e270a11c8
canonical_v2_20260714T221501Z_483f96f,51415c2ce68c89d9ce2b042b0a7a811fe3e98180b72460006f9d0465f6bf49b7,caffb945d15f990e3a789e9707f7a8a9115be31fecbbd705822994a10cfaf151,f1e358e99914563305428cece1b1595bc76a58643184407ec5b222162d650332,98ae57b622a56983192975c5bff94374ed51322f13c76af633c3c96ceb198cdd,restricted_and_binary_task_evidence,"{""canonical_content_sha256"":""e4b403c2c31e2629a72bd9cb85337da4eb06ea7dca2da9acfea245cd8db9371f"",""dataset_key"":""ibm_hr_analytics"",""dataset_sha256"":""a5c31e38bd7fafc9bc333884eb181b06b41b8e5e488e8f7ccb27199fb3be7659""}","{""policy"":""department_including""}",task_bounded_independent_nested_robustness_and_transfer,1470,paired_stratified_percentile_bootstrap_5000_draws_within_task,external_robustness/ibm_restricted_target_performance_robustness.csv,a020940460d634eef3159c736084e4a733bd38ca794bee6927d20d2a4001ac0b,ibm_restricted_target_performance_robustness,16,483f96fdbaab16cb0f32d03d9dbe676a759af44a,18bbb5cb3dae267eac18f3cc60082e5023843b01bd565f8912555fc9c83aa329,ibm_performance,,a5c31e38bd7fafc9bc333884eb181b06b41b8e5e488e8f7ccb27199fb3be7659,e4b403c2c31e2629a72bd9cb85337da4eb06ea7dca2da9acfea245cd8db9371f,c74f0f7b119d1023eba0a3519b2c66223ff9407e6eb15f064ff15bb13f0024a9,795289fbe2a2b0bbe3291fefa0441f81b8ffb1b994e3b5b8c478cff949ded5fc,e12130b5d1f8a4d0c4f480f525fc9b3b8a1826323bf3641fdbd80f3db2a12659,e9c71caf37a3058e2c17dcc99e566f0d472e69da56e3bcf9dd2d8ddeca869791,restricted_target_performance_robustness,restricted-target performance robustness,ibm_restricted_target_performance_robustness,,,,,,,False,False,False,Supplementary restricted 3/4-target robustness only; not direct three-class employee-performance external validation and not transport.,ece_confidence,,,,ibm_hr_analytics,sha256_utf8_json_rows_csv_utf8_sig_v1,department_including,0.041435785988835,0.0292697863476443,0.0641945735637393,0.0088366009622668,1470.0,5000.0,5000.0,0.95,paired_stratified_percentile,outer_fold;y_true,42.0,cabfb374553efd5f0123f201abc8e42efbfd8fd7e94331e98737d9506dc9266b,lower,0.0,1.0,56ccfc545b5497c5b6875d5432eb917ae5d37d2cb15992cfc1c0b44e270a11c8
canonical_v2_20260714T221501Z_483f96f,51415c2ce68c89d9ce2b042b0a7a811fe3e98180b72460006f9d0465f6bf49b7,caffb945d15f990e3a789e9707f7a8a9115be31fecbbd705822994a10cfaf151,f1e358e99914563305428cece1b1595bc76a58643184407ec5b222162d650332,98ae57b622a56983192975c5bff94374ed51322f13c76af633c3c96ceb198cdd,restricted_and_binary_task_evidence,"{""canonical_content_sha256"":""e4b403c2c31e2629a72bd9cb85337da4eb06ea7dca2da9acfea245cd8db9371f"",""dataset_key"":""ibm_hr_analytics"",""dataset_sha256"":""a5c31e38bd7fafc9bc333884eb181b06b41b8e5e488e8f7ccb27199fb3be7659""}","{""policy"":""department_job_role_free""}",task_bounded_independent_nested_robustness_and_transfer,1470,paired_stratified_percentile_bootstrap_5000_draws_within_task,external_robustness/ibm_restricted_target_performance_robustness.csv,a020940460d634eef3159c736084e4a733bd38ca794bee6927d20d2a4001ac0b,ibm_restricted_target_performance_robustness,17,483f96fdbaab16cb0f32d03d9dbe676a759af44a,18bbb5cb3dae267eac18f3cc60082e5023843b01bd565f8912555fc9c83aa329,ibm_performance,,a5c31e38bd7fafc9bc333884eb181b06b41b8e5e488e8f7ccb27199fb3be7659,e4b403c2c31e2629a72bd9cb85337da4eb06ea7dca2da9acfea245cd8db9371f,c74f0f7b119d1023eba0a3519b2c66223ff9407e6eb15f064ff15bb13f0024a9,795289fbe2a2b0bbe3291fefa0441f81b8ffb1b994e3b5b8c478cff949ded5fc,e12130b5d1f8a4d0c4f480f525fc9b3b8a1826323bf3641fdbd80f3db2a12659,e9c71caf37a3058e2c17dcc99e566f0d472e69da56e3bcf9dd2d8ddeca869791,restricted_target_performance_robustness,restricted-target performance robustness,ibm_restricted_target_performance_robustness,,,,,,,False,False,False,Supplementary restricted 3/4-target robustness only; not direct three-class employee-performance external validation and not transport.,accuracy,,,,ibm_hr_analytics,sha256_utf8_json_rows_csv_utf8_sig_v1,department_job_role_free,0.6952380952380952,0.6748299319727891,0.7149659863945578,0.0103399031946304,1470.0,5000.0,5000.0,0.95,paired_stratified_percentile,outer_fold;y_true,42.0,cabfb374553efd5f0123f201abc8e42efbfd8fd7e94331e98737d9506dc9266b,higher,0.0,1.0,d6fd76bf5b72420b984803bfc83f51b2c822cec2d320c85f576bc3a1c1c5fb7e
canonical_v2_20260714T221501Z_483f96f,51415c2ce68c89d9ce2b042b0a7a811fe3e98180b72460006f9d0465f6bf49b7,caffb945d15f990e3a789e9707f7a8a9115be31fecbbd705822994a10cfaf151,f1e358e99914563305428cece1b1595bc76a58643184407ec5b222162d650332,98ae57b622a56983192975c5bff94374ed51322f13c76af633c3c96ceb198cdd,restricted_and_binary_task_evidence,"{""canonical_content_sha256"":""e4b403c2c31e2629a72bd9cb85337da4eb06ea7dca2da9acfea245cd8db9371f"",""dataset_key"":""ibm_hr_analytics"",""dataset_sha256"":""a5c31e38bd7fafc9bc333884eb181b06b41b8e5e488e8f7ccb27199fb3be7659""}","{""policy"":""department_job_role_free""}",task_bounded_independent_nested_robustness_and_transfer,1470,paired_stratified_percentile_bootstrap_5000_draws_within_task,external_robustness/ibm_restricted_target_performance_robustness.csv,a020940460d634eef3159c736084e4a733bd38ca794bee6927d20d2a4001ac0b,ibm_restricted_target_performance_robustness,18,483f96fdbaab16cb0f32d03d9dbe676a759af44a,18bbb5cb3dae267eac18f3cc60082e5023843b01bd565f8912555fc9c83aa329,ibm_performance,,a5c31e38bd7fafc9bc333884eb181b06b41b8e5e488e8f7ccb27199fb3be7659,e4b403c2c31e2629a72bd9cb85337da4eb06ea7dca2da9acfea245cd8db9371f,c74f0f7b119d1023eba0a3519b2c66223ff9407e6eb15f064ff15bb13f0024a9,795289fbe2a2b0bbe3291fefa0441f81b8ffb1b994e3b5b8c478cff949ded5fc,e12130b5d1f8a4d0c4f480f525fc9b3b8a1826323bf3641fdbd80f3db2a12659,e9c71caf37a3058e2c17dcc99e566f0d472e69da56e3bcf9dd2d8ddeca869791,restricted_target_performance_robustness,restricted-target performance robustness,ibm_restricted_target_performance_robustness,,,,,,,False,False,False,Supplementary restricted 3/4-target robustness only; not direct three-class employee-performance external validation and not transport.,balanced_accuracy,,,,ibm_hr_analytics,sha256_utf8_json_rows_csv_utf8_sig_v1,department_job_role_free,0.4868110292234584,0.4608704969695245,0.5143663033890106,0.0136761021809803,1470.0,5000.0,5000.0,0.95,paired_stratified_percentile,outer_fold;y_true,42.0,cabfb374553efd5f0123f201abc8e42efbfd8fd7e94331e98737d9506dc9266b,higher,0.0,1.0,d6fd76bf5b72420b984803bfc83f51b2c822cec2d320c85f576bc3a1c1c5fb7e
canonical_v2_20260714T221501Z_483f96f,51415c2ce68c89d9ce2b042b0a7a811fe3e98180b72460006f9d0465f6bf49b7,caffb945d15f990e3a789e9707f7a8a9115be31fecbbd705822994a10cfaf151,f1e358e99914563305428cece1b1595bc76a58643184407ec5b222162d650332,98ae57b622a56983192975c5bff94374ed51322f13c76af633c3c96ceb198cdd,restricted_and_binary_task_evidence,"{""canonical_content_sha256"":""e4b403c2c31e2629a72bd9cb85337da4eb06ea7dca2da9acfea245cd8db9371f"",""dataset_key"":""ibm_hr_analytics"",""dataset_sha256"":""a5c31e38bd7fafc9bc333884eb181b06b41b8e5e488e8f7ccb27199fb3be7659""}","{""policy"":""department_job_role_free""}",task_bounded_independent_nested_robustness_and_transfer,1470,paired_stratified_percentile_bootstrap_5000_draws_within_task,external_robustness/ibm_restricted_target_performance_robustness.csv,a020940460d634eef3159c736084e4a733bd38ca794bee6927d20d2a4001ac0b,ibm_restricted_target_performance_robustness,19,483f96fdbaab16cb0f32d03d9dbe676a759af44a,18bbb5cb3dae267eac18f3cc60082e5023843b01bd565f8912555fc9c83aa329,ibm_performance,,a5c31e38bd7fafc9bc333884eb181b06b41b8e5e488e8f7ccb27199fb3be7659,e4b403c2c31e2629a72bd9cb85337da4eb06ea7dca2da9acfea245cd8db9371f,c74f0f7b119d1023eba0a3519b2c66223ff9407e6eb15f064ff15bb13f0024a9,795289fbe2a2b0bbe3291fefa0441f81b8ffb1b994e3b5b8c478cff949ded5fc,e12130b5d1f8a4d0c4f480f525fc9b3b8a1826323bf3641fdbd80f3db2a12659,e9c71caf37a3058e2c17dcc99e566f0d472e69da56e3bcf9dd2d8ddeca869791,restricted_target_performance_robustness,restricted-target performance robustness,ibm_restricted_target_performance_robustness,,,,,,,False,False,False,Supplementary restricted 3/4-target robustness only; not direct three-class employee-performance external validation and not transport.,macro_f1,,,,ibm_hr_analytics,sha256_utf8_json_rows_csv_utf8_sig_v1,department_job_role_free,0.4859241126070991,0.4631657559629971,0.5101622234630382,0.0120559215860671,1470.0,5000.0,5000.0,0.95,paired_stratified_percentile,outer_fold;y_true,42.0,cabfb374553efd5f0123f201abc8e42efbfd8fd7e94331e98737d9506dc9266b,higher,0.0,1.0,d6fd76bf5b72420b984803bfc83f51b2c822cec2d320c85f576bc3a1c1c5fb7e
canonical_v2_20260714T221501Z_483f96f,51415c2ce68c89d9ce2b042b0a7a811fe3e98180b72460006f9d0465f6bf49b7,caffb945d15f990e3a789e9707f7a8a9115be31fecbbd705822994a10cfaf151,f1e358e99914563305428cece1b1595bc76a58643184407ec5b222162d650332,98ae57b622a56983192975c5bff94374ed51322f13c76af633c3c96ceb198cdd,restricted_and_binary_task_evidence,"{""canonical_content_sha256"":""e4b403c2c31e2629a72bd9cb85337da4eb06ea7dca2da9acfea245cd8db9371f"",""dataset_key"":""ibm_hr_analytics"",""dataset_sha256"":""a5c31e38bd7fafc9bc333884eb181b06b41b8e5e488e8f7ccb27199fb3be7659""}","{""policy"":""department_job_role_free""}",task_bounded_independent_nested_robustness_and_transfer,1470,paired_stratified_percentile_bootstrap_5000_draws_within_task,external_robustness/ibm_restricted_target_performance_robustness.csv,a020940460d634eef3159c736084e4a733bd38ca794bee6927d20d2a4001ac0b,ibm_restricted_target_performance_robustness,20,483f96fdbaab16cb0f32d03d9dbe676a759af44a,18bbb5cb3dae267eac18f3cc60082e5023843b01bd565f8912555fc9c83aa329,ibm_performance,,a5c31e38bd7fafc9bc333884eb181b06b41b8e5e488e8f7ccb27199fb3be7659,e4b403c2c31e2629a72bd9cb85337da4eb06ea7dca2da9acfea245cd8db9371f,c74f0f7b119d1023eba0a3519b2c66223ff9407e6eb15f064ff15bb13f0024a9,795289fbe2a2b0bbe3291fefa0441f81b8ffb1b994e3b5b8c478cff949ded5fc,e12130b5d1f8a4d0c4f480f525fc9b3b8a1826323bf3641fdbd80f3db2a12659,e9c71caf37a3058e2c17dcc99e566f0d472e69da56e3bcf9dd2d8ddeca869791,restricted_target_performance_robustness,restricted-target performance robustness,ibm_restricted_target_performance_robustness,,,,,,,False,False,False,Supplementary restricted 3/4-target robustness only; not direct three-class employee-performance external validation and not transport.,roc_auc,,,,ibm_hr_analytics,sha256_utf8_json_rows_csv_utf8_sig_v1,department_job_role_free,0.4889700651623367,0.452966362433486,0.5245510307884927,0.018084762230936,1470.0,5000.0,5000.0,0.95,paired_stratified_percentile,outer_fold;y_true,42.0,cabfb374553efd5f0123f201abc8e42efbfd8fd7e94331e98737d9506dc9266b,higher,0.0,1.0,d6fd76bf5b72420b984803bfc83f51b2c822cec2d320c85f576bc3a1c1c5fb7e
canonical_v2_20260714T221501Z_483f96f,51415c2ce68c89d9ce2b042b0a7a811fe3e98180b72460006f9d0465f6bf49b7,caffb945d15f990e3a789e9707f7a8a9115be31fecbbd705822994a10cfaf151,f1e358e99914563305428cece1b1595bc76a58643184407ec5b222162d650332,98ae57b622a56983192975c5bff94374ed51322f13c76af633c3c96ceb198cdd,restricted_and_binary_task_evidence,"{""canonical_content_sha256"":""e4b403c2c31e2629a72bd9cb85337da4eb06ea7dca2da9acfea245cd8db9371f"",""dataset_key"":""ibm_hr_analytics"",""dataset_sha256"":""a5c31e38bd7fafc9bc333884eb181b06b41b8e5e488e8f7ccb27199fb3be7659""}","{""policy"":""department_job_role_free""}",task_bounded_independent_nested_robustness_and_transfer,1470,paired_stratified_percentile_bootstrap_5000_draws_within_task,external_robustness/ibm_restricted_target_performance_robustness.csv,a020940460d634eef3159c736084e4a733bd38ca794bee6927d20d2a4001ac0b,ibm_restricted_target_performance_robustness,21,483f96fdbaab16cb0f32d03d9dbe676a759af44a,18bbb5cb3dae267eac18f3cc60082e5023843b01bd565f8912555fc9c83aa329,ibm_performance,,a5c31e38bd7fafc9bc333884eb181b06b41b8e5e488e8f7ccb27199fb3be7659,e4b403c2c31e2629a72bd9cb85337da4eb06ea7dca2da9acfea245cd8db9371f,c74f0f7b119d1023eba0a3519b2c66223ff9407e6eb15f064ff15bb13f0024a9,795289fbe2a2b0bbe3291fefa0441f81b8ffb1b994e3b5b8c478cff949ded5fc,e12130b5d1f8a4d0c4f480f525fc9b3b8a1826323bf3641fdbd80f3db2a12659,e9c71caf37a3058e2c17dcc99e566f0d472e69da56e3bcf9dd2d8ddeca869791,restricted_target_performance_robustness,restricted-target performance robustness,ibm_restricted_target_performance_robustness,,,,,,,False,False,False,Supplementary restricted 3/4-target robustness only; not direct three-class employee-performance external validation and not transport.,average_precision,,,,ibm_hr_analytics,sha256_utf8_json_rows_csv_utf8_sig_v1,department_job_role_free,0.1488868804105069,0.1370160511966033,0.1706147787457012,0.0086298411134195,1470.0,5000.0,5000.0,0.95,paired_stratified_percentile,outer_fold;y_true,42.0,cabfb374553efd5f0123f201abc8e42efbfd8fd7e94331e98737d9506dc9266b,higher,0.0,1.0,d6fd76bf5b72420b984803bfc83f51b2c822cec2d320c85f576bc3a1c1c5fb7e
canonical_v2_20260714T221501Z_483f96f,51415c2ce68c89d9ce2b042b0a7a811fe3e98180b72460006f9d0465f6bf49b7,caffb945d15f990e3a789e9707f7a8a9115be31fecbbd705822994a10cfaf151,f1e358e99914563305428cece1b1595bc76a58643184407ec5b222162d650332,98ae57b622a56983192975c5bff94374ed51322f13c76af633c3c96ceb198cdd,restricted_and_binary_task_evidence,"{""canonical_content_sha256"":""e4b403c2c31e2629a72bd9cb85337da4eb06ea7dca2da9acfea245cd8db9371f"",""dataset_key"":""ibm_hr_analytics"",""dataset_sha256"":""a5c31e38bd7fafc9bc333884eb181b06b41b8e5e488e8f7ccb27199fb3be7659""}","{""policy"":""department_job_role_free""}",task_bounded_independent_nested_robustness_and_transfer,1470,paired_stratified_percentile_bootstrap_5000_draws_within_task,external_robustness/ibm_restricted_target_performance_robustness.csv,a020940460d634eef3159c736084e4a733bd38ca794bee6927d20d2a4001ac0b,ibm_restricted_target_performance_robustness,22,483f96fdbaab16cb0f32d03d9dbe676a759af44a,18bbb5cb3dae267eac18f3cc60082e5023843b01bd565f8912555fc9c83aa329,ibm_performance,,a5c31e38bd7fafc9bc333884eb181b06b41b8e5e488e8f7ccb27199fb3be7659,e4b403c2c31e2629a72bd9cb85337da4eb06ea7dca2da9acfea245cd8db9371f,c74f0f7b119d1023eba0a3519b2c66223ff9407e6eb15f064ff15bb13f0024a9,795289fbe2a2b0bbe3291fefa0441f81b8ffb1b994e3b5b8c478cff949ded5fc,e12130b5d1f8a4d0c4f480f525fc9b3b8a1826323bf3641fdbd80f3db2a12659,e9c71caf37a3058e2c17dcc99e566f0d472e69da56e3bcf9dd2d8ddeca869791,restricted_target_performance_robustness,restricted-target performance robustness,ibm_restricted_target_performance_robustness,,,,,,,False,False,False,Supplementary restricted 3/4-target robustness only; not direct three-class employee-performance external validation and not transport.,nll_log_loss,,,,ibm_hr_analytics,sha256_utf8_json_rows_csv_utf8_sig_v1,department_job_role_free,0.5914658106268119,0.5730297573800424,0.610377923194694,0.0095511556860672,1470.0,5000.0,5000.0,0.95,paired_stratified_percentile,outer_fold;y_true,42.0,cabfb374553efd5f0123f201abc8e42efbfd8fd7e94331e98737d9506dc9266b,lower,0.0,inf,d6fd76bf5b72420b984803bfc83f51b2c822cec2d320c85f576bc3a1c1c5fb7e
canonical_v2_20260714T221501Z_483f96f,51415c2ce68c89d9ce2b042b0a7a811fe3e98180b72460006f9d0465f6bf49b7,caffb945d15f990e3a789e9707f7a8a9115be31fecbbd705822994a10cfaf151,f1e358e99914563305428cece1b1595bc76a58643184407ec5b222162d650332,98ae57b622a56983192975c5bff94374ed51322f13c76af633c3c96ceb198cdd,restricted_and_binary_task_evidence,"{""canonical_content_sha256"":""e4b403c2c31e2629a72bd9cb85337da4eb06ea7dca2da9acfea245cd8db9371f"",""dataset_key"":""ibm_hr_analytics"",""dataset_sha256"":""a5c31e38bd7fafc9bc333884eb181b06b41b8e5e488e8f7ccb27199fb3be7659""}","{""policy"":""department_job_role_free""}",task_bounded_independent_nested_robustness_and_transfer,1470,paired_stratified_percentile_bootstrap_5000_draws_within_task,external_robustness/ibm_restricted_target_performance_robustness.csv,a020940460d634eef3159c736084e4a733bd38ca794bee6927d20d2a4001ac0b,ibm_restricted_target_performance_robustness,23,483f96fdbaab16cb0f32d03d9dbe676a759af44a,18bbb5cb3dae267eac18f3cc60082e5023843b01bd565f8912555fc9c83aa329,ibm_performance,,a5c31e38bd7fafc9bc333884eb181b06b41b8e5e488e8f7ccb27199fb3be7659,e4b403c2c31e2629a72bd9cb85337da4eb06ea7dca2da9acfea245cd8db9371f,c74f0f7b119d1023eba0a3519b2c66223ff9407e6eb15f064ff15bb13f0024a9,795289fbe2a2b0bbe3291fefa0441f81b8ffb1b994e3b5b8c478cff949ded5fc,e12130b5d1f8a4d0c4f480f525fc9b3b8a1826323bf3641fdbd80f3db2a12659,e9c71caf37a3058e2c17dcc99e566f0d472e69da56e3bcf9dd2d8ddeca869791,restricted_target_performance_robustness,restricted-target performance robustness,ibm_restricted_target_performance_robustness,,,,,,,False,False,False,Supplementary restricted 3/4-target robustness only; not direct three-class employee-performance external validation and not transport.,binary_brier,,,,ibm_hr_analytics,sha256_utf8_json_rows_csv_utf8_sig_v1,department_job_role_free,0.1997792908280088,0.1923880193510107,0.2073613759203014,0.0037964439172446,1470.0,5000.0,5000.0,0.95,paired_stratified_percentile,outer_fold;y_true,42.0,cabfb374553efd5f0123f201abc8e42efbfd8fd7e94331e98737d9506dc9266b,lower,0.0,1.0,d6fd76bf5b72420b984803bfc83f51b2c822cec2d320c85f576bc3a1c1c5fb7e
canonical_v2_20260714T221501Z_483f96f,51415c2ce68c89d9ce2b042b0a7a811fe3e98180b72460006f9d0465f6bf49b7,caffb945d15f990e3a789e9707f7a8a9115be31fecbbd705822994a10cfaf151,f1e358e99914563305428cece1b1595bc76a58643184407ec5b222162d650332,98ae57b622a56983192975c5bff94374ed51322f13c76af633c3c96ceb198cdd,restricted_and_binary_task_evidence,"{""canonical_content_sha256"":""e4b403c2c31e2629a72bd9cb85337da4eb06ea7dca2da9acfea245cd8db9371f"",""dataset_key"":""ibm_hr_analytics"",""dataset_sha256"":""a5c31e38bd7fafc9bc333884eb181b06b41b8e5e488e8f7ccb27199fb3be7659""}","{""policy"":""department_job_role_free""}",task_bounded_independent_nested_robustness_and_transfer,1470,paired_stratified_percentile_bootstrap_5000_draws_within_task,external_robustness/ibm_restricted_target_performance_robustness.csv,a020940460d634eef3159c736084e4a733bd38ca794bee6927d20d2a4001ac0b,ibm_restricted_target_performance_robustness,24,483f96fdbaab16cb0f32d03d9dbe676a759af44a,18bbb5cb3dae267eac18f3cc60082e5023843b01bd565f8912555fc9c83aa329,ibm_performance,,a5c31e38bd7fafc9bc333884eb181b06b41b8e5e488e8f7ccb27199fb3be7659,e4b403c2c31e2629a72bd9cb85337da4eb06ea7dca2da9acfea245cd8db9371f,c74f0f7b119d1023eba0a3519b2c66223ff9407e6eb15f064ff15bb13f0024a9,795289fbe2a2b0bbe3291fefa0441f81b8ffb1b994e3b5b8c478cff949ded5fc,e12130b5d1f8a4d0c4f480f525fc9b3b8a1826323bf3641fdbd80f3db2a12659,e9c71caf37a3058e2c17dcc99e566f0d472e69da56e3bcf9dd2d8ddeca869791,restricted_target_performance_robustness,restricted-target performance robustness,ibm_restricted_target_performance_robustness,,,,,,,False,False,False,Supplementary restricted 3/4-target robustness only; not direct three-class employee-performance external validation and not transport.,ece_confidence,,,,ibm_hr_analytics,sha256_utf8_json_rows_csv_utf8_sig_v1,department_job_role_free,0.0413054980807981,0.0240119426616034,0.0630346526617575,0.0100749465386023,1470.0,5000.0,5000.0,0.95,paired_stratified_percentile,outer_fold;y_true,42.0,cabfb374553efd5f0123f201abc8e42efbfd8fd7e94331e98737d9506dc9266b,lower,0.0,1.0,d6fd76bf5b72420b984803bfc83f51b2c822cec2d320c85f576bc3a1c1c5fb7e
canonical_v2_20260714T221501Z_483f96f,51415c2ce68c89d9ce2b042b0a7a811fe3e98180b72460006f9d0465f6bf49b7,caffb945d15f990e3a789e9707f7a8a9115be31fecbbd705822994a10cfaf151,f1e358e99914563305428cece1b1595bc76a58643184407ec5b222162d650332,98ae57b622a56983192975c5bff94374ed51322f13c76af633c3c96ceb198cdd,restricted_and_binary_task_evidence,"{""canonical_content_sha256"":""e4b403c2c31e2629a72bd9cb85337da4eb06ea7dca2da9acfea245cd8db9371f"",""dataset_key"":""ibm_hr_analytics_attrition"",""dataset_sha256"":""a5c31e38bd7fafc9bc333884eb181b06b41b8e5e488e8f7ccb27199fb3be7659""}","{""policy"":""department_free""}",task_bounded_independent_nested_robustness_and_transfer,1470,paired_stratified_percentile_bootstrap_5000_draws_within_task,external_robustness/ibm_attrition_task_transfer.csv,d2ebc2619df47c17adf809e56d453437aa309c5a98750f376d41c71d141a1aa3,ibm_attrition_task_transfer,1,483f96fdbaab16cb0f32d03d9dbe676a759af44a,18bbb5cb3dae267eac18f3cc60082e5023843b01bd565f8912555fc9c83aa329,ibm_attrition,,a5c31e38bd7fafc9bc333884eb181b06b41b8e5e488e8f7ccb27199fb3be7659,e4b403c2c31e2629a72bd9cb85337da4eb06ea7dca2da9acfea245cd8db9371f,c74f0f7b119d1023eba0a3519b2c66223ff9407e6eb15f064ff15bb13f0024a9,1386f8d2a737022e524416c77047270d206c4d71dbde8efffcb1affb2d3ecdc0,0c7b7295b6f9c1f967f498ab0a1efe52d1cc5d155ec08b653fa2cc8141a94b1b,48f519012e5106a2ba1b33c5ad743531296d2ca74ae632a0eb9a1c68e54fe82a,binary_attrition_transfer,related HR attrition task transfer,ibm_attrition_related_task_transfer,,,,,,,False,False,False,Supplementary related attrition-task transfer only; not employee-performance validation and not transport.,accuracy,,,,ibm_hr_analytics_attrition,sha256_utf8_json_rows_csv_utf8_sig_v1,department_free,0.8462585034013606,0.8292517006802721,0.861904761904762,0.0084238451782057,1470.0,5000.0,5000.0,0.95,paired_stratified_percentile,outer_fold;y_true,42.0,5dcb1ff4a4b44180d61b51a35ab831194ca5a40e30db382da8d185574fd459db,higher,0.0,1.0,c6c63ef1af1dc92b9ca8fdc8a036d03ee0f8140806ad7713cbe54ced744caa19
canonical_v2_20260714T221501Z_483f96f,51415c2ce68c89d9ce2b042b0a7a811fe3e98180b72460006f9d0465f6bf49b7,caffb945d15f990e3a789e9707f7a8a9115be31fecbbd705822994a10cfaf151,f1e358e99914563305428cece1b1595bc76a58643184407ec5b222162d650332,98ae57b622a56983192975c5bff94374ed51322f13c76af633c3c96ceb198cdd,restricted_and_binary_task_evidence,"{""canonical_content_sha256"":""e4b403c2c31e2629a72bd9cb85337da4eb06ea7dca2da9acfea245cd8db9371f"",""dataset_key"":""ibm_hr_analytics_attrition"",""dataset_sha256"":""a5c31e38bd7fafc9bc333884eb181b06b41b8e5e488e8f7ccb27199fb3be7659""}","{""policy"":""department_free""}",task_bounded_independent_nested_robustness_and_transfer,1470,paired_stratified_percentile_bootstrap_5000_draws_within_task,external_robustness/ibm_attrition_task_transfer.csv,d2ebc2619df47c17adf809e56d453437aa309c5a98750f376d41c71d141a1aa3,ibm_attrition_task_transfer,2,483f96fdbaab16cb0f32d03d9dbe676a759af44a,18bbb5cb3dae267eac18f3cc60082e5023843b01bd565f8912555fc9c83aa329,ibm_attrition,,a5c31e38bd7fafc9bc333884eb181b06b41b8e5e488e8f7ccb27199fb3be7659,e4b403c2c31e2629a72bd9cb85337da4eb06ea7dca2da9acfea245cd8db9371f,c74f0f7b119d1023eba0a3519b2c66223ff9407e6eb15f064ff15bb13f0024a9,1386f8d2a737022e524416c77047270d206c4d71dbde8efffcb1affb2d3ecdc0,0c7b7295b6f9c1f967f498ab0a1efe52d1cc5d155ec08b653fa2cc8141a94b1b,48f519012e5106a2ba1b33c5ad743531296d2ca74ae632a0eb9a1c68e54fe82a,binary_attrition_transfer,related HR attrition task transfer,ibm_attrition_related_task_transfer,,,,,,,False,False,False,Supplementary related attrition-task transfer only; not employee-performance validation and not transport.,balanced_accuracy,,,,ibm_hr_analytics_attrition,sha256_utf8_json_rows_csv_utf8_sig_v1,department_free,0.7208927489810795,0.6885182789737904,0.7530259632264622,0.0162716573490055,1470.0,5000.0,5000.0,0.95,paired_stratified_percentile,outer_fold;y_true,42.0,5dcb1ff4a4b44180d61b51a35ab831194ca5a40e30db382da8d185574fd459db,higher,0.0,1.0,c6c63ef1af1dc92b9ca8fdc8a036d03ee0f8140806ad7713cbe54ced744caa19
canonical_v2_20260714T221501Z_483f96f,51415c2ce68c89d9ce2b042b0a7a811fe3e98180b72460006f9d0465f6bf49b7,caffb945d15f990e3a789e9707f7a8a9115be31fecbbd705822994a10cfaf151,f1e358e99914563305428cece1b1595bc76a58643184407ec5b222162d650332,98ae57b622a56983192975c5bff94374ed51322f13c76af633c3c96ceb198cdd,restricted_and_binary_task_evidence,"{""canonical_content_sha256"":""e4b403c2c31e2629a72bd9cb85337da4eb06ea7dca2da9acfea245cd8db9371f"",""dataset_key"":""ibm_hr_analytics_attrition"",""dataset_sha256"":""a5c31e38bd7fafc9bc333884eb181b06b41b8e5e488e8f7ccb27199fb3be7659""}","{""policy"":""department_free""}",task_bounded_independent_nested_robustness_and_transfer,1470,paired_stratified_percentile_bootstrap_5000_draws_within_task,external_robustness/ibm_attrition_task_transfer.csv,d2ebc2619df47c17adf809e56d453437aa309c5a98750f376d41c71d141a1aa3,ibm_attrition_task_transfer,3,483f96fdbaab16cb0f32d03d9dbe676a759af44a,18bbb5cb3dae267eac18f3cc60082e5023843b01bd565f8912555fc9c83aa329,ibm_attrition,,a5c31e38bd7fafc9bc333884eb181b06b41b8e5e488e8f7ccb27199fb3be7659,e4b403c2c31e2629a72bd9cb85337da4eb06ea7dca2da9acfea245cd8db9371f,c74f0f7b119d1023eba0a3519b2c66223ff9407e6eb15f064ff15bb13f0024a9,1386f8d2a737022e524416c77047270d206c4d71dbde8efffcb1affb2d3ecdc0,0c7b7295b6f9c1f967f498ab0a1efe52d1cc5d155ec08b653fa2cc8141a94b1b,48f519012e5106a2ba1b33c5ad743531296d2ca74ae632a0eb9a1c68e54fe82a,binary_attrition_transfer,related HR attrition task transfer,ibm_attrition_related_task_transfer,,,,,,,False,False,False,Supplementary related attrition-task transfer only; not employee-performance validation and not transport.,macro_f1,,,,ibm_hr_analytics_attrition,sha256_utf8_json_rows_csv_utf8_sig_v1,department_free,0.7186483739837398,0.6880482321718597,0.7469282922912318,0.0149072916588967,1470.0,5000.0,5000.0,0.95,paired_stratified_percentile,outer_fold;y_true,42.0,5dcb1ff4a4b44180d61b51a35ab831194ca5a40e30db382da8d185574fd459db,higher,0.0,1.0,c6c63ef1af1dc92b9ca8fdc8a036d03ee0f8140806ad7713cbe54ced744caa19
canonical_v2_20260714T221501Z_483f96f,51415c2ce68c89d9ce2b042b0a7a811fe3e98180b72460006f9d0465f6bf49b7,caffb945d15f990e3a789e9707f7a8a9115be31fecbbd705822994a10cfaf151,f1e358e99914563305428cece1b1595bc76a58643184407ec5b222162d650332,98ae57b622a56983192975c5bff94374ed51322f13c76af633c3c96ceb198cdd,restricted_and_binary_task_evidence,"{""canonical_content_sha256"":""e4b403c2c31e2629a72bd9cb85337da4eb06ea7dca2da9acfea245cd8db9371f"",""dataset_key"":""ibm_hr_analytics_attrition"",""dataset_sha256"":""a5c31e38bd7fafc9bc333884eb181b06b41b8e5e488e8f7ccb27199fb3be7659""}","{""policy"":""department_free""}",task_bounded_independent_nested_robustness_and_transfer,1470,paired_stratified_percentile_bootstrap_5000_draws_within_task,external_robustness/ibm_attrition_task_transfer.csv,d2ebc2619df47c17adf809e56d453437aa309c5a98750f376d41c71d141a1aa3,ibm_attrition_task_transfer,4,483f96fdbaab16cb0f32d03d9dbe676a759af44a,18bbb5cb3dae267eac18f3cc60082e5023843b01bd565f8912555fc9c83aa329,ibm_attrition,,a5c31e38bd7fafc9bc333884eb181b06b41b8e5e488e8f7ccb27199fb3be7659,e4b403c2c31e2629a72bd9cb85337da4eb06ea7dca2da9acfea245cd8db9371f,c74f0f7b119d1023eba0a3519b2c66223ff9407e6eb15f064ff15bb13f0024a9,1386f8d2a737022e524416c77047270d206c4d71dbde8efffcb1affb2d3ecdc0,0c7b7295b6f9c1f967f498ab0a1efe52d1cc5d155ec08b653fa2cc8141a94b1b,48f519012e5106a2ba1b33c5ad743531296d2ca74ae632a0eb9a1c68e54fe82a,binary_attrition_transfer,related HR attrition task transfer,ibm_attrition_related_task_transfer,,,,,,,False,False,False,Supplementary related attrition-task transfer only; not employee-performance validation and not transport.,roc_auc,,,,ibm_hr_analytics_attrition,sha256_utf8_json_rows_csv_utf8_sig_v1,department_free,0.788687329110502,0.7540590854182281,0.8223268519374034,0.0173783011723949,1470.0,5000.0,5000.0,0.95,paired_stratified_percentile,outer_fold;y_true,42.0,5dcb1ff4a4b44180d61b51a35ab831194ca5a40e30db382da8d185574fd459db,higher,0.0,1.0,c6c63ef1af1dc92b9ca8fdc8a036d03ee0f8140806ad7713cbe54ced744caa19
canonical_v2_20260714T221501Z_483f96f,51415c2ce68c89d9ce2b042b0a7a811fe3e98180b72460006f9d0465f6bf49b7,caffb945d15f990e3a789e9707f7a8a9115be31fecbbd705822994a10cfaf151,f1e358e99914563305428cece1b1595bc76a58643184407ec5b222162d650332,98ae57b622a56983192975c5bff94374ed51322f13c76af633c3c96ceb198cdd,restricted_and_binary_task_evidence,"{""canonical_content_sha256"":""e4b403c2c31e2629a72bd9cb85337da4eb06ea7dca2da9acfea245cd8db9371f"",""dataset_key"":""ibm_hr_analytics_attrition"",""dataset_sha256"":""a5c31e38bd7fafc9bc333884eb181b06b41b8e5e488e8f7ccb27199fb3be7659""}","{""policy"":""department_free""}",task_bounded_independent_nested_robustness_and_transfer,1470,paired_stratified_percentile_bootstrap_5000_draws_within_task,external_robustness/ibm_attrition_task_transfer.csv,d2ebc2619df47c17adf809e56d453437aa309c5a98750f376d41c71d141a1aa3,ibm_attrition_task_transfer,5,483f96fdbaab16cb0f32d03d9dbe676a759af44a,18bbb5cb3dae267eac18f3cc60082e5023843b01bd565f8912555fc9c83aa329,ibm_attrition,,a5c31e38bd7fafc9bc333884eb181b06b41b8e5e488e8f7ccb27199fb3be7659,e4b403c2c31e2629a72bd9cb85337da4eb06ea7dca2da9acfea245cd8db9371f,c74f0f7b119d1023eba0a3519b2c66223ff9407e6eb15f064ff15bb13f0024a9,1386f8d2a737022e524416c77047270d206c4d71dbde8efffcb1affb2d3ecdc0,0c7b7295b6f9c1f967f498ab0a1efe52d1cc5d155ec08b653fa2cc8141a94b1b,48f519012e5106a2ba1b33c5ad743531296d2ca74ae632a0eb9a1c68e54fe82a,binary_attrition_transfer,related HR attrition task transfer,ibm_attrition_related_task_transfer,,,,,,,False,False,False,Supplementary related attrition-task transfer only; not employee-performance validation and not transport.,average_precision,,,,ibm_hr_analytics_attrition,sha256_utf8_json_rows_csv_utf8_sig_v1,department_free,0.5533688637645515,0.4958606085513186,0.6107253447723874,0.0289280878047814,1470.0,5000.0,5000.0,0.95,paired_stratified_percentile,outer_fold;y_true,42.0,5dcb1ff4a4b44180d61b51a35ab831194ca5a40e30db382da8d185574fd459db,higher,0.0,1.0,c6c63ef1af1dc92b9ca8fdc8a036d03ee0f8140806ad7713cbe54ced744caa19
canonical_v2_20260714T221501Z_483f96f,51415c2ce68c89d9ce2b042b0a7a811fe3e98180b72460006f9d0465f6bf49b7,caffb945d15f990e3a789e9707f7a8a9115be31fecbbd705822994a10cfaf151,f1e358e99914563305428cece1b1595bc76a58643184407ec5b222162d650332,98ae57b622a56983192975c5bff94374ed51322f13c76af633c3c96ceb198cdd,restricted_and_binary_task_evidence,"{""canonical_content_sha256"":""e4b403c2c31e2629a72bd9cb85337da4eb06ea7dca2da9acfea245cd8db9371f"",""dataset_key"":""ibm_hr_analytics_attrition"",""dataset_sha256"":""a5c31e38bd7fafc9bc333884eb181b06b41b8e5e488e8f7ccb27199fb3be7659""}","{""policy"":""department_free""}",task_bounded_independent_nested_robustness_and_transfer,1470,paired_stratified_percentile_bootstrap_5000_draws_within_task,external_robustness/ibm_attrition_task_transfer.csv,d2ebc2619df47c17adf809e56d453437aa309c5a98750f376d41c71d141a1aa3,ibm_attrition_task_transfer,6,483f96fdbaab16cb0f32d03d9dbe676a759af44a,18bbb5cb3dae267eac18f3cc60082e5023843b01bd565f8912555fc9c83aa329,ibm_attrition,,a5c31e38bd7fafc9bc333884eb181b06b41b8e5e488e8f7ccb27199fb3be7659,e4b403c2c31e2629a72bd9cb85337da4eb06ea7dca2da9acfea245cd8db9371f,c74f0f7b119d1023eba0a3519b2c66223ff9407e6eb15f064ff15bb13f0024a9,1386f8d2a737022e524416c77047270d206c4d71dbde8efffcb1affb2d3ecdc0,0c7b7295b6f9c1f967f498ab0a1efe52d1cc5d155ec08b653fa2cc8141a94b1b,48f519012e5106a2ba1b33c5ad743531296d2ca74ae632a0eb9a1c68e54fe82a,binary_attrition_transfer,related HR attrition task transfer,ibm_attrition_related_task_transfer,,,,,,,False,False,False,Supplementary related attrition-task transfer only; not employee-performance validation and not transport.,nll_log_loss,,,,ibm_hr_analytics_attrition,sha256_utf8_json_rows_csv_utf8_sig_v1,department_free,0.3909442808733209,0.3637456033275809,0.4194286281608564,0.0143217490242195,1470.0,5000.0,5000.0,0.95,paired_stratified_percentile,outer_fold;y_true,42.0,5dcb1ff4a4b44180d61b51a35ab831194ca5a40e30db382da8d185574fd459db,lower,0.0,inf,c6c63ef1af1dc92b9ca8fdc8a036d03ee0f8140806ad7713cbe54ced744caa19
canonical_v2_20260714T221501Z_483f96f,51415c2ce68c89d9ce2b042b0a7a811fe3e98180b72460006f9d0465f6bf49b7,caffb945d15f990e3a789e9707f7a8a9115be31fecbbd705822994a10cfaf151,f1e358e99914563305428cece1b1595bc76a58643184407ec5b222162d650332,98ae57b622a56983192975c5bff94374ed51322f13c76af633c3c96ceb198cdd,restricted_and_binary_task_evidence,"{""canonical_content_sha256"":""e4b403c2c31e2629a72bd9cb85337da4eb06ea7dca2da9acfea245cd8db9371f"",""dataset_key"":""ibm_hr_analytics_attrition"",""dataset_sha256"":""a5c31e38bd7fafc9bc333884eb181b06b41b8e5e488e8f7ccb27199fb3be7659""}","{""policy"":""department_free""}",task_bounded_independent_nested_robustness_and_transfer,1470,paired_stratified_percentile_bootstrap_5000_draws_within_task,external_robustness/ibm_attrition_task_transfer.csv,d2ebc2619df47c17adf809e56d453437aa309c5a98750f376d41c71d141a1aa3,ibm_attrition_task_transfer,7,483f96fdbaab16cb0f32d03d9dbe676a759af44a,18bbb5cb3dae267eac18f3cc60082e5023843b01bd565f8912555fc9c83aa329,ibm_attrition,,a5c31e38bd7fafc9bc333884eb181b06b41b8e5e488e8f7ccb27199fb3be7659,e4b403c2c31e2629a72bd9cb85337da4eb06ea7dca2da9acfea245cd8db9371f,c74f0f7b119d1023eba0a3519b2c66223ff9407e6eb15f064ff15bb13f0024a9,1386f8d2a737022e524416c77047270d206c4d71dbde8efffcb1affb2d3ecdc0,0c7b7295b6f9c1f967f498ab0a1efe52d1cc5d155ec08b653fa2cc8141a94b1b,48f519012e5106a2ba1b33c5ad743531296d2ca74ae632a0eb9a1c68e54fe82a,binary_attrition_transfer,related HR attrition task transfer,ibm_attrition_related_task_transfer,,,,,,,False,False,False,Supplementary related attrition-task transfer only; not employee-performance validation and not transport.,binary_brier,,,,ibm_hr_analytics_attrition,sha256_utf8_json_rows_csv_utf8_sig_v1,department_free,0.1178903141447284,0.1089008168084322,0.1275526759686498,0.0047124913012816,1470.0,5000.0,5000.0,0.95,paired_stratified_percentile,outer_fold;y_true,42.0,5dcb1ff4a4b44180d61b51a35ab831194ca5a40e30db382da8d185574fd459db,lower,0.0,1.0,c6c63ef1af1dc92b9ca8fdc8a036d03ee0f8140806ad7713cbe54ced744caa19
canonical_v2_20260714T221501Z_483f96f,51415c2ce68c89d9ce2b042b0a7a811fe3e98180b72460006f9d0465f6bf49b7,caffb945d15f990e3a789e9707f7a8a9115be31fecbbd705822994a10cfaf151,f1e358e99914563305428cece1b1595bc76a58643184407ec5b222162d650332,98ae57b622a56983192975c5bff94374ed51322f13c76af633c3c96ceb198cdd,restricted_and_binary_task_evidence,"{""canonical_content_sha256"":""e4b403c2c31e2629a72bd9cb85337da4eb06ea7dca2da9acfea245cd8db9371f"",""dataset_key"":""ibm_hr_analytics_attrition"",""dataset_sha256"":""a5c31e38bd7fafc9bc333884eb181b06b41b8e5e488e8f7ccb27199fb3be7659""}","{""policy"":""department_free""}",task_bounded_independent_nested_robustness_and_transfer,1470,paired_stratified_percentile_bootstrap_5000_draws_within_task,external_robustness/ibm_attrition_task_transfer.csv,d2ebc2619df47c17adf809e56d453437aa309c5a98750f376d41c71d141a1aa3,ibm_attrition_task_transfer,8,483f96fdbaab16cb0f32d03d9dbe676a759af44a,18bbb5cb3dae267eac18f3cc60082e5023843b01bd565f8912555fc9c83aa329,ibm_attrition,,a5c31e38bd7fafc9bc333884eb181b06b41b8e5e488e8f7ccb27199fb3be7659,e4b403c2c31e2629a72bd9cb85337da4eb06ea7dca2da9acfea245cd8db9371f,c74f0f7b119d1023eba0a3519b2c66223ff9407e6eb15f064ff15bb13f0024a9,1386f8d2a737022e524416c77047270d206c4d71dbde8efffcb1affb2d3ecdc0,0c7b7295b6f9c1f967f498ab0a1efe52d1cc5d155ec08b653fa2cc8141a94b1b,48f519012e5106a2ba1b33c5ad743531296d2ca74ae632a0eb9a1c68e54fe82a,binary_attrition_transfer,related HR attrition task transfer,ibm_attrition_related_task_transfer,,,,,,,False,False,False,Supplementary related attrition-task transfer only; not employee-performance validation and not transport.,ece_confidence,,,,ibm_hr_analytics_attrition,sha256_utf8_json_rows_csv_utf8_sig_v1,department_free,0.036249535363087,0.0232247091459094,0.0538684151266618,0.0077788171571892,1470.0,5000.0,5000.0,0.95,paired_stratified_percentile,outer_fold;y_true,42.0,5dcb1ff4a4b44180d61b51a35ab831194ca5a40e30db382da8d185574fd459db,lower,0.0,1.0,c6c63ef1af1dc92b9ca8fdc8a036d03ee0f8140806ad7713cbe54ced744caa19
canonical_v2_20260714T221501Z_483f96f,51415c2ce68c89d9ce2b042b0a7a811fe3e98180b72460006f9d0465f6bf49b7,caffb945d15f990e3a789e9707f7a8a9115be31fecbbd705822994a10cfaf151,f1e358e99914563305428cece1b1595bc76a58643184407ec5b222162d650332,98ae57b622a56983192975c5bff94374ed51322f13c76af633c3c96ceb198cdd,restricted_and_binary_task_evidence,"{""canonical_content_sha256"":""e4b403c2c31e2629a72bd9cb85337da4eb06ea7dca2da9acfea245cd8db9371f"",""dataset_key"":""ibm_hr_analytics_attrition"",""dataset_sha256"":""a5c31e38bd7fafc9bc333884eb181b06b41b8e5e488e8f7ccb27199fb3be7659""}","{""policy"":""department_including""}",task_bounded_independent_nested_robustness_and_transfer,1470,paired_stratified_percentile_bootstrap_5000_draws_within_task,external_robustness/ibm_attrition_task_transfer.csv,d2ebc2619df47c17adf809e56d453437aa309c5a98750f376d41c71d141a1aa3,ibm_attrition_task_transfer,9,483f96fdbaab16cb0f32d03d9dbe676a759af44a,18bbb5cb3dae267eac18f3cc60082e5023843b01bd565f8912555fc9c83aa329,ibm_attrition,,a5c31e38bd7fafc9bc333884eb181b06b41b8e5e488e8f7ccb27199fb3be7659,e4b403c2c31e2629a72bd9cb85337da4eb06ea7dca2da9acfea245cd8db9371f,c74f0f7b119d1023eba0a3519b2c66223ff9407e6eb15f064ff15bb13f0024a9,1386f8d2a737022e524416c77047270d206c4d71dbde8efffcb1affb2d3ecdc0,0c7b7295b6f9c1f967f498ab0a1efe52d1cc5d155ec08b653fa2cc8141a94b1b,48f519012e5106a2ba1b33c5ad743531296d2ca74ae632a0eb9a1c68e54fe82a,binary_attrition_transfer,related HR attrition task transfer,ibm_attrition_related_task_transfer,,,,,,,False,False,False,Supplementary related attrition-task transfer only; not employee-performance validation and not transport.,accuracy,,,,ibm_hr_analytics_attrition,sha256_utf8_json_rows_csv_utf8_sig_v1,department_including,0.8421768707482993,0.8251700680272109,0.8585034013605443,0.0085045369828735,1470.0,5000.0,5000.0,0.95,paired_stratified_percentile,outer_fold;y_true,42.0,5dcb1ff4a4b44180d61b51a35ab831194ca5a40e30db382da8d185574fd459db,higher,0.0,1.0,446a97490aa0dc3da0fabc49e6f146bba428e3c1e5246539832f263a59535285
canonical_v2_20260714T221501Z_483f96f,51415c2ce68c89d9ce2b042b0a7a811fe3e98180b72460006f9d0465f6bf49b7,caffb945d15f990e3a789e9707f7a8a9115be31fecbbd705822994a10cfaf151,f1e358e99914563305428cece1b1595bc76a58643184407ec5b222162d650332,98ae57b622a56983192975c5bff94374ed51322f13c76af633c3c96ceb198cdd,restricted_and_binary_task_evidence,"{""canonical_content_sha256"":""e4b403c2c31e2629a72bd9cb85337da4eb06ea7dca2da9acfea245cd8db9371f"",""dataset_key"":""ibm_hr_analytics_attrition"",""dataset_sha256"":""a5c31e38bd7fafc9bc333884eb181b06b41b8e5e488e8f7ccb27199fb3be7659""}","{""policy"":""department_including""}",task_bounded_independent_nested_robustness_and_transfer,1470,paired_stratified_percentile_bootstrap_5000_draws_within_task,external_robustness/ibm_attrition_task_transfer.csv,d2ebc2619df47c17adf809e56d453437aa309c5a98750f376d41c71d141a1aa3,ibm_attrition_task_transfer,10,483f96fdbaab16cb0f32d03d9dbe676a759af44a,18bbb5cb3dae267eac18f3cc60082e5023843b01bd565f8912555fc9c83aa329,ibm_attrition,,a5c31e38bd7fafc9bc333884eb181b06b41b8e5e488e8f7ccb27199fb3be7659,e4b403c2c31e2629a72bd9cb85337da4eb06ea7dca2da9acfea245cd8db9371f,c74f0f7b119d1023eba0a3519b2c66223ff9407e6eb15f064ff15bb13f0024a9,1386f8d2a737022e524416c77047270d206c4d71dbde8efffcb1affb2d3ecdc0,0c7b7295b6f9c1f967f498ab0a1efe52d1cc5d155ec08b653fa2cc8141a94b1b,48f519012e5106a2ba1b33c5ad743531296d2ca74ae632a0eb9a1c68e54fe82a,binary_attrition_transfer,related HR attrition task transfer,ibm_attrition_related_task_transfer,,,,,,,False,False,False,Supplementary related attrition-task transfer only; not employee-performance validation and not transport.,balanced_accuracy,,,,ibm_hr_analytics_attrition,sha256_utf8_json_rows_csv_utf8_sig_v1,department_including,0.7116429004075682,0.6786144732924738,0.7423994168796904,0.0162211408820285,1470.0,5000.0,5000.0,0.95,paired_stratified_percentile,outer_fold;y_true,42.0,5dcb1ff4a4b44180d61b51a35ab831194ca5a40e30db382da8d185574fd459db,higher,0.0,1.0,446a97490aa0dc3da0fabc49e6f146bba428e3c1e5246539832f263a59535285
canonical_v2_20260714T221501Z_483f96f,51415c2ce68c89d9ce2b042b0a7a811fe3e98180b72460006f9d0465f6bf49b7,caffb945d15f990e3a789e9707f7a8a9115be31fecbbd705822994a10cfaf151,f1e358e99914563305428cece1b1595bc76a58643184407ec5b222162d650332,98ae57b622a56983192975c5bff94374ed51322f13c76af633c3c96ceb198cdd,restricted_and_binary_task_evidence,"{""canonical_content_sha256"":""e4b403c2c31e2629a72bd9cb85337da4eb06ea7dca2da9acfea245cd8db9371f"",""dataset_key"":""ibm_hr_analytics_attrition"",""dataset_sha256"":""a5c31e38bd7fafc9bc333884eb181b06b41b8e5e488e8f7ccb27199fb3be7659""}","{""policy"":""department_including""}",task_bounded_independent_nested_robustness_and_transfer,1470,paired_stratified_percentile_bootstrap_5000_draws_within_task,external_robustness/ibm_attrition_task_transfer.csv,d2ebc2619df47c17adf809e56d453437aa309c5a98750f376d41c71d141a1aa3,ibm_attrition_task_transfer,11,483f96fdbaab16cb0f32d03d9dbe676a759af44a,18bbb5cb3dae267eac18f3cc60082e5023843b01bd565f8912555fc9c83aa329,ibm_attrition,,a5c31e38bd7fafc9bc333884eb181b06b41b8e5e488e8f7ccb27199fb3be7659,e4b403c2c31e2629a72bd9cb85337da4eb06ea7dca2da9acfea245cd8db9371f,c74f0f7b119d1023eba0a3519b2c66223ff9407e6eb15f064ff15bb13f0024a9,1386f8d2a737022e524416c77047270d206c4d71dbde8efffcb1affb2d3ecdc0,0c7b7295b6f9c1f967f498ab0a1efe52d1cc5d155ec08b653fa2cc8141a94b1b,48f519012e5106a2ba1b33c5ad743531296d2ca74ae632a0eb9a1c68e54fe82a,binary_attrition_transfer,related HR attrition task transfer,ibm_attrition_related_task_transfer,,,,,,,False,False,False,Supplementary related attrition-task transfer only; not employee-performance validation and not transport.,macro_f1,,,,ibm_hr_analytics_attrition,sha256_utf8_json_rows_csv_utf8_sig_v1,department_including,0.7102060100132899,0.6793978930705343,0.7387010439588292,0.0149818276915215,1470.0,5000.0,5000.0,0.95,paired_stratified_percentile,outer_fold;y_true,42.0,5dcb1ff4a4b44180d61b51a35ab831194ca5a40e30db382da8d185574fd459db,higher,0.0,1.0,446a97490aa0dc3da0fabc49e6f146bba428e3c1e5246539832f263a59535285
canonical_v2_20260714T221501Z_483f96f,51415c2ce68c89d9ce2b042b0a7a811fe3e98180b72460006f9d0465f6bf49b7,caffb945d15f990e3a789e9707f7a8a9115be31fecbbd705822994a10cfaf151,f1e358e99914563305428cece1b1595bc76a58643184407ec5b222162d650332,98ae57b622a56983192975c5bff94374ed51322f13c76af633c3c96ceb198cdd,restricted_and_binary_task_evidence,"{""canonical_content_sha256"":""e4b403c2c31e2629a72bd9cb85337da4eb06ea7dca2da9acfea245cd8db9371f"",""dataset_key"":""ibm_hr_analytics_attrition"",""dataset_sha256"":""a5c31e38bd7fafc9bc333884eb181b06b41b8e5e488e8f7ccb27199fb3be7659""}","{""policy"":""department_including""}",task_bounded_independent_nested_robustness_and_transfer,1470,paired_stratified_percentile_bootstrap_5000_draws_within_task,external_robustness/ibm_attrition_task_transfer.csv,d2ebc2619df47c17adf809e56d453437aa309c5a98750f376d41c71d141a1aa3,ibm_attrition_task_transfer,12,483f96fdbaab16cb0f32d03d9dbe676a759af44a,18bbb5cb3dae267eac18f3cc60082e5023843b01bd565f8912555fc9c83aa329,ibm_attrition,,a5c31e38bd7fafc9bc333884eb181b06b41b8e5e488e8f7ccb27199fb3be7659,e4b403c2c31e2629a72bd9cb85337da4eb06ea7dca2da9acfea245cd8db9371f,c74f0f7b119d1023eba0a3519b2c66223ff9407e6eb15f064ff15bb13f0024a9,1386f8d2a737022e524416c77047270d206c4d71dbde8efffcb1affb2d3ecdc0,0c7b7295b6f9c1f967f498ab0a1efe52d1cc5d155ec08b653fa2cc8141a94b1b,48f519012e5106a2ba1b33c5ad743531296d2ca74ae632a0eb9a1c68e54fe82a,binary_attrition_transfer,related HR attrition task transfer,ibm_attrition_related_task_transfer,,,,,,,False,False,False,Supplementary related attrition-task transfer only; not employee-performance validation and not transport.,roc_auc,,,,ibm_hr_analytics_attrition,sha256_utf8_json_rows_csv_utf8_sig_v1,department_including,0.7895668004695076,0.7545871104403858,0.8226575092139169,0.0173223730374003,1470.0,5000.0,5000.0,0.95,paired_stratified_percentile,outer_fold;y_true,42.0,5dcb1ff4a4b44180d61b51a35ab831194ca5a40e30db382da8d185574fd459db,higher,0.0,1.0,446a97490aa0dc3da0fabc49e6f146bba428e3c1e5246539832f263a59535285
canonical_v2_20260714T221501Z_483f96f,51415c2ce68c89d9ce2b042b0a7a811fe3e98180b72460006f9d0465f6bf49b7,caffb945d15f990e3a789e9707f7a8a9115be31fecbbd705822994a10cfaf151,f1e358e99914563305428cece1b1595bc76a58643184407ec5b222162d650332,98ae57b622a56983192975c5bff94374ed51322f13c76af633c3c96ceb198cdd,restricted_and_binary_task_evidence,"{""canonical_content_sha256"":""e4b403c2c31e2629a72bd9cb85337da4eb06ea7dca2da9acfea245cd8db9371f"",""dataset_key"":""ibm_hr_analytics_attrition"",""dataset_sha256"":""a5c31e38bd7fafc9bc333884eb181b06b41b8e5e488e8f7ccb27199fb3be7659""}","{""policy"":""department_including""}",task_bounded_independent_nested_robustness_and_transfer,1470,paired_stratified_percentile_bootstrap_5000_draws_within_task,external_robustness/ibm_attrition_task_transfer.csv,d2ebc2619df47c17adf809e56d453437aa309c5a98750f376d41c71d141a1aa3,ibm_attrition_task_transfer,13,483f96fdbaab16cb0f32d03d9dbe676a759af44a,18bbb5cb3dae267eac18f3cc60082e5023843b01bd565f8912555fc9c83aa329,ibm_attrition,,a5c31e38bd7fafc9bc333884eb181b06b41b8e5e488e8f7ccb27199fb3be7659,e4b403c2c31e2629a72bd9cb85337da4eb06ea7dca2da9acfea245cd8db9371f,c74f0f7b119d1023eba0a3519b2c66223ff9407e6eb15f064ff15bb13f0024a9,1386f8d2a737022e524416c77047270d206c4d71dbde8efffcb1affb2d3ecdc0,0c7b7295b6f9c1f967f498ab0a1efe52d1cc5d155ec08b653fa2cc8141a94b1b,48f519012e5106a2ba1b33c5ad743531296d2ca74ae632a0eb9a1c68e54fe82a,binary_attrition_transfer,related HR attrition task transfer,ibm_attrition_related_task_transfer,,,,,,,False,False,False,Supplementary related attrition-task transfer only; not employee-performance validation and not transport.,average_precision,,,,ibm_hr_analytics_attrition,sha256_utf8_json_rows_csv_utf8_sig_v1,department_including,0.5526367121715391,0.4964112137766288,0.6096946918849695,0.028940331430844,1470.0,5000.0,5000.0,0.95,paired_stratified_percentile,outer_fold;y_true,42.0,5dcb1ff4a4b44180d61b51a35ab831194ca5a40e30db382da8d185574fd459db,higher,0.0,1.0,446a97490aa0dc3da0fabc49e6f146bba428e3c1e5246539832f263a59535285
canonical_v2_20260714T221501Z_483f96f,51415c2ce68c89d9ce2b042b0a7a811fe3e98180b72460006f9d0465f6bf49b7,caffb945d15f990e3a789e9707f7a8a9115be31fecbbd705822994a10cfaf151,f1e358e99914563305428cece1b1595bc76a58643184407ec5b222162d650332,98ae57b622a56983192975c5bff94374ed51322f13c76af633c3c96ceb198cdd,restricted_and_binary_task_evidence,"{""canonical_content_sha256"":""e4b403c2c31e2629a72bd9cb85337da4eb06ea7dca2da9acfea245cd8db9371f"",""dataset_key"":""ibm_hr_analytics_attrition"",""dataset_sha256"":""a5c31e38bd7fafc9bc333884eb181b06b41b8e5e488e8f7ccb27199fb3be7659""}","{""policy"":""department_including""}",task_bounded_independent_nested_robustness_and_transfer,1470,paired_stratified_percentile_bootstrap_5000_draws_within_task,external_robustness/ibm_attrition_task_transfer.csv,d2ebc2619df47c17adf809e56d453437aa309c5a98750f376d41c71d141a1aa3,ibm_attrition_task_transfer,14,483f96fdbaab16cb0f32d03d9dbe676a759af44a,18bbb5cb3dae267eac18f3cc60082e5023843b01bd565f8912555fc9c83aa329,ibm_attrition,,a5c31e38bd7fafc9bc333884eb181b06b41b8e5e488e8f7ccb27199fb3be7659,e4b403c2c31e2629a72bd9cb85337da4eb06ea7dca2da9acfea245cd8db9371f,c74f0f7b119d1023eba0a3519b2c66223ff9407e6eb15f064ff15bb13f0024a9,1386f8d2a737022e524416c77047270d206c4d71dbde8efffcb1affb2d3ecdc0,0c7b7295b6f9c1f967f498ab0a1efe52d1cc5d155ec08b653fa2cc8141a94b1b,48f519012e5106a2ba1b33c5ad743531296d2ca74ae632a0eb9a1c68e54fe82a,binary_attrition_transfer,related HR attrition task transfer,ibm_attrition_related_task_transfer,,,,,,,False,False,False,Supplementary related attrition-task transfer only; not employee-performance validation and not transport.,nll_log_loss,,,,ibm_hr_analytics_attrition,sha256_utf8_json_rows_csv_utf8_sig_v1,department_including,0.3909532304306564,0.3635801911140763,0.4195959176448949,0.0143922043216196,1470.0,5000.0,5000.0,0.95,paired_stratified_percentile,outer_fold;y_true,42.0,5dcb1ff4a4b44180d61b51a35ab831194ca5a40e30db382da8d185574fd459db,lower,0.0,inf,446a97490aa0dc3da0fabc49e6f146bba428e3c1e5246539832f263a59535285
canonical_v2_20260714T221501Z_483f96f,51415c2ce68c89d9ce2b042b0a7a811fe3e98180b72460006f9d0465f6bf49b7,caffb945d15f990e3a789e9707f7a8a9115be31fecbbd705822994a10cfaf151,f1e358e99914563305428cece1b1595bc76a58643184407ec5b222162d650332,98ae57b622a56983192975c5bff94374ed51322f13c76af633c3c96ceb198cdd,restricted_and_binary_task_evidence,"{""canonical_content_sha256"":""e4b403c2c31e2629a72bd9cb85337da4eb06ea7dca2da9acfea245cd8db9371f"",""dataset_key"":""ibm_hr_analytics_attrition"",""dataset_sha256"":""a5c31e38bd7fafc9bc333884eb181b06b41b8e5e488e8f7ccb27199fb3be7659""}","{""policy"":""department_including""}",task_bounded_independent_nested_robustness_and_transfer,1470,paired_stratified_percentile_bootstrap_5000_draws_within_task,external_robustness/ibm_attrition_task_transfer.csv,d2ebc2619df47c17adf809e56d453437aa309c5a98750f376d41c71d141a1aa3,ibm_attrition_task_transfer,15,483f96fdbaab16cb0f32d03d9dbe676a759af44a,18bbb5cb3dae267eac18f3cc60082e5023843b01bd565f8912555fc9c83aa329,ibm_attrition,,a5c31e38bd7fafc9bc333884eb181b06b41b8e5e488e8f7ccb27199fb3be7659,e4b403c2c31e2629a72bd9cb85337da4eb06ea7dca2da9acfea245cd8db9371f,c74f0f7b119d1023eba0a3519b2c66223ff9407e6eb15f064ff15bb13f0024a9,1386f8d2a737022e524416c77047270d206c4d71dbde8efffcb1affb2d3ecdc0,0c7b7295b6f9c1f967f498ab0a1efe52d1cc5d155ec08b653fa2cc8141a94b1b,48f519012e5106a2ba1b33c5ad743531296d2ca74ae632a0eb9a1c68e54fe82a,binary_attrition_transfer,related HR attrition task transfer,ibm_attrition_related_task_transfer,,,,,,,False,False,False,Supplementary related attrition-task transfer only; not employee-performance validation and not transport.,binary_brier,,,,ibm_hr_analytics_attrition,sha256_utf8_json_rows_csv_utf8_sig_v1,department_including,0.1181357201241483,0.109080978511992,0.1276723965353054,0.0047449084055459,1470.0,5000.0,5000.0,0.95,paired_stratified_percentile,outer_fold;y_true,42.0,5dcb1ff4a4b44180d61b51a35ab831194ca5a40e30db382da8d185574fd459db,lower,0.0,1.0,446a97490aa0dc3da0fabc49e6f146bba428e3c1e5246539832f263a59535285
canonical_v2_20260714T221501Z_483f96f,51415c2ce68c89d9ce2b042b0a7a811fe3e98180b72460006f9d0465f6bf49b7,caffb945d15f990e3a789e9707f7a8a9115be31fecbbd705822994a10cfaf151,f1e358e99914563305428cece1b1595bc76a58643184407ec5b222162d650332,98ae57b622a56983192975c5bff94374ed51322f13c76af633c3c96ceb198cdd,restricted_and_binary_task_evidence,"{""canonical_content_sha256"":""e4b403c2c31e2629a72bd9cb85337da4eb06ea7dca2da9acfea245cd8db9371f"",""dataset_key"":""ibm_hr_analytics_attrition"",""dataset_sha256"":""a5c31e38bd7fafc9bc333884eb181b06b41b8e5e488e8f7ccb27199fb3be7659""}","{""policy"":""department_including""}",task_bounded_independent_nested_robustness_and_transfer,1470,paired_stratified_percentile_bootstrap_5000_draws_within_task,external_robustness/ibm_attrition_task_transfer.csv,d2ebc2619df47c17adf809e56d453437aa309c5a98750f376d41c71d141a1aa3,ibm_attrition_task_transfer,16,483f96fdbaab16cb0f32d03d9dbe676a759af44a,18bbb5cb3dae267eac18f3cc60082e5023843b01bd565f8912555fc9c83aa329,ibm_attrition,,a5c31e38bd7fafc9bc333884eb181b06b41b8e5e488e8f7ccb27199fb3be7659,e4b403c2c31e2629a72bd9cb85337da4eb06ea7dca2da9acfea245cd8db9371f,c74f0f7b119d1023eba0a3519b2c66223ff9407e6eb15f064ff15bb13f0024a9,1386f8d2a737022e524416c77047270d206c4d71dbde8efffcb1affb2d3ecdc0,0c7b7295b6f9c1f967f498ab0a1efe52d1cc5d155ec08b653fa2cc8141a94b1b,48f519012e5106a2ba1b33c5ad743531296d2ca74ae632a0eb9a1c68e54fe82a,binary_attrition_transfer,related HR attrition task transfer,ibm_attrition_related_task_transfer,,,,,,,False,False,False,Supplementary related attrition-task transfer only; not employee-performance validation and not transport.,ece_confidence,,,,ibm_hr_analytics_attrition,sha256_utf8_json_rows_csv_utf8_sig_v1,department_including,0.0281970886507124,0.0183731723447956,0.0479978091954831,0.0075861589841065,1470.0,5000.0,5000.0,0.95,paired_stratified_percentile,outer_fold;y_true,42.0,5dcb1ff4a4b44180d61b51a35ab831194ca5a40e30db382da8d185574fd459db,lower,0.0,1.0,446a97490aa0dc3da0fabc49e6f146bba428e3c1e5246539832f263a59535285
canonical_v2_20260714T221501Z_483f96f,51415c2ce68c89d9ce2b042b0a7a811fe3e98180b72460006f9d0465f6bf49b7,caffb945d15f990e3a789e9707f7a8a9115be31fecbbd705822994a10cfaf151,f1e358e99914563305428cece1b1595bc76a58643184407ec5b222162d650332,98ae57b622a56983192975c5bff94374ed51322f13c76af633c3c96ceb198cdd,restricted_and_binary_task_evidence,"{""canonical_content_sha256"":""e4b403c2c31e2629a72bd9cb85337da4eb06ea7dca2da9acfea245cd8db9371f"",""dataset_key"":""ibm_hr_analytics_attrition"",""dataset_sha256"":""a5c31e38bd7fafc9bc333884eb181b06b41b8e5e488e8f7ccb27199fb3be7659""}","{""policy"":""department_job_role_free""}",task_bounded_independent_nested_robustness_and_transfer,1470,paired_stratified_percentile_bootstrap_5000_draws_within_task,external_robustness/ibm_attrition_task_transfer.csv,d2ebc2619df47c17adf809e56d453437aa309c5a98750f376d41c71d141a1aa3,ibm_attrition_task_transfer,17,483f96fdbaab16cb0f32d03d9dbe676a759af44a,18bbb5cb3dae267eac18f3cc60082e5023843b01bd565f8912555fc9c83aa329,ibm_attrition,,a5c31e38bd7fafc9bc333884eb181b06b41b8e5e488e8f7ccb27199fb3be7659,e4b403c2c31e2629a72bd9cb85337da4eb06ea7dca2da9acfea245cd8db9371f,c74f0f7b119d1023eba0a3519b2c66223ff9407e6eb15f064ff15bb13f0024a9,1386f8d2a737022e524416c77047270d206c4d71dbde8efffcb1affb2d3ecdc0,0c7b7295b6f9c1f967f498ab0a1efe52d1cc5d155ec08b653fa2cc8141a94b1b,48f519012e5106a2ba1b33c5ad743531296d2ca74ae632a0eb9a1c68e54fe82a,binary_attrition_transfer,related HR attrition task transfer,ibm_attrition_related_task_transfer,,,,,,,False,False,False,Supplementary related attrition-task transfer only; not employee-performance validation and not transport.,accuracy,,,,ibm_hr_analytics_attrition,sha256_utf8_json_rows_csv_utf8_sig_v1,department_job_role_free,0.8299319727891157,0.8115646258503402,0.8476190476190476,0.009110550139567,1470.0,5000.0,5000.0,0.95,paired_stratified_percentile,outer_fold;y_true,42.0,5dcb1ff4a4b44180d61b51a35ab831194ca5a40e30db382da8d185574fd459db,higher,0.0,1.0,5c5b598d50ecab8ea90dfab1d58d4f3ceb50e72c56cc6d5c71d3c6782aa4698a
canonical_v2_20260714T221501Z_483f96f,51415c2ce68c89d9ce2b042b0a7a811fe3e98180b72460006f9d0465f6bf49b7,caffb945d15f990e3a789e9707f7a8a9115be31fecbbd705822994a10cfaf151,f1e358e99914563305428cece1b1595bc76a58643184407ec5b222162d650332,98ae57b622a56983192975c5bff94374ed51322f13c76af633c3c96ceb198cdd,restricted_and_binary_task_evidence,"{""canonical_content_sha256"":""e4b403c2c31e2629a72bd9cb85337da4eb06ea7dca2da9acfea245cd8db9371f"",""dataset_key"":""ibm_hr_analytics_attrition"",""dataset_sha256"":""a5c31e38bd7fafc9bc333884eb181b06b41b8e5e488e8f7ccb27199fb3be7659""}","{""policy"":""department_job_role_free""}",task_bounded_independent_nested_robustness_and_transfer,1470,paired_stratified_percentile_bootstrap_5000_draws_within_task,external_robustness/ibm_attrition_task_transfer.csv,d2ebc2619df47c17adf809e56d453437aa309c5a98750f376d41c71d141a1aa3,ibm_attrition_task_transfer,18,483f96fdbaab16cb0f32d03d9dbe676a759af44a,18bbb5cb3dae267eac18f3cc60082e5023843b01bd565f8912555fc9c83aa329,ibm_attrition,,a5c31e38bd7fafc9bc333884eb181b06b41b8e5e488e8f7ccb27199fb3be7659,e4b403c2c31e2629a72bd9cb85337da4eb06ea7dca2da9acfea245cd8db9371f,c74f0f7b119d1023eba0a3519b2c66223ff9407e6eb15f064ff15bb13f0024a9,1386f8d2a737022e524416c77047270d206c4d71dbde8efffcb1affb2d3ecdc0,0c7b7295b6f9c1f967f498ab0a1efe52d1cc5d155ec08b653fa2cc8141a94b1b,48f519012e5106a2ba1b33c5ad743531296d2ca74ae632a0eb9a1c68e54fe82a,binary_attrition_transfer,related HR attrition task transfer,ibm_attrition_related_task_transfer,,,,,,,False,False,False,Supplementary related attrition-task transfer only; not employee-performance validation and not transport.,balanced_accuracy,,,,ibm_hr_analytics_attrition,sha256_utf8_json_rows_csv_utf8_sig_v1,department_job_role_free,0.7162729577956409,0.6838163581672775,0.7484080969540177,0.016505586502218,1470.0,5000.0,5000.0,0.95,paired_stratified_percentile,outer_fold;y_true,42.0,5dcb1ff4a4b44180d61b51a35ab831194ca5a40e30db382da8d185574fd459db,higher,0.0,1.0,5c5b598d50ecab8ea90dfab1d58d4f3ceb50e72c56cc6d5c71d3c6782aa4698a
canonical_v2_20260714T221501Z_483f96f,51415c2ce68c89d9ce2b042b0a7a811fe3e98180b72460006f9d0465f6bf49b7,caffb945d15f990e3a789e9707f7a8a9115be31fecbbd705822994a10cfaf151,f1e358e99914563305428cece1b1595bc76a58643184407ec5b222162d650332,98ae57b622a56983192975c5bff94374ed51322f13c76af633c3c96ceb198cdd,restricted_and_binary_task_evidence,"{""canonical_content_sha256"":""e4b403c2c31e2629a72bd9cb85337da4eb06ea7dca2da9acfea245cd8db9371f"",""dataset_key"":""ibm_hr_analytics_attrition"",""dataset_sha256"":""a5c31e38bd7fafc9bc333884eb181b06b41b8e5e488e8f7ccb27199fb3be7659""}","{""policy"":""department_job_role_free""}",task_bounded_independent_nested_robustness_and_transfer,1470,paired_stratified_percentile_bootstrap_5000_draws_within_task,external_robustness/ibm_attrition_task_transfer.csv,d2ebc2619df47c17adf809e56d453437aa309c5a98750f376d41c71d141a1aa3,ibm_attrition_task_transfer,19,483f96fdbaab16cb0f32d03d9dbe676a759af44a,18bbb5cb3dae267eac18f3cc60082e5023843b01bd565f8912555fc9c83aa329,ibm_attrition,,a5c31e38bd7fafc9bc333884eb181b06b41b8e5e488e8f7ccb27199fb3be7659,e4b403c2c31e2629a72bd9cb85337da4eb06ea7dca2da9acfea245cd8db9371f,c74f0f7b119d1023eba0a3519b2c66223ff9407e6eb15f064ff15bb13f0024a9,1386f8d2a737022e524416c77047270d206c4d71dbde8efffcb1affb2d3ecdc0,0c7b7295b6f9c1f967f498ab0a1efe52d1cc5d155ec08b653fa2cc8141a94b1b,48f519012e5106a2ba1b33c5ad743531296d2ca74ae632a0eb9a1c68e54fe82a,binary_attrition_transfer,related HR attrition task transfer,ibm_attrition_related_task_transfer,,,,,,,False,False,False,Supplementary related attrition-task transfer only; not employee-performance validation and not transport.,macro_f1,,,,ibm_hr_analytics_attrition,sha256_utf8_json_rows_csv_utf8_sig_v1,department_job_role_free,0.7034616315662068,0.6745752136082029,0.7315664197600977,0.0147642231994094,1470.0,5000.0,5000.0,0.95,paired_stratified_percentile,outer_fold;y_true,42.0,5dcb1ff4a4b44180d61b51a35ab831194ca5a40e30db382da8d185574fd459db,higher,0.0,1.0,5c5b598d50ecab8ea90dfab1d58d4f3ceb50e72c56cc6d5c71d3c6782aa4698a
canonical_v2_20260714T221501Z_483f96f,51415c2ce68c89d9ce2b042b0a7a811fe3e98180b72460006f9d0465f6bf49b7,caffb945d15f990e3a789e9707f7a8a9115be31fecbbd705822994a10cfaf151,f1e358e99914563305428cece1b1595bc76a58643184407ec5b222162d650332,98ae57b622a56983192975c5bff94374ed51322f13c76af633c3c96ceb198cdd,restricted_and_binary_task_evidence,"{""canonical_content_sha256"":""e4b403c2c31e2629a72bd9cb85337da4eb06ea7dca2da9acfea245cd8db9371f"",""dataset_key"":""ibm_hr_analytics_attrition"",""dataset_sha256"":""a5c31e38bd7fafc9bc333884eb181b06b41b8e5e488e8f7ccb27199fb3be7659""}","{""policy"":""department_job_role_free""}",task_bounded_independent_nested_robustness_and_transfer,1470,paired_stratified_percentile_bootstrap_5000_draws_within_task,external_robustness/ibm_attrition_task_transfer.csv,d2ebc2619df47c17adf809e56d453437aa309c5a98750f376d41c71d141a1aa3,ibm_attrition_task_transfer,20,483f96fdbaab16cb0f32d03d9dbe676a759af44a,18bbb5cb3dae267eac18f3cc60082e5023843b01bd565f8912555fc9c83aa329,ibm_attrition,,a5c31e38bd7fafc9bc333884eb181b06b41b8e5e488e8f7ccb27199fb3be7659,e4b403c2c31e2629a72bd9cb85337da4eb06ea7dca2da9acfea245cd8db9371f,c74f0f7b119d1023eba0a3519b2c66223ff9407e6eb15f064ff15bb13f0024a9,1386f8d2a737022e524416c77047270d206c4d71dbde8efffcb1affb2d3ecdc0,0c7b7295b6f9c1f967f498ab0a1efe52d1cc5d155ec08b653fa2cc8141a94b1b,48f519012e5106a2ba1b33c5ad743531296d2ca74ae632a0eb9a1c68e54fe82a,binary_attrition_transfer,related HR attrition task transfer,ibm_attrition_related_task_transfer,,,,,,,False,False,False,Supplementary related attrition-task transfer only; not employee-performance validation and not transport.,roc_auc,,,,ibm_hr_analytics_attrition,sha256_utf8_json_rows_csv_utf8_sig_v1,department_job_role_free,0.7782397568963216,0.7424063465664685,0.8121669900520496,0.01807276797634,1470.0,5000.0,5000.0,0.95,paired_stratified_percentile,outer_fold;y_true,42.0,5dcb1ff4a4b44180d61b51a35ab831194ca5a40e30db382da8d185574fd459db,higher,0.0,1.0,5c5b598d50ecab8ea90dfab1d58d4f3ceb50e72c56cc6d5c71d3c6782aa4698a
canonical_v2_20260714T221501Z_483f96f,51415c2ce68c89d9ce2b042b0a7a811fe3e98180b72460006f9d0465f6bf49b7,caffb945d15f990e3a789e9707f7a8a9115be31fecbbd705822994a10cfaf151,f1e358e99914563305428cece1b1595bc76a58643184407ec5b222162d650332,98ae57b622a56983192975c5bff94374ed51322f13c76af633c3c96ceb198cdd,restricted_and_binary_task_evidence,"{""canonical_content_sha256"":""e4b403c2c31e2629a72bd9cb85337da4eb06ea7dca2da9acfea245cd8db9371f"",""dataset_key"":""ibm_hr_analytics_attrition"",""dataset_sha256"":""a5c31e38bd7fafc9bc333884eb181b06b41b8e5e488e8f7ccb27199fb3be7659""}","{""policy"":""department_job_role_free""}",task_bounded_independent_nested_robustness_and_transfer,1470,paired_stratified_percentile_bootstrap_5000_draws_within_task,external_robustness/ibm_attrition_task_transfer.csv,d2ebc2619df47c17adf809e56d453437aa309c5a98750f376d41c71d141a1aa3,ibm_attrition_task_transfer,21,483f96fdbaab16cb0f32d03d9dbe676a759af44a,18bbb5cb3dae267eac18f3cc60082e5023843b01bd565f8912555fc9c83aa329,ibm_attrition,,a5c31e38bd7fafc9bc333884eb181b06b41b8e5e488e8f7ccb27199fb3be7659,e4b403c2c31e2629a72bd9cb85337da4eb06ea7dca2da9acfea245cd8db9371f,c74f0f7b119d1023eba0a3519b2c66223ff9407e6eb15f064ff15bb13f0024a9,1386f8d2a737022e524416c77047270d206c4d71dbde8efffcb1affb2d3ecdc0,0c7b7295b6f9c1f967f498ab0a1efe52d1cc5d155ec08b653fa2cc8141a94b1b,48f519012e5106a2ba1b33c5ad743531296d2ca74ae632a0eb9a1c68e54fe82a,binary_attrition_transfer,related HR attrition task transfer,ibm_attrition_related_task_transfer,,,,,,,False,False,False,Supplementary related attrition-task transfer only; not employee-performance validation and not transport.,average_precision,,,,ibm_hr_analytics_attrition,sha256_utf8_json_rows_csv_utf8_sig_v1,department_job_role_free,0.5311407391120457,0.4742504304847854,0.589979766259247,0.0295412888226958,1470.0,5000.0,5000.0,0.95,paired_stratified_percentile,outer_fold;y_true,42.0,5dcb1ff4a4b44180d61b51a35ab831194ca5a40e30db382da8d185574fd459db,higher,0.0,1.0,5c5b598d50ecab8ea90dfab1d58d4f3ceb50e72c56cc6d5c71d3c6782aa4698a
canonical_v2_20260714T221501Z_483f96f,51415c2ce68c89d9ce2b042b0a7a811fe3e98180b72460006f9d0465f6bf49b7,caffb945d15f990e3a789e9707f7a8a9115be31fecbbd705822994a10cfaf151,f1e358e99914563305428cece1b1595bc76a58643184407ec5b222162d650332,98ae57b622a56983192975c5bff94374ed51322f13c76af633c3c96ceb198cdd,restricted_and_binary_task_evidence,"{""canonical_content_sha256"":""e4b403c2c31e2629a72bd9cb85337da4eb06ea7dca2da9acfea245cd8db9371f"",""dataset_key"":""ibm_hr_analytics_attrition"",""dataset_sha256"":""a5c31e38bd7fafc9bc333884eb181b06b41b8e5e488e8f7ccb27199fb3be7659""}","{""policy"":""department_job_role_free""}",task_bounded_independent_nested_robustness_and_transfer,1470,paired_stratified_percentile_bootstrap_5000_draws_within_task,external_robustness/ibm_attrition_task_transfer.csv,d2ebc2619df47c17adf809e56d453437aa309c5a98750f376d41c71d141a1aa3,ibm_attrition_task_transfer,22,483f96fdbaab16cb0f32d03d9dbe676a759af44a,18bbb5cb3dae267eac18f3cc60082e5023843b01bd565f8912555fc9c83aa329,ibm_attrition,,a5c31e38bd7fafc9bc333884eb181b06b41b8e5e488e8f7ccb27199fb3be7659,e4b403c2c31e2629a72bd9cb85337da4eb06ea7dca2da9acfea245cd8db9371f,c74f0f7b119d1023eba0a3519b2c66223ff9407e6eb15f064ff15bb13f0024a9,1386f8d2a737022e524416c77047270d206c4d71dbde8efffcb1affb2d3ecdc0,0c7b7295b6f9c1f967f498ab0a1efe52d1cc5d155ec08b653fa2cc8141a94b1b,48f519012e5106a2ba1b33c5ad743531296d2ca74ae632a0eb9a1c68e54fe82a,binary_attrition_transfer,related HR attrition task transfer,ibm_attrition_related_task_transfer,,,,,,,False,False,False,Supplementary related attrition-task transfer only; not employee-performance validation and not transport.,nll_log_loss,,,,ibm_hr_analytics_attrition,sha256_utf8_json_rows_csv_utf8_sig_v1,department_job_role_free,0.4164772605577878,0.3867077963784805,0.4476726648342068,0.0156095943829031,1470.0,5000.0,5000.0,0.95,paired_stratified_percentile,outer_fold;y_true,42.0,5dcb1ff4a4b44180d61b51a35ab831194ca5a40e30db382da8d185574fd459db,lower,0.0,inf,5c5b598d50ecab8ea90dfab1d58d4f3ceb50e72c56cc6d5c71d3c6782aa4698a
canonical_v2_20260714T221501Z_483f96f,51415c2ce68c89d9ce2b042b0a7a811fe3e98180b72460006f9d0465f6bf49b7,caffb945d15f990e3a789e9707f7a8a9115be31fecbbd705822994a10cfaf151,f1e358e99914563305428cece1b1595bc76a58643184407ec5b222162d650332,98ae57b622a56983192975c5bff94374ed51322f13c76af633c3c96ceb198cdd,restricted_and_binary_task_evidence,"{""canonical_content_sha256"":""e4b403c2c31e2629a72bd9cb85337da4eb06ea7dca2da9acfea245cd8db9371f"",""dataset_key"":""ibm_hr_analytics_attrition"",""dataset_sha256"":""a5c31e38bd7fafc9bc333884eb181b06b41b8e5e488e8f7ccb27199fb3be7659""}","{""policy"":""department_job_role_free""}",task_bounded_independent_nested_robustness_and_transfer,1470,paired_stratified_percentile_bootstrap_5000_draws_within_task,external_robustness/ibm_attrition_task_transfer.csv,d2ebc2619df47c17adf809e56d453437aa309c5a98750f376d41c71d141a1aa3,ibm_attrition_task_transfer,23,483f96fdbaab16cb0f32d03d9dbe676a759af44a,18bbb5cb3dae267eac18f3cc60082e5023843b01bd565f8912555fc9c83aa329,ibm_attrition,,a5c31e38bd7fafc9bc333884eb181b06b41b8e5e488e8f7ccb27199fb3be7659,e4b403c2c31e2629a72bd9cb85337da4eb06ea7dca2da9acfea245cd8db9371f,c74f0f7b119d1023eba0a3519b2c66223ff9407e6eb15f064ff15bb13f0024a9,1386f8d2a737022e524416c77047270d206c4d71dbde8efffcb1affb2d3ecdc0,0c7b7295b6f9c1f967f498ab0a1efe52d1cc5d155ec08b653fa2cc8141a94b1b,48f519012e5106a2ba1b33c5ad743531296d2ca74ae632a0eb9a1c68e54fe82a,binary_attrition_transfer,related HR attrition task transfer,ibm_attrition_related_task_transfer,,,,,,,False,False,False,Supplementary related attrition-task transfer only; not employee-performance validation and not transport.,binary_brier,,,,ibm_hr_analytics_attrition,sha256_utf8_json_rows_csv_utf8_sig_v1,department_job_role_free,0.127405698240299,0.11751225996479,0.1376379992161908,0.0051147617751581,1470.0,5000.0,5000.0,0.95,paired_stratified_percentile,outer_fold;y_true,42.0,5dcb1ff4a4b44180d61b51a35ab831194ca5a40e30db382da8d185574fd459db,lower,0.0,1.0,5c5b598d50ecab8ea90dfab1d58d4f3ceb50e72c56cc6d5c71d3c6782aa4698a
canonical_v2_20260714T221501Z_483f96f,51415c2ce68c89d9ce2b042b0a7a811fe3e98180b72460006f9d0465f6bf49b7,caffb945d15f990e3a789e9707f7a8a9115be31fecbbd705822994a10cfaf151,f1e358e99914563305428cece1b1595bc76a58643184407ec5b222162d650332,98ae57b622a56983192975c5bff94374ed51322f13c76af633c3c96ceb198cdd,restricted_and_binary_task_evidence,"{""canonical_content_sha256"":""e4b403c2c31e2629a72bd9cb85337da4eb06ea7dca2da9acfea245cd8db9371f"",""dataset_key"":""ibm_hr_analytics_attrition"",""dataset_sha256"":""a5c31e38bd7fafc9bc333884eb181b06b41b8e5e488e8f7ccb27199fb3be7659""}","{""policy"":""department_job_role_free""}",task_bounded_independent_nested_robustness_and_transfer,1470,paired_stratified_percentile_bootstrap_5000_draws_within_task,external_robustness/ibm_attrition_task_transfer.csv,d2ebc2619df47c17adf809e56d453437aa309c5a98750f376d41c71d141a1aa3,ibm_attrition_task_transfer,24,483f96fdbaab16cb0f32d03d9dbe676a759af44a,18bbb5cb3dae267eac18f3cc60082e5023843b01bd565f8912555fc9c83aa329,ibm_attrition,,a5c31e38bd7fafc9bc333884eb181b06b41b8e5e488e8f7ccb27199fb3be7659,e4b403c2c31e2629a72bd9cb85337da4eb06ea7dca2da9acfea245cd8db9371f,c74f0f7b119d1023eba0a3519b2c66223ff9407e6eb15f064ff15bb13f0024a9,1386f8d2a737022e524416c77047270d206c4d71dbde8efffcb1affb2d3ecdc0,0c7b7295b6f9c1f967f498ab0a1efe52d1cc5d155ec08b653fa2cc8141a94b1b,48f519012e5106a2ba1b33c5ad743531296d2ca74ae632a0eb9a1c68e54fe82a,binary_attrition_transfer,related HR attrition task transfer,ibm_attrition_related_task_transfer,,,,,,,False,False,False,Supplementary related attrition-task transfer only; not employee-performance validation and not transport.,ece_confidence,,,,ibm_hr_analytics_attrition,sha256_utf8_json_rows_csv_utf8_sig_v1,department_job_role_free,0.0324390548855592,0.0216371312431373,0.0522046689452296,0.0077636302154385,1470.0,5000.0,5000.0,0.95,paired_stratified_percentile,outer_fold;y_true,42.0,5dcb1ff4a4b44180d61b51a35ab831194ca5a40e30db382da8d185574fd459db,lower,0.0,1.0,5c5b598d50ecab8ea90dfab1d58d4f3ceb50e72c56cc6d5c71d3c6782aa4698a
canonical_v2_20260714T221501Z_483f96f,51415c2ce68c89d9ce2b042b0a7a811fe3e98180b72460006f9d0465f6bf49b7,caffb945d15f990e3a789e9707f7a8a9115be31fecbbd705822994a10cfaf151,f1e358e99914563305428cece1b1595bc76a58643184407ec5b222162d650332,98ae57b622a56983192975c5bff94374ed51322f13c76af633c3c96ceb198cdd,restricted_and_binary_task_evidence,"{""canonical_content_sha256"":""38a28cddcb8cddc1b419ca630eed8a26d7f3285cca4bb08ade0438fd68a34ecd"",""dataset_key"":""employee_turnover"",""dataset_sha256"":""2510e274a90547f34c7b0db5a4ab70282c2710eb54252f14921bf980b81a928c""}","{""policy"":""with_last_evaluation""}",task_bounded_independent_nested_robustness_and_transfer,14999,paired_stratified_percentile_bootstrap_5000_draws_within_task,external_robustness/employee_turnover_task_transfer.csv,6ec80efd3da05284a631ad117abc663f1342d8d93e3cfb35d83f4d2343a875ba,employee_turnover_task_transfer,1,483f96fdbaab16cb0f32d03d9dbe676a759af44a,18bbb5cb3dae267eac18f3cc60082e5023843b01bd565f8912555fc9c83aa329,employee_turnover,,2510e274a90547f34c7b0db5a4ab70282c2710eb54252f14921bf980b81a928c,38a28cddcb8cddc1b419ca630eed8a26d7f3285cca4bb08ade0438fd68a34ecd,ef49bf69d6ea9461adb10268da09f14f9cc24d457c0183ddd703c26140842d82,feb7c82b3f0a8bd88b8c97ea35fe13e92fa33ae2ef2b3490e8bb206b3e446907,3aa482a085cf0d3dc5752c5b378e1941526ad4b192598a715e429bdc0e2bca9d,a031edfb370ba2cbf4ca36f2e4cdf909858ef21950ba7bc55a55bcd5e8def634,binary_turnover_transfer,related HR turnover task transfer,employee_turnover_related_task_transfer,,,,,,,False,False,False,Supplementary related turnover-task transfer only; not employee-performance validation and not transport.,accuracy,,,,employee_turnover,sha256_utf8_json_rows_csv_utf8_sig_v1,with_last_evaluation,0.9823988265884392,0.980332022134809,0.984398959930662,0.0010488645670976,14999.0,5000.0,5000.0,0.95,paired_stratified_percentile,outer_fold;y_true,42.0,80051e7c62fbc87b52307971054b5f6596f5913c09d4e9cee7595fcdb2c2a854,higher,0.0,1.0,92f6179ed5b91df1ad6a46857017261473331b4b3e58dfd8b964e4c943fbae28
canonical_v2_20260714T221501Z_483f96f,51415c2ce68c89d9ce2b042b0a7a811fe3e98180b72460006f9d0465f6bf49b7,caffb945d15f990e3a789e9707f7a8a9115be31fecbbd705822994a10cfaf151,f1e358e99914563305428cece1b1595bc76a58643184407ec5b222162d650332,98ae57b622a56983192975c5bff94374ed51322f13c76af633c3c96ceb198cdd,restricted_and_binary_task_evidence,"{""canonical_content_sha256"":""38a28cddcb8cddc1b419ca630eed8a26d7f3285cca4bb08ade0438fd68a34ecd"",""dataset_key"":""employee_turnover"",""dataset_sha256"":""2510e274a90547f34c7b0db5a4ab70282c2710eb54252f14921bf980b81a928c""}","{""policy"":""with_last_evaluation""}",task_bounded_independent_nested_robustness_and_transfer,14999,paired_stratified_percentile_bootstrap_5000_draws_within_task,external_robustness/employee_turnover_task_transfer.csv,6ec80efd3da05284a631ad117abc663f1342d8d93e3cfb35d83f4d2343a875ba,employee_turnover_task_transfer,2,483f96fdbaab16cb0f32d03d9dbe676a759af44a,18bbb5cb3dae267eac18f3cc60082e5023843b01bd565f8912555fc9c83aa329,employee_turnover,,2510e274a90547f34c7b0db5a4ab70282c2710eb54252f14921bf980b81a928c,38a28cddcb8cddc1b419ca630eed8a26d7f3285cca4bb08ade0438fd68a34ecd,ef49bf69d6ea9461adb10268da09f14f9cc24d457c0183ddd703c26140842d82,feb7c82b3f0a8bd88b8c97ea35fe13e92fa33ae2ef2b3490e8bb206b3e446907,3aa482a085cf0d3dc5752c5b378e1941526ad4b192598a715e429bdc0e2bca9d,a031edfb370ba2cbf4ca36f2e4cdf909858ef21950ba7bc55a55bcd5e8def634,binary_turnover_transfer,related HR turnover task transfer,employee_turnover_related_task_transfer,,,,,,,False,False,False,Supplementary related turnover-task transfer only; not employee-performance validation and not transport.,balanced_accuracy,,,,employee_turnover,sha256_utf8_json_rows_csv_utf8_sig_v1,with_last_evaluation,0.9691964995897512,0.965249796198855,0.9729419122874374,0.0019401876320773,14999.0,5000.0,5000.0,0.95,paired_stratified_percentile,outer_fold;y_true,42.0,80051e7c62fbc87b52307971054b5f6596f5913c09d4e9cee7595fcdb2c2a854,higher,0.0,1.0,92f6179ed5b91df1ad6a46857017261473331b4b3e58dfd8b964e4c943fbae28
canonical_v2_20260714T221501Z_483f96f,51415c2ce68c89d9ce2b042b0a7a811fe3e98180b72460006f9d0465f6bf49b7,caffb945d15f990e3a789e9707f7a8a9115be31fecbbd705822994a10cfaf151,f1e358e99914563305428cece1b1595bc76a58643184407ec5b222162d650332,98ae57b622a56983192975c5bff94374ed51322f13c76af633c3c96ceb198cdd,restricted_and_binary_task_evidence,"{""canonical_content_sha256"":""38a28cddcb8cddc1b419ca630eed8a26d7f3285cca4bb08ade0438fd68a34ecd"",""dataset_key"":""employee_turnover"",""dataset_sha256"":""2510e274a90547f34c7b0db5a4ab70282c2710eb54252f14921bf980b81a928c""}","{""policy"":""with_last_evaluation""}",task_bounded_independent_nested_robustness_and_transfer,14999,paired_stratified_percentile_bootstrap_5000_draws_within_task,external_robustness/employee_turnover_task_transfer.csv,6ec80efd3da05284a631ad117abc663f1342d8d93e3cfb35d83f4d2343a875ba,employee_turnover_task_transfer,3,483f96fdbaab16cb0f32d03d9dbe676a759af44a,18bbb5cb3dae267eac18f3cc60082e5023843b01bd565f8912555fc9c83aa329,employee_turnover,,2510e274a90547f34c7b0db5a4ab70282c2710eb54252f14921bf980b81a928c,38a28cddcb8cddc1b419ca630eed8a26d7f3285cca4bb08ade0438fd68a34ecd,ef49bf69d6ea9461adb10268da09f14f9cc24d457c0183ddd703c26140842d82,feb7c82b3f0a8bd88b8c97ea35fe13e92fa33ae2ef2b3490e8bb206b3e446907,3aa482a085cf0d3dc5752c5b378e1941526ad4b192598a715e429bdc0e2bca9d,a031edfb370ba2cbf4ca36f2e4cdf909858ef21950ba7bc55a55bcd5e8def634,binary_turnover_transfer,related HR turnover task transfer,employee_turnover_related_task_transfer,,,,,,,False,False,False,Supplementary related turnover-task transfer only; not employee-performance validation and not transport.,macro_f1,,,,employee_turnover,sha256_utf8_json_rows_csv_utf8_sig_v1,with_last_evaluation,0.9754178792171576,0.9724739006408284,0.9782415063684105,0.001484222665948,14999.0,5000.0,5000.0,0.95,paired_stratified_percentile,outer_fold;y_true,42.0,80051e7c62fbc87b52307971054b5f6596f5913c09d4e9cee7595fcdb2c2a854,higher,0.0,1.0,92f6179ed5b91df1ad6a46857017261473331b4b3e58dfd8b964e4c943fbae28
canonical_v2_20260714T221501Z_483f96f,51415c2ce68c89d9ce2b042b0a7a811fe3e98180b72460006f9d0465f6bf49b7,caffb945d15f990e3a789e9707f7a8a9115be31fecbbd705822994a10cfaf151,f1e358e99914563305428cece1b1595bc76a58643184407ec5b222162d650332,98ae57b622a56983192975c5bff94374ed51322f13c76af633c3c96ceb198cdd,restricted_and_binary_task_evidence,"{""canonical_content_sha256"":""38a28cddcb8cddc1b419ca630eed8a26d7f3285cca4bb08ade0438fd68a34ecd"",""dataset_key"":""employee_turnover"",""dataset_sha256"":""2510e274a90547f34c7b0db5a4ab70282c2710eb54252f14921bf980b81a928c""}","{""policy"":""with_last_evaluation""}",task_bounded_independent_nested_robustness_and_transfer,14999,paired_stratified_percentile_bootstrap_5000_draws_within_task,external_robustness/employee_turnover_task_transfer.csv,6ec80efd3da05284a631ad117abc663f1342d8d93e3cfb35d83f4d2343a875ba,employee_turnover_task_transfer,4,483f96fdbaab16cb0f32d03d9dbe676a759af44a,18bbb5cb3dae267eac18f3cc60082e5023843b01bd565f8912555fc9c83aa329,employee_turnover,,2510e274a90547f34c7b0db5a4ab70282c2710eb54252f14921bf980b81a928c,38a28cddcb8cddc1b419ca630eed8a26d7f3285cca4bb08ade0438fd68a34ecd,ef49bf69d6ea9461adb10268da09f14f9cc24d457c0183ddd703c26140842d82,feb7c82b3f0a8bd88b8c97ea35fe13e92fa33ae2ef2b3490e8bb206b3e446907,3aa482a085cf0d3dc5752c5b378e1941526ad4b192598a715e429bdc0e2bca9d,a031edfb370ba2cbf4ca36f2e4cdf909858ef21950ba7bc55a55bcd5e8def634,binary_turnover_transfer,related HR turnover task transfer,employee_turnover_related_task_transfer,,,,,,,False,False,False,Supplementary related turnover-task transfer only; not employee-performance validation and not transport.,roc_auc,,,,employee_turnover,sha256_utf8_json_rows_csv_utf8_sig_v1,with_last_evaluation,0.9943775927244975,0.993068890790521,0.99558547778271,0.0006452498680808,14999.0,5000.0,5000.0,0.95,paired_stratified_percentile,outer_fold;y_true,42.0,80051e7c62fbc87b52307971054b5f6596f5913c09d4e9cee7595fcdb2c2a854,higher,0.0,1.0,92f6179ed5b91df1ad6a46857017261473331b4b3e58dfd8b964e4c943fbae28
canonical_v2_20260714T221501Z_483f96f,51415c2ce68c89d9ce2b042b0a7a811fe3e98180b72460006f9d0465f6bf49b7,caffb945d15f990e3a789e9707f7a8a9115be31fecbbd705822994a10cfaf151,f1e358e99914563305428cece1b1595bc76a58643184407ec5b222162d650332,98ae57b622a56983192975c5bff94374ed51322f13c76af633c3c96ceb198cdd,restricted_and_binary_task_evidence,"{""canonical_content_sha256"":""38a28cddcb8cddc1b419ca630eed8a26d7f3285cca4bb08ade0438fd68a34ecd"",""dataset_key"":""employee_turnover"",""dataset_sha256"":""2510e274a90547f34c7b0db5a4ab70282c2710eb54252f14921bf980b81a928c""}","{""policy"":""with_last_evaluation""}",task_bounded_independent_nested_robustness_and_transfer,14999,paired_stratified_percentile_bootstrap_5000_draws_within_task,external_robustness/employee_turnover_task_transfer.csv,6ec80efd3da05284a631ad117abc663f1342d8d93e3cfb35d83f4d2343a875ba,employee_turnover_task_transfer,5,483f96fdbaab16cb0f32d03d9dbe676a759af44a,18bbb5cb3dae267eac18f3cc60082e5023843b01bd565f8912555fc9c83aa329,employee_turnover,,2510e274a90547f34c7b0db5a4ab70282c2710eb54252f14921bf980b81a928c,38a28cddcb8cddc1b419ca630eed8a26d7f3285cca4bb08ade0438fd68a34ecd,ef49bf69d6ea9461adb10268da09f14f9cc24d457c0183ddd703c26140842d82,feb7c82b3f0a8bd88b8c97ea35fe13e92fa33ae2ef2b3490e8bb206b3e446907,3aa482a085cf0d3dc5752c5b378e1941526ad4b192598a715e429bdc0e2bca9d,a031edfb370ba2cbf4ca36f2e4cdf909858ef21950ba7bc55a55bcd5e8def634,binary_turnover_transfer,related HR turnover task transfer,employee_turnover_related_task_transfer,,,,,,,False,False,False,Supplementary related turnover-task transfer only; not employee-performance validation and not transport.,average_precision,,,,employee_turnover,sha256_utf8_json_rows_csv_utf8_sig_v1,with_last_evaluation,0.9885851743909068,0.9863364422762716,0.9906753516597524,0.001109873848524,14999.0,5000.0,5000.0,0.95,paired_stratified_percentile,outer_fold;y_true,42.0,80051e7c62fbc87b52307971054b5f6596f5913c09d4e9cee7595fcdb2c2a854,higher,0.0,1.0,92f6179ed5b91df1ad6a46857017261473331b4b3e58dfd8b964e4c943fbae28
canonical_v2_20260714T221501Z_483f96f,51415c2ce68c89d9ce2b042b0a7a811fe3e98180b72460006f9d0465f6bf49b7,caffb945d15f990e3a789e9707f7a8a9115be31fecbbd705822994a10cfaf151,f1e358e99914563305428cece1b1595bc76a58643184407ec5b222162d650332,98ae57b622a56983192975c5bff94374ed51322f13c76af633c3c96ceb198cdd,restricted_and_binary_task_evidence,"{""canonical_content_sha256"":""38a28cddcb8cddc1b419ca630eed8a26d7f3285cca4bb08ade0438fd68a34ecd"",""dataset_key"":""employee_turnover"",""dataset_sha256"":""2510e274a90547f34c7b0db5a4ab70282c2710eb54252f14921bf980b81a928c""}","{""policy"":""with_last_evaluation""}",task_bounded_independent_nested_robustness_and_transfer,14999,paired_stratified_percentile_bootstrap_5000_draws_within_task,external_robustness/employee_turnover_task_transfer.csv,6ec80efd3da05284a631ad117abc663f1342d8d93e3cfb35d83f4d2343a875ba,employee_turnover_task_transfer,6,483f96fdbaab16cb0f32d03d9dbe676a759af44a,18bbb5cb3dae267eac18f3cc60082e5023843b01bd565f8912555fc9c83aa329,employee_turnover,,2510e274a90547f34c7b0db5a4ab70282c2710eb54252f14921bf980b81a928c,38a28cddcb8cddc1b419ca630eed8a26d7f3285cca4bb08ade0438fd68a34ecd,ef49bf69d6ea9461adb10268da09f14f9cc24d457c0183ddd703c26140842d82,feb7c82b3f0a8bd88b8c97ea35fe13e92fa33ae2ef2b3490e8bb206b3e446907,3aa482a085cf0d3dc5752c5b378e1941526ad4b192598a715e429bdc0e2bca9d,a031edfb370ba2cbf4ca36f2e4cdf909858ef21950ba7bc55a55bcd5e8def634,binary_turnover_transfer,related HR turnover task transfer,employee_turnover_related_task_transfer,,,,,,,False,False,False,Supplementary related turnover-task transfer only; not employee-performance validation and not transport.,nll_log_loss,,,,employee_turnover,sha256_utf8_json_rows_csv_utf8_sig_v1,with_last_evaluation,0.0606847813170305,0.0555399701734781,0.0659303722060649,0.0026664452563258,14999.0,5000.0,5000.0,0.95,paired_stratified_percentile,outer_fold;y_true,42.0,80051e7c62fbc87b52307971054b5f6596f5913c09d4e9cee7595fcdb2c2a854,lower,0.0,inf,92f6179ed5b91df1ad6a46857017261473331b4b3e58dfd8b964e4c943fbae28
canonical_v2_20260714T221501Z_483f96f,51415c2ce68c89d9ce2b042b0a7a811fe3e98180b72460006f9d0465f6bf49b7,caffb945d15f990e3a789e9707f7a8a9115be31fecbbd705822994a10cfaf151,f1e358e99914563305428cece1b1595bc76a58643184407ec5b222162d650332,98ae57b622a56983192975c5bff94374ed51322f13c76af633c3c96ceb198cdd,restricted_and_binary_task_evidence,"{""canonical_content_sha256"":""38a28cddcb8cddc1b419ca630eed8a26d7f3285cca4bb08ade0438fd68a34ecd"",""dataset_key"":""employee_turnover"",""dataset_sha256"":""2510e274a90547f34c7b0db5a4ab70282c2710eb54252f14921bf980b81a928c""}","{""policy"":""with_last_evaluation""}",task_bounded_independent_nested_robustness_and_transfer,14999,paired_stratified_percentile_bootstrap_5000_draws_within_task,external_robustness/employee_turnover_task_transfer.csv,6ec80efd3da05284a631ad117abc663f1342d8d93e3cfb35d83f4d2343a875ba,employee_turnover_task_transfer,7,483f96fdbaab16cb0f32d03d9dbe676a759af44a,18bbb5cb3dae267eac18f3cc60082e5023843b01bd565f8912555fc9c83aa329,employee_turnover,,2510e274a90547f34c7b0db5a4ab70282c2710eb54252f14921bf980b81a928c,38a28cddcb8cddc1b419ca630eed8a26d7f3285cca4bb08ade0438fd68a34ecd,ef49bf69d6ea9461adb10268da09f14f9cc24d457c0183ddd703c26140842d82,feb7c82b3f0a8bd88b8c97ea35fe13e92fa33ae2ef2b3490e8bb206b3e446907,3aa482a085cf0d3dc5752c5b378e1941526ad4b192598a715e429bdc0e2bca9d,a031edfb370ba2cbf4ca36f2e4cdf909858ef21950ba7bc55a55bcd5e8def634,binary_turnover_transfer,related HR turnover task transfer,employee_turnover_related_task_transfer,,,,,,,False,False,False,Supplementary related turnover-task transfer only; not employee-performance validation and not transport.,binary_brier,,,,employee_turnover,sha256_utf8_json_rows_csv_utf8_sig_v1,with_last_evaluation,0.0146760765551175,0.0132221896935122,0.0161755167742885,0.0007616308291625,14999.0,5000.0,5000.0,0.95,paired_stratified_percentile,outer_fold;y_true,42.0,80051e7c62fbc87b52307971054b5f6596f5913c09d4e9cee7595fcdb2c2a854,lower,0.0,1.0,92f6179ed5b91df1ad6a46857017261473331b4b3e58dfd8b964e4c943fbae28
canonical_v2_20260714T221501Z_483f96f,51415c2ce68c89d9ce2b042b0a7a811fe3e98180b72460006f9d0465f6bf49b7,caffb945d15f990e3a789e9707f7a8a9115be31fecbbd705822994a10cfaf151,f1e358e99914563305428cece1b1595bc76a58643184407ec5b222162d650332,98ae57b622a56983192975c5bff94374ed51322f13c76af633c3c96ceb198cdd,restricted_and_binary_task_evidence,"{""canonical_content_sha256"":""38a28cddcb8cddc1b419ca630eed8a26d7f3285cca4bb08ade0438fd68a34ecd"",""dataset_key"":""employee_turnover"",""dataset_sha256"":""2510e274a90547f34c7b0db5a4ab70282c2710eb54252f14921bf980b81a928c""}","{""policy"":""with_last_evaluation""}",task_bounded_independent_nested_robustness_and_transfer,14999,paired_stratified_percentile_bootstrap_5000_draws_within_task,external_robustness/employee_turnover_task_transfer.csv,6ec80efd3da05284a631ad117abc663f1342d8d93e3cfb35d83f4d2343a875ba,employee_turnover_task_transfer,8,483f96fdbaab16cb0f32d03d9dbe676a759af44a,18bbb5cb3dae267eac18f3cc60082e5023843b01bd565f8912555fc9c83aa329,employee_turnover,,2510e274a90547f34c7b0db5a4ab70282c2710eb54252f14921bf980b81a928c,38a28cddcb8cddc1b419ca630eed8a26d7f3285cca4bb08ade0438fd68a34ecd,ef49bf69d6ea9461adb10268da09f14f9cc24d457c0183ddd703c26140842d82,feb7c82b3f0a8bd88b8c97ea35fe13e92fa33ae2ef2b3490e8bb206b3e446907,3aa482a085cf0d3dc5752c5b378e1941526ad4b192598a715e429bdc0e2bca9d,a031edfb370ba2cbf4ca36f2e4cdf909858ef21950ba7bc55a55bcd5e8def634,binary_turnover_transfer,related HR turnover task transfer,employee_turnover_related_task_transfer,,,,,,,False,False,False,Supplementary related turnover-task transfer only; not employee-performance validation and not transport.,ece_confidence,,,,employee_turnover,sha256_utf8_json_rows_csv_utf8_sig_v1,with_last_evaluation,0.0060598595935115,0.0049353193272267,0.008196803741234,0.0008335473612569,14999.0,5000.0,5000.0,0.95,paired_stratified_percentile,outer_fold;y_true,42.0,80051e7c62fbc87b52307971054b5f6596f5913c09d4e9cee7595fcdb2c2a854,lower,0.0,1.0,92f6179ed5b91df1ad6a46857017261473331b4b3e58dfd8b964e4c943fbae28
canonical_v2_20260714T221501Z_483f96f,51415c2ce68c89d9ce2b042b0a7a811fe3e98180b72460006f9d0465f6bf49b7,caffb945d15f990e3a789e9707f7a8a9115be31fecbbd705822994a10cfaf151,f1e358e99914563305428cece1b1595bc76a58643184407ec5b222162d650332,98ae57b622a56983192975c5bff94374ed51322f13c76af633c3c96ceb198cdd,restricted_and_binary_task_evidence,"{""canonical_content_sha256"":""38a28cddcb8cddc1b419ca630eed8a26d7f3285cca4bb08ade0438fd68a34ecd"",""dataset_key"":""employee_turnover"",""dataset_sha256"":""2510e274a90547f34c7b0db5a4ab70282c2710eb54252f14921bf980b81a928c""}","{""policy"":""without_last_evaluation""}",task_bounded_independent_nested_robustness_and_transfer,14999,paired_stratified_percentile_bootstrap_5000_draws_within_task,external_robustness/employee_turnover_task_transfer.csv,6ec80efd3da05284a631ad117abc663f1342d8d93e3cfb35d83f4d2343a875ba,employee_turnover_task_transfer,9,483f96fdbaab16cb0f32d03d9dbe676a759af44a,18bbb5cb3dae267eac18f3cc60082e5023843b01bd565f8912555fc9c83aa329,employee_turnover,,2510e274a90547f34c7b0db5a4ab70282c2710eb54252f14921bf980b81a928c,38a28cddcb8cddc1b419ca630eed8a26d7f3285cca4bb08ade0438fd68a34ecd,ef49bf69d6ea9461adb10268da09f14f9cc24d457c0183ddd703c26140842d82,feb7c82b3f0a8bd88b8c97ea35fe13e92fa33ae2ef2b3490e8bb206b3e446907,3aa482a085cf0d3dc5752c5b378e1941526ad4b192598a715e429bdc0e2bca9d,a031edfb370ba2cbf4ca36f2e4cdf909858ef21950ba7bc55a55bcd5e8def634,binary_turnover_transfer,related HR turnover task transfer,employee_turnover_related_task_transfer,,,,,,,False,False,False,Supplementary related turnover-task transfer only; not employee-performance validation and not transport.,accuracy,,,,employee_turnover,sha256_utf8_json_rows_csv_utf8_sig_v1,without_last_evaluation,0.9790652710180678,0.9767984532302152,0.9813320888059204,0.0011441503999951,14999.0,5000.0,5000.0,0.95,paired_stratified_percentile,outer_fold;y_true,42.0,80051e7c62fbc87b52307971054b5f6596f5913c09d4e9cee7595fcdb2c2a854,higher,0.0,1.0,fb3cfcd83841a4b486a4be99dc63d4f5f63b5e3ef7bf7cf45f75d69ed7fcb352
canonical_v2_20260714T221501Z_483f96f,51415c2ce68c89d9ce2b042b0a7a811fe3e98180b72460006f9d0465f6bf49b7,caffb945d15f990e3a789e9707f7a8a9115be31fecbbd705822994a10cfaf151,f1e358e99914563305428cece1b1595bc76a58643184407ec5b222162d650332,98ae57b622a56983192975c5bff94374ed51322f13c76af633c3c96ceb198cdd,restricted_and_binary_task_evidence,"{""canonical_content_sha256"":""38a28cddcb8cddc1b419ca630eed8a26d7f3285cca4bb08ade0438fd68a34ecd"",""dataset_key"":""employee_turnover"",""dataset_sha256"":""2510e274a90547f34c7b0db5a4ab70282c2710eb54252f14921bf980b81a928c""}","{""policy"":""without_last_evaluation""}",task_bounded_independent_nested_robustness_and_transfer,14999,paired_stratified_percentile_bootstrap_5000_draws_within_task,external_robustness/employee_turnover_task_transfer.csv,6ec80efd3da05284a631ad117abc663f1342d8d93e3cfb35d83f4d2343a875ba,employee_turnover_task_transfer,10,483f96fdbaab16cb0f32d03d9dbe676a759af44a,18bbb5cb3dae267eac18f3cc60082e5023843b01bd565f8912555fc9c83aa329,employee_turnover,,2510e274a90547f34c7b0db5a4ab70282c2710eb54252f14921bf980b81a928c,38a28cddcb8cddc1b419ca630eed8a26d7f3285cca4bb08ade0438fd68a34ecd,ef49bf69d6ea9461adb10268da09f14f9cc24d457c0183ddd703c26140842d82,feb7c82b3f0a8bd88b8c97ea35fe13e92fa33ae2ef2b3490e8bb206b3e446907,3aa482a085cf0d3dc5752c5b378e1941526ad4b192598a715e429bdc0e2bca9d,a031edfb370ba2cbf4ca36f2e4cdf909858ef21950ba7bc55a55bcd5e8def634,binary_turnover_transfer,related HR turnover task transfer,employee_turnover_related_task_transfer,,,,,,,False,False,False,Supplementary related turnover-task transfer only; not employee-performance validation and not transport.,balanced_accuracy,,,,employee_turnover,sha256_utf8_json_rows_csv_utf8_sig_v1,without_last_evaluation,0.9648910686923312,0.9608391238922768,0.9689340366976344,0.0020478126697209,14999.0,5000.0,5000.0,0.95,paired_stratified_percentile,outer_fold;y_true,42.0,80051e7c62fbc87b52307971054b5f6596f5913c09d4e9cee7595fcdb2c2a854,higher,0.0,1.0,fb3cfcd83841a4b486a4be99dc63d4f5f63b5e3ef7bf7cf45f75d69ed7fcb352
canonical_v2_20260714T221501Z_483f96f,51415c2ce68c89d9ce2b042b0a7a811fe3e98180b72460006f9d0465f6bf49b7,caffb945d15f990e3a789e9707f7a8a9115be31fecbbd705822994a10cfaf151,f1e358e99914563305428cece1b1595bc76a58643184407ec5b222162d650332,98ae57b622a56983192975c5bff94374ed51322f13c76af633c3c96ceb198cdd,restricted_and_binary_task_evidence,"{""canonical_content_sha256"":""38a28cddcb8cddc1b419ca630eed8a26d7f3285cca4bb08ade0438fd68a34ecd"",""dataset_key"":""employee_turnover"",""dataset_sha256"":""2510e274a90547f34c7b0db5a4ab70282c2710eb54252f14921bf980b81a928c""}","{""policy"":""without_last_evaluation""}",task_bounded_independent_nested_robustness_and_transfer,14999,paired_stratified_percentile_bootstrap_5000_draws_within_task,external_robustness/employee_turnover_task_transfer.csv,6ec80efd3da05284a631ad117abc663f1342d8d93e3cfb35d83f4d2343a875ba,employee_turnover_task_transfer,11,483f96fdbaab16cb0f32d03d9dbe676a759af44a,18bbb5cb3dae267eac18f3cc60082e5023843b01bd565f8912555fc9c83aa329,employee_turnover,,2510e274a90547f34c7b0db5a4ab70282c2710eb54252f14921bf980b81a928c,38a28cddcb8cddc1b419ca630eed8a26d7f3285cca4bb08ade0438fd68a34ecd,ef49bf69d6ea9461adb10268da09f14f9cc24d457c0183ddd703c26140842d82,feb7c82b3f0a8bd88b8c97ea35fe13e92fa33ae2ef2b3490e8bb206b3e446907,3aa482a085cf0d3dc5752c5b378e1941526ad4b192598a715e429bdc0e2bca9d,a031edfb370ba2cbf4ca36f2e4cdf909858ef21950ba7bc55a55bcd5e8def634,binary_turnover_transfer,related HR turnover task transfer,employee_turnover_related_task_transfer,,,,,,,False,False,False,Supplementary related turnover-task transfer only; not employee-performance validation and not transport.,macro_f1,,,,employee_turnover,sha256_utf8_json_rows_csv_utf8_sig_v1,without_last_evaluation,0.9707795672546332,0.9675832627950676,0.9739816742212252,0.0016169213425768,14999.0,5000.0,5000.0,0.95,paired_stratified_percentile,outer_fold;y_true,42.0,80051e7c62fbc87b52307971054b5f6596f5913c09d4e9cee7595fcdb2c2a854,higher,0.0,1.0,fb3cfcd83841a4b486a4be99dc63d4f5f63b5e3ef7bf7cf45f75d69ed7fcb352
canonical_v2_20260714T221501Z_483f96f,51415c2ce68c89d9ce2b042b0a7a811fe3e98180b72460006f9d0465f6bf49b7,caffb945d15f990e3a789e9707f7a8a9115be31fecbbd705822994a10cfaf151,f1e358e99914563305428cece1b1595bc76a58643184407ec5b222162d650332,98ae57b622a56983192975c5bff94374ed51322f13c76af633c3c96ceb198cdd,restricted_and_binary_task_evidence,"{""canonical_content_sha256"":""38a28cddcb8cddc1b419ca630eed8a26d7f3285cca4bb08ade0438fd68a34ecd"",""dataset_key"":""employee_turnover"",""dataset_sha256"":""2510e274a90547f34c7b0db5a4ab70282c2710eb54252f14921bf980b81a928c""}","{""policy"":""without_last_evaluation""}",task_bounded_independent_nested_robustness_and_transfer,14999,paired_stratified_percentile_bootstrap_5000_draws_within_task,external_robustness/employee_turnover_task_transfer.csv,6ec80efd3da05284a631ad117abc663f1342d8d93e3cfb35d83f4d2343a875ba,employee_turnover_task_transfer,12,483f96fdbaab16cb0f32d03d9dbe676a759af44a,18bbb5cb3dae267eac18f3cc60082e5023843b01bd565f8912555fc9c83aa329,employee_turnover,,2510e274a90547f34c7b0db5a4ab70282c2710eb54252f14921bf980b81a928c,38a28cddcb8cddc1b419ca630eed8a26d7f3285cca4bb08ade0438fd68a34ecd,ef49bf69d6ea9461adb10268da09f14f9cc24d457c0183ddd703c26140842d82,feb7c82b3f0a8bd88b8c97ea35fe13e92fa33ae2ef2b3490e8bb206b3e446907,3aa482a085cf0d3dc5752c5b378e1941526ad4b192598a715e429bdc0e2bca9d,a031edfb370ba2cbf4ca36f2e4cdf909858ef21950ba7bc55a55bcd5e8def634,binary_turnover_transfer,related HR turnover task transfer,employee_turnover_related_task_transfer,,,,,,,False,False,False,Supplementary related turnover-task transfer only; not employee-performance validation and not transport.,roc_auc,,,,employee_turnover,sha256_utf8_json_rows_csv_utf8_sig_v1,without_last_evaluation,0.992802109651828,0.9913457324451912,0.9942207342094912,0.000740379187847,14999.0,5000.0,5000.0,0.95,paired_stratified_percentile,outer_fold;y_true,42.0,80051e7c62fbc87b52307971054b5f6596f5913c09d4e9cee7595fcdb2c2a854,higher,0.0,1.0,fb3cfcd83841a4b486a4be99dc63d4f5f63b5e3ef7bf7cf45f75d69ed7fcb352
canonical_v2_20260714T221501Z_483f96f,51415c2ce68c89d9ce2b042b0a7a811fe3e98180b72460006f9d0465f6bf49b7,caffb945d15f990e3a789e9707f7a8a9115be31fecbbd705822994a10cfaf151,f1e358e99914563305428cece1b1595bc76a58643184407ec5b222162d650332,98ae57b622a56983192975c5bff94374ed51322f13c76af633c3c96ceb198cdd,restricted_and_binary_task_evidence,"{""canonical_content_sha256"":""38a28cddcb8cddc1b419ca630eed8a26d7f3285cca4bb08ade0438fd68a34ecd"",""dataset_key"":""employee_turnover"",""dataset_sha256"":""2510e274a90547f34c7b0db5a4ab70282c2710eb54252f14921bf980b81a928c""}","{""policy"":""without_last_evaluation""}",task_bounded_independent_nested_robustness_and_transfer,14999,paired_stratified_percentile_bootstrap_5000_draws_within_task,external_robustness/employee_turnover_task_transfer.csv,6ec80efd3da05284a631ad117abc663f1342d8d93e3cfb35d83f4d2343a875ba,employee_turnover_task_transfer,13,483f96fdbaab16cb0f32d03d9dbe676a759af44a,18bbb5cb3dae267eac18f3cc60082e5023843b01bd565f8912555fc9c83aa329,employee_turnover,,2510e274a90547f34c7b0db5a4ab70282c2710eb54252f14921bf980b81a928c,38a28cddcb8cddc1b419ca630eed8a26d7f3285cca4bb08ade0438fd68a34ecd,ef49bf69d6ea9461adb10268da09f14f9cc24d457c0183ddd703c26140842d82,feb7c82b3f0a8bd88b8c97ea35fe13e92fa33ae2ef2b3490e8bb206b3e446907,3aa482a085cf0d3dc5752c5b378e1941526ad4b192598a715e429bdc0e2bca9d,a031edfb370ba2cbf4ca36f2e4cdf909858ef21950ba7bc55a55bcd5e8def634,binary_turnover_transfer,related HR turnover task transfer,employee_turnover_related_task_transfer,,,,,,,False,False,False,Supplementary related turnover-task transfer only; not employee-performance validation and not transport.,average_precision,,,,employee_turnover,sha256_utf8_json_rows_csv_utf8_sig_v1,without_last_evaluation,0.9846910650873733,0.9821222658637512,0.98726267965418,0.0013134068036814,14999.0,5000.0,5000.0,0.95,paired_stratified_percentile,outer_fold;y_true,42.0,80051e7c62fbc87b52307971054b5f6596f5913c09d4e9cee7595fcdb2c2a854,higher,0.0,1.0,fb3cfcd83841a4b486a4be99dc63d4f5f63b5e3ef7bf7cf45f75d69ed7fcb352
canonical_v2_20260714T221501Z_483f96f,51415c2ce68c89d9ce2b042b0a7a811fe3e98180b72460006f9d0465f6bf49b7,caffb945d15f990e3a789e9707f7a8a9115be31fecbbd705822994a10cfaf151,f1e358e99914563305428cece1b1595bc76a58643184407ec5b222162d650332,98ae57b622a56983192975c5bff94374ed51322f13c76af633c3c96ceb198cdd,restricted_and_binary_task_evidence,"{""canonical_content_sha256"":""38a28cddcb8cddc1b419ca630eed8a26d7f3285cca4bb08ade0438fd68a34ecd"",""dataset_key"":""employee_turnover"",""dataset_sha256"":""2510e274a90547f34c7b0db5a4ab70282c2710eb54252f14921bf980b81a928c""}","{""policy"":""without_last_evaluation""}",task_bounded_independent_nested_robustness_and_transfer,14999,paired_stratified_percentile_bootstrap_5000_draws_within_task,external_robustness/employee_turnover_task_transfer.csv,6ec80efd3da05284a631ad117abc663f1342d8d93e3cfb35d83f4d2343a875ba,employee_turnover_task_transfer,14,483f96fdbaab16cb0f32d03d9dbe676a759af44a,18bbb5cb3dae267eac18f3cc60082e5023843b01bd565f8912555fc9c83aa329,employee_turnover,,2510e274a90547f34c7b0db5a4ab70282c2710eb54252f14921bf980b81a928c,38a28cddcb8cddc1b419ca630eed8a26d7f3285cca4bb08ade0438fd68a34ecd,ef49bf69d6ea9461adb10268da09f14f9cc24d457c0183ddd703c26140842d82,feb7c82b3f0a8bd88b8c97ea35fe13e92fa33ae2ef2b3490e8bb206b3e446907,3aa482a085cf0d3dc5752c5b378e1941526ad4b192598a715e429bdc0e2bca9d,a031edfb370ba2cbf4ca36f2e4cdf909858ef21950ba7bc55a55bcd5e8def634,binary_turnover_transfer,related HR turnover task transfer,employee_turnover_related_task_transfer,,,,,,,False,False,False,Supplementary related turnover-task transfer only; not employee-performance validation and not transport.,nll_log_loss,,,,employee_turnover,sha256_utf8_json_rows_csv_utf8_sig_v1,without_last_evaluation,0.071809871536986,0.065971446984534,0.0774341106921365,0.0029354227839734,14999.0,5000.0,5000.0,0.95,paired_stratified_percentile,outer_fold;y_true,42.0,80051e7c62fbc87b52307971054b5f6596f5913c09d4e9cee7595fcdb2c2a854,lower,0.0,inf,fb3cfcd83841a4b486a4be99dc63d4f5f63b5e3ef7bf7cf45f75d69ed7fcb352
canonical_v2_20260714T221501Z_483f96f,51415c2ce68c89d9ce2b042b0a7a811fe3e98180b72460006f9d0465f6bf49b7,caffb945d15f990e3a789e9707f7a8a9115be31fecbbd705822994a10cfaf151,f1e358e99914563305428cece1b1595bc76a58643184407ec5b222162d650332,98ae57b622a56983192975c5bff94374ed51322f13c76af633c3c96ceb198cdd,restricted_and_binary_task_evidence,"{""canonical_content_sha256"":""38a28cddcb8cddc1b419ca630eed8a26d7f3285cca4bb08ade0438fd68a34ecd"",""dataset_key"":""employee_turnover"",""dataset_sha256"":""2510e274a90547f34c7b0db5a4ab70282c2710eb54252f14921bf980b81a928c""}","{""policy"":""without_last_evaluation""}",task_bounded_independent_nested_robustness_and_transfer,14999,paired_stratified_percentile_bootstrap_5000_draws_within_task,external_robustness/employee_turnover_task_transfer.csv,6ec80efd3da05284a631ad117abc663f1342d8d93e3cfb35d83f4d2343a875ba,employee_turnover_task_transfer,15,483f96fdbaab16cb0f32d03d9dbe676a759af44a,18bbb5cb3dae267eac18f3cc60082e5023843b01bd565f8912555fc9c83aa329,employee_turnover,,2510e274a90547f34c7b0db5a4ab70282c2710eb54252f14921bf980b81a928c,38a28cddcb8cddc1b419ca630eed8a26d7f3285cca4bb08ade0438fd68a34ecd,ef49bf69d6ea9461adb10268da09f14f9cc24d457c0183ddd703c26140842d82,feb7c82b3f0a8bd88b8c97ea35fe13e92fa33ae2ef2b3490e8bb206b3e446907,3aa482a085cf0d3dc5752c5b378e1941526ad4b192598a715e429bdc0e2bca9d,a031edfb370ba2cbf4ca36f2e4cdf909858ef21950ba7bc55a55bcd5e8def634,binary_turnover_transfer,related HR turnover task transfer,employee_turnover_related_task_transfer,,,,,,,False,False,False,Supplementary related turnover-task transfer only; not employee-performance validation and not transport.,binary_brier,,,,employee_turnover,sha256_utf8_json_rows_csv_utf8_sig_v1,without_last_evaluation,0.0174343207939176,0.015760789101732,0.019047899338901,0.0008406275914542,14999.0,5000.0,5000.0,0.95,paired_stratified_percentile,outer_fold;y_true,42.0,80051e7c62fbc87b52307971054b5f6596f5913c09d4e9cee7595fcdb2c2a854,lower,0.0,1.0,fb3cfcd83841a4b486a4be99dc63d4f5f63b5e3ef7bf7cf45f75d69ed7fcb352
canonical_v2_20260714T221501Z_483f96f,51415c2ce68c89d9ce2b042b0a7a811fe3e98180b72460006f9d0465f6bf49b7,caffb945d15f990e3a789e9707f7a8a9115be31fecbbd705822994a10cfaf151,f1e358e99914563305428cece1b1595bc76a58643184407ec5b222162d650332,98ae57b622a56983192975c5bff94374ed51322f13c76af633c3c96ceb198cdd,restricted_and_binary_task_evidence,"{""canonical_content_sha256"":""38a28cddcb8cddc1b419ca630eed8a26d7f3285cca4bb08ade0438fd68a34ecd"",""dataset_key"":""employee_turnover"",""dataset_sha256"":""2510e274a90547f34c7b0db5a4ab70282c2710eb54252f14921bf980b81a928c""}","{""policy"":""without_last_evaluation""}",task_bounded_independent_nested_robustness_and_transfer,14999,paired_stratified_percentile_bootstrap_5000_draws_within_task,external_robustness/employee_turnover_task_transfer.csv,6ec80efd3da05284a631ad117abc663f1342d8d93e3cfb35d83f4d2343a875ba,employee_turnover_task_transfer,16,483f96fdbaab16cb0f32d03d9dbe676a759af44a,18bbb5cb3dae267eac18f3cc60082e5023843b01bd565f8912555fc9c83aa329,employee_turnover,,2510e274a90547f34c7b0db5a4ab70282c2710eb54252f14921bf980b81a928c,38a28cddcb8cddc1b419ca630eed8a26d7f3285cca4bb08ade0438fd68a34ecd,ef49bf69d6ea9461adb10268da09f14f9cc24d457c0183ddd703c26140842d82,feb7c82b3f0a8bd88b8c97ea35fe13e92fa33ae2ef2b3490e8bb206b3e446907,3aa482a085cf0d3dc5752c5b378e1941526ad4b192598a715e429bdc0e2bca9d,a031edfb370ba2cbf4ca36f2e4cdf909858ef21950ba7bc55a55bcd5e8def634,binary_turnover_transfer,related HR turnover task transfer,employee_turnover_related_task_transfer,,,,,,,False,False,False,Supplementary related turnover-task transfer only; not employee-performance validation and not transport.,ece_confidence,,,,employee_turnover,sha256_utf8_json_rows_csv_utf8_sig_v1,without_last_evaluation,0.0064593516401602,0.0050962987917676,0.0087959745744298,0.0009605116312605,14999.0,5000.0,5000.0,0.95,paired_stratified_percentile,outer_fold;y_true,42.0,80051e7c62fbc87b52307971054b5f6596f5913c09d4e9cee7595fcdb2c2a854,lower,0.0,1.0,fb3cfcd83841a4b486a4be99dc63d4f5f63b5e3ef7bf7cf45f75d69ed7fcb352
