,precision,recall,f1-score,support
2,0.8588957055214724,0.9032258064516129,0.8805031446540881,155.0
3,0.9476661951909476,0.9585121602288984,0.9530583214793741,699.0
4,0.9,0.7641509433962265,0.826530612244898,106.0
accuracy,0.928125,0.928125,0.928125,0.928125
macro avg,0.9021873002374733,0.8752963033589126,0.8866973594594533,960.0
weighted avg,0.9280703174940631,0.928125,0.927372915659818,960.0
