run_id,config_hash,policy,attribute,group_value,interpretation_category,n_samples,minimum_group_support_threshold,group_support_eligible,metric,class_label,metric_value,metric_denominator,minimum_metric_denominator_threshold,metric_denominator_eligible,eligible_for_gap
manuscript_final_20260712T175251Z_c664ef152ff3,c664ef152ff3a9eef89c53a403b9c2e6f677340bea0307b02d97d07cc54bdfc3,no_salary_hike_no_attrition,Age,18-29,protected_or_sensitive_descriptive_audit,267,30,True,accuracy,,0.850187265917603,267,30,True,True
manuscript_final_20260712T175251Z_c664ef152ff3,c664ef152ff3a9eef89c53a403b9c2e6f677340bea0307b02d97d07cc54bdfc3,no_salary_hike_no_attrition,Age,18-29,protected_or_sensitive_descriptive_audit,267,30,True,macro_f1,,0.5926327193932828,267,30,True,True
manuscript_final_20260712T175251Z_c664ef152ff3,c664ef152ff3a9eef89c53a403b9c2e6f677340bea0307b02d97d07cc54bdfc3,no_salary_hike_no_attrition,Age,18-29,protected_or_sensitive_descriptive_audit,267,30,True,positive_prediction_rate,2.0,0.14606741573033707,267,30,True,True
manuscript_final_20260712T175251Z_c664ef152ff3,c664ef152ff3a9eef89c53a403b9c2e6f677340bea0307b02d97d07cc54bdfc3,no_salary_hike_no_attrition,Age,18-29,protected_or_sensitive_descriptive_audit,267,30,True,true_positive_rate,2.0,0.8717948717948718,39,10,True,True
manuscript_final_20260712T175251Z_c664ef152ff3,c664ef152ff3a9eef89c53a403b9c2e6f677340bea0307b02d97d07cc54bdfc3,no_salary_hike_no_attrition,Age,18-29,protected_or_sensitive_descriptive_audit,267,30,True,false_positive_rate,2.0,0.021929824561403508,228,10,True,True
manuscript_final_20260712T175251Z_c664ef152ff3,c664ef152ff3a9eef89c53a403b9c2e6f677340bea0307b02d97d07cc54bdfc3,no_salary_hike_no_attrition,Age,18-29,protected_or_sensitive_descriptive_audit,267,30,True,precision,2.0,0.8717948717948718,39,10,True,True
manuscript_final_20260712T175251Z_c664ef152ff3,c664ef152ff3a9eef89c53a403b9c2e6f677340bea0307b02d97d07cc54bdfc3,no_salary_hike_no_attrition,Age,18-29,protected_or_sensitive_descriptive_audit,267,30,True,mean_predicted_probability,2.0,0.14109721869663666,267,30,True,True
manuscript_final_20260712T175251Z_c664ef152ff3,c664ef152ff3a9eef89c53a403b9c2e6f677340bea0307b02d97d07cc54bdfc3,no_salary_hike_no_attrition,Age,18-29,protected_or_sensitive_descriptive_audit,267,30,True,positive_prediction_rate,3.0,0.8539325842696629,267,30,True,True
manuscript_final_20260712T175251Z_c664ef152ff3,c664ef152ff3a9eef89c53a403b9c2e6f677340bea0307b02d97d07cc54bdfc3,no_salary_hike_no_attrition,Age,18-29,protected_or_sensitive_descriptive_audit,267,30,True,true_positive_rate,3.0,0.9747474747474747,198,10,True,True
manuscript_final_20260712T175251Z_c664ef152ff3,c664ef152ff3a9eef89c53a403b9c2e6f677340bea0307b02d97d07cc54bdfc3,no_salary_hike_no_attrition,Age,18-29,protected_or_sensitive_descriptive_audit,267,30,True,false_positive_rate,3.0,0.5072463768115942,69,10,True,True
manuscript_final_20260712T175251Z_c664ef152ff3,c664ef152ff3a9eef89c53a403b9c2e6f677340bea0307b02d97d07cc54bdfc3,no_salary_hike_no_attrition,Age,18-29,protected_or_sensitive_descriptive_audit,267,30,True,precision,3.0,0.8464912280701754,228,10,True,True
manuscript_final_20260712T175251Z_c664ef152ff3,c664ef152ff3a9eef89c53a403b9c2e6f677340bea0307b02d97d07cc54bdfc3,no_salary_hike_no_attrition,Age,18-29,protected_or_sensitive_descriptive_audit,267,30,True,mean_predicted_probability,3.0,0.7736146958677398,267,30,True,True
manuscript_final_20260712T175251Z_c664ef152ff3,c664ef152ff3a9eef89c53a403b9c2e6f677340bea0307b02d97d07cc54bdfc3,no_salary_hike_no_attrition,Age,18-29,protected_or_sensitive_descriptive_audit,267,30,True,positive_prediction_rate,4.0,0.0,267,30,True,True
manuscript_final_20260712T175251Z_c664ef152ff3,c664ef152ff3a9eef89c53a403b9c2e6f677340bea0307b02d97d07cc54bdfc3,no_salary_hike_no_attrition,Age,18-29,protected_or_sensitive_descriptive_audit,267,30,True,true_positive_rate,4.0,0.0,30,10,True,True
manuscript_final_20260712T175251Z_c664ef152ff3,c664ef152ff3a9eef89c53a403b9c2e6f677340bea0307b02d97d07cc54bdfc3,no_salary_hike_no_attrition,Age,18-29,protected_or_sensitive_descriptive_audit,267,30,True,false_positive_rate,4.0,0.0,237,10,True,True
manuscript_final_20260712T175251Z_c664ef152ff3,c664ef152ff3a9eef89c53a403b9c2e6f677340bea0307b02d97d07cc54bdfc3,no_salary_hike_no_attrition,Age,18-29,protected_or_sensitive_descriptive_audit,267,30,True,precision,4.0,,0,10,False,False
manuscript_final_20260712T175251Z_c664ef152ff3,c664ef152ff3a9eef89c53a403b9c2e6f677340bea0307b02d97d07cc54bdfc3,no_salary_hike_no_attrition,Age,18-29,protected_or_sensitive_descriptive_audit,267,30,True,mean_predicted_probability,4.0,0.0852880845692668,267,30,True,True
manuscript_final_20260712T175251Z_c664ef152ff3,c664ef152ff3a9eef89c53a403b9c2e6f677340bea0307b02d97d07cc54bdfc3,no_salary_hike_no_attrition,Age,30-39,protected_or_sensitive_descriptive_audit,506,30,True,accuracy,,0.8537549407114624,506,30,True,True
manuscript_final_20260712T175251Z_c664ef152ff3,c664ef152ff3a9eef89c53a403b9c2e6f677340bea0307b02d97d07cc54bdfc3,no_salary_hike_no_attrition,Age,30-39,protected_or_sensitive_descriptive_audit,506,30,True,macro_f1,,0.5992741935483871,506,30,True,True
manuscript_final_20260712T175251Z_c664ef152ff3,c664ef152ff3a9eef89c53a403b9c2e6f677340bea0307b02d97d07cc54bdfc3,no_salary_hike_no_attrition,Age,30-39,protected_or_sensitive_descriptive_audit,506,30,True,positive_prediction_rate,2.0,0.15019762845849802,506,30,True,True
manuscript_final_20260712T175251Z_c664ef152ff3,c664ef152ff3a9eef89c53a403b9c2e6f677340bea0307b02d97d07cc54bdfc3,no_salary_hike_no_attrition,Age,30-39,protected_or_sensitive_descriptive_audit,506,30,True,true_positive_rate,2.0,0.8734177215189873,79,10,True,True
manuscript_final_20260712T175251Z_c664ef152ff3,c664ef152ff3a9eef89c53a403b9c2e6f677340bea0307b02d97d07cc54bdfc3,no_salary_hike_no_attrition,Age,30-39,protected_or_sensitive_descriptive_audit,506,30,True,false_positive_rate,2.0,0.01639344262295082,427,10,True,True
manuscript_final_20260712T175251Z_c664ef152ff3,c664ef152ff3a9eef89c53a403b9c2e6f677340bea0307b02d97d07cc54bdfc3,no_salary_hike_no_attrition,Age,30-39,protected_or_sensitive_descriptive_audit,506,30,True,precision,2.0,0.9078947368421053,76,10,True,True
manuscript_final_20260712T175251Z_c664ef152ff3,c664ef152ff3a9eef89c53a403b9c2e6f677340bea0307b02d97d07cc54bdfc3,no_salary_hike_no_attrition,Age,30-39,protected_or_sensitive_descriptive_audit,506,30,True,mean_predicted_probability,2.0,0.14839102846872626,506,30,True,True
manuscript_final_20260712T175251Z_c664ef152ff3,c664ef152ff3a9eef89c53a403b9c2e6f677340bea0307b02d97d07cc54bdfc3,no_salary_hike_no_attrition,Age,30-39,protected_or_sensitive_descriptive_audit,506,30,True,positive_prediction_rate,3.0,0.8478260869565217,506,30,True,True
manuscript_final_20260712T175251Z_c664ef152ff3,c664ef152ff3a9eef89c53a403b9c2e6f677340bea0307b02d97d07cc54bdfc3,no_salary_hike_no_attrition,Age,30-39,protected_or_sensitive_descriptive_audit,506,30,True,true_positive_rate,3.0,0.9784366576819407,371,10,True,True
manuscript_final_20260712T175251Z_c664ef152ff3,c664ef152ff3a9eef89c53a403b9c2e6f677340bea0307b02d97d07cc54bdfc3,no_salary_hike_no_attrition,Age,30-39,protected_or_sensitive_descriptive_audit,506,30,True,false_positive_rate,3.0,0.4888888888888889,135,10,True,True
manuscript_final_20260712T175251Z_c664ef152ff3,c664ef152ff3a9eef89c53a403b9c2e6f677340bea0307b02d97d07cc54bdfc3,no_salary_hike_no_attrition,Age,30-39,protected_or_sensitive_descriptive_audit,506,30,True,precision,3.0,0.8461538461538461,429,10,True,True
manuscript_final_20260712T175251Z_c664ef152ff3,c664ef152ff3a9eef89c53a403b9c2e6f677340bea0307b02d97d07cc54bdfc3,no_salary_hike_no_attrition,Age,30-39,protected_or_sensitive_descriptive_audit,506,30,True,mean_predicted_probability,3.0,0.759996445365471,506,30,True,True
manuscript_final_20260712T175251Z_c664ef152ff3,c664ef152ff3a9eef89c53a403b9c2e6f677340bea0307b02d97d07cc54bdfc3,no_salary_hike_no_attrition,Age,30-39,protected_or_sensitive_descriptive_audit,506,30,True,positive_prediction_rate,4.0,0.001976284584980237,506,30,True,True
manuscript_final_20260712T175251Z_c664ef152ff3,c664ef152ff3a9eef89c53a403b9c2e6f677340bea0307b02d97d07cc54bdfc3,no_salary_hike_no_attrition,Age,30-39,protected_or_sensitive_descriptive_audit,506,30,True,true_positive_rate,4.0,0.0,56,10,True,True
manuscript_final_20260712T175251Z_c664ef152ff3,c664ef152ff3a9eef89c53a403b9c2e6f677340bea0307b02d97d07cc54bdfc3,no_salary_hike_no_attrition,Age,30-39,protected_or_sensitive_descriptive_audit,506,30,True,false_positive_rate,4.0,0.0022222222222222222,450,10,True,True
manuscript_final_20260712T175251Z_c664ef152ff3,c664ef152ff3a9eef89c53a403b9c2e6f677340bea0307b02d97d07cc54bdfc3,no_salary_hike_no_attrition,Age,30-39,protected_or_sensitive_descriptive_audit,506,30,True,precision,4.0,0.0,1,10,False,False
manuscript_final_20260712T175251Z_c664ef152ff3,c664ef152ff3a9eef89c53a403b9c2e6f677340bea0307b02d97d07cc54bdfc3,no_salary_hike_no_attrition,Age,30-39,protected_or_sensitive_descriptive_audit,506,30,True,mean_predicted_probability,4.0,0.09161252656508892,506,30,True,True
manuscript_final_20260712T175251Z_c664ef152ff3,c664ef152ff3a9eef89c53a403b9c2e6f677340bea0307b02d97d07cc54bdfc3,no_salary_hike_no_attrition,Age,40-49,protected_or_sensitive_descriptive_audit,287,30,True,accuracy,,0.8571428571428571,287,30,True,True
manuscript_final_20260712T175251Z_c664ef152ff3,c664ef152ff3a9eef89c53a403b9c2e6f677340bea0307b02d97d07cc54bdfc3,no_salary_hike_no_attrition,Age,40-49,protected_or_sensitive_descriptive_audit,287,30,True,macro_f1,,0.6218788078902641,287,30,True,True
manuscript_final_20260712T175251Z_c664ef152ff3,c664ef152ff3a9eef89c53a403b9c2e6f677340bea0307b02d97d07cc54bdfc3,no_salary_hike_no_attrition,Age,40-49,protected_or_sensitive_descriptive_audit,287,30,True,positive_prediction_rate,2.0,0.1986062717770035,287,30,True,True
manuscript_final_20260712T175251Z_c664ef152ff3,c664ef152ff3a9eef89c53a403b9c2e6f677340bea0307b02d97d07cc54bdfc3,no_salary_hike_no_attrition,Age,40-49,protected_or_sensitive_descriptive_audit,287,30,True,true_positive_rate,2.0,0.96,50,10,True,True
manuscript_final_20260712T175251Z_c664ef152ff3,c664ef152ff3a9eef89c53a403b9c2e6f677340bea0307b02d97d07cc54bdfc3,no_salary_hike_no_attrition,Age,40-49,protected_or_sensitive_descriptive_audit,287,30,True,false_positive_rate,2.0,0.0379746835443038,237,10,True,True
manuscript_final_20260712T175251Z_c664ef152ff3,c664ef152ff3a9eef89c53a403b9c2e6f677340bea0307b02d97d07cc54bdfc3,no_salary_hike_no_attrition,Age,40-49,protected_or_sensitive_descriptive_audit,287,30,True,precision,2.0,0.8421052631578947,57,10,True,True
manuscript_final_20260712T175251Z_c664ef152ff3,c664ef152ff3a9eef89c53a403b9c2e6f677340bea0307b02d97d07cc54bdfc3,no_salary_hike_no_attrition,Age,40-49,protected_or_sensitive_descriptive_audit,287,30,True,mean_predicted_probability,2.0,0.1818757130928096,287,30,True,True
manuscript_final_20260712T175251Z_c664ef152ff3,c664ef152ff3a9eef89c53a403b9c2e6f677340bea0307b02d97d07cc54bdfc3,no_salary_hike_no_attrition,Age,40-49,protected_or_sensitive_descriptive_audit,287,30,True,positive_prediction_rate,3.0,0.794425087108014,287,30,True,True
manuscript_final_20260712T175251Z_c664ef152ff3,c664ef152ff3a9eef89c53a403b9c2e6f677340bea0307b02d97d07cc54bdfc3,no_salary_hike_no_attrition,Age,40-49,protected_or_sensitive_descriptive_audit,287,30,True,true_positive_rate,3.0,0.9563106796116505,206,10,True,True
manuscript_final_20260712T175251Z_c664ef152ff3,c664ef152ff3a9eef89c53a403b9c2e6f677340bea0307b02d97d07cc54bdfc3,no_salary_hike_no_attrition,Age,40-49,protected_or_sensitive_descriptive_audit,287,30,True,false_positive_rate,3.0,0.38271604938271603,81,10,True,True
manuscript_final_20260712T175251Z_c664ef152ff3,c664ef152ff3a9eef89c53a403b9c2e6f677340bea0307b02d97d07cc54bdfc3,no_salary_hike_no_attrition,Age,40-49,protected_or_sensitive_descriptive_audit,287,30,True,precision,3.0,0.8640350877192983,228,10,True,True
manuscript_final_20260712T175251Z_c664ef152ff3,c664ef152ff3a9eef89c53a403b9c2e6f677340bea0307b02d97d07cc54bdfc3,no_salary_hike_no_attrition,Age,40-49,protected_or_sensitive_descriptive_audit,287,30,True,mean_predicted_probability,3.0,0.7334127841348588,287,30,True,True
manuscript_final_20260712T175251Z_c664ef152ff3,c664ef152ff3a9eef89c53a403b9c2e6f677340bea0307b02d97d07cc54bdfc3,no_salary_hike_no_attrition,Age,40-49,protected_or_sensitive_descriptive_audit,287,30,True,positive_prediction_rate,4.0,0.006968641114982578,287,30,True,True
manuscript_final_20260712T175251Z_c664ef152ff3,c664ef152ff3a9eef89c53a403b9c2e6f677340bea0307b02d97d07cc54bdfc3,no_salary_hike_no_attrition,Age,40-49,protected_or_sensitive_descriptive_audit,287,30,True,true_positive_rate,4.0,0.03225806451612903,31,10,True,True
manuscript_final_20260712T175251Z_c664ef152ff3,c664ef152ff3a9eef89c53a403b9c2e6f677340bea0307b02d97d07cc54bdfc3,no_salary_hike_no_attrition,Age,40-49,protected_or_sensitive_descriptive_audit,287,30,True,false_positive_rate,4.0,0.00390625,256,10,True,True
manuscript_final_20260712T175251Z_c664ef152ff3,c664ef152ff3a9eef89c53a403b9c2e6f677340bea0307b02d97d07cc54bdfc3,no_salary_hike_no_attrition,Age,40-49,protected_or_sensitive_descriptive_audit,287,30,True,precision,4.0,0.5,2,10,False,False
manuscript_final_20260712T175251Z_c664ef152ff3,c664ef152ff3a9eef89c53a403b9c2e6f677340bea0307b02d97d07cc54bdfc3,no_salary_hike_no_attrition,Age,40-49,protected_or_sensitive_descriptive_audit,287,30,True,mean_predicted_probability,4.0,0.08471150127586743,287,30,True,True
manuscript_final_20260712T175251Z_c664ef152ff3,c664ef152ff3a9eef89c53a403b9c2e6f677340bea0307b02d97d07cc54bdfc3,no_salary_hike_no_attrition,Age,50-59,protected_or_sensitive_descriptive_audit,137,30,True,accuracy,,0.8686131386861314,137,30,True,True
manuscript_final_20260712T175251Z_c664ef152ff3,c664ef152ff3a9eef89c53a403b9c2e6f677340bea0307b02d97d07cc54bdfc3,no_salary_hike_no_attrition,Age,50-59,protected_or_sensitive_descriptive_audit,137,30,True,macro_f1,,0.6078449244979187,137,30,True,True
manuscript_final_20260712T175251Z_c664ef152ff3,c664ef152ff3a9eef89c53a403b9c2e6f677340bea0307b02d97d07cc54bdfc3,no_salary_hike_no_attrition,Age,50-59,protected_or_sensitive_descriptive_audit,137,30,True,positive_prediction_rate,2.0,0.19708029197080293,137,30,True,True
manuscript_final_20260712T175251Z_c664ef152ff3,c664ef152ff3a9eef89c53a403b9c2e6f677340bea0307b02d97d07cc54bdfc3,no_salary_hike_no_attrition,Age,50-59,protected_or_sensitive_descriptive_audit,137,30,True,true_positive_rate,2.0,0.9230769230769231,26,10,True,True
manuscript_final_20260712T175251Z_c664ef152ff3,c664ef152ff3a9eef89c53a403b9c2e6f677340bea0307b02d97d07cc54bdfc3,no_salary_hike_no_attrition,Age,50-59,protected_or_sensitive_descriptive_audit,137,30,True,false_positive_rate,2.0,0.02702702702702703,111,10,True,True
manuscript_final_20260712T175251Z_c664ef152ff3,c664ef152ff3a9eef89c53a403b9c2e6f677340bea0307b02d97d07cc54bdfc3,no_salary_hike_no_attrition,Age,50-59,protected_or_sensitive_descriptive_audit,137,30,True,precision,2.0,0.8888888888888888,27,10,True,True
manuscript_final_20260712T175251Z_c664ef152ff3,c664ef152ff3a9eef89c53a403b9c2e6f677340bea0307b02d97d07cc54bdfc3,no_salary_hike_no_attrition,Age,50-59,protected_or_sensitive_descriptive_audit,137,30,True,mean_predicted_probability,2.0,0.19589201578985982,137,30,True,True
manuscript_final_20260712T175251Z_c664ef152ff3,c664ef152ff3a9eef89c53a403b9c2e6f677340bea0307b02d97d07cc54bdfc3,no_salary_hike_no_attrition,Age,50-59,protected_or_sensitive_descriptive_audit,137,30,True,positive_prediction_rate,3.0,0.8029197080291971,137,30,True,True
manuscript_final_20260712T175251Z_c664ef152ff3,c664ef152ff3a9eef89c53a403b9c2e6f677340bea0307b02d97d07cc54bdfc3,no_salary_hike_no_attrition,Age,50-59,protected_or_sensitive_descriptive_audit,137,30,True,true_positive_rate,3.0,0.979381443298969,97,10,True,True
manuscript_final_20260712T175251Z_c664ef152ff3,c664ef152ff3a9eef89c53a403b9c2e6f677340bea0307b02d97d07cc54bdfc3,no_salary_hike_no_attrition,Age,50-59,protected_or_sensitive_descriptive_audit,137,30,True,false_positive_rate,3.0,0.375,40,10,True,True
manuscript_final_20260712T175251Z_c664ef152ff3,c664ef152ff3a9eef89c53a403b9c2e6f677340bea0307b02d97d07cc54bdfc3,no_salary_hike_no_attrition,Age,50-59,protected_or_sensitive_descriptive_audit,137,30,True,precision,3.0,0.8636363636363636,110,10,True,True
manuscript_final_20260712T175251Z_c664ef152ff3,c664ef152ff3a9eef89c53a403b9c2e6f677340bea0307b02d97d07cc54bdfc3,no_salary_hike_no_attrition,Age,50-59,protected_or_sensitive_descriptive_audit,137,30,True,mean_predicted_probability,3.0,0.7327077455111664,137,30,True,True
manuscript_final_20260712T175251Z_c664ef152ff3,c664ef152ff3a9eef89c53a403b9c2e6f677340bea0307b02d97d07cc54bdfc3,no_salary_hike_no_attrition,Age,50-59,protected_or_sensitive_descriptive_audit,137,30,True,positive_prediction_rate,4.0,0.0,137,30,True,True
manuscript_final_20260712T175251Z_c664ef152ff3,c664ef152ff3a9eef89c53a403b9c2e6f677340bea0307b02d97d07cc54bdfc3,no_salary_hike_no_attrition,Age,50-59,protected_or_sensitive_descriptive_audit,137,30,True,true_positive_rate,4.0,0.0,14,10,True,True
manuscript_final_20260712T175251Z_c664ef152ff3,c664ef152ff3a9eef89c53a403b9c2e6f677340bea0307b02d97d07cc54bdfc3,no_salary_hike_no_attrition,Age,50-59,protected_or_sensitive_descriptive_audit,137,30,True,false_positive_rate,4.0,0.0,123,10,True,True
manuscript_final_20260712T175251Z_c664ef152ff3,c664ef152ff3a9eef89c53a403b9c2e6f677340bea0307b02d97d07cc54bdfc3,no_salary_hike_no_attrition,Age,50-59,protected_or_sensitive_descriptive_audit,137,30,True,precision,4.0,,0,10,False,False
manuscript_final_20260712T175251Z_c664ef152ff3,c664ef152ff3a9eef89c53a403b9c2e6f677340bea0307b02d97d07cc54bdfc3,no_salary_hike_no_attrition,Age,50-59,protected_or_sensitive_descriptive_audit,137,30,True,mean_predicted_probability,4.0,0.07140024364067676,137,30,True,True
manuscript_final_20260712T175251Z_c664ef152ff3,c664ef152ff3a9eef89c53a403b9c2e6f677340bea0307b02d97d07cc54bdfc3,no_salary_hike_no_attrition,Age,60+,protected_or_sensitive_descriptive_audit,3,30,False,accuracy,,0.3333333333333333,3,30,False,False
manuscript_final_20260712T175251Z_c664ef152ff3,c664ef152ff3a9eef89c53a403b9c2e6f677340bea0307b02d97d07cc54bdfc3,no_salary_hike_no_attrition,Age,60+,protected_or_sensitive_descriptive_audit,3,30,False,macro_f1,,0.16666666666666666,3,30,False,False
manuscript_final_20260712T175251Z_c664ef152ff3,c664ef152ff3a9eef89c53a403b9c2e6f677340bea0307b02d97d07cc54bdfc3,no_salary_hike_no_attrition,Age,60+,protected_or_sensitive_descriptive_audit,3,30,False,positive_prediction_rate,2.0,0.3333333333333333,3,30,False,False
manuscript_final_20260712T175251Z_c664ef152ff3,c664ef152ff3a9eef89c53a403b9c2e6f677340bea0307b02d97d07cc54bdfc3,no_salary_hike_no_attrition,Age,60+,protected_or_sensitive_descriptive_audit,3,30,False,true_positive_rate,2.0,,0,10,False,False
manuscript_final_20260712T175251Z_c664ef152ff3,c664ef152ff3a9eef89c53a403b9c2e6f677340bea0307b02d97d07cc54bdfc3,no_salary_hike_no_attrition,Age,60+,protected_or_sensitive_descriptive_audit,3,30,False,false_positive_rate,2.0,0.3333333333333333,3,10,False,False
manuscript_final_20260712T175251Z_c664ef152ff3,c664ef152ff3a9eef89c53a403b9c2e6f677340bea0307b02d97d07cc54bdfc3,no_salary_hike_no_attrition,Age,60+,protected_or_sensitive_descriptive_audit,3,30,False,precision,2.0,0.0,1,10,False,False
manuscript_final_20260712T175251Z_c664ef152ff3,c664ef152ff3a9eef89c53a403b9c2e6f677340bea0307b02d97d07cc54bdfc3,no_salary_hike_no_attrition,Age,60+,protected_or_sensitive_descriptive_audit,3,30,False,mean_predicted_probability,2.0,0.3937095248353823,3,30,False,False
manuscript_final_20260712T175251Z_c664ef152ff3,c664ef152ff3a9eef89c53a403b9c2e6f677340bea0307b02d97d07cc54bdfc3,no_salary_hike_no_attrition,Age,60+,protected_or_sensitive_descriptive_audit,3,30,False,positive_prediction_rate,3.0,0.6666666666666666,3,30,False,False
manuscript_final_20260712T175251Z_c664ef152ff3,c664ef152ff3a9eef89c53a403b9c2e6f677340bea0307b02d97d07cc54bdfc3,no_salary_hike_no_attrition,Age,60+,protected_or_sensitive_descriptive_audit,3,30,False,true_positive_rate,3.0,0.5,2,10,False,False
manuscript_final_20260712T175251Z_c664ef152ff3,c664ef152ff3a9eef89c53a403b9c2e6f677340bea0307b02d97d07cc54bdfc3,no_salary_hike_no_attrition,Age,60+,protected_or_sensitive_descriptive_audit,3,30,False,false_positive_rate,3.0,1.0,1,10,False,False
manuscript_final_20260712T175251Z_c664ef152ff3,c664ef152ff3a9eef89c53a403b9c2e6f677340bea0307b02d97d07cc54bdfc3,no_salary_hike_no_attrition,Age,60+,protected_or_sensitive_descriptive_audit,3,30,False,precision,3.0,0.5,2,10,False,False
manuscript_final_20260712T175251Z_c664ef152ff3,c664ef152ff3a9eef89c53a403b9c2e6f677340bea0307b02d97d07cc54bdfc3,no_salary_hike_no_attrition,Age,60+,protected_or_sensitive_descriptive_audit,3,30,False,mean_predicted_probability,3.0,0.5690682878096899,3,30,False,False
manuscript_final_20260712T175251Z_c664ef152ff3,c664ef152ff3a9eef89c53a403b9c2e6f677340bea0307b02d97d07cc54bdfc3,no_salary_hike_no_attrition,Age,60+,protected_or_sensitive_descriptive_audit,3,30,False,positive_prediction_rate,4.0,0.0,3,30,False,False
manuscript_final_20260712T175251Z_c664ef152ff3,c664ef152ff3a9eef89c53a403b9c2e6f677340bea0307b02d97d07cc54bdfc3,no_salary_hike_no_attrition,Age,60+,protected_or_sensitive_descriptive_audit,3,30,False,true_positive_rate,4.0,0.0,1,10,False,False
manuscript_final_20260712T175251Z_c664ef152ff3,c664ef152ff3a9eef89c53a403b9c2e6f677340bea0307b02d97d07cc54bdfc3,no_salary_hike_no_attrition,Age,60+,protected_or_sensitive_descriptive_audit,3,30,False,false_positive_rate,4.0,0.0,2,10,False,False
manuscript_final_20260712T175251Z_c664ef152ff3,c664ef152ff3a9eef89c53a403b9c2e6f677340bea0307b02d97d07cc54bdfc3,no_salary_hike_no_attrition,Age,60+,protected_or_sensitive_descriptive_audit,3,30,False,precision,4.0,,0,10,False,False
manuscript_final_20260712T175251Z_c664ef152ff3,c664ef152ff3a9eef89c53a403b9c2e6f677340bea0307b02d97d07cc54bdfc3,no_salary_hike_no_attrition,Age,60+,protected_or_sensitive_descriptive_audit,3,30,False,mean_predicted_probability,4.0,0.03722217453954121,3,30,False,False
manuscript_final_20260712T175251Z_c664ef152ff3,c664ef152ff3a9eef89c53a403b9c2e6f677340bea0307b02d97d07cc54bdfc3,no_salary_hike_no_attrition,Gender,Female,protected_or_sensitive_descriptive_audit,475,30,True,accuracy,,0.8694736842105263,475,30,True,True
manuscript_final_20260712T175251Z_c664ef152ff3,c664ef152ff3a9eef89c53a403b9c2e6f677340bea0307b02d97d07cc54bdfc3,no_salary_hike_no_attrition,Gender,Female,protected_or_sensitive_descriptive_audit,475,30,True,macro_f1,,0.6128526924788608,475,30,True,True
manuscript_final_20260712T175251Z_c664ef152ff3,c664ef152ff3a9eef89c53a403b9c2e6f677340bea0307b02d97d07cc54bdfc3,no_salary_hike_no_attrition,Gender,Female,protected_or_sensitive_descriptive_audit,475,30,True,positive_prediction_rate,2.0,0.15789473684210525,475,30,True,True
manuscript_final_20260712T175251Z_c664ef152ff3,c664ef152ff3a9eef89c53a403b9c2e6f677340bea0307b02d97d07cc54bdfc3,no_salary_hike_no_attrition,Gender,Female,protected_or_sensitive_descriptive_audit,475,30,True,true_positive_rate,2.0,0.92,75,10,True,True
manuscript_final_20260712T175251Z_c664ef152ff3,c664ef152ff3a9eef89c53a403b9c2e6f677340bea0307b02d97d07cc54bdfc3,no_salary_hike_no_attrition,Gender,Female,protected_or_sensitive_descriptive_audit,475,30,True,false_positive_rate,2.0,0.015,400,10,True,True
manuscript_final_20260712T175251Z_c664ef152ff3,c664ef152ff3a9eef89c53a403b9c2e6f677340bea0307b02d97d07cc54bdfc3,no_salary_hike_no_attrition,Gender,Female,protected_or_sensitive_descriptive_audit,475,30,True,precision,2.0,0.92,75,10,True,True
manuscript_final_20260712T175251Z_c664ef152ff3,c664ef152ff3a9eef89c53a403b9c2e6f677340bea0307b02d97d07cc54bdfc3,no_salary_hike_no_attrition,Gender,Female,protected_or_sensitive_descriptive_audit,475,30,True,mean_predicted_probability,2.0,0.15368430072591813,475,30,True,True
manuscript_final_20260712T175251Z_c664ef152ff3,c664ef152ff3a9eef89c53a403b9c2e6f677340bea0307b02d97d07cc54bdfc3,no_salary_hike_no_attrition,Gender,Female,protected_or_sensitive_descriptive_audit,475,30,True,positive_prediction_rate,3.0,0.8421052631578947,475,30,True,True
manuscript_final_20260712T175251Z_c664ef152ff3,c664ef152ff3a9eef89c53a403b9c2e6f677340bea0307b02d97d07cc54bdfc3,no_salary_hike_no_attrition,Gender,Female,protected_or_sensitive_descriptive_audit,475,30,True,true_positive_rate,3.0,0.9856733524355301,349,10,True,True
manuscript_final_20260712T175251Z_c664ef152ff3,c664ef152ff3a9eef89c53a403b9c2e6f677340bea0307b02d97d07cc54bdfc3,no_salary_hike_no_attrition,Gender,Female,protected_or_sensitive_descriptive_audit,475,30,True,false_positive_rate,3.0,0.4444444444444444,126,10,True,True
manuscript_final_20260712T175251Z_c664ef152ff3,c664ef152ff3a9eef89c53a403b9c2e6f677340bea0307b02d97d07cc54bdfc3,no_salary_hike_no_attrition,Gender,Female,protected_or_sensitive_descriptive_audit,475,30,True,precision,3.0,0.86,400,10,True,True
manuscript_final_20260712T175251Z_c664ef152ff3,c664ef152ff3a9eef89c53a403b9c2e6f677340bea0307b02d97d07cc54bdfc3,no_salary_hike_no_attrition,Gender,Female,protected_or_sensitive_descriptive_audit,475,30,True,mean_predicted_probability,3.0,0.7640407570177002,475,30,True,True
manuscript_final_20260712T175251Z_c664ef152ff3,c664ef152ff3a9eef89c53a403b9c2e6f677340bea0307b02d97d07cc54bdfc3,no_salary_hike_no_attrition,Gender,Female,protected_or_sensitive_descriptive_audit,475,30,True,positive_prediction_rate,4.0,0.0,475,30,True,True
manuscript_final_20260712T175251Z_c664ef152ff3,c664ef152ff3a9eef89c53a403b9c2e6f677340bea0307b02d97d07cc54bdfc3,no_salary_hike_no_attrition,Gender,Female,protected_or_sensitive_descriptive_audit,475,30,True,true_positive_rate,4.0,0.0,51,10,True,True
manuscript_final_20260712T175251Z_c664ef152ff3,c664ef152ff3a9eef89c53a403b9c2e6f677340bea0307b02d97d07cc54bdfc3,no_salary_hike_no_attrition,Gender,Female,protected_or_sensitive_descriptive_audit,475,30,True,false_positive_rate,4.0,0.0,424,10,True,True
manuscript_final_20260712T175251Z_c664ef152ff3,c664ef152ff3a9eef89c53a403b9c2e6f677340bea0307b02d97d07cc54bdfc3,no_salary_hike_no_attrition,Gender,Female,protected_or_sensitive_descriptive_audit,475,30,True,precision,4.0,,0,10,False,False
manuscript_final_20260712T175251Z_c664ef152ff3,c664ef152ff3a9eef89c53a403b9c2e6f677340bea0307b02d97d07cc54bdfc3,no_salary_hike_no_attrition,Gender,Female,protected_or_sensitive_descriptive_audit,475,30,True,mean_predicted_probability,4.0,0.08227494078345204,475,30,True,True
manuscript_final_20260712T175251Z_c664ef152ff3,c664ef152ff3a9eef89c53a403b9c2e6f677340bea0307b02d97d07cc54bdfc3,no_salary_hike_no_attrition,Gender,Male,protected_or_sensitive_descriptive_audit,725,30,True,accuracy,,0.8441379310344828,725,30,True,True
manuscript_final_20260712T175251Z_c664ef152ff3,c664ef152ff3a9eef89c53a403b9c2e6f677340bea0307b02d97d07cc54bdfc3,no_salary_hike_no_attrition,Gender,Male,protected_or_sensitive_descriptive_audit,725,30,True,macro_f1,,0.5976134119817823,725,30,True,True
manuscript_final_20260712T175251Z_c664ef152ff3,c664ef152ff3a9eef89c53a403b9c2e6f677340bea0307b02d97d07cc54bdfc3,no_salary_hike_no_attrition,Gender,Male,protected_or_sensitive_descriptive_audit,725,30,True,positive_prediction_rate,2.0,0.1724137931034483,725,30,True,True
manuscript_final_20260712T175251Z_c664ef152ff3,c664ef152ff3a9eef89c53a403b9c2e6f677340bea0307b02d97d07cc54bdfc3,no_salary_hike_no_attrition,Gender,Male,protected_or_sensitive_descriptive_audit,725,30,True,true_positive_rate,2.0,0.8907563025210085,119,10,True,True
manuscript_final_20260712T175251Z_c664ef152ff3,c664ef152ff3a9eef89c53a403b9c2e6f677340bea0307b02d97d07cc54bdfc3,no_salary_hike_no_attrition,Gender,Male,protected_or_sensitive_descriptive_audit,725,30,True,false_positive_rate,2.0,0.03135313531353135,606,10,True,True
manuscript_final_20260712T175251Z_c664ef152ff3,c664ef152ff3a9eef89c53a403b9c2e6f677340bea0307b02d97d07cc54bdfc3,no_salary_hike_no_attrition,Gender,Male,protected_or_sensitive_descriptive_audit,725,30,True,precision,2.0,0.848,125,10,True,True
manuscript_final_20260712T175251Z_c664ef152ff3,c664ef152ff3a9eef89c53a403b9c2e6f677340bea0307b02d97d07cc54bdfc3,no_salary_hike_no_attrition,Gender,Male,protected_or_sensitive_descriptive_audit,725,30,True,mean_predicted_probability,2.0,0.16548336461754434,725,30,True,True
manuscript_final_20260712T175251Z_c664ef152ff3,c664ef152ff3a9eef89c53a403b9c2e6f677340bea0307b02d97d07cc54bdfc3,no_salary_hike_no_attrition,Gender,Male,protected_or_sensitive_descriptive_audit,725,30,True,positive_prediction_rate,3.0,0.8234482758620689,725,30,True,True
manuscript_final_20260712T175251Z_c664ef152ff3,c664ef152ff3a9eef89c53a403b9c2e6f677340bea0307b02d97d07cc54bdfc3,no_salary_hike_no_attrition,Gender,Male,protected_or_sensitive_descriptive_audit,725,30,True,true_positive_rate,3.0,0.9619047619047619,525,10,True,True
manuscript_final_20260712T175251Z_c664ef152ff3,c664ef152ff3a9eef89c53a403b9c2e6f677340bea0307b02d97d07cc54bdfc3,no_salary_hike_no_attrition,Gender,Male,protected_or_sensitive_descriptive_audit,725,30,True,false_positive_rate,3.0,0.46,200,10,True,True
manuscript_final_20260712T175251Z_c664ef152ff3,c664ef152ff3a9eef89c53a403b9c2e6f677340bea0307b02d97d07cc54bdfc3,no_salary_hike_no_attrition,Gender,Male,protected_or_sensitive_descriptive_audit,725,30,True,precision,3.0,0.8458961474036851,597,10,True,True
manuscript_final_20260712T175251Z_c664ef152ff3,c664ef152ff3a9eef89c53a403b9c2e6f677340bea0307b02d97d07cc54bdfc3,no_salary_hike_no_attrition,Gender,Male,protected_or_sensitive_descriptive_audit,725,30,True,mean_predicted_probability,3.0,0.7458918629149939,725,30,True,True
manuscript_final_20260712T175251Z_c664ef152ff3,c664ef152ff3a9eef89c53a403b9c2e6f677340bea0307b02d97d07cc54bdfc3,no_salary_hike_no_attrition,Gender,Male,protected_or_sensitive_descriptive_audit,725,30,True,positive_prediction_rate,4.0,0.004137931034482759,725,30,True,True
manuscript_final_20260712T175251Z_c664ef152ff3,c664ef152ff3a9eef89c53a403b9c2e6f677340bea0307b02d97d07cc54bdfc3,no_salary_hike_no_attrition,Gender,Male,protected_or_sensitive_descriptive_audit,725,30,True,true_positive_rate,4.0,0.012345679012345678,81,10,True,True
manuscript_final_20260712T175251Z_c664ef152ff3,c664ef152ff3a9eef89c53a403b9c2e6f677340bea0307b02d97d07cc54bdfc3,no_salary_hike_no_attrition,Gender,Male,protected_or_sensitive_descriptive_audit,725,30,True,false_positive_rate,4.0,0.003105590062111801,644,10,True,True
manuscript_final_20260712T175251Z_c664ef152ff3,c664ef152ff3a9eef89c53a403b9c2e6f677340bea0307b02d97d07cc54bdfc3,no_salary_hike_no_attrition,Gender,Male,protected_or_sensitive_descriptive_audit,725,30,True,precision,4.0,0.3333333333333333,3,10,False,False
manuscript_final_20260712T175251Z_c664ef152ff3,c664ef152ff3a9eef89c53a403b9c2e6f677340bea0307b02d97d07cc54bdfc3,no_salary_hike_no_attrition,Gender,Male,protected_or_sensitive_descriptive_audit,725,30,True,mean_predicted_probability,4.0,0.08862477368048938,725,30,True,True
manuscript_final_20260712T175251Z_c664ef152ff3,c664ef152ff3a9eef89c53a403b9c2e6f677340bea0307b02d97d07cc54bdfc3,no_salary_hike_no_attrition,MaritalStatus,Divorced,protected_or_sensitive_descriptive_audit,268,30,True,accuracy,,0.8694029850746269,268,30,True,True
manuscript_final_20260712T175251Z_c664ef152ff3,c664ef152ff3a9eef89c53a403b9c2e6f677340bea0307b02d97d07cc54bdfc3,no_salary_hike_no_attrition,MaritalStatus,Divorced,protected_or_sensitive_descriptive_audit,268,30,True,macro_f1,,0.6019958780778826,268,30,True,True
manuscript_final_20260712T175251Z_c664ef152ff3,c664ef152ff3a9eef89c53a403b9c2e6f677340bea0307b02d97d07cc54bdfc3,no_salary_hike_no_attrition,MaritalStatus,Divorced,protected_or_sensitive_descriptive_audit,268,30,True,positive_prediction_rate,2.0,0.12313432835820895,268,30,True,True
manuscript_final_20260712T175251Z_c664ef152ff3,c664ef152ff3a9eef89c53a403b9c2e6f677340bea0307b02d97d07cc54bdfc3,no_salary_hike_no_attrition,MaritalStatus,Divorced,protected_or_sensitive_descriptive_audit,268,30,True,true_positive_rate,2.0,0.8378378378378378,37,10,True,True
manuscript_final_20260712T175251Z_c664ef152ff3,c664ef152ff3a9eef89c53a403b9c2e6f677340bea0307b02d97d07cc54bdfc3,no_salary_hike_no_attrition,MaritalStatus,Divorced,protected_or_sensitive_descriptive_audit,268,30,True,false_positive_rate,2.0,0.008658008658008658,231,10,True,True
manuscript_final_20260712T175251Z_c664ef152ff3,c664ef152ff3a9eef89c53a403b9c2e6f677340bea0307b02d97d07cc54bdfc3,no_salary_hike_no_attrition,MaritalStatus,Divorced,protected_or_sensitive_descriptive_audit,268,30,True,precision,2.0,0.9393939393939394,33,10,True,True
manuscript_final_20260712T175251Z_c664ef152ff3,c664ef152ff3a9eef89c53a403b9c2e6f677340bea0307b02d97d07cc54bdfc3,no_salary_hike_no_attrition,MaritalStatus,Divorced,protected_or_sensitive_descriptive_audit,268,30,True,mean_predicted_probability,2.0,0.12486208165234951,268,30,True,True
manuscript_final_20260712T175251Z_c664ef152ff3,c664ef152ff3a9eef89c53a403b9c2e6f677340bea0307b02d97d07cc54bdfc3,no_salary_hike_no_attrition,MaritalStatus,Divorced,protected_or_sensitive_descriptive_audit,268,30,True,positive_prediction_rate,3.0,0.8731343283582089,268,30,True,True
manuscript_final_20260712T175251Z_c664ef152ff3,c664ef152ff3a9eef89c53a403b9c2e6f677340bea0307b02d97d07cc54bdfc3,no_salary_hike_no_attrition,MaritalStatus,Divorced,protected_or_sensitive_descriptive_audit,268,30,True,true_positive_rate,3.0,0.9853658536585366,205,10,True,True
manuscript_final_20260712T175251Z_c664ef152ff3,c664ef152ff3a9eef89c53a403b9c2e6f677340bea0307b02d97d07cc54bdfc3,no_salary_hike_no_attrition,MaritalStatus,Divorced,protected_or_sensitive_descriptive_audit,268,30,True,false_positive_rate,3.0,0.5079365079365079,63,10,True,True
manuscript_final_20260712T175251Z_c664ef152ff3,c664ef152ff3a9eef89c53a403b9c2e6f677340bea0307b02d97d07cc54bdfc3,no_salary_hike_no_attrition,MaritalStatus,Divorced,protected_or_sensitive_descriptive_audit,268,30,True,precision,3.0,0.8632478632478633,234,10,True,True
manuscript_final_20260712T175251Z_c664ef152ff3,c664ef152ff3a9eef89c53a403b9c2e6f677340bea0307b02d97d07cc54bdfc3,no_salary_hike_no_attrition,MaritalStatus,Divorced,protected_or_sensitive_descriptive_audit,268,30,True,mean_predicted_probability,3.0,0.7813528535553991,268,30,True,True
manuscript_final_20260712T175251Z_c664ef152ff3,c664ef152ff3a9eef89c53a403b9c2e6f677340bea0307b02d97d07cc54bdfc3,no_salary_hike_no_attrition,MaritalStatus,Divorced,protected_or_sensitive_descriptive_audit,268,30,True,positive_prediction_rate,4.0,0.0037313432835820895,268,30,True,True
manuscript_final_20260712T175251Z_c664ef152ff3,c664ef152ff3a9eef89c53a403b9c2e6f677340bea0307b02d97d07cc54bdfc3,no_salary_hike_no_attrition,MaritalStatus,Divorced,protected_or_sensitive_descriptive_audit,268,30,True,true_positive_rate,4.0,0.0,26,10,True,True
manuscript_final_20260712T175251Z_c664ef152ff3,c664ef152ff3a9eef89c53a403b9c2e6f677340bea0307b02d97d07cc54bdfc3,no_salary_hike_no_attrition,MaritalStatus,Divorced,protected_or_sensitive_descriptive_audit,268,30,True,false_positive_rate,4.0,0.004132231404958678,242,10,True,True
manuscript_final_20260712T175251Z_c664ef152ff3,c664ef152ff3a9eef89c53a403b9c2e6f677340bea0307b02d97d07cc54bdfc3,no_salary_hike_no_attrition,MaritalStatus,Divorced,protected_or_sensitive_descriptive_audit,268,30,True,precision,4.0,0.0,1,10,False,False
manuscript_final_20260712T175251Z_c664ef152ff3,c664ef152ff3a9eef89c53a403b9c2e6f677340bea0307b02d97d07cc54bdfc3,no_salary_hike_no_attrition,MaritalStatus,Divorced,protected_or_sensitive_descriptive_audit,268,30,True,mean_predicted_probability,4.0,0.0937850622706977,268,30,True,True
manuscript_final_20260712T175251Z_c664ef152ff3,c664ef152ff3a9eef89c53a403b9c2e6f677340bea0307b02d97d07cc54bdfc3,no_salary_hike_no_attrition,MaritalStatus,Married,protected_or_sensitive_descriptive_audit,548,30,True,accuracy,,0.8594890510948905,548,30,True,True
manuscript_final_20260712T175251Z_c664ef152ff3,c664ef152ff3a9eef89c53a403b9c2e6f677340bea0307b02d97d07cc54bdfc3,no_salary_hike_no_attrition,MaritalStatus,Married,protected_or_sensitive_descriptive_audit,548,30,True,macro_f1,,0.6093607776746703,548,30,True,True
manuscript_final_20260712T175251Z_c664ef152ff3,c664ef152ff3a9eef89c53a403b9c2e6f677340bea0307b02d97d07cc54bdfc3,no_salary_hike_no_attrition,MaritalStatus,Married,protected_or_sensitive_descriptive_audit,548,30,True,positive_prediction_rate,2.0,0.19343065693430658,548,30,True,True
manuscript_final_20260712T175251Z_c664ef152ff3,c664ef152ff3a9eef89c53a403b9c2e6f677340bea0307b02d97d07cc54bdfc3,no_salary_hike_no_attrition,MaritalStatus,Married,protected_or_sensitive_descriptive_audit,548,30,True,true_positive_rate,2.0,0.91,100,10,True,True
manuscript_final_20260712T175251Z_c664ef152ff3,c664ef152ff3a9eef89c53a403b9c2e6f677340bea0307b02d97d07cc54bdfc3,no_salary_hike_no_attrition,MaritalStatus,Married,protected_or_sensitive_descriptive_audit,548,30,True,false_positive_rate,2.0,0.033482142857142856,448,10,True,True
manuscript_final_20260712T175251Z_c664ef152ff3,c664ef152ff3a9eef89c53a403b9c2e6f677340bea0307b02d97d07cc54bdfc3,no_salary_hike_no_attrition,MaritalStatus,Married,protected_or_sensitive_descriptive_audit,548,30,True,precision,2.0,0.8584905660377359,106,10,True,True
manuscript_final_20260712T175251Z_c664ef152ff3,c664ef152ff3a9eef89c53a403b9c2e6f677340bea0307b02d97d07cc54bdfc3,no_salary_hike_no_attrition,MaritalStatus,Married,protected_or_sensitive_descriptive_audit,548,30,True,mean_predicted_probability,2.0,0.18436616184888832,548,30,True,True
manuscript_final_20260712T175251Z_c664ef152ff3,c664ef152ff3a9eef89c53a403b9c2e6f677340bea0307b02d97d07cc54bdfc3,no_salary_hike_no_attrition,MaritalStatus,Married,protected_or_sensitive_descriptive_audit,548,30,True,positive_prediction_rate,3.0,0.8047445255474452,548,30,True,True
manuscript_final_20260712T175251Z_c664ef152ff3,c664ef152ff3a9eef89c53a403b9c2e6f677340bea0307b02d97d07cc54bdfc3,no_salary_hike_no_attrition,MaritalStatus,Married,protected_or_sensitive_descriptive_audit,548,30,True,true_positive_rate,3.0,0.9643765903307888,393,10,True,True
manuscript_final_20260712T175251Z_c664ef152ff3,c664ef152ff3a9eef89c53a403b9c2e6f677340bea0307b02d97d07cc54bdfc3,no_salary_hike_no_attrition,MaritalStatus,Married,protected_or_sensitive_descriptive_audit,548,30,True,false_positive_rate,3.0,0.4,155,10,True,True
manuscript_final_20260712T175251Z_c664ef152ff3,c664ef152ff3a9eef89c53a403b9c2e6f677340bea0307b02d97d07cc54bdfc3,no_salary_hike_no_attrition,MaritalStatus,Married,protected_or_sensitive_descriptive_audit,548,30,True,precision,3.0,0.8594104308390023,441,10,True,True
manuscript_final_20260712T175251Z_c664ef152ff3,c664ef152ff3a9eef89c53a403b9c2e6f677340bea0307b02d97d07cc54bdfc3,no_salary_hike_no_attrition,MaritalStatus,Married,protected_or_sensitive_descriptive_audit,548,30,True,mean_predicted_probability,3.0,0.7339701706791691,548,30,True,True
manuscript_final_20260712T175251Z_c664ef152ff3,c664ef152ff3a9eef89c53a403b9c2e6f677340bea0307b02d97d07cc54bdfc3,no_salary_hike_no_attrition,MaritalStatus,Married,protected_or_sensitive_descriptive_audit,548,30,True,positive_prediction_rate,4.0,0.0018248175182481751,548,30,True,True
manuscript_final_20260712T175251Z_c664ef152ff3,c664ef152ff3a9eef89c53a403b9c2e6f677340bea0307b02d97d07cc54bdfc3,no_salary_hike_no_attrition,MaritalStatus,Married,protected_or_sensitive_descriptive_audit,548,30,True,true_positive_rate,4.0,0.01818181818181818,55,10,True,True
manuscript_final_20260712T175251Z_c664ef152ff3,c664ef152ff3a9eef89c53a403b9c2e6f677340bea0307b02d97d07cc54bdfc3,no_salary_hike_no_attrition,MaritalStatus,Married,protected_or_sensitive_descriptive_audit,548,30,True,false_positive_rate,4.0,0.0,493,10,True,True
manuscript_final_20260712T175251Z_c664ef152ff3,c664ef152ff3a9eef89c53a403b9c2e6f677340bea0307b02d97d07cc54bdfc3,no_salary_hike_no_attrition,MaritalStatus,Married,protected_or_sensitive_descriptive_audit,548,30,True,precision,4.0,1.0,1,10,False,False
manuscript_final_20260712T175251Z_c664ef152ff3,c664ef152ff3a9eef89c53a403b9c2e6f677340bea0307b02d97d07cc54bdfc3,no_salary_hike_no_attrition,MaritalStatus,Married,protected_or_sensitive_descriptive_audit,548,30,True,mean_predicted_probability,4.0,0.08166366891969883,548,30,True,True
manuscript_final_20260712T175251Z_c664ef152ff3,c664ef152ff3a9eef89c53a403b9c2e6f677340bea0307b02d97d07cc54bdfc3,no_salary_hike_no_attrition,MaritalStatus,Single,protected_or_sensitive_descriptive_audit,384,30,True,accuracy,,0.8359375,384,30,True,True
manuscript_final_20260712T175251Z_c664ef152ff3,c664ef152ff3a9eef89c53a403b9c2e6f677340bea0307b02d97d07cc54bdfc3,no_salary_hike_no_attrition,MaritalStatus,Single,protected_or_sensitive_descriptive_audit,384,30,True,macro_f1,,0.5982087183266255,384,30,True,True
manuscript_final_20260712T175251Z_c664ef152ff3,c664ef152ff3a9eef89c53a403b9c2e6f677340bea0307b02d97d07cc54bdfc3,no_salary_hike_no_attrition,MaritalStatus,Single,protected_or_sensitive_descriptive_audit,384,30,True,positive_prediction_rate,2.0,0.15885416666666666,384,30,True,True
manuscript_final_20260712T175251Z_c664ef152ff3,c664ef152ff3a9eef89c53a403b9c2e6f677340bea0307b02d97d07cc54bdfc3,no_salary_hike_no_attrition,MaritalStatus,Single,protected_or_sensitive_descriptive_audit,384,30,True,true_positive_rate,2.0,0.9298245614035088,57,10,True,True
manuscript_final_20260712T175251Z_c664ef152ff3,c664ef152ff3a9eef89c53a403b9c2e6f677340bea0307b02d97d07cc54bdfc3,no_salary_hike_no_attrition,MaritalStatus,Single,protected_or_sensitive_descriptive_audit,384,30,True,false_positive_rate,2.0,0.024464831804281346,327,10,True,True
manuscript_final_20260712T175251Z_c664ef152ff3,c664ef152ff3a9eef89c53a403b9c2e6f677340bea0307b02d97d07cc54bdfc3,no_salary_hike_no_attrition,MaritalStatus,Single,protected_or_sensitive_descriptive_audit,384,30,True,precision,2.0,0.8688524590163934,61,10,True,True
manuscript_final_20260712T175251Z_c664ef152ff3,c664ef152ff3a9eef89c53a403b9c2e6f677340bea0307b02d97d07cc54bdfc3,no_salary_hike_no_attrition,MaritalStatus,Single,protected_or_sensitive_descriptive_audit,384,30,True,mean_predicted_probability,2.0,0.1522911135846622,384,30,True,True
manuscript_final_20260712T175251Z_c664ef152ff3,c664ef152ff3a9eef89c53a403b9c2e6f677340bea0307b02d97d07cc54bdfc3,no_salary_hike_no_attrition,MaritalStatus,Single,protected_or_sensitive_descriptive_audit,384,30,True,positive_prediction_rate,3.0,0.8385416666666666,384,30,True,True
manuscript_final_20260712T175251Z_c664ef152ff3,c664ef152ff3a9eef89c53a403b9c2e6f677340bea0307b02d97d07cc54bdfc3,no_salary_hike_no_attrition,MaritalStatus,Single,protected_or_sensitive_descriptive_audit,384,30,True,true_positive_rate,3.0,0.9710144927536232,276,10,True,True
manuscript_final_20260712T175251Z_c664ef152ff3,c664ef152ff3a9eef89c53a403b9c2e6f677340bea0307b02d97d07cc54bdfc3,no_salary_hike_no_attrition,MaritalStatus,Single,protected_or_sensitive_descriptive_audit,384,30,True,false_positive_rate,3.0,0.5,108,10,True,True
manuscript_final_20260712T175251Z_c664ef152ff3,c664ef152ff3a9eef89c53a403b9c2e6f677340bea0307b02d97d07cc54bdfc3,no_salary_hike_no_attrition,MaritalStatus,Single,protected_or_sensitive_descriptive_audit,384,30,True,precision,3.0,0.8322981366459627,322,10,True,True
manuscript_final_20260712T175251Z_c664ef152ff3,c664ef152ff3a9eef89c53a403b9c2e6f677340bea0307b02d97d07cc54bdfc3,no_salary_hike_no_attrition,MaritalStatus,Single,protected_or_sensitive_descriptive_audit,384,30,True,mean_predicted_probability,3.0,0.7606060987285067,384,30,True,True
manuscript_final_20260712T175251Z_c664ef152ff3,c664ef152ff3a9eef89c53a403b9c2e6f677340bea0307b02d97d07cc54bdfc3,no_salary_hike_no_attrition,MaritalStatus,Single,protected_or_sensitive_descriptive_audit,384,30,True,positive_prediction_rate,4.0,0.0026041666666666665,384,30,True,True
manuscript_final_20260712T175251Z_c664ef152ff3,c664ef152ff3a9eef89c53a403b9c2e6f677340bea0307b02d97d07cc54bdfc3,no_salary_hike_no_attrition,MaritalStatus,Single,protected_or_sensitive_descriptive_audit,384,30,True,true_positive_rate,4.0,0.0,51,10,True,True
manuscript_final_20260712T175251Z_c664ef152ff3,c664ef152ff3a9eef89c53a403b9c2e6f677340bea0307b02d97d07cc54bdfc3,no_salary_hike_no_attrition,MaritalStatus,Single,protected_or_sensitive_descriptive_audit,384,30,True,false_positive_rate,4.0,0.003003003003003003,333,10,True,True
manuscript_final_20260712T175251Z_c664ef152ff3,c664ef152ff3a9eef89c53a403b9c2e6f677340bea0307b02d97d07cc54bdfc3,no_salary_hike_no_attrition,MaritalStatus,Single,protected_or_sensitive_descriptive_audit,384,30,True,precision,4.0,0.0,1,10,False,False
manuscript_final_20260712T175251Z_c664ef152ff3,c664ef152ff3a9eef89c53a403b9c2e6f677340bea0307b02d97d07cc54bdfc3,no_salary_hike_no_attrition,MaritalStatus,Single,protected_or_sensitive_descriptive_audit,384,30,True,mean_predicted_probability,4.0,0.08710278784883485,384,30,True,True
manuscript_final_20260712T175251Z_c664ef152ff3,c664ef152ff3a9eef89c53a403b9c2e6f677340bea0307b02d97d07cc54bdfc3,no_salary_hike_no_attrition,EmpDepartment,Data Science,exploratory_operational_subgroup_diagnostic,20,30,False,accuracy,,0.8,20,30,False,False
manuscript_final_20260712T175251Z_c664ef152ff3,c664ef152ff3a9eef89c53a403b9c2e6f677340bea0307b02d97d07cc54bdfc3,no_salary_hike_no_attrition,EmpDepartment,Data Science,exploratory_operational_subgroup_diagnostic,20,30,False,macro_f1,,0.46078431372549017,20,30,False,False
manuscript_final_20260712T175251Z_c664ef152ff3,c664ef152ff3a9eef89c53a403b9c2e6f677340bea0307b02d97d07cc54bdfc3,no_salary_hike_no_attrition,EmpDepartment,Data Science,exploratory_operational_subgroup_diagnostic,20,30,False,positive_prediction_rate,2.0,0.15,20,30,False,False
manuscript_final_20260712T175251Z_c664ef152ff3,c664ef152ff3a9eef89c53a403b9c2e6f677340bea0307b02d97d07cc54bdfc3,no_salary_hike_no_attrition,EmpDepartment,Data Science,exploratory_operational_subgroup_diagnostic,20,30,False,true_positive_rate,2.0,1.0,1,10,False,False
manuscript_final_20260712T175251Z_c664ef152ff3,c664ef152ff3a9eef89c53a403b9c2e6f677340bea0307b02d97d07cc54bdfc3,no_salary_hike_no_attrition,EmpDepartment,Data Science,exploratory_operational_subgroup_diagnostic,20,30,False,false_positive_rate,2.0,0.10526315789473684,19,10,True,False
manuscript_final_20260712T175251Z_c664ef152ff3,c664ef152ff3a9eef89c53a403b9c2e6f677340bea0307b02d97d07cc54bdfc3,no_salary_hike_no_attrition,EmpDepartment,Data Science,exploratory_operational_subgroup_diagnostic,20,30,False,precision,2.0,0.3333333333333333,3,10,False,False
manuscript_final_20260712T175251Z_c664ef152ff3,c664ef152ff3a9eef89c53a403b9c2e6f677340bea0307b02d97d07cc54bdfc3,no_salary_hike_no_attrition,EmpDepartment,Data Science,exploratory_operational_subgroup_diagnostic,20,30,False,mean_predicted_probability,2.0,0.13758454119306407,20,30,False,False
manuscript_final_20260712T175251Z_c664ef152ff3,c664ef152ff3a9eef89c53a403b9c2e6f677340bea0307b02d97d07cc54bdfc3,no_salary_hike_no_attrition,EmpDepartment,Data Science,exploratory_operational_subgroup_diagnostic,20,30,False,positive_prediction_rate,3.0,0.85,20,30,False,False
manuscript_final_20260712T175251Z_c664ef152ff3,c664ef152ff3a9eef89c53a403b9c2e6f677340bea0307b02d97d07cc54bdfc3,no_salary_hike_no_attrition,EmpDepartment,Data Science,exploratory_operational_subgroup_diagnostic,20,30,False,true_positive_rate,3.0,0.8823529411764706,17,10,True,False
manuscript_final_20260712T175251Z_c664ef152ff3,c664ef152ff3a9eef89c53a403b9c2e6f677340bea0307b02d97d07cc54bdfc3,no_salary_hike_no_attrition,EmpDepartment,Data Science,exploratory_operational_subgroup_diagnostic,20,30,False,false_positive_rate,3.0,0.6666666666666666,3,10,False,False
manuscript_final_20260712T175251Z_c664ef152ff3,c664ef152ff3a9eef89c53a403b9c2e6f677340bea0307b02d97d07cc54bdfc3,no_salary_hike_no_attrition,EmpDepartment,Data Science,exploratory_operational_subgroup_diagnostic,20,30,False,precision,3.0,0.8823529411764706,17,10,True,False
manuscript_final_20260712T175251Z_c664ef152ff3,c664ef152ff3a9eef89c53a403b9c2e6f677340bea0307b02d97d07cc54bdfc3,no_salary_hike_no_attrition,EmpDepartment,Data Science,exploratory_operational_subgroup_diagnostic,20,30,False,mean_predicted_probability,3.0,0.805635716021061,20,30,False,False
manuscript_final_20260712T175251Z_c664ef152ff3,c664ef152ff3a9eef89c53a403b9c2e6f677340bea0307b02d97d07cc54bdfc3,no_salary_hike_no_attrition,EmpDepartment,Data Science,exploratory_operational_subgroup_diagnostic,20,30,False,positive_prediction_rate,4.0,0.0,20,30,False,False
manuscript_final_20260712T175251Z_c664ef152ff3,c664ef152ff3a9eef89c53a403b9c2e6f677340bea0307b02d97d07cc54bdfc3,no_salary_hike_no_attrition,EmpDepartment,Data Science,exploratory_operational_subgroup_diagnostic,20,30,False,true_positive_rate,4.0,0.0,2,10,False,False
manuscript_final_20260712T175251Z_c664ef152ff3,c664ef152ff3a9eef89c53a403b9c2e6f677340bea0307b02d97d07cc54bdfc3,no_salary_hike_no_attrition,EmpDepartment,Data Science,exploratory_operational_subgroup_diagnostic,20,30,False,false_positive_rate,4.0,0.0,18,10,True,False
manuscript_final_20260712T175251Z_c664ef152ff3,c664ef152ff3a9eef89c53a403b9c2e6f677340bea0307b02d97d07cc54bdfc3,no_salary_hike_no_attrition,EmpDepartment,Data Science,exploratory_operational_subgroup_diagnostic,20,30,False,precision,4.0,,0,10,False,False
manuscript_final_20260712T175251Z_c664ef152ff3,c664ef152ff3a9eef89c53a403b9c2e6f677340bea0307b02d97d07cc54bdfc3,no_salary_hike_no_attrition,EmpDepartment,Data Science,exploratory_operational_subgroup_diagnostic,20,30,False,mean_predicted_probability,4.0,0.05677973642596044,20,30,False,False
manuscript_final_20260712T175251Z_c664ef152ff3,c664ef152ff3a9eef89c53a403b9c2e6f677340bea0307b02d97d07cc54bdfc3,no_salary_hike_no_attrition,EmpDepartment,Development,exploratory_operational_subgroup_diagnostic,361,30,True,accuracy,,0.8310249307479224,361,30,True,True
manuscript_final_20260712T175251Z_c664ef152ff3,c664ef152ff3a9eef89c53a403b9c2e6f677340bea0307b02d97d07cc54bdfc3,no_salary_hike_no_attrition,EmpDepartment,Development,exploratory_operational_subgroup_diagnostic,361,30,True,macro_f1,,0.3725600149536703,361,30,True,True
manuscript_final_20260712T175251Z_c664ef152ff3,c664ef152ff3a9eef89c53a403b9c2e6f677340bea0307b02d97d07cc54bdfc3,no_salary_hike_no_attrition,EmpDepartment,Development,exploratory_operational_subgroup_diagnostic,361,30,True,positive_prediction_rate,2.0,0.01662049861495845,361,30,True,True
manuscript_final_20260712T175251Z_c664ef152ff3,c664ef152ff3a9eef89c53a403b9c2e6f677340bea0307b02d97d07cc54bdfc3,no_salary_hike_no_attrition,EmpDepartment,Development,exploratory_operational_subgroup_diagnostic,361,30,True,true_positive_rate,2.0,0.15384615384615385,13,10,True,True
manuscript_final_20260712T175251Z_c664ef152ff3,c664ef152ff3a9eef89c53a403b9c2e6f677340bea0307b02d97d07cc54bdfc3,no_salary_hike_no_attrition,EmpDepartment,Development,exploratory_operational_subgroup_diagnostic,361,30,True,false_positive_rate,2.0,0.011494252873563218,348,10,True,True
manuscript_final_20260712T175251Z_c664ef152ff3,c664ef152ff3a9eef89c53a403b9c2e6f677340bea0307b02d97d07cc54bdfc3,no_salary_hike_no_attrition,EmpDepartment,Development,exploratory_operational_subgroup_diagnostic,361,30,True,precision,2.0,0.3333333333333333,6,10,False,False
manuscript_final_20260712T175251Z_c664ef152ff3,c664ef152ff3a9eef89c53a403b9c2e6f677340bea0307b02d97d07cc54bdfc3,no_salary_hike_no_attrition,EmpDepartment,Development,exploratory_operational_subgroup_diagnostic,361,30,True,mean_predicted_probability,2.0,0.038177135510762274,361,30,True,True
manuscript_final_20260712T175251Z_c664ef152ff3,c664ef152ff3a9eef89c53a403b9c2e6f677340bea0307b02d97d07cc54bdfc3,no_salary_hike_no_attrition,EmpDepartment,Development,exploratory_operational_subgroup_diagnostic,361,30,True,positive_prediction_rate,3.0,0.9778393351800554,361,30,True,True
manuscript_final_20260712T175251Z_c664ef152ff3,c664ef152ff3a9eef89c53a403b9c2e6f677340bea0307b02d97d07cc54bdfc3,no_salary_hike_no_attrition,EmpDepartment,Development,exploratory_operational_subgroup_diagnostic,361,30,True,true_positive_rate,3.0,0.9802631578947368,304,10,True,True
manuscript_final_20260712T175251Z_c664ef152ff3,c664ef152ff3a9eef89c53a403b9c2e6f677340bea0307b02d97d07cc54bdfc3,no_salary_hike_no_attrition,EmpDepartment,Development,exploratory_operational_subgroup_diagnostic,361,30,True,false_positive_rate,3.0,0.9649122807017544,57,10,True,True
manuscript_final_20260712T175251Z_c664ef152ff3,c664ef152ff3a9eef89c53a403b9c2e6f677340bea0307b02d97d07cc54bdfc3,no_salary_hike_no_attrition,EmpDepartment,Development,exploratory_operational_subgroup_diagnostic,361,30,True,precision,3.0,0.8441926345609065,353,10,True,True
manuscript_final_20260712T175251Z_c664ef152ff3,c664ef152ff3a9eef89c53a403b9c2e6f677340bea0307b02d97d07cc54bdfc3,no_salary_hike_no_attrition,EmpDepartment,Development,exploratory_operational_subgroup_diagnostic,361,30,True,mean_predicted_probability,3.0,0.8674898084428502,361,30,True,True
manuscript_final_20260712T175251Z_c664ef152ff3,c664ef152ff3a9eef89c53a403b9c2e6f677340bea0307b02d97d07cc54bdfc3,no_salary_hike_no_attrition,EmpDepartment,Development,exploratory_operational_subgroup_diagnostic,361,30,True,positive_prediction_rate,4.0,0.00554016620498615,361,30,True,True
manuscript_final_20260712T175251Z_c664ef152ff3,c664ef152ff3a9eef89c53a403b9c2e6f677340bea0307b02d97d07cc54bdfc3,no_salary_hike_no_attrition,EmpDepartment,Development,exploratory_operational_subgroup_diagnostic,361,30,True,true_positive_rate,4.0,0.0,44,10,True,True
manuscript_final_20260712T175251Z_c664ef152ff3,c664ef152ff3a9eef89c53a403b9c2e6f677340bea0307b02d97d07cc54bdfc3,no_salary_hike_no_attrition,EmpDepartment,Development,exploratory_operational_subgroup_diagnostic,361,30,True,false_positive_rate,4.0,0.006309148264984227,317,10,True,True
manuscript_final_20260712T175251Z_c664ef152ff3,c664ef152ff3a9eef89c53a403b9c2e6f677340bea0307b02d97d07cc54bdfc3,no_salary_hike_no_attrition,EmpDepartment,Development,exploratory_operational_subgroup_diagnostic,361,30,True,precision,4.0,0.0,2,10,False,False
manuscript_final_20260712T175251Z_c664ef152ff3,c664ef152ff3a9eef89c53a403b9c2e6f677340bea0307b02d97d07cc54bdfc3,no_salary_hike_no_attrition,EmpDepartment,Development,exploratory_operational_subgroup_diagnostic,361,30,True,mean_predicted_probability,4.0,0.09433305621117488,361,30,True,True
manuscript_final_20260712T175251Z_c664ef152ff3,c664ef152ff3a9eef89c53a403b9c2e6f677340bea0307b02d97d07cc54bdfc3,no_salary_hike_no_attrition,EmpDepartment,Finance,exploratory_operational_subgroup_diagnostic,49,30,True,accuracy,,0.9183673469387755,49,30,True,True
manuscript_final_20260712T175251Z_c664ef152ff3,c664ef152ff3a9eef89c53a403b9c2e6f677340bea0307b02d97d07cc54bdfc3,no_salary_hike_no_attrition,EmpDepartment,Finance,exploratory_operational_subgroup_diagnostic,49,30,True,macro_f1,,0.6458333333333334,49,30,True,True
manuscript_final_20260712T175251Z_c664ef152ff3,c664ef152ff3a9eef89c53a403b9c2e6f677340bea0307b02d97d07cc54bdfc3,no_salary_hike_no_attrition,EmpDepartment,Finance,exploratory_operational_subgroup_diagnostic,49,30,True,positive_prediction_rate,2.0,0.30612244897959184,49,30,True,True
manuscript_final_20260712T175251Z_c664ef152ff3,c664ef152ff3a9eef89c53a403b9c2e6f677340bea0307b02d97d07cc54bdfc3,no_salary_hike_no_attrition,EmpDepartment,Finance,exploratory_operational_subgroup_diagnostic,49,30,True,true_positive_rate,2.0,1.0,15,10,True,True
manuscript_final_20260712T175251Z_c664ef152ff3,c664ef152ff3a9eef89c53a403b9c2e6f677340bea0307b02d97d07cc54bdfc3,no_salary_hike_no_attrition,EmpDepartment,Finance,exploratory_operational_subgroup_diagnostic,49,30,True,false_positive_rate,2.0,0.0,34,10,True,True
manuscript_final_20260712T175251Z_c664ef152ff3,c664ef152ff3a9eef89c53a403b9c2e6f677340bea0307b02d97d07cc54bdfc3,no_salary_hike_no_attrition,EmpDepartment,Finance,exploratory_operational_subgroup_diagnostic,49,30,True,precision,2.0,1.0,15,10,True,True
manuscript_final_20260712T175251Z_c664ef152ff3,c664ef152ff3a9eef89c53a403b9c2e6f677340bea0307b02d97d07cc54bdfc3,no_salary_hike_no_attrition,EmpDepartment,Finance,exploratory_operational_subgroup_diagnostic,49,30,True,mean_predicted_probability,2.0,0.2813475592809074,49,30,True,True
manuscript_final_20260712T175251Z_c664ef152ff3,c664ef152ff3a9eef89c53a403b9c2e6f677340bea0307b02d97d07cc54bdfc3,no_salary_hike_no_attrition,EmpDepartment,Finance,exploratory_operational_subgroup_diagnostic,49,30,True,positive_prediction_rate,3.0,0.6938775510204082,49,30,True,True
manuscript_final_20260712T175251Z_c664ef152ff3,c664ef152ff3a9eef89c53a403b9c2e6f677340bea0307b02d97d07cc54bdfc3,no_salary_hike_no_attrition,EmpDepartment,Finance,exploratory_operational_subgroup_diagnostic,49,30,True,true_positive_rate,3.0,1.0,30,10,True,True
manuscript_final_20260712T175251Z_c664ef152ff3,c664ef152ff3a9eef89c53a403b9c2e6f677340bea0307b02d97d07cc54bdfc3,no_salary_hike_no_attrition,EmpDepartment,Finance,exploratory_operational_subgroup_diagnostic,49,30,True,false_positive_rate,3.0,0.21052631578947367,19,10,True,True
manuscript_final_20260712T175251Z_c664ef152ff3,c664ef152ff3a9eef89c53a403b9c2e6f677340bea0307b02d97d07cc54bdfc3,no_salary_hike_no_attrition,EmpDepartment,Finance,exploratory_operational_subgroup_diagnostic,49,30,True,precision,3.0,0.8823529411764706,34,10,True,True
manuscript_final_20260712T175251Z_c664ef152ff3,c664ef152ff3a9eef89c53a403b9c2e6f677340bea0307b02d97d07cc54bdfc3,no_salary_hike_no_attrition,EmpDepartment,Finance,exploratory_operational_subgroup_diagnostic,49,30,True,mean_predicted_probability,3.0,0.6345827695438448,49,30,True,True
manuscript_final_20260712T175251Z_c664ef152ff3,c664ef152ff3a9eef89c53a403b9c2e6f677340bea0307b02d97d07cc54bdfc3,no_salary_hike_no_attrition,EmpDepartment,Finance,exploratory_operational_subgroup_diagnostic,49,30,True,positive_prediction_rate,4.0,0.0,49,30,True,True
manuscript_final_20260712T175251Z_c664ef152ff3,c664ef152ff3a9eef89c53a403b9c2e6f677340bea0307b02d97d07cc54bdfc3,no_salary_hike_no_attrition,EmpDepartment,Finance,exploratory_operational_subgroup_diagnostic,49,30,True,true_positive_rate,4.0,0.0,4,10,False,False
manuscript_final_20260712T175251Z_c664ef152ff3,c664ef152ff3a9eef89c53a403b9c2e6f677340bea0307b02d97d07cc54bdfc3,no_salary_hike_no_attrition,EmpDepartment,Finance,exploratory_operational_subgroup_diagnostic,49,30,True,false_positive_rate,4.0,0.0,45,10,True,True
manuscript_final_20260712T175251Z_c664ef152ff3,c664ef152ff3a9eef89c53a403b9c2e6f677340bea0307b02d97d07cc54bdfc3,no_salary_hike_no_attrition,EmpDepartment,Finance,exploratory_operational_subgroup_diagnostic,49,30,True,precision,4.0,,0,10,False,False
manuscript_final_20260712T175251Z_c664ef152ff3,c664ef152ff3a9eef89c53a403b9c2e6f677340bea0307b02d97d07cc54bdfc3,no_salary_hike_no_attrition,EmpDepartment,Finance,exploratory_operational_subgroup_diagnostic,49,30,True,mean_predicted_probability,4.0,0.08406966906017149,49,30,True,True
manuscript_final_20260712T175251Z_c664ef152ff3,c664ef152ff3a9eef89c53a403b9c2e6f677340bea0307b02d97d07cc54bdfc3,no_salary_hike_no_attrition,EmpDepartment,Human Resources,exploratory_operational_subgroup_diagnostic,54,30,True,accuracy,,0.8518518518518519,54,30,True,True
manuscript_final_20260712T175251Z_c664ef152ff3,c664ef152ff3a9eef89c53a403b9c2e6f677340bea0307b02d97d07cc54bdfc3,no_salary_hike_no_attrition,EmpDepartment,Human Resources,exploratory_operational_subgroup_diagnostic,54,30,True,macro_f1,,0.6008130081300813,54,30,True,True
manuscript_final_20260712T175251Z_c664ef152ff3,c664ef152ff3a9eef89c53a403b9c2e6f677340bea0307b02d97d07cc54bdfc3,no_salary_hike_no_attrition,EmpDepartment,Human Resources,exploratory_operational_subgroup_diagnostic,54,30,True,positive_prediction_rate,2.0,0.18518518518518517,54,30,True,True
manuscript_final_20260712T175251Z_c664ef152ff3,c664ef152ff3a9eef89c53a403b9c2e6f677340bea0307b02d97d07cc54bdfc3,no_salary_hike_no_attrition,EmpDepartment,Human Resources,exploratory_operational_subgroup_diagnostic,54,30,True,true_positive_rate,2.0,0.9,10,10,True,True
manuscript_final_20260712T175251Z_c664ef152ff3,c664ef152ff3a9eef89c53a403b9c2e6f677340bea0307b02d97d07cc54bdfc3,no_salary_hike_no_attrition,EmpDepartment,Human Resources,exploratory_operational_subgroup_diagnostic,54,30,True,false_positive_rate,2.0,0.022727272727272728,44,10,True,True
manuscript_final_20260712T175251Z_c664ef152ff3,c664ef152ff3a9eef89c53a403b9c2e6f677340bea0307b02d97d07cc54bdfc3,no_salary_hike_no_attrition,EmpDepartment,Human Resources,exploratory_operational_subgroup_diagnostic,54,30,True,precision,2.0,0.9,10,10,True,True
manuscript_final_20260712T175251Z_c664ef152ff3,c664ef152ff3a9eef89c53a403b9c2e6f677340bea0307b02d97d07cc54bdfc3,no_salary_hike_no_attrition,EmpDepartment,Human Resources,exploratory_operational_subgroup_diagnostic,54,30,True,mean_predicted_probability,2.0,0.17970185949687018,54,30,True,True
manuscript_final_20260712T175251Z_c664ef152ff3,c664ef152ff3a9eef89c53a403b9c2e6f677340bea0307b02d97d07cc54bdfc3,no_salary_hike_no_attrition,EmpDepartment,Human Resources,exploratory_operational_subgroup_diagnostic,54,30,True,positive_prediction_rate,3.0,0.8148148148148148,54,30,True,True
manuscript_final_20260712T175251Z_c664ef152ff3,c664ef152ff3a9eef89c53a403b9c2e6f677340bea0307b02d97d07cc54bdfc3,no_salary_hike_no_attrition,EmpDepartment,Human Resources,exploratory_operational_subgroup_diagnostic,54,30,True,true_positive_rate,3.0,0.9736842105263158,38,10,True,True
manuscript_final_20260712T175251Z_c664ef152ff3,c664ef152ff3a9eef89c53a403b9c2e6f677340bea0307b02d97d07cc54bdfc3,no_salary_hike_no_attrition,EmpDepartment,Human Resources,exploratory_operational_subgroup_diagnostic,54,30,True,false_positive_rate,3.0,0.4375,16,10,True,True
manuscript_final_20260712T175251Z_c664ef152ff3,c664ef152ff3a9eef89c53a403b9c2e6f677340bea0307b02d97d07cc54bdfc3,no_salary_hike_no_attrition,EmpDepartment,Human Resources,exploratory_operational_subgroup_diagnostic,54,30,True,precision,3.0,0.8409090909090909,44,10,True,True
manuscript_final_20260712T175251Z_c664ef152ff3,c664ef152ff3a9eef89c53a403b9c2e6f677340bea0307b02d97d07cc54bdfc3,no_salary_hike_no_attrition,EmpDepartment,Human Resources,exploratory_operational_subgroup_diagnostic,54,30,True,mean_predicted_probability,3.0,0.7300821226780061,54,30,True,True
manuscript_final_20260712T175251Z_c664ef152ff3,c664ef152ff3a9eef89c53a403b9c2e6f677340bea0307b02d97d07cc54bdfc3,no_salary_hike_no_attrition,EmpDepartment,Human Resources,exploratory_operational_subgroup_diagnostic,54,30,True,positive_prediction_rate,4.0,0.0,54,30,True,True
manuscript_final_20260712T175251Z_c664ef152ff3,c664ef152ff3a9eef89c53a403b9c2e6f677340bea0307b02d97d07cc54bdfc3,no_salary_hike_no_attrition,EmpDepartment,Human Resources,exploratory_operational_subgroup_diagnostic,54,30,True,true_positive_rate,4.0,0.0,6,10,False,False
manuscript_final_20260712T175251Z_c664ef152ff3,c664ef152ff3a9eef89c53a403b9c2e6f677340bea0307b02d97d07cc54bdfc3,no_salary_hike_no_attrition,EmpDepartment,Human Resources,exploratory_operational_subgroup_diagnostic,54,30,True,false_positive_rate,4.0,0.0,48,10,True,True
manuscript_final_20260712T175251Z_c664ef152ff3,c664ef152ff3a9eef89c53a403b9c2e6f677340bea0307b02d97d07cc54bdfc3,no_salary_hike_no_attrition,EmpDepartment,Human Resources,exploratory_operational_subgroup_diagnostic,54,30,True,precision,4.0,,0,10,False,False
manuscript_final_20260712T175251Z_c664ef152ff3,c664ef152ff3a9eef89c53a403b9c2e6f677340bea0307b02d97d07cc54bdfc3,no_salary_hike_no_attrition,EmpDepartment,Human Resources,exploratory_operational_subgroup_diagnostic,54,30,True,mean_predicted_probability,4.0,0.09021601374304199,54,30,True,True
manuscript_final_20260712T175251Z_c664ef152ff3,c664ef152ff3a9eef89c53a403b9c2e6f677340bea0307b02d97d07cc54bdfc3,no_salary_hike_no_attrition,EmpDepartment,Research & Development,exploratory_operational_subgroup_diagnostic,343,30,True,accuracy,,0.8658892128279884,343,30,True,True
manuscript_final_20260712T175251Z_c664ef152ff3,c664ef152ff3a9eef89c53a403b9c2e6f677340bea0307b02d97d07cc54bdfc3,no_salary_hike_no_attrition,EmpDepartment,Research & Development,exploratory_operational_subgroup_diagnostic,343,30,True,macro_f1,,0.6360501414992475,343,30,True,True
manuscript_final_20260712T175251Z_c664ef152ff3,c664ef152ff3a9eef89c53a403b9c2e6f677340bea0307b02d97d07cc54bdfc3,no_salary_hike_no_attrition,EmpDepartment,Research & Development,exploratory_operational_subgroup_diagnostic,343,30,True,positive_prediction_rate,2.0,0.20699708454810495,343,30,True,True
manuscript_final_20260712T175251Z_c664ef152ff3,c664ef152ff3a9eef89c53a403b9c2e6f677340bea0307b02d97d07cc54bdfc3,no_salary_hike_no_attrition,EmpDepartment,Research & Development,exploratory_operational_subgroup_diagnostic,343,30,True,true_positive_rate,2.0,0.9705882352941176,68,10,True,True
manuscript_final_20260712T175251Z_c664ef152ff3,c664ef152ff3a9eef89c53a403b9c2e6f677340bea0307b02d97d07cc54bdfc3,no_salary_hike_no_attrition,EmpDepartment,Research & Development,exploratory_operational_subgroup_diagnostic,343,30,True,false_positive_rate,2.0,0.01818181818181818,275,10,True,True
manuscript_final_20260712T175251Z_c664ef152ff3,c664ef152ff3a9eef89c53a403b9c2e6f677340bea0307b02d97d07cc54bdfc3,no_salary_hike_no_attrition,EmpDepartment,Research & Development,exploratory_operational_subgroup_diagnostic,343,30,True,precision,2.0,0.9295774647887324,71,10,True,True
manuscript_final_20260712T175251Z_c664ef152ff3,c664ef152ff3a9eef89c53a403b9c2e6f677340bea0307b02d97d07cc54bdfc3,no_salary_hike_no_attrition,EmpDepartment,Research & Development,exploratory_operational_subgroup_diagnostic,343,30,True,mean_predicted_probability,2.0,0.19742710595124377,343,30,True,True
manuscript_final_20260712T175251Z_c664ef152ff3,c664ef152ff3a9eef89c53a403b9c2e6f677340bea0307b02d97d07cc54bdfc3,no_salary_hike_no_attrition,EmpDepartment,Research & Development,exploratory_operational_subgroup_diagnostic,343,30,True,positive_prediction_rate,3.0,0.7900874635568513,343,30,True,True
manuscript_final_20260712T175251Z_c664ef152ff3,c664ef152ff3a9eef89c53a403b9c2e6f677340bea0307b02d97d07cc54bdfc3,no_salary_hike_no_attrition,EmpDepartment,Research & Development,exploratory_operational_subgroup_diagnostic,343,30,True,true_positive_rate,3.0,0.9829059829059829,234,10,True,True
manuscript_final_20260712T175251Z_c664ef152ff3,c664ef152ff3a9eef89c53a403b9c2e6f677340bea0307b02d97d07cc54bdfc3,no_salary_hike_no_attrition,EmpDepartment,Research & Development,exploratory_operational_subgroup_diagnostic,343,30,True,false_positive_rate,3.0,0.3761467889908257,109,10,True,True
manuscript_final_20260712T175251Z_c664ef152ff3,c664ef152ff3a9eef89c53a403b9c2e6f677340bea0307b02d97d07cc54bdfc3,no_salary_hike_no_attrition,EmpDepartment,Research & Development,exploratory_operational_subgroup_diagnostic,343,30,True,precision,3.0,0.8487084870848709,271,10,True,True
manuscript_final_20260712T175251Z_c664ef152ff3,c664ef152ff3a9eef89c53a403b9c2e6f677340bea0307b02d97d07cc54bdfc3,no_salary_hike_no_attrition,EmpDepartment,Research & Development,exploratory_operational_subgroup_diagnostic,343,30,True,mean_predicted_probability,3.0,0.7088569998333866,343,30,True,True
manuscript_final_20260712T175251Z_c664ef152ff3,c664ef152ff3a9eef89c53a403b9c2e6f677340bea0307b02d97d07cc54bdfc3,no_salary_hike_no_attrition,EmpDepartment,Research & Development,exploratory_operational_subgroup_diagnostic,343,30,True,positive_prediction_rate,4.0,0.0029154518950437317,343,30,True,True
manuscript_final_20260712T175251Z_c664ef152ff3,c664ef152ff3a9eef89c53a403b9c2e6f677340bea0307b02d97d07cc54bdfc3,no_salary_hike_no_attrition,EmpDepartment,Research & Development,exploratory_operational_subgroup_diagnostic,343,30,True,true_positive_rate,4.0,0.024390243902439025,41,10,True,True
manuscript_final_20260712T175251Z_c664ef152ff3,c664ef152ff3a9eef89c53a403b9c2e6f677340bea0307b02d97d07cc54bdfc3,no_salary_hike_no_attrition,EmpDepartment,Research & Development,exploratory_operational_subgroup_diagnostic,343,30,True,false_positive_rate,4.0,0.0,302,10,True,True
manuscript_final_20260712T175251Z_c664ef152ff3,c664ef152ff3a9eef89c53a403b9c2e6f677340bea0307b02d97d07cc54bdfc3,no_salary_hike_no_attrition,EmpDepartment,Research & Development,exploratory_operational_subgroup_diagnostic,343,30,True,precision,4.0,1.0,1,10,False,False
manuscript_final_20260712T175251Z_c664ef152ff3,c664ef152ff3a9eef89c53a403b9c2e6f677340bea0307b02d97d07cc54bdfc3,no_salary_hike_no_attrition,EmpDepartment,Research & Development,exploratory_operational_subgroup_diagnostic,343,30,True,mean_predicted_probability,4.0,0.09371589741254845,343,30,True,True
manuscript_final_20260712T175251Z_c664ef152ff3,c664ef152ff3a9eef89c53a403b9c2e6f677340bea0307b02d97d07cc54bdfc3,no_salary_hike_no_attrition,EmpDepartment,Sales,exploratory_operational_subgroup_diagnostic,373,30,True,accuracy,,0.8605898123324397,373,30,True,True
manuscript_final_20260712T175251Z_c664ef152ff3,c664ef152ff3a9eef89c53a403b9c2e6f677340bea0307b02d97d07cc54bdfc3,no_salary_hike_no_attrition,EmpDepartment,Sales,exploratory_operational_subgroup_diagnostic,373,30,True,macro_f1,,0.6015635278395203,373,30,True,True
manuscript_final_20260712T175251Z_c664ef152ff3,c664ef152ff3a9eef89c53a403b9c2e6f677340bea0307b02d97d07cc54bdfc3,no_salary_hike_no_attrition,EmpDepartment,Sales,exploratory_operational_subgroup_diagnostic,373,30,True,positive_prediction_rate,2.0,0.2546916890080429,373,30,True,True
manuscript_final_20260712T175251Z_c664ef152ff3,c664ef152ff3a9eef89c53a403b9c2e6f677340bea0307b02d97d07cc54bdfc3,no_salary_hike_no_attrition,EmpDepartment,Sales,exploratory_operational_subgroup_diagnostic,373,30,True,true_positive_rate,2.0,0.9425287356321839,87,10,True,True
manuscript_final_20260712T175251Z_c664ef152ff3,c664ef152ff3a9eef89c53a403b9c2e6f677340bea0307b02d97d07cc54bdfc3,no_salary_hike_no_attrition,EmpDepartment,Sales,exploratory_operational_subgroup_diagnostic,373,30,True,false_positive_rate,2.0,0.045454545454545456,286,10,True,True
manuscript_final_20260712T175251Z_c664ef152ff3,c664ef152ff3a9eef89c53a403b9c2e6f677340bea0307b02d97d07cc54bdfc3,no_salary_hike_no_attrition,EmpDepartment,Sales,exploratory_operational_subgroup_diagnostic,373,30,True,precision,2.0,0.8631578947368421,95,10,True,True
manuscript_final_20260712T175251Z_c664ef152ff3,c664ef152ff3a9eef89c53a403b9c2e6f677340bea0307b02d97d07cc54bdfc3,no_salary_hike_no_attrition,EmpDepartment,Sales,exploratory_operational_subgroup_diagnostic,373,30,True,mean_predicted_probability,2.0,0.22851050211906768,373,30,True,True
manuscript_final_20260712T175251Z_c664ef152ff3,c664ef152ff3a9eef89c53a403b9c2e6f677340bea0307b02d97d07cc54bdfc3,no_salary_hike_no_attrition,EmpDepartment,Sales,exploratory_operational_subgroup_diagnostic,373,30,True,positive_prediction_rate,3.0,0.7453083109919572,373,30,True,True
manuscript_final_20260712T175251Z_c664ef152ff3,c664ef152ff3a9eef89c53a403b9c2e6f677340bea0307b02d97d07cc54bdfc3,no_salary_hike_no_attrition,EmpDepartment,Sales,exploratory_operational_subgroup_diagnostic,373,30,True,true_positive_rate,3.0,0.952191235059761,251,10,True,True
manuscript_final_20260712T175251Z_c664ef152ff3,c664ef152ff3a9eef89c53a403b9c2e6f677340bea0307b02d97d07cc54bdfc3,no_salary_hike_no_attrition,EmpDepartment,Sales,exploratory_operational_subgroup_diagnostic,373,30,True,false_positive_rate,3.0,0.319672131147541,122,10,True,True
manuscript_final_20260712T175251Z_c664ef152ff3,c664ef152ff3a9eef89c53a403b9c2e6f677340bea0307b02d97d07cc54bdfc3,no_salary_hike_no_attrition,EmpDepartment,Sales,exploratory_operational_subgroup_diagnostic,373,30,True,precision,3.0,0.8597122302158273,278,10,True,True
manuscript_final_20260712T175251Z_c664ef152ff3,c664ef152ff3a9eef89c53a403b9c2e6f677340bea0307b02d97d07cc54bdfc3,no_salary_hike_no_attrition,EmpDepartment,Sales,exploratory_operational_subgroup_diagnostic,373,30,True,mean_predicted_probability,3.0,0.6990817258803639,373,30,True,True
manuscript_final_20260712T175251Z_c664ef152ff3,c664ef152ff3a9eef89c53a403b9c2e6f677340bea0307b02d97d07cc54bdfc3,no_salary_hike_no_attrition,EmpDepartment,Sales,exploratory_operational_subgroup_diagnostic,373,30,True,positive_prediction_rate,4.0,0.0,373,30,True,True
manuscript_final_20260712T175251Z_c664ef152ff3,c664ef152ff3a9eef89c53a403b9c2e6f677340bea0307b02d97d07cc54bdfc3,no_salary_hike_no_attrition,EmpDepartment,Sales,exploratory_operational_subgroup_diagnostic,373,30,True,true_positive_rate,4.0,0.0,35,10,True,True
manuscript_final_20260712T175251Z_c664ef152ff3,c664ef152ff3a9eef89c53a403b9c2e6f677340bea0307b02d97d07cc54bdfc3,no_salary_hike_no_attrition,EmpDepartment,Sales,exploratory_operational_subgroup_diagnostic,373,30,True,false_positive_rate,4.0,0.0,338,10,True,True
manuscript_final_20260712T175251Z_c664ef152ff3,c664ef152ff3a9eef89c53a403b9c2e6f677340bea0307b02d97d07cc54bdfc3,no_salary_hike_no_attrition,EmpDepartment,Sales,exploratory_operational_subgroup_diagnostic,373,30,True,precision,4.0,,0,10,False,False
manuscript_final_20260712T175251Z_c664ef152ff3,c664ef152ff3a9eef89c53a403b9c2e6f677340bea0307b02d97d07cc54bdfc3,no_salary_hike_no_attrition,EmpDepartment,Sales,exploratory_operational_subgroup_diagnostic,373,30,True,mean_predicted_probability,4.0,0.07240777059293405,373,30,True,True
manuscript_final_20260712T175251Z_c664ef152ff3,c664ef152ff3a9eef89c53a403b9c2e6f677340bea0307b02d97d07cc54bdfc3,no_salary_hike_no_attrition,EducationBackground,Human Resources,exploratory_operational_subgroup_diagnostic,21,30,False,accuracy,,0.8571428571428571,21,30,False,False
manuscript_final_20260712T175251Z_c664ef152ff3,c664ef152ff3a9eef89c53a403b9c2e6f677340bea0307b02d97d07cc54bdfc3,no_salary_hike_no_attrition,EducationBackground,Human Resources,exploratory_operational_subgroup_diagnostic,21,30,False,macro_f1,,0.5887445887445887,21,30,False,False
manuscript_final_20260712T175251Z_c664ef152ff3,c664ef152ff3a9eef89c53a403b9c2e6f677340bea0307b02d97d07cc54bdfc3,no_salary_hike_no_attrition,EducationBackground,Human Resources,exploratory_operational_subgroup_diagnostic,21,30,False,positive_prediction_rate,2.0,0.19047619047619047,21,30,False,False
manuscript_final_20260712T175251Z_c664ef152ff3,c664ef152ff3a9eef89c53a403b9c2e6f677340bea0307b02d97d07cc54bdfc3,no_salary_hike_no_attrition,EducationBackground,Human Resources,exploratory_operational_subgroup_diagnostic,21,30,False,true_positive_rate,2.0,1.0,3,10,False,False
manuscript_final_20260712T175251Z_c664ef152ff3,c664ef152ff3a9eef89c53a403b9c2e6f677340bea0307b02d97d07cc54bdfc3,no_salary_hike_no_attrition,EducationBackground,Human Resources,exploratory_operational_subgroup_diagnostic,21,30,False,false_positive_rate,2.0,0.05555555555555555,18,10,True,False
manuscript_final_20260712T175251Z_c664ef152ff3,c664ef152ff3a9eef89c53a403b9c2e6f677340bea0307b02d97d07cc54bdfc3,no_salary_hike_no_attrition,EducationBackground,Human Resources,exploratory_operational_subgroup_diagnostic,21,30,False,precision,2.0,0.75,4,10,False,False
manuscript_final_20260712T175251Z_c664ef152ff3,c664ef152ff3a9eef89c53a403b9c2e6f677340bea0307b02d97d07cc54bdfc3,no_salary_hike_no_attrition,EducationBackground,Human Resources,exploratory_operational_subgroup_diagnostic,21,30,False,mean_predicted_probability,2.0,0.17888700586488648,21,30,False,False
manuscript_final_20260712T175251Z_c664ef152ff3,c664ef152ff3a9eef89c53a403b9c2e6f677340bea0307b02d97d07cc54bdfc3,no_salary_hike_no_attrition,EducationBackground,Human Resources,exploratory_operational_subgroup_diagnostic,21,30,False,positive_prediction_rate,3.0,0.8095238095238095,21,30,False,False
manuscript_final_20260712T175251Z_c664ef152ff3,c664ef152ff3a9eef89c53a403b9c2e6f677340bea0307b02d97d07cc54bdfc3,no_salary_hike_no_attrition,EducationBackground,Human Resources,exploratory_operational_subgroup_diagnostic,21,30,False,true_positive_rate,3.0,0.9375,16,10,True,False
manuscript_final_20260712T175251Z_c664ef152ff3,c664ef152ff3a9eef89c53a403b9c2e6f677340bea0307b02d97d07cc54bdfc3,no_salary_hike_no_attrition,EducationBackground,Human Resources,exploratory_operational_subgroup_diagnostic,21,30,False,false_positive_rate,3.0,0.4,5,10,False,False
manuscript_final_20260712T175251Z_c664ef152ff3,c664ef152ff3a9eef89c53a403b9c2e6f677340bea0307b02d97d07cc54bdfc3,no_salary_hike_no_attrition,EducationBackground,Human Resources,exploratory_operational_subgroup_diagnostic,21,30,False,precision,3.0,0.8823529411764706,17,10,True,False
manuscript_final_20260712T175251Z_c664ef152ff3,c664ef152ff3a9eef89c53a403b9c2e6f677340bea0307b02d97d07cc54bdfc3,no_salary_hike_no_attrition,EducationBackground,Human Resources,exploratory_operational_subgroup_diagnostic,21,30,False,mean_predicted_probability,3.0,0.7420935730139414,21,30,False,False
manuscript_final_20260712T175251Z_c664ef152ff3,c664ef152ff3a9eef89c53a403b9c2e6f677340bea0307b02d97d07cc54bdfc3,no_salary_hike_no_attrition,EducationBackground,Human Resources,exploratory_operational_subgroup_diagnostic,21,30,False,positive_prediction_rate,4.0,0.0,21,30,False,False
manuscript_final_20260712T175251Z_c664ef152ff3,c664ef152ff3a9eef89c53a403b9c2e6f677340bea0307b02d97d07cc54bdfc3,no_salary_hike_no_attrition,EducationBackground,Human Resources,exploratory_operational_subgroup_diagnostic,21,30,False,true_positive_rate,4.0,0.0,2,10,False,False
manuscript_final_20260712T175251Z_c664ef152ff3,c664ef152ff3a9eef89c53a403b9c2e6f677340bea0307b02d97d07cc54bdfc3,no_salary_hike_no_attrition,EducationBackground,Human Resources,exploratory_operational_subgroup_diagnostic,21,30,False,false_positive_rate,4.0,0.0,19,10,True,False
manuscript_final_20260712T175251Z_c664ef152ff3,c664ef152ff3a9eef89c53a403b9c2e6f677340bea0307b02d97d07cc54bdfc3,no_salary_hike_no_attrition,EducationBackground,Human Resources,exploratory_operational_subgroup_diagnostic,21,30,False,precision,4.0,,0,10,False,False
manuscript_final_20260712T175251Z_c664ef152ff3,c664ef152ff3a9eef89c53a403b9c2e6f677340bea0307b02d97d07cc54bdfc3,no_salary_hike_no_attrition,EducationBackground,Human Resources,exploratory_operational_subgroup_diagnostic,21,30,False,mean_predicted_probability,4.0,0.079019421068508,21,30,False,False
manuscript_final_20260712T175251Z_c664ef152ff3,c664ef152ff3a9eef89c53a403b9c2e6f677340bea0307b02d97d07cc54bdfc3,no_salary_hike_no_attrition,EducationBackground,Life Sciences,exploratory_operational_subgroup_diagnostic,492,30,True,accuracy,,0.8475609756097561,492,30,True,True
manuscript_final_20260712T175251Z_c664ef152ff3,c664ef152ff3a9eef89c53a403b9c2e6f677340bea0307b02d97d07cc54bdfc3,no_salary_hike_no_attrition,EducationBackground,Life Sciences,exploratory_operational_subgroup_diagnostic,492,30,True,macro_f1,,0.6055083433792747,492,30,True,True
manuscript_final_20260712T175251Z_c664ef152ff3,c664ef152ff3a9eef89c53a403b9c2e6f677340bea0307b02d97d07cc54bdfc3,no_salary_hike_no_attrition,EducationBackground,Life Sciences,exploratory_operational_subgroup_diagnostic,492,30,True,positive_prediction_rate,2.0,0.16056910569105692,492,30,True,True
manuscript_final_20260712T175251Z_c664ef152ff3,c664ef152ff3a9eef89c53a403b9c2e6f677340bea0307b02d97d07cc54bdfc3,no_salary_hike_no_attrition,EducationBackground,Life Sciences,exploratory_operational_subgroup_diagnostic,492,30,True,true_positive_rate,2.0,0.8846153846153846,78,10,True,True
manuscript_final_20260712T175251Z_c664ef152ff3,c664ef152ff3a9eef89c53a403b9c2e6f677340bea0307b02d97d07cc54bdfc3,no_salary_hike_no_attrition,EducationBackground,Life Sciences,exploratory_operational_subgroup_diagnostic,492,30,True,false_positive_rate,2.0,0.024154589371980676,414,10,True,True
manuscript_final_20260712T175251Z_c664ef152ff3,c664ef152ff3a9eef89c53a403b9c2e6f677340bea0307b02d97d07cc54bdfc3,no_salary_hike_no_attrition,EducationBackground,Life Sciences,exploratory_operational_subgroup_diagnostic,492,30,True,precision,2.0,0.8734177215189873,79,10,True,True
manuscript_final_20260712T175251Z_c664ef152ff3,c664ef152ff3a9eef89c53a403b9c2e6f677340bea0307b02d97d07cc54bdfc3,no_salary_hike_no_attrition,EducationBackground,Life Sciences,exploratory_operational_subgroup_diagnostic,492,30,True,mean_predicted_probability,2.0,0.15792374251304125,492,30,True,True
manuscript_final_20260712T175251Z_c664ef152ff3,c664ef152ff3a9eef89c53a403b9c2e6f677340bea0307b02d97d07cc54bdfc3,no_salary_hike_no_attrition,EducationBackground,Life Sciences,exploratory_operational_subgroup_diagnostic,492,30,True,positive_prediction_rate,3.0,0.8353658536585366,492,30,True,True
manuscript_final_20260712T175251Z_c664ef152ff3,c664ef152ff3a9eef89c53a403b9c2e6f677340bea0307b02d97d07cc54bdfc3,no_salary_hike_no_attrition,EducationBackground,Life Sciences,exploratory_operational_subgroup_diagnostic,492,30,True,true_positive_rate,3.0,0.9719887955182073,357,10,True,True
manuscript_final_20260712T175251Z_c664ef152ff3,c664ef152ff3a9eef89c53a403b9c2e6f677340bea0307b02d97d07cc54bdfc3,no_salary_hike_no_attrition,EducationBackground,Life Sciences,exploratory_operational_subgroup_diagnostic,492,30,True,false_positive_rate,3.0,0.4740740740740741,135,10,True,True
manuscript_final_20260712T175251Z_c664ef152ff3,c664ef152ff3a9eef89c53a403b9c2e6f677340bea0307b02d97d07cc54bdfc3,no_salary_hike_no_attrition,EducationBackground,Life Sciences,exploratory_operational_subgroup_diagnostic,492,30,True,precision,3.0,0.8442822384428224,411,10,True,True
manuscript_final_20260712T175251Z_c664ef152ff3,c664ef152ff3a9eef89c53a403b9c2e6f677340bea0307b02d97d07cc54bdfc3,no_salary_hike_no_attrition,EducationBackground,Life Sciences,exploratory_operational_subgroup_diagnostic,492,30,True,mean_predicted_probability,3.0,0.7517617539544325,492,30,True,True
manuscript_final_20260712T175251Z_c664ef152ff3,c664ef152ff3a9eef89c53a403b9c2e6f677340bea0307b02d97d07cc54bdfc3,no_salary_hike_no_attrition,EducationBackground,Life Sciences,exploratory_operational_subgroup_diagnostic,492,30,True,positive_prediction_rate,4.0,0.0040650406504065045,492,30,True,True
manuscript_final_20260712T175251Z_c664ef152ff3,c664ef152ff3a9eef89c53a403b9c2e6f677340bea0307b02d97d07cc54bdfc3,no_salary_hike_no_attrition,EducationBackground,Life Sciences,exploratory_operational_subgroup_diagnostic,492,30,True,true_positive_rate,4.0,0.017543859649122806,57,10,True,True
manuscript_final_20260712T175251Z_c664ef152ff3,c664ef152ff3a9eef89c53a403b9c2e6f677340bea0307b02d97d07cc54bdfc3,no_salary_hike_no_attrition,EducationBackground,Life Sciences,exploratory_operational_subgroup_diagnostic,492,30,True,false_positive_rate,4.0,0.0022988505747126436,435,10,True,True
manuscript_final_20260712T175251Z_c664ef152ff3,c664ef152ff3a9eef89c53a403b9c2e6f677340bea0307b02d97d07cc54bdfc3,no_salary_hike_no_attrition,EducationBackground,Life Sciences,exploratory_operational_subgroup_diagnostic,492,30,True,precision,4.0,0.5,2,10,False,False
manuscript_final_20260712T175251Z_c664ef152ff3,c664ef152ff3a9eef89c53a403b9c2e6f677340bea0307b02d97d07cc54bdfc3,no_salary_hike_no_attrition,EducationBackground,Life Sciences,exploratory_operational_subgroup_diagnostic,492,30,True,mean_predicted_probability,4.0,0.09031450231046116,492,30,True,True
manuscript_final_20260712T175251Z_c664ef152ff3,c664ef152ff3a9eef89c53a403b9c2e6f677340bea0307b02d97d07cc54bdfc3,no_salary_hike_no_attrition,EducationBackground,Marketing,exploratory_operational_subgroup_diagnostic,137,30,True,accuracy,,0.8467153284671532,137,30,True,True
manuscript_final_20260712T175251Z_c664ef152ff3,c664ef152ff3a9eef89c53a403b9c2e6f677340bea0307b02d97d07cc54bdfc3,no_salary_hike_no_attrition,EducationBackground,Marketing,exploratory_operational_subgroup_diagnostic,137,30,True,macro_f1,,0.5909863945578232,137,30,True,True
manuscript_final_20260712T175251Z_c664ef152ff3,c664ef152ff3a9eef89c53a403b9c2e6f677340bea0307b02d97d07cc54bdfc3,no_salary_hike_no_attrition,EducationBackground,Marketing,exploratory_operational_subgroup_diagnostic,137,30,True,positive_prediction_rate,2.0,0.25547445255474455,137,30,True,True
manuscript_final_20260712T175251Z_c664ef152ff3,c664ef152ff3a9eef89c53a403b9c2e6f677340bea0307b02d97d07cc54bdfc3,no_salary_hike_no_attrition,EducationBackground,Marketing,exploratory_operational_subgroup_diagnostic,137,30,True,true_positive_rate,2.0,0.9655172413793104,29,10,True,True
manuscript_final_20260712T175251Z_c664ef152ff3,c664ef152ff3a9eef89c53a403b9c2e6f677340bea0307b02d97d07cc54bdfc3,no_salary_hike_no_attrition,EducationBackground,Marketing,exploratory_operational_subgroup_diagnostic,137,30,True,false_positive_rate,2.0,0.06481481481481481,108,10,True,True
manuscript_final_20260712T175251Z_c664ef152ff3,c664ef152ff3a9eef89c53a403b9c2e6f677340bea0307b02d97d07cc54bdfc3,no_salary_hike_no_attrition,EducationBackground,Marketing,exploratory_operational_subgroup_diagnostic,137,30,True,precision,2.0,0.8,35,10,True,True
manuscript_final_20260712T175251Z_c664ef152ff3,c664ef152ff3a9eef89c53a403b9c2e6f677340bea0307b02d97d07cc54bdfc3,no_salary_hike_no_attrition,EducationBackground,Marketing,exploratory_operational_subgroup_diagnostic,137,30,True,mean_predicted_probability,2.0,0.22635269479891523,137,30,True,True
manuscript_final_20260712T175251Z_c664ef152ff3,c664ef152ff3a9eef89c53a403b9c2e6f677340bea0307b02d97d07cc54bdfc3,no_salary_hike_no_attrition,EducationBackground,Marketing,exploratory_operational_subgroup_diagnostic,137,30,True,positive_prediction_rate,3.0,0.7445255474452555,137,30,True,True
manuscript_final_20260712T175251Z_c664ef152ff3,c664ef152ff3a9eef89c53a403b9c2e6f677340bea0307b02d97d07cc54bdfc3,no_salary_hike_no_attrition,EducationBackground,Marketing,exploratory_operational_subgroup_diagnostic,137,30,True,true_positive_rate,3.0,0.9361702127659575,94,10,True,True
manuscript_final_20260712T175251Z_c664ef152ff3,c664ef152ff3a9eef89c53a403b9c2e6f677340bea0307b02d97d07cc54bdfc3,no_salary_hike_no_attrition,EducationBackground,Marketing,exploratory_operational_subgroup_diagnostic,137,30,True,false_positive_rate,3.0,0.32558139534883723,43,10,True,True
manuscript_final_20260712T175251Z_c664ef152ff3,c664ef152ff3a9eef89c53a403b9c2e6f677340bea0307b02d97d07cc54bdfc3,no_salary_hike_no_attrition,EducationBackground,Marketing,exploratory_operational_subgroup_diagnostic,137,30,True,precision,3.0,0.8627450980392157,102,10,True,True
manuscript_final_20260712T175251Z_c664ef152ff3,c664ef152ff3a9eef89c53a403b9c2e6f677340bea0307b02d97d07cc54bdfc3,no_salary_hike_no_attrition,EducationBackground,Marketing,exploratory_operational_subgroup_diagnostic,137,30,True,mean_predicted_probability,3.0,0.7081254864533018,137,30,True,True
manuscript_final_20260712T175251Z_c664ef152ff3,c664ef152ff3a9eef89c53a403b9c2e6f677340bea0307b02d97d07cc54bdfc3,no_salary_hike_no_attrition,EducationBackground,Marketing,exploratory_operational_subgroup_diagnostic,137,30,True,positive_prediction_rate,4.0,0.0,137,30,True,True
manuscript_final_20260712T175251Z_c664ef152ff3,c664ef152ff3a9eef89c53a403b9c2e6f677340bea0307b02d97d07cc54bdfc3,no_salary_hike_no_attrition,EducationBackground,Marketing,exploratory_operational_subgroup_diagnostic,137,30,True,true_positive_rate,4.0,0.0,14,10,True,True
manuscript_final_20260712T175251Z_c664ef152ff3,c664ef152ff3a9eef89c53a403b9c2e6f677340bea0307b02d97d07cc54bdfc3,no_salary_hike_no_attrition,EducationBackground,Marketing,exploratory_operational_subgroup_diagnostic,137,30,True,false_positive_rate,4.0,0.0,123,10,True,True
manuscript_final_20260712T175251Z_c664ef152ff3,c664ef152ff3a9eef89c53a403b9c2e6f677340bea0307b02d97d07cc54bdfc3,no_salary_hike_no_attrition,EducationBackground,Marketing,exploratory_operational_subgroup_diagnostic,137,30,True,precision,4.0,,0,10,False,False
manuscript_final_20260712T175251Z_c664ef152ff3,c664ef152ff3a9eef89c53a403b9c2e6f677340bea0307b02d97d07cc54bdfc3,no_salary_hike_no_attrition,EducationBackground,Marketing,exploratory_operational_subgroup_diagnostic,137,30,True,mean_predicted_probability,4.0,0.06552181687940212,137,30,True,True
manuscript_final_20260712T175251Z_c664ef152ff3,c664ef152ff3a9eef89c53a403b9c2e6f677340bea0307b02d97d07cc54bdfc3,no_salary_hike_no_attrition,EducationBackground,Medical,exploratory_operational_subgroup_diagnostic,384,30,True,accuracy,,0.8645833333333334,384,30,True,True
manuscript_final_20260712T175251Z_c664ef152ff3,c664ef152ff3a9eef89c53a403b9c2e6f677340bea0307b02d97d07cc54bdfc3,no_salary_hike_no_attrition,EducationBackground,Medical,exploratory_operational_subgroup_diagnostic,384,30,True,macro_f1,,0.6081587968197563,384,30,True,True
manuscript_final_20260712T175251Z_c664ef152ff3,c664ef152ff3a9eef89c53a403b9c2e6f677340bea0307b02d97d07cc54bdfc3,no_salary_hike_no_attrition,EducationBackground,Medical,exploratory_operational_subgroup_diagnostic,384,30,True,positive_prediction_rate,2.0,0.15625,384,30,True,True
manuscript_final_20260712T175251Z_c664ef152ff3,c664ef152ff3a9eef89c53a403b9c2e6f677340bea0307b02d97d07cc54bdfc3,no_salary_hike_no_attrition,EducationBackground,Medical,exploratory_operational_subgroup_diagnostic,384,30,True,true_positive_rate,2.0,0.8888888888888888,63,10,True,True
manuscript_final_20260712T175251Z_c664ef152ff3,c664ef152ff3a9eef89c53a403b9c2e6f677340bea0307b02d97d07cc54bdfc3,no_salary_hike_no_attrition,EducationBackground,Medical,exploratory_operational_subgroup_diagnostic,384,30,True,false_positive_rate,2.0,0.012461059190031152,321,10,True,True
manuscript_final_20260712T175251Z_c664ef152ff3,c664ef152ff3a9eef89c53a403b9c2e6f677340bea0307b02d97d07cc54bdfc3,no_salary_hike_no_attrition,EducationBackground,Medical,exploratory_operational_subgroup_diagnostic,384,30,True,precision,2.0,0.9333333333333333,60,10,True,True
manuscript_final_20260712T175251Z_c664ef152ff3,c664ef152ff3a9eef89c53a403b9c2e6f677340bea0307b02d97d07cc54bdfc3,no_salary_hike_no_attrition,EducationBackground,Medical,exploratory_operational_subgroup_diagnostic,384,30,True,mean_predicted_probability,2.0,0.15465734696329037,384,30,True,True
manuscript_final_20260712T175251Z_c664ef152ff3,c664ef152ff3a9eef89c53a403b9c2e6f677340bea0307b02d97d07cc54bdfc3,no_salary_hike_no_attrition,EducationBackground,Medical,exploratory_operational_subgroup_diagnostic,384,30,True,positive_prediction_rate,3.0,0.8411458333333334,384,30,True,True
manuscript_final_20260712T175251Z_c664ef152ff3,c664ef152ff3a9eef89c53a403b9c2e6f677340bea0307b02d97d07cc54bdfc3,no_salary_hike_no_attrition,EducationBackground,Medical,exploratory_operational_subgroup_diagnostic,384,30,True,true_positive_rate,3.0,0.9822064056939501,281,10,True,True
manuscript_final_20260712T175251Z_c664ef152ff3,c664ef152ff3a9eef89c53a403b9c2e6f677340bea0307b02d97d07cc54bdfc3,no_salary_hike_no_attrition,EducationBackground,Medical,exploratory_operational_subgroup_diagnostic,384,30,True,false_positive_rate,3.0,0.4563106796116505,103,10,True,True
manuscript_final_20260712T175251Z_c664ef152ff3,c664ef152ff3a9eef89c53a403b9c2e6f677340bea0307b02d97d07cc54bdfc3,no_salary_hike_no_attrition,EducationBackground,Medical,exploratory_operational_subgroup_diagnostic,384,30,True,precision,3.0,0.8544891640866873,323,10,True,True
manuscript_final_20260712T175251Z_c664ef152ff3,c664ef152ff3a9eef89c53a403b9c2e6f677340bea0307b02d97d07cc54bdfc3,no_salary_hike_no_attrition,EducationBackground,Medical,exploratory_operational_subgroup_diagnostic,384,30,True,mean_predicted_probability,3.0,0.7579912430058661,384,30,True,True
manuscript_final_20260712T175251Z_c664ef152ff3,c664ef152ff3a9eef89c53a403b9c2e6f677340bea0307b02d97d07cc54bdfc3,no_salary_hike_no_attrition,EducationBackground,Medical,exploratory_operational_subgroup_diagnostic,384,30,True,positive_prediction_rate,4.0,0.0026041666666666665,384,30,True,True
manuscript_final_20260712T175251Z_c664ef152ff3,c664ef152ff3a9eef89c53a403b9c2e6f677340bea0307b02d97d07cc54bdfc3,no_salary_hike_no_attrition,EducationBackground,Medical,exploratory_operational_subgroup_diagnostic,384,30,True,true_positive_rate,4.0,0.0,40,10,True,True
manuscript_final_20260712T175251Z_c664ef152ff3,c664ef152ff3a9eef89c53a403b9c2e6f677340bea0307b02d97d07cc54bdfc3,no_salary_hike_no_attrition,EducationBackground,Medical,exploratory_operational_subgroup_diagnostic,384,30,True,false_positive_rate,4.0,0.0029069767441860465,344,10,True,True
manuscript_final_20260712T175251Z_c664ef152ff3,c664ef152ff3a9eef89c53a403b9c2e6f677340bea0307b02d97d07cc54bdfc3,no_salary_hike_no_attrition,EducationBackground,Medical,exploratory_operational_subgroup_diagnostic,384,30,True,precision,4.0,0.0,1,10,False,False
manuscript_final_20260712T175251Z_c664ef152ff3,c664ef152ff3a9eef89c53a403b9c2e6f677340bea0307b02d97d07cc54bdfc3,no_salary_hike_no_attrition,EducationBackground,Medical,exploratory_operational_subgroup_diagnostic,384,30,True,mean_predicted_probability,4.0,0.08735141403015707,384,30,True,True
manuscript_final_20260712T175251Z_c664ef152ff3,c664ef152ff3a9eef89c53a403b9c2e6f677340bea0307b02d97d07cc54bdfc3,no_salary_hike_no_attrition,EducationBackground,Other,exploratory_operational_subgroup_diagnostic,66,30,True,accuracy,,0.8787878787878788,66,30,True,True
manuscript_final_20260712T175251Z_c664ef152ff3,c664ef152ff3a9eef89c53a403b9c2e6f677340bea0307b02d97d07cc54bdfc3,no_salary_hike_no_attrition,EducationBackground,Other,exploratory_operational_subgroup_diagnostic,66,30,True,macro_f1,,0.5964487489911218,66,30,True,True
manuscript_final_20260712T175251Z_c664ef152ff3,c664ef152ff3a9eef89c53a403b9c2e6f677340bea0307b02d97d07cc54bdfc3,no_salary_hike_no_attrition,EducationBackground,Other,exploratory_operational_subgroup_diagnostic,66,30,True,positive_prediction_rate,2.0,0.06060606060606061,66,30,True,True
manuscript_final_20260712T175251Z_c664ef152ff3,c664ef152ff3a9eef89c53a403b9c2e6f677340bea0307b02d97d07cc54bdfc3,no_salary_hike_no_attrition,EducationBackground,Other,exploratory_operational_subgroup_diagnostic,66,30,True,true_positive_rate,2.0,1.0,3,10,False,False
manuscript_final_20260712T175251Z_c664ef152ff3,c664ef152ff3a9eef89c53a403b9c2e6f677340bea0307b02d97d07cc54bdfc3,no_salary_hike_no_attrition,EducationBackground,Other,exploratory_operational_subgroup_diagnostic,66,30,True,false_positive_rate,2.0,0.015873015873015872,63,10,True,True
manuscript_final_20260712T175251Z_c664ef152ff3,c664ef152ff3a9eef89c53a403b9c2e6f677340bea0307b02d97d07cc54bdfc3,no_salary_hike_no_attrition,EducationBackground,Other,exploratory_operational_subgroup_diagnostic,66,30,True,precision,2.0,0.75,4,10,False,False
manuscript_final_20260712T175251Z_c664ef152ff3,c664ef152ff3a9eef89c53a403b9c2e6f677340bea0307b02d97d07cc54bdfc3,no_salary_hike_no_attrition,EducationBackground,Other,exploratory_operational_subgroup_diagnostic,66,30,True,mean_predicted_probability,2.0,0.05839047038611942,66,30,True,True
manuscript_final_20260712T175251Z_c664ef152ff3,c664ef152ff3a9eef89c53a403b9c2e6f677340bea0307b02d97d07cc54bdfc3,no_salary_hike_no_attrition,EducationBackground,Other,exploratory_operational_subgroup_diagnostic,66,30,True,positive_prediction_rate,3.0,0.9393939393939394,66,30,True,True
manuscript_final_20260712T175251Z_c664ef152ff3,c664ef152ff3a9eef89c53a403b9c2e6f677340bea0307b02d97d07cc54bdfc3,no_salary_hike_no_attrition,EducationBackground,Other,exploratory_operational_subgroup_diagnostic,66,30,True,true_positive_rate,3.0,0.9821428571428571,56,10,True,True
manuscript_final_20260712T175251Z_c664ef152ff3,c664ef152ff3a9eef89c53a403b9c2e6f677340bea0307b02d97d07cc54bdfc3,no_salary_hike_no_attrition,EducationBackground,Other,exploratory_operational_subgroup_diagnostic,66,30,True,false_positive_rate,3.0,0.7,10,10,True,True
manuscript_final_20260712T175251Z_c664ef152ff3,c664ef152ff3a9eef89c53a403b9c2e6f677340bea0307b02d97d07cc54bdfc3,no_salary_hike_no_attrition,EducationBackground,Other,exploratory_operational_subgroup_diagnostic,66,30,True,precision,3.0,0.8870967741935484,62,10,True,True
manuscript_final_20260712T175251Z_c664ef152ff3,c664ef152ff3a9eef89c53a403b9c2e6f677340bea0307b02d97d07cc54bdfc3,no_salary_hike_no_attrition,EducationBackground,Other,exploratory_operational_subgroup_diagnostic,66,30,True,mean_predicted_probability,3.0,0.8614966820248149,66,30,True,True
manuscript_final_20260712T175251Z_c664ef152ff3,c664ef152ff3a9eef89c53a403b9c2e6f677340bea0307b02d97d07cc54bdfc3,no_salary_hike_no_attrition,EducationBackground,Other,exploratory_operational_subgroup_diagnostic,66,30,True,positive_prediction_rate,4.0,0.0,66,30,True,True
manuscript_final_20260712T175251Z_c664ef152ff3,c664ef152ff3a9eef89c53a403b9c2e6f677340bea0307b02d97d07cc54bdfc3,no_salary_hike_no_attrition,EducationBackground,Other,exploratory_operational_subgroup_diagnostic,66,30,True,true_positive_rate,4.0,0.0,7,10,False,False
manuscript_final_20260712T175251Z_c664ef152ff3,c664ef152ff3a9eef89c53a403b9c2e6f677340bea0307b02d97d07cc54bdfc3,no_salary_hike_no_attrition,EducationBackground,Other,exploratory_operational_subgroup_diagnostic,66,30,True,false_positive_rate,4.0,0.0,59,10,True,True
manuscript_final_20260712T175251Z_c664ef152ff3,c664ef152ff3a9eef89c53a403b9c2e6f677340bea0307b02d97d07cc54bdfc3,no_salary_hike_no_attrition,EducationBackground,Other,exploratory_operational_subgroup_diagnostic,66,30,True,precision,4.0,,0,10,False,False
manuscript_final_20260712T175251Z_c664ef152ff3,c664ef152ff3a9eef89c53a403b9c2e6f677340bea0307b02d97d07cc54bdfc3,no_salary_hike_no_attrition,EducationBackground,Other,exploratory_operational_subgroup_diagnostic,66,30,True,mean_predicted_probability,4.0,0.08011284860725881,66,30,True,True
manuscript_final_20260712T175251Z_c664ef152ff3,c664ef152ff3a9eef89c53a403b9c2e6f677340bea0307b02d97d07cc54bdfc3,no_salary_hike_no_attrition,EducationBackground,Technical Degree,exploratory_operational_subgroup_diagnostic,100,30,True,accuracy,,0.84,100,30,True,True
manuscript_final_20260712T175251Z_c664ef152ff3,c664ef152ff3a9eef89c53a403b9c2e6f677340bea0307b02d97d07cc54bdfc3,no_salary_hike_no_attrition,EducationBackground,Technical Degree,exploratory_operational_subgroup_diagnostic,100,30,True,macro_f1,,0.594541910331384,100,30,True,True
manuscript_final_20260712T175251Z_c664ef152ff3,c664ef152ff3a9eef89c53a403b9c2e6f677340bea0307b02d97d07cc54bdfc3,no_salary_hike_no_attrition,EducationBackground,Technical Degree,exploratory_operational_subgroup_diagnostic,100,30,True,positive_prediction_rate,2.0,0.18,100,30,True,True
manuscript_final_20260712T175251Z_c664ef152ff3,c664ef152ff3a9eef89c53a403b9c2e6f677340bea0307b02d97d07cc54bdfc3,no_salary_hike_no_attrition,EducationBackground,Technical Degree,exploratory_operational_subgroup_diagnostic,100,30,True,true_positive_rate,2.0,0.8888888888888888,18,10,True,True
manuscript_final_20260712T175251Z_c664ef152ff3,c664ef152ff3a9eef89c53a403b9c2e6f677340bea0307b02d97d07cc54bdfc3,no_salary_hike_no_attrition,EducationBackground,Technical Degree,exploratory_operational_subgroup_diagnostic,100,30,True,false_positive_rate,2.0,0.024390243902439025,82,10,True,True
manuscript_final_20260712T175251Z_c664ef152ff3,c664ef152ff3a9eef89c53a403b9c2e6f677340bea0307b02d97d07cc54bdfc3,no_salary_hike_no_attrition,EducationBackground,Technical Degree,exploratory_operational_subgroup_diagnostic,100,30,True,precision,2.0,0.8888888888888888,18,10,True,True
manuscript_final_20260712T175251Z_c664ef152ff3,c664ef152ff3a9eef89c53a403b9c2e6f677340bea0307b02d97d07cc54bdfc3,no_salary_hike_no_attrition,EducationBackground,Technical Degree,exploratory_operational_subgroup_diagnostic,100,30,True,mean_predicted_probability,2.0,0.17267862286113086,100,30,True,True
manuscript_final_20260712T175251Z_c664ef152ff3,c664ef152ff3a9eef89c53a403b9c2e6f677340bea0307b02d97d07cc54bdfc3,no_salary_hike_no_attrition,EducationBackground,Technical Degree,exploratory_operational_subgroup_diagnostic,100,30,True,positive_prediction_rate,3.0,0.82,100,30,True,True
manuscript_final_20260712T175251Z_c664ef152ff3,c664ef152ff3a9eef89c53a403b9c2e6f677340bea0307b02d97d07cc54bdfc3,no_salary_hike_no_attrition,EducationBackground,Technical Degree,exploratory_operational_subgroup_diagnostic,100,30,True,true_positive_rate,3.0,0.9714285714285714,70,10,True,True
manuscript_final_20260712T175251Z_c664ef152ff3,c664ef152ff3a9eef89c53a403b9c2e6f677340bea0307b02d97d07cc54bdfc3,no_salary_hike_no_attrition,EducationBackground,Technical Degree,exploratory_operational_subgroup_diagnostic,100,30,True,false_positive_rate,3.0,0.4666666666666667,30,10,True,True
manuscript_final_20260712T175251Z_c664ef152ff3,c664ef152ff3a9eef89c53a403b9c2e6f677340bea0307b02d97d07cc54bdfc3,no_salary_hike_no_attrition,EducationBackground,Technical Degree,exploratory_operational_subgroup_diagnostic,100,30,True,precision,3.0,0.8292682926829268,82,10,True,True
manuscript_final_20260712T175251Z_c664ef152ff3,c664ef152ff3a9eef89c53a403b9c2e6f677340bea0307b02d97d07cc54bdfc3,no_salary_hike_no_attrition,EducationBackground,Technical Degree,exploratory_operational_subgroup_diagnostic,100,30,True,mean_predicted_probability,3.0,0.7329960224591195,100,30,True,True
manuscript_final_20260712T175251Z_c664ef152ff3,c664ef152ff3a9eef89c53a403b9c2e6f677340bea0307b02d97d07cc54bdfc3,no_salary_hike_no_attrition,EducationBackground,Technical Degree,exploratory_operational_subgroup_diagnostic,100,30,True,positive_prediction_rate,4.0,0.0,100,30,True,True
manuscript_final_20260712T175251Z_c664ef152ff3,c664ef152ff3a9eef89c53a403b9c2e6f677340bea0307b02d97d07cc54bdfc3,no_salary_hike_no_attrition,EducationBackground,Technical Degree,exploratory_operational_subgroup_diagnostic,100,30,True,true_positive_rate,4.0,0.0,12,10,True,True
manuscript_final_20260712T175251Z_c664ef152ff3,c664ef152ff3a9eef89c53a403b9c2e6f677340bea0307b02d97d07cc54bdfc3,no_salary_hike_no_attrition,EducationBackground,Technical Degree,exploratory_operational_subgroup_diagnostic,100,30,True,false_positive_rate,4.0,0.0,88,10,True,True
manuscript_final_20260712T175251Z_c664ef152ff3,c664ef152ff3a9eef89c53a403b9c2e6f677340bea0307b02d97d07cc54bdfc3,no_salary_hike_no_attrition,EducationBackground,Technical Degree,exploratory_operational_subgroup_diagnostic,100,30,True,precision,4.0,,0,10,False,False
manuscript_final_20260712T175251Z_c664ef152ff3,c664ef152ff3a9eef89c53a403b9c2e6f677340bea0307b02d97d07cc54bdfc3,no_salary_hike_no_attrition,EducationBackground,Technical Degree,exploratory_operational_subgroup_diagnostic,100,30,True,mean_predicted_probability,4.0,0.09432534903171472,100,30,True,True
manuscript_final_20260712T175251Z_c664ef152ff3,c664ef152ff3a9eef89c53a403b9c2e6f677340bea0307b02d97d07cc54bdfc3,no_salary_hike_no_attrition,BusinessTravelFrequency,Non-Travel,exploratory_operational_subgroup_diagnostic,132,30,True,accuracy,,0.8484848484848485,132,30,True,True
manuscript_final_20260712T175251Z_c664ef152ff3,c664ef152ff3a9eef89c53a403b9c2e6f677340bea0307b02d97d07cc54bdfc3,no_salary_hike_no_attrition,BusinessTravelFrequency,Non-Travel,exploratory_operational_subgroup_diagnostic,132,30,True,macro_f1,,0.6259114283521375,132,30,True,True
manuscript_final_20260712T175251Z_c664ef152ff3,c664ef152ff3a9eef89c53a403b9c2e6f677340bea0307b02d97d07cc54bdfc3,no_salary_hike_no_attrition,BusinessTravelFrequency,Non-Travel,exploratory_operational_subgroup_diagnostic,132,30,True,positive_prediction_rate,2.0,0.16666666666666666,132,30,True,True
manuscript_final_20260712T175251Z_c664ef152ff3,c664ef152ff3a9eef89c53a403b9c2e6f677340bea0307b02d97d07cc54bdfc3,no_salary_hike_no_attrition,BusinessTravelFrequency,Non-Travel,exploratory_operational_subgroup_diagnostic,132,30,True,true_positive_rate,2.0,1.0,21,10,True,True
manuscript_final_20260712T175251Z_c664ef152ff3,c664ef152ff3a9eef89c53a403b9c2e6f677340bea0307b02d97d07cc54bdfc3,no_salary_hike_no_attrition,BusinessTravelFrequency,Non-Travel,exploratory_operational_subgroup_diagnostic,132,30,True,false_positive_rate,2.0,0.009009009009009009,111,10,True,True
manuscript_final_20260712T175251Z_c664ef152ff3,c664ef152ff3a9eef89c53a403b9c2e6f677340bea0307b02d97d07cc54bdfc3,no_salary_hike_no_attrition,BusinessTravelFrequency,Non-Travel,exploratory_operational_subgroup_diagnostic,132,30,True,precision,2.0,0.9545454545454546,22,10,True,True
manuscript_final_20260712T175251Z_c664ef152ff3,c664ef152ff3a9eef89c53a403b9c2e6f677340bea0307b02d97d07cc54bdfc3,no_salary_hike_no_attrition,BusinessTravelFrequency,Non-Travel,exploratory_operational_subgroup_diagnostic,132,30,True,mean_predicted_probability,2.0,0.15998800327647725,132,30,True,True
manuscript_final_20260712T175251Z_c664ef152ff3,c664ef152ff3a9eef89c53a403b9c2e6f677340bea0307b02d97d07cc54bdfc3,no_salary_hike_no_attrition,BusinessTravelFrequency,Non-Travel,exploratory_operational_subgroup_diagnostic,132,30,True,positive_prediction_rate,3.0,0.8257575757575758,132,30,True,True
manuscript_final_20260712T175251Z_c664ef152ff3,c664ef152ff3a9eef89c53a403b9c2e6f677340bea0307b02d97d07cc54bdfc3,no_salary_hike_no_attrition,BusinessTravelFrequency,Non-Travel,exploratory_operational_subgroup_diagnostic,132,30,True,true_positive_rate,3.0,0.978494623655914,93,10,True,True
manuscript_final_20260712T175251Z_c664ef152ff3,c664ef152ff3a9eef89c53a403b9c2e6f677340bea0307b02d97d07cc54bdfc3,no_salary_hike_no_attrition,BusinessTravelFrequency,Non-Travel,exploratory_operational_subgroup_diagnostic,132,30,True,false_positive_rate,3.0,0.46153846153846156,39,10,True,True
manuscript_final_20260712T175251Z_c664ef152ff3,c664ef152ff3a9eef89c53a403b9c2e6f677340bea0307b02d97d07cc54bdfc3,no_salary_hike_no_attrition,BusinessTravelFrequency,Non-Travel,exploratory_operational_subgroup_diagnostic,132,30,True,precision,3.0,0.8348623853211009,109,10,True,True
manuscript_final_20260712T175251Z_c664ef152ff3,c664ef152ff3a9eef89c53a403b9c2e6f677340bea0307b02d97d07cc54bdfc3,no_salary_hike_no_attrition,BusinessTravelFrequency,Non-Travel,exploratory_operational_subgroup_diagnostic,132,30,True,mean_predicted_probability,3.0,0.7349023103544657,132,30,True,True
manuscript_final_20260712T175251Z_c664ef152ff3,c664ef152ff3a9eef89c53a403b9c2e6f677340bea0307b02d97d07cc54bdfc3,no_salary_hike_no_attrition,BusinessTravelFrequency,Non-Travel,exploratory_operational_subgroup_diagnostic,132,30,True,positive_prediction_rate,4.0,0.007575757575757576,132,30,True,True
manuscript_final_20260712T175251Z_c664ef152ff3,c664ef152ff3a9eef89c53a403b9c2e6f677340bea0307b02d97d07cc54bdfc3,no_salary_hike_no_attrition,BusinessTravelFrequency,Non-Travel,exploratory_operational_subgroup_diagnostic,132,30,True,true_positive_rate,4.0,0.0,18,10,True,True
manuscript_final_20260712T175251Z_c664ef152ff3,c664ef152ff3a9eef89c53a403b9c2e6f677340bea0307b02d97d07cc54bdfc3,no_salary_hike_no_attrition,BusinessTravelFrequency,Non-Travel,exploratory_operational_subgroup_diagnostic,132,30,True,false_positive_rate,4.0,0.008771929824561403,114,10,True,True
manuscript_final_20260712T175251Z_c664ef152ff3,c664ef152ff3a9eef89c53a403b9c2e6f677340bea0307b02d97d07cc54bdfc3,no_salary_hike_no_attrition,BusinessTravelFrequency,Non-Travel,exploratory_operational_subgroup_diagnostic,132,30,True,precision,4.0,0.0,1,10,False,False
manuscript_final_20260712T175251Z_c664ef152ff3,c664ef152ff3a9eef89c53a403b9c2e6f677340bea0307b02d97d07cc54bdfc3,no_salary_hike_no_attrition,BusinessTravelFrequency,Non-Travel,exploratory_operational_subgroup_diagnostic,132,30,True,mean_predicted_probability,4.0,0.10510968921042865,132,30,True,True
manuscript_final_20260712T175251Z_c664ef152ff3,c664ef152ff3a9eef89c53a403b9c2e6f677340bea0307b02d97d07cc54bdfc3,no_salary_hike_no_attrition,BusinessTravelFrequency,Travel_Frequently,exploratory_operational_subgroup_diagnostic,222,30,True,accuracy,,0.8153153153153153,222,30,True,True
manuscript_final_20260712T175251Z_c664ef152ff3,c664ef152ff3a9eef89c53a403b9c2e6f677340bea0307b02d97d07cc54bdfc3,no_salary_hike_no_attrition,BusinessTravelFrequency,Travel_Frequently,exploratory_operational_subgroup_diagnostic,222,30,True,macro_f1,,0.586112759643917,222,30,True,True
manuscript_final_20260712T175251Z_c664ef152ff3,c664ef152ff3a9eef89c53a403b9c2e6f677340bea0307b02d97d07cc54bdfc3,no_salary_hike_no_attrition,BusinessTravelFrequency,Travel_Frequently,exploratory_operational_subgroup_diagnostic,222,30,True,positive_prediction_rate,2.0,0.17117117117117117,222,30,True,True
manuscript_final_20260712T175251Z_c664ef152ff3,c664ef152ff3a9eef89c53a403b9c2e6f677340bea0307b02d97d07cc54bdfc3,no_salary_hike_no_attrition,BusinessTravelFrequency,Travel_Frequently,exploratory_operational_subgroup_diagnostic,222,30,True,true_positive_rate,2.0,0.8918918918918919,37,10,True,True
manuscript_final_20260712T175251Z_c664ef152ff3,c664ef152ff3a9eef89c53a403b9c2e6f677340bea0307b02d97d07cc54bdfc3,no_salary_hike_no_attrition,BusinessTravelFrequency,Travel_Frequently,exploratory_operational_subgroup_diagnostic,222,30,True,false_positive_rate,2.0,0.02702702702702703,185,10,True,True
manuscript_final_20260712T175251Z_c664ef152ff3,c664ef152ff3a9eef89c53a403b9c2e6f677340bea0307b02d97d07cc54bdfc3,no_salary_hike_no_attrition,BusinessTravelFrequency,Travel_Frequently,exploratory_operational_subgroup_diagnostic,222,30,True,precision,2.0,0.868421052631579,38,10,True,True
manuscript_final_20260712T175251Z_c664ef152ff3,c664ef152ff3a9eef89c53a403b9c2e6f677340bea0307b02d97d07cc54bdfc3,no_salary_hike_no_attrition,BusinessTravelFrequency,Travel_Frequently,exploratory_operational_subgroup_diagnostic,222,30,True,mean_predicted_probability,2.0,0.1647505079791855,222,30,True,True
manuscript_final_20260712T175251Z_c664ef152ff3,c664ef152ff3a9eef89c53a403b9c2e6f677340bea0307b02d97d07cc54bdfc3,no_salary_hike_no_attrition,BusinessTravelFrequency,Travel_Frequently,exploratory_operational_subgroup_diagnostic,222,30,True,positive_prediction_rate,3.0,0.8243243243243243,222,30,True,True
manuscript_final_20260712T175251Z_c664ef152ff3,c664ef152ff3a9eef89c53a403b9c2e6f677340bea0307b02d97d07cc54bdfc3,no_salary_hike_no_attrition,BusinessTravelFrequency,Travel_Frequently,exploratory_operational_subgroup_diagnostic,222,30,True,true_positive_rate,3.0,0.961038961038961,154,10,True,True
manuscript_final_20260712T175251Z_c664ef152ff3,c664ef152ff3a9eef89c53a403b9c2e6f677340bea0307b02d97d07cc54bdfc3,no_salary_hike_no_attrition,BusinessTravelFrequency,Travel_Frequently,exploratory_operational_subgroup_diagnostic,222,30,True,false_positive_rate,3.0,0.5147058823529411,68,10,True,True
manuscript_final_20260712T175251Z_c664ef152ff3,c664ef152ff3a9eef89c53a403b9c2e6f677340bea0307b02d97d07cc54bdfc3,no_salary_hike_no_attrition,BusinessTravelFrequency,Travel_Frequently,exploratory_operational_subgroup_diagnostic,222,30,True,precision,3.0,0.8087431693989071,183,10,True,True
manuscript_final_20260712T175251Z_c664ef152ff3,c664ef152ff3a9eef89c53a403b9c2e6f677340bea0307b02d97d07cc54bdfc3,no_salary_hike_no_attrition,BusinessTravelFrequency,Travel_Frequently,exploratory_operational_subgroup_diagnostic,222,30,True,mean_predicted_probability,3.0,0.7375491072155267,222,30,True,True
manuscript_final_20260712T175251Z_c664ef152ff3,c664ef152ff3a9eef89c53a403b9c2e6f677340bea0307b02d97d07cc54bdfc3,no_salary_hike_no_attrition,BusinessTravelFrequency,Travel_Frequently,exploratory_operational_subgroup_diagnostic,222,30,True,positive_prediction_rate,4.0,0.0045045045045045045,222,30,True,True
manuscript_final_20260712T175251Z_c664ef152ff3,c664ef152ff3a9eef89c53a403b9c2e6f677340bea0307b02d97d07cc54bdfc3,no_salary_hike_no_attrition,BusinessTravelFrequency,Travel_Frequently,exploratory_operational_subgroup_diagnostic,222,30,True,true_positive_rate,4.0,0.0,31,10,True,True
manuscript_final_20260712T175251Z_c664ef152ff3,c664ef152ff3a9eef89c53a403b9c2e6f677340bea0307b02d97d07cc54bdfc3,no_salary_hike_no_attrition,BusinessTravelFrequency,Travel_Frequently,exploratory_operational_subgroup_diagnostic,222,30,True,false_positive_rate,4.0,0.005235602094240838,191,10,True,True
manuscript_final_20260712T175251Z_c664ef152ff3,c664ef152ff3a9eef89c53a403b9c2e6f677340bea0307b02d97d07cc54bdfc3,no_salary_hike_no_attrition,BusinessTravelFrequency,Travel_Frequently,exploratory_operational_subgroup_diagnostic,222,30,True,precision,4.0,0.0,1,10,False,False
manuscript_final_20260712T175251Z_c664ef152ff3,c664ef152ff3a9eef89c53a403b9c2e6f677340bea0307b02d97d07cc54bdfc3,no_salary_hike_no_attrition,BusinessTravelFrequency,Travel_Frequently,exploratory_operational_subgroup_diagnostic,222,30,True,mean_predicted_probability,4.0,0.09770038335815887,222,30,True,True
manuscript_final_20260712T175251Z_c664ef152ff3,c664ef152ff3a9eef89c53a403b9c2e6f677340bea0307b02d97d07cc54bdfc3,no_salary_hike_no_attrition,BusinessTravelFrequency,Travel_Rarely,exploratory_operational_subgroup_diagnostic,846,30,True,accuracy,,0.8652482269503546,846,30,True,True
manuscript_final_20260712T175251Z_c664ef152ff3,c664ef152ff3a9eef89c53a403b9c2e6f677340bea0307b02d97d07cc54bdfc3,no_salary_hike_no_attrition,BusinessTravelFrequency,Travel_Rarely,exploratory_operational_subgroup_diagnostic,846,30,True,macro_f1,,0.6055123446427794,846,30,True,True
manuscript_final_20260712T175251Z_c664ef152ff3,c664ef152ff3a9eef89c53a403b9c2e6f677340bea0307b02d97d07cc54bdfc3,no_salary_hike_no_attrition,BusinessTravelFrequency,Travel_Rarely,exploratory_operational_subgroup_diagnostic,846,30,True,positive_prediction_rate,2.0,0.16548463356973994,846,30,True,True
manuscript_final_20260712T175251Z_c664ef152ff3,c664ef152ff3a9eef89c53a403b9c2e6f677340bea0307b02d97d07cc54bdfc3,no_salary_hike_no_attrition,BusinessTravelFrequency,Travel_Rarely,exploratory_operational_subgroup_diagnostic,846,30,True,true_positive_rate,2.0,0.8897058823529411,136,10,True,True
manuscript_final_20260712T175251Z_c664ef152ff3,c664ef152ff3a9eef89c53a403b9c2e6f677340bea0307b02d97d07cc54bdfc3,no_salary_hike_no_attrition,BusinessTravelFrequency,Travel_Rarely,exploratory_operational_subgroup_diagnostic,846,30,True,false_positive_rate,2.0,0.02676056338028169,710,10,True,True
manuscript_final_20260712T175251Z_c664ef152ff3,c664ef152ff3a9eef89c53a403b9c2e6f677340bea0307b02d97d07cc54bdfc3,no_salary_hike_no_attrition,BusinessTravelFrequency,Travel_Rarely,exploratory_operational_subgroup_diagnostic,846,30,True,precision,2.0,0.8642857142857143,140,10,True,True
manuscript_final_20260712T175251Z_c664ef152ff3,c664ef152ff3a9eef89c53a403b9c2e6f677340bea0307b02d97d07cc54bdfc3,no_salary_hike_no_attrition,BusinessTravelFrequency,Travel_Rarely,exploratory_operational_subgroup_diagnostic,846,30,True,mean_predicted_probability,2.0,0.15990833686602435,846,30,True,True
manuscript_final_20260712T175251Z_c664ef152ff3,c664ef152ff3a9eef89c53a403b9c2e6f677340bea0307b02d97d07cc54bdfc3,no_salary_hike_no_attrition,BusinessTravelFrequency,Travel_Rarely,exploratory_operational_subgroup_diagnostic,846,30,True,positive_prediction_rate,3.0,0.8333333333333334,846,30,True,True
manuscript_final_20260712T175251Z_c664ef152ff3,c664ef152ff3a9eef89c53a403b9c2e6f677340bea0307b02d97d07cc54bdfc3,no_salary_hike_no_attrition,BusinessTravelFrequency,Travel_Rarely,exploratory_operational_subgroup_diagnostic,846,30,True,true_positive_rate,3.0,0.9728867623604466,627,10,True,True
manuscript_final_20260712T175251Z_c664ef152ff3,c664ef152ff3a9eef89c53a403b9c2e6f677340bea0307b02d97d07cc54bdfc3,no_salary_hike_no_attrition,BusinessTravelFrequency,Travel_Rarely,exploratory_operational_subgroup_diagnostic,846,30,True,false_positive_rate,3.0,0.4337899543378995,219,10,True,True
manuscript_final_20260712T175251Z_c664ef152ff3,c664ef152ff3a9eef89c53a403b9c2e6f677340bea0307b02d97d07cc54bdfc3,no_salary_hike_no_attrition,BusinessTravelFrequency,Travel_Rarely,exploratory_operational_subgroup_diagnostic,846,30,True,precision,3.0,0.8652482269503546,705,10,True,True
manuscript_final_20260712T175251Z_c664ef152ff3,c664ef152ff3a9eef89c53a403b9c2e6f677340bea0307b02d97d07cc54bdfc3,no_salary_hike_no_attrition,BusinessTravelFrequency,Travel_Rarely,exploratory_operational_subgroup_diagnostic,846,30,True,mean_predicted_probability,3.0,0.7599857605533591,846,30,True,True
manuscript_final_20260712T175251Z_c664ef152ff3,c664ef152ff3a9eef89c53a403b9c2e6f677340bea0307b02d97d07cc54bdfc3,no_salary_hike_no_attrition,BusinessTravelFrequency,Travel_Rarely,exploratory_operational_subgroup_diagnostic,846,30,True,positive_prediction_rate,4.0,0.001182033096926714,846,30,True,True
manuscript_final_20260712T175251Z_c664ef152ff3,c664ef152ff3a9eef89c53a403b9c2e6f677340bea0307b02d97d07cc54bdfc3,no_salary_hike_no_attrition,BusinessTravelFrequency,Travel_Rarely,exploratory_operational_subgroup_diagnostic,846,30,True,true_positive_rate,4.0,0.012048192771084338,83,10,True,True
manuscript_final_20260712T175251Z_c664ef152ff3,c664ef152ff3a9eef89c53a403b9c2e6f677340bea0307b02d97d07cc54bdfc3,no_salary_hike_no_attrition,BusinessTravelFrequency,Travel_Rarely,exploratory_operational_subgroup_diagnostic,846,30,True,false_positive_rate,4.0,0.0,763,10,True,True
manuscript_final_20260712T175251Z_c664ef152ff3,c664ef152ff3a9eef89c53a403b9c2e6f677340bea0307b02d97d07cc54bdfc3,no_salary_hike_no_attrition,BusinessTravelFrequency,Travel_Rarely,exploratory_operational_subgroup_diagnostic,846,30,True,precision,4.0,1.0,1,10,False,False
manuscript_final_20260712T175251Z_c664ef152ff3,c664ef152ff3a9eef89c53a403b9c2e6f677340bea0307b02d97d07cc54bdfc3,no_salary_hike_no_attrition,BusinessTravelFrequency,Travel_Rarely,exploratory_operational_subgroup_diagnostic,846,30,True,mean_predicted_probability,4.0,0.08010590272955871,846,30,True,True
manuscript_final_20260712T175251Z_c664ef152ff3,c664ef152ff3a9eef89c53a403b9c2e6f677340bea0307b02d97d07cc54bdfc3,no_salary_hike_no_attrition_no_department,Age,18-29,protected_or_sensitive_descriptive_audit,267,30,True,accuracy,,0.846441947565543,267,30,True,True
manuscript_final_20260712T175251Z_c664ef152ff3,c664ef152ff3a9eef89c53a403b9c2e6f677340bea0307b02d97d07cc54bdfc3,no_salary_hike_no_attrition_no_department,Age,18-29,protected_or_sensitive_descriptive_audit,267,30,True,macro_f1,,0.588096301811864,267,30,True,True
manuscript_final_20260712T175251Z_c664ef152ff3,c664ef152ff3a9eef89c53a403b9c2e6f677340bea0307b02d97d07cc54bdfc3,no_salary_hike_no_attrition_no_department,Age,18-29,protected_or_sensitive_descriptive_audit,267,30,True,positive_prediction_rate,2.0,0.149812734082397,267,30,True,True
manuscript_final_20260712T175251Z_c664ef152ff3,c664ef152ff3a9eef89c53a403b9c2e6f677340bea0307b02d97d07cc54bdfc3,no_salary_hike_no_attrition_no_department,Age,18-29,protected_or_sensitive_descriptive_audit,267,30,True,true_positive_rate,2.0,0.8717948717948718,39,10,True,True
manuscript_final_20260712T175251Z_c664ef152ff3,c664ef152ff3a9eef89c53a403b9c2e6f677340bea0307b02d97d07cc54bdfc3,no_salary_hike_no_attrition_no_department,Age,18-29,protected_or_sensitive_descriptive_audit,267,30,True,false_positive_rate,2.0,0.02631578947368421,228,10,True,True
manuscript_final_20260712T175251Z_c664ef152ff3,c664ef152ff3a9eef89c53a403b9c2e6f677340bea0307b02d97d07cc54bdfc3,no_salary_hike_no_attrition_no_department,Age,18-29,protected_or_sensitive_descriptive_audit,267,30,True,precision,2.0,0.85,40,10,True,True
manuscript_final_20260712T175251Z_c664ef152ff3,c664ef152ff3a9eef89c53a403b9c2e6f677340bea0307b02d97d07cc54bdfc3,no_salary_hike_no_attrition_no_department,Age,18-29,protected_or_sensitive_descriptive_audit,267,30,True,mean_predicted_probability,2.0,0.14137956779788088,267,30,True,True
manuscript_final_20260712T175251Z_c664ef152ff3,c664ef152ff3a9eef89c53a403b9c2e6f677340bea0307b02d97d07cc54bdfc3,no_salary_hike_no_attrition_no_department,Age,18-29,protected_or_sensitive_descriptive_audit,267,30,True,positive_prediction_rate,3.0,0.850187265917603,267,30,True,True
manuscript_final_20260712T175251Z_c664ef152ff3,c664ef152ff3a9eef89c53a403b9c2e6f677340bea0307b02d97d07cc54bdfc3,no_salary_hike_no_attrition_no_department,Age,18-29,protected_or_sensitive_descriptive_audit,267,30,True,true_positive_rate,3.0,0.9696969696969697,198,10,True,True
manuscript_final_20260712T175251Z_c664ef152ff3,c664ef152ff3a9eef89c53a403b9c2e6f677340bea0307b02d97d07cc54bdfc3,no_salary_hike_no_attrition_no_department,Age,18-29,protected_or_sensitive_descriptive_audit,267,30,True,false_positive_rate,3.0,0.5072463768115942,69,10,True,True
manuscript_final_20260712T175251Z_c664ef152ff3,c664ef152ff3a9eef89c53a403b9c2e6f677340bea0307b02d97d07cc54bdfc3,no_salary_hike_no_attrition_no_department,Age,18-29,protected_or_sensitive_descriptive_audit,267,30,True,precision,3.0,0.8458149779735683,227,10,True,True
manuscript_final_20260712T175251Z_c664ef152ff3,c664ef152ff3a9eef89c53a403b9c2e6f677340bea0307b02d97d07cc54bdfc3,no_salary_hike_no_attrition_no_department,Age,18-29,protected_or_sensitive_descriptive_audit,267,30,True,mean_predicted_probability,3.0,0.7713506602392661,267,30,True,True
manuscript_final_20260712T175251Z_c664ef152ff3,c664ef152ff3a9eef89c53a403b9c2e6f677340bea0307b02d97d07cc54bdfc3,no_salary_hike_no_attrition_no_department,Age,18-29,protected_or_sensitive_descriptive_audit,267,30,True,positive_prediction_rate,4.0,0.0,267,30,True,True
manuscript_final_20260712T175251Z_c664ef152ff3,c664ef152ff3a9eef89c53a403b9c2e6f677340bea0307b02d97d07cc54bdfc3,no_salary_hike_no_attrition_no_department,Age,18-29,protected_or_sensitive_descriptive_audit,267,30,True,true_positive_rate,4.0,0.0,30,10,True,True
manuscript_final_20260712T175251Z_c664ef152ff3,c664ef152ff3a9eef89c53a403b9c2e6f677340bea0307b02d97d07cc54bdfc3,no_salary_hike_no_attrition_no_department,Age,18-29,protected_or_sensitive_descriptive_audit,267,30,True,false_positive_rate,4.0,0.0,237,10,True,True
manuscript_final_20260712T175251Z_c664ef152ff3,c664ef152ff3a9eef89c53a403b9c2e6f677340bea0307b02d97d07cc54bdfc3,no_salary_hike_no_attrition_no_department,Age,18-29,protected_or_sensitive_descriptive_audit,267,30,True,precision,4.0,,0,10,False,False
manuscript_final_20260712T175251Z_c664ef152ff3,c664ef152ff3a9eef89c53a403b9c2e6f677340bea0307b02d97d07cc54bdfc3,no_salary_hike_no_attrition_no_department,Age,18-29,protected_or_sensitive_descriptive_audit,267,30,True,mean_predicted_probability,4.0,0.08726977573119955,267,30,True,True
manuscript_final_20260712T175251Z_c664ef152ff3,c664ef152ff3a9eef89c53a403b9c2e6f677340bea0307b02d97d07cc54bdfc3,no_salary_hike_no_attrition_no_department,Age,30-39,protected_or_sensitive_descriptive_audit,506,30,True,accuracy,,0.8458498023715415,506,30,True,True
manuscript_final_20260712T175251Z_c664ef152ff3,c664ef152ff3a9eef89c53a403b9c2e6f677340bea0307b02d97d07cc54bdfc3,no_salary_hike_no_attrition_no_department,Age,30-39,protected_or_sensitive_descriptive_audit,506,30,True,macro_f1,,0.5922544080604534,506,30,True,True
manuscript_final_20260712T175251Z_c664ef152ff3,c664ef152ff3a9eef89c53a403b9c2e6f677340bea0307b02d97d07cc54bdfc3,no_salary_hike_no_attrition_no_department,Age,30-39,protected_or_sensitive_descriptive_audit,506,30,True,positive_prediction_rate,2.0,0.1600790513833992,506,30,True,True
manuscript_final_20260712T175251Z_c664ef152ff3,c664ef152ff3a9eef89c53a403b9c2e6f677340bea0307b02d97d07cc54bdfc3,no_salary_hike_no_attrition_no_department,Age,30-39,protected_or_sensitive_descriptive_audit,506,30,True,true_positive_rate,2.0,0.8860759493670886,79,10,True,True
manuscript_final_20260712T175251Z_c664ef152ff3,c664ef152ff3a9eef89c53a403b9c2e6f677340bea0307b02d97d07cc54bdfc3,no_salary_hike_no_attrition_no_department,Age,30-39,protected_or_sensitive_descriptive_audit,506,30,True,false_positive_rate,2.0,0.02576112412177986,427,10,True,True
manuscript_final_20260712T175251Z_c664ef152ff3,c664ef152ff3a9eef89c53a403b9c2e6f677340bea0307b02d97d07cc54bdfc3,no_salary_hike_no_attrition_no_department,Age,30-39,protected_or_sensitive_descriptive_audit,506,30,True,precision,2.0,0.8641975308641975,81,10,True,True
manuscript_final_20260712T175251Z_c664ef152ff3,c664ef152ff3a9eef89c53a403b9c2e6f677340bea0307b02d97d07cc54bdfc3,no_salary_hike_no_attrition_no_department,Age,30-39,protected_or_sensitive_descriptive_audit,506,30,True,mean_predicted_probability,2.0,0.1541645740909286,506,30,True,True
manuscript_final_20260712T175251Z_c664ef152ff3,c664ef152ff3a9eef89c53a403b9c2e6f677340bea0307b02d97d07cc54bdfc3,no_salary_hike_no_attrition_no_department,Age,30-39,protected_or_sensitive_descriptive_audit,506,30,True,positive_prediction_rate,3.0,0.8359683794466403,506,30,True,True
manuscript_final_20260712T175251Z_c664ef152ff3,c664ef152ff3a9eef89c53a403b9c2e6f677340bea0307b02d97d07cc54bdfc3,no_salary_hike_no_attrition_no_department,Age,30-39,protected_or_sensitive_descriptive_audit,506,30,True,true_positive_rate,3.0,0.9649595687331537,371,10,True,True
manuscript_final_20260712T175251Z_c664ef152ff3,c664ef152ff3a9eef89c53a403b9c2e6f677340bea0307b02d97d07cc54bdfc3,no_salary_hike_no_attrition_no_department,Age,30-39,protected_or_sensitive_descriptive_audit,506,30,True,false_positive_rate,3.0,0.48148148148148145,135,10,True,True
manuscript_final_20260712T175251Z_c664ef152ff3,c664ef152ff3a9eef89c53a403b9c2e6f677340bea0307b02d97d07cc54bdfc3,no_salary_hike_no_attrition_no_department,Age,30-39,protected_or_sensitive_descriptive_audit,506,30,True,precision,3.0,0.8463356973995272,423,10,True,True
manuscript_final_20260712T175251Z_c664ef152ff3,c664ef152ff3a9eef89c53a403b9c2e6f677340bea0307b02d97d07cc54bdfc3,no_salary_hike_no_attrition_no_department,Age,30-39,protected_or_sensitive_descriptive_audit,506,30,True,mean_predicted_probability,3.0,0.7521955426451069,506,30,True,True
manuscript_final_20260712T175251Z_c664ef152ff3,c664ef152ff3a9eef89c53a403b9c2e6f677340bea0307b02d97d07cc54bdfc3,no_salary_hike_no_attrition_no_department,Age,30-39,protected_or_sensitive_descriptive_audit,506,30,True,positive_prediction_rate,4.0,0.003952569169960474,506,30,True,True
manuscript_final_20260712T175251Z_c664ef152ff3,c664ef152ff3a9eef89c53a403b9c2e6f677340bea0307b02d97d07cc54bdfc3,no_salary_hike_no_attrition_no_department,Age,30-39,protected_or_sensitive_descriptive_audit,506,30,True,true_positive_rate,4.0,0.0,56,10,True,True
manuscript_final_20260712T175251Z_c664ef152ff3,c664ef152ff3a9eef89c53a403b9c2e6f677340bea0307b02d97d07cc54bdfc3,no_salary_hike_no_attrition_no_department,Age,30-39,protected_or_sensitive_descriptive_audit,506,30,True,false_positive_rate,4.0,0.0044444444444444444,450,10,True,True
manuscript_final_20260712T175251Z_c664ef152ff3,c664ef152ff3a9eef89c53a403b9c2e6f677340bea0307b02d97d07cc54bdfc3,no_salary_hike_no_attrition_no_department,Age,30-39,protected_or_sensitive_descriptive_audit,506,30,True,precision,4.0,0.0,2,10,False,False
manuscript_final_20260712T175251Z_c664ef152ff3,c664ef152ff3a9eef89c53a403b9c2e6f677340bea0307b02d97d07cc54bdfc3,no_salary_hike_no_attrition_no_department,Age,30-39,protected_or_sensitive_descriptive_audit,506,30,True,mean_predicted_probability,4.0,0.09363988300338166,506,30,True,True
manuscript_final_20260712T175251Z_c664ef152ff3,c664ef152ff3a9eef89c53a403b9c2e6f677340bea0307b02d97d07cc54bdfc3,no_salary_hike_no_attrition_no_department,Age,40-49,protected_or_sensitive_descriptive_audit,287,30,True,accuracy,,0.8536585365853658,287,30,True,True
manuscript_final_20260712T175251Z_c664ef152ff3,c664ef152ff3a9eef89c53a403b9c2e6f677340bea0307b02d97d07cc54bdfc3,no_salary_hike_no_attrition_no_department,Age,40-49,protected_or_sensitive_descriptive_audit,287,30,True,macro_f1,,0.6009811293730082,287,30,True,True
manuscript_final_20260712T175251Z_c664ef152ff3,c664ef152ff3a9eef89c53a403b9c2e6f677340bea0307b02d97d07cc54bdfc3,no_salary_hike_no_attrition_no_department,Age,40-49,protected_or_sensitive_descriptive_audit,287,30,True,positive_prediction_rate,2.0,0.1986062717770035,287,30,True,True
manuscript_final_20260712T175251Z_c664ef152ff3,c664ef152ff3a9eef89c53a403b9c2e6f677340bea0307b02d97d07cc54bdfc3,no_salary_hike_no_attrition_no_department,Age,40-49,protected_or_sensitive_descriptive_audit,287,30,True,true_positive_rate,2.0,0.96,50,10,True,True
manuscript_final_20260712T175251Z_c664ef152ff3,c664ef152ff3a9eef89c53a403b9c2e6f677340bea0307b02d97d07cc54bdfc3,no_salary_hike_no_attrition_no_department,Age,40-49,protected_or_sensitive_descriptive_audit,287,30,True,false_positive_rate,2.0,0.0379746835443038,237,10,True,True
manuscript_final_20260712T175251Z_c664ef152ff3,c664ef152ff3a9eef89c53a403b9c2e6f677340bea0307b02d97d07cc54bdfc3,no_salary_hike_no_attrition_no_department,Age,40-49,protected_or_sensitive_descriptive_audit,287,30,True,precision,2.0,0.8421052631578947,57,10,True,True
manuscript_final_20260712T175251Z_c664ef152ff3,c664ef152ff3a9eef89c53a403b9c2e6f677340bea0307b02d97d07cc54bdfc3,no_salary_hike_no_attrition_no_department,Age,40-49,protected_or_sensitive_descriptive_audit,287,30,True,mean_predicted_probability,2.0,0.17971467348016418,287,30,True,True
manuscript_final_20260712T175251Z_c664ef152ff3,c664ef152ff3a9eef89c53a403b9c2e6f677340bea0307b02d97d07cc54bdfc3,no_salary_hike_no_attrition_no_department,Age,40-49,protected_or_sensitive_descriptive_audit,287,30,True,positive_prediction_rate,3.0,0.7979094076655052,287,30,True,True
manuscript_final_20260712T175251Z_c664ef152ff3,c664ef152ff3a9eef89c53a403b9c2e6f677340bea0307b02d97d07cc54bdfc3,no_salary_hike_no_attrition_no_department,Age,40-49,protected_or_sensitive_descriptive_audit,287,30,True,true_positive_rate,3.0,0.9563106796116505,206,10,True,True
manuscript_final_20260712T175251Z_c664ef152ff3,c664ef152ff3a9eef89c53a403b9c2e6f677340bea0307b02d97d07cc54bdfc3,no_salary_hike_no_attrition_no_department,Age,40-49,protected_or_sensitive_descriptive_audit,287,30,True,false_positive_rate,3.0,0.3950617283950617,81,10,True,True
manuscript_final_20260712T175251Z_c664ef152ff3,c664ef152ff3a9eef89c53a403b9c2e6f677340bea0307b02d97d07cc54bdfc3,no_salary_hike_no_attrition_no_department,Age,40-49,protected_or_sensitive_descriptive_audit,287,30,True,precision,3.0,0.8602620087336245,229,10,True,True
manuscript_final_20260712T175251Z_c664ef152ff3,c664ef152ff3a9eef89c53a403b9c2e6f677340bea0307b02d97d07cc54bdfc3,no_salary_hike_no_attrition_no_department,Age,40-49,protected_or_sensitive_descriptive_audit,287,30,True,mean_predicted_probability,3.0,0.735159230866317,287,30,True,True
manuscript_final_20260712T175251Z_c664ef152ff3,c664ef152ff3a9eef89c53a403b9c2e6f677340bea0307b02d97d07cc54bdfc3,no_salary_hike_no_attrition_no_department,Age,40-49,protected_or_sensitive_descriptive_audit,287,30,True,positive_prediction_rate,4.0,0.003484320557491289,287,30,True,True
manuscript_final_20260712T175251Z_c664ef152ff3,c664ef152ff3a9eef89c53a403b9c2e6f677340bea0307b02d97d07cc54bdfc3,no_salary_hike_no_attrition_no_department,Age,40-49,protected_or_sensitive_descriptive_audit,287,30,True,true_positive_rate,4.0,0.0,31,10,True,True
manuscript_final_20260712T175251Z_c664ef152ff3,c664ef152ff3a9eef89c53a403b9c2e6f677340bea0307b02d97d07cc54bdfc3,no_salary_hike_no_attrition_no_department,Age,40-49,protected_or_sensitive_descriptive_audit,287,30,True,false_positive_rate,4.0,0.00390625,256,10,True,True
manuscript_final_20260712T175251Z_c664ef152ff3,c664ef152ff3a9eef89c53a403b9c2e6f677340bea0307b02d97d07cc54bdfc3,no_salary_hike_no_attrition_no_department,Age,40-49,protected_or_sensitive_descriptive_audit,287,30,True,precision,4.0,0.0,1,10,False,False
manuscript_final_20260712T175251Z_c664ef152ff3,c664ef152ff3a9eef89c53a403b9c2e6f677340bea0307b02d97d07cc54bdfc3,no_salary_hike_no_attrition_no_department,Age,40-49,protected_or_sensitive_descriptive_audit,287,30,True,mean_predicted_probability,4.0,0.08512609271869673,287,30,True,True
manuscript_final_20260712T175251Z_c664ef152ff3,c664ef152ff3a9eef89c53a403b9c2e6f677340bea0307b02d97d07cc54bdfc3,no_salary_hike_no_attrition_no_department,Age,50-59,protected_or_sensitive_descriptive_audit,137,30,True,accuracy,,0.8686131386861314,137,30,True,True
manuscript_final_20260712T175251Z_c664ef152ff3,c664ef152ff3a9eef89c53a403b9c2e6f677340bea0307b02d97d07cc54bdfc3,no_salary_hike_no_attrition_no_department,Age,50-59,protected_or_sensitive_descriptive_audit,137,30,True,macro_f1,,0.6464317976513098,137,30,True,True
manuscript_final_20260712T175251Z_c664ef152ff3,c664ef152ff3a9eef89c53a403b9c2e6f677340bea0307b02d97d07cc54bdfc3,no_salary_hike_no_attrition_no_department,Age,50-59,protected_or_sensitive_descriptive_audit,137,30,True,positive_prediction_rate,2.0,0.20437956204379562,137,30,True,True
manuscript_final_20260712T175251Z_c664ef152ff3,c664ef152ff3a9eef89c53a403b9c2e6f677340bea0307b02d97d07cc54bdfc3,no_salary_hike_no_attrition_no_department,Age,50-59,protected_or_sensitive_descriptive_audit,137,30,True,true_positive_rate,2.0,0.9230769230769231,26,10,True,True
manuscript_final_20260712T175251Z_c664ef152ff3,c664ef152ff3a9eef89c53a403b9c2e6f677340bea0307b02d97d07cc54bdfc3,no_salary_hike_no_attrition_no_department,Age,50-59,protected_or_sensitive_descriptive_audit,137,30,True,false_positive_rate,2.0,0.036036036036036036,111,10,True,True
manuscript_final_20260712T175251Z_c664ef152ff3,c664ef152ff3a9eef89c53a403b9c2e6f677340bea0307b02d97d07cc54bdfc3,no_salary_hike_no_attrition_no_department,Age,50-59,protected_or_sensitive_descriptive_audit,137,30,True,precision,2.0,0.8571428571428571,28,10,True,True
manuscript_final_20260712T175251Z_c664ef152ff3,c664ef152ff3a9eef89c53a403b9c2e6f677340bea0307b02d97d07cc54bdfc3,no_salary_hike_no_attrition_no_department,Age,50-59,protected_or_sensitive_descriptive_audit,137,30,True,mean_predicted_probability,2.0,0.19438830261819964,137,30,True,True
manuscript_final_20260712T175251Z_c664ef152ff3,c664ef152ff3a9eef89c53a403b9c2e6f677340bea0307b02d97d07cc54bdfc3,no_salary_hike_no_attrition_no_department,Age,50-59,protected_or_sensitive_descriptive_audit,137,30,True,positive_prediction_rate,3.0,0.7883211678832117,137,30,True,True
manuscript_final_20260712T175251Z_c664ef152ff3,c664ef152ff3a9eef89c53a403b9c2e6f677340bea0307b02d97d07cc54bdfc3,no_salary_hike_no_attrition_no_department,Age,50-59,protected_or_sensitive_descriptive_audit,137,30,True,true_positive_rate,3.0,0.9690721649484536,97,10,True,True
manuscript_final_20260712T175251Z_c664ef152ff3,c664ef152ff3a9eef89c53a403b9c2e6f677340bea0307b02d97d07cc54bdfc3,no_salary_hike_no_attrition_no_department,Age,50-59,protected_or_sensitive_descriptive_audit,137,30,True,false_positive_rate,3.0,0.35,40,10,True,True
manuscript_final_20260712T175251Z_c664ef152ff3,c664ef152ff3a9eef89c53a403b9c2e6f677340bea0307b02d97d07cc54bdfc3,no_salary_hike_no_attrition_no_department,Age,50-59,protected_or_sensitive_descriptive_audit,137,30,True,precision,3.0,0.8703703703703703,108,10,True,True
manuscript_final_20260712T175251Z_c664ef152ff3,c664ef152ff3a9eef89c53a403b9c2e6f677340bea0307b02d97d07cc54bdfc3,no_salary_hike_no_attrition_no_department,Age,50-59,protected_or_sensitive_descriptive_audit,137,30,True,mean_predicted_probability,3.0,0.7334778068220094,137,30,True,True
manuscript_final_20260712T175251Z_c664ef152ff3,c664ef152ff3a9eef89c53a403b9c2e6f677340bea0307b02d97d07cc54bdfc3,no_salary_hike_no_attrition_no_department,Age,50-59,protected_or_sensitive_descriptive_audit,137,30,True,positive_prediction_rate,4.0,0.0072992700729927005,137,30,True,True
manuscript_final_20260712T175251Z_c664ef152ff3,c664ef152ff3a9eef89c53a403b9c2e6f677340bea0307b02d97d07cc54bdfc3,no_salary_hike_no_attrition_no_department,Age,50-59,protected_or_sensitive_descriptive_audit,137,30,True,true_positive_rate,4.0,0.07142857142857142,14,10,True,True
manuscript_final_20260712T175251Z_c664ef152ff3,c664ef152ff3a9eef89c53a403b9c2e6f677340bea0307b02d97d07cc54bdfc3,no_salary_hike_no_attrition_no_department,Age,50-59,protected_or_sensitive_descriptive_audit,137,30,True,false_positive_rate,4.0,0.0,123,10,True,True
manuscript_final_20260712T175251Z_c664ef152ff3,c664ef152ff3a9eef89c53a403b9c2e6f677340bea0307b02d97d07cc54bdfc3,no_salary_hike_no_attrition_no_department,Age,50-59,protected_or_sensitive_descriptive_audit,137,30,True,precision,4.0,1.0,1,10,False,False
manuscript_final_20260712T175251Z_c664ef152ff3,c664ef152ff3a9eef89c53a403b9c2e6f677340bea0307b02d97d07cc54bdfc3,no_salary_hike_no_attrition_no_department,Age,50-59,protected_or_sensitive_descriptive_audit,137,30,True,mean_predicted_probability,4.0,0.07213388729575396,137,30,True,True
manuscript_final_20260712T175251Z_c664ef152ff3,c664ef152ff3a9eef89c53a403b9c2e6f677340bea0307b02d97d07cc54bdfc3,no_salary_hike_no_attrition_no_department,Age,60+,protected_or_sensitive_descriptive_audit,3,30,False,accuracy,,0.3333333333333333,3,30,False,False
manuscript_final_20260712T175251Z_c664ef152ff3,c664ef152ff3a9eef89c53a403b9c2e6f677340bea0307b02d97d07cc54bdfc3,no_salary_hike_no_attrition_no_department,Age,60+,protected_or_sensitive_descriptive_audit,3,30,False,macro_f1,,0.16666666666666666,3,30,False,False
manuscript_final_20260712T175251Z_c664ef152ff3,c664ef152ff3a9eef89c53a403b9c2e6f677340bea0307b02d97d07cc54bdfc3,no_salary_hike_no_attrition_no_department,Age,60+,protected_or_sensitive_descriptive_audit,3,30,False,positive_prediction_rate,2.0,0.3333333333333333,3,30,False,False
manuscript_final_20260712T175251Z_c664ef152ff3,c664ef152ff3a9eef89c53a403b9c2e6f677340bea0307b02d97d07cc54bdfc3,no_salary_hike_no_attrition_no_department,Age,60+,protected_or_sensitive_descriptive_audit,3,30,False,true_positive_rate,2.0,,0,10,False,False
manuscript_final_20260712T175251Z_c664ef152ff3,c664ef152ff3a9eef89c53a403b9c2e6f677340bea0307b02d97d07cc54bdfc3,no_salary_hike_no_attrition_no_department,Age,60+,protected_or_sensitive_descriptive_audit,3,30,False,false_positive_rate,2.0,0.3333333333333333,3,10,False,False
manuscript_final_20260712T175251Z_c664ef152ff3,c664ef152ff3a9eef89c53a403b9c2e6f677340bea0307b02d97d07cc54bdfc3,no_salary_hike_no_attrition_no_department,Age,60+,protected_or_sensitive_descriptive_audit,3,30,False,precision,2.0,0.0,1,10,False,False
manuscript_final_20260712T175251Z_c664ef152ff3,c664ef152ff3a9eef89c53a403b9c2e6f677340bea0307b02d97d07cc54bdfc3,no_salary_hike_no_attrition_no_department,Age,60+,protected_or_sensitive_descriptive_audit,3,30,False,mean_predicted_probability,2.0,0.42932344029153074,3,30,False,False
manuscript_final_20260712T175251Z_c664ef152ff3,c664ef152ff3a9eef89c53a403b9c2e6f677340bea0307b02d97d07cc54bdfc3,no_salary_hike_no_attrition_no_department,Age,60+,protected_or_sensitive_descriptive_audit,3,30,False,positive_prediction_rate,3.0,0.6666666666666666,3,30,False,False
manuscript_final_20260712T175251Z_c664ef152ff3,c664ef152ff3a9eef89c53a403b9c2e6f677340bea0307b02d97d07cc54bdfc3,no_salary_hike_no_attrition_no_department,Age,60+,protected_or_sensitive_descriptive_audit,3,30,False,true_positive_rate,3.0,0.5,2,10,False,False
manuscript_final_20260712T175251Z_c664ef152ff3,c664ef152ff3a9eef89c53a403b9c2e6f677340bea0307b02d97d07cc54bdfc3,no_salary_hike_no_attrition_no_department,Age,60+,protected_or_sensitive_descriptive_audit,3,30,False,false_positive_rate,3.0,1.0,1,10,False,False
manuscript_final_20260712T175251Z_c664ef152ff3,c664ef152ff3a9eef89c53a403b9c2e6f677340bea0307b02d97d07cc54bdfc3,no_salary_hike_no_attrition_no_department,Age,60+,protected_or_sensitive_descriptive_audit,3,30,False,precision,3.0,0.5,2,10,False,False
manuscript_final_20260712T175251Z_c664ef152ff3,c664ef152ff3a9eef89c53a403b9c2e6f677340bea0307b02d97d07cc54bdfc3,no_salary_hike_no_attrition_no_department,Age,60+,protected_or_sensitive_descriptive_audit,3,30,False,mean_predicted_probability,3.0,0.5377369498213133,3,30,False,False
manuscript_final_20260712T175251Z_c664ef152ff3,c664ef152ff3a9eef89c53a403b9c2e6f677340bea0307b02d97d07cc54bdfc3,no_salary_hike_no_attrition_no_department,Age,60+,protected_or_sensitive_descriptive_audit,3,30,False,positive_prediction_rate,4.0,0.0,3,30,False,False
manuscript_final_20260712T175251Z_c664ef152ff3,c664ef152ff3a9eef89c53a403b9c2e6f677340bea0307b02d97d07cc54bdfc3,no_salary_hike_no_attrition_no_department,Age,60+,protected_or_sensitive_descriptive_audit,3,30,False,true_positive_rate,4.0,0.0,1,10,False,False
manuscript_final_20260712T175251Z_c664ef152ff3,c664ef152ff3a9eef89c53a403b9c2e6f677340bea0307b02d97d07cc54bdfc3,no_salary_hike_no_attrition_no_department,Age,60+,protected_or_sensitive_descriptive_audit,3,30,False,false_positive_rate,4.0,0.0,2,10,False,False
manuscript_final_20260712T175251Z_c664ef152ff3,c664ef152ff3a9eef89c53a403b9c2e6f677340bea0307b02d97d07cc54bdfc3,no_salary_hike_no_attrition_no_department,Age,60+,protected_or_sensitive_descriptive_audit,3,30,False,precision,4.0,,0,10,False,False
manuscript_final_20260712T175251Z_c664ef152ff3,c664ef152ff3a9eef89c53a403b9c2e6f677340bea0307b02d97d07cc54bdfc3,no_salary_hike_no_attrition_no_department,Age,60+,protected_or_sensitive_descriptive_audit,3,30,False,mean_predicted_probability,4.0,0.03293962155779203,3,30,False,False
manuscript_final_20260712T175251Z_c664ef152ff3,c664ef152ff3a9eef89c53a403b9c2e6f677340bea0307b02d97d07cc54bdfc3,no_salary_hike_no_attrition_no_department,Gender,Female,protected_or_sensitive_descriptive_audit,475,30,True,accuracy,,0.8631578947368421,475,30,True,True
manuscript_final_20260712T175251Z_c664ef152ff3,c664ef152ff3a9eef89c53a403b9c2e6f677340bea0307b02d97d07cc54bdfc3,no_salary_hike_no_attrition_no_department,Gender,Female,protected_or_sensitive_descriptive_audit,475,30,True,macro_f1,,0.6073679507078689,475,30,True,True
manuscript_final_20260712T175251Z_c664ef152ff3,c664ef152ff3a9eef89c53a403b9c2e6f677340bea0307b02d97d07cc54bdfc3,no_salary_hike_no_attrition_no_department,Gender,Female,protected_or_sensitive_descriptive_audit,475,30,True,positive_prediction_rate,2.0,0.16210526315789472,475,30,True,True
manuscript_final_20260712T175251Z_c664ef152ff3,c664ef152ff3a9eef89c53a403b9c2e6f677340bea0307b02d97d07cc54bdfc3,no_salary_hike_no_attrition_no_department,Gender,Female,protected_or_sensitive_descriptive_audit,475,30,True,true_positive_rate,2.0,0.92,75,10,True,True
manuscript_final_20260712T175251Z_c664ef152ff3,c664ef152ff3a9eef89c53a403b9c2e6f677340bea0307b02d97d07cc54bdfc3,no_salary_hike_no_attrition_no_department,Gender,Female,protected_or_sensitive_descriptive_audit,475,30,True,false_positive_rate,2.0,0.02,400,10,True,True
manuscript_final_20260712T175251Z_c664ef152ff3,c664ef152ff3a9eef89c53a403b9c2e6f677340bea0307b02d97d07cc54bdfc3,no_salary_hike_no_attrition_no_department,Gender,Female,protected_or_sensitive_descriptive_audit,475,30,True,precision,2.0,0.8961038961038961,77,10,True,True
manuscript_final_20260712T175251Z_c664ef152ff3,c664ef152ff3a9eef89c53a403b9c2e6f677340bea0307b02d97d07cc54bdfc3,no_salary_hike_no_attrition_no_department,Gender,Female,protected_or_sensitive_descriptive_audit,475,30,True,mean_predicted_probability,2.0,0.155254440741831,475,30,True,True
manuscript_final_20260712T175251Z_c664ef152ff3,c664ef152ff3a9eef89c53a403b9c2e6f677340bea0307b02d97d07cc54bdfc3,no_salary_hike_no_attrition_no_department,Gender,Female,protected_or_sensitive_descriptive_audit,475,30,True,positive_prediction_rate,3.0,0.8357894736842105,475,30,True,True
manuscript_final_20260712T175251Z_c664ef152ff3,c664ef152ff3a9eef89c53a403b9c2e6f677340bea0307b02d97d07cc54bdfc3,no_salary_hike_no_attrition_no_department,Gender,Female,protected_or_sensitive_descriptive_audit,475,30,True,true_positive_rate,3.0,0.9770773638968482,349,10,True,True
manuscript_final_20260712T175251Z_c664ef152ff3,c664ef152ff3a9eef89c53a403b9c2e6f677340bea0307b02d97d07cc54bdfc3,no_salary_hike_no_attrition_no_department,Gender,Female,protected_or_sensitive_descriptive_audit,475,30,True,false_positive_rate,3.0,0.4444444444444444,126,10,True,True
manuscript_final_20260712T175251Z_c664ef152ff3,c664ef152ff3a9eef89c53a403b9c2e6f677340bea0307b02d97d07cc54bdfc3,no_salary_hike_no_attrition_no_department,Gender,Female,protected_or_sensitive_descriptive_audit,475,30,True,precision,3.0,0.8589420654911839,397,10,True,True
manuscript_final_20260712T175251Z_c664ef152ff3,c664ef152ff3a9eef89c53a403b9c2e6f677340bea0307b02d97d07cc54bdfc3,no_salary_hike_no_attrition_no_department,Gender,Female,protected_or_sensitive_descriptive_audit,475,30,True,mean_predicted_probability,3.0,0.7598435581377463,475,30,True,True
manuscript_final_20260712T175251Z_c664ef152ff3,c664ef152ff3a9eef89c53a403b9c2e6f677340bea0307b02d97d07cc54bdfc3,no_salary_hike_no_attrition_no_department,Gender,Female,protected_or_sensitive_descriptive_audit,475,30,True,positive_prediction_rate,4.0,0.002105263157894737,475,30,True,True
manuscript_final_20260712T175251Z_c664ef152ff3,c664ef152ff3a9eef89c53a403b9c2e6f677340bea0307b02d97d07cc54bdfc3,no_salary_hike_no_attrition_no_department,Gender,Female,protected_or_sensitive_descriptive_audit,475,30,True,true_positive_rate,4.0,0.0,51,10,True,True
manuscript_final_20260712T175251Z_c664ef152ff3,c664ef152ff3a9eef89c53a403b9c2e6f677340bea0307b02d97d07cc54bdfc3,no_salary_hike_no_attrition_no_department,Gender,Female,protected_or_sensitive_descriptive_audit,475,30,True,false_positive_rate,4.0,0.0023584905660377358,424,10,True,True
manuscript_final_20260712T175251Z_c664ef152ff3,c664ef152ff3a9eef89c53a403b9c2e6f677340bea0307b02d97d07cc54bdfc3,no_salary_hike_no_attrition_no_department,Gender,Female,protected_or_sensitive_descriptive_audit,475,30,True,precision,4.0,0.0,1,10,False,False
manuscript_final_20260712T175251Z_c664ef152ff3,c664ef152ff3a9eef89c53a403b9c2e6f677340bea0307b02d97d07cc54bdfc3,no_salary_hike_no_attrition_no_department,Gender,Female,protected_or_sensitive_descriptive_audit,475,30,True,mean_predicted_probability,4.0,0.08490200180609367,475,30,True,True
manuscript_final_20260712T175251Z_c664ef152ff3,c664ef152ff3a9eef89c53a403b9c2e6f677340bea0307b02d97d07cc54bdfc3,no_salary_hike_no_attrition_no_department,Gender,Male,protected_or_sensitive_descriptive_audit,725,30,True,accuracy,,0.84,725,30,True,True
manuscript_final_20260712T175251Z_c664ef152ff3,c664ef152ff3a9eef89c53a403b9c2e6f677340bea0307b02d97d07cc54bdfc3,no_salary_hike_no_attrition_no_department,Gender,Male,protected_or_sensitive_descriptive_audit,725,30,True,macro_f1,,0.5934309776086911,725,30,True,True
manuscript_final_20260712T175251Z_c664ef152ff3,c664ef152ff3a9eef89c53a403b9c2e6f677340bea0307b02d97d07cc54bdfc3,no_salary_hike_no_attrition_no_department,Gender,Male,protected_or_sensitive_descriptive_audit,725,30,True,positive_prediction_rate,2.0,0.1793103448275862,725,30,True,True
manuscript_final_20260712T175251Z_c664ef152ff3,c664ef152ff3a9eef89c53a403b9c2e6f677340bea0307b02d97d07cc54bdfc3,no_salary_hike_no_attrition_no_department,Gender,Male,protected_or_sensitive_descriptive_audit,725,30,True,true_positive_rate,2.0,0.8991596638655462,119,10,True,True
manuscript_final_20260712T175251Z_c664ef152ff3,c664ef152ff3a9eef89c53a403b9c2e6f677340bea0307b02d97d07cc54bdfc3,no_salary_hike_no_attrition_no_department,Gender,Male,protected_or_sensitive_descriptive_audit,725,30,True,false_positive_rate,2.0,0.037953795379537955,606,10,True,True
manuscript_final_20260712T175251Z_c664ef152ff3,c664ef152ff3a9eef89c53a403b9c2e6f677340bea0307b02d97d07cc54bdfc3,no_salary_hike_no_attrition_no_department,Gender,Male,protected_or_sensitive_descriptive_audit,725,30,True,precision,2.0,0.823076923076923,130,10,True,True
manuscript_final_20260712T175251Z_c664ef152ff3,c664ef152ff3a9eef89c53a403b9c2e6f677340bea0307b02d97d07cc54bdfc3,no_salary_hike_no_attrition_no_department,Gender,Male,protected_or_sensitive_descriptive_audit,725,30,True,mean_predicted_probability,2.0,0.16759591559730952,725,30,True,True
manuscript_final_20260712T175251Z_c664ef152ff3,c664ef152ff3a9eef89c53a403b9c2e6f677340bea0307b02d97d07cc54bdfc3,no_salary_hike_no_attrition_no_department,Gender,Male,protected_or_sensitive_descriptive_audit,725,30,True,positive_prediction_rate,3.0,0.8165517241379311,725,30,True,True
manuscript_final_20260712T175251Z_c664ef152ff3,c664ef152ff3a9eef89c53a403b9c2e6f677340bea0307b02d97d07cc54bdfc3,no_salary_hike_no_attrition_no_department,Gender,Male,protected_or_sensitive_descriptive_audit,725,30,True,true_positive_rate,3.0,0.9542857142857143,525,10,True,True
manuscript_final_20260712T175251Z_c664ef152ff3,c664ef152ff3a9eef89c53a403b9c2e6f677340bea0307b02d97d07cc54bdfc3,no_salary_hike_no_attrition_no_department,Gender,Male,protected_or_sensitive_descriptive_audit,725,30,True,false_positive_rate,3.0,0.455,200,10,True,True
manuscript_final_20260712T175251Z_c664ef152ff3,c664ef152ff3a9eef89c53a403b9c2e6f677340bea0307b02d97d07cc54bdfc3,no_salary_hike_no_attrition_no_department,Gender,Male,protected_or_sensitive_descriptive_audit,725,30,True,precision,3.0,0.8462837837837838,592,10,True,True
manuscript_final_20260712T175251Z_c664ef152ff3,c664ef152ff3a9eef89c53a403b9c2e6f677340bea0307b02d97d07cc54bdfc3,no_salary_hike_no_attrition_no_department,Gender,Male,protected_or_sensitive_descriptive_audit,725,30,True,mean_predicted_probability,3.0,0.7430706901925391,725,30,True,True
manuscript_final_20260712T175251Z_c664ef152ff3,c664ef152ff3a9eef89c53a403b9c2e6f677340bea0307b02d97d07cc54bdfc3,no_salary_hike_no_attrition_no_department,Gender,Male,protected_or_sensitive_descriptive_audit,725,30,True,positive_prediction_rate,4.0,0.004137931034482759,725,30,True,True
manuscript_final_20260712T175251Z_c664ef152ff3,c664ef152ff3a9eef89c53a403b9c2e6f677340bea0307b02d97d07cc54bdfc3,no_salary_hike_no_attrition_no_department,Gender,Male,protected_or_sensitive_descriptive_audit,725,30,True,true_positive_rate,4.0,0.012345679012345678,81,10,True,True
manuscript_final_20260712T175251Z_c664ef152ff3,c664ef152ff3a9eef89c53a403b9c2e6f677340bea0307b02d97d07cc54bdfc3,no_salary_hike_no_attrition_no_department,Gender,Male,protected_or_sensitive_descriptive_audit,725,30,True,false_positive_rate,4.0,0.003105590062111801,644,10,True,True
manuscript_final_20260712T175251Z_c664ef152ff3,c664ef152ff3a9eef89c53a403b9c2e6f677340bea0307b02d97d07cc54bdfc3,no_salary_hike_no_attrition_no_department,Gender,Male,protected_or_sensitive_descriptive_audit,725,30,True,precision,4.0,0.3333333333333333,3,10,False,False
manuscript_final_20260712T175251Z_c664ef152ff3,c664ef152ff3a9eef89c53a403b9c2e6f677340bea0307b02d97d07cc54bdfc3,no_salary_hike_no_attrition_no_department,Gender,Male,protected_or_sensitive_descriptive_audit,725,30,True,mean_predicted_probability,4.0,0.08933339323655798,725,30,True,True
manuscript_final_20260712T175251Z_c664ef152ff3,c664ef152ff3a9eef89c53a403b9c2e6f677340bea0307b02d97d07cc54bdfc3,no_salary_hike_no_attrition_no_department,MaritalStatus,Divorced,protected_or_sensitive_descriptive_audit,268,30,True,accuracy,,0.8619402985074627,268,30,True,True
manuscript_final_20260712T175251Z_c664ef152ff3,c664ef152ff3a9eef89c53a403b9c2e6f677340bea0307b02d97d07cc54bdfc3,no_salary_hike_no_attrition_no_department,MaritalStatus,Divorced,protected_or_sensitive_descriptive_audit,268,30,True,macro_f1,,0.5972182858342517,268,30,True,True
manuscript_final_20260712T175251Z_c664ef152ff3,c664ef152ff3a9eef89c53a403b9c2e6f677340bea0307b02d97d07cc54bdfc3,no_salary_hike_no_attrition_no_department,MaritalStatus,Divorced,protected_or_sensitive_descriptive_audit,268,30,True,positive_prediction_rate,2.0,0.13432835820895522,268,30,True,True
manuscript_final_20260712T175251Z_c664ef152ff3,c664ef152ff3a9eef89c53a403b9c2e6f677340bea0307b02d97d07cc54bdfc3,no_salary_hike_no_attrition_no_department,MaritalStatus,Divorced,protected_or_sensitive_descriptive_audit,268,30,True,true_positive_rate,2.0,0.8648648648648649,37,10,True,True
manuscript_final_20260712T175251Z_c664ef152ff3,c664ef152ff3a9eef89c53a403b9c2e6f677340bea0307b02d97d07cc54bdfc3,no_salary_hike_no_attrition_no_department,MaritalStatus,Divorced,protected_or_sensitive_descriptive_audit,268,30,True,false_positive_rate,2.0,0.017316017316017316,231,10,True,True
manuscript_final_20260712T175251Z_c664ef152ff3,c664ef152ff3a9eef89c53a403b9c2e6f677340bea0307b02d97d07cc54bdfc3,no_salary_hike_no_attrition_no_department,MaritalStatus,Divorced,protected_or_sensitive_descriptive_audit,268,30,True,precision,2.0,0.8888888888888888,36,10,True,True
manuscript_final_20260712T175251Z_c664ef152ff3,c664ef152ff3a9eef89c53a403b9c2e6f677340bea0307b02d97d07cc54bdfc3,no_salary_hike_no_attrition_no_department,MaritalStatus,Divorced,protected_or_sensitive_descriptive_audit,268,30,True,mean_predicted_probability,2.0,0.13161167702095716,268,30,True,True
manuscript_final_20260712T175251Z_c664ef152ff3,c664ef152ff3a9eef89c53a403b9c2e6f677340bea0307b02d97d07cc54bdfc3,no_salary_hike_no_attrition_no_department,MaritalStatus,Divorced,protected_or_sensitive_descriptive_audit,268,30,True,positive_prediction_rate,3.0,0.8582089552238806,268,30,True,True
manuscript_final_20260712T175251Z_c664ef152ff3,c664ef152ff3a9eef89c53a403b9c2e6f677340bea0307b02d97d07cc54bdfc3,no_salary_hike_no_attrition_no_department,MaritalStatus,Divorced,protected_or_sensitive_descriptive_audit,268,30,True,true_positive_rate,3.0,0.9707317073170731,205,10,True,True
manuscript_final_20260712T175251Z_c664ef152ff3,c664ef152ff3a9eef89c53a403b9c2e6f677340bea0307b02d97d07cc54bdfc3,no_salary_hike_no_attrition_no_department,MaritalStatus,Divorced,protected_or_sensitive_descriptive_audit,268,30,True,false_positive_rate,3.0,0.49206349206349204,63,10,True,True
manuscript_final_20260712T175251Z_c664ef152ff3,c664ef152ff3a9eef89c53a403b9c2e6f677340bea0307b02d97d07cc54bdfc3,no_salary_hike_no_attrition_no_department,MaritalStatus,Divorced,protected_or_sensitive_descriptive_audit,268,30,True,precision,3.0,0.8652173913043478,230,10,True,True
manuscript_final_20260712T175251Z_c664ef152ff3,c664ef152ff3a9eef89c53a403b9c2e6f677340bea0307b02d97d07cc54bdfc3,no_salary_hike_no_attrition_no_department,MaritalStatus,Divorced,protected_or_sensitive_descriptive_audit,268,30,True,mean_predicted_probability,3.0,0.7731951071686153,268,30,True,True
manuscript_final_20260712T175251Z_c664ef152ff3,c664ef152ff3a9eef89c53a403b9c2e6f677340bea0307b02d97d07cc54bdfc3,no_salary_hike_no_attrition_no_department,MaritalStatus,Divorced,protected_or_sensitive_descriptive_audit,268,30,True,positive_prediction_rate,4.0,0.007462686567164179,268,30,True,True
manuscript_final_20260712T175251Z_c664ef152ff3,c664ef152ff3a9eef89c53a403b9c2e6f677340bea0307b02d97d07cc54bdfc3,no_salary_hike_no_attrition_no_department,MaritalStatus,Divorced,protected_or_sensitive_descriptive_audit,268,30,True,true_positive_rate,4.0,0.0,26,10,True,True
manuscript_final_20260712T175251Z_c664ef152ff3,c664ef152ff3a9eef89c53a403b9c2e6f677340bea0307b02d97d07cc54bdfc3,no_salary_hike_no_attrition_no_department,MaritalStatus,Divorced,protected_or_sensitive_descriptive_audit,268,30,True,false_positive_rate,4.0,0.008264462809917356,242,10,True,True
manuscript_final_20260712T175251Z_c664ef152ff3,c664ef152ff3a9eef89c53a403b9c2e6f677340bea0307b02d97d07cc54bdfc3,no_salary_hike_no_attrition_no_department,MaritalStatus,Divorced,protected_or_sensitive_descriptive_audit,268,30,True,precision,4.0,0.0,2,10,False,False
manuscript_final_20260712T175251Z_c664ef152ff3,c664ef152ff3a9eef89c53a403b9c2e6f677340bea0307b02d97d07cc54bdfc3,no_salary_hike_no_attrition_no_department,MaritalStatus,Divorced,protected_or_sensitive_descriptive_audit,268,30,True,mean_predicted_probability,4.0,0.09519321575183977,268,30,True,True
manuscript_final_20260712T175251Z_c664ef152ff3,c664ef152ff3a9eef89c53a403b9c2e6f677340bea0307b02d97d07cc54bdfc3,no_salary_hike_no_attrition_no_department,MaritalStatus,Married,protected_or_sensitive_descriptive_audit,548,30,True,accuracy,,0.8503649635036497,548,30,True,True
manuscript_final_20260712T175251Z_c664ef152ff3,c664ef152ff3a9eef89c53a403b9c2e6f677340bea0307b02d97d07cc54bdfc3,no_salary_hike_no_attrition_no_department,MaritalStatus,Married,protected_or_sensitive_descriptive_audit,548,30,True,macro_f1,,0.6013487679794581,548,30,True,True
manuscript_final_20260712T175251Z_c664ef152ff3,c664ef152ff3a9eef89c53a403b9c2e6f677340bea0307b02d97d07cc54bdfc3,no_salary_hike_no_attrition_no_department,MaritalStatus,Married,protected_or_sensitive_descriptive_audit,548,30,True,positive_prediction_rate,2.0,0.20072992700729927,548,30,True,True
manuscript_final_20260712T175251Z_c664ef152ff3,c664ef152ff3a9eef89c53a403b9c2e6f677340bea0307b02d97d07cc54bdfc3,no_salary_hike_no_attrition_no_department,MaritalStatus,Married,protected_or_sensitive_descriptive_audit,548,30,True,true_positive_rate,2.0,0.91,100,10,True,True
manuscript_final_20260712T175251Z_c664ef152ff3,c664ef152ff3a9eef89c53a403b9c2e6f677340bea0307b02d97d07cc54bdfc3,no_salary_hike_no_attrition_no_department,MaritalStatus,Married,protected_or_sensitive_descriptive_audit,548,30,True,false_positive_rate,2.0,0.04241071428571429,448,10,True,True
manuscript_final_20260712T175251Z_c664ef152ff3,c664ef152ff3a9eef89c53a403b9c2e6f677340bea0307b02d97d07cc54bdfc3,no_salary_hike_no_attrition_no_department,MaritalStatus,Married,protected_or_sensitive_descriptive_audit,548,30,True,precision,2.0,0.8272727272727273,110,10,True,True
manuscript_final_20260712T175251Z_c664ef152ff3,c664ef152ff3a9eef89c53a403b9c2e6f677340bea0307b02d97d07cc54bdfc3,no_salary_hike_no_attrition_no_department,MaritalStatus,Married,protected_or_sensitive_descriptive_audit,548,30,True,mean_predicted_probability,2.0,0.18642962675764538,548,30,True,True
manuscript_final_20260712T175251Z_c664ef152ff3,c664ef152ff3a9eef89c53a403b9c2e6f677340bea0307b02d97d07cc54bdfc3,no_salary_hike_no_attrition_no_department,MaritalStatus,Married,protected_or_sensitive_descriptive_audit,548,30,True,positive_prediction_rate,3.0,0.7956204379562044,548,30,True,True
manuscript_final_20260712T175251Z_c664ef152ff3,c664ef152ff3a9eef89c53a403b9c2e6f677340bea0307b02d97d07cc54bdfc3,no_salary_hike_no_attrition_no_department,MaritalStatus,Married,protected_or_sensitive_descriptive_audit,548,30,True,true_positive_rate,3.0,0.9516539440203562,393,10,True,True
manuscript_final_20260712T175251Z_c664ef152ff3,c664ef152ff3a9eef89c53a403b9c2e6f677340bea0307b02d97d07cc54bdfc3,no_salary_hike_no_attrition_no_department,MaritalStatus,Married,protected_or_sensitive_descriptive_audit,548,30,True,false_positive_rate,3.0,0.4,155,10,True,True
manuscript_final_20260712T175251Z_c664ef152ff3,c664ef152ff3a9eef89c53a403b9c2e6f677340bea0307b02d97d07cc54bdfc3,no_salary_hike_no_attrition_no_department,MaritalStatus,Married,protected_or_sensitive_descriptive_audit,548,30,True,precision,3.0,0.8577981651376146,436,10,True,True
manuscript_final_20260712T175251Z_c664ef152ff3,c664ef152ff3a9eef89c53a403b9c2e6f677340bea0307b02d97d07cc54bdfc3,no_salary_hike_no_attrition_no_department,MaritalStatus,Married,protected_or_sensitive_descriptive_audit,548,30,True,mean_predicted_probability,3.0,0.7302145608768792,548,30,True,True
manuscript_final_20260712T175251Z_c664ef152ff3,c664ef152ff3a9eef89c53a403b9c2e6f677340bea0307b02d97d07cc54bdfc3,no_salary_hike_no_attrition_no_department,MaritalStatus,Married,protected_or_sensitive_descriptive_audit,548,30,True,positive_prediction_rate,4.0,0.0036496350364963502,548,30,True,True
manuscript_final_20260712T175251Z_c664ef152ff3,c664ef152ff3a9eef89c53a403b9c2e6f677340bea0307b02d97d07cc54bdfc3,no_salary_hike_no_attrition_no_department,MaritalStatus,Married,protected_or_sensitive_descriptive_audit,548,30,True,true_positive_rate,4.0,0.01818181818181818,55,10,True,True
manuscript_final_20260712T175251Z_c664ef152ff3,c664ef152ff3a9eef89c53a403b9c2e6f677340bea0307b02d97d07cc54bdfc3,no_salary_hike_no_attrition_no_department,MaritalStatus,Married,protected_or_sensitive_descriptive_audit,548,30,True,false_positive_rate,4.0,0.002028397565922921,493,10,True,True
manuscript_final_20260712T175251Z_c664ef152ff3,c664ef152ff3a9eef89c53a403b9c2e6f677340bea0307b02d97d07cc54bdfc3,no_salary_hike_no_attrition_no_department,MaritalStatus,Married,protected_or_sensitive_descriptive_audit,548,30,True,precision,4.0,0.5,2,10,False,False
manuscript_final_20260712T175251Z_c664ef152ff3,c664ef152ff3a9eef89c53a403b9c2e6f677340bea0307b02d97d07cc54bdfc3,no_salary_hike_no_attrition_no_department,MaritalStatus,Married,protected_or_sensitive_descriptive_audit,548,30,True,mean_predicted_probability,4.0,0.08335581137165665,548,30,True,True
manuscript_final_20260712T175251Z_c664ef152ff3,c664ef152ff3a9eef89c53a403b9c2e6f677340bea0307b02d97d07cc54bdfc3,no_salary_hike_no_attrition_no_department,MaritalStatus,Single,protected_or_sensitive_descriptive_audit,384,30,True,accuracy,,0.8385416666666666,384,30,True,True
manuscript_final_20260712T175251Z_c664ef152ff3,c664ef152ff3a9eef89c53a403b9c2e6f677340bea0307b02d97d07cc54bdfc3,no_salary_hike_no_attrition_no_department,MaritalStatus,Single,protected_or_sensitive_descriptive_audit,384,30,True,macro_f1,,0.5988228969185931,384,30,True,True
manuscript_final_20260712T175251Z_c664ef152ff3,c664ef152ff3a9eef89c53a403b9c2e6f677340bea0307b02d97d07cc54bdfc3,no_salary_hike_no_attrition_no_department,MaritalStatus,Single,protected_or_sensitive_descriptive_audit,384,30,True,positive_prediction_rate,2.0,0.15885416666666666,384,30,True,True
manuscript_final_20260712T175251Z_c664ef152ff3,c664ef152ff3a9eef89c53a403b9c2e6f677340bea0307b02d97d07cc54bdfc3,no_salary_hike_no_attrition_no_department,MaritalStatus,Single,protected_or_sensitive_descriptive_audit,384,30,True,true_positive_rate,2.0,0.9298245614035088,57,10,True,True
manuscript_final_20260712T175251Z_c664ef152ff3,c664ef152ff3a9eef89c53a403b9c2e6f677340bea0307b02d97d07cc54bdfc3,no_salary_hike_no_attrition_no_department,MaritalStatus,Single,protected_or_sensitive_descriptive_audit,384,30,True,false_positive_rate,2.0,0.024464831804281346,327,10,True,True
manuscript_final_20260712T175251Z_c664ef152ff3,c664ef152ff3a9eef89c53a403b9c2e6f677340bea0307b02d97d07cc54bdfc3,no_salary_hike_no_attrition_no_department,MaritalStatus,Single,protected_or_sensitive_descriptive_audit,384,30,True,precision,2.0,0.8688524590163934,61,10,True,True
manuscript_final_20260712T175251Z_c664ef152ff3,c664ef152ff3a9eef89c53a403b9c2e6f677340bea0307b02d97d07cc54bdfc3,no_salary_hike_no_attrition_no_department,MaritalStatus,Single,protected_or_sensitive_descriptive_audit,384,30,True,mean_predicted_probability,2.0,0.1505664928531587,384,30,True,True
manuscript_final_20260712T175251Z_c664ef152ff3,c664ef152ff3a9eef89c53a403b9c2e6f677340bea0307b02d97d07cc54bdfc3,no_salary_hike_no_attrition_no_department,MaritalStatus,Single,protected_or_sensitive_descriptive_audit,384,30,True,positive_prediction_rate,3.0,0.8411458333333334,384,30,True,True
manuscript_final_20260712T175251Z_c664ef152ff3,c664ef152ff3a9eef89c53a403b9c2e6f677340bea0307b02d97d07cc54bdfc3,no_salary_hike_no_attrition_no_department,MaritalStatus,Single,protected_or_sensitive_descriptive_audit,384,30,True,true_positive_rate,3.0,0.9746376811594203,276,10,True,True
manuscript_final_20260712T175251Z_c664ef152ff3,c664ef152ff3a9eef89c53a403b9c2e6f677340bea0307b02d97d07cc54bdfc3,no_salary_hike_no_attrition_no_department,MaritalStatus,Single,protected_or_sensitive_descriptive_audit,384,30,True,false_positive_rate,3.0,0.5,108,10,True,True
manuscript_final_20260712T175251Z_c664ef152ff3,c664ef152ff3a9eef89c53a403b9c2e6f677340bea0307b02d97d07cc54bdfc3,no_salary_hike_no_attrition_no_department,MaritalStatus,Single,protected_or_sensitive_descriptive_audit,384,30,True,precision,3.0,0.8328173374613003,323,10,True,True
manuscript_final_20260712T175251Z_c664ef152ff3,c664ef152ff3a9eef89c53a403b9c2e6f677340bea0307b02d97d07cc54bdfc3,no_salary_hike_no_attrition_no_department,MaritalStatus,Single,protected_or_sensitive_descriptive_audit,384,30,True,mean_predicted_probability,3.0,0.761140813602348,384,30,True,True
manuscript_final_20260712T175251Z_c664ef152ff3,c664ef152ff3a9eef89c53a403b9c2e6f677340bea0307b02d97d07cc54bdfc3,no_salary_hike_no_attrition_no_department,MaritalStatus,Single,protected_or_sensitive_descriptive_audit,384,30,True,positive_prediction_rate,4.0,0.0,384,30,True,True
manuscript_final_20260712T175251Z_c664ef152ff3,c664ef152ff3a9eef89c53a403b9c2e6f677340bea0307b02d97d07cc54bdfc3,no_salary_hike_no_attrition_no_department,MaritalStatus,Single,protected_or_sensitive_descriptive_audit,384,30,True,true_positive_rate,4.0,0.0,51,10,True,True
manuscript_final_20260712T175251Z_c664ef152ff3,c664ef152ff3a9eef89c53a403b9c2e6f677340bea0307b02d97d07cc54bdfc3,no_salary_hike_no_attrition_no_department,MaritalStatus,Single,protected_or_sensitive_descriptive_audit,384,30,True,false_positive_rate,4.0,0.0,333,10,True,True
manuscript_final_20260712T175251Z_c664ef152ff3,c664ef152ff3a9eef89c53a403b9c2e6f677340bea0307b02d97d07cc54bdfc3,no_salary_hike_no_attrition_no_department,MaritalStatus,Single,protected_or_sensitive_descriptive_audit,384,30,True,precision,4.0,,0,10,False,False
manuscript_final_20260712T175251Z_c664ef152ff3,c664ef152ff3a9eef89c53a403b9c2e6f677340bea0307b02d97d07cc54bdfc3,no_salary_hike_no_attrition_no_department,MaritalStatus,Single,protected_or_sensitive_descriptive_audit,384,30,True,mean_predicted_probability,4.0,0.08829269401364097,384,30,True,True
manuscript_final_20260712T175251Z_c664ef152ff3,c664ef152ff3a9eef89c53a403b9c2e6f677340bea0307b02d97d07cc54bdfc3,no_salary_hike_no_attrition_no_department,EmpDepartment,Data Science,exploratory_operational_subgroup_diagnostic,20,30,False,accuracy,,0.8,20,30,False,False
manuscript_final_20260712T175251Z_c664ef152ff3,c664ef152ff3a9eef89c53a403b9c2e6f677340bea0307b02d97d07cc54bdfc3,no_salary_hike_no_attrition_no_department,EmpDepartment,Data Science,exploratory_operational_subgroup_diagnostic,20,30,False,macro_f1,,0.46078431372549017,20,30,False,False
manuscript_final_20260712T175251Z_c664ef152ff3,c664ef152ff3a9eef89c53a403b9c2e6f677340bea0307b02d97d07cc54bdfc3,no_salary_hike_no_attrition_no_department,EmpDepartment,Data Science,exploratory_operational_subgroup_diagnostic,20,30,False,positive_prediction_rate,2.0,0.15,20,30,False,False
manuscript_final_20260712T175251Z_c664ef152ff3,c664ef152ff3a9eef89c53a403b9c2e6f677340bea0307b02d97d07cc54bdfc3,no_salary_hike_no_attrition_no_department,EmpDepartment,Data Science,exploratory_operational_subgroup_diagnostic,20,30,False,true_positive_rate,2.0,1.0,1,10,False,False
manuscript_final_20260712T175251Z_c664ef152ff3,c664ef152ff3a9eef89c53a403b9c2e6f677340bea0307b02d97d07cc54bdfc3,no_salary_hike_no_attrition_no_department,EmpDepartment,Data Science,exploratory_operational_subgroup_diagnostic,20,30,False,false_positive_rate,2.0,0.10526315789473684,19,10,True,False
manuscript_final_20260712T175251Z_c664ef152ff3,c664ef152ff3a9eef89c53a403b9c2e6f677340bea0307b02d97d07cc54bdfc3,no_salary_hike_no_attrition_no_department,EmpDepartment,Data Science,exploratory_operational_subgroup_diagnostic,20,30,False,precision,2.0,0.3333333333333333,3,10,False,False
manuscript_final_20260712T175251Z_c664ef152ff3,c664ef152ff3a9eef89c53a403b9c2e6f677340bea0307b02d97d07cc54bdfc3,no_salary_hike_no_attrition_no_department,EmpDepartment,Data Science,exploratory_operational_subgroup_diagnostic,20,30,False,mean_predicted_probability,2.0,0.12670608559055835,20,30,False,False
manuscript_final_20260712T175251Z_c664ef152ff3,c664ef152ff3a9eef89c53a403b9c2e6f677340bea0307b02d97d07cc54bdfc3,no_salary_hike_no_attrition_no_department,EmpDepartment,Data Science,exploratory_operational_subgroup_diagnostic,20,30,False,positive_prediction_rate,3.0,0.85,20,30,False,False
manuscript_final_20260712T175251Z_c664ef152ff3,c664ef152ff3a9eef89c53a403b9c2e6f677340bea0307b02d97d07cc54bdfc3,no_salary_hike_no_attrition_no_department,EmpDepartment,Data Science,exploratory_operational_subgroup_diagnostic,20,30,False,true_positive_rate,3.0,0.8823529411764706,17,10,True,False
manuscript_final_20260712T175251Z_c664ef152ff3,c664ef152ff3a9eef89c53a403b9c2e6f677340bea0307b02d97d07cc54bdfc3,no_salary_hike_no_attrition_no_department,EmpDepartment,Data Science,exploratory_operational_subgroup_diagnostic,20,30,False,false_positive_rate,3.0,0.6666666666666666,3,10,False,False
manuscript_final_20260712T175251Z_c664ef152ff3,c664ef152ff3a9eef89c53a403b9c2e6f677340bea0307b02d97d07cc54bdfc3,no_salary_hike_no_attrition_no_department,EmpDepartment,Data Science,exploratory_operational_subgroup_diagnostic,20,30,False,precision,3.0,0.8823529411764706,17,10,True,False
manuscript_final_20260712T175251Z_c664ef152ff3,c664ef152ff3a9eef89c53a403b9c2e6f677340bea0307b02d97d07cc54bdfc3,no_salary_hike_no_attrition_no_department,EmpDepartment,Data Science,exploratory_operational_subgroup_diagnostic,20,30,False,mean_predicted_probability,3.0,0.8182081520557404,20,30,False,False
manuscript_final_20260712T175251Z_c664ef152ff3,c664ef152ff3a9eef89c53a403b9c2e6f677340bea0307b02d97d07cc54bdfc3,no_salary_hike_no_attrition_no_department,EmpDepartment,Data Science,exploratory_operational_subgroup_diagnostic,20,30,False,positive_prediction_rate,4.0,0.0,20,30,False,False
manuscript_final_20260712T175251Z_c664ef152ff3,c664ef152ff3a9eef89c53a403b9c2e6f677340bea0307b02d97d07cc54bdfc3,no_salary_hike_no_attrition_no_department,EmpDepartment,Data Science,exploratory_operational_subgroup_diagnostic,20,30,False,true_positive_rate,4.0,0.0,2,10,False,False
manuscript_final_20260712T175251Z_c664ef152ff3,c664ef152ff3a9eef89c53a403b9c2e6f677340bea0307b02d97d07cc54bdfc3,no_salary_hike_no_attrition_no_department,EmpDepartment,Data Science,exploratory_operational_subgroup_diagnostic,20,30,False,false_positive_rate,4.0,0.0,18,10,True,False
manuscript_final_20260712T175251Z_c664ef152ff3,c664ef152ff3a9eef89c53a403b9c2e6f677340bea0307b02d97d07cc54bdfc3,no_salary_hike_no_attrition_no_department,EmpDepartment,Data Science,exploratory_operational_subgroup_diagnostic,20,30,False,precision,4.0,,0,10,False,False
manuscript_final_20260712T175251Z_c664ef152ff3,c664ef152ff3a9eef89c53a403b9c2e6f677340bea0307b02d97d07cc54bdfc3,no_salary_hike_no_attrition_no_department,EmpDepartment,Data Science,exploratory_operational_subgroup_diagnostic,20,30,False,mean_predicted_probability,4.0,0.05508575842250139,20,30,False,False
manuscript_final_20260712T175251Z_c664ef152ff3,c664ef152ff3a9eef89c53a403b9c2e6f677340bea0307b02d97d07cc54bdfc3,no_salary_hike_no_attrition_no_department,EmpDepartment,Development,exploratory_operational_subgroup_diagnostic,361,30,True,accuracy,,0.8199445983379502,361,30,True,True
manuscript_final_20260712T175251Z_c664ef152ff3,c664ef152ff3a9eef89c53a403b9c2e6f677340bea0307b02d97d07cc54bdfc3,no_salary_hike_no_attrition_no_department,EmpDepartment,Development,exploratory_operational_subgroup_diagnostic,361,30,True,macro_f1,,0.37697428020008666,361,30,True,True
manuscript_final_20260712T175251Z_c664ef152ff3,c664ef152ff3a9eef89c53a403b9c2e6f677340bea0307b02d97d07cc54bdfc3,no_salary_hike_no_attrition_no_department,EmpDepartment,Development,exploratory_operational_subgroup_diagnostic,361,30,True,positive_prediction_rate,2.0,0.036011080332409975,361,30,True,True
manuscript_final_20260712T175251Z_c664ef152ff3,c664ef152ff3a9eef89c53a403b9c2e6f677340bea0307b02d97d07cc54bdfc3,no_salary_hike_no_attrition_no_department,EmpDepartment,Development,exploratory_operational_subgroup_diagnostic,361,30,True,true_positive_rate,2.0,0.23076923076923078,13,10,True,True
manuscript_final_20260712T175251Z_c664ef152ff3,c664ef152ff3a9eef89c53a403b9c2e6f677340bea0307b02d97d07cc54bdfc3,no_salary_hike_no_attrition_no_department,EmpDepartment,Development,exploratory_operational_subgroup_diagnostic,361,30,True,false_positive_rate,2.0,0.028735632183908046,348,10,True,True
manuscript_final_20260712T175251Z_c664ef152ff3,c664ef152ff3a9eef89c53a403b9c2e6f677340bea0307b02d97d07cc54bdfc3,no_salary_hike_no_attrition_no_department,EmpDepartment,Development,exploratory_operational_subgroup_diagnostic,361,30,True,precision,2.0,0.23076923076923078,13,10,True,True
manuscript_final_20260712T175251Z_c664ef152ff3,c664ef152ff3a9eef89c53a403b9c2e6f677340bea0307b02d97d07cc54bdfc3,no_salary_hike_no_attrition_no_department,EmpDepartment,Development,exploratory_operational_subgroup_diagnostic,361,30,True,mean_predicted_probability,2.0,0.05652241769789007,361,30,True,True
manuscript_final_20260712T175251Z_c664ef152ff3,c664ef152ff3a9eef89c53a403b9c2e6f677340bea0307b02d97d07cc54bdfc3,no_salary_hike_no_attrition_no_department,EmpDepartment,Development,exploratory_operational_subgroup_diagnostic,361,30,True,positive_prediction_rate,3.0,0.961218836565097,361,30,True,True
manuscript_final_20260712T175251Z_c664ef152ff3,c664ef152ff3a9eef89c53a403b9c2e6f677340bea0307b02d97d07cc54bdfc3,no_salary_hike_no_attrition_no_department,EmpDepartment,Development,exploratory_operational_subgroup_diagnostic,361,30,True,true_positive_rate,3.0,0.9638157894736842,304,10,True,True
manuscript_final_20260712T175251Z_c664ef152ff3,c664ef152ff3a9eef89c53a403b9c2e6f677340bea0307b02d97d07cc54bdfc3,no_salary_hike_no_attrition_no_department,EmpDepartment,Development,exploratory_operational_subgroup_diagnostic,361,30,True,false_positive_rate,3.0,0.9473684210526315,57,10,True,True
manuscript_final_20260712T175251Z_c664ef152ff3,c664ef152ff3a9eef89c53a403b9c2e6f677340bea0307b02d97d07cc54bdfc3,no_salary_hike_no_attrition_no_department,EmpDepartment,Development,exploratory_operational_subgroup_diagnostic,361,30,True,precision,3.0,0.8443804034582133,347,10,True,True
manuscript_final_20260712T175251Z_c664ef152ff3,c664ef152ff3a9eef89c53a403b9c2e6f677340bea0307b02d97d07cc54bdfc3,no_salary_hike_no_attrition_no_department,EmpDepartment,Development,exploratory_operational_subgroup_diagnostic,361,30,True,mean_predicted_probability,3.0,0.8490148258712813,361,30,True,True
manuscript_final_20260712T175251Z_c664ef152ff3,c664ef152ff3a9eef89c53a403b9c2e6f677340bea0307b02d97d07cc54bdfc3,no_salary_hike_no_attrition_no_department,EmpDepartment,Development,exploratory_operational_subgroup_diagnostic,361,30,True,positive_prediction_rate,4.0,0.002770083102493075,361,30,True,True
manuscript_final_20260712T175251Z_c664ef152ff3,c664ef152ff3a9eef89c53a403b9c2e6f677340bea0307b02d97d07cc54bdfc3,no_salary_hike_no_attrition_no_department,EmpDepartment,Development,exploratory_operational_subgroup_diagnostic,361,30,True,true_positive_rate,4.0,0.0,44,10,True,True
manuscript_final_20260712T175251Z_c664ef152ff3,c664ef152ff3a9eef89c53a403b9c2e6f677340bea0307b02d97d07cc54bdfc3,no_salary_hike_no_attrition_no_department,EmpDepartment,Development,exploratory_operational_subgroup_diagnostic,361,30,True,false_positive_rate,4.0,0.0031545741324921135,317,10,True,True
manuscript_final_20260712T175251Z_c664ef152ff3,c664ef152ff3a9eef89c53a403b9c2e6f677340bea0307b02d97d07cc54bdfc3,no_salary_hike_no_attrition_no_department,EmpDepartment,Development,exploratory_operational_subgroup_diagnostic,361,30,True,precision,4.0,0.0,1,10,False,False
manuscript_final_20260712T175251Z_c664ef152ff3,c664ef152ff3a9eef89c53a403b9c2e6f677340bea0307b02d97d07cc54bdfc3,no_salary_hike_no_attrition_no_department,EmpDepartment,Development,exploratory_operational_subgroup_diagnostic,361,30,True,mean_predicted_probability,4.0,0.09446275584016593,361,30,True,True
manuscript_final_20260712T175251Z_c664ef152ff3,c664ef152ff3a9eef89c53a403b9c2e6f677340bea0307b02d97d07cc54bdfc3,no_salary_hike_no_attrition_no_department,EmpDepartment,Finance,exploratory_operational_subgroup_diagnostic,49,30,True,accuracy,,0.9183673469387755,49,30,True,True
manuscript_final_20260712T175251Z_c664ef152ff3,c664ef152ff3a9eef89c53a403b9c2e6f677340bea0307b02d97d07cc54bdfc3,no_salary_hike_no_attrition_no_department,EmpDepartment,Finance,exploratory_operational_subgroup_diagnostic,49,30,True,macro_f1,,0.6458333333333334,49,30,True,True
manuscript_final_20260712T175251Z_c664ef152ff3,c664ef152ff3a9eef89c53a403b9c2e6f677340bea0307b02d97d07cc54bdfc3,no_salary_hike_no_attrition_no_department,EmpDepartment,Finance,exploratory_operational_subgroup_diagnostic,49,30,True,positive_prediction_rate,2.0,0.30612244897959184,49,30,True,True
manuscript_final_20260712T175251Z_c664ef152ff3,c664ef152ff3a9eef89c53a403b9c2e6f677340bea0307b02d97d07cc54bdfc3,no_salary_hike_no_attrition_no_department,EmpDepartment,Finance,exploratory_operational_subgroup_diagnostic,49,30,True,true_positive_rate,2.0,1.0,15,10,True,True
manuscript_final_20260712T175251Z_c664ef152ff3,c664ef152ff3a9eef89c53a403b9c2e6f677340bea0307b02d97d07cc54bdfc3,no_salary_hike_no_attrition_no_department,EmpDepartment,Finance,exploratory_operational_subgroup_diagnostic,49,30,True,false_positive_rate,2.0,0.0,34,10,True,True
manuscript_final_20260712T175251Z_c664ef152ff3,c664ef152ff3a9eef89c53a403b9c2e6f677340bea0307b02d97d07cc54bdfc3,no_salary_hike_no_attrition_no_department,EmpDepartment,Finance,exploratory_operational_subgroup_diagnostic,49,30,True,precision,2.0,1.0,15,10,True,True
manuscript_final_20260712T175251Z_c664ef152ff3,c664ef152ff3a9eef89c53a403b9c2e6f677340bea0307b02d97d07cc54bdfc3,no_salary_hike_no_attrition_no_department,EmpDepartment,Finance,exploratory_operational_subgroup_diagnostic,49,30,True,mean_predicted_probability,2.0,0.27757977625314734,49,30,True,True
manuscript_final_20260712T175251Z_c664ef152ff3,c664ef152ff3a9eef89c53a403b9c2e6f677340bea0307b02d97d07cc54bdfc3,no_salary_hike_no_attrition_no_department,EmpDepartment,Finance,exploratory_operational_subgroup_diagnostic,49,30,True,positive_prediction_rate,3.0,0.6938775510204082,49,30,True,True
manuscript_final_20260712T175251Z_c664ef152ff3,c664ef152ff3a9eef89c53a403b9c2e6f677340bea0307b02d97d07cc54bdfc3,no_salary_hike_no_attrition_no_department,EmpDepartment,Finance,exploratory_operational_subgroup_diagnostic,49,30,True,true_positive_rate,3.0,1.0,30,10,True,True
manuscript_final_20260712T175251Z_c664ef152ff3,c664ef152ff3a9eef89c53a403b9c2e6f677340bea0307b02d97d07cc54bdfc3,no_salary_hike_no_attrition_no_department,EmpDepartment,Finance,exploratory_operational_subgroup_diagnostic,49,30,True,false_positive_rate,3.0,0.21052631578947367,19,10,True,True
manuscript_final_20260712T175251Z_c664ef152ff3,c664ef152ff3a9eef89c53a403b9c2e6f677340bea0307b02d97d07cc54bdfc3,no_salary_hike_no_attrition_no_department,EmpDepartment,Finance,exploratory_operational_subgroup_diagnostic,49,30,True,precision,3.0,0.8823529411764706,34,10,True,True
manuscript_final_20260712T175251Z_c664ef152ff3,c664ef152ff3a9eef89c53a403b9c2e6f677340bea0307b02d97d07cc54bdfc3,no_salary_hike_no_attrition_no_department,EmpDepartment,Finance,exploratory_operational_subgroup_diagnostic,49,30,True,mean_predicted_probability,3.0,0.6360353991313248,49,30,True,True
manuscript_final_20260712T175251Z_c664ef152ff3,c664ef152ff3a9eef89c53a403b9c2e6f677340bea0307b02d97d07cc54bdfc3,no_salary_hike_no_attrition_no_department,EmpDepartment,Finance,exploratory_operational_subgroup_diagnostic,49,30,True,positive_prediction_rate,4.0,0.0,49,30,True,True
manuscript_final_20260712T175251Z_c664ef152ff3,c664ef152ff3a9eef89c53a403b9c2e6f677340bea0307b02d97d07cc54bdfc3,no_salary_hike_no_attrition_no_department,EmpDepartment,Finance,exploratory_operational_subgroup_diagnostic,49,30,True,true_positive_rate,4.0,0.0,4,10,False,False
manuscript_final_20260712T175251Z_c664ef152ff3,c664ef152ff3a9eef89c53a403b9c2e6f677340bea0307b02d97d07cc54bdfc3,no_salary_hike_no_attrition_no_department,EmpDepartment,Finance,exploratory_operational_subgroup_diagnostic,49,30,True,false_positive_rate,4.0,0.0,45,10,True,True
manuscript_final_20260712T175251Z_c664ef152ff3,c664ef152ff3a9eef89c53a403b9c2e6f677340bea0307b02d97d07cc54bdfc3,no_salary_hike_no_attrition_no_department,EmpDepartment,Finance,exploratory_operational_subgroup_diagnostic,49,30,True,precision,4.0,,0,10,False,False
manuscript_final_20260712T175251Z_c664ef152ff3,c664ef152ff3a9eef89c53a403b9c2e6f677340bea0307b02d97d07cc54bdfc3,no_salary_hike_no_attrition_no_department,EmpDepartment,Finance,exploratory_operational_subgroup_diagnostic,49,30,True,mean_predicted_probability,4.0,0.08638482845426367,49,30,True,True
manuscript_final_20260712T175251Z_c664ef152ff3,c664ef152ff3a9eef89c53a403b9c2e6f677340bea0307b02d97d07cc54bdfc3,no_salary_hike_no_attrition_no_department,EmpDepartment,Human Resources,exploratory_operational_subgroup_diagnostic,54,30,True,accuracy,,0.8333333333333334,54,30,True,True
manuscript_final_20260712T175251Z_c664ef152ff3,c664ef152ff3a9eef89c53a403b9c2e6f677340bea0307b02d97d07cc54bdfc3,no_salary_hike_no_attrition_no_department,EmpDepartment,Human Resources,exploratory_operational_subgroup_diagnostic,54,30,True,macro_f1,,0.5962962962962962,54,30,True,True
manuscript_final_20260712T175251Z_c664ef152ff3,c664ef152ff3a9eef89c53a403b9c2e6f677340bea0307b02d97d07cc54bdfc3,no_salary_hike_no_attrition_no_department,EmpDepartment,Human Resources,exploratory_operational_subgroup_diagnostic,54,30,True,positive_prediction_rate,2.0,0.18518518518518517,54,30,True,True
manuscript_final_20260712T175251Z_c664ef152ff3,c664ef152ff3a9eef89c53a403b9c2e6f677340bea0307b02d97d07cc54bdfc3,no_salary_hike_no_attrition_no_department,EmpDepartment,Human Resources,exploratory_operational_subgroup_diagnostic,54,30,True,true_positive_rate,2.0,0.9,10,10,True,True
manuscript_final_20260712T175251Z_c664ef152ff3,c664ef152ff3a9eef89c53a403b9c2e6f677340bea0307b02d97d07cc54bdfc3,no_salary_hike_no_attrition_no_department,EmpDepartment,Human Resources,exploratory_operational_subgroup_diagnostic,54,30,True,false_positive_rate,2.0,0.022727272727272728,44,10,True,True
manuscript_final_20260712T175251Z_c664ef152ff3,c664ef152ff3a9eef89c53a403b9c2e6f677340bea0307b02d97d07cc54bdfc3,no_salary_hike_no_attrition_no_department,EmpDepartment,Human Resources,exploratory_operational_subgroup_diagnostic,54,30,True,precision,2.0,0.9,10,10,True,True
manuscript_final_20260712T175251Z_c664ef152ff3,c664ef152ff3a9eef89c53a403b9c2e6f677340bea0307b02d97d07cc54bdfc3,no_salary_hike_no_attrition_no_department,EmpDepartment,Human Resources,exploratory_operational_subgroup_diagnostic,54,30,True,mean_predicted_probability,2.0,0.17436910570109762,54,30,True,True
manuscript_final_20260712T175251Z_c664ef152ff3,c664ef152ff3a9eef89c53a403b9c2e6f677340bea0307b02d97d07cc54bdfc3,no_salary_hike_no_attrition_no_department,EmpDepartment,Human Resources,exploratory_operational_subgroup_diagnostic,54,30,True,positive_prediction_rate,3.0,0.7962962962962963,54,30,True,True
manuscript_final_20260712T175251Z_c664ef152ff3,c664ef152ff3a9eef89c53a403b9c2e6f677340bea0307b02d97d07cc54bdfc3,no_salary_hike_no_attrition_no_department,EmpDepartment,Human Resources,exploratory_operational_subgroup_diagnostic,54,30,True,true_positive_rate,3.0,0.9473684210526315,38,10,True,True
manuscript_final_20260712T175251Z_c664ef152ff3,c664ef152ff3a9eef89c53a403b9c2e6f677340bea0307b02d97d07cc54bdfc3,no_salary_hike_no_attrition_no_department,EmpDepartment,Human Resources,exploratory_operational_subgroup_diagnostic,54,30,True,false_positive_rate,3.0,0.4375,16,10,True,True
manuscript_final_20260712T175251Z_c664ef152ff3,c664ef152ff3a9eef89c53a403b9c2e6f677340bea0307b02d97d07cc54bdfc3,no_salary_hike_no_attrition_no_department,EmpDepartment,Human Resources,exploratory_operational_subgroup_diagnostic,54,30,True,precision,3.0,0.8372093023255814,43,10,True,True
manuscript_final_20260712T175251Z_c664ef152ff3,c664ef152ff3a9eef89c53a403b9c2e6f677340bea0307b02d97d07cc54bdfc3,no_salary_hike_no_attrition_no_department,EmpDepartment,Human Resources,exploratory_operational_subgroup_diagnostic,54,30,True,mean_predicted_probability,3.0,0.7280620456569724,54,30,True,True
manuscript_final_20260712T175251Z_c664ef152ff3,c664ef152ff3a9eef89c53a403b9c2e6f677340bea0307b02d97d07cc54bdfc3,no_salary_hike_no_attrition_no_department,EmpDepartment,Human Resources,exploratory_operational_subgroup_diagnostic,54,30,True,positive_prediction_rate,4.0,0.018518518518518517,54,30,True,True
manuscript_final_20260712T175251Z_c664ef152ff3,c664ef152ff3a9eef89c53a403b9c2e6f677340bea0307b02d97d07cc54bdfc3,no_salary_hike_no_attrition_no_department,EmpDepartment,Human Resources,exploratory_operational_subgroup_diagnostic,54,30,True,true_positive_rate,4.0,0.0,6,10,False,False
manuscript_final_20260712T175251Z_c664ef152ff3,c664ef152ff3a9eef89c53a403b9c2e6f677340bea0307b02d97d07cc54bdfc3,no_salary_hike_no_attrition_no_department,EmpDepartment,Human Resources,exploratory_operational_subgroup_diagnostic,54,30,True,false_positive_rate,4.0,0.020833333333333332,48,10,True,True
manuscript_final_20260712T175251Z_c664ef152ff3,c664ef152ff3a9eef89c53a403b9c2e6f677340bea0307b02d97d07cc54bdfc3,no_salary_hike_no_attrition_no_department,EmpDepartment,Human Resources,exploratory_operational_subgroup_diagnostic,54,30,True,precision,4.0,0.0,1,10,False,False
manuscript_final_20260712T175251Z_c664ef152ff3,c664ef152ff3a9eef89c53a403b9c2e6f677340bea0307b02d97d07cc54bdfc3,no_salary_hike_no_attrition_no_department,EmpDepartment,Human Resources,exploratory_operational_subgroup_diagnostic,54,30,True,mean_predicted_probability,4.0,0.09756884406993373,54,30,True,True
manuscript_final_20260712T175251Z_c664ef152ff3,c664ef152ff3a9eef89c53a403b9c2e6f677340bea0307b02d97d07cc54bdfc3,no_salary_hike_no_attrition_no_department,EmpDepartment,Research & Development,exploratory_operational_subgroup_diagnostic,343,30,True,accuracy,,0.8600583090379009,343,30,True,True
manuscript_final_20260712T175251Z_c664ef152ff3,c664ef152ff3a9eef89c53a403b9c2e6f677340bea0307b02d97d07cc54bdfc3,no_salary_hike_no_attrition_no_department,EmpDepartment,Research & Development,exploratory_operational_subgroup_diagnostic,343,30,True,macro_f1,,0.6188569936130304,343,30,True,True
manuscript_final_20260712T175251Z_c664ef152ff3,c664ef152ff3a9eef89c53a403b9c2e6f677340bea0307b02d97d07cc54bdfc3,no_salary_hike_no_attrition_no_department,EmpDepartment,Research & Development,exploratory_operational_subgroup_diagnostic,343,30,True,positive_prediction_rate,2.0,0.20699708454810495,343,30,True,True
manuscript_final_20260712T175251Z_c664ef152ff3,c664ef152ff3a9eef89c53a403b9c2e6f677340bea0307b02d97d07cc54bdfc3,no_salary_hike_no_attrition_no_department,EmpDepartment,Research & Development,exploratory_operational_subgroup_diagnostic,343,30,True,true_positive_rate,2.0,0.9705882352941176,68,10,True,True
manuscript_final_20260712T175251Z_c664ef152ff3,c664ef152ff3a9eef89c53a403b9c2e6f677340bea0307b02d97d07cc54bdfc3,no_salary_hike_no_attrition_no_department,EmpDepartment,Research & Development,exploratory_operational_subgroup_diagnostic,343,30,True,false_positive_rate,2.0,0.01818181818181818,275,10,True,True
manuscript_final_20260712T175251Z_c664ef152ff3,c664ef152ff3a9eef89c53a403b9c2e6f677340bea0307b02d97d07cc54bdfc3,no_salary_hike_no_attrition_no_department,EmpDepartment,Research & Development,exploratory_operational_subgroup_diagnostic,343,30,True,precision,2.0,0.9295774647887324,71,10,True,True
manuscript_final_20260712T175251Z_c664ef152ff3,c664ef152ff3a9eef89c53a403b9c2e6f677340bea0307b02d97d07cc54bdfc3,no_salary_hike_no_attrition_no_department,EmpDepartment,Research & Development,exploratory_operational_subgroup_diagnostic,343,30,True,mean_predicted_probability,2.0,0.18913253942991484,343,30,True,True
manuscript_final_20260712T175251Z_c664ef152ff3,c664ef152ff3a9eef89c53a403b9c2e6f677340bea0307b02d97d07cc54bdfc3,no_salary_hike_no_attrition_no_department,EmpDepartment,Research & Development,exploratory_operational_subgroup_diagnostic,343,30,True,positive_prediction_rate,3.0,0.7900874635568513,343,30,True,True
manuscript_final_20260712T175251Z_c664ef152ff3,c664ef152ff3a9eef89c53a403b9c2e6f677340bea0307b02d97d07cc54bdfc3,no_salary_hike_no_attrition_no_department,EmpDepartment,Research & Development,exploratory_operational_subgroup_diagnostic,343,30,True,true_positive_rate,3.0,0.9786324786324786,234,10,True,True
manuscript_final_20260712T175251Z_c664ef152ff3,c664ef152ff3a9eef89c53a403b9c2e6f677340bea0307b02d97d07cc54bdfc3,no_salary_hike_no_attrition_no_department,EmpDepartment,Research & Development,exploratory_operational_subgroup_diagnostic,343,30,True,false_positive_rate,3.0,0.3853211009174312,109,10,True,True
manuscript_final_20260712T175251Z_c664ef152ff3,c664ef152ff3a9eef89c53a403b9c2e6f677340bea0307b02d97d07cc54bdfc3,no_salary_hike_no_attrition_no_department,EmpDepartment,Research & Development,exploratory_operational_subgroup_diagnostic,343,30,True,precision,3.0,0.8450184501845018,271,10,True,True
manuscript_final_20260712T175251Z_c664ef152ff3,c664ef152ff3a9eef89c53a403b9c2e6f677340bea0307b02d97d07cc54bdfc3,no_salary_hike_no_attrition_no_department,EmpDepartment,Research & Development,exploratory_operational_subgroup_diagnostic,343,30,True,mean_predicted_probability,3.0,0.7162452396684199,343,30,True,True
manuscript_final_20260712T175251Z_c664ef152ff3,c664ef152ff3a9eef89c53a403b9c2e6f677340bea0307b02d97d07cc54bdfc3,no_salary_hike_no_attrition_no_department,EmpDepartment,Research & Development,exploratory_operational_subgroup_diagnostic,343,30,True,positive_prediction_rate,4.0,0.0029154518950437317,343,30,True,True
manuscript_final_20260712T175251Z_c664ef152ff3,c664ef152ff3a9eef89c53a403b9c2e6f677340bea0307b02d97d07cc54bdfc3,no_salary_hike_no_attrition_no_department,EmpDepartment,Research & Development,exploratory_operational_subgroup_diagnostic,343,30,True,true_positive_rate,4.0,0.0,41,10,True,True
manuscript_final_20260712T175251Z_c664ef152ff3,c664ef152ff3a9eef89c53a403b9c2e6f677340bea0307b02d97d07cc54bdfc3,no_salary_hike_no_attrition_no_department,EmpDepartment,Research & Development,exploratory_operational_subgroup_diagnostic,343,30,True,false_positive_rate,4.0,0.0033112582781456954,302,10,True,True
manuscript_final_20260712T175251Z_c664ef152ff3,c664ef152ff3a9eef89c53a403b9c2e6f677340bea0307b02d97d07cc54bdfc3,no_salary_hike_no_attrition_no_department,EmpDepartment,Research & Development,exploratory_operational_subgroup_diagnostic,343,30,True,precision,4.0,0.0,1,10,False,False
manuscript_final_20260712T175251Z_c664ef152ff3,c664ef152ff3a9eef89c53a403b9c2e6f677340bea0307b02d97d07cc54bdfc3,no_salary_hike_no_attrition_no_department,EmpDepartment,Research & Development,exploratory_operational_subgroup_diagnostic,343,30,True,mean_predicted_probability,4.0,0.0946222204825659,343,30,True,True
manuscript_final_20260712T175251Z_c664ef152ff3,c664ef152ff3a9eef89c53a403b9c2e6f677340bea0307b02d97d07cc54bdfc3,no_salary_hike_no_attrition_no_department,EmpDepartment,Sales,exploratory_operational_subgroup_diagnostic,373,30,True,accuracy,,0.8632707774798928,373,30,True,True
manuscript_final_20260712T175251Z_c664ef152ff3,c664ef152ff3a9eef89c53a403b9c2e6f677340bea0307b02d97d07cc54bdfc3,no_salary_hike_no_attrition_no_department,EmpDepartment,Sales,exploratory_operational_subgroup_diagnostic,373,30,True,macro_f1,,0.6206524956524956,373,30,True,True
manuscript_final_20260712T175251Z_c664ef152ff3,c664ef152ff3a9eef89c53a403b9c2e6f677340bea0307b02d97d07cc54bdfc3,no_salary_hike_no_attrition_no_department,EmpDepartment,Sales,exploratory_operational_subgroup_diagnostic,373,30,True,positive_prediction_rate,2.0,0.2546916890080429,373,30,True,True
manuscript_final_20260712T175251Z_c664ef152ff3,c664ef152ff3a9eef89c53a403b9c2e6f677340bea0307b02d97d07cc54bdfc3,no_salary_hike_no_attrition_no_department,EmpDepartment,Sales,exploratory_operational_subgroup_diagnostic,373,30,True,true_positive_rate,2.0,0.9425287356321839,87,10,True,True
manuscript_final_20260712T175251Z_c664ef152ff3,c664ef152ff3a9eef89c53a403b9c2e6f677340bea0307b02d97d07cc54bdfc3,no_salary_hike_no_attrition_no_department,EmpDepartment,Sales,exploratory_operational_subgroup_diagnostic,373,30,True,false_positive_rate,2.0,0.045454545454545456,286,10,True,True
manuscript_final_20260712T175251Z_c664ef152ff3,c664ef152ff3a9eef89c53a403b9c2e6f677340bea0307b02d97d07cc54bdfc3,no_salary_hike_no_attrition_no_department,EmpDepartment,Sales,exploratory_operational_subgroup_diagnostic,373,30,True,precision,2.0,0.8631578947368421,95,10,True,True
manuscript_final_20260712T175251Z_c664ef152ff3,c664ef152ff3a9eef89c53a403b9c2e6f677340bea0307b02d97d07cc54bdfc3,no_salary_hike_no_attrition_no_department,EmpDepartment,Sales,exploratory_operational_subgroup_diagnostic,373,30,True,mean_predicted_probability,2.0,0.22633882544489375,373,30,True,True
manuscript_final_20260712T175251Z_c664ef152ff3,c664ef152ff3a9eef89c53a403b9c2e6f677340bea0307b02d97d07cc54bdfc3,no_salary_hike_no_attrition_no_department,EmpDepartment,Sales,exploratory_operational_subgroup_diagnostic,373,30,True,positive_prediction_rate,3.0,0.7426273458445041,373,30,True,True
manuscript_final_20260712T175251Z_c664ef152ff3,c664ef152ff3a9eef89c53a403b9c2e6f677340bea0307b02d97d07cc54bdfc3,no_salary_hike_no_attrition_no_department,EmpDepartment,Sales,exploratory_operational_subgroup_diagnostic,373,30,True,true_positive_rate,3.0,0.952191235059761,251,10,True,True
manuscript_final_20260712T175251Z_c664ef152ff3,c664ef152ff3a9eef89c53a403b9c2e6f677340bea0307b02d97d07cc54bdfc3,no_salary_hike_no_attrition_no_department,EmpDepartment,Sales,exploratory_operational_subgroup_diagnostic,373,30,True,false_positive_rate,3.0,0.3114754098360656,122,10,True,True
manuscript_final_20260712T175251Z_c664ef152ff3,c664ef152ff3a9eef89c53a403b9c2e6f677340bea0307b02d97d07cc54bdfc3,no_salary_hike_no_attrition_no_department,EmpDepartment,Sales,exploratory_operational_subgroup_diagnostic,373,30,True,precision,3.0,0.8628158844765343,277,10,True,True
manuscript_final_20260712T175251Z_c664ef152ff3,c664ef152ff3a9eef89c53a403b9c2e6f677340bea0307b02d97d07cc54bdfc3,no_salary_hike_no_attrition_no_department,EmpDepartment,Sales,exploratory_operational_subgroup_diagnostic,373,30,True,mean_predicted_probability,3.0,0.6987673541426099,373,30,True,True
manuscript_final_20260712T175251Z_c664ef152ff3,c664ef152ff3a9eef89c53a403b9c2e6f677340bea0307b02d97d07cc54bdfc3,no_salary_hike_no_attrition_no_department,EmpDepartment,Sales,exploratory_operational_subgroup_diagnostic,373,30,True,positive_prediction_rate,4.0,0.002680965147453083,373,30,True,True
manuscript_final_20260712T175251Z_c664ef152ff3,c664ef152ff3a9eef89c53a403b9c2e6f677340bea0307b02d97d07cc54bdfc3,no_salary_hike_no_attrition_no_department,EmpDepartment,Sales,exploratory_operational_subgroup_diagnostic,373,30,True,true_positive_rate,4.0,0.02857142857142857,35,10,True,True
manuscript_final_20260712T175251Z_c664ef152ff3,c664ef152ff3a9eef89c53a403b9c2e6f677340bea0307b02d97d07cc54bdfc3,no_salary_hike_no_attrition_no_department,EmpDepartment,Sales,exploratory_operational_subgroup_diagnostic,373,30,True,false_positive_rate,4.0,0.0,338,10,True,True
manuscript_final_20260712T175251Z_c664ef152ff3,c664ef152ff3a9eef89c53a403b9c2e6f677340bea0307b02d97d07cc54bdfc3,no_salary_hike_no_attrition_no_department,EmpDepartment,Sales,exploratory_operational_subgroup_diagnostic,373,30,True,precision,4.0,1.0,1,10,False,False
manuscript_final_20260712T175251Z_c664ef152ff3,c664ef152ff3a9eef89c53a403b9c2e6f677340bea0307b02d97d07cc54bdfc3,no_salary_hike_no_attrition_no_department,EmpDepartment,Sales,exploratory_operational_subgroup_diagnostic,373,30,True,mean_predicted_probability,4.0,0.07489382071874975,373,30,True,True
manuscript_final_20260712T175251Z_c664ef152ff3,c664ef152ff3a9eef89c53a403b9c2e6f677340bea0307b02d97d07cc54bdfc3,no_salary_hike_no_attrition_no_department,EducationBackground,Human Resources,exploratory_operational_subgroup_diagnostic,21,30,False,accuracy,,0.8571428571428571,21,30,False,False
manuscript_final_20260712T175251Z_c664ef152ff3,c664ef152ff3a9eef89c53a403b9c2e6f677340bea0307b02d97d07cc54bdfc3,no_salary_hike_no_attrition_no_department,EducationBackground,Human Resources,exploratory_operational_subgroup_diagnostic,21,30,False,macro_f1,,0.5887445887445887,21,30,False,False
manuscript_final_20260712T175251Z_c664ef152ff3,c664ef152ff3a9eef89c53a403b9c2e6f677340bea0307b02d97d07cc54bdfc3,no_salary_hike_no_attrition_no_department,EducationBackground,Human Resources,exploratory_operational_subgroup_diagnostic,21,30,False,positive_prediction_rate,2.0,0.19047619047619047,21,30,False,False
manuscript_final_20260712T175251Z_c664ef152ff3,c664ef152ff3a9eef89c53a403b9c2e6f677340bea0307b02d97d07cc54bdfc3,no_salary_hike_no_attrition_no_department,EducationBackground,Human Resources,exploratory_operational_subgroup_diagnostic,21,30,False,true_positive_rate,2.0,1.0,3,10,False,False
manuscript_final_20260712T175251Z_c664ef152ff3,c664ef152ff3a9eef89c53a403b9c2e6f677340bea0307b02d97d07cc54bdfc3,no_salary_hike_no_attrition_no_department,EducationBackground,Human Resources,exploratory_operational_subgroup_diagnostic,21,30,False,false_positive_rate,2.0,0.05555555555555555,18,10,True,False
manuscript_final_20260712T175251Z_c664ef152ff3,c664ef152ff3a9eef89c53a403b9c2e6f677340bea0307b02d97d07cc54bdfc3,no_salary_hike_no_attrition_no_department,EducationBackground,Human Resources,exploratory_operational_subgroup_diagnostic,21,30,False,precision,2.0,0.75,4,10,False,False
manuscript_final_20260712T175251Z_c664ef152ff3,c664ef152ff3a9eef89c53a403b9c2e6f677340bea0307b02d97d07cc54bdfc3,no_salary_hike_no_attrition_no_department,EducationBackground,Human Resources,exploratory_operational_subgroup_diagnostic,21,30,False,mean_predicted_probability,2.0,0.16953858010016293,21,30,False,False
manuscript_final_20260712T175251Z_c664ef152ff3,c664ef152ff3a9eef89c53a403b9c2e6f677340bea0307b02d97d07cc54bdfc3,no_salary_hike_no_attrition_no_department,EducationBackground,Human Resources,exploratory_operational_subgroup_diagnostic,21,30,False,positive_prediction_rate,3.0,0.8095238095238095,21,30,False,False
manuscript_final_20260712T175251Z_c664ef152ff3,c664ef152ff3a9eef89c53a403b9c2e6f677340bea0307b02d97d07cc54bdfc3,no_salary_hike_no_attrition_no_department,EducationBackground,Human Resources,exploratory_operational_subgroup_diagnostic,21,30,False,true_positive_rate,3.0,0.9375,16,10,True,False
manuscript_final_20260712T175251Z_c664ef152ff3,c664ef152ff3a9eef89c53a403b9c2e6f677340bea0307b02d97d07cc54bdfc3,no_salary_hike_no_attrition_no_department,EducationBackground,Human Resources,exploratory_operational_subgroup_diagnostic,21,30,False,false_positive_rate,3.0,0.4,5,10,False,False
manuscript_final_20260712T175251Z_c664ef152ff3,c664ef152ff3a9eef89c53a403b9c2e6f677340bea0307b02d97d07cc54bdfc3,no_salary_hike_no_attrition_no_department,EducationBackground,Human Resources,exploratory_operational_subgroup_diagnostic,21,30,False,precision,3.0,0.8823529411764706,17,10,True,False
manuscript_final_20260712T175251Z_c664ef152ff3,c664ef152ff3a9eef89c53a403b9c2e6f677340bea0307b02d97d07cc54bdfc3,no_salary_hike_no_attrition_no_department,EducationBackground,Human Resources,exploratory_operational_subgroup_diagnostic,21,30,False,mean_predicted_probability,3.0,0.7426276680614267,21,30,False,False
manuscript_final_20260712T175251Z_c664ef152ff3,c664ef152ff3a9eef89c53a403b9c2e6f677340bea0307b02d97d07cc54bdfc3,no_salary_hike_no_attrition_no_department,EducationBackground,Human Resources,exploratory_operational_subgroup_diagnostic,21,30,False,positive_prediction_rate,4.0,0.0,21,30,False,False
manuscript_final_20260712T175251Z_c664ef152ff3,c664ef152ff3a9eef89c53a403b9c2e6f677340bea0307b02d97d07cc54bdfc3,no_salary_hike_no_attrition_no_department,EducationBackground,Human Resources,exploratory_operational_subgroup_diagnostic,21,30,False,true_positive_rate,4.0,0.0,2,10,False,False
manuscript_final_20260712T175251Z_c664ef152ff3,c664ef152ff3a9eef89c53a403b9c2e6f677340bea0307b02d97d07cc54bdfc3,no_salary_hike_no_attrition_no_department,EducationBackground,Human Resources,exploratory_operational_subgroup_diagnostic,21,30,False,false_positive_rate,4.0,0.0,19,10,True,False
manuscript_final_20260712T175251Z_c664ef152ff3,c664ef152ff3a9eef89c53a403b9c2e6f677340bea0307b02d97d07cc54bdfc3,no_salary_hike_no_attrition_no_department,EducationBackground,Human Resources,exploratory_operational_subgroup_diagnostic,21,30,False,precision,4.0,,0,10,False,False
manuscript_final_20260712T175251Z_c664ef152ff3,c664ef152ff3a9eef89c53a403b9c2e6f677340bea0307b02d97d07cc54bdfc3,no_salary_hike_no_attrition_no_department,EducationBackground,Human Resources,exploratory_operational_subgroup_diagnostic,21,30,False,mean_predicted_probability,4.0,0.08783375706878446,21,30,False,False
manuscript_final_20260712T175251Z_c664ef152ff3,c664ef152ff3a9eef89c53a403b9c2e6f677340bea0307b02d97d07cc54bdfc3,no_salary_hike_no_attrition_no_department,EducationBackground,Life Sciences,exploratory_operational_subgroup_diagnostic,492,30,True,accuracy,,0.8373983739837398,492,30,True,True
manuscript_final_20260712T175251Z_c664ef152ff3,c664ef152ff3a9eef89c53a403b9c2e6f677340bea0307b02d97d07cc54bdfc3,no_salary_hike_no_attrition_no_department,EducationBackground,Life Sciences,exploratory_operational_subgroup_diagnostic,492,30,True,macro_f1,,0.5846249610955493,492,30,True,True
manuscript_final_20260712T175251Z_c664ef152ff3,c664ef152ff3a9eef89c53a403b9c2e6f677340bea0307b02d97d07cc54bdfc3,no_salary_hike_no_attrition_no_department,EducationBackground,Life Sciences,exploratory_operational_subgroup_diagnostic,492,30,True,positive_prediction_rate,2.0,0.16869918699186992,492,30,True,True
manuscript_final_20260712T175251Z_c664ef152ff3,c664ef152ff3a9eef89c53a403b9c2e6f677340bea0307b02d97d07cc54bdfc3,no_salary_hike_no_attrition_no_department,EducationBackground,Life Sciences,exploratory_operational_subgroup_diagnostic,492,30,True,true_positive_rate,2.0,0.8846153846153846,78,10,True,True
manuscript_final_20260712T175251Z_c664ef152ff3,c664ef152ff3a9eef89c53a403b9c2e6f677340bea0307b02d97d07cc54bdfc3,no_salary_hike_no_attrition_no_department,EducationBackground,Life Sciences,exploratory_operational_subgroup_diagnostic,492,30,True,false_positive_rate,2.0,0.033816425120772944,414,10,True,True
manuscript_final_20260712T175251Z_c664ef152ff3,c664ef152ff3a9eef89c53a403b9c2e6f677340bea0307b02d97d07cc54bdfc3,no_salary_hike_no_attrition_no_department,EducationBackground,Life Sciences,exploratory_operational_subgroup_diagnostic,492,30,True,precision,2.0,0.8313253012048193,83,10,True,True
manuscript_final_20260712T175251Z_c664ef152ff3,c664ef152ff3a9eef89c53a403b9c2e6f677340bea0307b02d97d07cc54bdfc3,no_salary_hike_no_attrition_no_department,EducationBackground,Life Sciences,exploratory_operational_subgroup_diagnostic,492,30,True,mean_predicted_probability,2.0,0.16126165844850138,492,30,True,True
manuscript_final_20260712T175251Z_c664ef152ff3,c664ef152ff3a9eef89c53a403b9c2e6f677340bea0307b02d97d07cc54bdfc3,no_salary_hike_no_attrition_no_department,EducationBackground,Life Sciences,exploratory_operational_subgroup_diagnostic,492,30,True,positive_prediction_rate,3.0,0.8292682926829268,492,30,True,True
manuscript_final_20260712T175251Z_c664ef152ff3,c664ef152ff3a9eef89c53a403b9c2e6f677340bea0307b02d97d07cc54bdfc3,no_salary_hike_no_attrition_no_department,EducationBackground,Life Sciences,exploratory_operational_subgroup_diagnostic,492,30,True,true_positive_rate,3.0,0.9607843137254902,357,10,True,True
manuscript_final_20260712T175251Z_c664ef152ff3,c664ef152ff3a9eef89c53a403b9c2e6f677340bea0307b02d97d07cc54bdfc3,no_salary_hike_no_attrition_no_department,EducationBackground,Life Sciences,exploratory_operational_subgroup_diagnostic,492,30,True,false_positive_rate,3.0,0.48148148148148145,135,10,True,True
manuscript_final_20260712T175251Z_c664ef152ff3,c664ef152ff3a9eef89c53a403b9c2e6f677340bea0307b02d97d07cc54bdfc3,no_salary_hike_no_attrition_no_department,EducationBackground,Life Sciences,exploratory_operational_subgroup_diagnostic,492,30,True,precision,3.0,0.8406862745098039,408,10,True,True
manuscript_final_20260712T175251Z_c664ef152ff3,c664ef152ff3a9eef89c53a403b9c2e6f677340bea0307b02d97d07cc54bdfc3,no_salary_hike_no_attrition_no_department,EducationBackground,Life Sciences,exploratory_operational_subgroup_diagnostic,492,30,True,mean_predicted_probability,3.0,0.7469798433140102,492,30,True,True
manuscript_final_20260712T175251Z_c664ef152ff3,c664ef152ff3a9eef89c53a403b9c2e6f677340bea0307b02d97d07cc54bdfc3,no_salary_hike_no_attrition_no_department,EducationBackground,Life Sciences,exploratory_operational_subgroup_diagnostic,492,30,True,positive_prediction_rate,4.0,0.0020325203252032522,492,30,True,True
manuscript_final_20260712T175251Z_c664ef152ff3,c664ef152ff3a9eef89c53a403b9c2e6f677340bea0307b02d97d07cc54bdfc3,no_salary_hike_no_attrition_no_department,EducationBackground,Life Sciences,exploratory_operational_subgroup_diagnostic,492,30,True,true_positive_rate,4.0,0.0,57,10,True,True
manuscript_final_20260712T175251Z_c664ef152ff3,c664ef152ff3a9eef89c53a403b9c2e6f677340bea0307b02d97d07cc54bdfc3,no_salary_hike_no_attrition_no_department,EducationBackground,Life Sciences,exploratory_operational_subgroup_diagnostic,492,30,True,false_positive_rate,4.0,0.0022988505747126436,435,10,True,True
manuscript_final_20260712T175251Z_c664ef152ff3,c664ef152ff3a9eef89c53a403b9c2e6f677340bea0307b02d97d07cc54bdfc3,no_salary_hike_no_attrition_no_department,EducationBackground,Life Sciences,exploratory_operational_subgroup_diagnostic,492,30,True,precision,4.0,0.0,1,10,False,False
manuscript_final_20260712T175251Z_c664ef152ff3,c664ef152ff3a9eef89c53a403b9c2e6f677340bea0307b02d97d07cc54bdfc3,no_salary_hike_no_attrition_no_department,EducationBackground,Life Sciences,exploratory_operational_subgroup_diagnostic,492,30,True,mean_predicted_probability,4.0,0.09175849612352696,492,30,True,True
manuscript_final_20260712T175251Z_c664ef152ff3,c664ef152ff3a9eef89c53a403b9c2e6f677340bea0307b02d97d07cc54bdfc3,no_salary_hike_no_attrition_no_department,EducationBackground,Marketing,exploratory_operational_subgroup_diagnostic,137,30,True,accuracy,,0.8540145985401459,137,30,True,True
manuscript_final_20260712T175251Z_c664ef152ff3,c664ef152ff3a9eef89c53a403b9c2e6f677340bea0307b02d97d07cc54bdfc3,no_salary_hike_no_attrition_no_department,EducationBackground,Marketing,exploratory_operational_subgroup_diagnostic,137,30,True,macro_f1,,0.6369658119658119,137,30,True,True
manuscript_final_20260712T175251Z_c664ef152ff3,c664ef152ff3a9eef89c53a403b9c2e6f677340bea0307b02d97d07cc54bdfc3,no_salary_hike_no_attrition_no_department,EducationBackground,Marketing,exploratory_operational_subgroup_diagnostic,137,30,True,positive_prediction_rate,2.0,0.25547445255474455,137,30,True,True
manuscript_final_20260712T175251Z_c664ef152ff3,c664ef152ff3a9eef89c53a403b9c2e6f677340bea0307b02d97d07cc54bdfc3,no_salary_hike_no_attrition_no_department,EducationBackground,Marketing,exploratory_operational_subgroup_diagnostic,137,30,True,true_positive_rate,2.0,0.9655172413793104,29,10,True,True
manuscript_final_20260712T175251Z_c664ef152ff3,c664ef152ff3a9eef89c53a403b9c2e6f677340bea0307b02d97d07cc54bdfc3,no_salary_hike_no_attrition_no_department,EducationBackground,Marketing,exploratory_operational_subgroup_diagnostic,137,30,True,false_positive_rate,2.0,0.06481481481481481,108,10,True,True
manuscript_final_20260712T175251Z_c664ef152ff3,c664ef152ff3a9eef89c53a403b9c2e6f677340bea0307b02d97d07cc54bdfc3,no_salary_hike_no_attrition_no_department,EducationBackground,Marketing,exploratory_operational_subgroup_diagnostic,137,30,True,precision,2.0,0.8,35,10,True,True
manuscript_final_20260712T175251Z_c664ef152ff3,c664ef152ff3a9eef89c53a403b9c2e6f677340bea0307b02d97d07cc54bdfc3,no_salary_hike_no_attrition_no_department,EducationBackground,Marketing,exploratory_operational_subgroup_diagnostic,137,30,True,mean_predicted_probability,2.0,0.2262708626069973,137,30,True,True
manuscript_final_20260712T175251Z_c664ef152ff3,c664ef152ff3a9eef89c53a403b9c2e6f677340bea0307b02d97d07cc54bdfc3,no_salary_hike_no_attrition_no_department,EducationBackground,Marketing,exploratory_operational_subgroup_diagnostic,137,30,True,positive_prediction_rate,3.0,0.7372262773722628,137,30,True,True
manuscript_final_20260712T175251Z_c664ef152ff3,c664ef152ff3a9eef89c53a403b9c2e6f677340bea0307b02d97d07cc54bdfc3,no_salary_hike_no_attrition_no_department,EducationBackground,Marketing,exploratory_operational_subgroup_diagnostic,137,30,True,true_positive_rate,3.0,0.9361702127659575,94,10,True,True
manuscript_final_20260712T175251Z_c664ef152ff3,c664ef152ff3a9eef89c53a403b9c2e6f677340bea0307b02d97d07cc54bdfc3,no_salary_hike_no_attrition_no_department,EducationBackground,Marketing,exploratory_operational_subgroup_diagnostic,137,30,True,false_positive_rate,3.0,0.3023255813953488,43,10,True,True
manuscript_final_20260712T175251Z_c664ef152ff3,c664ef152ff3a9eef89c53a403b9c2e6f677340bea0307b02d97d07cc54bdfc3,no_salary_hike_no_attrition_no_department,EducationBackground,Marketing,exploratory_operational_subgroup_diagnostic,137,30,True,precision,3.0,0.8712871287128713,101,10,True,True
manuscript_final_20260712T175251Z_c664ef152ff3,c664ef152ff3a9eef89c53a403b9c2e6f677340bea0307b02d97d07cc54bdfc3,no_salary_hike_no_attrition_no_department,EducationBackground,Marketing,exploratory_operational_subgroup_diagnostic,137,30,True,mean_predicted_probability,3.0,0.7080319312394318,137,30,True,True
manuscript_final_20260712T175251Z_c664ef152ff3,c664ef152ff3a9eef89c53a403b9c2e6f677340bea0307b02d97d07cc54bdfc3,no_salary_hike_no_attrition_no_department,EducationBackground,Marketing,exploratory_operational_subgroup_diagnostic,137,30,True,positive_prediction_rate,4.0,0.0072992700729927005,137,30,True,True
manuscript_final_20260712T175251Z_c664ef152ff3,c664ef152ff3a9eef89c53a403b9c2e6f677340bea0307b02d97d07cc54bdfc3,no_salary_hike_no_attrition_no_department,EducationBackground,Marketing,exploratory_operational_subgroup_diagnostic,137,30,True,true_positive_rate,4.0,0.07142857142857142,14,10,True,True
manuscript_final_20260712T175251Z_c664ef152ff3,c664ef152ff3a9eef89c53a403b9c2e6f677340bea0307b02d97d07cc54bdfc3,no_salary_hike_no_attrition_no_department,EducationBackground,Marketing,exploratory_operational_subgroup_diagnostic,137,30,True,false_positive_rate,4.0,0.0,123,10,True,True
manuscript_final_20260712T175251Z_c664ef152ff3,c664ef152ff3a9eef89c53a403b9c2e6f677340bea0307b02d97d07cc54bdfc3,no_salary_hike_no_attrition_no_department,EducationBackground,Marketing,exploratory_operational_subgroup_diagnostic,137,30,True,precision,4.0,1.0,1,10,False,False
manuscript_final_20260712T175251Z_c664ef152ff3,c664ef152ff3a9eef89c53a403b9c2e6f677340bea0307b02d97d07cc54bdfc3,no_salary_hike_no_attrition_no_department,EducationBackground,Marketing,exploratory_operational_subgroup_diagnostic,137,30,True,mean_predicted_probability,4.0,0.0656972077197606,137,30,True,True
manuscript_final_20260712T175251Z_c664ef152ff3,c664ef152ff3a9eef89c53a403b9c2e6f677340bea0307b02d97d07cc54bdfc3,no_salary_hike_no_attrition_no_department,EducationBackground,Medical,exploratory_operational_subgroup_diagnostic,384,30,True,accuracy,,0.8619791666666666,384,30,True,True
manuscript_final_20260712T175251Z_c664ef152ff3,c664ef152ff3a9eef89c53a403b9c2e6f677340bea0307b02d97d07cc54bdfc3,no_salary_hike_no_attrition_no_department,EducationBackground,Medical,exploratory_operational_subgroup_diagnostic,384,30,True,macro_f1,,0.6055251828962311,384,30,True,True
manuscript_final_20260712T175251Z_c664ef152ff3,c664ef152ff3a9eef89c53a403b9c2e6f677340bea0307b02d97d07cc54bdfc3,no_salary_hike_no_attrition_no_department,EducationBackground,Medical,exploratory_operational_subgroup_diagnostic,384,30,True,positive_prediction_rate,2.0,0.1640625,384,30,True,True
manuscript_final_20260712T175251Z_c664ef152ff3,c664ef152ff3a9eef89c53a403b9c2e6f677340bea0307b02d97d07cc54bdfc3,no_salary_hike_no_attrition_no_department,EducationBackground,Medical,exploratory_operational_subgroup_diagnostic,384,30,True,true_positive_rate,2.0,0.9047619047619048,63,10,True,True
manuscript_final_20260712T175251Z_c664ef152ff3,c664ef152ff3a9eef89c53a403b9c2e6f677340bea0307b02d97d07cc54bdfc3,no_salary_hike_no_attrition_no_department,EducationBackground,Medical,exploratory_operational_subgroup_diagnostic,384,30,True,false_positive_rate,2.0,0.018691588785046728,321,10,True,True
manuscript_final_20260712T175251Z_c664ef152ff3,c664ef152ff3a9eef89c53a403b9c2e6f677340bea0307b02d97d07cc54bdfc3,no_salary_hike_no_attrition_no_department,EducationBackground,Medical,exploratory_operational_subgroup_diagnostic,384,30,True,precision,2.0,0.9047619047619048,63,10,True,True
manuscript_final_20260712T175251Z_c664ef152ff3,c664ef152ff3a9eef89c53a403b9c2e6f677340bea0307b02d97d07cc54bdfc3,no_salary_hike_no_attrition_no_department,EducationBackground,Medical,exploratory_operational_subgroup_diagnostic,384,30,True,mean_predicted_probability,2.0,0.15775125812814395,384,30,True,True
manuscript_final_20260712T175251Z_c664ef152ff3,c664ef152ff3a9eef89c53a403b9c2e6f677340bea0307b02d97d07cc54bdfc3,no_salary_hike_no_attrition_no_department,EducationBackground,Medical,exploratory_operational_subgroup_diagnostic,384,30,True,positive_prediction_rate,3.0,0.8333333333333334,384,30,True,True
manuscript_final_20260712T175251Z_c664ef152ff3,c664ef152ff3a9eef89c53a403b9c2e6f677340bea0307b02d97d07cc54bdfc3,no_salary_hike_no_attrition_no_department,EducationBackground,Medical,exploratory_operational_subgroup_diagnostic,384,30,True,true_positive_rate,3.0,0.9750889679715302,281,10,True,True
manuscript_final_20260712T175251Z_c664ef152ff3,c664ef152ff3a9eef89c53a403b9c2e6f677340bea0307b02d97d07cc54bdfc3,no_salary_hike_no_attrition_no_department,EducationBackground,Medical,exploratory_operational_subgroup_diagnostic,384,30,True,false_positive_rate,3.0,0.44660194174757284,103,10,True,True
manuscript_final_20260712T175251Z_c664ef152ff3,c664ef152ff3a9eef89c53a403b9c2e6f677340bea0307b02d97d07cc54bdfc3,no_salary_hike_no_attrition_no_department,EducationBackground,Medical,exploratory_operational_subgroup_diagnostic,384,30,True,precision,3.0,0.85625,320,10,True,True
manuscript_final_20260712T175251Z_c664ef152ff3,c664ef152ff3a9eef89c53a403b9c2e6f677340bea0307b02d97d07cc54bdfc3,no_salary_hike_no_attrition_no_department,EducationBackground,Medical,exploratory_operational_subgroup_diagnostic,384,30,True,mean_predicted_probability,3.0,0.7537171085593096,384,30,True,True
manuscript_final_20260712T175251Z_c664ef152ff3,c664ef152ff3a9eef89c53a403b9c2e6f677340bea0307b02d97d07cc54bdfc3,no_salary_hike_no_attrition_no_department,EducationBackground,Medical,exploratory_operational_subgroup_diagnostic,384,30,True,positive_prediction_rate,4.0,0.0026041666666666665,384,30,True,True
manuscript_final_20260712T175251Z_c664ef152ff3,c664ef152ff3a9eef89c53a403b9c2e6f677340bea0307b02d97d07cc54bdfc3,no_salary_hike_no_attrition_no_department,EducationBackground,Medical,exploratory_operational_subgroup_diagnostic,384,30,True,true_positive_rate,4.0,0.0,40,10,True,True
manuscript_final_20260712T175251Z_c664ef152ff3,c664ef152ff3a9eef89c53a403b9c2e6f677340bea0307b02d97d07cc54bdfc3,no_salary_hike_no_attrition_no_department,EducationBackground,Medical,exploratory_operational_subgroup_diagnostic,384,30,True,false_positive_rate,4.0,0.0029069767441860465,344,10,True,True
manuscript_final_20260712T175251Z_c664ef152ff3,c664ef152ff3a9eef89c53a403b9c2e6f677340bea0307b02d97d07cc54bdfc3,no_salary_hike_no_attrition_no_department,EducationBackground,Medical,exploratory_operational_subgroup_diagnostic,384,30,True,precision,4.0,0.0,1,10,False,False
manuscript_final_20260712T175251Z_c664ef152ff3,c664ef152ff3a9eef89c53a403b9c2e6f677340bea0307b02d97d07cc54bdfc3,no_salary_hike_no_attrition_no_department,EducationBackground,Medical,exploratory_operational_subgroup_diagnostic,384,30,True,mean_predicted_probability,4.0,0.08853163298590516,384,30,True,True
manuscript_final_20260712T175251Z_c664ef152ff3,c664ef152ff3a9eef89c53a403b9c2e6f677340bea0307b02d97d07cc54bdfc3,no_salary_hike_no_attrition_no_department,EducationBackground,Other,exploratory_operational_subgroup_diagnostic,66,30,True,accuracy,,0.8787878787878788,66,30,True,True
manuscript_final_20260712T175251Z_c664ef152ff3,c664ef152ff3a9eef89c53a403b9c2e6f677340bea0307b02d97d07cc54bdfc3,no_salary_hike_no_attrition_no_department,EducationBackground,Other,exploratory_operational_subgroup_diagnostic,66,30,True,macro_f1,,0.5964487489911218,66,30,True,True
manuscript_final_20260712T175251Z_c664ef152ff3,c664ef152ff3a9eef89c53a403b9c2e6f677340bea0307b02d97d07cc54bdfc3,no_salary_hike_no_attrition_no_department,EducationBackground,Other,exploratory_operational_subgroup_diagnostic,66,30,True,positive_prediction_rate,2.0,0.06060606060606061,66,30,True,True
manuscript_final_20260712T175251Z_c664ef152ff3,c664ef152ff3a9eef89c53a403b9c2e6f677340bea0307b02d97d07cc54bdfc3,no_salary_hike_no_attrition_no_department,EducationBackground,Other,exploratory_operational_subgroup_diagnostic,66,30,True,true_positive_rate,2.0,1.0,3,10,False,False
manuscript_final_20260712T175251Z_c664ef152ff3,c664ef152ff3a9eef89c53a403b9c2e6f677340bea0307b02d97d07cc54bdfc3,no_salary_hike_no_attrition_no_department,EducationBackground,Other,exploratory_operational_subgroup_diagnostic,66,30,True,false_positive_rate,2.0,0.015873015873015872,63,10,True,True
manuscript_final_20260712T175251Z_c664ef152ff3,c664ef152ff3a9eef89c53a403b9c2e6f677340bea0307b02d97d07cc54bdfc3,no_salary_hike_no_attrition_no_department,EducationBackground,Other,exploratory_operational_subgroup_diagnostic,66,30,True,precision,2.0,0.75,4,10,False,False
manuscript_final_20260712T175251Z_c664ef152ff3,c664ef152ff3a9eef89c53a403b9c2e6f677340bea0307b02d97d07cc54bdfc3,no_salary_hike_no_attrition_no_department,EducationBackground,Other,exploratory_operational_subgroup_diagnostic,66,30,True,mean_predicted_probability,2.0,0.06015498208227765,66,30,True,True
manuscript_final_20260712T175251Z_c664ef152ff3,c664ef152ff3a9eef89c53a403b9c2e6f677340bea0307b02d97d07cc54bdfc3,no_salary_hike_no_attrition_no_department,EducationBackground,Other,exploratory_operational_subgroup_diagnostic,66,30,True,positive_prediction_rate,3.0,0.9393939393939394,66,30,True,True
manuscript_final_20260712T175251Z_c664ef152ff3,c664ef152ff3a9eef89c53a403b9c2e6f677340bea0307b02d97d07cc54bdfc3,no_salary_hike_no_attrition_no_department,EducationBackground,Other,exploratory_operational_subgroup_diagnostic,66,30,True,true_positive_rate,3.0,0.9821428571428571,56,10,True,True
manuscript_final_20260712T175251Z_c664ef152ff3,c664ef152ff3a9eef89c53a403b9c2e6f677340bea0307b02d97d07cc54bdfc3,no_salary_hike_no_attrition_no_department,EducationBackground,Other,exploratory_operational_subgroup_diagnostic,66,30,True,false_positive_rate,3.0,0.7,10,10,True,True
manuscript_final_20260712T175251Z_c664ef152ff3,c664ef152ff3a9eef89c53a403b9c2e6f677340bea0307b02d97d07cc54bdfc3,no_salary_hike_no_attrition_no_department,EducationBackground,Other,exploratory_operational_subgroup_diagnostic,66,30,True,precision,3.0,0.8870967741935484,62,10,True,True
manuscript_final_20260712T175251Z_c664ef152ff3,c664ef152ff3a9eef89c53a403b9c2e6f677340bea0307b02d97d07cc54bdfc3,no_salary_hike_no_attrition_no_department,EducationBackground,Other,exploratory_operational_subgroup_diagnostic,66,30,True,mean_predicted_probability,3.0,0.8577400036156178,66,30,True,True
manuscript_final_20260712T175251Z_c664ef152ff3,c664ef152ff3a9eef89c53a403b9c2e6f677340bea0307b02d97d07cc54bdfc3,no_salary_hike_no_attrition_no_department,EducationBackground,Other,exploratory_operational_subgroup_diagnostic,66,30,True,positive_prediction_rate,4.0,0.0,66,30,True,True
manuscript_final_20260712T175251Z_c664ef152ff3,c664ef152ff3a9eef89c53a403b9c2e6f677340bea0307b02d97d07cc54bdfc3,no_salary_hike_no_attrition_no_department,EducationBackground,Other,exploratory_operational_subgroup_diagnostic,66,30,True,true_positive_rate,4.0,0.0,7,10,False,False
manuscript_final_20260712T175251Z_c664ef152ff3,c664ef152ff3a9eef89c53a403b9c2e6f677340bea0307b02d97d07cc54bdfc3,no_salary_hike_no_attrition_no_department,EducationBackground,Other,exploratory_operational_subgroup_diagnostic,66,30,True,false_positive_rate,4.0,0.0,59,10,True,True
manuscript_final_20260712T175251Z_c664ef152ff3,c664ef152ff3a9eef89c53a403b9c2e6f677340bea0307b02d97d07cc54bdfc3,no_salary_hike_no_attrition_no_department,EducationBackground,Other,exploratory_operational_subgroup_diagnostic,66,30,True,precision,4.0,,0,10,False,False
manuscript_final_20260712T175251Z_c664ef152ff3,c664ef152ff3a9eef89c53a403b9c2e6f677340bea0307b02d97d07cc54bdfc3,no_salary_hike_no_attrition_no_department,EducationBackground,Other,exploratory_operational_subgroup_diagnostic,66,30,True,mean_predicted_probability,4.0,0.08210501708725298,66,30,True,True
manuscript_final_20260712T175251Z_c664ef152ff3,c664ef152ff3a9eef89c53a403b9c2e6f677340bea0307b02d97d07cc54bdfc3,no_salary_hike_no_attrition_no_department,EducationBackground,Technical Degree,exploratory_operational_subgroup_diagnostic,100,30,True,accuracy,,0.83,100,30,True,True
manuscript_final_20260712T175251Z_c664ef152ff3,c664ef152ff3a9eef89c53a403b9c2e6f677340bea0307b02d97d07cc54bdfc3,no_salary_hike_no_attrition_no_department,EducationBackground,Technical Degree,exploratory_operational_subgroup_diagnostic,100,30,True,macro_f1,,0.5921020358106451,100,30,True,True
manuscript_final_20260712T175251Z_c664ef152ff3,c664ef152ff3a9eef89c53a403b9c2e6f677340bea0307b02d97d07cc54bdfc3,no_salary_hike_no_attrition_no_department,EducationBackground,Technical Degree,exploratory_operational_subgroup_diagnostic,100,30,True,positive_prediction_rate,2.0,0.18,100,30,True,True
manuscript_final_20260712T175251Z_c664ef152ff3,c664ef152ff3a9eef89c53a403b9c2e6f677340bea0307b02d97d07cc54bdfc3,no_salary_hike_no_attrition_no_department,EducationBackground,Technical Degree,exploratory_operational_subgroup_diagnostic,100,30,True,true_positive_rate,2.0,0.8888888888888888,18,10,True,True
manuscript_final_20260712T175251Z_c664ef152ff3,c664ef152ff3a9eef89c53a403b9c2e6f677340bea0307b02d97d07cc54bdfc3,no_salary_hike_no_attrition_no_department,EducationBackground,Technical Degree,exploratory_operational_subgroup_diagnostic,100,30,True,false_positive_rate,2.0,0.024390243902439025,82,10,True,True
manuscript_final_20260712T175251Z_c664ef152ff3,c664ef152ff3a9eef89c53a403b9c2e6f677340bea0307b02d97d07cc54bdfc3,no_salary_hike_no_attrition_no_department,EducationBackground,Technical Degree,exploratory_operational_subgroup_diagnostic,100,30,True,precision,2.0,0.8888888888888888,18,10,True,True
manuscript_final_20260712T175251Z_c664ef152ff3,c664ef152ff3a9eef89c53a403b9c2e6f677340bea0307b02d97d07cc54bdfc3,no_salary_hike_no_attrition_no_department,EducationBackground,Technical Degree,exploratory_operational_subgroup_diagnostic,100,30,True,mean_predicted_probability,2.0,0.168060319058568,100,30,True,True
manuscript_final_20260712T175251Z_c664ef152ff3,c664ef152ff3a9eef89c53a403b9c2e6f677340bea0307b02d97d07cc54bdfc3,no_salary_hike_no_attrition_no_department,EducationBackground,Technical Degree,exploratory_operational_subgroup_diagnostic,100,30,True,positive_prediction_rate,3.0,0.81,100,30,True,True
manuscript_final_20260712T175251Z_c664ef152ff3,c664ef152ff3a9eef89c53a403b9c2e6f677340bea0307b02d97d07cc54bdfc3,no_salary_hike_no_attrition_no_department,EducationBackground,Technical Degree,exploratory_operational_subgroup_diagnostic,100,30,True,true_positive_rate,3.0,0.9571428571428572,70,10,True,True
manuscript_final_20260712T175251Z_c664ef152ff3,c664ef152ff3a9eef89c53a403b9c2e6f677340bea0307b02d97d07cc54bdfc3,no_salary_hike_no_attrition_no_department,EducationBackground,Technical Degree,exploratory_operational_subgroup_diagnostic,100,30,True,false_positive_rate,3.0,0.4666666666666667,30,10,True,True
manuscript_final_20260712T175251Z_c664ef152ff3,c664ef152ff3a9eef89c53a403b9c2e6f677340bea0307b02d97d07cc54bdfc3,no_salary_hike_no_attrition_no_department,EducationBackground,Technical Degree,exploratory_operational_subgroup_diagnostic,100,30,True,precision,3.0,0.8271604938271605,81,10,True,True
manuscript_final_20260712T175251Z_c664ef152ff3,c664ef152ff3a9eef89c53a403b9c2e6f677340bea0307b02d97d07cc54bdfc3,no_salary_hike_no_attrition_no_department,EducationBackground,Technical Degree,exploratory_operational_subgroup_diagnostic,100,30,True,mean_predicted_probability,3.0,0.735040920600295,100,30,True,True
manuscript_final_20260712T175251Z_c664ef152ff3,c664ef152ff3a9eef89c53a403b9c2e6f677340bea0307b02d97d07cc54bdfc3,no_salary_hike_no_attrition_no_department,EducationBackground,Technical Degree,exploratory_operational_subgroup_diagnostic,100,30,True,positive_prediction_rate,4.0,0.01,100,30,True,True
manuscript_final_20260712T175251Z_c664ef152ff3,c664ef152ff3a9eef89c53a403b9c2e6f677340bea0307b02d97d07cc54bdfc3,no_salary_hike_no_attrition_no_department,EducationBackground,Technical Degree,exploratory_operational_subgroup_diagnostic,100,30,True,true_positive_rate,4.0,0.0,12,10,True,True
manuscript_final_20260712T175251Z_c664ef152ff3,c664ef152ff3a9eef89c53a403b9c2e6f677340bea0307b02d97d07cc54bdfc3,no_salary_hike_no_attrition_no_department,EducationBackground,Technical Degree,exploratory_operational_subgroup_diagnostic,100,30,True,false_positive_rate,4.0,0.011363636363636364,88,10,True,True
manuscript_final_20260712T175251Z_c664ef152ff3,c664ef152ff3a9eef89c53a403b9c2e6f677340bea0307b02d97d07cc54bdfc3,no_salary_hike_no_attrition_no_department,EducationBackground,Technical Degree,exploratory_operational_subgroup_diagnostic,100,30,True,precision,4.0,0.0,1,10,False,False
manuscript_final_20260712T175251Z_c664ef152ff3,c664ef152ff3a9eef89c53a403b9c2e6f677340bea0307b02d97d07cc54bdfc3,no_salary_hike_no_attrition_no_department,EducationBackground,Technical Degree,exploratory_operational_subgroup_diagnostic,100,30,True,mean_predicted_probability,4.0,0.09689876311225816,100,30,True,True
manuscript_final_20260712T175251Z_c664ef152ff3,c664ef152ff3a9eef89c53a403b9c2e6f677340bea0307b02d97d07cc54bdfc3,no_salary_hike_no_attrition_no_department,BusinessTravelFrequency,Non-Travel,exploratory_operational_subgroup_diagnostic,132,30,True,accuracy,,0.8257575757575758,132,30,True,True
manuscript_final_20260712T175251Z_c664ef152ff3,c664ef152ff3a9eef89c53a403b9c2e6f677340bea0307b02d97d07cc54bdfc3,no_salary_hike_no_attrition_no_department,BusinessTravelFrequency,Non-Travel,exploratory_operational_subgroup_diagnostic,132,30,True,macro_f1,,0.6059184812953657,132,30,True,True
manuscript_final_20260712T175251Z_c664ef152ff3,c664ef152ff3a9eef89c53a403b9c2e6f677340bea0307b02d97d07cc54bdfc3,no_salary_hike_no_attrition_no_department,BusinessTravelFrequency,Non-Travel,exploratory_operational_subgroup_diagnostic,132,30,True,positive_prediction_rate,2.0,0.18181818181818182,132,30,True,True
manuscript_final_20260712T175251Z_c664ef152ff3,c664ef152ff3a9eef89c53a403b9c2e6f677340bea0307b02d97d07cc54bdfc3,no_salary_hike_no_attrition_no_department,BusinessTravelFrequency,Non-Travel,exploratory_operational_subgroup_diagnostic,132,30,True,true_positive_rate,2.0,1.0,21,10,True,True
manuscript_final_20260712T175251Z_c664ef152ff3,c664ef152ff3a9eef89c53a403b9c2e6f677340bea0307b02d97d07cc54bdfc3,no_salary_hike_no_attrition_no_department,BusinessTravelFrequency,Non-Travel,exploratory_operational_subgroup_diagnostic,132,30,True,false_positive_rate,2.0,0.02702702702702703,111,10,True,True
manuscript_final_20260712T175251Z_c664ef152ff3,c664ef152ff3a9eef89c53a403b9c2e6f677340bea0307b02d97d07cc54bdfc3,no_salary_hike_no_attrition_no_department,BusinessTravelFrequency,Non-Travel,exploratory_operational_subgroup_diagnostic,132,30,True,precision,2.0,0.875,24,10,True,True
manuscript_final_20260712T175251Z_c664ef152ff3,c664ef152ff3a9eef89c53a403b9c2e6f677340bea0307b02d97d07cc54bdfc3,no_salary_hike_no_attrition_no_department,BusinessTravelFrequency,Non-Travel,exploratory_operational_subgroup_diagnostic,132,30,True,mean_predicted_probability,2.0,0.1651668761747494,132,30,True,True
manuscript_final_20260712T175251Z_c664ef152ff3,c664ef152ff3a9eef89c53a403b9c2e6f677340bea0307b02d97d07cc54bdfc3,no_salary_hike_no_attrition_no_department,BusinessTravelFrequency,Non-Travel,exploratory_operational_subgroup_diagnostic,132,30,True,positive_prediction_rate,3.0,0.803030303030303,132,30,True,True
manuscript_final_20260712T175251Z_c664ef152ff3,c664ef152ff3a9eef89c53a403b9c2e6f677340bea0307b02d97d07cc54bdfc3,no_salary_hike_no_attrition_no_department,BusinessTravelFrequency,Non-Travel,exploratory_operational_subgroup_diagnostic,132,30,True,true_positive_rate,3.0,0.946236559139785,93,10,True,True
manuscript_final_20260712T175251Z_c664ef152ff3,c664ef152ff3a9eef89c53a403b9c2e6f677340bea0307b02d97d07cc54bdfc3,no_salary_hike_no_attrition_no_department,BusinessTravelFrequency,Non-Travel,exploratory_operational_subgroup_diagnostic,132,30,True,false_positive_rate,3.0,0.46153846153846156,39,10,True,True
manuscript_final_20260712T175251Z_c664ef152ff3,c664ef152ff3a9eef89c53a403b9c2e6f677340bea0307b02d97d07cc54bdfc3,no_salary_hike_no_attrition_no_department,BusinessTravelFrequency,Non-Travel,exploratory_operational_subgroup_diagnostic,132,30,True,precision,3.0,0.8301886792452831,106,10,True,True
manuscript_final_20260712T175251Z_c664ef152ff3,c664ef152ff3a9eef89c53a403b9c2e6f677340bea0307b02d97d07cc54bdfc3,no_salary_hike_no_attrition_no_department,BusinessTravelFrequency,Non-Travel,exploratory_operational_subgroup_diagnostic,132,30,True,mean_predicted_probability,3.0,0.7266638533099357,132,30,True,True
manuscript_final_20260712T175251Z_c664ef152ff3,c664ef152ff3a9eef89c53a403b9c2e6f677340bea0307b02d97d07cc54bdfc3,no_salary_hike_no_attrition_no_department,BusinessTravelFrequency,Non-Travel,exploratory_operational_subgroup_diagnostic,132,30,True,positive_prediction_rate,4.0,0.015151515151515152,132,30,True,True
manuscript_final_20260712T175251Z_c664ef152ff3,c664ef152ff3a9eef89c53a403b9c2e6f677340bea0307b02d97d07cc54bdfc3,no_salary_hike_no_attrition_no_department,BusinessTravelFrequency,Non-Travel,exploratory_operational_subgroup_diagnostic,132,30,True,true_positive_rate,4.0,0.0,18,10,True,True
manuscript_final_20260712T175251Z_c664ef152ff3,c664ef152ff3a9eef89c53a403b9c2e6f677340bea0307b02d97d07cc54bdfc3,no_salary_hike_no_attrition_no_department,BusinessTravelFrequency,Non-Travel,exploratory_operational_subgroup_diagnostic,132,30,True,false_positive_rate,4.0,0.017543859649122806,114,10,True,True
manuscript_final_20260712T175251Z_c664ef152ff3,c664ef152ff3a9eef89c53a403b9c2e6f677340bea0307b02d97d07cc54bdfc3,no_salary_hike_no_attrition_no_department,BusinessTravelFrequency,Non-Travel,exploratory_operational_subgroup_diagnostic,132,30,True,precision,4.0,0.0,2,10,False,False
manuscript_final_20260712T175251Z_c664ef152ff3,c664ef152ff3a9eef89c53a403b9c2e6f677340bea0307b02d97d07cc54bdfc3,no_salary_hike_no_attrition_no_department,BusinessTravelFrequency,Non-Travel,exploratory_operational_subgroup_diagnostic,132,30,True,mean_predicted_probability,4.0,0.10816927202695022,132,30,True,True
manuscript_final_20260712T175251Z_c664ef152ff3,c664ef152ff3a9eef89c53a403b9c2e6f677340bea0307b02d97d07cc54bdfc3,no_salary_hike_no_attrition_no_department,BusinessTravelFrequency,Travel_Frequently,exploratory_operational_subgroup_diagnostic,222,30,True,accuracy,,0.8198198198198198,222,30,True,True
manuscript_final_20260712T175251Z_c664ef152ff3,c664ef152ff3a9eef89c53a403b9c2e6f677340bea0307b02d97d07cc54bdfc3,no_salary_hike_no_attrition_no_department,BusinessTravelFrequency,Travel_Frequently,exploratory_operational_subgroup_diagnostic,222,30,True,macro_f1,,0.5872189349112426,222,30,True,True
manuscript_final_20260712T175251Z_c664ef152ff3,c664ef152ff3a9eef89c53a403b9c2e6f677340bea0307b02d97d07cc54bdfc3,no_salary_hike_no_attrition_no_department,BusinessTravelFrequency,Travel_Frequently,exploratory_operational_subgroup_diagnostic,222,30,True,positive_prediction_rate,2.0,0.17117117117117117,222,30,True,True
manuscript_final_20260712T175251Z_c664ef152ff3,c664ef152ff3a9eef89c53a403b9c2e6f677340bea0307b02d97d07cc54bdfc3,no_salary_hike_no_attrition_no_department,BusinessTravelFrequency,Travel_Frequently,exploratory_operational_subgroup_diagnostic,222,30,True,true_positive_rate,2.0,0.8918918918918919,37,10,True,True
manuscript_final_20260712T175251Z_c664ef152ff3,c664ef152ff3a9eef89c53a403b9c2e6f677340bea0307b02d97d07cc54bdfc3,no_salary_hike_no_attrition_no_department,BusinessTravelFrequency,Travel_Frequently,exploratory_operational_subgroup_diagnostic,222,30,True,false_positive_rate,2.0,0.02702702702702703,185,10,True,True
manuscript_final_20260712T175251Z_c664ef152ff3,c664ef152ff3a9eef89c53a403b9c2e6f677340bea0307b02d97d07cc54bdfc3,no_salary_hike_no_attrition_no_department,BusinessTravelFrequency,Travel_Frequently,exploratory_operational_subgroup_diagnostic,222,30,True,precision,2.0,0.868421052631579,38,10,True,True
manuscript_final_20260712T175251Z_c664ef152ff3,c664ef152ff3a9eef89c53a403b9c2e6f677340bea0307b02d97d07cc54bdfc3,no_salary_hike_no_attrition_no_department,BusinessTravelFrequency,Travel_Frequently,exploratory_operational_subgroup_diagnostic,222,30,True,mean_predicted_probability,2.0,0.16693546875293586,222,30,True,True
manuscript_final_20260712T175251Z_c664ef152ff3,c664ef152ff3a9eef89c53a403b9c2e6f677340bea0307b02d97d07cc54bdfc3,no_salary_hike_no_attrition_no_department,BusinessTravelFrequency,Travel_Frequently,exploratory_operational_subgroup_diagnostic,222,30,True,positive_prediction_rate,3.0,0.8288288288288288,222,30,True,True
manuscript_final_20260712T175251Z_c664ef152ff3,c664ef152ff3a9eef89c53a403b9c2e6f677340bea0307b02d97d07cc54bdfc3,no_salary_hike_no_attrition_no_department,BusinessTravelFrequency,Travel_Frequently,exploratory_operational_subgroup_diagnostic,222,30,True,true_positive_rate,3.0,0.9675324675324676,154,10,True,True
manuscript_final_20260712T175251Z_c664ef152ff3,c664ef152ff3a9eef89c53a403b9c2e6f677340bea0307b02d97d07cc54bdfc3,no_salary_hike_no_attrition_no_department,BusinessTravelFrequency,Travel_Frequently,exploratory_operational_subgroup_diagnostic,222,30,True,false_positive_rate,3.0,0.5147058823529411,68,10,True,True
manuscript_final_20260712T175251Z_c664ef152ff3,c664ef152ff3a9eef89c53a403b9c2e6f677340bea0307b02d97d07cc54bdfc3,no_salary_hike_no_attrition_no_department,BusinessTravelFrequency,Travel_Frequently,exploratory_operational_subgroup_diagnostic,222,30,True,precision,3.0,0.8097826086956522,184,10,True,True
manuscript_final_20260712T175251Z_c664ef152ff3,c664ef152ff3a9eef89c53a403b9c2e6f677340bea0307b02d97d07cc54bdfc3,no_salary_hike_no_attrition_no_department,BusinessTravelFrequency,Travel_Frequently,exploratory_operational_subgroup_diagnostic,222,30,True,mean_predicted_probability,3.0,0.7341981735709753,222,30,True,True
manuscript_final_20260712T175251Z_c664ef152ff3,c664ef152ff3a9eef89c53a403b9c2e6f677340bea0307b02d97d07cc54bdfc3,no_salary_hike_no_attrition_no_department,BusinessTravelFrequency,Travel_Frequently,exploratory_operational_subgroup_diagnostic,222,30,True,positive_prediction_rate,4.0,0.0,222,30,True,True
manuscript_final_20260712T175251Z_c664ef152ff3,c664ef152ff3a9eef89c53a403b9c2e6f677340bea0307b02d97d07cc54bdfc3,no_salary_hike_no_attrition_no_department,BusinessTravelFrequency,Travel_Frequently,exploratory_operational_subgroup_diagnostic,222,30,True,true_positive_rate,4.0,0.0,31,10,True,True
manuscript_final_20260712T175251Z_c664ef152ff3,c664ef152ff3a9eef89c53a403b9c2e6f677340bea0307b02d97d07cc54bdfc3,no_salary_hike_no_attrition_no_department,BusinessTravelFrequency,Travel_Frequently,exploratory_operational_subgroup_diagnostic,222,30,True,false_positive_rate,4.0,0.0,191,10,True,True
manuscript_final_20260712T175251Z_c664ef152ff3,c664ef152ff3a9eef89c53a403b9c2e6f677340bea0307b02d97d07cc54bdfc3,no_salary_hike_no_attrition_no_department,BusinessTravelFrequency,Travel_Frequently,exploratory_operational_subgroup_diagnostic,222,30,True,precision,4.0,,0,10,False,False
manuscript_final_20260712T175251Z_c664ef152ff3,c664ef152ff3a9eef89c53a403b9c2e6f677340bea0307b02d97d07cc54bdfc3,no_salary_hike_no_attrition_no_department,BusinessTravelFrequency,Travel_Frequently,exploratory_operational_subgroup_diagnostic,222,30,True,mean_predicted_probability,4.0,0.09886635573232663,222,30,True,True
manuscript_final_20260712T175251Z_c664ef152ff3,c664ef152ff3a9eef89c53a403b9c2e6f677340bea0307b02d97d07cc54bdfc3,no_salary_hike_no_attrition_no_department,BusinessTravelFrequency,Travel_Rarely,exploratory_operational_subgroup_diagnostic,846,30,True,accuracy,,0.8605200945626478,846,30,True,True
manuscript_final_20260712T175251Z_c664ef152ff3,c664ef152ff3a9eef89c53a403b9c2e6f677340bea0307b02d97d07cc54bdfc3,no_salary_hike_no_attrition_no_department,BusinessTravelFrequency,Travel_Rarely,exploratory_operational_subgroup_diagnostic,846,30,True,macro_f1,,0.6014585558650871,846,30,True,True
manuscript_final_20260712T175251Z_c664ef152ff3,c664ef152ff3a9eef89c53a403b9c2e6f677340bea0307b02d97d07cc54bdfc3,no_salary_hike_no_attrition_no_department,BusinessTravelFrequency,Travel_Rarely,exploratory_operational_subgroup_diagnostic,846,30,True,positive_prediction_rate,2.0,0.17139479905437352,846,30,True,True
manuscript_final_20260712T175251Z_c664ef152ff3,c664ef152ff3a9eef89c53a403b9c2e6f677340bea0307b02d97d07cc54bdfc3,no_salary_hike_no_attrition_no_department,BusinessTravelFrequency,Travel_Rarely,exploratory_operational_subgroup_diagnostic,846,30,True,true_positive_rate,2.0,0.8970588235294118,136,10,True,True
manuscript_final_20260712T175251Z_c664ef152ff3,c664ef152ff3a9eef89c53a403b9c2e6f677340bea0307b02d97d07cc54bdfc3,no_salary_hike_no_attrition_no_department,BusinessTravelFrequency,Travel_Rarely,exploratory_operational_subgroup_diagnostic,846,30,True,false_positive_rate,2.0,0.0323943661971831,710,10,True,True
manuscript_final_20260712T175251Z_c664ef152ff3,c664ef152ff3a9eef89c53a403b9c2e6f677340bea0307b02d97d07cc54bdfc3,no_salary_hike_no_attrition_no_department,BusinessTravelFrequency,Travel_Rarely,exploratory_operational_subgroup_diagnostic,846,30,True,precision,2.0,0.8413793103448276,145,10,True,True
manuscript_final_20260712T175251Z_c664ef152ff3,c664ef152ff3a9eef89c53a403b9c2e6f677340bea0307b02d97d07cc54bdfc3,no_salary_hike_no_attrition_no_department,BusinessTravelFrequency,Travel_Rarely,exploratory_operational_subgroup_diagnostic,846,30,True,mean_predicted_probability,2.0,0.161218908324114,846,30,True,True
manuscript_final_20260712T175251Z_c664ef152ff3,c664ef152ff3a9eef89c53a403b9c2e6f677340bea0307b02d97d07cc54bdfc3,no_salary_hike_no_attrition_no_department,BusinessTravelFrequency,Travel_Rarely,exploratory_operational_subgroup_diagnostic,846,30,True,positive_prediction_rate,3.0,0.8262411347517731,846,30,True,True
manuscript_final_20260712T175251Z_c664ef152ff3,c664ef152ff3a9eef89c53a403b9c2e6f677340bea0307b02d97d07cc54bdfc3,no_salary_hike_no_attrition_no_department,BusinessTravelFrequency,Travel_Rarely,exploratory_operational_subgroup_diagnostic,846,30,True,true_positive_rate,3.0,0.9649122807017544,627,10,True,True
manuscript_final_20260712T175251Z_c664ef152ff3,c664ef152ff3a9eef89c53a403b9c2e6f677340bea0307b02d97d07cc54bdfc3,no_salary_hike_no_attrition_no_department,BusinessTravelFrequency,Travel_Rarely,exploratory_operational_subgroup_diagnostic,846,30,True,false_positive_rate,3.0,0.4292237442922374,219,10,True,True
manuscript_final_20260712T175251Z_c664ef152ff3,c664ef152ff3a9eef89c53a403b9c2e6f677340bea0307b02d97d07cc54bdfc3,no_salary_hike_no_attrition_no_department,BusinessTravelFrequency,Travel_Rarely,exploratory_operational_subgroup_diagnostic,846,30,True,precision,3.0,0.8655221745350501,699,10,True,True
manuscript_final_20260712T175251Z_c664ef152ff3,c664ef152ff3a9eef89c53a403b9c2e6f677340bea0307b02d97d07cc54bdfc3,no_salary_hike_no_attrition_no_department,BusinessTravelFrequency,Travel_Rarely,exploratory_operational_subgroup_diagnostic,846,30,True,mean_predicted_probability,3.0,0.7573762616257119,846,30,True,True
manuscript_final_20260712T175251Z_c664ef152ff3,c664ef152ff3a9eef89c53a403b9c2e6f677340bea0307b02d97d07cc54bdfc3,no_salary_hike_no_attrition_no_department,BusinessTravelFrequency,Travel_Rarely,exploratory_operational_subgroup_diagnostic,846,30,True,positive_prediction_rate,4.0,0.002364066193853428,846,30,True,True
manuscript_final_20260712T175251Z_c664ef152ff3,c664ef152ff3a9eef89c53a403b9c2e6f677340bea0307b02d97d07cc54bdfc3,no_salary_hike_no_attrition_no_department,BusinessTravelFrequency,Travel_Rarely,exploratory_operational_subgroup_diagnostic,846,30,True,true_positive_rate,4.0,0.012048192771084338,83,10,True,True
manuscript_final_20260712T175251Z_c664ef152ff3,c664ef152ff3a9eef89c53a403b9c2e6f677340bea0307b02d97d07cc54bdfc3,no_salary_hike_no_attrition_no_department,BusinessTravelFrequency,Travel_Rarely,exploratory_operational_subgroup_diagnostic,846,30,True,false_positive_rate,4.0,0.001310615989515072,763,10,True,True
manuscript_final_20260712T175251Z_c664ef152ff3,c664ef152ff3a9eef89c53a403b9c2e6f677340bea0307b02d97d07cc54bdfc3,no_salary_hike_no_attrition_no_department,BusinessTravelFrequency,Travel_Rarely,exploratory_operational_subgroup_diagnostic,846,30,True,precision,4.0,0.5,2,10,False,False
manuscript_final_20260712T175251Z_c664ef152ff3,c664ef152ff3a9eef89c53a403b9c2e6f677340bea0307b02d97d07cc54bdfc3,no_salary_hike_no_attrition_no_department,BusinessTravelFrequency,Travel_Rarely,exploratory_operational_subgroup_diagnostic,846,30,True,mean_predicted_probability,4.0,0.08140482987501783,846,30,True,True
manuscript_final_20260712T175251Z_c664ef152ff3,c664ef152ff3a9eef89c53a403b9c2e6f677340bea0307b02d97d07cc54bdfc3,no_salary_hike_no_attrition_no_department_no_job_role,Age,18-29,protected_or_sensitive_descriptive_audit,267,30,True,accuracy,,0.7940074906367042,267,30,True,True
manuscript_final_20260712T175251Z_c664ef152ff3,c664ef152ff3a9eef89c53a403b9c2e6f677340bea0307b02d97d07cc54bdfc3,no_salary_hike_no_attrition_no_department_no_job_role,Age,18-29,protected_or_sensitive_descriptive_audit,267,30,True,macro_f1,,0.5434048794860463,267,30,True,True
manuscript_final_20260712T175251Z_c664ef152ff3,c664ef152ff3a9eef89c53a403b9c2e6f677340bea0307b02d97d07cc54bdfc3,no_salary_hike_no_attrition_no_department_no_job_role,Age,18-29,protected_or_sensitive_descriptive_audit,267,30,True,positive_prediction_rate,2.0,0.1647940074906367,267,30,True,True
manuscript_final_20260712T175251Z_c664ef152ff3,c664ef152ff3a9eef89c53a403b9c2e6f677340bea0307b02d97d07cc54bdfc3,no_salary_hike_no_attrition_no_department_no_job_role,Age,18-29,protected_or_sensitive_descriptive_audit,267,30,True,true_positive_rate,2.0,0.7435897435897436,39,10,True,True
manuscript_final_20260712T175251Z_c664ef152ff3,c664ef152ff3a9eef89c53a403b9c2e6f677340bea0307b02d97d07cc54bdfc3,no_salary_hike_no_attrition_no_department_no_job_role,Age,18-29,protected_or_sensitive_descriptive_audit,267,30,True,false_positive_rate,2.0,0.06578947368421052,228,10,True,True
manuscript_final_20260712T175251Z_c664ef152ff3,c664ef152ff3a9eef89c53a403b9c2e6f677340bea0307b02d97d07cc54bdfc3,no_salary_hike_no_attrition_no_department_no_job_role,Age,18-29,protected_or_sensitive_descriptive_audit,267,30,True,precision,2.0,0.6590909090909091,44,10,True,True
manuscript_final_20260712T175251Z_c664ef152ff3,c664ef152ff3a9eef89c53a403b9c2e6f677340bea0307b02d97d07cc54bdfc3,no_salary_hike_no_attrition_no_department_no_job_role,Age,18-29,protected_or_sensitive_descriptive_audit,267,30,True,mean_predicted_probability,2.0,0.1443114023408107,267,30,True,True
manuscript_final_20260712T175251Z_c664ef152ff3,c664ef152ff3a9eef89c53a403b9c2e6f677340bea0307b02d97d07cc54bdfc3,no_salary_hike_no_attrition_no_department_no_job_role,Age,18-29,protected_or_sensitive_descriptive_audit,267,30,True,positive_prediction_rate,3.0,0.8239700374531835,267,30,True,True
manuscript_final_20260712T175251Z_c664ef152ff3,c664ef152ff3a9eef89c53a403b9c2e6f677340bea0307b02d97d07cc54bdfc3,no_salary_hike_no_attrition_no_department_no_job_role,Age,18-29,protected_or_sensitive_descriptive_audit,267,30,True,true_positive_rate,3.0,0.9191919191919192,198,10,True,True
manuscript_final_20260712T175251Z_c664ef152ff3,c664ef152ff3a9eef89c53a403b9c2e6f677340bea0307b02d97d07cc54bdfc3,no_salary_hike_no_attrition_no_department_no_job_role,Age,18-29,protected_or_sensitive_descriptive_audit,267,30,True,false_positive_rate,3.0,0.5507246376811594,69,10,True,True
manuscript_final_20260712T175251Z_c664ef152ff3,c664ef152ff3a9eef89c53a403b9c2e6f677340bea0307b02d97d07cc54bdfc3,no_salary_hike_no_attrition_no_department_no_job_role,Age,18-29,protected_or_sensitive_descriptive_audit,267,30,True,precision,3.0,0.8272727272727273,220,10,True,True
manuscript_final_20260712T175251Z_c664ef152ff3,c664ef152ff3a9eef89c53a403b9c2e6f677340bea0307b02d97d07cc54bdfc3,no_salary_hike_no_attrition_no_department_no_job_role,Age,18-29,protected_or_sensitive_descriptive_audit,267,30,True,mean_predicted_probability,3.0,0.7653583715554704,267,30,True,True
manuscript_final_20260712T175251Z_c664ef152ff3,c664ef152ff3a9eef89c53a403b9c2e6f677340bea0307b02d97d07cc54bdfc3,no_salary_hike_no_attrition_no_department_no_job_role,Age,18-29,protected_or_sensitive_descriptive_audit,267,30,True,positive_prediction_rate,4.0,0.011235955056179775,267,30,True,True
manuscript_final_20260712T175251Z_c664ef152ff3,c664ef152ff3a9eef89c53a403b9c2e6f677340bea0307b02d97d07cc54bdfc3,no_salary_hike_no_attrition_no_department_no_job_role,Age,18-29,protected_or_sensitive_descriptive_audit,267,30,True,true_positive_rate,4.0,0.03333333333333333,30,10,True,True
manuscript_final_20260712T175251Z_c664ef152ff3,c664ef152ff3a9eef89c53a403b9c2e6f677340bea0307b02d97d07cc54bdfc3,no_salary_hike_no_attrition_no_department_no_job_role,Age,18-29,protected_or_sensitive_descriptive_audit,267,30,True,false_positive_rate,4.0,0.008438818565400843,237,10,True,True
manuscript_final_20260712T175251Z_c664ef152ff3,c664ef152ff3a9eef89c53a403b9c2e6f677340bea0307b02d97d07cc54bdfc3,no_salary_hike_no_attrition_no_department_no_job_role,Age,18-29,protected_or_sensitive_descriptive_audit,267,30,True,precision,4.0,0.3333333333333333,3,10,False,False
manuscript_final_20260712T175251Z_c664ef152ff3,c664ef152ff3a9eef89c53a403b9c2e6f677340bea0307b02d97d07cc54bdfc3,no_salary_hike_no_attrition_no_department_no_job_role,Age,18-29,protected_or_sensitive_descriptive_audit,267,30,True,mean_predicted_probability,4.0,0.0903302242060293,267,30,True,True
manuscript_final_20260712T175251Z_c664ef152ff3,c664ef152ff3a9eef89c53a403b9c2e6f677340bea0307b02d97d07cc54bdfc3,no_salary_hike_no_attrition_no_department_no_job_role,Age,30-39,protected_or_sensitive_descriptive_audit,506,30,True,accuracy,,0.7984189723320159,506,30,True,True
manuscript_final_20260712T175251Z_c664ef152ff3,c664ef152ff3a9eef89c53a403b9c2e6f677340bea0307b02d97d07cc54bdfc3,no_salary_hike_no_attrition_no_department_no_job_role,Age,30-39,protected_or_sensitive_descriptive_audit,506,30,True,macro_f1,,0.5499753973467936,506,30,True,True
manuscript_final_20260712T175251Z_c664ef152ff3,c664ef152ff3a9eef89c53a403b9c2e6f677340bea0307b02d97d07cc54bdfc3,no_salary_hike_no_attrition_no_department_no_job_role,Age,30-39,protected_or_sensitive_descriptive_audit,506,30,True,positive_prediction_rate,2.0,0.18774703557312253,506,30,True,True
manuscript_final_20260712T175251Z_c664ef152ff3,c664ef152ff3a9eef89c53a403b9c2e6f677340bea0307b02d97d07cc54bdfc3,no_salary_hike_no_attrition_no_department_no_job_role,Age,30-39,protected_or_sensitive_descriptive_audit,506,30,True,true_positive_rate,2.0,0.8227848101265823,79,10,True,True
manuscript_final_20260712T175251Z_c664ef152ff3,c664ef152ff3a9eef89c53a403b9c2e6f677340bea0307b02d97d07cc54bdfc3,no_salary_hike_no_attrition_no_department_no_job_role,Age,30-39,protected_or_sensitive_descriptive_audit,506,30,True,false_positive_rate,2.0,0.0702576112412178,427,10,True,True
manuscript_final_20260712T175251Z_c664ef152ff3,c664ef152ff3a9eef89c53a403b9c2e6f677340bea0307b02d97d07cc54bdfc3,no_salary_hike_no_attrition_no_department_no_job_role,Age,30-39,protected_or_sensitive_descriptive_audit,506,30,True,precision,2.0,0.6842105263157895,95,10,True,True
manuscript_final_20260712T175251Z_c664ef152ff3,c664ef152ff3a9eef89c53a403b9c2e6f677340bea0307b02d97d07cc54bdfc3,no_salary_hike_no_attrition_no_department_no_job_role,Age,30-39,protected_or_sensitive_descriptive_audit,506,30,True,mean_predicted_probability,2.0,0.16121577621835229,506,30,True,True
manuscript_final_20260712T175251Z_c664ef152ff3,c664ef152ff3a9eef89c53a403b9c2e6f677340bea0307b02d97d07cc54bdfc3,no_salary_hike_no_attrition_no_department_no_job_role,Age,30-39,protected_or_sensitive_descriptive_audit,506,30,True,positive_prediction_rate,3.0,0.8023715415019763,506,30,True,True
manuscript_final_20260712T175251Z_c664ef152ff3,c664ef152ff3a9eef89c53a403b9c2e6f677340bea0307b02d97d07cc54bdfc3,no_salary_hike_no_attrition_no_department_no_job_role,Age,30-39,protected_or_sensitive_descriptive_audit,506,30,True,true_positive_rate,3.0,0.9110512129380054,371,10,True,True
manuscript_final_20260712T175251Z_c664ef152ff3,c664ef152ff3a9eef89c53a403b9c2e6f677340bea0307b02d97d07cc54bdfc3,no_salary_hike_no_attrition_no_department_no_job_role,Age,30-39,protected_or_sensitive_descriptive_audit,506,30,True,false_positive_rate,3.0,0.5037037037037037,135,10,True,True
manuscript_final_20260712T175251Z_c664ef152ff3,c664ef152ff3a9eef89c53a403b9c2e6f677340bea0307b02d97d07cc54bdfc3,no_salary_hike_no_attrition_no_department_no_job_role,Age,30-39,protected_or_sensitive_descriptive_audit,506,30,True,precision,3.0,0.8325123152709359,406,10,True,True
manuscript_final_20260712T175251Z_c664ef152ff3,c664ef152ff3a9eef89c53a403b9c2e6f677340bea0307b02d97d07cc54bdfc3,no_salary_hike_no_attrition_no_department_no_job_role,Age,30-39,protected_or_sensitive_descriptive_audit,506,30,True,mean_predicted_probability,3.0,0.7438277297546505,506,30,True,True
manuscript_final_20260712T175251Z_c664ef152ff3,c664ef152ff3a9eef89c53a403b9c2e6f677340bea0307b02d97d07cc54bdfc3,no_salary_hike_no_attrition_no_department_no_job_role,Age,30-39,protected_or_sensitive_descriptive_audit,506,30,True,positive_prediction_rate,4.0,0.009881422924901186,506,30,True,True
manuscript_final_20260712T175251Z_c664ef152ff3,c664ef152ff3a9eef89c53a403b9c2e6f677340bea0307b02d97d07cc54bdfc3,no_salary_hike_no_attrition_no_department_no_job_role,Age,30-39,protected_or_sensitive_descriptive_audit,506,30,True,true_positive_rate,4.0,0.017857142857142856,56,10,True,True
manuscript_final_20260712T175251Z_c664ef152ff3,c664ef152ff3a9eef89c53a403b9c2e6f677340bea0307b02d97d07cc54bdfc3,no_salary_hike_no_attrition_no_department_no_job_role,Age,30-39,protected_or_sensitive_descriptive_audit,506,30,True,false_positive_rate,4.0,0.008888888888888889,450,10,True,True
manuscript_final_20260712T175251Z_c664ef152ff3,c664ef152ff3a9eef89c53a403b9c2e6f677340bea0307b02d97d07cc54bdfc3,no_salary_hike_no_attrition_no_department_no_job_role,Age,30-39,protected_or_sensitive_descriptive_audit,506,30,True,precision,4.0,0.2,5,10,False,False
manuscript_final_20260712T175251Z_c664ef152ff3,c664ef152ff3a9eef89c53a403b9c2e6f677340bea0307b02d97d07cc54bdfc3,no_salary_hike_no_attrition_no_department_no_job_role,Age,30-39,protected_or_sensitive_descriptive_audit,506,30,True,mean_predicted_probability,4.0,0.09495649571698932,506,30,True,True
manuscript_final_20260712T175251Z_c664ef152ff3,c664ef152ff3a9eef89c53a403b9c2e6f677340bea0307b02d97d07cc54bdfc3,no_salary_hike_no_attrition_no_department_no_job_role,Age,40-49,protected_or_sensitive_descriptive_audit,287,30,True,accuracy,,0.8118466898954704,287,30,True,True
manuscript_final_20260712T175251Z_c664ef152ff3,c664ef152ff3a9eef89c53a403b9c2e6f677340bea0307b02d97d07cc54bdfc3,no_salary_hike_no_attrition_no_department_no_job_role,Age,40-49,protected_or_sensitive_descriptive_audit,287,30,True,macro_f1,,0.5604454900606505,287,30,True,True
manuscript_final_20260712T175251Z_c664ef152ff3,c664ef152ff3a9eef89c53a403b9c2e6f677340bea0307b02d97d07cc54bdfc3,no_salary_hike_no_attrition_no_department_no_job_role,Age,40-49,protected_or_sensitive_descriptive_audit,287,30,True,positive_prediction_rate,2.0,0.1986062717770035,287,30,True,True
manuscript_final_20260712T175251Z_c664ef152ff3,c664ef152ff3a9eef89c53a403b9c2e6f677340bea0307b02d97d07cc54bdfc3,no_salary_hike_no_attrition_no_department_no_job_role,Age,40-49,protected_or_sensitive_descriptive_audit,287,30,True,true_positive_rate,2.0,0.86,50,10,True,True
manuscript_final_20260712T175251Z_c664ef152ff3,c664ef152ff3a9eef89c53a403b9c2e6f677340bea0307b02d97d07cc54bdfc3,no_salary_hike_no_attrition_no_department_no_job_role,Age,40-49,protected_or_sensitive_descriptive_audit,287,30,True,false_positive_rate,2.0,0.05907172995780591,237,10,True,True
manuscript_final_20260712T175251Z_c664ef152ff3,c664ef152ff3a9eef89c53a403b9c2e6f677340bea0307b02d97d07cc54bdfc3,no_salary_hike_no_attrition_no_department_no_job_role,Age,40-49,protected_or_sensitive_descriptive_audit,287,30,True,precision,2.0,0.7543859649122807,57,10,True,True
manuscript_final_20260712T175251Z_c664ef152ff3,c664ef152ff3a9eef89c53a403b9c2e6f677340bea0307b02d97d07cc54bdfc3,no_salary_hike_no_attrition_no_department_no_job_role,Age,40-49,protected_or_sensitive_descriptive_audit,287,30,True,mean_predicted_probability,2.0,0.17156027476775837,287,30,True,True
manuscript_final_20260712T175251Z_c664ef152ff3,c664ef152ff3a9eef89c53a403b9c2e6f677340bea0307b02d97d07cc54bdfc3,no_salary_hike_no_attrition_no_department_no_job_role,Age,40-49,protected_or_sensitive_descriptive_audit,287,30,True,positive_prediction_rate,3.0,0.7909407665505227,287,30,True,True
manuscript_final_20260712T175251Z_c664ef152ff3,c664ef152ff3a9eef89c53a403b9c2e6f677340bea0307b02d97d07cc54bdfc3,no_salary_hike_no_attrition_no_department_no_job_role,Age,40-49,protected_or_sensitive_descriptive_audit,287,30,True,true_positive_rate,3.0,0.9223300970873787,206,10,True,True
manuscript_final_20260712T175251Z_c664ef152ff3,c664ef152ff3a9eef89c53a403b9c2e6f677340bea0307b02d97d07cc54bdfc3,no_salary_hike_no_attrition_no_department_no_job_role,Age,40-49,protected_or_sensitive_descriptive_audit,287,30,True,false_positive_rate,3.0,0.4567901234567901,81,10,True,True
manuscript_final_20260712T175251Z_c664ef152ff3,c664ef152ff3a9eef89c53a403b9c2e6f677340bea0307b02d97d07cc54bdfc3,no_salary_hike_no_attrition_no_department_no_job_role,Age,40-49,protected_or_sensitive_descriptive_audit,287,30,True,precision,3.0,0.8370044052863436,227,10,True,True
manuscript_final_20260712T175251Z_c664ef152ff3,c664ef152ff3a9eef89c53a403b9c2e6f677340bea0307b02d97d07cc54bdfc3,no_salary_hike_no_attrition_no_department_no_job_role,Age,40-49,protected_or_sensitive_descriptive_audit,287,30,True,mean_predicted_probability,3.0,0.7462527466749688,287,30,True,True
manuscript_final_20260712T175251Z_c664ef152ff3,c664ef152ff3a9eef89c53a403b9c2e6f677340bea0307b02d97d07cc54bdfc3,no_salary_hike_no_attrition_no_department_no_job_role,Age,40-49,protected_or_sensitive_descriptive_audit,287,30,True,positive_prediction_rate,4.0,0.010452961672473868,287,30,True,True
manuscript_final_20260712T175251Z_c664ef152ff3,c664ef152ff3a9eef89c53a403b9c2e6f677340bea0307b02d97d07cc54bdfc3,no_salary_hike_no_attrition_no_department_no_job_role,Age,40-49,protected_or_sensitive_descriptive_audit,287,30,True,true_positive_rate,4.0,0.0,31,10,True,True
manuscript_final_20260712T175251Z_c664ef152ff3,c664ef152ff3a9eef89c53a403b9c2e6f677340bea0307b02d97d07cc54bdfc3,no_salary_hike_no_attrition_no_department_no_job_role,Age,40-49,protected_or_sensitive_descriptive_audit,287,30,True,false_positive_rate,4.0,0.01171875,256,10,True,True
manuscript_final_20260712T175251Z_c664ef152ff3,c664ef152ff3a9eef89c53a403b9c2e6f677340bea0307b02d97d07cc54bdfc3,no_salary_hike_no_attrition_no_department_no_job_role,Age,40-49,protected_or_sensitive_descriptive_audit,287,30,True,precision,4.0,0.0,3,10,False,False
manuscript_final_20260712T175251Z_c664ef152ff3,c664ef152ff3a9eef89c53a403b9c2e6f677340bea0307b02d97d07cc54bdfc3,no_salary_hike_no_attrition_no_department_no_job_role,Age,40-49,protected_or_sensitive_descriptive_audit,287,30,True,mean_predicted_probability,4.0,0.08218697926316748,287,30,True,True
manuscript_final_20260712T175251Z_c664ef152ff3,c664ef152ff3a9eef89c53a403b9c2e6f677340bea0307b02d97d07cc54bdfc3,no_salary_hike_no_attrition_no_department_no_job_role,Age,50-59,protected_or_sensitive_descriptive_audit,137,30,True,accuracy,,0.7883211678832117,137,30,True,True
manuscript_final_20260712T175251Z_c664ef152ff3,c664ef152ff3a9eef89c53a403b9c2e6f677340bea0307b02d97d07cc54bdfc3,no_salary_hike_no_attrition_no_department_no_job_role,Age,50-59,protected_or_sensitive_descriptive_audit,137,30,True,macro_f1,,0.5377511888326431,137,30,True,True
manuscript_final_20260712T175251Z_c664ef152ff3,c664ef152ff3a9eef89c53a403b9c2e6f677340bea0307b02d97d07cc54bdfc3,no_salary_hike_no_attrition_no_department_no_job_role,Age,50-59,protected_or_sensitive_descriptive_audit,137,30,True,positive_prediction_rate,2.0,0.19708029197080293,137,30,True,True
manuscript_final_20260712T175251Z_c664ef152ff3,c664ef152ff3a9eef89c53a403b9c2e6f677340bea0307b02d97d07cc54bdfc3,no_salary_hike_no_attrition_no_department_no_job_role,Age,50-59,protected_or_sensitive_descriptive_audit,137,30,True,true_positive_rate,2.0,0.7692307692307693,26,10,True,True
manuscript_final_20260712T175251Z_c664ef152ff3,c664ef152ff3a9eef89c53a403b9c2e6f677340bea0307b02d97d07cc54bdfc3,no_salary_hike_no_attrition_no_department_no_job_role,Age,50-59,protected_or_sensitive_descriptive_audit,137,30,True,false_positive_rate,2.0,0.06306306306306306,111,10,True,True
manuscript_final_20260712T175251Z_c664ef152ff3,c664ef152ff3a9eef89c53a403b9c2e6f677340bea0307b02d97d07cc54bdfc3,no_salary_hike_no_attrition_no_department_no_job_role,Age,50-59,protected_or_sensitive_descriptive_audit,137,30,True,precision,2.0,0.7407407407407407,27,10,True,True
manuscript_final_20260712T175251Z_c664ef152ff3,c664ef152ff3a9eef89c53a403b9c2e6f677340bea0307b02d97d07cc54bdfc3,no_salary_hike_no_attrition_no_department_no_job_role,Age,50-59,protected_or_sensitive_descriptive_audit,137,30,True,mean_predicted_probability,2.0,0.18210277851112483,137,30,True,True
manuscript_final_20260712T175251Z_c664ef152ff3,c664ef152ff3a9eef89c53a403b9c2e6f677340bea0307b02d97d07cc54bdfc3,no_salary_hike_no_attrition_no_department_no_job_role,Age,50-59,protected_or_sensitive_descriptive_audit,137,30,True,positive_prediction_rate,3.0,0.7883211678832117,137,30,True,True
manuscript_final_20260712T175251Z_c664ef152ff3,c664ef152ff3a9eef89c53a403b9c2e6f677340bea0307b02d97d07cc54bdfc3,no_salary_hike_no_attrition_no_department_no_job_role,Age,50-59,protected_or_sensitive_descriptive_audit,137,30,True,true_positive_rate,3.0,0.9072164948453608,97,10,True,True
manuscript_final_20260712T175251Z_c664ef152ff3,c664ef152ff3a9eef89c53a403b9c2e6f677340bea0307b02d97d07cc54bdfc3,no_salary_hike_no_attrition_no_department_no_job_role,Age,50-59,protected_or_sensitive_descriptive_audit,137,30,True,false_positive_rate,3.0,0.5,40,10,True,True
manuscript_final_20260712T175251Z_c664ef152ff3,c664ef152ff3a9eef89c53a403b9c2e6f677340bea0307b02d97d07cc54bdfc3,no_salary_hike_no_attrition_no_department_no_job_role,Age,50-59,protected_or_sensitive_descriptive_audit,137,30,True,precision,3.0,0.8148148148148148,108,10,True,True
manuscript_final_20260712T175251Z_c664ef152ff3,c664ef152ff3a9eef89c53a403b9c2e6f677340bea0307b02d97d07cc54bdfc3,no_salary_hike_no_attrition_no_department_no_job_role,Age,50-59,protected_or_sensitive_descriptive_audit,137,30,True,mean_predicted_probability,3.0,0.7455594185059958,137,30,True,True
manuscript_final_20260712T175251Z_c664ef152ff3,c664ef152ff3a9eef89c53a403b9c2e6f677340bea0307b02d97d07cc54bdfc3,no_salary_hike_no_attrition_no_department_no_job_role,Age,50-59,protected_or_sensitive_descriptive_audit,137,30,True,positive_prediction_rate,4.0,0.014598540145985401,137,30,True,True
manuscript_final_20260712T175251Z_c664ef152ff3,c664ef152ff3a9eef89c53a403b9c2e6f677340bea0307b02d97d07cc54bdfc3,no_salary_hike_no_attrition_no_department_no_job_role,Age,50-59,protected_or_sensitive_descriptive_audit,137,30,True,true_positive_rate,4.0,0.0,14,10,True,True
manuscript_final_20260712T175251Z_c664ef152ff3,c664ef152ff3a9eef89c53a403b9c2e6f677340bea0307b02d97d07cc54bdfc3,no_salary_hike_no_attrition_no_department_no_job_role,Age,50-59,protected_or_sensitive_descriptive_audit,137,30,True,false_positive_rate,4.0,0.016260162601626018,123,10,True,True
manuscript_final_20260712T175251Z_c664ef152ff3,c664ef152ff3a9eef89c53a403b9c2e6f677340bea0307b02d97d07cc54bdfc3,no_salary_hike_no_attrition_no_department_no_job_role,Age,50-59,protected_or_sensitive_descriptive_audit,137,30,True,precision,4.0,0.0,2,10,False,False
manuscript_final_20260712T175251Z_c664ef152ff3,c664ef152ff3a9eef89c53a403b9c2e6f677340bea0307b02d97d07cc54bdfc3,no_salary_hike_no_attrition_no_department_no_job_role,Age,50-59,protected_or_sensitive_descriptive_audit,137,30,True,mean_predicted_probability,4.0,0.07233780123340985,137,30,True,True
manuscript_final_20260712T175251Z_c664ef152ff3,c664ef152ff3a9eef89c53a403b9c2e6f677340bea0307b02d97d07cc54bdfc3,no_salary_hike_no_attrition_no_department_no_job_role,Age,60+,protected_or_sensitive_descriptive_audit,3,30,False,accuracy,,0.0,3,30,False,False
manuscript_final_20260712T175251Z_c664ef152ff3,c664ef152ff3a9eef89c53a403b9c2e6f677340bea0307b02d97d07cc54bdfc3,no_salary_hike_no_attrition_no_department_no_job_role,Age,60+,protected_or_sensitive_descriptive_audit,3,30,False,macro_f1,,0.0,3,30,False,False
manuscript_final_20260712T175251Z_c664ef152ff3,c664ef152ff3a9eef89c53a403b9c2e6f677340bea0307b02d97d07cc54bdfc3,no_salary_hike_no_attrition_no_department_no_job_role,Age,60+,protected_or_sensitive_descriptive_audit,3,30,False,positive_prediction_rate,2.0,0.6666666666666666,3,30,False,False
manuscript_final_20260712T175251Z_c664ef152ff3,c664ef152ff3a9eef89c53a403b9c2e6f677340bea0307b02d97d07cc54bdfc3,no_salary_hike_no_attrition_no_department_no_job_role,Age,60+,protected_or_sensitive_descriptive_audit,3,30,False,true_positive_rate,2.0,,0,10,False,False
manuscript_final_20260712T175251Z_c664ef152ff3,c664ef152ff3a9eef89c53a403b9c2e6f677340bea0307b02d97d07cc54bdfc3,no_salary_hike_no_attrition_no_department_no_job_role,Age,60+,protected_or_sensitive_descriptive_audit,3,30,False,false_positive_rate,2.0,0.6666666666666666,3,10,False,False
manuscript_final_20260712T175251Z_c664ef152ff3,c664ef152ff3a9eef89c53a403b9c2e6f677340bea0307b02d97d07cc54bdfc3,no_salary_hike_no_attrition_no_department_no_job_role,Age,60+,protected_or_sensitive_descriptive_audit,3,30,False,precision,2.0,0.0,2,10,False,False
manuscript_final_20260712T175251Z_c664ef152ff3,c664ef152ff3a9eef89c53a403b9c2e6f677340bea0307b02d97d07cc54bdfc3,no_salary_hike_no_attrition_no_department_no_job_role,Age,60+,protected_or_sensitive_descriptive_audit,3,30,False,mean_predicted_probability,2.0,0.5952819458519419,3,30,False,False
manuscript_final_20260712T175251Z_c664ef152ff3,c664ef152ff3a9eef89c53a403b9c2e6f677340bea0307b02d97d07cc54bdfc3,no_salary_hike_no_attrition_no_department_no_job_role,Age,60+,protected_or_sensitive_descriptive_audit,3,30,False,positive_prediction_rate,3.0,0.3333333333333333,3,30,False,False
manuscript_final_20260712T175251Z_c664ef152ff3,c664ef152ff3a9eef89c53a403b9c2e6f677340bea0307b02d97d07cc54bdfc3,no_salary_hike_no_attrition_no_department_no_job_role,Age,60+,protected_or_sensitive_descriptive_audit,3,30,False,true_positive_rate,3.0,0.0,2,10,False,False
manuscript_final_20260712T175251Z_c664ef152ff3,c664ef152ff3a9eef89c53a403b9c2e6f677340bea0307b02d97d07cc54bdfc3,no_salary_hike_no_attrition_no_department_no_job_role,Age,60+,protected_or_sensitive_descriptive_audit,3,30,False,false_positive_rate,3.0,1.0,1,10,False,False
manuscript_final_20260712T175251Z_c664ef152ff3,c664ef152ff3a9eef89c53a403b9c2e6f677340bea0307b02d97d07cc54bdfc3,no_salary_hike_no_attrition_no_department_no_job_role,Age,60+,protected_or_sensitive_descriptive_audit,3,30,False,precision,3.0,0.0,1,10,False,False
manuscript_final_20260712T175251Z_c664ef152ff3,c664ef152ff3a9eef89c53a403b9c2e6f677340bea0307b02d97d07cc54bdfc3,no_salary_hike_no_attrition_no_department_no_job_role,Age,60+,protected_or_sensitive_descriptive_audit,3,30,False,mean_predicted_probability,3.0,0.34425636008381844,3,30,False,False
manuscript_final_20260712T175251Z_c664ef152ff3,c664ef152ff3a9eef89c53a403b9c2e6f677340bea0307b02d97d07cc54bdfc3,no_salary_hike_no_attrition_no_department_no_job_role,Age,60+,protected_or_sensitive_descriptive_audit,3,30,False,positive_prediction_rate,4.0,0.0,3,30,False,False
manuscript_final_20260712T175251Z_c664ef152ff3,c664ef152ff3a9eef89c53a403b9c2e6f677340bea0307b02d97d07cc54bdfc3,no_salary_hike_no_attrition_no_department_no_job_role,Age,60+,protected_or_sensitive_descriptive_audit,3,30,False,true_positive_rate,4.0,0.0,1,10,False,False
manuscript_final_20260712T175251Z_c664ef152ff3,c664ef152ff3a9eef89c53a403b9c2e6f677340bea0307b02d97d07cc54bdfc3,no_salary_hike_no_attrition_no_department_no_job_role,Age,60+,protected_or_sensitive_descriptive_audit,3,30,False,false_positive_rate,4.0,0.0,2,10,False,False
manuscript_final_20260712T175251Z_c664ef152ff3,c664ef152ff3a9eef89c53a403b9c2e6f677340bea0307b02d97d07cc54bdfc3,no_salary_hike_no_attrition_no_department_no_job_role,Age,60+,protected_or_sensitive_descriptive_audit,3,30,False,precision,4.0,,0,10,False,False
manuscript_final_20260712T175251Z_c664ef152ff3,c664ef152ff3a9eef89c53a403b9c2e6f677340bea0307b02d97d07cc54bdfc3,no_salary_hike_no_attrition_no_department_no_job_role,Age,60+,protected_or_sensitive_descriptive_audit,3,30,False,mean_predicted_probability,4.0,0.06046168583755692,3,30,False,False
manuscript_final_20260712T175251Z_c664ef152ff3,c664ef152ff3a9eef89c53a403b9c2e6f677340bea0307b02d97d07cc54bdfc3,no_salary_hike_no_attrition_no_department_no_job_role,Gender,Female,protected_or_sensitive_descriptive_audit,475,30,True,accuracy,,0.8126315789473684,475,30,True,True
manuscript_final_20260712T175251Z_c664ef152ff3,c664ef152ff3a9eef89c53a403b9c2e6f677340bea0307b02d97d07cc54bdfc3,no_salary_hike_no_attrition_no_department_no_job_role,Gender,Female,protected_or_sensitive_descriptive_audit,475,30,True,macro_f1,,0.5745823126688022,475,30,True,True
manuscript_final_20260712T175251Z_c664ef152ff3,c664ef152ff3a9eef89c53a403b9c2e6f677340bea0307b02d97d07cc54bdfc3,no_salary_hike_no_attrition_no_department_no_job_role,Gender,Female,protected_or_sensitive_descriptive_audit,475,30,True,positive_prediction_rate,2.0,0.17894736842105263,475,30,True,True
manuscript_final_20260712T175251Z_c664ef152ff3,c664ef152ff3a9eef89c53a403b9c2e6f677340bea0307b02d97d07cc54bdfc3,no_salary_hike_no_attrition_no_department_no_job_role,Gender,Female,protected_or_sensitive_descriptive_audit,475,30,True,true_positive_rate,2.0,0.8266666666666667,75,10,True,True
manuscript_final_20260712T175251Z_c664ef152ff3,c664ef152ff3a9eef89c53a403b9c2e6f677340bea0307b02d97d07cc54bdfc3,no_salary_hike_no_attrition_no_department_no_job_role,Gender,Female,protected_or_sensitive_descriptive_audit,475,30,True,false_positive_rate,2.0,0.0575,400,10,True,True
manuscript_final_20260712T175251Z_c664ef152ff3,c664ef152ff3a9eef89c53a403b9c2e6f677340bea0307b02d97d07cc54bdfc3,no_salary_hike_no_attrition_no_department_no_job_role,Gender,Female,protected_or_sensitive_descriptive_audit,475,30,True,precision,2.0,0.7294117647058823,85,10,True,True
manuscript_final_20260712T175251Z_c664ef152ff3,c664ef152ff3a9eef89c53a403b9c2e6f677340bea0307b02d97d07cc54bdfc3,no_salary_hike_no_attrition_no_department_no_job_role,Gender,Female,protected_or_sensitive_descriptive_audit,475,30,True,mean_predicted_probability,2.0,0.16144912795595653,475,30,True,True
manuscript_final_20260712T175251Z_c664ef152ff3,c664ef152ff3a9eef89c53a403b9c2e6f677340bea0307b02d97d07cc54bdfc3,no_salary_hike_no_attrition_no_department_no_job_role,Gender,Female,protected_or_sensitive_descriptive_audit,475,30,True,positive_prediction_rate,3.0,0.8063157894736842,475,30,True,True
manuscript_final_20260712T175251Z_c664ef152ff3,c664ef152ff3a9eef89c53a403b9c2e6f677340bea0307b02d97d07cc54bdfc3,no_salary_hike_no_attrition_no_department_no_job_role,Gender,Female,protected_or_sensitive_descriptive_audit,475,30,True,true_positive_rate,3.0,0.9226361031518625,349,10,True,True
manuscript_final_20260712T175251Z_c664ef152ff3,c664ef152ff3a9eef89c53a403b9c2e6f677340bea0307b02d97d07cc54bdfc3,no_salary_hike_no_attrition_no_department_no_job_role,Gender,Female,protected_or_sensitive_descriptive_audit,475,30,True,false_positive_rate,3.0,0.48412698412698413,126,10,True,True
manuscript_final_20260712T175251Z_c664ef152ff3,c664ef152ff3a9eef89c53a403b9c2e6f677340bea0307b02d97d07cc54bdfc3,no_salary_hike_no_attrition_no_department_no_job_role,Gender,Female,protected_or_sensitive_descriptive_audit,475,30,True,precision,3.0,0.8407310704960835,383,10,True,True
manuscript_final_20260712T175251Z_c664ef152ff3,c664ef152ff3a9eef89c53a403b9c2e6f677340bea0307b02d97d07cc54bdfc3,no_salary_hike_no_attrition_no_department_no_job_role,Gender,Female,protected_or_sensitive_descriptive_audit,475,30,True,mean_predicted_probability,3.0,0.7511584961884901,475,30,True,True
manuscript_final_20260712T175251Z_c664ef152ff3,c664ef152ff3a9eef89c53a403b9c2e6f677340bea0307b02d97d07cc54bdfc3,no_salary_hike_no_attrition_no_department_no_job_role,Gender,Female,protected_or_sensitive_descriptive_audit,475,30,True,positive_prediction_rate,4.0,0.014736842105263158,475,30,True,True
manuscript_final_20260712T175251Z_c664ef152ff3,c664ef152ff3a9eef89c53a403b9c2e6f677340bea0307b02d97d07cc54bdfc3,no_salary_hike_no_attrition_no_department_no_job_role,Gender,Female,protected_or_sensitive_descriptive_audit,475,30,True,true_positive_rate,4.0,0.0392156862745098,51,10,True,True
manuscript_final_20260712T175251Z_c664ef152ff3,c664ef152ff3a9eef89c53a403b9c2e6f677340bea0307b02d97d07cc54bdfc3,no_salary_hike_no_attrition_no_department_no_job_role,Gender,Female,protected_or_sensitive_descriptive_audit,475,30,True,false_positive_rate,4.0,0.01179245283018868,424,10,True,True
manuscript_final_20260712T175251Z_c664ef152ff3,c664ef152ff3a9eef89c53a403b9c2e6f677340bea0307b02d97d07cc54bdfc3,no_salary_hike_no_attrition_no_department_no_job_role,Gender,Female,protected_or_sensitive_descriptive_audit,475,30,True,precision,4.0,0.2857142857142857,7,10,False,False
manuscript_final_20260712T175251Z_c664ef152ff3,c664ef152ff3a9eef89c53a403b9c2e6f677340bea0307b02d97d07cc54bdfc3,no_salary_hike_no_attrition_no_department_no_job_role,Gender,Female,protected_or_sensitive_descriptive_audit,475,30,True,mean_predicted_probability,4.0,0.08739237793794784,475,30,True,True
manuscript_final_20260712T175251Z_c664ef152ff3,c664ef152ff3a9eef89c53a403b9c2e6f677340bea0307b02d97d07cc54bdfc3,no_salary_hike_no_attrition_no_department_no_job_role,Gender,Male,protected_or_sensitive_descriptive_audit,725,30,True,accuracy,,0.7875862068965517,725,30,True,True
manuscript_final_20260712T175251Z_c664ef152ff3,c664ef152ff3a9eef89c53a403b9c2e6f677340bea0307b02d97d07cc54bdfc3,no_salary_hike_no_attrition_no_department_no_job_role,Gender,Male,protected_or_sensitive_descriptive_audit,725,30,True,macro_f1,,0.5319698580568146,725,30,True,True
manuscript_final_20260712T175251Z_c664ef152ff3,c664ef152ff3a9eef89c53a403b9c2e6f677340bea0307b02d97d07cc54bdfc3,no_salary_hike_no_attrition_no_department_no_job_role,Gender,Male,protected_or_sensitive_descriptive_audit,725,30,True,positive_prediction_rate,2.0,0.19310344827586207,725,30,True,True
manuscript_final_20260712T175251Z_c664ef152ff3,c664ef152ff3a9eef89c53a403b9c2e6f677340bea0307b02d97d07cc54bdfc3,no_salary_hike_no_attrition_no_department_no_job_role,Gender,Male,protected_or_sensitive_descriptive_audit,725,30,True,true_positive_rate,2.0,0.7983193277310925,119,10,True,True
manuscript_final_20260712T175251Z_c664ef152ff3,c664ef152ff3a9eef89c53a403b9c2e6f677340bea0307b02d97d07cc54bdfc3,no_salary_hike_no_attrition_no_department_no_job_role,Gender,Male,protected_or_sensitive_descriptive_audit,725,30,True,false_positive_rate,2.0,0.07425742574257425,606,10,True,True
manuscript_final_20260712T175251Z_c664ef152ff3,c664ef152ff3a9eef89c53a403b9c2e6f677340bea0307b02d97d07cc54bdfc3,no_salary_hike_no_attrition_no_department_no_job_role,Gender,Male,protected_or_sensitive_descriptive_audit,725,30,True,precision,2.0,0.6785714285714286,140,10,True,True
manuscript_final_20260712T175251Z_c664ef152ff3,c664ef152ff3a9eef89c53a403b9c2e6f677340bea0307b02d97d07cc54bdfc3,no_salary_hike_no_attrition_no_department_no_job_role,Gender,Male,protected_or_sensitive_descriptive_audit,725,30,True,mean_predicted_probability,2.0,0.16467547139907576,725,30,True,True
manuscript_final_20260712T175251Z_c664ef152ff3,c664ef152ff3a9eef89c53a403b9c2e6f677340bea0307b02d97d07cc54bdfc3,no_salary_hike_no_attrition_no_department_no_job_role,Gender,Male,protected_or_sensitive_descriptive_audit,725,30,True,positive_prediction_rate,3.0,0.7986206896551724,725,30,True,True
manuscript_final_20260712T175251Z_c664ef152ff3,c664ef152ff3a9eef89c53a403b9c2e6f677340bea0307b02d97d07cc54bdfc3,no_salary_hike_no_attrition_no_department_no_job_role,Gender,Male,protected_or_sensitive_descriptive_audit,725,30,True,true_positive_rate,3.0,0.9066666666666666,525,10,True,True
manuscript_final_20260712T175251Z_c664ef152ff3,c664ef152ff3a9eef89c53a403b9c2e6f677340bea0307b02d97d07cc54bdfc3,no_salary_hike_no_attrition_no_department_no_job_role,Gender,Male,protected_or_sensitive_descriptive_audit,725,30,True,false_positive_rate,3.0,0.515,200,10,True,True
manuscript_final_20260712T175251Z_c664ef152ff3,c664ef152ff3a9eef89c53a403b9c2e6f677340bea0307b02d97d07cc54bdfc3,no_salary_hike_no_attrition_no_department_no_job_role,Gender,Male,protected_or_sensitive_descriptive_audit,725,30,True,precision,3.0,0.8221070811744386,579,10,True,True
manuscript_final_20260712T175251Z_c664ef152ff3,c664ef152ff3a9eef89c53a403b9c2e6f677340bea0307b02d97d07cc54bdfc3,no_salary_hike_no_attrition_no_department_no_job_role,Gender,Male,protected_or_sensitive_descriptive_audit,725,30,True,mean_predicted_probability,3.0,0.7465878323902344,725,30,True,True
manuscript_final_20260712T175251Z_c664ef152ff3,c664ef152ff3a9eef89c53a403b9c2e6f677340bea0307b02d97d07cc54bdfc3,no_salary_hike_no_attrition_no_department_no_job_role,Gender,Male,protected_or_sensitive_descriptive_audit,725,30,True,positive_prediction_rate,4.0,0.008275862068965517,725,30,True,True
manuscript_final_20260712T175251Z_c664ef152ff3,c664ef152ff3a9eef89c53a403b9c2e6f677340bea0307b02d97d07cc54bdfc3,no_salary_hike_no_attrition_no_department_no_job_role,Gender,Male,protected_or_sensitive_descriptive_audit,725,30,True,true_positive_rate,4.0,0.0,81,10,True,True
manuscript_final_20260712T175251Z_c664ef152ff3,c664ef152ff3a9eef89c53a403b9c2e6f677340bea0307b02d97d07cc54bdfc3,no_salary_hike_no_attrition_no_department_no_job_role,Gender,Male,protected_or_sensitive_descriptive_audit,725,30,True,false_positive_rate,4.0,0.009316770186335404,644,10,True,True
manuscript_final_20260712T175251Z_c664ef152ff3,c664ef152ff3a9eef89c53a403b9c2e6f677340bea0307b02d97d07cc54bdfc3,no_salary_hike_no_attrition_no_department_no_job_role,Gender,Male,protected_or_sensitive_descriptive_audit,725,30,True,precision,4.0,0.0,6,10,False,False
manuscript_final_20260712T175251Z_c664ef152ff3,c664ef152ff3a9eef89c53a403b9c2e6f677340bea0307b02d97d07cc54bdfc3,no_salary_hike_no_attrition_no_department_no_job_role,Gender,Male,protected_or_sensitive_descriptive_audit,725,30,True,mean_predicted_probability,4.0,0.08873669524179321,725,30,True,True
manuscript_final_20260712T175251Z_c664ef152ff3,c664ef152ff3a9eef89c53a403b9c2e6f677340bea0307b02d97d07cc54bdfc3,no_salary_hike_no_attrition_no_department_no_job_role,MaritalStatus,Divorced,protected_or_sensitive_descriptive_audit,268,30,True,accuracy,,0.8208955223880597,268,30,True,True
manuscript_final_20260712T175251Z_c664ef152ff3,c664ef152ff3a9eef89c53a403b9c2e6f677340bea0307b02d97d07cc54bdfc3,no_salary_hike_no_attrition_no_department_no_job_role,MaritalStatus,Divorced,protected_or_sensitive_descriptive_audit,268,30,True,macro_f1,,0.5509186808091346,268,30,True,True
manuscript_final_20260712T175251Z_c664ef152ff3,c664ef152ff3a9eef89c53a403b9c2e6f677340bea0307b02d97d07cc54bdfc3,no_salary_hike_no_attrition_no_department_no_job_role,MaritalStatus,Divorced,protected_or_sensitive_descriptive_audit,268,30,True,positive_prediction_rate,2.0,0.16417910447761194,268,30,True,True
manuscript_final_20260712T175251Z_c664ef152ff3,c664ef152ff3a9eef89c53a403b9c2e6f677340bea0307b02d97d07cc54bdfc3,no_salary_hike_no_attrition_no_department_no_job_role,MaritalStatus,Divorced,protected_or_sensitive_descriptive_audit,268,30,True,true_positive_rate,2.0,0.8378378378378378,37,10,True,True
manuscript_final_20260712T175251Z_c664ef152ff3,c664ef152ff3a9eef89c53a403b9c2e6f677340bea0307b02d97d07cc54bdfc3,no_salary_hike_no_attrition_no_department_no_job_role,MaritalStatus,Divorced,protected_or_sensitive_descriptive_audit,268,30,True,false_positive_rate,2.0,0.05627705627705628,231,10,True,True
manuscript_final_20260712T175251Z_c664ef152ff3,c664ef152ff3a9eef89c53a403b9c2e6f677340bea0307b02d97d07cc54bdfc3,no_salary_hike_no_attrition_no_department_no_job_role,MaritalStatus,Divorced,protected_or_sensitive_descriptive_audit,268,30,True,precision,2.0,0.7045454545454546,44,10,True,True
manuscript_final_20260712T175251Z_c664ef152ff3,c664ef152ff3a9eef89c53a403b9c2e6f677340bea0307b02d97d07cc54bdfc3,no_salary_hike_no_attrition_no_department_no_job_role,MaritalStatus,Divorced,protected_or_sensitive_descriptive_audit,268,30,True,mean_predicted_probability,2.0,0.14379461467354698,268,30,True,True
manuscript_final_20260712T175251Z_c664ef152ff3,c664ef152ff3a9eef89c53a403b9c2e6f677340bea0307b02d97d07cc54bdfc3,no_salary_hike_no_attrition_no_department_no_job_role,MaritalStatus,Divorced,protected_or_sensitive_descriptive_audit,268,30,True,positive_prediction_rate,3.0,0.8246268656716418,268,30,True,True
manuscript_final_20260712T175251Z_c664ef152ff3,c664ef152ff3a9eef89c53a403b9c2e6f677340bea0307b02d97d07cc54bdfc3,no_salary_hike_no_attrition_no_department_no_job_role,MaritalStatus,Divorced,protected_or_sensitive_descriptive_audit,268,30,True,true_positive_rate,3.0,0.9219512195121952,205,10,True,True
manuscript_final_20260712T175251Z_c664ef152ff3,c664ef152ff3a9eef89c53a403b9c2e6f677340bea0307b02d97d07cc54bdfc3,no_salary_hike_no_attrition_no_department_no_job_role,MaritalStatus,Divorced,protected_or_sensitive_descriptive_audit,268,30,True,false_positive_rate,3.0,0.5079365079365079,63,10,True,True
manuscript_final_20260712T175251Z_c664ef152ff3,c664ef152ff3a9eef89c53a403b9c2e6f677340bea0307b02d97d07cc54bdfc3,no_salary_hike_no_attrition_no_department_no_job_role,MaritalStatus,Divorced,protected_or_sensitive_descriptive_audit,268,30,True,precision,3.0,0.8552036199095022,221,10,True,True
manuscript_final_20260712T175251Z_c664ef152ff3,c664ef152ff3a9eef89c53a403b9c2e6f677340bea0307b02d97d07cc54bdfc3,no_salary_hike_no_attrition_no_department_no_job_role,MaritalStatus,Divorced,protected_or_sensitive_descriptive_audit,268,30,True,mean_predicted_probability,3.0,0.7633531197015919,268,30,True,True
manuscript_final_20260712T175251Z_c664ef152ff3,c664ef152ff3a9eef89c53a403b9c2e6f677340bea0307b02d97d07cc54bdfc3,no_salary_hike_no_attrition_no_department_no_job_role,MaritalStatus,Divorced,protected_or_sensitive_descriptive_audit,268,30,True,positive_prediction_rate,4.0,0.011194029850746268,268,30,True,True
manuscript_final_20260712T175251Z_c664ef152ff3,c664ef152ff3a9eef89c53a403b9c2e6f677340bea0307b02d97d07cc54bdfc3,no_salary_hike_no_attrition_no_department_no_job_role,MaritalStatus,Divorced,protected_or_sensitive_descriptive_audit,268,30,True,true_positive_rate,4.0,0.0,26,10,True,True
manuscript_final_20260712T175251Z_c664ef152ff3,c664ef152ff3a9eef89c53a403b9c2e6f677340bea0307b02d97d07cc54bdfc3,no_salary_hike_no_attrition_no_department_no_job_role,MaritalStatus,Divorced,protected_or_sensitive_descriptive_audit,268,30,True,false_positive_rate,4.0,0.012396694214876033,242,10,True,True
manuscript_final_20260712T175251Z_c664ef152ff3,c664ef152ff3a9eef89c53a403b9c2e6f677340bea0307b02d97d07cc54bdfc3,no_salary_hike_no_attrition_no_department_no_job_role,MaritalStatus,Divorced,protected_or_sensitive_descriptive_audit,268,30,True,precision,4.0,0.0,3,10,False,False
manuscript_final_20260712T175251Z_c664ef152ff3,c664ef152ff3a9eef89c53a403b9c2e6f677340bea0307b02d97d07cc54bdfc3,no_salary_hike_no_attrition_no_department_no_job_role,MaritalStatus,Divorced,protected_or_sensitive_descriptive_audit,268,30,True,mean_predicted_probability,4.0,0.09285226687024445,268,30,True,True
manuscript_final_20260712T175251Z_c664ef152ff3,c664ef152ff3a9eef89c53a403b9c2e6f677340bea0307b02d97d07cc54bdfc3,no_salary_hike_no_attrition_no_department_no_job_role,MaritalStatus,Married,protected_or_sensitive_descriptive_audit,548,30,True,accuracy,,0.7883211678832117,548,30,True,True
manuscript_final_20260712T175251Z_c664ef152ff3,c664ef152ff3a9eef89c53a403b9c2e6f677340bea0307b02d97d07cc54bdfc3,no_salary_hike_no_attrition_no_department_no_job_role,MaritalStatus,Married,protected_or_sensitive_descriptive_audit,548,30,True,macro_f1,,0.5359180510033523,548,30,True,True
manuscript_final_20260712T175251Z_c664ef152ff3,c664ef152ff3a9eef89c53a403b9c2e6f677340bea0307b02d97d07cc54bdfc3,no_salary_hike_no_attrition_no_department_no_job_role,MaritalStatus,Married,protected_or_sensitive_descriptive_audit,548,30,True,positive_prediction_rate,2.0,0.21715328467153286,548,30,True,True
manuscript_final_20260712T175251Z_c664ef152ff3,c664ef152ff3a9eef89c53a403b9c2e6f677340bea0307b02d97d07cc54bdfc3,no_salary_hike_no_attrition_no_department_no_job_role,MaritalStatus,Married,protected_or_sensitive_descriptive_audit,548,30,True,true_positive_rate,2.0,0.82,100,10,True,True
manuscript_final_20260712T175251Z_c664ef152ff3,c664ef152ff3a9eef89c53a403b9c2e6f677340bea0307b02d97d07cc54bdfc3,no_salary_hike_no_attrition_no_department_no_job_role,MaritalStatus,Married,protected_or_sensitive_descriptive_audit,548,30,True,false_positive_rate,2.0,0.08258928571428571,448,10,True,True
manuscript_final_20260712T175251Z_c664ef152ff3,c664ef152ff3a9eef89c53a403b9c2e6f677340bea0307b02d97d07cc54bdfc3,no_salary_hike_no_attrition_no_department_no_job_role,MaritalStatus,Married,protected_or_sensitive_descriptive_audit,548,30,True,precision,2.0,0.6890756302521008,119,10,True,True
manuscript_final_20260712T175251Z_c664ef152ff3,c664ef152ff3a9eef89c53a403b9c2e6f677340bea0307b02d97d07cc54bdfc3,no_salary_hike_no_attrition_no_department_no_job_role,MaritalStatus,Married,protected_or_sensitive_descriptive_audit,548,30,True,mean_predicted_probability,2.0,0.18597060522494963,548,30,True,True
manuscript_final_20260712T175251Z_c664ef152ff3,c664ef152ff3a9eef89c53a403b9c2e6f677340bea0307b02d97d07cc54bdfc3,no_salary_hike_no_attrition_no_department_no_job_role,MaritalStatus,Married,protected_or_sensitive_descriptive_audit,548,30,True,positive_prediction_rate,3.0,0.7700729927007299,548,30,True,True
manuscript_final_20260712T175251Z_c664ef152ff3,c664ef152ff3a9eef89c53a403b9c2e6f677340bea0307b02d97d07cc54bdfc3,no_salary_hike_no_attrition_no_department_no_job_role,MaritalStatus,Married,protected_or_sensitive_descriptive_audit,548,30,True,true_positive_rate,3.0,0.8905852417302799,393,10,True,True
manuscript_final_20260712T175251Z_c664ef152ff3,c664ef152ff3a9eef89c53a403b9c2e6f677340bea0307b02d97d07cc54bdfc3,no_salary_hike_no_attrition_no_department_no_job_role,MaritalStatus,Married,protected_or_sensitive_descriptive_audit,548,30,True,false_positive_rate,3.0,0.4645161290322581,155,10,True,True
manuscript_final_20260712T175251Z_c664ef152ff3,c664ef152ff3a9eef89c53a403b9c2e6f677340bea0307b02d97d07cc54bdfc3,no_salary_hike_no_attrition_no_department_no_job_role,MaritalStatus,Married,protected_or_sensitive_descriptive_audit,548,30,True,precision,3.0,0.8293838862559242,422,10,True,True
manuscript_final_20260712T175251Z_c664ef152ff3,c664ef152ff3a9eef89c53a403b9c2e6f677340bea0307b02d97d07cc54bdfc3,no_salary_hike_no_attrition_no_department_no_job_role,MaritalStatus,Married,protected_or_sensitive_descriptive_audit,548,30,True,mean_predicted_probability,3.0,0.7297724882535038,548,30,True,True
manuscript_final_20260712T175251Z_c664ef152ff3,c664ef152ff3a9eef89c53a403b9c2e6f677340bea0307b02d97d07cc54bdfc3,no_salary_hike_no_attrition_no_department_no_job_role,MaritalStatus,Married,protected_or_sensitive_descriptive_audit,548,30,True,positive_prediction_rate,4.0,0.012773722627737226,548,30,True,True
manuscript_final_20260712T175251Z_c664ef152ff3,c664ef152ff3a9eef89c53a403b9c2e6f677340bea0307b02d97d07cc54bdfc3,no_salary_hike_no_attrition_no_department_no_job_role,MaritalStatus,Married,protected_or_sensitive_descriptive_audit,548,30,True,true_positive_rate,4.0,0.0,55,10,True,True
manuscript_final_20260712T175251Z_c664ef152ff3,c664ef152ff3a9eef89c53a403b9c2e6f677340bea0307b02d97d07cc54bdfc3,no_salary_hike_no_attrition_no_department_no_job_role,MaritalStatus,Married,protected_or_sensitive_descriptive_audit,548,30,True,false_positive_rate,4.0,0.014198782961460446,493,10,True,True
manuscript_final_20260712T175251Z_c664ef152ff3,c664ef152ff3a9eef89c53a403b9c2e6f677340bea0307b02d97d07cc54bdfc3,no_salary_hike_no_attrition_no_department_no_job_role,MaritalStatus,Married,protected_or_sensitive_descriptive_audit,548,30,True,precision,4.0,0.0,7,10,False,False
manuscript_final_20260712T175251Z_c664ef152ff3,c664ef152ff3a9eef89c53a403b9c2e6f677340bea0307b02d97d07cc54bdfc3,no_salary_hike_no_attrition_no_department_no_job_role,MaritalStatus,Married,protected_or_sensitive_descriptive_audit,548,30,True,mean_predicted_probability,4.0,0.0842569076280232,548,30,True,True
manuscript_final_20260712T175251Z_c664ef152ff3,c664ef152ff3a9eef89c53a403b9c2e6f677340bea0307b02d97d07cc54bdfc3,no_salary_hike_no_attrition_no_department_no_job_role,MaritalStatus,Single,protected_or_sensitive_descriptive_audit,384,30,True,accuracy,,0.7942708333333334,384,30,True,True
manuscript_final_20260712T175251Z_c664ef152ff3,c664ef152ff3a9eef89c53a403b9c2e6f677340bea0307b02d97d07cc54bdfc3,no_salary_hike_no_attrition_no_department_no_job_role,MaritalStatus,Single,protected_or_sensitive_descriptive_audit,384,30,True,macro_f1,,0.5613860358958398,384,30,True,True
manuscript_final_20260712T175251Z_c664ef152ff3,c664ef152ff3a9eef89c53a403b9c2e6f677340bea0307b02d97d07cc54bdfc3,no_salary_hike_no_attrition_no_department_no_job_role,MaritalStatus,Single,protected_or_sensitive_descriptive_audit,384,30,True,positive_prediction_rate,2.0,0.16145833333333334,384,30,True,True
manuscript_final_20260712T175251Z_c664ef152ff3,c664ef152ff3a9eef89c53a403b9c2e6f677340bea0307b02d97d07cc54bdfc3,no_salary_hike_no_attrition_no_department_no_job_role,MaritalStatus,Single,protected_or_sensitive_descriptive_audit,384,30,True,true_positive_rate,2.0,0.7719298245614035,57,10,True,True
manuscript_final_20260712T175251Z_c664ef152ff3,c664ef152ff3a9eef89c53a403b9c2e6f677340bea0307b02d97d07cc54bdfc3,no_salary_hike_no_attrition_no_department_no_job_role,MaritalStatus,Single,protected_or_sensitive_descriptive_audit,384,30,True,false_positive_rate,2.0,0.05504587155963303,327,10,True,True
manuscript_final_20260712T175251Z_c664ef152ff3,c664ef152ff3a9eef89c53a403b9c2e6f677340bea0307b02d97d07cc54bdfc3,no_salary_hike_no_attrition_no_department_no_job_role,MaritalStatus,Single,protected_or_sensitive_descriptive_audit,384,30,True,precision,2.0,0.7096774193548387,62,10,True,True
manuscript_final_20260712T175251Z_c664ef152ff3,c664ef152ff3a9eef89c53a403b9c2e6f677340bea0307b02d97d07cc54bdfc3,no_salary_hike_no_attrition_no_department_no_job_role,MaritalStatus,Single,protected_or_sensitive_descriptive_audit,384,30,True,mean_predicted_probability,2.0,0.1448677191344435,384,30,True,True
manuscript_final_20260712T175251Z_c664ef152ff3,c664ef152ff3a9eef89c53a403b9c2e6f677340bea0307b02d97d07cc54bdfc3,no_salary_hike_no_attrition_no_department_no_job_role,MaritalStatus,Single,protected_or_sensitive_descriptive_audit,384,30,True,positive_prediction_rate,3.0,0.8307291666666666,384,30,True,True
manuscript_final_20260712T175251Z_c664ef152ff3,c664ef152ff3a9eef89c53a403b9c2e6f677340bea0307b02d97d07cc54bdfc3,no_salary_hike_no_attrition_no_department_no_job_role,MaritalStatus,Single,protected_or_sensitive_descriptive_audit,384,30,True,true_positive_rate,3.0,0.9384057971014492,276,10,True,True
manuscript_final_20260712T175251Z_c664ef152ff3,c664ef152ff3a9eef89c53a403b9c2e6f677340bea0307b02d97d07cc54bdfc3,no_salary_hike_no_attrition_no_department_no_job_role,MaritalStatus,Single,protected_or_sensitive_descriptive_audit,384,30,True,false_positive_rate,3.0,0.5555555555555556,108,10,True,True
manuscript_final_20260712T175251Z_c664ef152ff3,c664ef152ff3a9eef89c53a403b9c2e6f677340bea0307b02d97d07cc54bdfc3,no_salary_hike_no_attrition_no_department_no_job_role,MaritalStatus,Single,protected_or_sensitive_descriptive_audit,384,30,True,precision,3.0,0.8119122257053292,319,10,True,True
manuscript_final_20260712T175251Z_c664ef152ff3,c664ef152ff3a9eef89c53a403b9c2e6f677340bea0307b02d97d07cc54bdfc3,no_salary_hike_no_attrition_no_department_no_job_role,MaritalStatus,Single,protected_or_sensitive_descriptive_audit,384,30,True,mean_predicted_probability,3.0,0.7645377722122552,384,30,True,True
manuscript_final_20260712T175251Z_c664ef152ff3,c664ef152ff3a9eef89c53a403b9c2e6f677340bea0307b02d97d07cc54bdfc3,no_salary_hike_no_attrition_no_department_no_job_role,MaritalStatus,Single,protected_or_sensitive_descriptive_audit,384,30,True,positive_prediction_rate,4.0,0.0078125,384,30,True,True
manuscript_final_20260712T175251Z_c664ef152ff3,c664ef152ff3a9eef89c53a403b9c2e6f677340bea0307b02d97d07cc54bdfc3,no_salary_hike_no_attrition_no_department_no_job_role,MaritalStatus,Single,protected_or_sensitive_descriptive_audit,384,30,True,true_positive_rate,4.0,0.0392156862745098,51,10,True,True
manuscript_final_20260712T175251Z_c664ef152ff3,c664ef152ff3a9eef89c53a403b9c2e6f677340bea0307b02d97d07cc54bdfc3,no_salary_hike_no_attrition_no_department_no_job_role,MaritalStatus,Single,protected_or_sensitive_descriptive_audit,384,30,True,false_positive_rate,4.0,0.003003003003003003,333,10,True,True
manuscript_final_20260712T175251Z_c664ef152ff3,c664ef152ff3a9eef89c53a403b9c2e6f677340bea0307b02d97d07cc54bdfc3,no_salary_hike_no_attrition_no_department_no_job_role,MaritalStatus,Single,protected_or_sensitive_descriptive_audit,384,30,True,precision,4.0,0.6666666666666666,3,10,False,False
manuscript_final_20260712T175251Z_c664ef152ff3,c664ef152ff3a9eef89c53a403b9c2e6f677340bea0307b02d97d07cc54bdfc3,no_salary_hike_no_attrition_no_department_no_job_role,MaritalStatus,Single,protected_or_sensitive_descriptive_audit,384,30,True,mean_predicted_probability,4.0,0.0905945069516747,384,30,True,True
manuscript_final_20260712T175251Z_c664ef152ff3,c664ef152ff3a9eef89c53a403b9c2e6f677340bea0307b02d97d07cc54bdfc3,no_salary_hike_no_attrition_no_department_no_job_role,EmpDepartment,Data Science,exploratory_operational_subgroup_diagnostic,20,30,False,accuracy,,0.8,20,30,False,False
manuscript_final_20260712T175251Z_c664ef152ff3,c664ef152ff3a9eef89c53a403b9c2e6f677340bea0307b02d97d07cc54bdfc3,no_salary_hike_no_attrition_no_department_no_job_role,EmpDepartment,Data Science,exploratory_operational_subgroup_diagnostic,20,30,False,macro_f1,,0.46078431372549017,20,30,False,False
manuscript_final_20260712T175251Z_c664ef152ff3,c664ef152ff3a9eef89c53a403b9c2e6f677340bea0307b02d97d07cc54bdfc3,no_salary_hike_no_attrition_no_department_no_job_role,EmpDepartment,Data Science,exploratory_operational_subgroup_diagnostic,20,30,False,positive_prediction_rate,2.0,0.15,20,30,False,False
manuscript_final_20260712T175251Z_c664ef152ff3,c664ef152ff3a9eef89c53a403b9c2e6f677340bea0307b02d97d07cc54bdfc3,no_salary_hike_no_attrition_no_department_no_job_role,EmpDepartment,Data Science,exploratory_operational_subgroup_diagnostic,20,30,False,true_positive_rate,2.0,1.0,1,10,False,False
manuscript_final_20260712T175251Z_c664ef152ff3,c664ef152ff3a9eef89c53a403b9c2e6f677340bea0307b02d97d07cc54bdfc3,no_salary_hike_no_attrition_no_department_no_job_role,EmpDepartment,Data Science,exploratory_operational_subgroup_diagnostic,20,30,False,false_positive_rate,2.0,0.10526315789473684,19,10,True,False
manuscript_final_20260712T175251Z_c664ef152ff3,c664ef152ff3a9eef89c53a403b9c2e6f677340bea0307b02d97d07cc54bdfc3,no_salary_hike_no_attrition_no_department_no_job_role,EmpDepartment,Data Science,exploratory_operational_subgroup_diagnostic,20,30,False,precision,2.0,0.3333333333333333,3,10,False,False
manuscript_final_20260712T175251Z_c664ef152ff3,c664ef152ff3a9eef89c53a403b9c2e6f677340bea0307b02d97d07cc54bdfc3,no_salary_hike_no_attrition_no_department_no_job_role,EmpDepartment,Data Science,exploratory_operational_subgroup_diagnostic,20,30,False,mean_predicted_probability,2.0,0.14402659554762068,20,30,False,False
manuscript_final_20260712T175251Z_c664ef152ff3,c664ef152ff3a9eef89c53a403b9c2e6f677340bea0307b02d97d07cc54bdfc3,no_salary_hike_no_attrition_no_department_no_job_role,EmpDepartment,Data Science,exploratory_operational_subgroup_diagnostic,20,30,False,positive_prediction_rate,3.0,0.85,20,30,False,False
manuscript_final_20260712T175251Z_c664ef152ff3,c664ef152ff3a9eef89c53a403b9c2e6f677340bea0307b02d97d07cc54bdfc3,no_salary_hike_no_attrition_no_department_no_job_role,EmpDepartment,Data Science,exploratory_operational_subgroup_diagnostic,20,30,False,true_positive_rate,3.0,0.8823529411764706,17,10,True,False
manuscript_final_20260712T175251Z_c664ef152ff3,c664ef152ff3a9eef89c53a403b9c2e6f677340bea0307b02d97d07cc54bdfc3,no_salary_hike_no_attrition_no_department_no_job_role,EmpDepartment,Data Science,exploratory_operational_subgroup_diagnostic,20,30,False,false_positive_rate,3.0,0.6666666666666666,3,10,False,False
manuscript_final_20260712T175251Z_c664ef152ff3,c664ef152ff3a9eef89c53a403b9c2e6f677340bea0307b02d97d07cc54bdfc3,no_salary_hike_no_attrition_no_department_no_job_role,EmpDepartment,Data Science,exploratory_operational_subgroup_diagnostic,20,30,False,precision,3.0,0.8823529411764706,17,10,True,False
manuscript_final_20260712T175251Z_c664ef152ff3,c664ef152ff3a9eef89c53a403b9c2e6f677340bea0307b02d97d07cc54bdfc3,no_salary_hike_no_attrition_no_department_no_job_role,EmpDepartment,Data Science,exploratory_operational_subgroup_diagnostic,20,30,False,mean_predicted_probability,3.0,0.7737141497433185,20,30,False,False
manuscript_final_20260712T175251Z_c664ef152ff3,c664ef152ff3a9eef89c53a403b9c2e6f677340bea0307b02d97d07cc54bdfc3,no_salary_hike_no_attrition_no_department_no_job_role,EmpDepartment,Data Science,exploratory_operational_subgroup_diagnostic,20,30,False,positive_prediction_rate,4.0,0.0,20,30,False,False
manuscript_final_20260712T175251Z_c664ef152ff3,c664ef152ff3a9eef89c53a403b9c2e6f677340bea0307b02d97d07cc54bdfc3,no_salary_hike_no_attrition_no_department_no_job_role,EmpDepartment,Data Science,exploratory_operational_subgroup_diagnostic,20,30,False,true_positive_rate,4.0,0.0,2,10,False,False
manuscript_final_20260712T175251Z_c664ef152ff3,c664ef152ff3a9eef89c53a403b9c2e6f677340bea0307b02d97d07cc54bdfc3,no_salary_hike_no_attrition_no_department_no_job_role,EmpDepartment,Data Science,exploratory_operational_subgroup_diagnostic,20,30,False,false_positive_rate,4.0,0.0,18,10,True,False
manuscript_final_20260712T175251Z_c664ef152ff3,c664ef152ff3a9eef89c53a403b9c2e6f677340bea0307b02d97d07cc54bdfc3,no_salary_hike_no_attrition_no_department_no_job_role,EmpDepartment,Data Science,exploratory_operational_subgroup_diagnostic,20,30,False,precision,4.0,,0,10,False,False
manuscript_final_20260712T175251Z_c664ef152ff3,c664ef152ff3a9eef89c53a403b9c2e6f677340bea0307b02d97d07cc54bdfc3,no_salary_hike_no_attrition_no_department_no_job_role,EmpDepartment,Data Science,exploratory_operational_subgroup_diagnostic,20,30,False,mean_predicted_probability,4.0,0.08225927312741987,20,30,False,False
manuscript_final_20260712T175251Z_c664ef152ff3,c664ef152ff3a9eef89c53a403b9c2e6f677340bea0307b02d97d07cc54bdfc3,no_salary_hike_no_attrition_no_department_no_job_role,EmpDepartment,Development,exploratory_operational_subgroup_diagnostic,361,30,True,accuracy,,0.7285318559556787,361,30,True,True
manuscript_final_20260712T175251Z_c664ef152ff3,c664ef152ff3a9eef89c53a403b9c2e6f677340bea0307b02d97d07cc54bdfc3,no_salary_hike_no_attrition_no_department_no_job_role,EmpDepartment,Development,exploratory_operational_subgroup_diagnostic,361,30,True,macro_f1,,0.37999073082153795,361,30,True,True
manuscript_final_20260712T175251Z_c664ef152ff3,c664ef152ff3a9eef89c53a403b9c2e6f677340bea0307b02d97d07cc54bdfc3,no_salary_hike_no_attrition_no_department_no_job_role,EmpDepartment,Development,exploratory_operational_subgroup_diagnostic,361,30,True,positive_prediction_rate,2.0,0.16620498614958448,361,30,True,True
manuscript_final_20260712T175251Z_c664ef152ff3,c664ef152ff3a9eef89c53a403b9c2e6f677340bea0307b02d97d07cc54bdfc3,no_salary_hike_no_attrition_no_department_no_job_role,EmpDepartment,Development,exploratory_operational_subgroup_diagnostic,361,30,True,true_positive_rate,2.0,0.8461538461538461,13,10,True,True
manuscript_final_20260712T175251Z_c664ef152ff3,c664ef152ff3a9eef89c53a403b9c2e6f677340bea0307b02d97d07cc54bdfc3,no_salary_hike_no_attrition_no_department_no_job_role,EmpDepartment,Development,exploratory_operational_subgroup_diagnostic,361,30,True,false_positive_rate,2.0,0.14080459770114942,348,10,True,True
manuscript_final_20260712T175251Z_c664ef152ff3,c664ef152ff3a9eef89c53a403b9c2e6f677340bea0307b02d97d07cc54bdfc3,no_salary_hike_no_attrition_no_department_no_job_role,EmpDepartment,Development,exploratory_operational_subgroup_diagnostic,361,30,True,precision,2.0,0.18333333333333332,60,10,True,True
manuscript_final_20260712T175251Z_c664ef152ff3,c664ef152ff3a9eef89c53a403b9c2e6f677340bea0307b02d97d07cc54bdfc3,no_salary_hike_no_attrition_no_department_no_job_role,EmpDepartment,Development,exploratory_operational_subgroup_diagnostic,361,30,True,mean_predicted_probability,2.0,0.14217413604889778,361,30,True,True
manuscript_final_20260712T175251Z_c664ef152ff3,c664ef152ff3a9eef89c53a403b9c2e6f677340bea0307b02d97d07cc54bdfc3,no_salary_hike_no_attrition_no_department_no_job_role,EmpDepartment,Development,exploratory_operational_subgroup_diagnostic,361,30,True,positive_prediction_rate,3.0,0.8227146814404432,361,30,True,True
manuscript_final_20260712T175251Z_c664ef152ff3,c664ef152ff3a9eef89c53a403b9c2e6f677340bea0307b02d97d07cc54bdfc3,no_salary_hike_no_attrition_no_department_no_job_role,EmpDepartment,Development,exploratory_operational_subgroup_diagnostic,361,30,True,true_positive_rate,3.0,0.8289473684210527,304,10,True,True
manuscript_final_20260712T175251Z_c664ef152ff3,c664ef152ff3a9eef89c53a403b9c2e6f677340bea0307b02d97d07cc54bdfc3,no_salary_hike_no_attrition_no_department_no_job_role,EmpDepartment,Development,exploratory_operational_subgroup_diagnostic,361,30,True,false_positive_rate,3.0,0.7894736842105263,57,10,True,True
manuscript_final_20260712T175251Z_c664ef152ff3,c664ef152ff3a9eef89c53a403b9c2e6f677340bea0307b02d97d07cc54bdfc3,no_salary_hike_no_attrition_no_department_no_job_role,EmpDepartment,Development,exploratory_operational_subgroup_diagnostic,361,30,True,precision,3.0,0.8484848484848485,297,10,True,True
manuscript_final_20260712T175251Z_c664ef152ff3,c664ef152ff3a9eef89c53a403b9c2e6f677340bea0307b02d97d07cc54bdfc3,no_salary_hike_no_attrition_no_department_no_job_role,EmpDepartment,Development,exploratory_operational_subgroup_diagnostic,361,30,True,mean_predicted_probability,3.0,0.7720084321837346,361,30,True,True
manuscript_final_20260712T175251Z_c664ef152ff3,c664ef152ff3a9eef89c53a403b9c2e6f677340bea0307b02d97d07cc54bdfc3,no_salary_hike_no_attrition_no_department_no_job_role,EmpDepartment,Development,exploratory_operational_subgroup_diagnostic,361,30,True,positive_prediction_rate,4.0,0.0110803324099723,361,30,True,True
manuscript_final_20260712T175251Z_c664ef152ff3,c664ef152ff3a9eef89c53a403b9c2e6f677340bea0307b02d97d07cc54bdfc3,no_salary_hike_no_attrition_no_department_no_job_role,EmpDepartment,Development,exploratory_operational_subgroup_diagnostic,361,30,True,true_positive_rate,4.0,0.0,44,10,True,True
manuscript_final_20260712T175251Z_c664ef152ff3,c664ef152ff3a9eef89c53a403b9c2e6f677340bea0307b02d97d07cc54bdfc3,no_salary_hike_no_attrition_no_department_no_job_role,EmpDepartment,Development,exploratory_operational_subgroup_diagnostic,361,30,True,false_positive_rate,4.0,0.012618296529968454,317,10,True,True
manuscript_final_20260712T175251Z_c664ef152ff3,c664ef152ff3a9eef89c53a403b9c2e6f677340bea0307b02d97d07cc54bdfc3,no_salary_hike_no_attrition_no_department_no_job_role,EmpDepartment,Development,exploratory_operational_subgroup_diagnostic,361,30,True,precision,4.0,0.0,4,10,False,False
manuscript_final_20260712T175251Z_c664ef152ff3,c664ef152ff3a9eef89c53a403b9c2e6f677340bea0307b02d97d07cc54bdfc3,no_salary_hike_no_attrition_no_department_no_job_role,EmpDepartment,Development,exploratory_operational_subgroup_diagnostic,361,30,True,mean_predicted_probability,4.0,0.08581743042572941,361,30,True,True
manuscript_final_20260712T175251Z_c664ef152ff3,c664ef152ff3a9eef89c53a403b9c2e6f677340bea0307b02d97d07cc54bdfc3,no_salary_hike_no_attrition_no_department_no_job_role,EmpDepartment,Finance,exploratory_operational_subgroup_diagnostic,49,30,True,accuracy,,0.8571428571428571,49,30,True,True
manuscript_final_20260712T175251Z_c664ef152ff3,c664ef152ff3a9eef89c53a403b9c2e6f677340bea0307b02d97d07cc54bdfc3,no_salary_hike_no_attrition_no_department_no_job_role,EmpDepartment,Finance,exploratory_operational_subgroup_diagnostic,49,30,True,macro_f1,,0.5948037589828634,49,30,True,True
manuscript_final_20260712T175251Z_c664ef152ff3,c664ef152ff3a9eef89c53a403b9c2e6f677340bea0307b02d97d07cc54bdfc3,no_salary_hike_no_attrition_no_department_no_job_role,EmpDepartment,Finance,exploratory_operational_subgroup_diagnostic,49,30,True,positive_prediction_rate,2.0,0.24489795918367346,49,30,True,True
manuscript_final_20260712T175251Z_c664ef152ff3,c664ef152ff3a9eef89c53a403b9c2e6f677340bea0307b02d97d07cc54bdfc3,no_salary_hike_no_attrition_no_department_no_job_role,EmpDepartment,Finance,exploratory_operational_subgroup_diagnostic,49,30,True,true_positive_rate,2.0,0.8,15,10,True,True
manuscript_final_20260712T175251Z_c664ef152ff3,c664ef152ff3a9eef89c53a403b9c2e6f677340bea0307b02d97d07cc54bdfc3,no_salary_hike_no_attrition_no_department_no_job_role,EmpDepartment,Finance,exploratory_operational_subgroup_diagnostic,49,30,True,false_positive_rate,2.0,0.0,34,10,True,True
manuscript_final_20260712T175251Z_c664ef152ff3,c664ef152ff3a9eef89c53a403b9c2e6f677340bea0307b02d97d07cc54bdfc3,no_salary_hike_no_attrition_no_department_no_job_role,EmpDepartment,Finance,exploratory_operational_subgroup_diagnostic,49,30,True,precision,2.0,1.0,12,10,True,True
manuscript_final_20260712T175251Z_c664ef152ff3,c664ef152ff3a9eef89c53a403b9c2e6f677340bea0307b02d97d07cc54bdfc3,no_salary_hike_no_attrition_no_department_no_job_role,EmpDepartment,Finance,exploratory_operational_subgroup_diagnostic,49,30,True,mean_predicted_probability,2.0,0.19850880600813758,49,30,True,True
manuscript_final_20260712T175251Z_c664ef152ff3,c664ef152ff3a9eef89c53a403b9c2e6f677340bea0307b02d97d07cc54bdfc3,no_salary_hike_no_attrition_no_department_no_job_role,EmpDepartment,Finance,exploratory_operational_subgroup_diagnostic,49,30,True,positive_prediction_rate,3.0,0.7551020408163265,49,30,True,True
manuscript_final_20260712T175251Z_c664ef152ff3,c664ef152ff3a9eef89c53a403b9c2e6f677340bea0307b02d97d07cc54bdfc3,no_salary_hike_no_attrition_no_department_no_job_role,EmpDepartment,Finance,exploratory_operational_subgroup_diagnostic,49,30,True,true_positive_rate,3.0,1.0,30,10,True,True
manuscript_final_20260712T175251Z_c664ef152ff3,c664ef152ff3a9eef89c53a403b9c2e6f677340bea0307b02d97d07cc54bdfc3,no_salary_hike_no_attrition_no_department_no_job_role,EmpDepartment,Finance,exploratory_operational_subgroup_diagnostic,49,30,True,false_positive_rate,3.0,0.3684210526315789,19,10,True,True
manuscript_final_20260712T175251Z_c664ef152ff3,c664ef152ff3a9eef89c53a403b9c2e6f677340bea0307b02d97d07cc54bdfc3,no_salary_hike_no_attrition_no_department_no_job_role,EmpDepartment,Finance,exploratory_operational_subgroup_diagnostic,49,30,True,precision,3.0,0.8108108108108109,37,10,True,True
manuscript_final_20260712T175251Z_c664ef152ff3,c664ef152ff3a9eef89c53a403b9c2e6f677340bea0307b02d97d07cc54bdfc3,no_salary_hike_no_attrition_no_department_no_job_role,EmpDepartment,Finance,exploratory_operational_subgroup_diagnostic,49,30,True,mean_predicted_probability,3.0,0.7122978503454704,49,30,True,True
manuscript_final_20260712T175251Z_c664ef152ff3,c664ef152ff3a9eef89c53a403b9c2e6f677340bea0307b02d97d07cc54bdfc3,no_salary_hike_no_attrition_no_department_no_job_role,EmpDepartment,Finance,exploratory_operational_subgroup_diagnostic,49,30,True,positive_prediction_rate,4.0,0.0,49,30,True,True
manuscript_final_20260712T175251Z_c664ef152ff3,c664ef152ff3a9eef89c53a403b9c2e6f677340bea0307b02d97d07cc54bdfc3,no_salary_hike_no_attrition_no_department_no_job_role,EmpDepartment,Finance,exploratory_operational_subgroup_diagnostic,49,30,True,true_positive_rate,4.0,0.0,4,10,False,False
manuscript_final_20260712T175251Z_c664ef152ff3,c664ef152ff3a9eef89c53a403b9c2e6f677340bea0307b02d97d07cc54bdfc3,no_salary_hike_no_attrition_no_department_no_job_role,EmpDepartment,Finance,exploratory_operational_subgroup_diagnostic,49,30,True,false_positive_rate,4.0,0.0,45,10,True,True
manuscript_final_20260712T175251Z_c664ef152ff3,c664ef152ff3a9eef89c53a403b9c2e6f677340bea0307b02d97d07cc54bdfc3,no_salary_hike_no_attrition_no_department_no_job_role,EmpDepartment,Finance,exploratory_operational_subgroup_diagnostic,49,30,True,precision,4.0,,0,10,False,False
manuscript_final_20260712T175251Z_c664ef152ff3,c664ef152ff3a9eef89c53a403b9c2e6f677340bea0307b02d97d07cc54bdfc3,no_salary_hike_no_attrition_no_department_no_job_role,EmpDepartment,Finance,exploratory_operational_subgroup_diagnostic,49,30,True,mean_predicted_probability,4.0,0.08919334920047194,49,30,True,True
manuscript_final_20260712T175251Z_c664ef152ff3,c664ef152ff3a9eef89c53a403b9c2e6f677340bea0307b02d97d07cc54bdfc3,no_salary_hike_no_attrition_no_department_no_job_role,EmpDepartment,Human Resources,exploratory_operational_subgroup_diagnostic,54,30,True,accuracy,,0.8148148148148148,54,30,True,True
manuscript_final_20260712T175251Z_c664ef152ff3,c664ef152ff3a9eef89c53a403b9c2e6f677340bea0307b02d97d07cc54bdfc3,no_salary_hike_no_attrition_no_department_no_job_role,EmpDepartment,Human Resources,exploratory_operational_subgroup_diagnostic,54,30,True,macro_f1,,0.5733846812152331,54,30,True,True
manuscript_final_20260712T175251Z_c664ef152ff3,c664ef152ff3a9eef89c53a403b9c2e6f677340bea0307b02d97d07cc54bdfc3,no_salary_hike_no_attrition_no_department_no_job_role,EmpDepartment,Human Resources,exploratory_operational_subgroup_diagnostic,54,30,True,positive_prediction_rate,2.0,0.16666666666666666,54,30,True,True
manuscript_final_20260712T175251Z_c664ef152ff3,c664ef152ff3a9eef89c53a403b9c2e6f677340bea0307b02d97d07cc54bdfc3,no_salary_hike_no_attrition_no_department_no_job_role,EmpDepartment,Human Resources,exploratory_operational_subgroup_diagnostic,54,30,True,true_positive_rate,2.0,0.8,10,10,True,True
manuscript_final_20260712T175251Z_c664ef152ff3,c664ef152ff3a9eef89c53a403b9c2e6f677340bea0307b02d97d07cc54bdfc3,no_salary_hike_no_attrition_no_department_no_job_role,EmpDepartment,Human Resources,exploratory_operational_subgroup_diagnostic,54,30,True,false_positive_rate,2.0,0.022727272727272728,44,10,True,True
manuscript_final_20260712T175251Z_c664ef152ff3,c664ef152ff3a9eef89c53a403b9c2e6f677340bea0307b02d97d07cc54bdfc3,no_salary_hike_no_attrition_no_department_no_job_role,EmpDepartment,Human Resources,exploratory_operational_subgroup_diagnostic,54,30,True,precision,2.0,0.8888888888888888,9,10,False,False
manuscript_final_20260712T175251Z_c664ef152ff3,c664ef152ff3a9eef89c53a403b9c2e6f677340bea0307b02d97d07cc54bdfc3,no_salary_hike_no_attrition_no_department_no_job_role,EmpDepartment,Human Resources,exploratory_operational_subgroup_diagnostic,54,30,True,mean_predicted_probability,2.0,0.15253154880796232,54,30,True,True
manuscript_final_20260712T175251Z_c664ef152ff3,c664ef152ff3a9eef89c53a403b9c2e6f677340bea0307b02d97d07cc54bdfc3,no_salary_hike_no_attrition_no_department_no_job_role,EmpDepartment,Human Resources,exploratory_operational_subgroup_diagnostic,54,30,True,positive_prediction_rate,3.0,0.8148148148148148,54,30,True,True
manuscript_final_20260712T175251Z_c664ef152ff3,c664ef152ff3a9eef89c53a403b9c2e6f677340bea0307b02d97d07cc54bdfc3,no_salary_hike_no_attrition_no_department_no_job_role,EmpDepartment,Human Resources,exploratory_operational_subgroup_diagnostic,54,30,True,true_positive_rate,3.0,0.9473684210526315,38,10,True,True
manuscript_final_20260712T175251Z_c664ef152ff3,c664ef152ff3a9eef89c53a403b9c2e6f677340bea0307b02d97d07cc54bdfc3,no_salary_hike_no_attrition_no_department_no_job_role,EmpDepartment,Human Resources,exploratory_operational_subgroup_diagnostic,54,30,True,false_positive_rate,3.0,0.5,16,10,True,True
manuscript_final_20260712T175251Z_c664ef152ff3,c664ef152ff3a9eef89c53a403b9c2e6f677340bea0307b02d97d07cc54bdfc3,no_salary_hike_no_attrition_no_department_no_job_role,EmpDepartment,Human Resources,exploratory_operational_subgroup_diagnostic,54,30,True,precision,3.0,0.8181818181818182,44,10,True,True
manuscript_final_20260712T175251Z_c664ef152ff3,c664ef152ff3a9eef89c53a403b9c2e6f677340bea0307b02d97d07cc54bdfc3,no_salary_hike_no_attrition_no_department_no_job_role,EmpDepartment,Human Resources,exploratory_operational_subgroup_diagnostic,54,30,True,mean_predicted_probability,3.0,0.7396509234827978,54,30,True,True
manuscript_final_20260712T175251Z_c664ef152ff3,c664ef152ff3a9eef89c53a403b9c2e6f677340bea0307b02d97d07cc54bdfc3,no_salary_hike_no_attrition_no_department_no_job_role,EmpDepartment,Human Resources,exploratory_operational_subgroup_diagnostic,54,30,True,positive_prediction_rate,4.0,0.018518518518518517,54,30,True,True
manuscript_final_20260712T175251Z_c664ef152ff3,c664ef152ff3a9eef89c53a403b9c2e6f677340bea0307b02d97d07cc54bdfc3,no_salary_hike_no_attrition_no_department_no_job_role,EmpDepartment,Human Resources,exploratory_operational_subgroup_diagnostic,54,30,True,true_positive_rate,4.0,0.0,6,10,False,False
manuscript_final_20260712T175251Z_c664ef152ff3,c664ef152ff3a9eef89c53a403b9c2e6f677340bea0307b02d97d07cc54bdfc3,no_salary_hike_no_attrition_no_department_no_job_role,EmpDepartment,Human Resources,exploratory_operational_subgroup_diagnostic,54,30,True,false_positive_rate,4.0,0.020833333333333332,48,10,True,True
manuscript_final_20260712T175251Z_c664ef152ff3,c664ef152ff3a9eef89c53a403b9c2e6f677340bea0307b02d97d07cc54bdfc3,no_salary_hike_no_attrition_no_department_no_job_role,EmpDepartment,Human Resources,exploratory_operational_subgroup_diagnostic,54,30,True,precision,4.0,0.0,1,10,False,False
manuscript_final_20260712T175251Z_c664ef152ff3,c664ef152ff3a9eef89c53a403b9c2e6f677340bea0307b02d97d07cc54bdfc3,no_salary_hike_no_attrition_no_department_no_job_role,EmpDepartment,Human Resources,exploratory_operational_subgroup_diagnostic,54,30,True,mean_predicted_probability,4.0,0.10781753234806712,54,30,True,True
manuscript_final_20260712T175251Z_c664ef152ff3,c664ef152ff3a9eef89c53a403b9c2e6f677340bea0307b02d97d07cc54bdfc3,no_salary_hike_no_attrition_no_department_no_job_role,EmpDepartment,Research & Development,exploratory_operational_subgroup_diagnostic,343,30,True,accuracy,,0.8221574344023324,343,30,True,True
manuscript_final_20260712T175251Z_c664ef152ff3,c664ef152ff3a9eef89c53a403b9c2e6f677340bea0307b02d97d07cc54bdfc3,no_salary_hike_no_attrition_no_department_no_job_role,EmpDepartment,Research & Development,exploratory_operational_subgroup_diagnostic,343,30,True,macro_f1,,0.5918220502901353,343,30,True,True
manuscript_final_20260712T175251Z_c664ef152ff3,c664ef152ff3a9eef89c53a403b9c2e6f677340bea0307b02d97d07cc54bdfc3,no_salary_hike_no_attrition_no_department_no_job_role,EmpDepartment,Research & Development,exploratory_operational_subgroup_diagnostic,343,30,True,positive_prediction_rate,2.0,0.1661807580174927,343,30,True,True
manuscript_final_20260712T175251Z_c664ef152ff3,c664ef152ff3a9eef89c53a403b9c2e6f677340bea0307b02d97d07cc54bdfc3,no_salary_hike_no_attrition_no_department_no_job_role,EmpDepartment,Research & Development,exploratory_operational_subgroup_diagnostic,343,30,True,true_positive_rate,2.0,0.7794117647058824,68,10,True,True
manuscript_final_20260712T175251Z_c664ef152ff3,c664ef152ff3a9eef89c53a403b9c2e6f677340bea0307b02d97d07cc54bdfc3,no_salary_hike_no_attrition_no_department_no_job_role,EmpDepartment,Research & Development,exploratory_operational_subgroup_diagnostic,343,30,True,false_positive_rate,2.0,0.014545454545454545,275,10,True,True
manuscript_final_20260712T175251Z_c664ef152ff3,c664ef152ff3a9eef89c53a403b9c2e6f677340bea0307b02d97d07cc54bdfc3,no_salary_hike_no_attrition_no_department_no_job_role,EmpDepartment,Research & Development,exploratory_operational_subgroup_diagnostic,343,30,True,precision,2.0,0.9298245614035088,57,10,True,True
manuscript_final_20260712T175251Z_c664ef152ff3,c664ef152ff3a9eef89c53a403b9c2e6f677340bea0307b02d97d07cc54bdfc3,no_salary_hike_no_attrition_no_department_no_job_role,EmpDepartment,Research & Development,exploratory_operational_subgroup_diagnostic,343,30,True,mean_predicted_probability,2.0,0.15139342067867914,343,30,True,True
manuscript_final_20260712T175251Z_c664ef152ff3,c664ef152ff3a9eef89c53a403b9c2e6f677340bea0307b02d97d07cc54bdfc3,no_salary_hike_no_attrition_no_department_no_job_role,EmpDepartment,Research & Development,exploratory_operational_subgroup_diagnostic,343,30,True,positive_prediction_rate,3.0,0.8250728862973761,343,30,True,True
manuscript_final_20260712T175251Z_c664ef152ff3,c664ef152ff3a9eef89c53a403b9c2e6f677340bea0307b02d97d07cc54bdfc3,no_salary_hike_no_attrition_no_department_no_job_role,EmpDepartment,Research & Development,exploratory_operational_subgroup_diagnostic,343,30,True,true_positive_rate,3.0,0.9743589743589743,234,10,True,True
manuscript_final_20260712T175251Z_c664ef152ff3,c664ef152ff3a9eef89c53a403b9c2e6f677340bea0307b02d97d07cc54bdfc3,no_salary_hike_no_attrition_no_department_no_job_role,EmpDepartment,Research & Development,exploratory_operational_subgroup_diagnostic,343,30,True,false_positive_rate,3.0,0.5045871559633027,109,10,True,True
manuscript_final_20260712T175251Z_c664ef152ff3,c664ef152ff3a9eef89c53a403b9c2e6f677340bea0307b02d97d07cc54bdfc3,no_salary_hike_no_attrition_no_department_no_job_role,EmpDepartment,Research & Development,exploratory_operational_subgroup_diagnostic,343,30,True,precision,3.0,0.8056537102473498,283,10,True,True
manuscript_final_20260712T175251Z_c664ef152ff3,c664ef152ff3a9eef89c53a403b9c2e6f677340bea0307b02d97d07cc54bdfc3,no_salary_hike_no_attrition_no_department_no_job_role,EmpDepartment,Research & Development,exploratory_operational_subgroup_diagnostic,343,30,True,mean_predicted_probability,3.0,0.7591281471551333,343,30,True,True
manuscript_final_20260712T175251Z_c664ef152ff3,c664ef152ff3a9eef89c53a403b9c2e6f677340bea0307b02d97d07cc54bdfc3,no_salary_hike_no_attrition_no_department_no_job_role,EmpDepartment,Research & Development,exploratory_operational_subgroup_diagnostic,343,30,True,positive_prediction_rate,4.0,0.008746355685131196,343,30,True,True
manuscript_final_20260712T175251Z_c664ef152ff3,c664ef152ff3a9eef89c53a403b9c2e6f677340bea0307b02d97d07cc54bdfc3,no_salary_hike_no_attrition_no_department_no_job_role,EmpDepartment,Research & Development,exploratory_operational_subgroup_diagnostic,343,30,True,true_positive_rate,4.0,0.024390243902439025,41,10,True,True
manuscript_final_20260712T175251Z_c664ef152ff3,c664ef152ff3a9eef89c53a403b9c2e6f677340bea0307b02d97d07cc54bdfc3,no_salary_hike_no_attrition_no_department_no_job_role,EmpDepartment,Research & Development,exploratory_operational_subgroup_diagnostic,343,30,True,false_positive_rate,4.0,0.006622516556291391,302,10,True,True
manuscript_final_20260712T175251Z_c664ef152ff3,c664ef152ff3a9eef89c53a403b9c2e6f677340bea0307b02d97d07cc54bdfc3,no_salary_hike_no_attrition_no_department_no_job_role,EmpDepartment,Research & Development,exploratory_operational_subgroup_diagnostic,343,30,True,precision,4.0,0.3333333333333333,3,10,False,False
manuscript_final_20260712T175251Z_c664ef152ff3,c664ef152ff3a9eef89c53a403b9c2e6f677340bea0307b02d97d07cc54bdfc3,no_salary_hike_no_attrition_no_department_no_job_role,EmpDepartment,Research & Development,exploratory_operational_subgroup_diagnostic,343,30,True,mean_predicted_probability,4.0,0.08947843062533907,343,30,True,True
manuscript_final_20260712T175251Z_c664ef152ff3,c664ef152ff3a9eef89c53a403b9c2e6f677340bea0307b02d97d07cc54bdfc3,no_salary_hike_no_attrition_no_department_no_job_role,EmpDepartment,Sales,exploratory_operational_subgroup_diagnostic,373,30,True,accuracy,,0.8310991957104558,373,30,True,True
manuscript_final_20260712T175251Z_c664ef152ff3,c664ef152ff3a9eef89c53a403b9c2e6f677340bea0307b02d97d07cc54bdfc3,no_salary_hike_no_attrition_no_department_no_job_role,EmpDepartment,Sales,exploratory_operational_subgroup_diagnostic,373,30,True,macro_f1,,0.5926955238563699,373,30,True,True
manuscript_final_20260712T175251Z_c664ef152ff3,c664ef152ff3a9eef89c53a403b9c2e6f677340bea0307b02d97d07cc54bdfc3,no_salary_hike_no_attrition_no_department_no_job_role,EmpDepartment,Sales,exploratory_operational_subgroup_diagnostic,373,30,True,positive_prediction_rate,2.0,0.225201072386059,373,30,True,True
manuscript_final_20260712T175251Z_c664ef152ff3,c664ef152ff3a9eef89c53a403b9c2e6f677340bea0307b02d97d07cc54bdfc3,no_salary_hike_no_attrition_no_department_no_job_role,EmpDepartment,Sales,exploratory_operational_subgroup_diagnostic,373,30,True,true_positive_rate,2.0,0.8275862068965517,87,10,True,True
manuscript_final_20260712T175251Z_c664ef152ff3,c664ef152ff3a9eef89c53a403b9c2e6f677340bea0307b02d97d07cc54bdfc3,no_salary_hike_no_attrition_no_department_no_job_role,EmpDepartment,Sales,exploratory_operational_subgroup_diagnostic,373,30,True,false_positive_rate,2.0,0.04195804195804196,286,10,True,True
manuscript_final_20260712T175251Z_c664ef152ff3,c664ef152ff3a9eef89c53a403b9c2e6f677340bea0307b02d97d07cc54bdfc3,no_salary_hike_no_attrition_no_department_no_job_role,EmpDepartment,Sales,exploratory_operational_subgroup_diagnostic,373,30,True,precision,2.0,0.8571428571428571,84,10,True,True
manuscript_final_20260712T175251Z_c664ef152ff3,c664ef152ff3a9eef89c53a403b9c2e6f677340bea0307b02d97d07cc54bdfc3,no_salary_hike_no_attrition_no_department_no_job_role,EmpDepartment,Sales,exploratory_operational_subgroup_diagnostic,373,30,True,mean_predicted_probability,2.0,0.1929787643324105,373,30,True,True
manuscript_final_20260712T175251Z_c664ef152ff3,c664ef152ff3a9eef89c53a403b9c2e6f677340bea0307b02d97d07cc54bdfc3,no_salary_hike_no_attrition_no_department_no_job_role,EmpDepartment,Sales,exploratory_operational_subgroup_diagnostic,373,30,True,positive_prediction_rate,3.0,0.7613941018766756,373,30,True,True
manuscript_final_20260712T175251Z_c664ef152ff3,c664ef152ff3a9eef89c53a403b9c2e6f677340bea0307b02d97d07cc54bdfc3,no_salary_hike_no_attrition_no_department_no_job_role,EmpDepartment,Sales,exploratory_operational_subgroup_diagnostic,373,30,True,true_positive_rate,3.0,0.9442231075697212,251,10,True,True
manuscript_final_20260712T175251Z_c664ef152ff3,c664ef152ff3a9eef89c53a403b9c2e6f677340bea0307b02d97d07cc54bdfc3,no_salary_hike_no_attrition_no_department_no_job_role,EmpDepartment,Sales,exploratory_operational_subgroup_diagnostic,373,30,True,false_positive_rate,3.0,0.38524590163934425,122,10,True,True
manuscript_final_20260712T175251Z_c664ef152ff3,c664ef152ff3a9eef89c53a403b9c2e6f677340bea0307b02d97d07cc54bdfc3,no_salary_hike_no_attrition_no_department_no_job_role,EmpDepartment,Sales,exploratory_operational_subgroup_diagnostic,373,30,True,precision,3.0,0.8345070422535211,284,10,True,True
manuscript_final_20260712T175251Z_c664ef152ff3,c664ef152ff3a9eef89c53a403b9c2e6f677340bea0307b02d97d07cc54bdfc3,no_salary_hike_no_attrition_no_department_no_job_role,EmpDepartment,Sales,exploratory_operational_subgroup_diagnostic,373,30,True,mean_predicted_probability,3.0,0.720328252412998,373,30,True,True
manuscript_final_20260712T175251Z_c664ef152ff3,c664ef152ff3a9eef89c53a403b9c2e6f677340bea0307b02d97d07cc54bdfc3,no_salary_hike_no_attrition_no_department_no_job_role,EmpDepartment,Sales,exploratory_operational_subgroup_diagnostic,373,30,True,positive_prediction_rate,4.0,0.013404825737265416,373,30,True,True
manuscript_final_20260712T175251Z_c664ef152ff3,c664ef152ff3a9eef89c53a403b9c2e6f677340bea0307b02d97d07cc54bdfc3,no_salary_hike_no_attrition_no_department_no_job_role,EmpDepartment,Sales,exploratory_operational_subgroup_diagnostic,373,30,True,true_positive_rate,4.0,0.02857142857142857,35,10,True,True
manuscript_final_20260712T175251Z_c664ef152ff3,c664ef152ff3a9eef89c53a403b9c2e6f677340bea0307b02d97d07cc54bdfc3,no_salary_hike_no_attrition_no_department_no_job_role,EmpDepartment,Sales,exploratory_operational_subgroup_diagnostic,373,30,True,false_positive_rate,4.0,0.011834319526627219,338,10,True,True
manuscript_final_20260712T175251Z_c664ef152ff3,c664ef152ff3a9eef89c53a403b9c2e6f677340bea0307b02d97d07cc54bdfc3,no_salary_hike_no_attrition_no_department_no_job_role,EmpDepartment,Sales,exploratory_operational_subgroup_diagnostic,373,30,True,precision,4.0,0.2,5,10,False,False
manuscript_final_20260712T175251Z_c664ef152ff3,c664ef152ff3a9eef89c53a403b9c2e6f677340bea0307b02d97d07cc54bdfc3,no_salary_hike_no_attrition_no_department_no_job_role,EmpDepartment,Sales,exploratory_operational_subgroup_diagnostic,373,30,True,mean_predicted_probability,4.0,0.08669298434980843,373,30,True,True
manuscript_final_20260712T175251Z_c664ef152ff3,c664ef152ff3a9eef89c53a403b9c2e6f677340bea0307b02d97d07cc54bdfc3,no_salary_hike_no_attrition_no_department_no_job_role,EducationBackground,Human Resources,exploratory_operational_subgroup_diagnostic,21,30,False,accuracy,,0.8095238095238095,21,30,False,False
manuscript_final_20260712T175251Z_c664ef152ff3,c664ef152ff3a9eef89c53a403b9c2e6f677340bea0307b02d97d07cc54bdfc3,no_salary_hike_no_attrition_no_department_no_job_role,EducationBackground,Human Resources,exploratory_operational_subgroup_diagnostic,21,30,False,macro_f1,,0.5163398692810457,21,30,False,False
manuscript_final_20260712T175251Z_c664ef152ff3,c664ef152ff3a9eef89c53a403b9c2e6f677340bea0307b02d97d07cc54bdfc3,no_salary_hike_no_attrition_no_department_no_job_role,EducationBackground,Human Resources,exploratory_operational_subgroup_diagnostic,21,30,False,positive_prediction_rate,2.0,0.14285714285714285,21,30,False,False
manuscript_final_20260712T175251Z_c664ef152ff3,c664ef152ff3a9eef89c53a403b9c2e6f677340bea0307b02d97d07cc54bdfc3,no_salary_hike_no_attrition_no_department_no_job_role,EducationBackground,Human Resources,exploratory_operational_subgroup_diagnostic,21,30,False,true_positive_rate,2.0,0.6666666666666666,3,10,False,False
manuscript_final_20260712T175251Z_c664ef152ff3,c664ef152ff3a9eef89c53a403b9c2e6f677340bea0307b02d97d07cc54bdfc3,no_salary_hike_no_attrition_no_department_no_job_role,EducationBackground,Human Resources,exploratory_operational_subgroup_diagnostic,21,30,False,false_positive_rate,2.0,0.05555555555555555,18,10,True,False
manuscript_final_20260712T175251Z_c664ef152ff3,c664ef152ff3a9eef89c53a403b9c2e6f677340bea0307b02d97d07cc54bdfc3,no_salary_hike_no_attrition_no_department_no_job_role,EducationBackground,Human Resources,exploratory_operational_subgroup_diagnostic,21,30,False,precision,2.0,0.6666666666666666,3,10,False,False
manuscript_final_20260712T175251Z_c664ef152ff3,c664ef152ff3a9eef89c53a403b9c2e6f677340bea0307b02d97d07cc54bdfc3,no_salary_hike_no_attrition_no_department_no_job_role,EducationBackground,Human Resources,exploratory_operational_subgroup_diagnostic,21,30,False,mean_predicted_probability,2.0,0.148544606104094,21,30,False,False
manuscript_final_20260712T175251Z_c664ef152ff3,c664ef152ff3a9eef89c53a403b9c2e6f677340bea0307b02d97d07cc54bdfc3,no_salary_hike_no_attrition_no_department_no_job_role,EducationBackground,Human Resources,exploratory_operational_subgroup_diagnostic,21,30,False,positive_prediction_rate,3.0,0.8571428571428571,21,30,False,False
manuscript_final_20260712T175251Z_c664ef152ff3,c664ef152ff3a9eef89c53a403b9c2e6f677340bea0307b02d97d07cc54bdfc3,no_salary_hike_no_attrition_no_department_no_job_role,EducationBackground,Human Resources,exploratory_operational_subgroup_diagnostic,21,30,False,true_positive_rate,3.0,0.9375,16,10,True,False
manuscript_final_20260712T175251Z_c664ef152ff3,c664ef152ff3a9eef89c53a403b9c2e6f677340bea0307b02d97d07cc54bdfc3,no_salary_hike_no_attrition_no_department_no_job_role,EducationBackground,Human Resources,exploratory_operational_subgroup_diagnostic,21,30,False,false_positive_rate,3.0,0.6,5,10,False,False
manuscript_final_20260712T175251Z_c664ef152ff3,c664ef152ff3a9eef89c53a403b9c2e6f677340bea0307b02d97d07cc54bdfc3,no_salary_hike_no_attrition_no_department_no_job_role,EducationBackground,Human Resources,exploratory_operational_subgroup_diagnostic,21,30,False,precision,3.0,0.8333333333333334,18,10,True,False
manuscript_final_20260712T175251Z_c664ef152ff3,c664ef152ff3a9eef89c53a403b9c2e6f677340bea0307b02d97d07cc54bdfc3,no_salary_hike_no_attrition_no_department_no_job_role,EducationBackground,Human Resources,exploratory_operational_subgroup_diagnostic,21,30,False,mean_predicted_probability,3.0,0.7626687976576033,21,30,False,False
manuscript_final_20260712T175251Z_c664ef152ff3,c664ef152ff3a9eef89c53a403b9c2e6f677340bea0307b02d97d07cc54bdfc3,no_salary_hike_no_attrition_no_department_no_job_role,EducationBackground,Human Resources,exploratory_operational_subgroup_diagnostic,21,30,False,positive_prediction_rate,4.0,0.0,21,30,False,False
manuscript_final_20260712T175251Z_c664ef152ff3,c664ef152ff3a9eef89c53a403b9c2e6f677340bea0307b02d97d07cc54bdfc3,no_salary_hike_no_attrition_no_department_no_job_role,EducationBackground,Human Resources,exploratory_operational_subgroup_diagnostic,21,30,False,true_positive_rate,4.0,0.0,2,10,False,False
manuscript_final_20260712T175251Z_c664ef152ff3,c664ef152ff3a9eef89c53a403b9c2e6f677340bea0307b02d97d07cc54bdfc3,no_salary_hike_no_attrition_no_department_no_job_role,EducationBackground,Human Resources,exploratory_operational_subgroup_diagnostic,21,30,False,false_positive_rate,4.0,0.0,19,10,True,False
manuscript_final_20260712T175251Z_c664ef152ff3,c664ef152ff3a9eef89c53a403b9c2e6f677340bea0307b02d97d07cc54bdfc3,no_salary_hike_no_attrition_no_department_no_job_role,EducationBackground,Human Resources,exploratory_operational_subgroup_diagnostic,21,30,False,precision,4.0,,0,10,False,False
manuscript_final_20260712T175251Z_c664ef152ff3,c664ef152ff3a9eef89c53a403b9c2e6f677340bea0307b02d97d07cc54bdfc3,no_salary_hike_no_attrition_no_department_no_job_role,EducationBackground,Human Resources,exploratory_operational_subgroup_diagnostic,21,30,False,mean_predicted_probability,4.0,0.08878660714253783,21,30,False,False
manuscript_final_20260712T175251Z_c664ef152ff3,c664ef152ff3a9eef89c53a403b9c2e6f677340bea0307b02d97d07cc54bdfc3,no_salary_hike_no_attrition_no_department_no_job_role,EducationBackground,Life Sciences,exploratory_operational_subgroup_diagnostic,492,30,True,accuracy,,0.7682926829268293,492,30,True,True
manuscript_final_20260712T175251Z_c664ef152ff3,c664ef152ff3a9eef89c53a403b9c2e6f677340bea0307b02d97d07cc54bdfc3,no_salary_hike_no_attrition_no_department_no_job_role,EducationBackground,Life Sciences,exploratory_operational_subgroup_diagnostic,492,30,True,macro_f1,,0.5175986316754763,492,30,True,True
manuscript_final_20260712T175251Z_c664ef152ff3,c664ef152ff3a9eef89c53a403b9c2e6f677340bea0307b02d97d07cc54bdfc3,no_salary_hike_no_attrition_no_department_no_job_role,EducationBackground,Life Sciences,exploratory_operational_subgroup_diagnostic,492,30,True,positive_prediction_rate,2.0,0.19308943089430894,492,30,True,True
manuscript_final_20260712T175251Z_c664ef152ff3,c664ef152ff3a9eef89c53a403b9c2e6f677340bea0307b02d97d07cc54bdfc3,no_salary_hike_no_attrition_no_department_no_job_role,EducationBackground,Life Sciences,exploratory_operational_subgroup_diagnostic,492,30,True,true_positive_rate,2.0,0.782051282051282,78,10,True,True
manuscript_final_20260712T175251Z_c664ef152ff3,c664ef152ff3a9eef89c53a403b9c2e6f677340bea0307b02d97d07cc54bdfc3,no_salary_hike_no_attrition_no_department_no_job_role,EducationBackground,Life Sciences,exploratory_operational_subgroup_diagnostic,492,30,True,false_positive_rate,2.0,0.0821256038647343,414,10,True,True
manuscript_final_20260712T175251Z_c664ef152ff3,c664ef152ff3a9eef89c53a403b9c2e6f677340bea0307b02d97d07cc54bdfc3,no_salary_hike_no_attrition_no_department_no_job_role,EducationBackground,Life Sciences,exploratory_operational_subgroup_diagnostic,492,30,True,precision,2.0,0.6421052631578947,95,10,True,True
manuscript_final_20260712T175251Z_c664ef152ff3,c664ef152ff3a9eef89c53a403b9c2e6f677340bea0307b02d97d07cc54bdfc3,no_salary_hike_no_attrition_no_department_no_job_role,EducationBackground,Life Sciences,exploratory_operational_subgroup_diagnostic,492,30,True,mean_predicted_probability,2.0,0.16721604506570228,492,30,True,True
manuscript_final_20260712T175251Z_c664ef152ff3,c664ef152ff3a9eef89c53a403b9c2e6f677340bea0307b02d97d07cc54bdfc3,no_salary_hike_no_attrition_no_department_no_job_role,EducationBackground,Life Sciences,exploratory_operational_subgroup_diagnostic,492,30,True,positive_prediction_rate,3.0,0.7947154471544715,492,30,True,True
manuscript_final_20260712T175251Z_c664ef152ff3,c664ef152ff3a9eef89c53a403b9c2e6f677340bea0307b02d97d07cc54bdfc3,no_salary_hike_no_attrition_no_department_no_job_role,EducationBackground,Life Sciences,exploratory_operational_subgroup_diagnostic,492,30,True,true_positive_rate,3.0,0.8879551820728291,357,10,True,True
manuscript_final_20260712T175251Z_c664ef152ff3,c664ef152ff3a9eef89c53a403b9c2e6f677340bea0307b02d97d07cc54bdfc3,no_salary_hike_no_attrition_no_department_no_job_role,EducationBackground,Life Sciences,exploratory_operational_subgroup_diagnostic,492,30,True,false_positive_rate,3.0,0.5481481481481482,135,10,True,True
manuscript_final_20260712T175251Z_c664ef152ff3,c664ef152ff3a9eef89c53a403b9c2e6f677340bea0307b02d97d07cc54bdfc3,no_salary_hike_no_attrition_no_department_no_job_role,EducationBackground,Life Sciences,exploratory_operational_subgroup_diagnostic,492,30,True,precision,3.0,0.8107416879795396,391,10,True,True
manuscript_final_20260712T175251Z_c664ef152ff3,c664ef152ff3a9eef89c53a403b9c2e6f677340bea0307b02d97d07cc54bdfc3,no_salary_hike_no_attrition_no_department_no_job_role,EducationBackground,Life Sciences,exploratory_operational_subgroup_diagnostic,492,30,True,mean_predicted_probability,3.0,0.7402044685512055,492,30,True,True
manuscript_final_20260712T175251Z_c664ef152ff3,c664ef152ff3a9eef89c53a403b9c2e6f677340bea0307b02d97d07cc54bdfc3,no_salary_hike_no_attrition_no_department_no_job_role,EducationBackground,Life Sciences,exploratory_operational_subgroup_diagnostic,492,30,True,positive_prediction_rate,4.0,0.012195121951219513,492,30,True,True
manuscript_final_20260712T175251Z_c664ef152ff3,c664ef152ff3a9eef89c53a403b9c2e6f677340bea0307b02d97d07cc54bdfc3,no_salary_hike_no_attrition_no_department_no_job_role,EducationBackground,Life Sciences,exploratory_operational_subgroup_diagnostic,492,30,True,true_positive_rate,4.0,0.0,57,10,True,True
manuscript_final_20260712T175251Z_c664ef152ff3,c664ef152ff3a9eef89c53a403b9c2e6f677340bea0307b02d97d07cc54bdfc3,no_salary_hike_no_attrition_no_department_no_job_role,EducationBackground,Life Sciences,exploratory_operational_subgroup_diagnostic,492,30,True,false_positive_rate,4.0,0.013793103448275862,435,10,True,True
manuscript_final_20260712T175251Z_c664ef152ff3,c664ef152ff3a9eef89c53a403b9c2e6f677340bea0307b02d97d07cc54bdfc3,no_salary_hike_no_attrition_no_department_no_job_role,EducationBackground,Life Sciences,exploratory_operational_subgroup_diagnostic,492,30,True,precision,4.0,0.0,6,10,False,False
manuscript_final_20260712T175251Z_c664ef152ff3,c664ef152ff3a9eef89c53a403b9c2e6f677340bea0307b02d97d07cc54bdfc3,no_salary_hike_no_attrition_no_department_no_job_role,EducationBackground,Life Sciences,exploratory_operational_subgroup_diagnostic,492,30,True,mean_predicted_probability,4.0,0.09257948661423705,492,30,True,True
manuscript_final_20260712T175251Z_c664ef152ff3,c664ef152ff3a9eef89c53a403b9c2e6f677340bea0307b02d97d07cc54bdfc3,no_salary_hike_no_attrition_no_department_no_job_role,EducationBackground,Marketing,exploratory_operational_subgroup_diagnostic,137,30,True,accuracy,,0.8321167883211679,137,30,True,True
manuscript_final_20260712T175251Z_c664ef152ff3,c664ef152ff3a9eef89c53a403b9c2e6f677340bea0307b02d97d07cc54bdfc3,no_salary_hike_no_attrition_no_department_no_job_role,EducationBackground,Marketing,exploratory_operational_subgroup_diagnostic,137,30,True,macro_f1,,0.5816326530612245,137,30,True,True
manuscript_final_20260712T175251Z_c664ef152ff3,c664ef152ff3a9eef89c53a403b9c2e6f677340bea0307b02d97d07cc54bdfc3,no_salary_hike_no_attrition_no_department_no_job_role,EducationBackground,Marketing,exploratory_operational_subgroup_diagnostic,137,30,True,positive_prediction_rate,2.0,0.24817518248175183,137,30,True,True
manuscript_final_20260712T175251Z_c664ef152ff3,c664ef152ff3a9eef89c53a403b9c2e6f677340bea0307b02d97d07cc54bdfc3,no_salary_hike_no_attrition_no_department_no_job_role,EducationBackground,Marketing,exploratory_operational_subgroup_diagnostic,137,30,True,true_positive_rate,2.0,0.9310344827586207,29,10,True,True
manuscript_final_20260712T175251Z_c664ef152ff3,c664ef152ff3a9eef89c53a403b9c2e6f677340bea0307b02d97d07cc54bdfc3,no_salary_hike_no_attrition_no_department_no_job_role,EducationBackground,Marketing,exploratory_operational_subgroup_diagnostic,137,30,True,false_positive_rate,2.0,0.06481481481481481,108,10,True,True
manuscript_final_20260712T175251Z_c664ef152ff3,c664ef152ff3a9eef89c53a403b9c2e6f677340bea0307b02d97d07cc54bdfc3,no_salary_hike_no_attrition_no_department_no_job_role,EducationBackground,Marketing,exploratory_operational_subgroup_diagnostic,137,30,True,precision,2.0,0.7941176470588235,34,10,True,True
manuscript_final_20260712T175251Z_c664ef152ff3,c664ef152ff3a9eef89c53a403b9c2e6f677340bea0307b02d97d07cc54bdfc3,no_salary_hike_no_attrition_no_department_no_job_role,EducationBackground,Marketing,exploratory_operational_subgroup_diagnostic,137,30,True,mean_predicted_probability,2.0,0.2066325145986239,137,30,True,True
manuscript_final_20260712T175251Z_c664ef152ff3,c664ef152ff3a9eef89c53a403b9c2e6f677340bea0307b02d97d07cc54bdfc3,no_salary_hike_no_attrition_no_department_no_job_role,EducationBackground,Marketing,exploratory_operational_subgroup_diagnostic,137,30,True,positive_prediction_rate,3.0,0.7445255474452555,137,30,True,True
manuscript_final_20260712T175251Z_c664ef152ff3,c664ef152ff3a9eef89c53a403b9c2e6f677340bea0307b02d97d07cc54bdfc3,no_salary_hike_no_attrition_no_department_no_job_role,EducationBackground,Marketing,exploratory_operational_subgroup_diagnostic,137,30,True,true_positive_rate,3.0,0.925531914893617,94,10,True,True
manuscript_final_20260712T175251Z_c664ef152ff3,c664ef152ff3a9eef89c53a403b9c2e6f677340bea0307b02d97d07cc54bdfc3,no_salary_hike_no_attrition_no_department_no_job_role,EducationBackground,Marketing,exploratory_operational_subgroup_diagnostic,137,30,True,false_positive_rate,3.0,0.3488372093023256,43,10,True,True
manuscript_final_20260712T175251Z_c664ef152ff3,c664ef152ff3a9eef89c53a403b9c2e6f677340bea0307b02d97d07cc54bdfc3,no_salary_hike_no_attrition_no_department_no_job_role,EducationBackground,Marketing,exploratory_operational_subgroup_diagnostic,137,30,True,precision,3.0,0.8529411764705882,102,10,True,True
manuscript_final_20260712T175251Z_c664ef152ff3,c664ef152ff3a9eef89c53a403b9c2e6f677340bea0307b02d97d07cc54bdfc3,no_salary_hike_no_attrition_no_department_no_job_role,EducationBackground,Marketing,exploratory_operational_subgroup_diagnostic,137,30,True,mean_predicted_probability,3.0,0.7199159620506485,137,30,True,True
manuscript_final_20260712T175251Z_c664ef152ff3,c664ef152ff3a9eef89c53a403b9c2e6f677340bea0307b02d97d07cc54bdfc3,no_salary_hike_no_attrition_no_department_no_job_role,EducationBackground,Marketing,exploratory_operational_subgroup_diagnostic,137,30,True,positive_prediction_rate,4.0,0.0072992700729927005,137,30,True,True
manuscript_final_20260712T175251Z_c664ef152ff3,c664ef152ff3a9eef89c53a403b9c2e6f677340bea0307b02d97d07cc54bdfc3,no_salary_hike_no_attrition_no_department_no_job_role,EducationBackground,Marketing,exploratory_operational_subgroup_diagnostic,137,30,True,true_positive_rate,4.0,0.0,14,10,True,True
manuscript_final_20260712T175251Z_c664ef152ff3,c664ef152ff3a9eef89c53a403b9c2e6f677340bea0307b02d97d07cc54bdfc3,no_salary_hike_no_attrition_no_department_no_job_role,EducationBackground,Marketing,exploratory_operational_subgroup_diagnostic,137,30,True,false_positive_rate,4.0,0.008130081300813009,123,10,True,True
manuscript_final_20260712T175251Z_c664ef152ff3,c664ef152ff3a9eef89c53a403b9c2e6f677340bea0307b02d97d07cc54bdfc3,no_salary_hike_no_attrition_no_department_no_job_role,EducationBackground,Marketing,exploratory_operational_subgroup_diagnostic,137,30,True,precision,4.0,0.0,1,10,False,False
manuscript_final_20260712T175251Z_c664ef152ff3,c664ef152ff3a9eef89c53a403b9c2e6f677340bea0307b02d97d07cc54bdfc3,no_salary_hike_no_attrition_no_department_no_job_role,EducationBackground,Marketing,exploratory_operational_subgroup_diagnostic,137,30,True,mean_predicted_probability,4.0,0.0734515263185748,137,30,True,True
manuscript_final_20260712T175251Z_c664ef152ff3,c664ef152ff3a9eef89c53a403b9c2e6f677340bea0307b02d97d07cc54bdfc3,no_salary_hike_no_attrition_no_department_no_job_role,EducationBackground,Medical,exploratory_operational_subgroup_diagnostic,384,30,True,accuracy,,0.8046875,384,30,True,True
manuscript_final_20260712T175251Z_c664ef152ff3,c664ef152ff3a9eef89c53a403b9c2e6f677340bea0307b02d97d07cc54bdfc3,no_salary_hike_no_attrition_no_department_no_job_role,EducationBackground,Medical,exploratory_operational_subgroup_diagnostic,384,30,True,macro_f1,,0.5418013837291373,384,30,True,True
manuscript_final_20260712T175251Z_c664ef152ff3,c664ef152ff3a9eef89c53a403b9c2e6f677340bea0307b02d97d07cc54bdfc3,no_salary_hike_no_attrition_no_department_no_job_role,EducationBackground,Medical,exploratory_operational_subgroup_diagnostic,384,30,True,positive_prediction_rate,2.0,0.18229166666666666,384,30,True,True
manuscript_final_20260712T175251Z_c664ef152ff3,c664ef152ff3a9eef89c53a403b9c2e6f677340bea0307b02d97d07cc54bdfc3,no_salary_hike_no_attrition_no_department_no_job_role,EducationBackground,Medical,exploratory_operational_subgroup_diagnostic,384,30,True,true_positive_rate,2.0,0.7936507936507936,63,10,True,True
manuscript_final_20260712T175251Z_c664ef152ff3,c664ef152ff3a9eef89c53a403b9c2e6f677340bea0307b02d97d07cc54bdfc3,no_salary_hike_no_attrition_no_department_no_job_role,EducationBackground,Medical,exploratory_operational_subgroup_diagnostic,384,30,True,false_positive_rate,2.0,0.06230529595015576,321,10,True,True
manuscript_final_20260712T175251Z_c664ef152ff3,c664ef152ff3a9eef89c53a403b9c2e6f677340bea0307b02d97d07cc54bdfc3,no_salary_hike_no_attrition_no_department_no_job_role,EducationBackground,Medical,exploratory_operational_subgroup_diagnostic,384,30,True,precision,2.0,0.7142857142857143,70,10,True,True
manuscript_final_20260712T175251Z_c664ef152ff3,c664ef152ff3a9eef89c53a403b9c2e6f677340bea0307b02d97d07cc54bdfc3,no_salary_hike_no_attrition_no_department_no_job_role,EducationBackground,Medical,exploratory_operational_subgroup_diagnostic,384,30,True,mean_predicted_probability,2.0,0.16281174130485473,384,30,True,True
manuscript_final_20260712T175251Z_c664ef152ff3,c664ef152ff3a9eef89c53a403b9c2e6f677340bea0307b02d97d07cc54bdfc3,no_salary_hike_no_attrition_no_department_no_job_role,EducationBackground,Medical,exploratory_operational_subgroup_diagnostic,384,30,True,positive_prediction_rate,3.0,0.8125,384,30,True,True
manuscript_final_20260712T175251Z_c664ef152ff3,c664ef152ff3a9eef89c53a403b9c2e6f677340bea0307b02d97d07cc54bdfc3,no_salary_hike_no_attrition_no_department_no_job_role,EducationBackground,Medical,exploratory_operational_subgroup_diagnostic,384,30,True,true_positive_rate,3.0,0.9217081850533808,281,10,True,True
manuscript_final_20260712T175251Z_c664ef152ff3,c664ef152ff3a9eef89c53a403b9c2e6f677340bea0307b02d97d07cc54bdfc3,no_salary_hike_no_attrition_no_department_no_job_role,EducationBackground,Medical,exploratory_operational_subgroup_diagnostic,384,30,True,false_positive_rate,3.0,0.5145631067961165,103,10,True,True
manuscript_final_20260712T175251Z_c664ef152ff3,c664ef152ff3a9eef89c53a403b9c2e6f677340bea0307b02d97d07cc54bdfc3,no_salary_hike_no_attrition_no_department_no_job_role,EducationBackground,Medical,exploratory_operational_subgroup_diagnostic,384,30,True,precision,3.0,0.8301282051282052,312,10,True,True
manuscript_final_20260712T175251Z_c664ef152ff3,c664ef152ff3a9eef89c53a403b9c2e6f677340bea0307b02d97d07cc54bdfc3,no_salary_hike_no_attrition_no_department_no_job_role,EducationBackground,Medical,exploratory_operational_subgroup_diagnostic,384,30,True,mean_predicted_probability,3.0,0.7503348583025703,384,30,True,True
manuscript_final_20260712T175251Z_c664ef152ff3,c664ef152ff3a9eef89c53a403b9c2e6f677340bea0307b02d97d07cc54bdfc3,no_salary_hike_no_attrition_no_department_no_job_role,EducationBackground,Medical,exploratory_operational_subgroup_diagnostic,384,30,True,positive_prediction_rate,4.0,0.005208333333333333,384,30,True,True
manuscript_final_20260712T175251Z_c664ef152ff3,c664ef152ff3a9eef89c53a403b9c2e6f677340bea0307b02d97d07cc54bdfc3,no_salary_hike_no_attrition_no_department_no_job_role,EducationBackground,Medical,exploratory_operational_subgroup_diagnostic,384,30,True,true_positive_rate,4.0,0.0,40,10,True,True
manuscript_final_20260712T175251Z_c664ef152ff3,c664ef152ff3a9eef89c53a403b9c2e6f677340bea0307b02d97d07cc54bdfc3,no_salary_hike_no_attrition_no_department_no_job_role,EducationBackground,Medical,exploratory_operational_subgroup_diagnostic,384,30,True,false_positive_rate,4.0,0.005813953488372093,344,10,True,True
manuscript_final_20260712T175251Z_c664ef152ff3,c664ef152ff3a9eef89c53a403b9c2e6f677340bea0307b02d97d07cc54bdfc3,no_salary_hike_no_attrition_no_department_no_job_role,EducationBackground,Medical,exploratory_operational_subgroup_diagnostic,384,30,True,precision,4.0,0.0,2,10,False,False
manuscript_final_20260712T175251Z_c664ef152ff3,c664ef152ff3a9eef89c53a403b9c2e6f677340bea0307b02d97d07cc54bdfc3,no_salary_hike_no_attrition_no_department_no_job_role,EducationBackground,Medical,exploratory_operational_subgroup_diagnostic,384,30,True,mean_predicted_probability,4.0,0.08685339924947282,384,30,True,True
manuscript_final_20260712T175251Z_c664ef152ff3,c664ef152ff3a9eef89c53a403b9c2e6f677340bea0307b02d97d07cc54bdfc3,no_salary_hike_no_attrition_no_department_no_job_role,EducationBackground,Other,exploratory_operational_subgroup_diagnostic,66,30,True,accuracy,,0.8333333333333334,66,30,True,True
manuscript_final_20260712T175251Z_c664ef152ff3,c664ef152ff3a9eef89c53a403b9c2e6f677340bea0307b02d97d07cc54bdfc3,no_salary_hike_no_attrition_no_department_no_job_role,EducationBackground,Other,exploratory_operational_subgroup_diagnostic,66,30,True,macro_f1,,0.4686609686609686,66,30,True,True
manuscript_final_20260712T175251Z_c664ef152ff3,c664ef152ff3a9eef89c53a403b9c2e6f677340bea0307b02d97d07cc54bdfc3,no_salary_hike_no_attrition_no_department_no_job_role,EducationBackground,Other,exploratory_operational_subgroup_diagnostic,66,30,True,positive_prediction_rate,2.0,0.07575757575757576,66,30,True,True
manuscript_final_20260712T175251Z_c664ef152ff3,c664ef152ff3a9eef89c53a403b9c2e6f677340bea0307b02d97d07cc54bdfc3,no_salary_hike_no_attrition_no_department_no_job_role,EducationBackground,Other,exploratory_operational_subgroup_diagnostic,66,30,True,true_positive_rate,2.0,0.6666666666666666,3,10,False,False
manuscript_final_20260712T175251Z_c664ef152ff3,c664ef152ff3a9eef89c53a403b9c2e6f677340bea0307b02d97d07cc54bdfc3,no_salary_hike_no_attrition_no_department_no_job_role,EducationBackground,Other,exploratory_operational_subgroup_diagnostic,66,30,True,false_positive_rate,2.0,0.047619047619047616,63,10,True,True
manuscript_final_20260712T175251Z_c664ef152ff3,c664ef152ff3a9eef89c53a403b9c2e6f677340bea0307b02d97d07cc54bdfc3,no_salary_hike_no_attrition_no_department_no_job_role,EducationBackground,Other,exploratory_operational_subgroup_diagnostic,66,30,True,precision,2.0,0.4,5,10,False,False
manuscript_final_20260712T175251Z_c664ef152ff3,c664ef152ff3a9eef89c53a403b9c2e6f677340bea0307b02d97d07cc54bdfc3,no_salary_hike_no_attrition_no_department_no_job_role,EducationBackground,Other,exploratory_operational_subgroup_diagnostic,66,30,True,mean_predicted_probability,2.0,0.06468288693698317,66,30,True,True
manuscript_final_20260712T175251Z_c664ef152ff3,c664ef152ff3a9eef89c53a403b9c2e6f677340bea0307b02d97d07cc54bdfc3,no_salary_hike_no_attrition_no_department_no_job_role,EducationBackground,Other,exploratory_operational_subgroup_diagnostic,66,30,True,positive_prediction_rate,3.0,0.9242424242424242,66,30,True,True
manuscript_final_20260712T175251Z_c664ef152ff3,c664ef152ff3a9eef89c53a403b9c2e6f677340bea0307b02d97d07cc54bdfc3,no_salary_hike_no_attrition_no_department_no_job_role,EducationBackground,Other,exploratory_operational_subgroup_diagnostic,66,30,True,true_positive_rate,3.0,0.9464285714285714,56,10,True,True
manuscript_final_20260712T175251Z_c664ef152ff3,c664ef152ff3a9eef89c53a403b9c2e6f677340bea0307b02d97d07cc54bdfc3,no_salary_hike_no_attrition_no_department_no_job_role,EducationBackground,Other,exploratory_operational_subgroup_diagnostic,66,30,True,false_positive_rate,3.0,0.8,10,10,True,True
manuscript_final_20260712T175251Z_c664ef152ff3,c664ef152ff3a9eef89c53a403b9c2e6f677340bea0307b02d97d07cc54bdfc3,no_salary_hike_no_attrition_no_department_no_job_role,EducationBackground,Other,exploratory_operational_subgroup_diagnostic,66,30,True,precision,3.0,0.8688524590163934,61,10,True,True
manuscript_final_20260712T175251Z_c664ef152ff3,c664ef152ff3a9eef89c53a403b9c2e6f677340bea0307b02d97d07cc54bdfc3,no_salary_hike_no_attrition_no_department_no_job_role,EducationBackground,Other,exploratory_operational_subgroup_diagnostic,66,30,True,mean_predicted_probability,3.0,0.8585511218530663,66,30,True,True
manuscript_final_20260712T175251Z_c664ef152ff3,c664ef152ff3a9eef89c53a403b9c2e6f677340bea0307b02d97d07cc54bdfc3,no_salary_hike_no_attrition_no_department_no_job_role,EducationBackground,Other,exploratory_operational_subgroup_diagnostic,66,30,True,positive_prediction_rate,4.0,0.0,66,30,True,True
manuscript_final_20260712T175251Z_c664ef152ff3,c664ef152ff3a9eef89c53a403b9c2e6f677340bea0307b02d97d07cc54bdfc3,no_salary_hike_no_attrition_no_department_no_job_role,EducationBackground,Other,exploratory_operational_subgroup_diagnostic,66,30,True,true_positive_rate,4.0,0.0,7,10,False,False
manuscript_final_20260712T175251Z_c664ef152ff3,c664ef152ff3a9eef89c53a403b9c2e6f677340bea0307b02d97d07cc54bdfc3,no_salary_hike_no_attrition_no_department_no_job_role,EducationBackground,Other,exploratory_operational_subgroup_diagnostic,66,30,True,false_positive_rate,4.0,0.0,59,10,True,True
manuscript_final_20260712T175251Z_c664ef152ff3,c664ef152ff3a9eef89c53a403b9c2e6f677340bea0307b02d97d07cc54bdfc3,no_salary_hike_no_attrition_no_department_no_job_role,EducationBackground,Other,exploratory_operational_subgroup_diagnostic,66,30,True,precision,4.0,,0,10,False,False
manuscript_final_20260712T175251Z_c664ef152ff3,c664ef152ff3a9eef89c53a403b9c2e6f677340bea0307b02d97d07cc54bdfc3,no_salary_hike_no_attrition_no_department_no_job_role,EducationBackground,Other,exploratory_operational_subgroup_diagnostic,66,30,True,mean_predicted_probability,4.0,0.07676598484712568,66,30,True,True
manuscript_final_20260712T175251Z_c664ef152ff3,c664ef152ff3a9eef89c53a403b9c2e6f677340bea0307b02d97d07cc54bdfc3,no_salary_hike_no_attrition_no_department_no_job_role,EducationBackground,Technical Degree,exploratory_operational_subgroup_diagnostic,100,30,True,accuracy,,0.84,100,30,True,True
manuscript_final_20260712T175251Z_c664ef152ff3,c664ef152ff3a9eef89c53a403b9c2e6f677340bea0307b02d97d07cc54bdfc3,no_salary_hike_no_attrition_no_department_no_job_role,EducationBackground,Technical Degree,exploratory_operational_subgroup_diagnostic,100,30,True,macro_f1,,0.6629129129129129,100,30,True,True
manuscript_final_20260712T175251Z_c664ef152ff3,c664ef152ff3a9eef89c53a403b9c2e6f677340bea0307b02d97d07cc54bdfc3,no_salary_hike_no_attrition_no_department_no_job_role,EducationBackground,Technical Degree,exploratory_operational_subgroup_diagnostic,100,30,True,positive_prediction_rate,2.0,0.18,100,30,True,True
manuscript_final_20260712T175251Z_c664ef152ff3,c664ef152ff3a9eef89c53a403b9c2e6f677340bea0307b02d97d07cc54bdfc3,no_salary_hike_no_attrition_no_department_no_job_role,EducationBackground,Technical Degree,exploratory_operational_subgroup_diagnostic,100,30,True,true_positive_rate,2.0,0.8333333333333334,18,10,True,True
manuscript_final_20260712T175251Z_c664ef152ff3,c664ef152ff3a9eef89c53a403b9c2e6f677340bea0307b02d97d07cc54bdfc3,no_salary_hike_no_attrition_no_department_no_job_role,EducationBackground,Technical Degree,exploratory_operational_subgroup_diagnostic,100,30,True,false_positive_rate,2.0,0.036585365853658534,82,10,True,True
manuscript_final_20260712T175251Z_c664ef152ff3,c664ef152ff3a9eef89c53a403b9c2e6f677340bea0307b02d97d07cc54bdfc3,no_salary_hike_no_attrition_no_department_no_job_role,EducationBackground,Technical Degree,exploratory_operational_subgroup_diagnostic,100,30,True,precision,2.0,0.8333333333333334,18,10,True,True
manuscript_final_20260712T175251Z_c664ef152ff3,c664ef152ff3a9eef89c53a403b9c2e6f677340bea0307b02d97d07cc54bdfc3,no_salary_hike_no_attrition_no_department_no_job_role,EducationBackground,Technical Degree,exploratory_operational_subgroup_diagnostic,100,30,True,mean_predicted_probability,2.0,0.15590887943981216,100,30,True,True
manuscript_final_20260712T175251Z_c664ef152ff3,c664ef152ff3a9eef89c53a403b9c2e6f677340bea0307b02d97d07cc54bdfc3,no_salary_hike_no_attrition_no_department_no_job_role,EducationBackground,Technical Degree,exploratory_operational_subgroup_diagnostic,100,30,True,positive_prediction_rate,3.0,0.78,100,30,True,True
manuscript_final_20260712T175251Z_c664ef152ff3,c664ef152ff3a9eef89c53a403b9c2e6f677340bea0307b02d97d07cc54bdfc3,no_salary_hike_no_attrition_no_department_no_job_role,EducationBackground,Technical Degree,exploratory_operational_subgroup_diagnostic,100,30,True,true_positive_rate,3.0,0.9571428571428572,70,10,True,True
manuscript_final_20260712T175251Z_c664ef152ff3,c664ef152ff3a9eef89c53a403b9c2e6f677340bea0307b02d97d07cc54bdfc3,no_salary_hike_no_attrition_no_department_no_job_role,EducationBackground,Technical Degree,exploratory_operational_subgroup_diagnostic,100,30,True,false_positive_rate,3.0,0.36666666666666664,30,10,True,True
manuscript_final_20260712T175251Z_c664ef152ff3,c664ef152ff3a9eef89c53a403b9c2e6f677340bea0307b02d97d07cc54bdfc3,no_salary_hike_no_attrition_no_department_no_job_role,EducationBackground,Technical Degree,exploratory_operational_subgroup_diagnostic,100,30,True,precision,3.0,0.8589743589743589,78,10,True,True
manuscript_final_20260712T175251Z_c664ef152ff3,c664ef152ff3a9eef89c53a403b9c2e6f677340bea0307b02d97d07cc54bdfc3,no_salary_hike_no_attrition_no_department_no_job_role,EducationBackground,Technical Degree,exploratory_operational_subgroup_diagnostic,100,30,True,mean_predicted_probability,3.0,0.7445837446302176,100,30,True,True
manuscript_final_20260712T175251Z_c664ef152ff3,c664ef152ff3a9eef89c53a403b9c2e6f677340bea0307b02d97d07cc54bdfc3,no_salary_hike_no_attrition_no_department_no_job_role,EducationBackground,Technical Degree,exploratory_operational_subgroup_diagnostic,100,30,True,positive_prediction_rate,4.0,0.04,100,30,True,True
manuscript_final_20260712T175251Z_c664ef152ff3,c664ef152ff3a9eef89c53a403b9c2e6f677340bea0307b02d97d07cc54bdfc3,no_salary_hike_no_attrition_no_department_no_job_role,EducationBackground,Technical Degree,exploratory_operational_subgroup_diagnostic,100,30,True,true_positive_rate,4.0,0.16666666666666666,12,10,True,True
manuscript_final_20260712T175251Z_c664ef152ff3,c664ef152ff3a9eef89c53a403b9c2e6f677340bea0307b02d97d07cc54bdfc3,no_salary_hike_no_attrition_no_department_no_job_role,EducationBackground,Technical Degree,exploratory_operational_subgroup_diagnostic,100,30,True,false_positive_rate,4.0,0.022727272727272728,88,10,True,True
manuscript_final_20260712T175251Z_c664ef152ff3,c664ef152ff3a9eef89c53a403b9c2e6f677340bea0307b02d97d07cc54bdfc3,no_salary_hike_no_attrition_no_department_no_job_role,EducationBackground,Technical Degree,exploratory_operational_subgroup_diagnostic,100,30,True,precision,4.0,0.5,4,10,False,False
manuscript_final_20260712T175251Z_c664ef152ff3,c664ef152ff3a9eef89c53a403b9c2e6f677340bea0307b02d97d07cc54bdfc3,no_salary_hike_no_attrition_no_department_no_job_role,EducationBackground,Technical Degree,exploratory_operational_subgroup_diagnostic,100,30,True,mean_predicted_probability,4.0,0.09950737989274785,100,30,True,True
manuscript_final_20260712T175251Z_c664ef152ff3,c664ef152ff3a9eef89c53a403b9c2e6f677340bea0307b02d97d07cc54bdfc3,no_salary_hike_no_attrition_no_department_no_job_role,BusinessTravelFrequency,Non-Travel,exploratory_operational_subgroup_diagnostic,132,30,True,accuracy,,0.7424242424242424,132,30,True,True
manuscript_final_20260712T175251Z_c664ef152ff3,c664ef152ff3a9eef89c53a403b9c2e6f677340bea0307b02d97d07cc54bdfc3,no_salary_hike_no_attrition_no_department_no_job_role,BusinessTravelFrequency,Non-Travel,exploratory_operational_subgroup_diagnostic,132,30,True,macro_f1,,0.5166449558546823,132,30,True,True
manuscript_final_20260712T175251Z_c664ef152ff3,c664ef152ff3a9eef89c53a403b9c2e6f677340bea0307b02d97d07cc54bdfc3,no_salary_hike_no_attrition_no_department_no_job_role,BusinessTravelFrequency,Non-Travel,exploratory_operational_subgroup_diagnostic,132,30,True,positive_prediction_rate,2.0,0.19696969696969696,132,30,True,True
manuscript_final_20260712T175251Z_c664ef152ff3,c664ef152ff3a9eef89c53a403b9c2e6f677340bea0307b02d97d07cc54bdfc3,no_salary_hike_no_attrition_no_department_no_job_role,BusinessTravelFrequency,Non-Travel,exploratory_operational_subgroup_diagnostic,132,30,True,true_positive_rate,2.0,0.8095238095238095,21,10,True,True
manuscript_final_20260712T175251Z_c664ef152ff3,c664ef152ff3a9eef89c53a403b9c2e6f677340bea0307b02d97d07cc54bdfc3,no_salary_hike_no_attrition_no_department_no_job_role,BusinessTravelFrequency,Non-Travel,exploratory_operational_subgroup_diagnostic,132,30,True,false_positive_rate,2.0,0.08108108108108109,111,10,True,True
manuscript_final_20260712T175251Z_c664ef152ff3,c664ef152ff3a9eef89c53a403b9c2e6f677340bea0307b02d97d07cc54bdfc3,no_salary_hike_no_attrition_no_department_no_job_role,BusinessTravelFrequency,Non-Travel,exploratory_operational_subgroup_diagnostic,132,30,True,precision,2.0,0.6538461538461539,26,10,True,True
manuscript_final_20260712T175251Z_c664ef152ff3,c664ef152ff3a9eef89c53a403b9c2e6f677340bea0307b02d97d07cc54bdfc3,no_salary_hike_no_attrition_no_department_no_job_role,BusinessTravelFrequency,Non-Travel,exploratory_operational_subgroup_diagnostic,132,30,True,mean_predicted_probability,2.0,0.16632559709118636,132,30,True,True
manuscript_final_20260712T175251Z_c664ef152ff3,c664ef152ff3a9eef89c53a403b9c2e6f677340bea0307b02d97d07cc54bdfc3,no_salary_hike_no_attrition_no_department_no_job_role,BusinessTravelFrequency,Non-Travel,exploratory_operational_subgroup_diagnostic,132,30,True,positive_prediction_rate,3.0,0.7803030303030303,132,30,True,True
manuscript_final_20260712T175251Z_c664ef152ff3,c664ef152ff3a9eef89c53a403b9c2e6f677340bea0307b02d97d07cc54bdfc3,no_salary_hike_no_attrition_no_department_no_job_role,BusinessTravelFrequency,Non-Travel,exploratory_operational_subgroup_diagnostic,132,30,True,true_positive_rate,3.0,0.8709677419354839,93,10,True,True
manuscript_final_20260712T175251Z_c664ef152ff3,c664ef152ff3a9eef89c53a403b9c2e6f677340bea0307b02d97d07cc54bdfc3,no_salary_hike_no_attrition_no_department_no_job_role,BusinessTravelFrequency,Non-Travel,exploratory_operational_subgroup_diagnostic,132,30,True,false_positive_rate,3.0,0.5641025641025641,39,10,True,True
manuscript_final_20260712T175251Z_c664ef152ff3,c664ef152ff3a9eef89c53a403b9c2e6f677340bea0307b02d97d07cc54bdfc3,no_salary_hike_no_attrition_no_department_no_job_role,BusinessTravelFrequency,Non-Travel,exploratory_operational_subgroup_diagnostic,132,30,True,precision,3.0,0.7864077669902912,103,10,True,True
manuscript_final_20260712T175251Z_c664ef152ff3,c664ef152ff3a9eef89c53a403b9c2e6f677340bea0307b02d97d07cc54bdfc3,no_salary_hike_no_attrition_no_department_no_job_role,BusinessTravelFrequency,Non-Travel,exploratory_operational_subgroup_diagnostic,132,30,True,mean_predicted_probability,3.0,0.735040432632421,132,30,True,True
manuscript_final_20260712T175251Z_c664ef152ff3,c664ef152ff3a9eef89c53a403b9c2e6f677340bea0307b02d97d07cc54bdfc3,no_salary_hike_no_attrition_no_department_no_job_role,BusinessTravelFrequency,Non-Travel,exploratory_operational_subgroup_diagnostic,132,30,True,positive_prediction_rate,4.0,0.022727272727272728,132,30,True,True
manuscript_final_20260712T175251Z_c664ef152ff3,c664ef152ff3a9eef89c53a403b9c2e6f677340bea0307b02d97d07cc54bdfc3,no_salary_hike_no_attrition_no_department_no_job_role,BusinessTravelFrequency,Non-Travel,exploratory_operational_subgroup_diagnostic,132,30,True,true_positive_rate,4.0,0.0,18,10,True,True
manuscript_final_20260712T175251Z_c664ef152ff3,c664ef152ff3a9eef89c53a403b9c2e6f677340bea0307b02d97d07cc54bdfc3,no_salary_hike_no_attrition_no_department_no_job_role,BusinessTravelFrequency,Non-Travel,exploratory_operational_subgroup_diagnostic,132,30,True,false_positive_rate,4.0,0.02631578947368421,114,10,True,True
manuscript_final_20260712T175251Z_c664ef152ff3,c664ef152ff3a9eef89c53a403b9c2e6f677340bea0307b02d97d07cc54bdfc3,no_salary_hike_no_attrition_no_department_no_job_role,BusinessTravelFrequency,Non-Travel,exploratory_operational_subgroup_diagnostic,132,30,True,precision,4.0,0.0,3,10,False,False
manuscript_final_20260712T175251Z_c664ef152ff3,c664ef152ff3a9eef89c53a403b9c2e6f677340bea0307b02d97d07cc54bdfc3,no_salary_hike_no_attrition_no_department_no_job_role,BusinessTravelFrequency,Non-Travel,exploratory_operational_subgroup_diagnostic,132,30,True,mean_predicted_probability,4.0,0.09863397208832655,132,30,True,True
manuscript_final_20260712T175251Z_c664ef152ff3,c664ef152ff3a9eef89c53a403b9c2e6f677340bea0307b02d97d07cc54bdfc3,no_salary_hike_no_attrition_no_department_no_job_role,BusinessTravelFrequency,Travel_Frequently,exploratory_operational_subgroup_diagnostic,222,30,True,accuracy,,0.7882882882882883,222,30,True,True
manuscript_final_20260712T175251Z_c664ef152ff3,c664ef152ff3a9eef89c53a403b9c2e6f677340bea0307b02d97d07cc54bdfc3,no_salary_hike_no_attrition_no_department_no_job_role,BusinessTravelFrequency,Travel_Frequently,exploratory_operational_subgroup_diagnostic,222,30,True,macro_f1,,0.589454047566251,222,30,True,True
manuscript_final_20260712T175251Z_c664ef152ff3,c664ef152ff3a9eef89c53a403b9c2e6f677340bea0307b02d97d07cc54bdfc3,no_salary_hike_no_attrition_no_department_no_job_role,BusinessTravelFrequency,Travel_Frequently,exploratory_operational_subgroup_diagnostic,222,30,True,positive_prediction_rate,2.0,0.2072072072072072,222,30,True,True
manuscript_final_20260712T175251Z_c664ef152ff3,c664ef152ff3a9eef89c53a403b9c2e6f677340bea0307b02d97d07cc54bdfc3,no_salary_hike_no_attrition_no_department_no_job_role,BusinessTravelFrequency,Travel_Frequently,exploratory_operational_subgroup_diagnostic,222,30,True,true_positive_rate,2.0,0.8918918918918919,37,10,True,True
manuscript_final_20260712T175251Z_c664ef152ff3,c664ef152ff3a9eef89c53a403b9c2e6f677340bea0307b02d97d07cc54bdfc3,no_salary_hike_no_attrition_no_department_no_job_role,BusinessTravelFrequency,Travel_Frequently,exploratory_operational_subgroup_diagnostic,222,30,True,false_positive_rate,2.0,0.07027027027027027,185,10,True,True
manuscript_final_20260712T175251Z_c664ef152ff3,c664ef152ff3a9eef89c53a403b9c2e6f677340bea0307b02d97d07cc54bdfc3,no_salary_hike_no_attrition_no_department_no_job_role,BusinessTravelFrequency,Travel_Frequently,exploratory_operational_subgroup_diagnostic,222,30,True,precision,2.0,0.717391304347826,46,10,True,True
manuscript_final_20260712T175251Z_c664ef152ff3,c664ef152ff3a9eef89c53a403b9c2e6f677340bea0307b02d97d07cc54bdfc3,no_salary_hike_no_attrition_no_department_no_job_role,BusinessTravelFrequency,Travel_Frequently,exploratory_operational_subgroup_diagnostic,222,30,True,mean_predicted_probability,2.0,0.17673926853194233,222,30,True,True
manuscript_final_20260712T175251Z_c664ef152ff3,c664ef152ff3a9eef89c53a403b9c2e6f677340bea0307b02d97d07cc54bdfc3,no_salary_hike_no_attrition_no_department_no_job_role,BusinessTravelFrequency,Travel_Frequently,exploratory_operational_subgroup_diagnostic,222,30,True,positive_prediction_rate,3.0,0.7747747747747747,222,30,True,True
manuscript_final_20260712T175251Z_c664ef152ff3,c664ef152ff3a9eef89c53a403b9c2e6f677340bea0307b02d97d07cc54bdfc3,no_salary_hike_no_attrition_no_department_no_job_role,BusinessTravelFrequency,Travel_Frequently,exploratory_operational_subgroup_diagnostic,222,30,True,true_positive_rate,3.0,0.9090909090909091,154,10,True,True
manuscript_final_20260712T175251Z_c664ef152ff3,c664ef152ff3a9eef89c53a403b9c2e6f677340bea0307b02d97d07cc54bdfc3,no_salary_hike_no_attrition_no_department_no_job_role,BusinessTravelFrequency,Travel_Frequently,exploratory_operational_subgroup_diagnostic,222,30,True,false_positive_rate,3.0,0.47058823529411764,68,10,True,True
manuscript_final_20260712T175251Z_c664ef152ff3,c664ef152ff3a9eef89c53a403b9c2e6f677340bea0307b02d97d07cc54bdfc3,no_salary_hike_no_attrition_no_department_no_job_role,BusinessTravelFrequency,Travel_Frequently,exploratory_operational_subgroup_diagnostic,222,30,True,precision,3.0,0.813953488372093,172,10,True,True
manuscript_final_20260712T175251Z_c664ef152ff3,c664ef152ff3a9eef89c53a403b9c2e6f677340bea0307b02d97d07cc54bdfc3,no_salary_hike_no_attrition_no_department_no_job_role,BusinessTravelFrequency,Travel_Frequently,exploratory_operational_subgroup_diagnostic,222,30,True,mean_predicted_probability,3.0,0.7226023870847516,222,30,True,True
manuscript_final_20260712T175251Z_c664ef152ff3,c664ef152ff3a9eef89c53a403b9c2e6f677340bea0307b02d97d07cc54bdfc3,no_salary_hike_no_attrition_no_department_no_job_role,BusinessTravelFrequency,Travel_Frequently,exploratory_operational_subgroup_diagnostic,222,30,True,positive_prediction_rate,4.0,0.018018018018018018,222,30,True,True
manuscript_final_20260712T175251Z_c664ef152ff3,c664ef152ff3a9eef89c53a403b9c2e6f677340bea0307b02d97d07cc54bdfc3,no_salary_hike_no_attrition_no_department_no_job_role,BusinessTravelFrequency,Travel_Frequently,exploratory_operational_subgroup_diagnostic,222,30,True,true_positive_rate,4.0,0.06451612903225806,31,10,True,True
manuscript_final_20260712T175251Z_c664ef152ff3,c664ef152ff3a9eef89c53a403b9c2e6f677340bea0307b02d97d07cc54bdfc3,no_salary_hike_no_attrition_no_department_no_job_role,BusinessTravelFrequency,Travel_Frequently,exploratory_operational_subgroup_diagnostic,222,30,True,false_positive_rate,4.0,0.010471204188481676,191,10,True,True
manuscript_final_20260712T175251Z_c664ef152ff3,c664ef152ff3a9eef89c53a403b9c2e6f677340bea0307b02d97d07cc54bdfc3,no_salary_hike_no_attrition_no_department_no_job_role,BusinessTravelFrequency,Travel_Frequently,exploratory_operational_subgroup_diagnostic,222,30,True,precision,4.0,0.5,4,10,False,False
manuscript_final_20260712T175251Z_c664ef152ff3,c664ef152ff3a9eef89c53a403b9c2e6f677340bea0307b02d97d07cc54bdfc3,no_salary_hike_no_attrition_no_department_no_job_role,BusinessTravelFrequency,Travel_Frequently,exploratory_operational_subgroup_diagnostic,222,30,True,mean_predicted_probability,4.0,0.10065834185943377,222,30,True,True
manuscript_final_20260712T175251Z_c664ef152ff3,c664ef152ff3a9eef89c53a403b9c2e6f677340bea0307b02d97d07cc54bdfc3,no_salary_hike_no_attrition_no_department_no_job_role,BusinessTravelFrequency,Travel_Rarely,exploratory_operational_subgroup_diagnostic,846,30,True,accuracy,,0.8085106382978723,846,30,True,True
manuscript_final_20260712T175251Z_c664ef152ff3,c664ef152ff3a9eef89c53a403b9c2e6f677340bea0307b02d97d07cc54bdfc3,no_salary_hike_no_attrition_no_department_no_job_role,BusinessTravelFrequency,Travel_Rarely,exploratory_operational_subgroup_diagnostic,846,30,True,macro_f1,,0.5395729426160293,846,30,True,True
manuscript_final_20260712T175251Z_c664ef152ff3,c664ef152ff3a9eef89c53a403b9c2e6f677340bea0307b02d97d07cc54bdfc3,no_salary_hike_no_attrition_no_department_no_job_role,BusinessTravelFrequency,Travel_Rarely,exploratory_operational_subgroup_diagnostic,846,30,True,positive_prediction_rate,2.0,0.18085106382978725,846,30,True,True
manuscript_final_20260712T175251Z_c664ef152ff3,c664ef152ff3a9eef89c53a403b9c2e6f677340bea0307b02d97d07cc54bdfc3,no_salary_hike_no_attrition_no_department_no_job_role,BusinessTravelFrequency,Travel_Rarely,exploratory_operational_subgroup_diagnostic,846,30,True,true_positive_rate,2.0,0.7867647058823529,136,10,True,True
manuscript_final_20260712T175251Z_c664ef152ff3,c664ef152ff3a9eef89c53a403b9c2e6f677340bea0307b02d97d07cc54bdfc3,no_salary_hike_no_attrition_no_department_no_job_role,BusinessTravelFrequency,Travel_Rarely,exploratory_operational_subgroup_diagnostic,846,30,True,false_positive_rate,2.0,0.0647887323943662,710,10,True,True
manuscript_final_20260712T175251Z_c664ef152ff3,c664ef152ff3a9eef89c53a403b9c2e6f677340bea0307b02d97d07cc54bdfc3,no_salary_hike_no_attrition_no_department_no_job_role,BusinessTravelFrequency,Travel_Rarely,exploratory_operational_subgroup_diagnostic,846,30,True,precision,2.0,0.6993464052287581,153,10,True,True
manuscript_final_20260712T175251Z_c664ef152ff3,c664ef152ff3a9eef89c53a403b9c2e6f677340bea0307b02d97d07cc54bdfc3,no_salary_hike_no_attrition_no_department_no_job_role,BusinessTravelFrequency,Travel_Rarely,exploratory_operational_subgroup_diagnostic,846,30,True,mean_predicted_probability,2.0,0.15944084646959986,846,30,True,True
manuscript_final_20260712T175251Z_c664ef152ff3,c664ef152ff3a9eef89c53a403b9c2e6f677340bea0307b02d97d07cc54bdfc3,no_salary_hike_no_attrition_no_department_no_job_role,BusinessTravelFrequency,Travel_Rarely,exploratory_operational_subgroup_diagnostic,846,30,True,positive_prediction_rate,3.0,0.8120567375886525,846,30,True,True
manuscript_final_20260712T175251Z_c664ef152ff3,c664ef152ff3a9eef89c53a403b9c2e6f677340bea0307b02d97d07cc54bdfc3,no_salary_hike_no_attrition_no_department_no_job_role,BusinessTravelFrequency,Travel_Rarely,exploratory_operational_subgroup_diagnostic,846,30,True,true_positive_rate,3.0,0.9202551834130781,627,10,True,True
manuscript_final_20260712T175251Z_c664ef152ff3,c664ef152ff3a9eef89c53a403b9c2e6f677340bea0307b02d97d07cc54bdfc3,no_salary_hike_no_attrition_no_department_no_job_role,BusinessTravelFrequency,Travel_Rarely,exploratory_operational_subgroup_diagnostic,846,30,True,false_positive_rate,3.0,0.502283105022831,219,10,True,True
manuscript_final_20260712T175251Z_c664ef152ff3,c664ef152ff3a9eef89c53a403b9c2e6f677340bea0307b02d97d07cc54bdfc3,no_salary_hike_no_attrition_no_department_no_job_role,BusinessTravelFrequency,Travel_Rarely,exploratory_operational_subgroup_diagnostic,846,30,True,precision,3.0,0.8398835516739447,687,10,True,True
manuscript_final_20260712T175251Z_c664ef152ff3,c664ef152ff3a9eef89c53a403b9c2e6f677340bea0307b02d97d07cc54bdfc3,no_salary_hike_no_attrition_no_department_no_job_role,BusinessTravelFrequency,Travel_Rarely,exploratory_operational_subgroup_diagnostic,846,30,True,mean_predicted_probability,3.0,0.7572498784068065,846,30,True,True
manuscript_final_20260712T175251Z_c664ef152ff3,c664ef152ff3a9eef89c53a403b9c2e6f677340bea0307b02d97d07cc54bdfc3,no_salary_hike_no_attrition_no_department_no_job_role,BusinessTravelFrequency,Travel_Rarely,exploratory_operational_subgroup_diagnostic,846,30,True,positive_prediction_rate,4.0,0.0070921985815602835,846,30,True,True
manuscript_final_20260712T175251Z_c664ef152ff3,c664ef152ff3a9eef89c53a403b9c2e6f677340bea0307b02d97d07cc54bdfc3,no_salary_hike_no_attrition_no_department_no_job_role,BusinessTravelFrequency,Travel_Rarely,exploratory_operational_subgroup_diagnostic,846,30,True,true_positive_rate,4.0,0.0,83,10,True,True
manuscript_final_20260712T175251Z_c664ef152ff3,c664ef152ff3a9eef89c53a403b9c2e6f677340bea0307b02d97d07cc54bdfc3,no_salary_hike_no_attrition_no_department_no_job_role,BusinessTravelFrequency,Travel_Rarely,exploratory_operational_subgroup_diagnostic,846,30,True,false_positive_rate,4.0,0.007863695937090432,763,10,True,True
manuscript_final_20260712T175251Z_c664ef152ff3,c664ef152ff3a9eef89c53a403b9c2e6f677340bea0307b02d97d07cc54bdfc3,no_salary_hike_no_attrition_no_department_no_job_role,BusinessTravelFrequency,Travel_Rarely,exploratory_operational_subgroup_diagnostic,846,30,True,precision,4.0,0.0,6,10,False,False
manuscript_final_20260712T175251Z_c664ef152ff3,c664ef152ff3a9eef89c53a403b9c2e6f677340bea0307b02d97d07cc54bdfc3,no_salary_hike_no_attrition_no_department_no_job_role,BusinessTravelFrequency,Travel_Rarely,exploratory_operational_subgroup_diagnostic,846,30,True,mean_predicted_probability,4.0,0.08330927584204717,846,30,True,True
