bin,bin_low,bin_high,n_samples,mean_confidence,accuracy
1,0.0,0.1,0,,
2,0.1,0.2,0,,
3,0.2,0.30000000000000004,0,,
4,0.30000000000000004,0.4,0,,
5,0.4,0.5,0,,
6,0.5,0.6000000000000001,4,0.5774570197472789,0.75
7,0.6000000000000001,0.7000000000000001,3,0.6565822103608266,1.0
8,0.7000000000000001,0.8,6,0.7450969188046375,0.6666666666666666
9,0.8,0.9,15,0.8644922340969642,0.8666666666666667
10,0.9,1.0,212,0.9878915088721021,0.8584905660377359
