,precision,recall,f1-score,support
2,0.9166666666666666,0.8461538461538461,0.88,39.0
3,0.8431372549019608,0.9828571428571429,0.9076517150395779,175.0
4,0.0,0.0,0.0,26.0
accuracy,0.8541666666666666,0.8541666666666666,0.8541666666666666,0.8541666666666666
macro avg,0.5866013071895425,0.6096703296703296,0.5958839050131927,240.0
weighted avg,0.7637459150326797,0.8541666666666666,0.8048293755496921,240.0
