fold_a,fold_b,spearman_rank_correlation
1,2,0.8469565217391304
1,3,0.9269565217391305
1,4,0.8591304347826085
1,5,0.7947826086956521
2,3,0.8530434782608695
2,4,0.8078260869565217
2,5,0.7826086956521738
3,4,0.8669565217391304
3,5,0.8834782608695652
4,5,0.9304347826086956
