,precision,recall,f1-score,support
2,0.717391304347826,0.8461538461538461,0.7764705882352941,39.0
3,0.8350515463917526,0.9257142857142857,0.8780487804878049,175.0
4,0.0,0.0,0.0,26.0
accuracy,0.8125,0.8125,0.8125,0.8125
macro avg,0.5174809502465262,0.5906227106227107,0.551506456241033,240.0
weighted avg,0.7254678395338414,0.8125,0.7664203730272596,240.0
