bin,bin_low,bin_high,n_samples,mean_confidence,accuracy
1,0.0,0.1,0,,
2,0.1,0.2,0,,
3,0.2,0.30000000000000004,0,,
4,0.30000000000000004,0.4,0,,
5,0.4,0.5,0,,
6,0.5,0.6000000000000001,3,0.5472548273353334,0.6666666666666666
7,0.6000000000000001,0.7000000000000001,3,0.6606317235850795,0.3333333333333333
8,0.7000000000000001,0.8,10,0.7520487927674049,0.9
9,0.8,0.9,13,0.853430911795783,0.9230769230769231
10,0.9,1.0,211,0.9868486205518756,0.8578199052132701
