bin,bin_low,bin_high,n_samples,mean_confidence,accuracy
1,0.0,0.1,0,,
2,0.1,0.2,0,,
3,0.2,0.30000000000000004,0,,
4,0.30000000000000004,0.4,0,,
5,0.4,0.5,1,0.49356338381767273,0.0
6,0.5,0.6000000000000001,5,0.5251253247261047,1.0
7,0.6000000000000001,0.7000000000000001,10,0.667627215385437,0.7
8,0.7000000000000001,0.8,30,0.7599995732307434,0.8
9,0.8,0.9,59,0.8521008491516113,0.9322033898305084
10,0.9,1.0,135,0.9527232050895691,0.8444444444444444
