bin,bin_low,bin_high,n_samples,mean_confidence,accuracy
1,0.0,0.1,0,,
2,0.1,0.2,0,,
3,0.2,0.30000000000000004,0,,
4,0.30000000000000004,0.4,0,,
5,0.4,0.5,0,,
6,0.5,0.6000000000000001,6,0.5467142462730408,0.6666666666666666
7,0.6000000000000001,0.7000000000000001,18,0.6715099811553955,0.7222222222222222
8,0.7000000000000001,0.8,23,0.7563719749450684,0.8260869565217391
9,0.8,0.9,65,0.8557097911834717,0.8769230769230769
10,0.9,1.0,128,0.9497572183609009,0.859375
