{
  "n_samples": 100,
  "validity_rate": 0.97,
  "mean_probability_gain": 0.5095484245547545,
  "mean_best_cost": 2.302151343349833,
  "mean_best_num_changes": 1.3505154639175259
}