bin,bin_low,bin_high,n_samples,mean_confidence,accuracy
1,0.0,0.1,0,,
2,0.1,0.2,0,,
3,0.2,0.30000000000000004,0,,
4,0.30000000000000004,0.4,0,,
5,0.4,0.5,0,,
6,0.5,0.6000000000000001,17,0.5424763399419315,0.4117647058823529
7,0.6000000000000001,0.7000000000000001,16,0.6454812109816279,0.6875
8,0.7000000000000001,0.8,47,0.7561334524830987,0.8297872340425532
9,0.8,0.9,104,0.8571600896506134,0.8365384615384616
10,0.9,1.0,56,0.9224281719779326,0.8571428571428571
