metric,mean,std
accuracy,0.9824999999999999,0.00950146187582617
balanced_accuracy,0.981974051708067,0.015443491788476503
macro_f1,0.9723854069988519,0.013044933931867364
