fold,accuracy,balanced_accuracy,macro_f1
1,0.9958333333333333,0.9848484848484849,0.9909597393041102
2,0.9791666666666666,0.9886601307189542,0.9673417839211553
3,0.9708333333333333,0.9548692810457516,0.9552819958392713
4,0.9791666666666666,0.9882491186839012,0.9717917917917918
5,0.9875,0.9932432432432433,0.976551724137931
