,precision,recall,f1-score,support
2,0.7073170731707317,0.7435897435897436,0.725,39.0
3,0.8190954773869347,0.9314285714285714,0.8716577540106952,175.0
4,0.0,0.0,0.0,26.0
accuracy,0.8,0.8,0.8,0.8
macro avg,0.5088041835192221,0.5583394383394383,0.5322192513368984,240.0
weighted avg,0.7121961433182171,0.8,0.753396278966132,240.0
