dataset,target_kind,task_type,policy,model,n_rows,n_features,labels,accuracy,balanced_accuracy,macro_f1,weighted_f1,macro_precision,weighted_precision,macro_recall,weighted_recall,ordinal_mae,quadratic_weighted_kappa,adjacent_accuracy,severe_error_rate,nll_log_loss,multiclass_brier,ece_confidence
ibm_hr_analytics,attrition,binary_attrition,department_including,xgboost,1470,25,0;1,0.8693877551020408,0.6443582083423163,0.6807239819004525,0.8470152368639764,0.7996036959964773,0.8545917678866206,0.6443582083423163,0.8693877551020408,0.1306122448979592,0.37416015858866736,1.0,0.0,0.3546755499671802,0.20384715710405527,0.04147436153818157
ibm_hr_analytics,attrition,binary_attrition,department_free,xgboost,1470,24,0;1,0.8687074829931973,0.6388401244263759,0.6748961526341422,0.8449719984822646,0.8017492711370262,0.8540965074076279,0.6388401244263759,0.8687074829931973,0.13129251700680272,0.36387607119314436,1.0,0.0,0.35602249979679906,0.20416638797653894,0.03877031706895432
ibm_hr_analytics,attrition,binary_attrition,department_job_role_free,xgboost,1470,19,0;1,0.8639455782312925,0.6530434157709405,0.684967146573857,0.8458538956088804,0.766007434944238,0.8459634929064563,0.6530434157709405,0.8639455782312925,0.1360544217687075,0.3782909344667893,1.0,0.0,0.36877852122166643,0.2122143449025175,0.046653835087113134
